Date,HomeTeam,AwayTeam,FTHG,FTAG,FTR,HTHG,HTAG,HTR,HS,AS,HST,AST,HC,AC,HF,AF,Time,AHh,B365AHH,B365AHA,PAHH,PAHA,MaxH,MaxD,MaxA,AvgH,AvgD,AvgA,HY,AY,HR,AR,B365H,B365D,B365A,BWH,BWD,BWA,IWH,IWD,IWA,PSH,PSD,PSA,B365_over25,B365_under25,P_over25,P_under25,Avg_over25,Avg_under25,season,league,xg_home,xg_away,elo_home,elo_away,elo_diff,home_corner_ema,away_corner_ema,home_shots_ema,away_shots_ema,home_xg_avg,away_xg_avg,home_xg_conceded_avg,away_xg_conceded_avg,home_bigchances_avg,away_bigchances_avg,home_corners_avg,away_corners_avg,home_crosses_avg,away_crosses_avg,home_shots_avg,away_shots_avg,home_possession_avg,away_possession_avg,home_saves_avg,away_saves_avg,home_fouls_avg,away_fouls_avg,home_sprints_avg,away_sprints_avg
2021-08-21,Inter,Genoa,4,0,H,2,0,H,17,11,8,5,8,2,18,7,17:30,-1.25,1.75,2.05,1.81,2.11,1.4,5.5,10.0,1.35,5.16,8.94,1,2,0,0,1.33,5.25,9.0,1.33,5.5,8.5,1.37,5.25,8.0,1.36,5.37,9.65,1.66,2.2,1.67,2.33,1.63,2.28,2021-22,Serie A,2.20707,0.967177,,1605.60009766,,,,,,,,,,3.0,0.8,7.0,2.4,5.8,3.0,19.4,7.2,59.8,46.6,3.0,3.6,13.0,12.6,,
2021-08-21,Verona,Sassuolo,2,3,A,0,1,A,12,15,4,8,7,4,11,12,17:30,0.0,1.93,2.0,1.93,1.99,2.74,3.55,2.79,2.61,3.43,2.69,3,2,1,0,2.62,3.3,2.62,2.55,3.5,2.7,2.6,3.45,2.7,2.66,3.55,2.75,1.9,2.03,1.87,2.04,1.85,1.98,2021-22,Serie A,2.25155,1.86679,1586.01818848,1698.12451172,-112.10632324000017,,,,,,,,,,1.6,,4.6,,3.0,,12.2,,53.2,,2.0,,12.0,,
2021-08-21,Empoli,Lazio,1,3,A,1,3,A,16,8,5,5,5,3,13,10,19:45,0.75,1.98,1.95,1.97,1.94,5.01,4.03,1.79,4.71,3.9,1.73,2,1,0,0,4.6,4.0,1.7,4.6,3.9,1.75,4.6,3.95,1.7,5.01,4.02,1.74,1.72,2.1,1.75,2.19,1.72,2.15,2021-22,Serie A,1.13436,1.78152,1544.4050293,1733.10595703,-188.70092772999988,,,,,,,,,1.2,2.2,6.0,1.8,3.4,0.6,14.0,7.0,48.0,45.0,5.6,3.2,13.0,12.2,,
2021-08-21,Torino,Atalanta,1,2,A,0,1,A,19,6,8,2,5,1,17,13,19:45,1.0,1.89,2.04,1.88,2.06,5.75,4.48,1.65,5.43,4.23,1.6,2,2,0,0,5.5,4.33,1.55,5.0,4.25,1.62,5.25,4.3,1.6,5.5,4.25,1.65,1.57,2.37,1.61,2.46,1.57,2.43,2021-22,Serie A,0.864837,1.01343,1586.97180176,1837.42102051,-250.44921875,,,,,,,,,2.6,2.0,3.8,5.4,3.6,4.6,12.8,15.2,54.4,51.0,3.4,1.6,15.6,15.2,,
2021-08-22,Bologna,Salernitana,3,2,H,0,0,D,18,8,7,4,9,4,13,15,17:30,-0.75,1.85,2.08,1.84,2.1,1.7,4.29,5.75,1.65,4.04,5.15,6,3,2,1,1.65,4.0,5.0,1.67,4.0,5.0,1.63,4.1,5.25,1.65,4.29,5.42,1.8,2.0,1.8,2.11,1.81,2.02,2021-22,Serie A,1.72577,1.63711,1594.2980957,1485.28222656,109.01586913999996,,,,,,,,,0.8,0.2,6.6,4.0,4.2,4.6,11.0,10.4,52.4,39.2,3.6,3.6,9.0,11.4,,
2021-08-22,Udinese,Juventus,2,2,D,0,2,A,11,11,6,4,3,3,11,12,17:30,1.0,2.05,1.75,2.15,1.79,8.0,4.5,1.53,7.21,4.35,1.47,1,3,0,0,7.5,4.33,1.45,7.5,4.5,1.44,7.5,4.4,1.45,7.59,4.48,1.49,1.72,2.1,1.79,2.13,1.77,2.08,2021-22,Serie A,2.08573,1.49379,1591.6270752,1849.92272949,-258.2956542899999,,,,,,,,,1.8,2.2,4.2,4.4,3.2,3.8,13.4,15.0,37.6,54.6,3.0,2.0,15.4,12.2,,
2021-08-22,Napoli,Venezia,2,0,H,0,0,D,13,8,4,4,2,2,5,22,19:45,-1.75,1.89,2.04,1.87,2.05,1.28,6.8,13.0,1.24,6.38,11.79,1,7,1,0,1.22,6.5,12.0,1.25,6.25,11.0,1.25,6.5,11.0,1.25,6.67,12.08,1.44,2.75,1.44,2.91,1.44,2.78,2021-22,Serie A,2.39159,0.60988,1804.35021973,1494.85656738,309.49365235000005,,,,,,,,,1.2,1.0,4.8,2.6,3.2,3.4,19.4,8.4,59.8,39.8,2.6,4.6,14.0,12.6,,
2021-08-22,Roma,Fiorentina,3,1,H,1,0,H,11,11,6,8,4,4,12,14,19:45,-0.75,2.02,1.91,2.02,1.9,1.82,4.03,4.75,1.77,3.85,4.5,3,2,1,1,1.72,3.8,4.75,1.72,4.0,4.6,1.75,3.95,4.3,1.81,3.96,4.59,1.66,2.2,1.72,2.23,1.68,2.2,2021-22,Serie A,2.75414,0.867167,1741.82531738,1629.33190918,112.49340819999998,,,,,,,,,2.0,1.4,5.4,4.6,4.2,6.0,13.6,9.4,41.2,55.0,1.8,1.8,12.4,12.6,,
2021-08-23,Cagliari,Spezia,2,2,D,0,1,A,16,13,10,6,11,4,17,17,17:30,-0.5,1.99,1.94,1.97,1.95,2.07,3.78,4.1,1.98,3.61,3.78,2,3,0,0,1.95,3.4,4.0,2.0,3.7,3.6,1.95,3.65,3.8,1.97,3.78,3.97,1.9,1.9,1.88,2.03,1.85,1.97,2021-22,Serie A,3.28935,1.03088,1589.3737793,1542.95117188,46.42260742000008,,,,,,,,,1.4,0.8,4.0,4.6,6.0,4.0,10.6,9.0,47.8,50.0,2.4,5.2,12.8,11.4,,
2021-08-23,Sampdoria,Milan,0,1,A,0,1,A,11,10,3,4,8,3,16,14,19:45,0.5,1.95,1.98,1.94,1.98,4.33,3.6,2.05,4.02,3.5,1.96,3,1,0,0,4.0,3.6,1.9,4.33,3.5,1.87,3.85,3.6,1.95,4.23,3.55,1.98,1.8,2.0,1.81,2.09,1.79,2.05,2021-22,Serie A,,,1644.00366211,1803.5604248,-159.5567626899999,,,,,,,,,2.0,1.8,4.8,4.0,5.4,4.8,13.8,14.0,45.0,58.4,2.2,3.4,12.6,12.8,,
2021-08-27,Udinese,Venezia,3,0,H,1,0,H,18,8,10,3,7,2,11,8,17:30,-0.75,2.0,1.93,2.0,1.92,1.85,3.82,5.31,1.77,3.67,4.95,2,3,0,0,1.7,3.75,5.0,1.75,3.6,5.0,1.75,3.65,4.9,1.75,3.82,5.24,2.1,1.72,2.13,1.79,2.1,1.76,2021-22,Serie A,3.01783,0.908926,1598.27722168,1493.74328613,104.53393555000002,3.0,2.0,11.0,8.0,,,,,1.8,1.0,4.2,2.6,3.2,3.4,13.4,8.4,37.6,39.8,3.0,4.6,15.4,12.6,,
2021-08-27,Verona,Inter,1,3,A,1,0,H,4,15,1,8,6,4,13,12,19:45,1.0,1.87,2.06,1.88,2.06,6.0,4.35,1.69,5.58,4.17,1.61,2,2,0,0,5.5,4.33,1.55,5.5,4.33,1.57,5.25,4.1,1.63,5.81,4.14,1.64,1.66,2.2,1.73,2.22,1.7,2.18,2021-22,Serie A,0.603998,1.8369,1580.9276123,,,7.0,,12.0,,,,,,,4.0,,7.4,,8.0,,18.8,,61.2,,2.0,,9.2,,
2021-08-28,Fiorentina,Torino,2,1,H,1,0,H,10,4,7,1,3,3,13,28,19:45,-0.25,1.93,2.0,1.89,2.03,2.3,3.59,3.51,2.21,3.45,3.31,4,5,0,0,2.2,3.4,3.25,2.2,3.4,3.3,2.2,3.45,3.3,2.2,3.56,3.5,1.8,2.0,1.85,2.06,1.81,2.03,2021-22,Serie A,0.53999,0.293784,1624.35327148,1584.87341309,39.47985839000012,,,,,,,,,3.2,1.4,5.0,4.6,6.2,6.2,18.6,11.4,57.4,56.4,3.2,1.4,7.4,18.6,,
2021-08-28,Juventus,Empoli,0,1,A,0,1,A,20,9,6,3,8,9,11,6,19:45,-1.75,2.03,1.9,2.04,1.87,1.31,6.64,13.0,1.26,6.25,11.51,2,3,0,0,1.22,6.5,12.0,1.25,6.25,11.0,1.3,6.0,9.5,1.27,6.35,11.86,1.44,2.75,1.49,2.72,1.47,2.68,2021-22,Serie A,1.81566,1.10327,1845.49584961,1539.30334473,306.1925048800001,,,,,,,,,1.6,1.0,4.0,5.6,4.0,4.0,15.0,14.6,56.6,49.8,1.4,3.4,16.4,12.0,,
2021-08-28,Lazio,Spezia,6,1,H,3,1,H,18,5,10,2,4,2,12,9,17:30,-1.5,2.01,1.92,1.98,1.93,1.41,5.65,10.0,1.36,5.23,8.74,0,2,0,1,1.33,4.75,9.5,1.36,5.0,8.75,1.35,5.5,8.0,1.36,5.48,9.14,1.53,2.5,1.54,2.64,1.54,2.51,2021-22,Serie A,2.71713,0.735352,1740.43066406,1546.61499023,193.81567382999992,,4.0,,13.0,,,,,1.8,0.8,4.2,4.6,2.8,4.0,10.6,9.0,57.0,50.0,1.2,5.2,11.0,11.4,,
2021-08-28,Atalanta,Bologna,0,0,D,0,0,D,21,3,3,1,5,5,11,14,17:30,-1.5,1.92,2.01,1.89,2.03,1.37,6.0,9.75,1.33,5.59,8.73,2,5,0,0,1.33,5.5,8.0,1.33,5.75,8.25,1.33,5.75,7.75,1.34,5.86,9.29,1.36,3.2,1.41,3.1,1.39,2.99,2021-22,Serie A,0.989249,0.41987,1841.74243164,1599.85192871,241.8905029299999,,,,,,,,,1.8,2.0,5.2,4.2,4.8,1.6,15.8,14.2,61.2,51.4,2.8,3.8,12.0,11.6,,
2021-08-29,Genoa,Napoli,1,2,A,0,1,A,7,12,3,8,4,5,17,15,17:30,1.0,1.99,1.94,1.97,1.95,6.5,4.65,1.61,6.06,4.31,1.55,2,3,0,0,6.0,4.5,1.5,6.0,4.33,1.53,5.75,4.4,1.55,6.27,4.36,1.57,1.66,2.2,1.55,2.46,1.65,2.26,2021-22,Serie A,0.339332,1.15407,1603.30322266,1807.68652344,-204.3833007799999,,,,,,,,,1.2,1.4,6.0,3.6,3.8,3.4,12.2,11.6,48.2,56.2,2.4,2.8,12.8,15.2,,
2021-08-29,Sassuolo,Sampdoria,0,0,D,0,0,D,19,13,6,3,8,6,9,14,17:30,-0.5,2.03,1.87,2.02,1.9,2.07,4.12,3.76,2.02,3.68,3.61,2,2,0,0,2.0,3.6,3.6,2.0,3.6,3.7,2.0,3.75,3.45,2.02,3.83,3.74,1.61,2.3,1.65,2.38,1.61,2.34,2021-22,Serie A,1.22815,0.577075,1705.43823242,1640.04711914,65.39111328000013,,,,,,,,,2.0,1.6,5.2,5.2,4.2,4.8,15.0,12.0,58.2,45.6,2.0,2.4,11.8,15.6,,
2021-08-29,Milan,Cagliari,4,1,H,4,1,H,17,6,5,2,8,3,12,11,19:45,-1.25,2.02,1.91,2.01,1.92,1.46,5.0,8.0,1.44,4.74,7.29,1,5,0,0,1.44,4.5,7.0,1.42,4.75,7.5,1.45,4.8,6.5,1.43,4.99,7.94,1.57,2.37,1.54,2.49,1.59,2.36,2021-22,Serie A,,,1809.73999023,1587.9329834,221.8070068300001,,,,,,,,,1.4,0.2,5.4,1.8,4.6,2.8,15.0,8.0,53.0,34.6,1.8,4.4,14.0,11.8,,
2021-08-29,Salernitana,Roma,0,4,A,0,0,D,4,21,0,10,1,10,12,11,19:45,1.0,1.92,2.01,1.93,2.0,6.0,4.59,1.65,5.55,4.24,1.6,2,2,0,0,5.5,4.33,1.55,5.5,4.25,1.57,5.25,4.3,1.6,5.85,4.28,1.61,1.57,2.37,1.65,2.37,1.59,2.39,2021-22,Serie A,0.221399,1.88679,1481.95153809,1752.15258789,-270.20104979999996,,,,,,,,,1.2,2.8,6.2,6.2,5.0,7.6,10.6,17.8,42.4,53.0,3.4,3.4,11.2,16.2,,
2021-09-11,Empoli,Venezia,1,2,A,0,1,A,17,10,6,3,8,2,12,21,14:00,-0.5,1.83,2.1,1.84,2.1,1.89,4.1,4.4,1.83,3.83,4.23,2,5,0,0,1.8,3.8,4.2,1.83,3.7,4.33,1.8,3.85,4.2,1.84,4.05,4.27,1.8,2.0,1.81,2.11,1.79,2.06,2021-22,Serie A,1.88537,2.43118,1554.8762207,1485.83251953,69.04370117000008,5.0,2.0,16.0,8.0,,,,,1.2,1.0,6.0,2.6,3.4,3.4,14.0,8.4,48.0,39.8,5.6,4.6,13.0,12.6,,
2021-09-11,Napoli,Juventus,2,1,H,0,1,A,24,7,7,4,13,1,14,16,17:00,-0.25,2.13,1.81,2.16,1.78,2.52,3.65,3.02,2.43,3.47,2.89,2,1,0,0,2.4,3.6,2.8,2.4,3.5,2.85,2.45,3.45,2.85,2.51,3.57,2.91,1.91,1.99,1.91,2.0,1.88,1.94,2021-22,Serie A,2.18708,1.56057,1811.83276367,1829.92297363,-18.09020995999981,2.0,3.0,13.0,11.0,,,,,1.2,2.2,4.8,4.4,3.2,3.8,19.4,15.0,59.8,54.6,2.6,2.0,14.0,12.2,,
2021-09-11,Atalanta,Fiorentina,1,2,A,0,1,A,10,7,5,2,10,3,14,19,19:45,-1.0,2.0,1.93,1.99,1.93,1.63,4.51,6.4,1.58,4.21,5.69,5,4,0,0,1.55,4.33,5.5,1.6,4.1,5.5,1.6,4.3,5.25,1.6,4.25,6.05,1.53,2.5,1.54,2.63,1.52,2.54,2021-22,Serie A,2.11526,1.81465,1834.9576416,1630.19775391,204.7598876899999,5.0,4.0,21.0,11.0,,,,,1.8,1.4,5.2,4.6,4.8,6.0,15.8,9.4,61.2,55.0,2.8,1.8,12.0,12.6,,
2021-09-12,Milan,Lazio,2,0,H,1,0,H,17,7,3,5,5,1,9,18,17:00,-0.25,1.95,1.98,1.93,2.0,2.31,3.65,3.43,2.21,3.55,3.22,1,4,0,0,2.2,3.6,3.1,2.2,3.5,3.1,2.2,3.55,3.2,2.22,3.64,3.36,1.66,2.2,1.69,2.29,1.66,2.26,2021-22,Serie A,,,1814.10266113,1746.71520996,67.38745116999985,8.0,3.0,17.0,8.0,,,,,1.4,2.2,5.4,1.8,4.6,0.6,15.0,7.0,53.0,45.0,1.8,3.2,14.0,12.2,,
2021-09-12,Torino,Salernitana,4,0,H,1,0,H,15,7,7,2,7,4,10,11,14:00,-1.0,2.08,1.85,2.09,1.85,1.65,4.28,6.5,1.6,4.08,5.79,0,2,0,0,1.57,4.2,5.75,1.6,4.1,5.5,1.6,4.1,5.75,1.61,4.18,6.05,1.8,2.0,1.87,2.05,1.83,2.01,2021-22,Serie A,2.9969,0.252452,1579.02893066,1476.00476074,103.02416992000008,5.0,4.0,19.0,8.0,,,,,2.6,0.2,3.8,4.0,3.6,4.6,12.8,10.4,54.4,39.2,3.4,3.6,15.6,11.4,,
2021-09-12,Roma,Sassuolo,2,1,H,1,0,H,19,13,9,7,4,6,7,11,19:45,-1.0,1.99,1.94,1.98,1.94,1.63,5.0,5.75,1.59,4.71,5.01,2,1,0,0,1.57,4.75,5.0,1.57,4.75,5.0,1.6,4.7,4.9,1.61,5.0,4.94,1.44,2.75,1.48,2.8,1.46,2.71,2021-22,Serie A,2.32713,2.09991,1758.09936523,1702.41882324,55.680541990000165,4.0,4.0,11.0,15.0,,,,,2.0,1.6,5.4,4.6,4.2,3.0,13.6,12.2,41.2,53.2,1.8,2.0,12.4,12.0,,
2021-09-12,Cagliari,Genoa,2,3,A,1,0,H,8,9,3,3,2,6,15,15,14:00,-0.25,1.83,2.1,1.84,2.1,2.25,3.72,3.96,2.11,3.43,3.59,2,3,0,0,2.0,3.5,3.75,2.1,3.25,3.7,2.1,3.4,3.55,2.14,3.47,3.73,1.9,1.9,1.9,2.01,1.86,1.98,2021-22,Serie A,1.83111,1.25494,1583.5703125,1599.15710449,-15.586791989999938,11.0,2.0,16.0,11.0,,,,,1.4,0.8,4.0,2.4,6.0,3.0,10.6,7.2,47.8,46.6,2.4,3.6,12.8,12.6,,
2021-09-12,Spezia,Udinese,0,1,A,0,0,D,20,8,5,4,4,5,12,14,14:00,0.25,1.93,2.0,1.93,1.99,3.29,3.62,2.49,3.12,3.45,2.31,1,2,0,0,3.2,3.4,2.3,3.2,3.5,2.2,3.1,3.45,2.3,3.23,3.59,2.3,1.9,1.9,1.93,1.97,1.91,1.91,2021-22,Serie A,0.788419,0.78059,1540.33044434,1606.18798828,-65.85754393999991,,,,,,,,,2.2,2.0,2.6,4.6,3.8,2.4,10.2,13.6,40.0,41.2,3.2,2.4,14.6,14.2,,
2021-09-12,Sampdoria,Inter,2,2,D,1,2,A,12,8,3,3,4,4,12,13,11:30,0.75,2.08,1.85,2.07,1.86,5.5,4.32,1.74,5.04,4.07,1.66,4,4,0,0,5.0,4.0,1.61,4.75,4.1,1.67,4.9,4.1,1.65,5.21,4.17,1.68,1.66,2.2,1.71,2.24,1.67,2.23,2021-22,Serie A,1.46613,0.965476,1643.06640625,,,8.0,4.0,11.0,15.0,,,,,2.0,4.0,4.8,7.4,5.4,8.0,13.8,18.8,45.0,61.2,2.2,2.0,12.6,9.2,,
2021-09-13,Bologna,Verona,1,0,H,0,0,D,13,5,4,1,6,2,14,21,19:45,-0.25,1.87,2.06,1.91,2.02,2.23,3.85,3.4,2.14,3.68,3.26,1,3,0,0,2.1,3.7,3.2,2.1,3.7,3.3,2.15,3.65,3.2,2.19,3.83,3.29,1.66,2.2,1.7,2.26,1.68,2.21,2021-22,Serie A,1.25512,0.315142,1606.63659668,1577.63842773,28.99816894999981,9.0,,18.0,,,,,,0.8,,6.6,,4.2,,11.0,,52.4,,3.6,,9.0,,,
2021-09-17,Sassuolo,Torino,0,1,A,0,0,D,9,18,1,6,6,3,7,20,19:45,-0.75,2.04,1.89,2.04,1.89,1.85,4.06,4.53,1.8,3.95,4.29,0,4,0,0,1.72,4.0,4.33,1.8,3.8,4.33,1.77,4.0,4.1,1.81,4.02,4.48,1.53,2.5,1.58,2.53,1.54,2.48,2021-22,Serie A,0.79628,2.48473,1693.98071289,1585.13317871,108.84753417999993,8.0,3.0,19.0,4.0,,,,,2.0,1.4,5.2,4.6,4.2,6.2,15.0,11.4,58.2,56.4,2.0,1.4,11.8,18.6,,
2021-09-18,Genoa,Fiorentina,1,2,A,0,0,D,9,16,3,5,1,11,13,16,14:00,0.25,1.99,1.94,2.01,1.91,3.56,3.45,2.29,3.4,3.34,2.23,4,4,0,0,3.3,3.3,2.25,3.4,3.3,2.2,3.35,3.35,2.2,3.56,3.42,2.23,1.9,1.9,1.94,1.96,1.91,1.92,2021-22,Serie A,1.28373,1.12359,1604.88208008,1640.98413086,-36.10205078000013,4.0,3.666666666666667,7.0,9.666666666666668,,,,,1.2,1.4,6.0,4.6,3.8,6.0,12.2,9.4,48.2,55.0,2.4,1.8,12.8,12.6,,
2021-09-18,Inter,Bologna,6,1,H,3,0,H,19,7,11,2,5,1,10,9,17:00,-1.5,2.07,1.86,2.05,1.88,1.58,5.4,9.0,1.39,5.05,8.04,0,3,0,0,1.36,5.0,8.5,1.36,5.25,7.75,1.37,5.25,7.5,1.4,5.3,8.33,1.53,2.5,1.57,2.54,1.55,2.46,2021-22,Serie A,4.28011,0.855616,,1609.8079834,,8.0,5.0,17.0,3.0,,,,,3.0,2.0,7.0,4.2,5.8,1.6,19.4,14.2,59.8,51.4,3.0,3.8,13.0,11.6,,
2021-09-18,Salernitana,Atalanta,0,1,A,0,0,D,11,10,1,3,6,4,21,13,19:45,1.5,2.05,1.88,2.05,1.88,11.5,5.95,1.34,10.01,5.56,1.31,4,4,0,0,10.0,5.5,1.3,10.5,5.5,1.3,9.5,5.75,1.3,9.79,5.69,1.34,1.53,2.5,1.54,2.63,1.53,2.51,2021-22,Serie A,0.792486,1.38299,1463.87561035,1820.28308105,-356.4074707,1.0,1.0,4.0,6.0,,,,,1.2,2.0,6.2,5.4,5.0,4.6,10.6,15.2,42.4,51.0,3.4,1.6,11.2,15.2,,
2021-09-19,Empoli,Sampdoria,0,3,A,0,1,A,15,14,4,7,8,8,10,10,11:30,0.0,1.94,1.99,1.93,2.0,2.66,3.75,2.74,2.59,3.59,2.63,2,2,0,0,2.55,3.6,2.6,2.65,3.4,2.65,2.55,3.6,2.6,2.6,3.75,2.69,1.72,2.1,1.74,2.2,1.73,2.13,2021-22,Serie A,0.927264,1.34865,1540.86230469,1645.7064209,-104.84411621000004,6.0,6.0,16.333333333333336,13.0,,,,,1.2,1.6,6.0,5.2,3.4,4.8,14.0,12.0,48.0,45.6,5.6,2.4,13.0,15.6,,
2021-09-19,Venezia,Spezia,1,2,A,0,1,A,14,12,3,3,3,10,13,10,14:00,0.0,1.8,2.14,1.79,2.14,2.55,3.66,2.98,2.45,3.47,2.87,4,1,0,0,2.45,3.4,2.9,2.55,3.3,2.85,2.4,3.5,2.85,2.47,3.59,2.95,1.72,2.1,1.74,2.21,1.73,2.13,2021-22,Serie A,0.805717,0.478482,1493.8215332,1529.91235352,-36.09082031999992,,3.3333333333333335,,10.333333333333334,,,,,1.8,0.8,3.0,4.6,3.6,4.0,9.8,9.0,42.4,50.0,5.8,5.2,14.2,11.4,,
2021-09-19,Lazio,Cagliari,2,2,D,1,0,H,28,10,10,3,10,1,3,11,17:00,-1.25,2.01,1.92,1.98,1.94,1.48,5.0,8.0,1.45,4.72,6.9,1,3,0,1,1.44,4.75,7.0,1.44,4.75,6.75,1.45,4.7,6.75,1.46,4.97,7.24,1.57,2.37,1.58,2.53,1.55,2.45,2021-22,Serie A,1.72557,1.91594,1725.89013672,1571.82043457,154.06970215,4.0,3.0,18.0,6.0,,,,,1.8,0.2,4.2,1.8,2.8,2.8,10.6,8.0,57.0,34.6,1.2,4.4,11.0,11.8,,
2021-09-19,Verona,Roma,3,2,H,0,1,A,10,15,6,2,3,8,14,13,17:00,0.5,2.04,1.89,2.07,1.86,4.2,4.02,1.92,4.03,3.85,1.87,4,2,0,0,4.0,3.8,1.83,3.8,3.75,1.91,4.0,3.85,1.83,4.2,4.02,1.86,1.72,2.1,1.72,2.23,1.7,2.18,2021-22,Serie A,1.02132,0.661729,1568.44213867,1764.09631348,-195.65417480999983,6.666666666666667,10.0,9.333333333333334,21.0,,,,,,2.8,,6.2,,7.6,,17.8,,53.0,,3.4,,16.2,,
2021-09-19,Juventus,Milan,1,1,D,1,0,H,9,13,4,3,4,4,13,16,19:45,-0.25,1.84,2.09,1.85,2.09,2.21,3.75,3.66,2.13,3.55,3.43,1,1,0,0,2.1,3.4,3.5,2.15,3.4,3.4,2.1,3.55,3.4,2.13,3.69,3.55,1.72,2.1,1.79,2.12,1.78,2.05,2021-22,Serie A,,,1826.78051758,1815.09191895,11.688598629999888,8.0,3.0,20.0,10.0,,,,,1.6,1.8,4.0,4.0,4.0,4.8,15.0,14.0,56.6,58.4,1.4,3.4,16.4,12.8,,
2021-09-20,Udinese,Napoli,0,4,A,0,2,A,9,18,1,8,2,5,10,11,19:45,0.5,2.04,1.89,2.07,1.86,4.7,3.75,1.94,4.39,3.59,1.86,2,1,0,0,4.5,3.6,1.83,4.4,3.5,1.87,4.3,3.65,1.83,4.69,3.65,1.86,1.9,1.9,1.93,1.97,1.88,1.95,2021-22,Serie A,0.243458,3.30273,1610.58117676,1817.59326172,-207.01208496000004,4.333333333333333,5.0,13.333333333333334,12.0,,,,,1.8,1.4,4.2,3.6,3.2,3.4,13.4,11.6,37.6,56.2,3.0,2.8,15.4,15.2,,
2021-09-21,Bologna,Genoa,2,2,D,0,0,D,17,11,6,6,7,2,14,15,17:30,-0.5,2.05,1.85,2.06,1.88,2.1,3.6,4.18,2.02,3.44,3.9,3,4,0,0,1.95,3.5,3.75,2.0,3.5,3.8,2.0,3.45,3.75,2.06,3.47,4.02,1.9,1.9,1.93,1.97,1.9,1.92,2021-22,Serie A,2.2881,1.69881,1605.70715332,1596.67980957,9.02734375,8.0,3.3333333333333335,16.333333333333336,10.333333333333334,,,,,0.8,0.8,6.6,2.4,4.2,3.0,11.0,7.2,52.4,46.6,3.6,3.6,9.0,12.6,,
2021-09-21,Atalanta,Sassuolo,2,1,H,2,1,H,14,8,5,1,5,5,17,16,19:45,-1.0,1.88,2.02,1.89,2.04,1.59,4.75,6.5,1.53,4.5,6.0,2,2,0,0,1.5,4.75,6.0,1.53,4.4,6.0,1.53,4.6,5.5,1.56,4.56,6.16,1.53,2.5,1.56,2.59,1.52,2.54,2021-22,Serie A,2.10813,0.911464,1822.109375,1682.3347168,139.77465819999998,6.666666666666667,4.666666666666667,17.333333333333336,14.333333333333336,,,,,1.8,1.6,5.2,4.6,4.8,3.0,15.8,12.2,61.2,53.2,2.8,2.0,12.0,12.0,,
2021-09-21,Fiorentina,Inter,1,3,A,1,0,H,14,17,6,5,4,8,11,15,19:45,0.5,1.89,2.01,1.9,2.03,3.9,3.86,2.16,3.73,3.65,2.0,2,3,1,0,3.75,3.6,1.9,3.7,3.6,2.0,3.65,3.65,1.97,3.8,3.75,2.03,1.72,2.1,1.76,2.18,1.74,2.12,2021-22,Serie A,1.733,2.73737,1649.18640137,,,3.0,4.0,10.0,12.666666666666668,,,,,3.2,4.0,5.0,7.4,6.2,8.0,18.6,18.8,57.4,61.2,3.2,2.0,7.4,9.2,,
2021-09-22,Salernitana,Verona,2,2,D,1,2,A,15,10,4,5,4,5,13,17,17:30,0.25,2.08,1.82,2.13,1.8,3.84,3.56,2.17,3.63,3.42,2.09,2,3,0,0,3.5,3.4,2.05,3.5,3.5,2.1,3.6,3.4,2.1,3.77,3.56,2.1,2.0,1.8,2.08,1.84,2.03,1.8,2021-22,Serie A,2.68942,2.06188,1462.04931641,1580.4309082,-118.3815917899999,2.666666666666667,2.0,6.333333333333334,5.0,,,,,1.2,,6.2,,5.0,,10.6,,42.4,,3.4,,11.2,,,
2021-09-22,Spezia,Juventus,2,3,A,1,1,D,10,26,5,9,5,15,14,10,17:30,1.5,1.91,1.99,1.91,2.01,10.0,5.55,1.39,8.62,5.21,1.36,2,1,0,0,8.0,5.5,1.33,8.0,5.25,1.36,8.0,5.5,1.35,8.94,5.42,1.37,1.57,2.37,1.58,2.53,1.54,2.47,2021-22,Serie A,1.03395,2.54565,1538.07043457,1825.30554199,-287.23510741999985,4.0,2.3333333333333335,20.0,9.666666666666668,,,,,2.2,2.2,2.6,4.4,3.8,3.8,10.2,15.0,40.0,54.6,3.2,2.0,14.6,12.2,,
2021-09-22,Cagliari,Empoli,0,2,A,0,1,A,16,17,1,5,7,4,15,13,19:45,-0.5,2.04,1.86,2.04,1.88,2.08,3.88,3.76,2.03,3.68,3.56,2,1,0,0,2.0,3.75,3.4,2.05,3.5,3.6,2.05,3.7,3.5,2.04,3.85,3.65,1.72,2.1,1.72,2.22,1.7,2.17,2021-22,Serie A,0.754694,1.14537,1576.88818359,1529.9152832,46.97290038999995,8.0,9.0,13.333333333333334,9.0,,,,,1.4,1.0,4.0,5.6,6.0,4.0,10.6,14.6,47.8,49.8,2.4,3.4,12.8,12.0,,
2021-09-22,Milan,Venezia,2,0,H,0,0,D,15,8,4,2,4,4,12,13,19:45,-1.75,1.92,1.98,1.92,1.99,1.28,6.92,15.0,1.25,6.21,12.07,0,2,0,0,1.25,6.0,12.0,1.25,6.25,10.5,1.25,6.25,11.0,1.25,6.55,12.36,1.44,2.75,1.46,2.81,1.45,2.73,2021-22,Serie A,,,1816.56689453,1485.66345215,330.9034423799999,7.0,2.0,17.0,8.666666666666668,,,,,1.4,1.0,5.4,2.6,4.6,3.4,15.0,8.4,53.0,39.8,1.8,4.6,14.0,12.6,,
2021-09-23,Sampdoria,Napoli,0,4,A,0,2,A,13,17,5,9,5,5,10,7,17:30,0.75,1.77,2.02,1.87,2.06,4.55,4.0,1.88,4.28,3.78,1.83,2,1,0,0,4.2,3.6,1.83,4.2,3.75,1.85,4.2,3.8,1.8,4.5,3.94,1.83,1.72,2.1,1.79,2.13,1.75,2.11,2021-22,Serie A,0.56857,2.10601,1656.65344238,1825.68835449,-169.03491211000005,6.666666666666667,5.0,11.333333333333334,14.0,,,,,2.0,1.4,4.8,3.6,5.4,3.4,13.8,11.6,45.0,56.2,2.2,2.8,12.6,15.2,,
2021-09-23,Torino,Lazio,1,1,D,0,0,D,16,6,5,2,6,5,19,9,17:30,0.25,1.98,1.92,2.0,1.93,3.6,3.6,2.27,3.34,3.44,2.2,3,3,0,0,3.25,3.5,2.15,3.3,3.4,2.2,3.3,3.45,2.2,3.42,3.55,2.23,1.72,2.1,1.74,2.21,1.7,2.17,2021-22,Serie A,1.27244,0.846161,1596.7791748,1720.8223877,-124.04321290000009,5.666666666666667,2.3333333333333335,17.666666666666668,7.666666666666667,,,,,2.6,2.2,3.8,1.8,3.6,0.6,12.8,7.0,54.4,45.0,3.4,3.2,15.6,12.2,,
2021-09-23,Roma,Udinese,1,0,H,1,0,H,12,8,2,3,6,6,22,8,19:45,-1.0,1.91,1.99,1.91,2.02,1.62,4.6,6.6,1.54,4.36,6.05,4,1,1,0,1.55,4.2,5.5,1.53,4.33,6.0,1.53,4.5,5.75,1.55,4.53,6.37,1.66,2.2,1.64,2.38,1.63,2.31,2021-22,Serie A,1.383,0.809534,1752.10754395,1602.48608398,149.62145996999993,4.0,5.0,13.666666666666668,8.0,,,,,2.0,2.0,5.4,4.6,4.2,2.4,13.6,13.6,41.2,41.2,1.8,2.4,12.4,14.2,,
2021-09-25,Spezia,Milan,1,2,A,0,0,D,8,18,2,5,2,4,12,11,14:00,1.25,1.84,2.09,1.87,2.06,7.25,4.78,1.52,6.7,4.54,1.48,2,2,0,0,7.0,4.5,1.45,6.0,4.75,1.48,6.75,4.7,1.45,6.92,4.63,1.5,1.57,2.37,1.64,2.39,1.6,2.36,2021-22,Serie A,,,1535.39172363,1818.58337402,-283.1916503900002,4.333333333333334,3.333333333333333,16.666666666666668,11.0,,,,,2.2,1.8,2.6,4.0,3.8,4.8,10.2,14.0,40.0,58.4,3.2,3.4,14.6,12.8,,
2021-09-25,Inter,Atalanta,2,2,D,1,2,A,19,23,6,5,4,11,13,11,17:00,-0.5,2.0,1.93,2.02,1.9,2.06,3.88,3.86,1.99,3.69,3.71,3,5,0,0,1.9,3.75,3.8,2.0,3.6,3.7,2.0,3.55,3.75,2.02,3.77,3.8,1.72,2.1,1.77,2.15,1.72,2.15,2021-22,Serie A,3.52091,1.50237,,1825.85192871,,7.0,2.0,17.666666666666668,7.333333333333333,,,,,3.0,2.0,7.0,5.4,5.8,4.6,19.4,15.2,59.8,51.0,3.0,1.6,13.0,15.2,,
2021-09-25,Genoa,Verona,3,3,D,0,1,A,10,12,4,7,3,2,13,13,19:45,0.0,1.97,1.96,1.98,1.94,2.9,3.26,2.77,2.78,3.18,2.7,3,2,0,0,2.75,3.25,2.62,2.8,3.1,2.7,2.75,3.2,2.7,2.83,3.26,2.77,2.05,1.85,2.05,1.86,2.01,1.83,2021-22,Serie A,1.43713,2.07264,1598.01220703,1578.1595459,19.852661129999888,3.0000000000000004,3.0,7.666666666666667,6.666666666666667,,,,,1.2,,6.0,,3.8,,12.2,,48.2,,2.4,,12.8,,,
2021-09-26,Lazio,Roma,3,2,H,2,1,H,9,20,4,8,1,9,11,13,17:00,0.0,1.98,1.95,2.0,1.93,2.8,3.7,2.75,2.67,3.47,2.63,2,4,0,0,2.62,3.5,2.6,2.65,3.6,2.55,2.65,3.4,2.65,2.75,3.54,2.66,1.72,2.1,1.74,2.21,1.71,2.18,2021-22,Serie A,2.48417,1.84369,1718.3614502,1755.78662109,-37.42517088999989,6.0,9.333333333333334,21.333333333333336,19.0,,,,,1.8,2.8,4.2,6.2,2.8,7.6,10.6,17.8,57.0,53.0,1.2,3.4,11.0,16.2,,
2021-09-26,Udinese,Fiorentina,0,1,A,0,1,A,12,8,5,2,4,1,14,11,14:00,0.25,1.89,2.04,1.88,2.05,3.18,3.57,2.4,3.07,3.43,2.34,2,3,0,0,3.1,3.4,2.3,3.0,3.4,2.35,3.05,3.4,2.35,3.13,3.55,2.38,1.9,1.9,1.92,1.99,1.87,1.96,2021-22,Serie A,0.492029,1.13861,1598.80688477,1644.45788574,-45.65100097000004,3.5555555555555554,6.111111111111112,11.888888888888893,11.77777777777778,,,,,1.8,1.4,4.2,4.6,3.2,6.0,13.4,9.4,37.6,55.0,3.0,1.8,15.4,12.6,,
2021-09-26,Napoli,Cagliari,2,0,H,1,0,H,18,6,7,1,6,4,12,10,19:45,-1.75,1.97,1.96,1.94,1.96,1.3,6.6,13.0,1.26,6.1,11.56,2,1,0,0,1.25,6.0,11.0,1.28,5.75,10.5,1.25,6.25,11.0,1.27,6.47,11.91,1.53,2.5,1.51,2.66,1.51,2.57,2021-22,Serie A,2.05833,0.153322,1835.09521484,1562.39001465,272.7052001899999,5.666666666666666,2.3333333333333335,16.666666666666668,7.333333333333333,,,,,1.2,0.2,4.8,1.8,3.2,2.8,19.4,8.0,59.8,34.6,2.6,4.4,14.0,11.8,,
2021-09-26,Empoli,Bologna,4,2,H,2,1,H,15,20,7,5,2,10,15,22,14:00,0.0,1.98,1.95,1.99,1.93,2.8,3.77,2.68,2.63,3.64,2.57,2,2,0,0,2.6,3.75,2.5,2.55,3.7,2.6,2.6,3.65,2.55,2.69,3.75,2.61,1.57,2.37,1.66,2.35,1.61,2.32,2021-22,Serie A,1.47687,2.49784,1544.41345215,1604.37475586,-59.96130371000004,6.666666666666666,3.6666666666666674,15.888888888888893,4.333333333333333,,,,,1.2,2.0,6.0,4.2,3.4,1.6,14.0,14.2,48.0,51.4,5.6,3.8,13.0,11.6,,
2021-09-26,Sassuolo,Salernitana,1,0,H,0,0,D,17,12,6,5,4,8,16,16,14:00,-1.25,1.94,1.99,1.93,1.98,1.47,5.0,8.5,1.43,4.79,7.45,3,3,0,0,1.4,5.0,7.5,1.44,4.6,7.25,1.43,4.9,6.75,1.46,4.89,7.28,1.53,2.5,1.59,2.5,1.54,2.48,2021-22,Serie A,1.60845,1.16385,1678.59204102,1464.32067871,214.27136230999983,7.333333333333334,4.0,15.666666666666668,7.666666666666667,,,,,2.0,0.2,5.2,4.0,4.2,4.6,15.0,10.4,58.2,39.2,2.0,3.6,11.8,11.4,,
2021-09-26,Juventus,Sampdoria,3,2,H,2,1,H,16,5,6,3,4,2,22,16,11:30,-1.5,2.06,1.87,2.07,1.86,1.4,5.75,10.0,1.35,5.26,8.91,4,3,0,0,1.3,5.75,9.0,1.36,5.25,8.25,1.37,5.25,7.75,1.36,5.43,9.52,1.57,2.37,1.61,2.46,1.58,2.41,2021-22,Serie A,2.62795,0.600946,1827.98425293,1647.24645996,180.73779296999987,6.666666666666667,6.666666666666666,16.333333333333336,13.333333333333334,,,,,1.6,1.6,4.0,5.2,4.0,4.8,15.0,12.0,56.6,45.6,1.4,2.4,16.4,15.6,,
2021-09-27,Venezia,Torino,1,1,D,0,0,D,8,8,2,3,4,1,9,18,19:45,0.25,2.08,1.85,2.1,1.84,3.7,3.6,2.17,3.54,3.48,2.11,1,4,0,1,3.6,3.5,2.05,3.6,3.4,2.1,3.5,3.45,2.1,3.67,3.57,2.13,1.9,1.9,1.94,1.96,1.87,1.96,2021-22,Serie A,1.5265,0.8526,1483.64697266,1599.2401123,-115.59313963999988,3.0,3.0,14.0,8.666666666666668,,,,,1.8,1.4,3.0,4.6,3.6,6.2,9.8,11.4,42.4,56.4,5.8,1.4,14.2,18.6,,
2021-10-01,Cagliari,Venezia,1,1,D,1,0,H,9,10,3,4,2,4,15,19,19:45,-0.5,1.9,2.03,1.9,2.02,1.95,3.7,4.72,1.88,3.54,4.39,2,5,0,0,1.85,3.5,4.33,1.85,3.5,4.5,1.9,3.55,4.3,1.9,3.6,4.54,2.07,1.83,2.07,1.85,2.0,1.84,2021-22,Serie A,0.658426,0.486148,1558.0871582,1484.31201172,73.77514647999988,7.666666666666667,2.666666666666667,14.222222222222223,8.444444444444446,,,,,1.4,1.0,4.0,2.6,6.0,3.4,10.6,8.4,47.8,39.8,2.4,4.6,12.8,12.6,,
2021-10-02,Salernitana,Genoa,1,0,H,0,0,D,10,19,4,4,10,8,15,17,14:00,0.25,1.73,2.08,1.78,2.17,3.07,3.42,2.6,2.96,3.24,2.51,2,2,0,0,2.87,3.3,2.45,2.95,3.25,2.5,2.95,3.2,2.5,3.04,3.31,2.56,2.03,1.87,2.02,1.88,2.01,1.83,2021-22,Serie A,0.547267,1.58603,1460.10693359,1594.86474609,-134.7578125,3.1111111111111116,2.8888888888888893,9.222222222222223,10.555555555555555,,,,,1.2,0.8,6.2,2.4,5.0,3.0,10.6,7.2,42.4,46.6,3.4,3.6,11.2,12.6,,
2021-10-02,Torino,Juventus,0,1,A,0,0,D,12,10,2,3,4,6,20,14,17:00,0.5,2.07,1.86,2.08,1.84,4.76,3.7,1.95,4.46,3.53,1.86,3,1,0,0,4.5,3.5,1.8,4.2,3.4,1.9,4.5,3.55,1.83,4.72,3.7,1.85,1.96,1.94,1.96,1.94,1.91,1.92,2021-22,Serie A,0.908329,1.89552,1595.49609375,1838.93823242,-243.44213867000008,5.777777777777779,6.555555555555555,17.111111111111114,15.11111111111111,,,,,2.6,2.2,3.8,4.4,3.6,3.8,12.8,15.0,54.4,54.6,3.4,2.0,15.6,12.2,,
2021-10-02,Sassuolo,Inter,1,2,A,1,0,H,12,18,8,3,6,8,10,19,19:45,0.75,2.0,1.93,2.02,1.91,4.75,4.5,1.78,4.47,4.24,1.71,4,2,0,0,4.33,4.2,1.7,4.33,4.2,1.72,4.5,4.1,1.7,4.59,4.48,1.71,1.5,2.62,1.5,2.71,1.5,2.59,2021-22,Serie A,1.61921,2.04169,1679.72692871,,,6.222222222222223,5.333333333333334,16.111111111111114,14.111111111111112,,,,,2.0,4.0,5.2,7.4,4.2,8.0,15.0,18.8,58.2,61.2,2.0,2.0,11.8,9.2,,
2021-10-03,Bologna,Lazio,3,0,H,2,0,H,10,8,3,4,3,3,5,16,11:30,0.25,1.96,1.97,1.96,1.96,3.4,3.75,2.28,3.21,3.58,2.21,2,5,0,1,3.1,3.6,2.2,3.3,3.6,2.15,3.15,3.55,2.2,3.27,3.64,2.27,1.66,2.2,1.7,2.27,1.66,2.24,2021-22,Serie A,0.778479,0.96271,1590.87988281,1729.13037109,-138.2504882799999,7.666666666666667,3.2222222222222223,16.555555555555557,7.111111111111112,,,,,0.8,2.2,6.6,1.8,4.2,0.6,11.0,7.0,52.4,45.0,3.6,3.2,9.0,12.2,,
2021-10-03,Sampdoria,Udinese,3,3,D,1,2,A,13,18,3,7,6,8,12,15,14:00,-0.25,1.87,2.06,1.9,2.03,2.25,3.63,3.64,2.18,3.36,3.49,4,5,0,0,2.1,3.5,3.5,2.15,3.3,3.6,2.2,3.3,3.45,2.22,3.37,3.62,1.9,1.9,1.93,1.97,1.87,1.95,2021-22,Serie A,1.52931,3.28192,1642.51660156,1589.45532227,53.06127929000013,6.1111111111111125,5.333333333333334,11.88888888888889,8.0,,,,,2.0,2.0,4.8,4.6,5.4,2.4,13.8,13.6,45.0,41.2,2.2,2.4,12.6,14.2,,
2021-10-03,Verona,Spezia,4,0,H,3,0,H,6,12,4,4,1,5,15,11,14:00,-0.75,1.86,2.07,1.87,2.07,1.75,4.35,5.25,1.67,4.14,4.89,1,1,0,1,1.65,4.0,5.25,1.7,4.0,4.75,1.65,4.2,4.8,1.67,4.35,5.09,1.66,2.2,1.64,2.39,1.65,2.27,2021-22,Serie A,0.690616,1.57689,1578.22802734,1531.15405273,47.07397460999982,5.4444444444444455,5.555555555555555,9.555555555555555,10.88888888888889,,,,,,0.8,,4.6,,4.0,,9.0,,50.0,,5.2,,11.4,,
2021-10-03,Fiorentina,Napoli,1,2,A,1,1,D,10,12,3,6,8,2,16,13,17:00,0.5,1.92,2.01,1.9,2.03,4.15,3.66,2.05,3.92,3.52,1.98,3,3,0,0,3.9,3.5,1.95,4.1,3.5,1.91,3.75,3.6,1.97,4.06,3.53,2.03,1.72,2.1,1.77,2.16,1.76,2.1,2021-22,Serie A,0.383136,1.64223,1650.73059082,1820.05407715,-169.32348632999992,3.333333333333333,5.0,11.333333333333334,15.0,,,,,3.2,1.4,5.0,3.6,6.2,3.4,18.6,11.6,57.4,56.2,3.2,2.8,7.4,15.2,,
2021-10-03,Roma,Empoli,2,0,H,1,0,H,18,11,7,3,5,5,11,16,17:00,-1.25,1.88,2.05,1.9,2.02,1.47,5.5,8.0,1.42,5.15,6.73,2,3,0,0,1.4,5.0,7.0,1.42,5.0,6.75,1.4,4.9,7.5,1.45,5.42,6.69,1.36,3.2,1.42,3.05,1.39,3.0,2021-22,Serie A,1.8551,0.43764,1753.56860352,1554.82946777,198.73913574999983,4.666666666666667,7.333333333333334,13.111111111111112,11.666666666666668,,,,,2.0,1.0,5.4,5.6,4.2,4.0,13.6,14.6,41.2,49.8,1.8,3.4,12.4,12.0,,
2021-10-03,Atalanta,Milan,2,3,A,0,2,A,17,13,6,7,9,5,13,14,19:45,-0.25,1.87,2.06,1.9,2.02,2.2,3.77,3.58,2.13,3.64,3.34,1,4,0,0,2.05,3.75,3.4,2.1,3.6,3.4,2.15,3.5,3.4,2.19,3.72,3.36,1.66,2.2,1.69,2.28,1.67,2.23,2021-22,Serie A,,,1831.05883789,1811.05883789,20.0,6.1111111111111125,3.5555555555555554,16.222222222222225,13.333333333333334,,,,,1.8,1.8,5.2,4.0,4.8,4.8,15.8,14.0,61.2,58.4,2.8,3.4,12.0,12.8,,
2021-10-16,Milan,Verona,3,2,H,0,2,A,17,10,4,5,5,4,11,20,19:45,-1.0,1.93,1.97,1.94,1.98,1.58,4.48,6.65,1.54,4.27,6.14,1,4,0,0,1.55,4.2,5.75,1.48,4.6,6.0,1.55,4.4,5.75,1.56,4.4,6.43,1.61,2.3,1.64,2.39,1.63,2.31,2021-22,Serie A,,,1820.59533691,1589.74316406,230.85217285,6.0,2.6666666666666665,16.333333333333336,8.444444444444446,,,,,1.4,,5.4,,4.6,,15.0,,53.0,,1.8,,14.0,,,
2021-10-16,Lazio,Inter,3,1,H,0,1,A,19,12,8,4,7,3,12,12,17:00,0.25,2.0,1.9,2.04,1.89,3.58,3.55,2.27,3.33,3.41,2.2,3,6,1,0,3.3,3.5,2.15,3.4,3.3,2.15,3.3,3.45,2.2,3.52,3.54,2.19,1.66,2.2,1.68,2.3,1.66,2.25,2021-22,Serie A,2.31397,1.44791,1711.15795898,,,4.333333333333333,6.222222222222223,17.222222222222225,15.40740740740741,,,,,1.8,4.0,4.2,7.4,2.8,8.0,10.6,18.8,57.0,61.2,1.2,2.0,11.0,9.2,,
2021-10-16,Spezia,Salernitana,2,1,H,0,1,A,18,15,5,4,10,2,13,15,14:00,-0.25,1.89,2.01,1.92,2.01,2.26,3.48,3.56,2.19,3.33,3.44,2,3,0,0,2.1,3.4,3.5,2.1,3.4,3.4,2.2,3.35,3.4,2.24,3.39,3.56,1.9,1.9,1.89,2.02,1.86,1.96,2021-22,Serie A,1.67718,1.60938,1519.63903809,1470.56921387,49.06982421999987,3.555555555555556,5.333333333333334,13.77777777777778,9.11111111111111,,,,,2.2,0.2,2.6,4.0,3.8,4.6,10.2,10.4,40.0,39.2,3.2,3.6,14.6,11.4,,
2021-10-17,Cagliari,Sampdoria,3,1,H,1,0,H,12,17,5,3,5,9,14,18,11:30,0.0,1.9,2.0,1.9,2.02,2.8,3.55,2.83,2.6,3.38,2.74,4,2,0,0,2.55,3.4,2.75,2.75,3.4,2.5,2.55,3.4,2.75,2.65,3.45,2.82,1.72,2.1,1.81,2.1,1.76,2.09,2021-22,Serie A,1.50713,1.78619,1554.97949219,1639.90844727,-84.92895507999992,5.777777777777779,5.111111111111112,12.481481481481485,10.555555555555555,,,,,1.4,1.6,4.0,5.2,6.0,4.8,10.6,12.0,47.8,45.6,2.4,2.4,12.8,15.6,,
2021-10-17,Empoli,Atalanta,1,4,A,1,2,A,13,22,6,7,5,4,10,15,14:00,1.0,1.9,2.0,1.9,2.03,6.0,4.45,1.67,5.31,4.24,1.61,3,2,0,0,5.75,4.33,1.55,5.0,4.2,1.6,5.25,4.4,1.6,5.49,4.28,1.64,1.5,2.62,1.52,2.65,1.5,2.56,2021-22,Serie A,0.575048,3.83506,1550.92553711,1821.5222168,-270.59667969,5.111111111111112,5.0,15.592592592592595,12.555555555555555,,,,,1.2,2.0,6.0,5.4,3.4,4.6,14.0,15.2,48.0,51.0,5.6,1.6,13.0,15.2,,
2021-10-17,Genoa,Sassuolo,2,2,D,1,2,A,19,15,4,5,6,1,11,18,14:00,0.25,1.9,2.0,1.91,2.02,3.39,3.6,2.4,3.13,3.45,2.29,2,4,0,0,3.1,3.5,2.25,3.3,3.4,2.15,3.1,3.45,2.3,3.22,3.5,2.35,1.66,2.2,1.73,2.22,1.68,2.21,2021-22,Serie A,1.38414,2.8217,1584.40246582,1675.80847168,-91.40600585999982,3.0000000000000004,4.777777777777779,8.444444444444445,12.222222222222223,,,,,1.2,1.6,6.0,4.6,3.8,3.0,12.2,12.2,48.2,53.2,2.4,2.0,12.8,12.0,,
2021-10-17,Udinese,Bologna,1,1,D,0,0,D,10,23,2,11,2,8,15,11,14:00,-0.25,2.01,1.89,2.05,1.88,2.4,3.5,3.23,2.32,3.36,3.14,3,7,1,0,2.25,3.4,3.2,2.45,3.4,2.8,2.3,3.35,3.1,2.38,3.44,3.21,1.9,1.9,1.99,1.92,1.92,1.91,2021-22,Serie A,1.35716,1.49614,1592.06335449,1608.85217285,-16.78881836000005,3.703703703703704,5.777777777777779,11.925925925925927,9.555555555555555,,,,,1.8,2.0,4.2,4.2,3.2,1.6,13.4,14.2,37.6,51.4,3.0,3.8,15.4,11.6,,
2021-10-17,Napoli,Torino,1,0,H,0,0,D,10,11,3,3,3,4,6,20,17:00,-1.25,1.96,1.94,1.99,1.93,1.47,4.9,8.5,1.42,4.68,7.78,2,4,0,0,1.4,4.5,8.5,1.36,4.75,8.5,1.43,4.7,6.75,1.44,4.68,8.38,1.66,2.2,1.71,2.25,1.66,2.23,2021-22,Serie A,1.32917,1.07482,1824.82226562,1592.13366699,232.68859863000012,5.777777777777778,2.3333333333333335,17.111111111111114,8.444444444444446,,,,,1.2,1.4,4.8,4.6,3.2,6.2,19.4,11.4,59.8,56.4,2.6,1.4,14.0,18.6,,
2021-10-17,Juventus,Roma,1,0,H,1,0,H,6,14,2,4,0,6,18,13,19:45,-0.5,1.89,2.01,1.92,2.01,1.98,3.9,4.3,1.9,3.67,4.07,3,5,0,0,1.85,3.8,4.0,1.85,3.7,4.0,1.9,3.75,4.0,1.92,3.72,4.3,1.72,2.1,1.75,2.19,1.7,2.18,2021-22,Serie A,1.46974,1.4565,1842.30078125,1757.47253418,84.82824707000009,5.777777777777779,9.222222222222223,16.222222222222225,19.333333333333336,,,,,1.6,2.8,4.0,6.2,4.0,7.6,15.0,17.8,56.6,53.0,1.4,3.4,16.4,16.2,,
2021-10-18,Venezia,Fiorentina,1,0,H,1,0,H,4,10,2,2,2,5,17,11,19:45,0.5,1.98,1.92,1.98,1.93,4.33,3.81,1.94,4.1,3.64,1.9,2,5,0,1,4.2,3.75,1.83,3.7,3.5,2.0,4.0,3.65,1.9,4.09,3.81,1.93,1.9,1.9,1.93,1.97,1.91,1.91,2021-22,Serie A,0.794394,0.42719,1487.41967773,1645.96252441,-158.5428466799999,3.333333333333333,4.407407407407408,12.0,10.51851851851852,,,,,1.8,1.4,3.0,4.6,3.6,6.0,9.8,9.4,42.4,55.0,5.8,1.8,14.2,12.6,,
2021-10-22,Torino,Genoa,3,2,H,2,0,H,17,14,6,4,2,4,20,18,17:30,-0.75,1.97,1.96,1.97,1.95,1.85,3.9,5.51,1.73,3.76,4.99,2,3,0,0,1.7,3.7,5.0,1.83,3.5,4.4,1.73,3.8,4.8,1.74,3.83,5.31,1.9,1.9,1.91,1.99,1.89,1.94,2021-22,Serie A,2.2411,2.35473,1579.02429199,1575.08703613,3.9372558600000502,5.185185185185186,4.5925925925925934,15.40740740740741,13.370370370370372,,,,,2.6,0.8,3.8,2.4,3.6,3.0,12.8,7.2,54.4,46.6,3.4,3.6,15.6,12.6,,
2021-10-22,Sampdoria,Spezia,2,1,H,2,0,H,6,17,2,7,0,8,9,9,19:45,-0.75,2.05,1.75,2.1,1.82,1.89,4.05,4.5,1.84,3.89,4.14,3,1,0,0,1.8,3.8,4.2,1.7,4.0,4.5,1.83,3.9,3.95,1.86,3.96,4.27,1.61,2.3,1.65,2.37,1.63,2.32,2021-22,Serie A,0.974056,1.05608,1616.21984863,1514.63745117,101.5823974599998,6.074074074074075,5.37037037037037,12.25925925925926,11.25925925925926,,,,,2.0,0.8,4.8,4.6,5.4,4.0,13.8,9.0,45.0,50.0,2.2,5.2,12.6,11.4,,
2021-10-23,Salernitana,Empoli,2,4,A,0,4,A,12,11,6,6,7,1,11,16,14:00,0.0,1.98,1.95,1.98,1.94,2.81,3.52,2.72,2.72,3.37,2.62,1,3,0,0,2.7,3.4,2.62,2.65,3.4,2.55,2.7,3.35,2.6,2.75,3.46,2.71,1.9,1.9,1.91,2.0,1.85,1.98,2021-22,Serie A,1.37213,2.83049,1454.04577637,1535.20654297,-81.16076659999999,5.407407407407408,6.555555555555557,9.481481481481485,11.444444444444446,,,,,1.2,1.0,6.2,5.6,5.0,4.0,10.6,14.6,42.4,49.8,3.4,3.4,11.2,12.0,,
2021-10-23,Sassuolo,Venezia,3,1,H,1,1,D,14,8,7,3,5,4,10,15,17:00,-1.0,2.04,1.89,2.02,1.91,1.63,4.5,6.0,1.59,4.24,5.47,1,2,0,0,1.57,4.2,5.5,1.51,4.5,5.75,1.6,4.3,5.25,1.6,4.32,5.98,1.61,2.3,1.66,2.34,1.62,2.31,2021-22,Serie A,2.13069,0.506648,1663.59875488,1487.82946777,175.76928710999982,6.14814814814815,3.1111111111111116,14.740740740740744,8.962962962962965,,,,,2.0,1.0,5.2,2.6,4.2,3.4,15.0,8.4,58.2,39.8,2.0,4.6,11.8,12.6,,
2021-10-23,Bologna,Milan,2,4,A,0,2,A,9,15,4,7,4,1,7,15,19:45,0.25,1.98,1.95,2.0,1.93,3.58,3.89,2.24,3.34,3.5,2.16,1,3,2,0,3.35,3.6,2.1,3.75,3.6,1.93,3.35,3.45,2.2,3.42,3.54,2.24,1.72,2.1,1.74,2.21,1.69,2.2,2021-22,Serie A,,,1598.77880859,1805.47949219,-206.70068360000005,6.111111111111112,4.037037037037037,14.370370370370374,13.222222222222223,,,,,0.8,1.8,6.6,4.0,4.2,4.8,11.0,14.0,52.4,58.4,3.6,3.4,9.0,12.8,,
2021-10-24,Atalanta,Udinese,1,1,D,0,0,D,8,9,3,3,6,3,15,15,11:30,-1.25,1.9,2.03,1.87,2.07,1.45,5.25,8.5,1.4,4.99,7.57,2,2,0,0,1.4,5.0,7.5,1.37,5.25,7.75,1.43,5.25,6.75,1.4,5.24,8.48,1.53,2.5,1.54,2.63,1.54,2.48,2021-22,Serie A,0.629032,0.667553,1811.32922363,1580.61169434,230.7175292899999,7.074074074074075,6.222222222222223,16.481481481481485,11.333333333333334,,,,,1.8,2.0,5.2,4.6,4.8,2.4,15.8,13.6,61.2,41.2,2.8,2.4,12.0,14.2,,
2021-10-24,Roma,Napoli,0,0,D,0,0,D,13,11,1,3,7,4,14,10,17:00,0.25,1.81,2.13,1.79,2.15,3.04,3.78,2.5,2.86,3.51,2.43,4,1,0,0,2.87,3.5,2.4,2.6,3.5,2.55,2.8,3.45,2.5,2.95,3.52,2.5,1.66,2.2,1.69,2.28,1.67,2.22,2021-22,Serie A,1.6324,0.593957,1716.85717773,1818.45129395,-101.59411621999992,4.777777777777779,4.000000000000001,14.740740740740742,14.000000000000002,,,,,2.0,1.4,5.4,3.6,4.2,3.4,13.6,11.6,41.2,56.2,1.8,2.8,12.4,15.2,,
2021-10-24,Verona,Lazio,4,1,H,2,0,H,16,9,7,4,3,4,12,15,14:00,0.25,1.94,1.99,1.92,2.0,3.24,3.75,2.32,3.1,3.58,2.24,2,2,0,0,3.1,3.6,2.2,3.25,3.6,2.1,3.05,3.55,2.25,3.15,3.68,2.31,1.72,2.1,1.71,2.24,1.71,2.16,2021-22,Serie A,3.536,1.42458,1576.54846191,1713.02197266,-136.47351075000006,3.962962962962964,3.1481481481481484,8.370370370370372,7.407407407407408,,,,,,2.2,,1.8,,0.6,,7.0,,45.0,,3.2,,12.2,,
2021-10-24,Fiorentina,Cagliari,3,0,H,2,0,H,21,3,5,1,4,1,11,15,14:00,-0.75,1.89,2.04,1.88,2.05,1.73,4.2,5.29,1.68,3.99,4.93,0,2,0,0,1.65,4.0,5.25,1.7,4.0,4.6,1.67,4.1,4.8,1.68,4.12,5.29,1.72,2.1,1.77,2.15,1.73,2.13,2021-22,Serie A,3.1216,0.119909,1624.02758789,1557.14306641,66.88452147999988,4.888888888888889,2.8888888888888893,10.88888888888889,6.888888888888889,,,,,3.2,0.2,5.0,1.8,6.2,2.8,18.6,8.0,57.4,34.6,3.2,4.4,7.4,11.8,,
2021-10-24,Inter,Juventus,1,1,D,1,0,H,10,16,2,4,5,2,14,16,19:45,-0.25,1.85,2.08,1.88,2.04,2.19,3.86,3.51,2.12,3.6,3.37,2,2,0,0,2.05,3.6,3.4,2.0,3.5,3.5,2.15,3.45,3.4,2.17,3.76,3.39,1.72,2.1,1.79,2.12,1.76,2.08,2021-22,Serie A,0.961912,1.34492,,1841.65979004,,6.0,6.370370370370371,18.11111111111111,13.407407407407408,,,,,3.0,2.2,7.0,4.4,5.8,3.8,19.4,15.0,59.8,54.6,3.0,2.0,13.0,12.2,,
2021-10-26,Spezia,Genoa,1,1,D,0,0,D,13,9,3,2,3,3,12,16,17:30,-0.25,2.07,1.86,2.07,1.86,2.46,3.6,3.12,2.37,3.49,2.96,2,4,0,0,2.3,3.5,3.0,2.45,3.4,2.8,2.35,3.5,2.95,2.4,3.58,3.07,1.66,2.2,1.69,2.28,1.67,2.22,2021-22,Serie A,2.40615,1.0654,1510.16638184,1568.3145752,-58.14819336000005,5.703703703703704,4.395061728395063,15.185185185185189,13.580246913580249,,,,,2.2,0.8,2.6,2.4,3.8,3.0,10.2,7.2,40.0,46.6,3.2,3.6,14.6,12.6,,
2021-10-26,Venezia,Salernitana,1,2,A,1,0,H,8,21,4,7,4,5,17,13,17:30,-0.5,1.99,1.94,1.98,1.94,2.05,3.56,4.23,1.98,3.44,4.0,3,3,1,0,1.95,3.4,4.0,2.1,3.3,3.6,1.95,3.45,3.95,1.98,3.55,4.21,2.0,1.8,2.06,1.85,2.03,1.81,2021-22,Serie A,0.62413,1.52483,1483.36096191,1443.98425293,39.3767089800001,2.888888888888889,4.222222222222223,9.333333333333334,11.074074074074074,,,,,1.8,0.2,3.0,4.0,3.6,4.6,9.8,10.4,42.4,39.2,5.8,3.6,14.2,11.4,,
2021-10-26,Milan,Torino,1,0,H,1,0,H,10,12,2,2,2,5,14,21,19:45,-0.75,1.85,2.08,1.85,2.08,1.79,4.2,6.09,1.64,3.94,5.47,3,3,0,0,1.6,4.0,5.5,1.55,4.2,5.75,1.63,4.0,5.5,1.67,3.99,5.74,1.72,2.1,1.76,2.17,1.75,2.11,2021-22,Serie A,,,1811.23535156,1585.796875,225.43847656000003,5.666666666666666,2.8888888888888893,16.555555555555557,9.296296296296298,,,,,1.4,1.4,5.4,4.6,4.6,6.2,15.0,11.4,53.0,56.4,1.8,1.4,14.0,18.6,,
2021-10-27,Juventus,Sassuolo,1,2,A,0,1,A,14,8,3,4,4,4,21,15,17:30,-1.25,2.0,1.93,1.98,1.94,1.48,5.15,7.5,1.44,4.84,6.83,1,5,0,0,1.44,4.75,6.5,1.47,4.5,6.5,1.45,4.9,6.5,1.43,5.15,7.5,1.53,2.5,1.53,2.66,1.51,2.55,2021-22,Serie A,1.15204,1.12654,1843.69055176,1668.06713867,175.62341309,3.851851851851853,3.5185185185185195,12.814814814814818,13.14814814814815,,,,,1.6,1.6,4.0,4.6,4.0,3.0,15.0,12.2,56.6,53.2,1.4,2.0,16.4,12.0,,
2021-10-27,Sampdoria,Atalanta,1,3,A,1,2,A,8,13,3,4,3,3,15,19,17:30,0.75,1.96,1.97,1.99,1.93,4.62,4.37,1.8,4.36,4.1,1.74,4,3,0,0,4.33,4.2,1.72,4.33,4.0,1.75,4.3,4.1,1.73,4.52,4.37,1.74,1.53,2.5,1.56,2.58,1.52,2.51,2021-22,Serie A,0.984824,1.98512,1620.6907959,1804.70812988,-184.01733397999988,4.049382716049384,4.666666666666667,10.17283950617284,15.703703703703706,,,,,2.0,2.0,4.8,5.4,5.4,4.6,13.8,15.2,45.0,51.0,2.2,1.6,12.6,15.2,,
2021-10-27,Udinese,Verona,1,1,D,1,0,H,16,5,5,2,7,4,13,12,17:30,-0.25,2.14,1.8,2.15,1.8,2.55,3.48,3.08,2.47,3.3,2.93,1,2,0,0,2.4,3.4,2.9,2.4,3.3,2.87,2.5,3.35,2.85,2.53,3.32,3.08,1.9,1.9,1.92,1.98,1.91,1.9,2021-22,Serie A,0.940667,0.843224,1587.23278809,1594.32897949,-7.096191399999952,3.135802469135803,3.111111111111111,11.283950617283953,8.962962962962965,,,,,1.8,,4.2,,3.2,,13.4,,37.6,,3.0,,15.4,,,
2021-10-27,Cagliari,Roma,1,2,A,0,0,D,7,22,5,3,2,10,16,16,19:45,0.75,2.08,1.85,2.08,1.85,5.3,4.34,1.68,4.94,4.18,1.65,3,4,0,0,5.0,4.2,1.61,5.0,4.2,1.61,4.8,4.2,1.65,5.15,4.3,1.67,1.57,2.37,1.62,2.43,1.58,2.38,2021-22,Serie A,1.31963,2.49703,1548.02966309,1718.44274902,-170.41308593000008,5.518518518518519,8.148148148148149,12.32098765432099,17.555555555555557,,,,,1.4,2.8,4.0,6.2,6.0,7.6,10.6,17.8,47.8,53.0,2.4,3.4,12.8,16.2,,
2021-10-27,Empoli,Inter,0,2,A,0,1,A,9,21,3,9,5,6,20,15,19:45,1.0,2.05,1.75,2.15,1.79,6.5,5.03,1.53,5.94,4.76,1.5,1,3,1,0,5.75,4.75,1.5,5.75,4.6,1.49,5.75,4.8,1.5,6.34,5.03,1.5,1.44,2.75,1.5,2.74,1.46,2.7,2021-22,Serie A,0.542985,3.07924,1545.26794434,,,5.074074074074074,5.14814814814815,14.7283950617284,14.271604938271608,,,,,1.2,4.0,6.0,7.4,3.4,8.0,14.0,18.8,48.0,61.2,5.6,2.0,13.0,9.2,,
2021-10-27,Lazio,Fiorentina,1,0,H,0,0,D,5,9,2,1,3,6,16,11,19:45,-0.5,1.98,1.95,1.97,1.95,2.0,3.92,4.25,1.95,3.65,3.85,3,3,0,0,1.95,3.6,3.75,1.93,3.5,3.9,1.95,3.75,3.7,1.97,3.73,4.03,1.72,2.1,1.72,2.24,1.7,2.16,2021-22,Serie A,0.637443,0.517761,1695.24145508,1633.14111328,62.100341800000024,5.222222222222221,4.604938271604939,17.814814814814817,10.34567901234568,,,,,1.8,1.4,4.2,4.6,2.8,6.0,10.6,9.4,57.0,55.0,1.2,1.8,11.0,12.6,,
2021-10-28,Napoli,Bologna,3,0,H,2,0,H,18,8,6,1,4,2,20,5,19:45,-1.5,1.97,1.96,1.96,1.96,1.38,5.71,10.5,1.34,5.36,8.58,1,1,0,0,1.3,5.5,9.5,1.4,5.0,7.25,1.33,5.5,8.75,1.37,5.71,8.38,1.5,2.62,1.5,2.71,1.49,2.58,2021-22,Serie A,2.67727,0.251648,1816.86572266,1593.02294922,223.84277343999997,4.851851851851852,6.518518518518519,14.740740740740744,14.037037037037038,,,,,1.2,2.0,4.8,4.2,3.2,1.6,19.4,14.2,59.8,51.4,2.6,3.8,14.0,11.6,,
2021-10-30,Torino,Sampdoria,3,0,H,1,0,H,16,5,6,1,4,5,19,8,19:45,-0.5,1.94,1.99,1.93,1.99,1.98,3.88,4.11,1.92,3.67,3.93,2,4,0,1,1.9,3.75,3.8,1.9,3.7,3.9,1.9,3.75,3.85,1.93,3.82,4.11,1.72,2.1,1.81,2.1,1.75,2.09,2021-22,Serie A,2.61562,0.249004,1583.43005371,1614.26940918,-30.839355469999873,4.123456790123458,6.407407407407408,15.938271604938274,12.703703703703706,,,,,2.6,1.6,3.8,5.2,3.6,4.8,12.8,12.0,54.4,45.6,3.4,2.4,15.6,15.6,,
2021-10-30,Verona,Juventus,2,1,H,2,0,H,12,15,5,4,4,1,22,8,17:00,0.5,2.03,1.9,2.05,1.88,4.36,4.0,1.91,4.06,3.74,1.87,4,3,0,0,4.0,3.8,1.85,4.2,3.75,1.8,3.95,3.8,1.9,4.24,3.9,1.88,1.72,2.1,1.8,2.11,1.75,2.09,2021-22,Serie A,1.57716,1.78968,1595.47180176,1830.39611816,-234.92431639999995,3.641975308641976,4.913580246913582,10.913580246913584,14.271604938271608,,,,,,2.2,,4.4,,3.8,,15.0,,54.6,,2.0,,12.2,,
2021-10-30,Atalanta,Lazio,2,2,D,1,1,D,17,8,3,5,6,2,13,13,14:00,-0.5,1.92,2.01,1.91,2.01,2.04,4.15,3.9,1.93,3.89,3.68,1,3,0,0,1.9,3.8,3.8,1.9,3.9,3.6,1.95,3.75,3.7,1.91,4.15,3.85,1.57,2.37,1.56,2.57,1.57,2.42,2021-22,Serie A,0.723746,1.4355,1811.1295166,1700.49719238,110.6323242200001,6.716049382716051,3.432098765432099,13.654320987654325,7.938271604938273,,,,,1.8,2.2,5.2,1.8,4.8,0.6,15.8,7.0,61.2,45.0,2.8,3.2,12.0,12.2,,
2021-10-31,Inter,Udinese,2,0,H,0,0,D,15,9,6,5,6,4,9,11,11:30,-1.5,2.04,1.89,2.07,1.87,1.37,5.6,10.5,1.34,5.06,9.38,0,2,0,0,1.36,5.0,8.5,1.36,4.8,8.75,1.35,5.25,8.25,1.35,5.29,10.46,1.57,2.37,1.61,2.45,1.6,2.34,2021-22,Serie A,2.0569,0.303819,,1586.08996582,,5.666666666666666,5.14814814814815,15.407407407407412,10.555555555555555,,,,,3.0,2.0,7.0,4.6,5.8,2.4,19.4,13.6,59.8,41.2,3.0,2.4,13.0,14.2,,
2021-10-31,Fiorentina,Spezia,3,0,H,1,0,H,27,3,12,0,7,4,9,20,14:00,-1.0,1.94,1.99,1.93,1.99,1.59,4.58,6.5,1.54,4.36,5.82,4,3,0,0,1.53,4.5,5.75,1.55,4.33,5.75,1.55,4.4,5.5,1.56,4.56,6.0,1.61,2.3,1.63,2.4,1.61,2.32,2021-22,Serie A,2.8175,0.0882599,1627.88537598,1510.47119141,117.41418456999986,4.5925925925925934,6.246913580246914,14.25925925925926,13.17283950617284,,,,,3.2,0.8,5.0,4.6,6.2,4.0,18.6,9.0,57.4,50.0,3.2,5.2,7.4,11.4,,
2021-10-31,Genoa,Venezia,0,0,D,0,0,D,19,6,4,2,12,4,13,13,14:00,-0.5,2.06,1.87,2.09,1.85,2.11,3.7,3.86,2.04,3.5,3.67,1,3,0,0,2.05,3.4,3.75,2.0,3.4,3.8,2.05,3.45,3.65,2.09,3.58,3.77,1.9,1.9,2.03,1.88,1.96,1.85,2021-22,Serie A,0.720997,0.488128,1568.00976562,1472.94897461,95.06079101,4.0,3.4074074074074083,11.962962962962964,8.641975308641978,,,,,1.2,1.0,6.0,2.6,3.8,3.4,12.2,8.4,48.2,39.8,2.4,4.6,12.8,12.6,,
2021-10-31,Sassuolo,Empoli,1,2,A,1,0,H,15,14,5,6,4,6,16,12,14:00,-0.75,1.99,1.94,1.96,1.96,1.8,4.3,4.5,1.76,4.08,4.27,4,2,0,0,1.75,4.1,4.2,1.75,4.0,4.33,1.75,4.2,4.2,1.77,4.27,4.47,1.44,2.75,1.51,2.69,1.48,2.63,2021-22,Serie A,1.24312,1.4834,1681.36169434,1541.98864746,139.37304687999995,5.765432098765434,4.703703703703705,14.49382716049383,11.296296296296298,,,,,2.0,1.0,5.2,5.6,4.2,4.0,15.0,14.6,58.2,49.8,2.0,3.4,11.8,12.0,,
2021-10-31,Salernitana,Napoli,0,1,A,0,0,D,9,18,3,3,4,4,11,13,17:00,1.5,2.01,1.92,1.96,1.96,12.0,5.82,1.34,9.93,5.46,1.31,0,2,1,1,10.0,5.5,1.3,9.5,5.25,1.33,9.5,5.5,1.33,9.81,5.59,1.34,1.53,2.5,1.58,2.51,1.55,2.44,2021-22,Serie A,0.405769,1.54055,1454.3963623,1820.98059082,-366.5842285200001,5.938271604938272,4.000000000000001,10.320987654320987,13.000000000000002,,,,,1.2,1.4,6.2,3.6,5.0,3.4,10.6,11.6,42.4,56.2,3.4,2.8,11.2,15.2,,
2021-10-31,Roma,Milan,1,2,A,0,1,A,24,8,6,3,6,2,19,13,19:45,-0.25,2.02,1.91,2.0,1.93,2.45,3.78,3.11,2.33,3.52,2.96,4,7,0,1,2.3,3.5,3.0,2.25,3.5,3.0,2.3,3.5,3.0,2.29,3.78,3.11,1.72,2.1,1.72,2.24,1.71,2.15,2021-22,Serie A,,,1723.26159668,1813.60217285,-90.34057617000008,5.518518518518519,3.024691358024692,14.160493827160495,13.814814814814818,,,,,2.0,1.8,5.4,4.0,4.2,4.8,13.6,14.0,41.2,58.4,1.8,3.4,12.4,12.8,,
2021-11-01,Bologna,Cagliari,2,0,H,0,0,D,8,9,3,2,5,2,11,9,19:45,-0.5,1.75,2.05,1.8,2.13,1.91,3.89,4.75,1.83,3.69,4.36,3,2,0,1,1.8,3.6,4.5,1.82,3.8,4.1,1.85,3.7,4.2,1.81,3.84,4.75,1.66,2.2,1.69,2.28,1.67,2.2,2021-22,Serie A,1.7361,0.403517,1588.90808105,1543.21081543,45.69726562000005,5.407407407407408,2.25925925925926,12.58024691358025,5.5925925925925934,,,,,0.8,0.2,6.6,1.8,4.2,2.8,11.0,8.0,52.4,34.6,3.6,4.4,9.0,11.8,,
2021-11-05,Empoli,Genoa,2,2,D,0,1,A,10,15,2,7,4,5,8,21,19:45,-0.25,1.86,2.04,1.88,2.04,2.2,3.82,3.42,2.13,3.68,3.3,0,4,0,0,2.1,3.75,3.2,2.1,3.7,3.25,2.1,3.65,3.3,2.17,3.78,3.37,1.61,2.3,1.67,2.33,1.65,2.26,2021-22,Serie A,0.745284,1.69731,1556.38513184,1566.17236328,-9.787231439999914,5.049382716049383,3.9300411522633754,12.818930041152267,12.053497942386834,,,,,1.2,0.8,6.0,2.4,3.4,3.0,14.0,7.2,48.0,46.6,5.6,3.6,13.0,12.6,,
2021-11-06,Spezia,Torino,1,0,H,0,0,D,7,9,3,1,2,3,15,17,14:00,0.25,2.05,1.75,2.14,1.79,3.75,3.72,2.12,3.56,3.56,2.07,3,3,0,0,3.6,3.6,2.0,3.6,3.5,2.0,3.45,3.55,2.1,3.73,3.64,2.08,1.72,2.1,1.78,2.14,1.77,2.07,2021-22,Serie A,0.333765,0.420439,1505.27893066,1598.71972656,-93.4407959,4.80246913580247,3.592592592592593,14.456790123456791,10.197530864197532,,,,,2.2,1.4,2.6,4.6,3.8,6.2,10.2,11.4,40.0,56.4,3.2,1.4,14.6,18.6,,
2021-11-06,Juventus,Fiorentina,1,0,H,0,0,D,13,6,3,1,5,5,15,15,17:00,-1.0,2.07,1.83,2.11,1.83,1.67,4.4,6.0,1.62,4.02,5.59,2,4,0,1,1.57,4.2,5.5,1.61,3.9,5.5,1.6,4.1,5.5,1.64,4.06,5.91,1.72,2.1,1.77,2.15,1.73,2.12,2021-22,Serie A,0.984607,0.320219,1824.01696777,1637.08410645,186.93286132000003,3.901234567901236,5.069958847736626,13.20987654320988,9.897119341563789,,,,,1.6,1.4,4.0,4.6,4.0,6.0,15.0,9.4,56.6,55.0,1.4,1.8,16.4,12.6,,
2021-11-06,Cagliari,Atalanta,1,2,A,1,2,A,7,21,1,8,2,7,11,9,19:45,1.0,2.08,1.73,2.08,1.85,7.0,4.9,1.57,6.09,4.53,1.51,1,1,0,0,6.0,4.5,1.5,5.5,4.6,1.53,6.0,4.6,1.5,6.1,4.65,1.55,1.53,2.5,1.53,2.64,1.5,2.57,2021-22,Serie A,0.510728,3.54195,1537.23449707,1809.66784668,-272.4333496099998,4.34567901234568,4.111111111111112,10.547325102880665,14.802469135802472,,,,,1.4,2.0,4.0,5.4,6.0,4.6,10.6,15.2,47.8,51.0,2.4,1.6,12.8,15.2,,
2021-11-07,Lazio,Salernitana,3,0,H,2,0,H,16,5,5,0,5,1,7,14,17:00,-1.5,1.95,1.95,1.98,1.94,1.34,6.0,10.5,1.31,5.6,9.32,1,2,0,0,1.3,5.5,9.5,1.32,5.5,9.0,1.3,5.5,10.0,1.33,5.96,9.59,1.53,2.5,1.55,2.6,1.53,2.51,2021-22,Serie A,1.67971,0.239577,1708.11560059,1454.58508301,253.53051757999992,4.481481481481481,4.481481481481483,13.543209876543212,14.382716049382717,,,,,1.8,0.2,4.2,4.0,2.8,4.6,10.6,10.4,57.0,39.2,1.2,3.6,11.0,11.4,,
2021-11-07,Milan,Inter,1,1,D,1,1,D,16,13,4,3,4,8,16,11,19:45,0.25,1.98,1.92,2.01,1.92,3.33,3.86,2.34,3.14,3.6,2.22,1,0,0,0,3.25,3.5,2.15,3.1,3.7,2.1,3.15,3.55,2.2,3.33,3.73,2.21,1.66,2.2,1.69,2.28,1.67,2.21,2021-22,Serie A,,,1820.23071289,,,4.444444444444445,5.4320987654321,14.370370370370374,16.514403292181072,,,,,1.4,4.0,5.4,7.4,4.6,8.0,15.0,18.8,53.0,61.2,1.8,2.0,14.0,9.2,,
2021-11-07,Napoli,Verona,1,1,D,1,1,D,16,11,1,3,3,2,16,19,17:00,-1.25,1.9,2.0,1.93,2.0,1.42,5.25,9.0,1.39,4.95,7.84,2,7,0,2,1.36,5.0,8.0,1.38,5.0,7.5,1.37,5.25,8.25,1.41,5.14,8.04,1.57,2.37,1.59,2.49,1.58,2.38,2021-22,Serie A,0.800943,1.22561,1828.41870117,1610.27990723,218.13879394000017,4.567901234567902,3.407407407407407,15.827160493827163,7.641975308641978,,,,,1.2,,4.8,,3.2,,19.4,,59.8,,2.6,,14.0,,,
2021-11-07,Venezia,Roma,3,2,H,1,2,A,13,27,7,10,4,11,12,18,11:30,1.0,1.96,1.94,1.99,1.93,6.5,4.61,1.58,5.89,4.41,1.54,2,2,0,0,5.75,4.5,1.53,5.25,4.5,1.55,5.75,4.4,1.55,5.92,4.61,1.56,1.66,2.2,1.7,2.27,1.66,2.24,2021-22,Serie A,3.22538,2.76533,1478.79272461,1713.53063965,-234.73791503999996,3.2592592592592595,8.765432098765434,8.88888888888889,19.03703703703704,,,,,1.8,2.8,3.0,6.2,3.6,7.6,9.8,17.8,42.4,53.0,5.8,3.4,14.2,16.2,,
2021-11-07,Udinese,Sassuolo,3,2,H,2,2,D,13,10,2,4,1,5,14,15,14:00,-0.25,2.07,1.83,2.08,1.85,2.52,3.61,3.05,2.39,3.49,2.92,3,3,1,0,2.4,3.5,2.8,2.4,3.5,2.75,2.4,3.5,2.9,2.4,3.59,3.05,1.72,2.1,1.81,2.1,1.77,2.08,2021-22,Serie A,1.59111,0.694033,1585.53955078,1670.97167969,-85.43212891000007,4.423868312757202,3.6790123456790136,12.855967078189302,11.432098765432102,,,,,1.8,1.6,4.2,4.6,3.2,3.0,13.4,12.2,37.6,53.2,3.0,2.0,15.4,12.0,,
2021-11-07,Sampdoria,Bologna,1,2,A,0,0,D,10,14,4,7,6,5,14,12,14:00,-0.25,2.09,1.81,2.12,1.83,2.48,3.8,3.05,2.4,3.53,2.9,4,1,0,0,2.37,3.6,2.87,2.35,3.5,2.9,2.4,3.5,2.9,2.45,3.57,2.99,1.72,2.1,1.74,2.21,1.69,2.18,2021-22,Serie A,1.05575,1.86418,1602.98620605,1598.89086914,4.0953369100000145,3.699588477366256,5.012345679012347,9.448559670781894,12.024691358024691,,,,,2.0,2.0,4.8,4.2,5.4,1.6,13.8,14.2,45.0,51.4,2.2,3.8,12.6,11.6,,
2021-11-20,Atalanta,Spezia,5,2,H,3,1,H,18,10,9,5,0,6,10,11,14:00,-1.75,1.88,2.02,1.86,2.05,1.29,6.8,12.0,1.26,6.48,10.39,2,3,0,0,1.25,6.5,9.5,1.29,6.0,9.0,1.25,6.5,10.0,1.27,6.64,10.89,1.36,3.2,1.39,3.13,1.37,3.08,2021-22,Serie A,2.5762,0.928225,1812.57275391,1514.50402832,298.06872559,6.477366255144035,5.4979423868312765,14.769547325102884,9.781893004115227,,,,,1.8,0.8,5.2,4.6,4.8,4.0,15.8,9.0,61.2,50.0,2.8,5.2,12.0,11.4,,
2021-11-20,Lazio,Juventus,0,2,A,0,1,A,8,11,1,5,3,2,12,15,17:00,0.25,1.85,2.05,1.86,2.07,3.18,3.65,2.48,3.04,3.41,2.35,3,1,0,0,3.0,3.4,2.35,3.0,3.4,2.3,3.0,3.4,2.35,3.16,3.43,2.42,1.94,1.96,1.94,1.96,1.88,1.95,2021-22,Serie A,0.254933,2.76719,1711.76306152,1827.05981445,-115.29675292999993,4.654320987654321,3.609053497942388,14.362139917695476,14.514403292181074,,,,,1.8,2.2,4.2,4.4,2.8,3.8,10.6,15.0,57.0,54.6,1.2,2.0,11.0,12.2,,
2021-11-20,Fiorentina,Milan,4,3,H,2,0,H,9,17,5,7,5,6,6,10,19:45,0.25,1.92,1.98,1.93,2.0,3.3,3.63,2.33,3.16,3.48,2.26,1,1,0,0,3.1,3.5,2.25,3.1,3.5,2.2,3.15,3.5,2.25,3.27,3.51,2.32,1.87,2.03,1.86,2.05,1.84,1.98,2021-22,Serie A,,,1634.04125977,1820.5982666,-186.5570068300001,5.395061728395062,2.6831275720164616,18.506172839506178,11.876543209876546,,,,,3.2,1.8,5.0,4.0,6.2,4.8,18.6,14.0,57.4,58.4,3.2,3.4,7.4,12.8,,
2021-11-21,Sassuolo,Cagliari,2,2,D,1,1,D,20,11,4,4,6,5,13,10,11:30,-0.75,1.84,2.06,1.86,2.07,1.7,4.49,5.75,1.65,4.23,4.95,1,2,0,0,1.6,4.2,5.25,1.6,4.33,5.0,1.63,4.3,4.8,1.69,4.27,5.03,1.57,2.37,1.64,2.4,1.59,2.35,2021-22,Serie A,3.47952,1.23102,1661.84619141,1534.32958984,127.51660157000016,5.176954732510289,2.1728395061728403,14.66255144032922,6.728395061728396,,,,,2.0,0.2,5.2,1.8,4.2,2.8,15.0,8.0,58.2,34.6,2.0,4.4,11.8,11.8,,
2021-11-21,Bologna,Venezia,0,1,A,0,0,D,22,8,6,6,17,0,6,9,14:00,-0.75,1.82,2.08,1.81,2.12,1.69,4.34,5.75,1.64,4.05,5.27,0,3,0,0,1.61,4.0,5.5,1.65,4.0,5.0,1.63,4.1,5.25,1.65,4.16,5.65,1.72,2.1,1.75,2.19,1.74,2.09,2021-22,Serie A,0.995082,1.01889,1608.05639648,1491.56188965,116.49450683000008,5.271604938271606,3.604938271604939,11.053497942386834,7.761316872427986,,,,,0.8,1.0,6.6,2.6,4.2,3.4,11.0,8.4,52.4,39.8,3.6,4.6,9.0,12.6,,
2021-11-21,Salernitana,Sampdoria,0,2,A,0,2,A,18,13,2,6,13,3,10,19,14:00,0.25,1.8,2.1,1.84,2.1,3.3,3.5,2.48,3.07,3.29,2.41,0,3,0,0,3.1,3.25,2.37,2.95,3.3,2.4,3.0,3.3,2.4,3.16,3.35,2.45,1.97,1.93,1.96,1.93,1.94,1.88,2021-22,Serie A,0.982098,1.52856,1450.93762207,1593.82055664,-142.88293456999986,5.292181069958849,5.938271604938272,9.880658436213992,10.135802469135804,,,,,1.2,1.6,6.2,5.2,5.0,4.8,10.6,12.0,42.4,45.6,3.4,2.4,11.2,15.6,,
2021-11-21,Inter,Napoli,3,2,H,2,1,H,17,9,7,3,4,1,15,16,17:00,-0.25,1.96,1.94,1.98,1.94,2.33,3.59,3.42,2.25,3.45,3.22,4,3,0,0,2.2,3.5,3.25,2.2,3.4,3.25,2.25,3.5,3.15,2.3,3.49,3.32,1.72,2.1,1.83,2.08,1.76,2.06,2021-22,Serie A,2.19596,0.941603,,1822.06213379,,5.777777777777778,4.000000000000001,15.27160493827161,14.66666666666667,,,,,3.0,1.4,7.0,3.6,5.8,3.4,19.4,11.6,59.8,56.2,3.0,2.8,13.0,15.2,,
2021-11-21,Genoa,Roma,0,2,A,0,0,D,1,19,1,4,1,2,13,13,19:45,0.75,1.99,1.91,2.02,1.9,5.04,4.33,1.76,4.74,4.09,1.69,3,2,0,0,4.75,3.9,1.7,4.8,4.1,1.65,4.5,4.1,1.7,4.89,4.27,1.71,1.61,2.3,1.63,2.4,1.61,2.31,2021-22,Serie A,0.102684,2.34272,1567.140625,1700.76147461,-133.62084961000005,6.666666666666667,9.510288065843625,14.308641975308642,21.69135802469136,,,,,1.2,2.8,6.0,6.2,3.8,7.6,12.2,17.8,48.2,53.0,2.4,3.4,12.8,16.2,,
2021-11-22,Verona,Empoli,2,1,H,0,0,D,22,9,5,4,1,3,7,13,17:30,-0.75,1.98,1.92,2.02,1.91,1.82,4.28,4.7,1.76,3.99,4.39,1,3,0,0,1.7,4.0,4.5,1.73,3.9,4.5,1.75,4.1,4.3,1.79,4.0,4.64,1.57,2.37,1.62,2.44,1.59,2.34,2021-22,Serie A,1.30231,1.56263,1616.63659668,1555.41687012,61.2197265599998,3.761316872427985,5.135802469135804,11.275720164609057,12.197530864197532,,,,,,1.0,,5.6,,4.0,,14.6,,49.8,,3.4,,12.0,,
2021-11-22,Torino,Udinese,2,1,H,1,0,H,14,18,4,7,4,7,19,17,19:45,-0.25,1.75,2.05,1.8,2.13,2.2,3.52,4.0,2.09,3.32,3.74,1,3,0,0,2.05,3.4,3.7,2.05,3.25,3.8,2.1,3.3,3.7,2.11,3.45,3.88,2.2,1.66,2.21,1.74,2.16,1.7,2021-22,Serie A,1.93566,1.00294,1589.49462891,1594.66491699,-5.170288079999864,4.082304526748972,4.765432098765434,15.958847736625518,10.037037037037038,,,,,2.6,2.0,3.8,4.6,3.6,2.4,12.8,13.6,54.4,41.2,3.4,2.4,15.6,14.2,,
2021-11-26,Cagliari,Salernitana,1,1,D,0,0,D,19,8,3,2,7,6,13,10,19:45,-0.5,1.87,2.06,1.87,2.06,1.91,3.8,4.78,1.85,3.53,4.49,3,1,0,0,1.83,3.6,4.33,1.78,3.6,4.6,1.83,3.5,4.6,1.87,3.65,4.65,2.0,1.8,2.15,1.78,2.07,1.76,2021-22,Serie A,1.71881,0.238047,1541.04736328,1445.29577637,95.7515869099998,3.563786008230453,3.320987654320989,9.364883401920444,11.255144032921812,,,,,1.4,0.2,4.0,4.0,6.0,4.6,10.6,10.4,47.8,39.2,2.4,3.6,12.8,11.4,,
2021-11-27,Juventus,Atalanta,0,1,A,0,1,A,15,7,2,1,6,4,13,20,17:00,-0.25,1.91,2.02,1.93,2.0,2.29,3.65,3.54,2.18,3.49,3.33,4,5,0,0,2.2,3.5,3.25,2.1,3.5,3.3,2.15,3.55,3.25,2.24,3.55,3.41,1.72,2.1,1.78,2.15,1.71,2.13,2021-22,Serie A,0.818174,0.573467,1830.30395508,1815.01635742,15.287597659999848,4.267489711934157,5.074074074074074,13.139917695473256,16.86831275720165,,,,,1.6,2.0,4.0,5.4,4.0,4.6,15.0,15.2,56.6,51.0,1.4,1.6,16.4,15.2,,
2021-11-27,Venezia,Inter,0,2,A,0,1,A,6,27,1,11,3,9,9,4,19:45,1.25,2.02,1.91,2.02,1.91,9.03,5.2,1.44,8.18,4.84,1.39,2,0,0,0,8.0,5.0,1.36,7.75,4.75,1.4,8.25,4.6,1.4,9.03,4.89,1.41,1.66,2.2,1.68,2.3,1.62,2.29,2021-22,Serie A,0.192519,2.60343,1505.65869141,,,3.5061728395061733,6.2880658436214,10.25925925925926,15.342935528120716,,,,,1.8,4.0,3.0,7.4,3.6,8.0,9.8,18.8,42.4,61.2,5.8,2.0,14.2,9.2,,
2021-11-27,Sampdoria,Verona,3,1,H,0,1,A,15,14,5,3,4,5,13,16,14:00,0.0,2.11,1.82,2.12,1.83,3.0,3.5,2.6,2.88,3.36,2.49,4,1,0,0,2.9,3.5,2.37,2.85,3.4,2.45,2.85,3.4,2.45,2.97,3.4,2.56,1.88,2.02,1.9,2.0,1.84,1.98,2021-22,Serie A,0.75047,0.697659,1603.72460938,1624.10144043,-20.376831049999964,4.466392318244171,2.938271604938272,9.632373113854596,8.761316872427987,,,,,2.0,,4.8,,5.4,,13.8,,45.0,,2.2,,12.6,,,
2021-11-27,Empoli,Fiorentina,2,1,H,0,0,D,17,16,5,7,8,5,15,10,14:00,0.5,1.73,2.08,1.79,2.14,3.7,3.9,2.15,3.49,3.57,2.09,1,1,0,0,3.4,3.4,2.15,3.7,3.6,1.95,3.4,3.6,2.1,3.59,3.59,2.15,1.72,2.1,1.76,2.17,1.69,2.17,2021-22,Serie A,2.14107,2.39546,1552.21411133,1647.74194336,-95.52783203000013,4.699588477366255,5.046639231824418,11.879286694101513,8.598079561042525,,,,,1.2,1.4,6.0,4.6,3.4,6.0,14.0,9.4,48.0,55.0,5.6,1.8,13.0,12.6,,
2021-11-28,Udinese,Genoa,0,0,D,0,0,D,17,8,3,2,8,1,18,11,11:30,-0.75,2.06,1.87,2.09,1.83,1.88,3.75,5.0,1.81,3.56,4.66,3,4,0,0,1.75,3.6,4.75,1.77,3.6,4.6,1.8,3.65,4.5,1.85,3.58,4.88,2.03,1.87,2.05,1.86,1.98,1.84,2021-22,Serie A,0.782758,0.602047,1589.70300293,1561.43249512,28.2705078099998,3.2825788751714686,4.2866941015089175,12.903978052126202,13.035665294924558,,,,,1.8,0.8,4.2,2.4,3.2,3.0,13.4,7.2,37.6,46.6,3.0,3.6,15.4,12.6,,
2021-11-28,Milan,Sassuolo,1,3,A,1,2,A,15,15,2,5,7,6,15,7,14:00,-1.0,1.97,1.96,1.96,1.96,1.65,4.68,6.0,1.57,4.4,5.37,4,2,1,0,1.53,4.5,5.5,1.55,4.33,5.75,1.57,4.2,5.75,1.59,4.59,5.59,1.53,2.5,1.53,2.65,1.52,2.52,2021-22,Serie A,,,1822.5020752,1659.390625,163.11145020000004,4.296296296296297,4.119341563786009,14.913580246913584,10.954732510288068,,,,,1.4,1.6,5.4,4.6,4.6,3.0,15.0,12.2,53.0,53.2,1.8,2.0,14.0,12.0,,
2021-11-28,Spezia,Bologna,0,1,A,0,0,D,13,17,5,5,3,6,16,12,14:00,0.25,1.9,2.03,1.93,2.0,3.26,3.68,2.42,3.05,3.44,2.31,3,1,0,0,3.0,3.5,2.3,2.9,3.4,2.35,3.0,3.45,2.35,3.26,3.52,2.32,1.72,2.1,1.8,2.11,1.76,2.07,2021-22,Serie A,0.638423,2.54608,1513.90405273,1598.22180176,-84.31774902999996,3.8683127572016462,5.008230452674898,11.971193415637863,12.683127572016463,,,,,2.2,2.0,2.6,4.2,3.8,1.6,10.2,14.2,40.0,51.4,3.2,3.8,14.6,11.6,,
2021-11-28,Roma,Torino,1,0,H,1,0,H,10,17,2,3,2,9,7,11,17:00,-0.75,1.95,1.98,1.94,1.98,1.76,4.2,5.25,1.71,3.98,4.69,2,1,0,0,1.72,4.0,4.5,1.66,4.1,4.6,1.67,3.95,4.9,1.74,4.12,4.85,1.8,2.0,1.83,2.07,1.78,2.04,2021-22,Serie A,0.962178,0.798443,1715.82202148,1598.71862793,117.1033935500002,5.679012345679013,3.395061728395062,17.440329218107,9.79835390946502,,,,,2.0,1.4,5.4,4.6,4.2,6.2,13.6,11.4,41.2,56.4,1.8,1.4,12.4,18.6,,
2021-11-28,Napoli,Lazio,4,0,H,3,0,H,18,6,8,2,1,3,9,14,19:45,-0.75,2.07,1.86,2.07,1.87,1.86,4.09,4.75,1.8,3.79,4.33,2,4,0,0,1.8,3.8,4.33,1.78,3.8,4.2,1.8,3.85,4.3,1.83,3.9,4.54,1.66,2.2,1.69,2.29,1.65,2.21,2021-22,Serie A,1.19531,0.272761,1804.95654297,1715.53540039,89.42114258000015,4.045267489711935,2.954732510288066,15.884773662551442,7.958847736625517,,,,,1.2,2.2,4.8,1.8,3.2,0.6,19.4,7.0,59.8,45.0,2.6,3.2,14.0,12.2,,
2021-11-30,Atalanta,Venezia,4,0,H,2,0,H,19,8,6,4,4,2,11,9,17:30,-1.75,1.94,1.99,1.93,1.98,1.27,6.55,15.0,1.24,6.25,12.62,0,1,0,0,1.22,6.0,12.0,1.24,6.0,12.5,1.25,6.25,11.0,1.24,6.43,14.96,1.53,2.5,1.53,2.61,1.5,2.57,2021-22,Serie A,2.90312,0.520194,1824.50500488,1503.30834961,321.19665526999984,4.3182441700960235,2.40329218106996,15.846364883401924,7.8408779149519905,,,,,1.8,1.0,5.2,2.6,4.8,3.4,15.8,8.4,61.2,39.8,2.8,4.6,12.0,12.6,,
2021-11-30,Fiorentina,Sampdoria,3,1,H,3,1,H,17,11,7,4,3,6,6,16,17:30,-0.75,1.94,1.99,1.94,1.98,1.77,4.0,5.41,1.72,3.81,5.03,0,3,0,0,1.7,3.8,5.0,1.68,3.9,4.8,1.73,3.75,5.0,1.74,3.83,5.31,1.72,2.1,1.76,2.17,1.72,2.13,2021-22,Serie A,2.87335,0.634027,1638.43347168,1614.16040039,24.27307128999996,5.263374485596708,4.958847736625515,15.337448559670785,11.09053497942387,,,,,3.2,1.6,5.0,5.2,6.2,4.8,18.6,12.0,57.4,45.6,3.2,2.4,7.4,15.6,,
2021-11-30,Salernitana,Juventus,0,2,A,0,1,A,4,18,0,7,4,4,14,9,19:45,1.5,1.91,2.02,1.92,2.01,11.0,5.6,1.37,9.65,5.23,1.33,1,1,0,0,9.5,5.5,1.3,9.75,5.5,1.31,9.5,5.25,1.33,9.52,5.49,1.35,1.72,2.1,1.79,2.12,1.74,2.1,2021-22,Serie A,0.461655,2.54436,1449.10473633,1820.81530762,-371.7105712900002,7.861454046639233,3.072702331961592,12.587105624142662,13.342935528120716,,,,,1.2,2.2,6.2,4.4,5.0,3.8,10.6,15.0,42.4,54.6,3.4,2.0,11.2,12.2,,
2021-11-30,Verona,Cagliari,0,0,D,0,0,D,15,12,6,4,11,1,15,12,19:45,-0.75,1.88,2.05,1.88,2.05,1.72,4.23,5.5,1.66,4.08,5.01,3,2,0,0,1.61,4.0,5.25,1.65,4.0,5.0,1.67,3.8,5.25,1.69,4.19,5.15,1.61,2.3,1.65,2.37,1.63,2.28,2021-22,Serie A,1.16014,0.575054,1613.66564941,1537.23840332,76.42724608999993,2.8408779149519905,3.1152263374485605,14.85048010973937,8.152263374485598,,,,,,0.2,,1.8,,2.8,,8.0,,34.6,,4.4,,11.8,,
2021-12-01,Sassuolo,Napoli,2,2,D,0,0,D,9,9,7,4,5,4,10,19,19:45,0.5,2.05,1.88,2.04,1.88,4.22,4.05,1.92,3.98,3.86,1.86,4,2,0,0,4.0,3.9,1.8,4.0,3.7,1.87,3.85,4.0,1.85,4.22,3.9,1.88,1.57,2.37,1.61,2.46,1.57,2.41,2021-22,Serie A,0.306603,0.922552,1677.59069824,1814.43310547,-136.84240723000016,5.45130315500686,3.000000000000001,16.44170096021948,12.77777777777778,,,,,2.0,1.4,5.2,3.6,4.2,3.4,15.0,11.6,58.2,56.2,2.0,2.8,11.8,15.2,,
2021-12-01,Genoa,Milan,0,3,A,0,2,A,10,18,3,5,2,6,11,16,19:45,0.75,2.1,1.83,2.11,1.81,5.75,4.4,1.7,5.16,4.13,1.63,2,1,0,0,5.0,4.0,1.66,4.8,4.0,1.66,5.25,4.2,1.63,5.47,4.24,1.65,1.72,2.1,1.79,2.13,1.74,2.1,2021-22,Serie A,,,1563.44628906,1804.30187988,-240.85559081999983,4.777777777777779,3.788751714677641,9.872427983539096,13.584362139917696,,,,,1.2,1.8,6.0,4.0,3.8,4.8,12.2,14.0,48.2,58.4,2.4,3.4,12.8,12.8,,
2021-12-01,Inter,Spezia,2,0,H,1,0,H,31,7,11,4,11,1,18,10,17:30,-2.0,1.89,2.04,1.88,2.03,1.22,8.0,15.66,1.19,7.34,14.11,1,2,0,0,1.18,7.5,13.0,1.21,6.75,13.5,1.2,7.0,15.0,1.19,7.76,15.66,1.36,3.2,1.38,3.18,1.37,3.05,2021-22,Serie A,2.85144,0.25153,,1507.02868652,,5.185185185185185,5.665294924554185,15.847736625514408,9.85459533607682,,,,,3.0,0.8,7.0,4.6,5.8,4.0,19.4,9.0,59.8,50.0,3.0,5.2,13.0,11.4,,
2021-12-01,Bologna,Roma,1,0,H,1,0,H,6,13,3,5,3,3,9,18,17:30,0.25,1.92,2.01,1.93,2.0,3.2,3.73,2.36,3.07,3.54,2.27,3,4,0,0,3.1,3.6,2.2,3.1,3.6,2.15,3.05,3.5,2.3,3.18,3.65,2.3,1.72,2.1,1.78,2.15,1.72,2.12,2021-22,Serie A,0.220551,0.90512,1605.09716797,1719.95251465,-114.85534667999993,9.181069958847736,7.006858710562416,14.702331961591224,20.794238683127578,,,,,0.8,2.8,6.6,6.2,4.2,7.6,11.0,17.8,52.4,53.0,3.6,3.4,9.0,16.2,,
2021-12-02,Torino,Empoli,2,2,D,2,1,H,10,16,3,5,1,11,9,15,17:30,-0.75,2.02,1.91,2.02,1.91,1.83,3.88,5.02,1.77,3.7,4.69,1,3,1,0,1.72,3.8,4.75,1.73,3.8,4.5,1.75,3.85,4.5,1.79,3.74,5.0,1.9,2.03,1.88,2.04,1.83,1.98,2021-22,Serie A,1.37796,0.972492,1594.58813477,1561.52258301,33.065551759999835,4.054869684499315,4.423868312757203,15.30589849108368,11.131687242798357,,,,,2.6,1.0,3.8,5.6,3.6,4.0,12.8,14.6,54.4,49.8,3.4,3.4,15.6,12.0,,
2021-12-02,Lazio,Udinese,4,4,D,1,3,A,13,12,5,5,5,4,11,11,19:45,-0.75,1.89,2.04,1.89,2.03,1.74,4.2,5.5,1.67,3.96,5.05,3,5,1,2,1.66,3.8,5.25,1.65,3.9,5.25,1.65,4.1,4.9,1.7,4.06,5.28,1.72,2.1,1.81,2.09,1.76,2.08,2021-22,Serie A,1.45921,2.04224,1706.05883789,1587.68908691,118.36975097999994,4.102880658436215,5.510288065843623,12.241426611796983,12.69135802469136,,,,,1.8,2.0,4.2,4.6,2.8,2.4,10.6,13.6,57.0,41.2,1.2,2.4,11.0,14.2,,
2021-12-04,Milan,Salernitana,2,0,H,2,0,H,22,7,8,2,9,5,11,9,14:00,-2.0,2.02,1.77,2.12,1.79,1.24,7.4,17.0,1.21,6.86,13.9,1,2,0,0,1.18,7.0,15.0,1.22,6.75,13.0,1.22,6.75,13.0,1.22,7.05,14.29,1.5,2.62,1.52,2.65,1.51,2.58,2021-22,Serie A,,,1810.30554199,1446.60546875,363.70007323999994,5.197530864197532,4.213991769547326,14.942386831275725,10.170096021947876,,,,,1.4,0.2,5.4,4.0,4.6,4.6,15.0,10.4,53.0,39.2,1.8,3.6,14.0,11.4,,
2021-12-04,Roma,Inter,0,3,A,0,3,A,9,10,1,4,4,4,9,6,17:00,0.5,1.92,2.01,1.93,1.99,3.95,3.88,2.06,3.77,3.67,1.98,3,1,0,0,3.8,3.8,1.9,3.9,3.5,1.93,3.6,3.75,1.97,3.93,3.75,1.99,1.72,2.1,1.73,2.22,1.68,2.21,2021-22,Serie A,0.530518,1.67407,1710.203125,,,4.452674897119342,7.1920438957476005,14.960219478738,19.22862368541381,,,,,2.0,4.0,5.4,7.4,4.2,8.0,13.6,18.8,41.2,61.2,1.8,2.0,12.4,9.2,,
2021-12-04,Napoli,Atalanta,2,3,A,1,1,D,15,21,4,7,6,7,16,18,19:45,0.0,1.84,2.09,1.84,2.1,2.56,3.66,2.96,2.48,3.52,2.8,2,3,0,0,2.45,3.5,2.8,2.55,3.5,2.65,2.5,3.5,2.75,2.52,3.59,2.88,1.66,2.2,1.68,2.29,1.65,2.27,2021-22,Serie A,1.11737,1.52971,1811.76879883,1827.39379883,-15.625,3.0301783264746236,4.71604938271605,16.58984910836763,13.578875171467768,,,,,1.2,2.0,4.8,5.4,3.2,4.6,19.4,15.2,59.8,51.0,2.6,1.6,14.0,15.2,,
2021-12-05,Bologna,Fiorentina,2,3,A,1,1,D,8,6,3,3,0,2,12,15,11:30,0.0,2.05,1.88,2.08,1.85,2.97,3.37,2.7,2.83,3.26,2.58,3,3,0,0,2.87,3.3,2.5,2.75,3.3,2.55,2.75,3.35,2.6,2.97,3.27,2.64,1.87,2.03,1.87,2.04,1.84,1.99,2021-22,Serie A,0.587444,1.21379,1614.84655762,1647.34326172,-32.49670409999999,7.120713305898492,5.031092821216279,11.801554641060816,11.06538637402835,,,,,0.8,1.4,6.6,4.6,4.2,6.0,11.0,9.4,52.4,55.0,3.6,1.8,9.0,12.6,,
2021-12-05,Spezia,Sassuolo,2,2,D,1,0,H,9,20,4,5,2,5,11,9,14:00,0.25,2.07,1.86,2.11,1.82,3.5,3.92,2.15,3.32,3.76,2.09,4,3,0,0,3.3,3.75,2.05,3.2,3.7,2.1,3.25,3.7,2.1,3.48,3.9,2.09,1.57,2.37,1.59,2.49,1.57,2.41,2021-22,Serie A,2.36057,1.4473,1505.61999512,1680.25500488,-174.63500975999978,3.578875171467765,4.7462277091906735,12.314128943758575,12.303155006858711,,,,,2.2,1.6,2.6,4.6,3.8,3.0,10.2,12.2,40.0,53.2,3.2,2.0,14.6,12.0,,
2021-12-05,Venezia,Verona,3,4,A,3,0,H,9,16,5,6,1,6,13,14,14:00,0.5,1.88,2.05,1.88,2.05,3.99,3.6,2.17,3.66,3.44,2.07,2,2,1,0,3.6,3.5,2.0,3.3,3.5,2.1,3.6,3.4,2.1,3.97,3.54,2.05,2.0,1.9,1.98,1.92,1.94,1.88,2021-22,Serie A,1.48718,2.08845,1500.41955566,1610.37695312,-109.95739746000004,3.3374485596707824,3.6255144032921818,8.839506172839506,10.507544581618657,,,,,1.8,,3.0,,3.6,,9.8,,42.4,,5.8,,14.2,,,
2021-12-05,Sampdoria,Lazio,1,3,A,0,3,A,18,6,5,5,7,0,13,9,17:00,0.25,2.07,1.86,2.11,1.82,3.57,3.86,2.15,3.38,3.65,2.09,4,3,0,1,3.5,3.6,2.05,3.4,3.7,2.05,3.3,3.65,2.1,3.52,3.83,2.09,1.66,2.2,1.67,2.33,1.66,2.23,2021-22,Serie A,1.14767,1.15156,1605.25061035,1701.75134277,-96.50073242000008,4.310928212162781,2.9698216735253773,11.421582075903064,7.305898491083679,,,,,2.0,2.2,4.8,1.8,5.4,0.6,13.8,7.0,45.0,45.0,2.2,3.2,12.6,12.2,,
2021-12-05,Juventus,Genoa,2,0,H,1,0,H,27,0,12,0,5,1,15,7,19:45,-1.75,2.01,1.92,2.01,1.89,1.29,6.4,15.25,1.25,5.91,12.41,3,1,0,0,1.25,6.0,12.0,1.29,5.5,11.0,1.25,6.0,12.0,1.26,6.23,13.18,1.66,2.2,1.68,2.29,1.66,2.23,2021-22,Serie A,3.00541,0.0,1823.3145752,1557.44274902,265.87182617999997,4.8449931412894385,3.1911294010059454,13.759945130315504,11.357110196616372,,,,,1.6,0.8,4.0,2.4,4.0,3.0,15.0,7.2,56.6,46.6,1.4,3.6,16.4,12.6,,
2021-12-06,Empoli,Udinese,3,1,H,0,1,A,22,19,9,8,8,6,12,18,17:30,0.0,1.9,2.03,1.92,2.01,2.7,3.55,2.82,2.59,3.39,2.72,4,3,0,0,2.6,3.25,2.8,2.5,3.5,2.65,2.6,3.4,2.7,2.67,3.45,2.79,1.88,2.02,1.96,1.94,1.87,1.95,2021-22,Serie A,2.02523,2.08721,1563.64282227,1591.99658203,-28.353759760000003,5.7997256515775035,5.006858710562415,13.586191129401008,12.46090534979424,,,,,1.2,2.0,6.0,4.6,3.4,2.4,14.0,13.6,48.0,41.2,5.6,2.4,13.0,14.2,,
2021-12-06,Cagliari,Torino,1,1,D,0,1,A,15,8,2,3,5,2,12,24,19:45,0.25,1.92,2.01,1.9,2.03,3.5,3.48,2.65,3.23,3.26,2.32,2,4,0,0,3.5,3.2,2.25,3.25,3.3,2.2,3.15,3.3,2.3,3.4,3.24,2.38,2.0,1.8,2.15,1.77,2.06,1.76,2021-22,Serie A,1.20956,1.90192,1540.52709961,1592.46777344,-51.94067382999992,4.709190672153635,5.263374485596708,12.576588934613628,12.198902606310014,,,,,1.4,1.4,4.0,4.6,6.0,6.2,10.6,11.4,47.8,56.4,2.4,1.4,12.8,18.6,,
2021-12-10,Genoa,Sampdoria,1,3,A,0,1,A,12,14,2,6,8,3,15,17,19:45,0.25,1.88,2.05,1.89,2.04,3.4,3.3,2.45,3.27,3.18,2.37,2,2,0,0,3.2,3.3,2.25,3.4,3.0,2.3,3.2,3.15,2.35,3.4,3.2,2.4,2.1,1.72,2.21,1.74,2.16,1.71,2021-22,Serie A,1.01041,2.02929,1548.35412598,1589.93334961,-41.579223630000115,3.851851851851853,5.305898491083677,9.914951989026063,11.060356652949247,,,,,1.2,1.6,6.0,5.2,3.8,4.8,12.2,12.0,48.2,45.6,2.4,2.4,12.8,15.6,,
2021-12-11,Fiorentina,Salernitana,4,0,H,1,0,H,17,11,9,6,1,3,9,11,14:00,-1.5,1.97,1.96,1.96,1.96,1.37,5.65,11.0,1.32,5.41,9.59,1,1,0,0,1.3,5.5,9.5,1.33,5.25,9.5,1.33,5.5,9.0,1.34,5.57,9.83,1.66,2.2,1.7,2.27,1.67,2.23,2021-22,Serie A,2.74247,0.924612,1649.40112305,1438.76586914,210.63525391000007,4.508916323731139,4.4759945130315515,15.891632373113858,9.11339734796525,,,,,3.2,0.2,5.0,4.0,6.2,4.6,18.6,10.4,57.4,39.2,3.2,3.6,7.4,11.4,,
2021-12-11,Venezia,Juventus,1,1,D,0,1,A,13,20,4,6,3,11,20,10,17:00,1.25,1.98,1.95,2.02,1.91,9.5,5.05,1.44,8.54,4.8,1.39,4,2,0,0,9.0,4.75,1.36,8.5,4.6,1.39,8.0,4.8,1.4,9.46,4.95,1.39,1.72,2.1,1.79,2.13,1.75,2.09,2021-22,Serie A,0.433734,1.53897,1487.92932129,1821.63574219,-333.7064209,2.558299039780522,3.381801554641062,8.893004115226338,14.895290352080478,,,,,1.8,2.2,3.0,4.4,3.6,3.8,9.8,15.0,42.4,54.6,5.8,2.0,14.2,12.2,,
2021-12-11,Udinese,Milan,1,1,D,1,0,H,11,12,6,1,3,5,17,10,19:45,0.5,2.0,1.93,2.01,1.92,4.45,3.74,1.95,4.23,3.58,1.9,2,2,1,0,4.2,3.5,1.9,4.2,3.5,1.87,4.1,3.6,1.9,4.33,3.7,1.92,1.98,1.92,1.94,1.96,1.92,1.9,2021-22,Serie A,,,1574.61254883,1800.96325684,-226.3507080100001,4.855052583447646,4.525834476451761,14.269318701417468,15.0562414266118,,,,,1.8,1.8,4.2,4.0,3.2,4.8,13.4,14.0,37.6,58.4,3.0,3.4,15.4,12.8,,
2021-12-12,Torino,Bologna,2,1,H,1,0,H,16,8,7,5,5,0,16,18,11:30,-0.25,1.97,1.96,1.97,1.95,2.36,3.4,3.55,2.28,3.23,3.37,2,4,0,0,2.2,3.25,3.5,2.3,3.3,3.1,2.3,3.25,3.3,2.32,3.25,3.54,2.1,1.72,2.14,1.78,2.07,1.77,2021-22,Serie A,2.12527,0.945252,1585.79858398,1600.34912109,-14.550537109999825,3.0365797896662103,5.338820301783265,13.537265660722454,14.122085048010977,,,,,2.6,2.0,3.8,4.2,3.6,1.6,12.8,14.2,54.4,51.4,3.4,3.8,15.6,11.6,,
2021-12-12,Verona,Atalanta,1,2,A,1,1,D,19,14,4,6,6,6,12,10,14:00,0.5,1.97,1.96,1.99,1.93,3.94,4.1,1.99,3.74,3.9,1.92,2,1,0,0,3.8,3.8,1.9,3.6,3.75,1.95,3.65,3.9,1.9,3.83,4.09,1.93,1.53,2.5,1.55,2.61,1.55,2.46,2021-22,Serie A,0.996933,1.01933,1610.42749023,1818.10595703,-207.6784667999998,5.560585276634661,5.477366255144034,14.900320073159582,16.05258344764518,,,,,,2.0,,5.4,,4.6,,15.2,,51.0,,1.6,,15.2,,
2021-12-12,Napoli,Empoli,0,1,A,0,0,D,30,12,6,5,10,3,8,11,17:00,-1.5,2.03,1.9,2.04,1.89,1.39,5.81,10.0,1.36,5.26,8.4,0,1,0,0,1.33,5.0,10.0,1.31,5.5,9.75,1.35,5.25,8.25,1.37,5.35,8.99,1.44,2.75,1.5,2.74,1.47,2.7,2021-22,Serie A,1.61708,0.644488,1802.21557617,1568.5871582,233.6284179700001,4.020118884316416,6.6159122085048025,16.05989940557842,12.754458161865571,,,,,1.2,1.0,4.8,5.6,3.2,4.0,19.4,14.6,59.8,49.8,2.6,3.4,14.0,12.0,,
2021-12-12,Sassuolo,Lazio,2,1,H,0,1,A,17,6,6,2,6,0,9,11,17:00,0.0,2.0,1.93,1.99,1.93,2.8,3.76,2.69,2.67,3.55,2.56,1,2,1,0,2.7,3.5,2.5,2.75,3.7,2.35,2.65,3.5,2.55,2.72,3.65,2.63,1.53,2.5,1.57,2.54,1.55,2.45,2021-22,Serie A,0.893952,0.733536,1670.33496094,1699.04064941,-28.70568847000004,5.300868770004573,1.9798811156835852,13.961133973479656,6.870598994055786,,,,,2.0,2.2,5.2,1.8,4.2,0.6,15.0,7.0,58.2,45.0,2.0,3.2,11.8,12.2,,
2021-12-12,Inter,Cagliari,4,0,H,1,0,H,24,5,15,2,9,0,9,13,19:45,-2.0,1.89,2.04,1.85,2.07,1.2,8.0,19.0,1.18,7.45,15.53,1,2,0,0,1.16,8.0,15.0,1.19,7.5,14.5,1.2,7.5,13.0,1.18,7.82,18.32,1.36,3.2,1.37,3.25,1.35,3.2,2021-22,Serie A,3.63912,0.222398,,1534.75683594,,7.123456790123457,2.410150891632374,20.89849108367627,9.434842249657066,,,,,3.0,0.2,7.0,1.8,5.8,2.8,19.4,8.0,59.8,34.6,3.0,4.4,13.0,11.8,,
2021-12-13,Roma,Spezia,2,0,H,1,0,H,12,8,6,2,9,4,13,7,19:45,-1.25,1.93,2.0,1.95,1.97,1.46,5.2,8.5,1.41,4.89,7.33,4,1,1,0,1.4,5.0,7.5,1.41,5.0,7.25,1.43,5.0,6.75,1.44,5.04,7.63,1.53,2.5,1.57,2.54,1.54,2.48,2021-22,Serie A,2.29875,0.609287,1699.79785156,1503.10058594,196.69726562000005,4.301783264746229,4.110196616369457,12.973479652492,8.903063557384547,,,,,2.0,0.8,5.4,4.6,4.2,4.0,13.6,9.0,41.2,50.0,1.8,5.2,12.4,11.4,,
2021-12-17,Lazio,Genoa,3,1,H,1,0,H,11,4,5,2,5,2,9,8,17:30,-1.0,1.99,1.94,1.97,1.95,1.58,4.4,7.0,1.54,4.21,6.5,0,3,0,0,1.53,4.33,6.0,1.51,4.1,6.75,1.5,4.2,7.0,1.54,4.31,6.89,1.87,2.03,1.88,2.02,1.85,1.98,2021-22,Serie A,2.07083,0.172789,1691.3626709,1537.28662109,154.0760498100001,4.401920438957477,2.460752934003964,12.494284407864658,7.571406797744249,,,,,1.8,0.8,4.2,2.4,2.8,3.0,10.6,7.2,57.0,46.6,1.2,3.6,11.0,12.6,,
2021-12-17,Salernitana,Inter,0,5,A,0,2,A,10,23,2,8,3,10,10,10,19:45,2.25,1.77,2.02,1.82,2.08,19.62,8.8,1.2,16.81,7.85,1.17,1,2,0,0,15.0,8.0,1.16,15.5,7.75,1.17,17.0,7.25,1.17,17.5,8.6,1.17,1.44,2.75,1.45,2.85,1.44,2.77,2021-22,Serie A,1.09173,3.31333,1433.18713379,,,6.574302697759489,6.128029263831734,9.724737082761775,16.152415790275874,,,,,1.2,4.0,6.2,7.4,5.0,8.0,10.6,18.8,42.4,61.2,3.4,2.0,11.2,9.2,,
2021-12-18,Atalanta,Roma,1,4,A,1,2,A,17,8,6,5,10,0,11,15,14:00,-0.75,1.92,2.01,1.92,2.01,1.75,4.55,5.0,1.69,4.25,4.58,1,3,0,0,1.7,4.33,4.33,1.68,4.4,4.2,1.7,4.2,4.5,1.72,4.32,4.7,1.57,2.37,1.59,2.49,1.56,2.42,2021-22,Serie A,1.47111,1.99516,1822.00683594,1703.86157227,118.14526367000008,4.212162780064016,5.6712391403749445,16.897576588934616,18.19615912208505,,,,,1.8,2.8,5.2,6.2,4.8,7.6,15.8,17.8,61.2,53.0,2.8,3.4,12.0,16.2,,
2021-12-18,Bologna,Juventus,0,2,A,0,1,A,11,11,3,7,8,4,7,19,17:00,0.5,1.99,1.94,2.0,1.93,4.4,3.84,1.94,4.18,3.62,1.89,1,1,0,0,4.1,3.7,1.83,4.0,3.7,1.87,4.2,3.75,1.83,4.35,3.66,1.93,1.96,1.94,1.96,1.94,1.91,1.91,2021-22,Serie A,0.844256,1.39683,1593.01647949,1814.69140625,-221.6749267600001,4.747142203932328,5.921201036427375,10.53436976070721,16.596860234720317,,,,,0.8,2.2,6.6,4.4,4.2,3.8,11.0,15.0,52.4,54.6,3.6,2.0,9.0,12.2,,
2021-12-18,Cagliari,Udinese,0,4,A,0,2,A,5,10,2,5,4,2,12,14,19:45,0.25,1.81,2.13,1.8,2.15,3.15,3.44,2.53,3.01,3.3,2.45,4,2,1,0,3.0,3.25,2.4,3.0,3.3,2.35,2.95,3.3,2.45,3.14,3.24,2.53,1.98,1.92,2.0,1.91,1.95,1.87,2021-22,Serie A,0.183657,0.521701,1532.22692871,1579.59875488,-47.37182616999985,4.80612711476909,5.3379058070416106,13.384392623075753,14.640603566529496,,,,,1.4,2.0,4.0,4.6,6.0,2.4,10.6,13.6,47.8,41.2,2.4,2.4,12.8,14.2,,
2021-12-19,Sampdoria,Venezia,1,1,D,1,0,H,18,12,8,1,4,3,8,17,17:00,-0.75,2.04,1.89,2.04,1.88,1.85,3.92,4.94,1.79,3.76,4.55,2,1,0,0,1.8,3.8,4.33,1.77,3.75,4.5,1.77,3.85,4.3,1.8,3.74,4.94,1.72,2.1,1.82,2.08,1.75,2.09,2021-22,Serie A,1.80875,0.811355,1601.00085449,1494.87365723,106.12719726,5.207285474775187,2.26886145404664,13.614388050602043,7.893918609967994,,,,,2.0,1.0,4.8,2.6,5.4,3.4,13.8,8.4,45.0,39.8,2.2,4.6,12.6,12.6,,
2021-12-19,Torino,Verona,1,0,H,1,0,H,8,8,1,2,5,3,15,7,17:00,-0.25,1.94,1.99,1.94,1.98,2.29,3.5,3.53,2.23,3.37,3.34,1,2,0,1,2.2,3.4,3.3,2.25,3.4,3.2,2.25,3.4,3.25,2.28,3.35,3.51,1.98,1.92,1.94,1.96,1.93,1.89,2021-22,Serie A,0.860761,0.261412,1593.13110352,1606.52648926,-13.395385740000163,3.691053193110807,4.417009602194788,14.358177107148304,12.338363054412438,,,,,2.6,,3.8,,3.6,,12.8,,54.4,,3.4,,15.6,,,
2021-12-19,Spezia,Empoli,1,1,D,0,0,D,9,22,2,6,3,5,20,9,14:00,0.0,1.99,1.94,2.02,1.91,2.75,3.79,2.7,2.65,3.65,2.53,3,2,0,0,2.62,3.75,2.45,2.6,3.6,2.5,2.65,3.6,2.55,2.72,3.75,2.58,1.57,2.37,1.63,2.4,1.61,2.34,2021-22,Serie A,1.36967,1.224,1499.03674316,1582.78930664,-83.75256347999994,3.0525834476451768,5.410608139003203,11.209419295839052,12.502972107910384,,,,,2.2,1.0,2.6,5.6,3.8,4.0,10.2,14.6,40.0,49.8,3.2,3.4,14.6,12.0,,
2021-12-19,Milan,Napoli,0,1,A,0,1,A,12,11,2,2,5,5,14,18,19:45,-0.25,2.0,1.93,2.01,1.92,2.38,3.7,3.22,2.28,3.53,3.1,0,2,0,0,2.25,3.5,3.1,2.2,3.5,3.1,2.3,3.5,3.05,2.32,3.64,3.16,1.8,2.0,1.81,2.09,1.8,2.03,2021-22,Serie A,,,1795.97705078,1788.01342773,7.963623049999796,6.465020576131688,3.333333333333334,17.294924554183815,11.51851851851852,,,,,1.4,1.4,5.4,3.6,4.6,3.4,15.0,11.6,53.0,56.2,1.8,2.8,14.0,15.2,,
2021-12-19,Fiorentina,Sassuolo,2,2,D,0,2,A,23,8,8,4,9,3,7,14,11:30,-0.5,1.9,2.03,1.92,2.01,1.96,4.03,4.15,1.89,3.84,3.93,3,5,1,0,1.85,3.8,3.9,1.85,3.9,3.8,1.9,3.95,3.75,1.92,3.85,4.15,1.53,2.5,1.56,2.58,1.55,2.47,2021-22,Serie A,2.26952,1.00122,1654.97998047,1678.01293945,-23.032958979999876,3.339277549154093,4.830818472793783,16.261088248742574,14.868770004572475,,,,,3.2,1.6,5.0,4.6,6.2,3.0,18.6,12.2,57.4,53.2,3.2,2.0,7.4,12.0,,
2021-12-21,Genoa,Atalanta,0,0,D,0,0,D,1,17,0,3,3,8,13,15,19:45,1.25,1.98,1.92,2.01,1.91,8.2,5.5,1.44,7.66,5.03,1.41,2,1,0,0,7.5,5.25,1.36,7.25,5.0,1.41,7.0,5.0,1.43,8.14,4.95,1.43,1.53,2.5,1.56,2.56,1.54,2.48,2021-22,Serie A,0.0227283,1.41779,1532.22265625,1801.89685059,-269.67419434,5.234567901234568,5.6515775034293565,10.609967992684044,15.368388965096788,,,,,1.2,2.0,6.0,5.4,3.8,4.6,12.2,15.2,48.2,51.0,2.4,1.6,12.8,15.2,,
2021-12-21,Juventus,Cagliari,2,0,H,1,0,H,15,6,4,1,7,1,16,12,19:45,-1.75,1.89,2.01,1.92,1.99,1.23,7.25,21.0,1.2,6.61,17.1,0,3,0,0,1.18,6.5,17.0,1.22,6.0,16.0,1.2,6.5,16.0,1.19,7.0,20.0,1.72,2.1,1.74,2.19,1.7,2.17,2021-22,Serie A,2.24385,1.13484,1819.98181152,1516.62646484,303.35534668000014,4.896662094192959,1.6067672610882495,18.17329675354367,7.956561499771379,,,,,1.6,0.2,4.0,1.8,4.0,2.8,15.0,8.0,56.6,34.6,1.4,4.4,16.4,11.8,,
2021-12-22,Sassuolo,Bologna,0,3,A,0,2,A,13,9,5,5,5,5,13,12,15:30,-0.5,2.04,1.86,2.06,1.88,2.08,3.79,3.75,2.03,3.68,3.55,1,3,0,0,2.0,3.6,3.6,2.0,3.7,3.5,2.05,3.75,3.4,2.06,3.76,3.69,1.57,2.37,1.62,2.42,1.6,2.35,2021-22,Serie A,0.775996,1.4889,1678.30944824,1587.72607422,90.58337401999984,5.533912513336382,3.559213534522178,14.974089315653105,12.081390032007318,,,,,2.0,2.0,5.2,4.2,4.2,1.6,15.0,14.2,58.2,51.4,2.0,3.8,11.8,11.6,,
2021-12-22,Venezia,Lazio,1,3,A,1,1,D,11,7,2,4,4,4,11,10,15:30,0.5,1.98,1.92,1.97,1.95,4.65,3.85,1.96,4.13,3.63,1.9,3,3,1,0,4.2,3.6,1.85,4.33,3.75,1.78,3.9,3.7,1.9,4.24,3.63,1.95,1.72,2.1,1.88,2.04,1.81,2.02,2021-22,Serie A,0.755959,1.55202,1498.68530273,1696.42663574,-197.74133300999983,2.7055326931870147,1.319920743789057,10.262002743484226,6.5803993293705245,,,,,1.8,2.2,3.0,1.8,3.6,0.6,9.8,7.0,42.4,45.0,5.8,3.2,14.2,12.2,,
2021-12-22,Inter,Torino,1,0,H,1,0,H,14,12,3,3,7,4,10,17,17:30,-1.5,1.95,1.95,1.99,1.93,1.38,5.8,11.0,1.33,5.41,9.5,1,0,0,0,1.3,5.5,10.0,1.3,5.5,10.0,1.33,5.0,10.0,1.34,5.64,9.71,1.57,2.37,1.65,2.36,1.62,2.34,2021-22,Serie A,1.02989,0.536356,,1600.61364746,,7.748971193415639,4.175582990397806,21.93232738911751,10.799268404206677,,,,,3.0,1.4,7.0,4.6,5.8,6.2,19.4,11.4,59.8,56.4,3.0,1.4,13.0,18.6,,
2021-12-22,Roma,Sampdoria,1,1,D,0,0,D,15,10,4,2,10,2,6,8,17:30,-1.0,1.97,1.93,2.02,1.91,1.62,4.5,6.0,1.57,4.32,5.62,0,3,0,0,1.55,4.33,5.5,1.57,4.2,5.5,1.57,4.2,5.75,1.6,4.46,5.69,1.61,2.3,1.66,2.34,1.63,2.3,2021-22,Serie A,1.45266,1.18082,1723.97167969,1597.18920898,126.78247070999988,5.86785550983082,4.5372656607224515,12.648986434994669,12.040237768632831,,,,,2.0,1.6,5.4,5.2,4.2,4.8,13.6,12.0,41.2,45.6,1.8,2.4,12.4,15.6,,
2021-12-22,Verona,Fiorentina,1,1,D,1,0,H,7,11,2,1,3,8,15,5,17:30,0.25,1.77,2.02,1.81,2.13,3.04,3.6,2.54,2.89,3.45,2.43,2,1,0,0,2.9,3.5,2.37,2.8,3.4,2.4,2.85,3.5,2.45,3.01,3.48,2.48,1.72,2.1,1.71,2.25,1.7,2.16,2021-22,Serie A,0.948779,1.28925,1599.04394531,1654.68347168,-55.639526369999885,5.707056851089774,4.02072854747752,16.266880048773057,9.376924249352234,,,,,,1.4,,4.6,,6.0,,9.4,,55.0,,1.8,,12.6,,
2021-12-22,Empoli,Milan,2,4,A,1,2,A,16,18,5,8,7,3,18,10,19:45,0.75,1.91,1.99,1.97,1.95,4.8,4.25,1.82,4.46,3.99,1.76,1,2,0,0,4.5,3.9,1.75,4.5,3.9,1.73,4.4,3.95,1.75,4.78,4.03,1.76,1.57,2.37,1.61,2.46,1.57,2.4,2021-22,Serie A,,,1581.34838867,1786.90588379,-205.55749511999988,6.533150434385003,4.683889650967841,16.39079408626734,14.037494284407869,,,,,1.2,1.8,6.0,4.0,3.4,4.8,14.0,14.0,48.0,58.4,5.6,3.4,13.0,12.8,,
2021-12-22,Napoli,Spezia,0,1,A,0,1,A,25,8,7,0,10,5,14,12,19:45,-1.75,1.92,1.98,1.92,1.99,1.28,6.7,15.0,1.25,6.27,12.17,2,3,0,0,1.22,6.5,12.0,1.26,6.25,11.0,1.25,6.5,11.0,1.25,6.5,13.25,1.44,2.75,1.48,2.76,1.47,2.68,2021-22,Serie A,1.45364,0.355079,1797.08459473,1500.47766113,296.60693360000005,6.013412589544277,4.073464410912972,20.70659960371895,8.602042371589699,,,,,1.2,0.8,4.8,4.6,3.2,4.0,19.4,9.0,59.8,50.0,2.6,5.2,14.0,11.4,,
2022-01-06,Sassuolo,Genoa,1,1,D,0,1,A,28,4,7,1,7,4,8,11,15:30,-1.0,2.05,1.85,2.1,1.84,1.66,4.5,5.75,1.61,4.28,5.2,3,0,0,0,1.57,4.33,5.25,1.57,4.2,5.5,1.6,4.3,5.25,1.64,4.42,5.33,1.66,2.2,1.67,2.32,1.64,2.26,2021-22,Serie A,2.1565,0.213242,1659.38745117,1538.16235352,121.22509765000018,5.355941675557588,2.3071686226693098,14.316059543768738,6.380937865162833,,,,,2.0,0.8,5.2,2.4,4.2,3.0,15.0,7.2,58.2,46.6,2.0,3.6,11.8,12.6,,
2022-01-06,Juventus,Napoli,1,1,D,0,1,A,22,16,5,4,4,3,8,11,19:45,-0.5,1.98,1.92,1.99,1.93,2.02,3.66,4.35,1.96,3.52,3.96,2,1,0,0,1.9,3.6,4.0,1.87,3.5,4.2,1.97,3.5,3.85,1.99,3.59,4.14,2.04,1.86,2.06,1.86,2.01,1.82,2021-22,Serie A,1.07965,0.884683,1822.45068359,1781.72875977,40.72192382000003,5.597774729461973,3.8888888888888897,17.115531169029115,11.34567901234568,,,,,1.6,1.4,4.0,3.6,4.0,3.4,15.0,11.6,56.6,56.2,1.4,2.8,16.4,15.2,,
2022-01-06,Milan,Roma,3,1,H,2,1,H,19,11,5,5,3,9,6,20,17:30,-0.5,2.0,1.9,2.04,1.88,2.05,3.88,3.97,1.98,3.67,3.71,2,6,0,2,1.9,3.7,3.8,1.98,3.6,3.7,1.97,3.7,3.6,2.04,3.73,3.78,1.72,2.1,1.77,2.15,1.73,2.13,2021-22,Serie A,,,1792.42382812,1719.67785645,72.74597167000002,5.976680384087793,3.780826093583297,15.529949702789212,14.797439414723367,,,,,1.4,2.8,5.4,6.2,4.6,7.6,15.0,17.8,53.0,53.0,1.8,3.4,14.0,16.2,,
2022-01-06,Sampdoria,Cagliari,1,2,A,1,0,H,4,15,1,7,0,5,12,17,11:30,-0.5,1.84,2.06,1.89,2.04,1.9,3.94,4.6,1.84,3.72,4.24,1,3,1,0,1.85,3.75,4.0,1.8,3.75,4.33,1.83,3.8,4.1,1.89,3.65,4.53,1.8,2.0,1.84,2.06,1.8,2.04,2021-22,Serie A,0.731494,2.18965,1601.48303223,1514.15771484,87.32531739000001,4.804856983183458,1.4045115073921663,15.076258700401365,7.304374333180919,,,,,2.0,0.2,4.8,1.8,5.4,2.8,13.8,8.0,45.0,34.6,2.2,4.4,12.6,11.8,,
2022-01-06,Spezia,Verona,1,2,A,0,0,D,9,22,3,5,6,7,14,11,13:30,0.25,2.08,1.73,2.15,1.79,3.79,3.65,2.19,3.56,3.54,2.07,3,2,1,0,3.5,3.5,2.05,3.5,3.5,2.05,3.45,3.55,2.1,3.79,3.61,2.07,1.8,2.0,1.82,2.09,1.79,2.04,2021-22,Serie A,1.32415,2.16034,1515.83361816,1599.70227051,-83.86865235000005,3.0350556317634516,3.9446730681298594,10.472946197226037,10.89224203627496,,,,,2.2,,2.6,,3.8,,10.2,,40.0,,3.2,,14.6,,,
2022-01-06,Lazio,Empoli,3,3,D,1,2,A,23,11,10,4,9,2,13,11,13:30,-1.0,2.05,1.85,2.02,1.91,1.66,4.7,5.5,1.61,4.43,4.99,4,4,0,0,1.6,4.4,5.0,1.61,4.33,4.8,1.63,4.4,4.8,1.62,4.67,5.18,1.5,2.62,1.5,2.71,1.51,2.57,2021-22,Serie A,3.09009,2.15425,1702.2010498,1575.83044434,126.37060545999998,4.601280292638318,5.273738759335469,11.996189605243108,15.668648071940256,,,,,1.8,1.0,4.2,5.6,2.8,4.0,10.6,14.6,57.0,49.8,1.2,3.4,11.0,12.0,,
2022-01-09,Empoli,Sassuolo,1,5,A,1,2,A,15,25,4,14,5,5,10,15,11:30,0.0,1.93,1.97,1.98,1.91,2.65,4.08,2.7,2.53,3.84,2.55,2,3,1,0,2.5,3.8,2.55,2.6,3.8,2.45,2.5,3.75,2.6,2.62,3.94,2.52,1.44,2.75,1.46,2.78,1.45,2.73,2021-22,Serie A,1.02555,4.0481,1580.03063965,1655.30993652,-75.27929687000005,6.688766956256669,4.220545648529189,16.260529390844894,12.579180003048318,,,,,1.2,1.6,6.0,4.6,3.4,3.0,14.0,12.2,48.0,53.2,5.6,2.0,13.0,12.0,,
2022-01-09,Venezia,Milan,0,3,A,0,1,A,9,18,3,8,1,7,11,11,11:30,1.0,1.86,2.04,1.93,1.96,6.5,4.36,1.63,5.89,4.1,1.58,1,3,1,0,6.0,4.0,1.57,6.0,3.75,1.6,5.75,4.1,1.6,6.29,4.17,1.56,1.86,2.04,1.81,2.06,1.82,2.01,2021-22,Serie A,,,1492.9107666,1799.96984863,-307.0590820299999,3.13702179545801,4.122593100645227,10.508001828989483,15.35832952293858,,,,,1.8,1.8,3.0,4.0,3.6,4.8,9.8,14.0,42.4,58.4,5.8,3.4,14.2,12.8,,
2022-01-09,Napoli,Sampdoria,1,0,H,1,0,H,22,10,5,1,13,0,12,11,15:30,-1.25,2.04,1.86,1.99,1.89,1.5,5.0,8.0,1.45,4.67,6.77,0,2,0,0,1.4,5.0,7.5,1.44,4.6,6.75,1.47,4.7,6.25,1.46,4.76,7.08,1.61,2.3,1.64,2.33,1.61,2.3,2021-22,Serie A,1.42942,0.369245,1783.71411133,1590.53125,193.18286132999992,7.342275059696185,3.6915104404816343,22.13773306914597,11.36015851242189,,,,,1.2,1.6,4.8,5.2,3.2,4.8,19.4,12.0,59.8,45.6,2.6,2.4,14.0,15.6,,
2022-01-09,Udinese,Atalanta,2,6,A,0,3,A,8,21,4,7,2,5,9,12,15:30,0.25,2.08,1.85,2.08,1.85,3.65,3.7,2.16,3.49,3.52,2.09,2,2,0,0,3.5,3.6,2.05,3.4,3.7,2.05,3.45,3.5,2.1,3.62,3.55,2.15,1.66,2.2,1.71,2.24,1.66,2.22,2021-22,Serie A,0.725694,3.65946,1595.19921875,1795.95715332,-200.7579345700001,4.236701722298431,6.434385002286238,13.17954580094498,15.912259310064526,,,,,1.8,2.0,4.2,5.4,3.2,4.6,13.4,15.2,37.6,51.0,3.0,1.6,15.4,15.2,,
2022-01-09,Genoa,Spezia,0,1,A,0,1,A,15,17,2,9,7,4,17,16,17:30,-0.25,1.88,2.02,1.87,2.02,2.33,3.48,3.68,2.19,3.3,3.45,3,3,0,0,2.1,3.3,3.6,2.2,3.3,3.3,2.25,3.3,3.4,2.19,3.32,3.64,2.1,1.72,2.09,1.79,2.05,1.78,2021-22,Serie A,0.956415,1.75709,1542.23986816,1509.2121582,33.02770996000004,4.489711934156379,4.382309607275315,7.4066453284560305,8.401361581059799,,,,,1.2,0.8,6.0,4.6,3.8,4.0,12.2,9.0,48.2,50.0,2.4,5.2,12.8,11.4,,
2022-01-09,Roma,Juventus,3,4,A,1,1,D,19,14,7,5,8,1,11,12,17:30,0.25,1.96,1.94,1.94,1.94,3.56,3.66,2.28,3.29,3.44,2.2,3,4,0,1,3.3,3.5,2.15,3.3,3.4,2.15,3.25,3.4,2.25,3.37,3.4,2.26,1.93,1.97,1.94,1.93,1.9,1.92,2021-22,Serie A,2.53255,1.45001,1712.13195801,1820.46533203,-108.33337401999984,7.24523700655388,5.280800690951583,13.43265762332978,14.731240156480212,,,,,2.0,2.2,5.4,4.4,4.2,3.8,13.6,15.0,41.2,54.6,1.8,2.0,12.4,12.2,,
2022-01-09,Inter,Lazio,2,1,H,1,1,D,17,5,6,2,4,3,11,14,19:45,-1.25,1.94,1.96,1.89,2.0,1.46,5.3,8.3,1.43,4.83,7.1,1,4,0,0,1.4,5.0,7.0,1.44,4.75,6.75,1.43,5.0,6.75,1.44,4.78,7.46,1.53,2.5,1.53,2.59,1.53,2.49,2021-22,Serie A,2.15451,0.747451,,1698.00085449,,7.49931412894376,2.2132804958593715,19.28821825941168,6.72026621958035,,,,,3.0,2.2,7.0,1.8,5.8,0.6,19.4,7.0,59.8,45.0,3.0,3.2,13.0,12.2,,
2022-01-09,Verona,Salernitana,1,2,A,0,1,A,24,9,7,5,17,4,13,12,19:45,-1.25,1.89,2.01,1.88,2.02,1.43,5.3,9.5,1.38,4.94,8.16,1,3,1,0,1.36,5.0,8.0,1.38,4.8,8.25,1.4,5.0,7.75,1.38,5.07,8.75,1.66,2.2,1.67,2.29,1.66,2.23,2021-22,Serie A,1.38469,1.28422,1606.3236084,1430.8939209,175.4296875,4.804704567393183,3.9839963420210345,13.177920032515374,9.7422648986435,,,,,,0.2,,4.0,,4.6,,10.4,,39.2,,3.6,,11.4,,
2022-01-10,Torino,Fiorentina,4,0,H,3,0,H,9,10,6,3,1,5,16,12,16:00,,,,,,,,,,,,2,2,0,0,,,,,,,,,,,,,,,,,,,2021-22,Serie A,2.52401,0.472644,1598.765625,1654.02514648,-55.2595214800001,4.127368795407205,5.347152364985014,12.23878473809887,9.917949499568156,,,,,2.6,1.4,3.8,4.6,3.6,6.0,12.8,9.4,54.4,55.0,3.4,1.8,15.6,12.6,,
2022-01-11,Cagliari,Bologna,2,1,H,0,0,D,13,9,4,3,5,5,12,15,19:45,0.0,2.05,1.85,2.06,1.87,2.96,3.45,2.66,2.86,3.28,2.57,3,2,0,0,2.75,3.3,2.55,2.75,3.25,2.55,2.85,3.25,2.55,2.9,3.37,2.63,2.0,1.9,2.01,1.9,1.97,1.85,2021-22,Serie A,1.47121,0.693001,1525.109375,1606.64807129,-81.53869628999996,4.537418076512727,4.039475689681452,10.589595082050502,11.054260021338214,,,,,1.4,2.0,4.0,4.2,6.0,1.6,10.6,14.2,47.8,51.4,2.4,3.8,12.8,11.6,,
2022-01-15,Juventus,Udinese,2,0,H,1,0,H,14,16,4,3,7,6,13,10,19:45,-1.25,1.97,1.93,1.94,1.94,1.43,5.05,11.0,1.39,4.71,8.94,1,2,0,0,1.4,4.75,7.5,1.37,4.8,8.5,1.4,4.8,8.25,1.39,4.71,9.26,1.92,1.98,1.89,1.97,1.87,1.95,2021-22,Serie A,1.70532,0.552532,1826.31555176,1587.42150879,238.8940429700001,5.065183152974649,4.225270538027741,18.74368744601941,13.093735711019663,,,,,1.6,2.0,4.0,4.6,4.0,2.4,15.0,13.6,56.6,41.2,1.4,2.4,16.4,14.2,,
2022-01-15,Salernitana,Lazio,0,3,A,0,2,A,6,15,1,8,3,7,11,16,17:00,1.25,1.83,2.07,1.88,2.01,7.7,4.8,1.51,7.08,4.56,1.46,2,3,0,0,7.0,4.5,1.45,7.25,4.4,1.46,7.5,4.5,1.45,7.44,4.65,1.45,1.72,2.1,1.68,2.26,1.69,2.18,2021-22,Serie A,0.232152,1.73777,1443.97424316,1694.93139648,-250.9571533200001,5.382868465172993,2.4755203305729143,9.816491388507853,6.146844146386901,,,,,1.2,2.2,6.2,1.8,5.0,0.6,10.6,7.0,42.4,45.0,3.4,3.2,11.2,12.2,,
2022-01-15,Sampdoria,Torino,1,2,A,1,1,D,11,20,3,12,3,10,13,14,14:00,0.25,1.8,2.1,1.81,2.1,3.2,3.35,2.62,3.03,3.22,2.46,0,2,0,0,3.0,3.2,2.45,2.87,3.1,2.55,3.0,3.3,2.45,3.13,3.25,2.47,2.03,1.87,2.02,1.86,2.0,1.83,2021-22,Serie A,1.28669,1.31237,1587.43640137,1616.47058105,-29.034179679999852,3.2032379887889726,4.117055326931871,11.384172466934244,11.199512269471118,,,,,2.0,1.4,4.8,4.6,5.4,6.2,13.8,11.4,45.0,56.4,2.2,1.4,12.6,18.6,,
2022-01-16,Sassuolo,Verona,2,4,A,0,2,A,13,21,5,6,9,7,6,18,11:30,-0.25,1.94,1.96,1.94,1.94,2.3,3.75,3.33,2.23,3.59,3.14,2,4,0,0,2.2,3.5,3.2,2.15,3.6,3.2,2.25,3.65,3.05,2.25,3.54,3.27,1.57,2.37,1.53,2.59,1.55,2.44,2021-22,Serie A,0.85553,4.11644,1668.60705566,1593.24328613,75.36376953000013,5.903961117038392,4.96311537875324,18.87737302917916,14.594828024183307,,,,,2.0,,5.2,,4.2,,15.0,,58.2,,2.0,,11.8,,,
2022-01-16,Venezia,Empoli,1,1,D,0,1,A,14,17,3,6,6,5,13,17,14:00,0.0,2.04,1.86,2.04,1.85,2.81,3.8,2.6,2.72,3.58,2.5,3,5,0,0,2.62,3.5,2.55,2.55,3.6,2.55,2.75,3.5,2.5,2.75,3.7,2.5,1.72,2.1,1.69,2.24,1.69,2.17,2021-22,Serie A,1.03771,1.12304,1488.90991211,1566.73352051,-77.82360840000001,2.4246811969720072,4.182492506223647,10.005334552659658,14.112432047960173,,,,,1.8,1.0,3.0,5.6,3.6,4.0,9.8,14.6,42.4,49.8,5.8,3.4,14.2,12.0,,
2022-01-16,Roma,Cagliari,1,0,H,1,0,H,15,8,7,2,1,1,13,17,17:00,-1.25,1.87,2.03,1.84,2.06,1.41,5.25,9.5,1.38,4.98,8.32,3,4,0,0,1.36,5.0,8.5,1.37,5.0,8.0,1.4,5.0,7.5,1.37,5.04,8.91,1.61,2.3,1.64,2.34,1.63,2.28,2021-22,Serie A,2.01468,0.642616,1706.28161621,1534.53393555,171.74768066,7.49682467103592,2.6030076715947774,15.288438415553188,9.86958288878728,,,,,2.0,0.2,5.4,1.8,4.2,2.8,13.6,8.0,41.2,34.6,1.8,4.4,12.4,11.8,,
2022-01-16,Atalanta,Inter,0,0,D,0,0,D,12,11,6,3,6,4,12,9,19:45,0.25,1.86,2.04,1.85,2.05,3.02,4.0,2.41,2.89,3.75,2.3,2,2,0,0,2.87,3.75,2.3,2.87,3.8,2.2,2.9,3.65,2.3,2.89,3.85,2.34,1.61,2.3,1.61,2.4,1.6,2.36,2021-22,Serie A,1.51513,1.50653,1803.73486328,,,6.14144185337601,7.418686175887823,16.93171772595641,18.43494386018392,,,,,1.8,4.0,5.2,7.4,4.8,8.0,15.8,18.8,61.2,61.2,2.8,2.0,12.0,9.2,,
2022-01-17,Bologna,Napoli,0,2,A,0,1,A,12,14,5,5,1,4,9,10,17:30,0.5,1.91,1.99,1.89,2.0,4.25,3.7,2.05,3.94,3.46,1.98,3,1,0,0,4.0,3.4,1.95,4.0,3.4,1.93,3.8,3.5,2.0,4.17,3.39,2.0,2.01,1.89,1.98,1.89,1.96,1.86,2021-22,Serie A,0.80171,2.20066,1597.22363281,1786.80883789,-189.58520507999992,5.831428135954885,3.592592592592593,10.689579840471474,12.897119341563789,,,,,0.8,1.4,6.6,3.6,4.2,3.4,11.0,11.6,52.4,56.2,3.6,2.8,9.0,15.2,,
2022-01-17,Milan,Spezia,1,2,A,1,0,H,25,10,8,6,10,1,11,17,17:30,-1.5,1.97,1.93,1.93,1.95,1.35,5.75,11.5,1.32,5.37,9.54,2,5,0,0,1.33,5.0,9.5,1.32,5.25,9.5,1.33,5.5,8.5,1.32,5.53,10.23,1.57,2.37,1.6,2.42,1.58,2.38,2021-22,Serie A,,,1803.97070312,1518.89135742,285.0793457,4.984453589391862,4.254873071516877,16.68663313519281,11.267574387373198,,,,,1.4,0.8,5.4,4.6,4.6,4.0,15.0,9.0,53.0,50.0,1.8,5.2,14.0,11.4,,
2022-01-17,Fiorentina,Genoa,6,0,H,3,0,H,22,3,12,0,4,0,10,11,19:45,-1.25,2.04,1.86,2.0,1.89,1.48,4.8,8.5,1.45,4.54,7.32,1,3,0,0,1.45,4.2,7.5,1.47,4.5,6.75,1.45,4.5,7.0,1.43,4.67,7.91,1.8,2.0,1.78,2.11,1.78,2.05,2021-22,Serie A,3.75618,0.0786195,1636.32019043,1532.56066895,103.75952147999988,5.226185032769395,2.871445748446207,18.507392165828385,5.587291910108556,,,,,3.2,0.8,5.0,2.4,6.2,3.0,18.6,7.2,57.4,46.6,3.2,3.6,7.4,12.6,,
2022-01-21,Verona,Bologna,2,1,H,1,1,D,14,8,6,2,7,2,21,9,19:45,-0.5,1.99,1.91,1.96,1.93,2.03,3.8,4.28,1.97,3.61,3.82,2,4,0,0,1.95,3.6,3.8,1.93,3.6,3.8,1.95,3.7,3.7,1.96,3.7,3.93,1.72,2.1,1.75,2.14,1.77,2.07,2021-22,Serie A,2.05174,0.416668,1608.13134766,1591.52160645,16.60974121000004,8.869803044928789,4.359650459787635,16.78528002167692,10.369506680892144,,,,,,2.0,,4.2,,1.6,,14.2,,51.4,,3.8,,11.6,,
2022-01-22,Lazio,Atalanta,0,0,D,0,0,D,9,6,1,2,4,1,10,17,19:45,0.25,1.98,1.92,1.99,1.9,3.4,3.94,2.24,3.15,3.72,2.17,0,3,0,0,3.2,3.5,2.2,3.1,3.7,2.15,3.1,3.7,2.2,3.19,3.86,2.17,1.57,2.37,1.58,2.46,1.57,2.39,2021-22,Serie A,0.272931,0.310955,1700.14660645,1805.62329102,-105.47668456999986,6.067520195092213,5.956256668190825,15.664126403495406,17.608172873376354,,,,,1.8,2.0,4.2,5.4,2.8,4.6,10.6,15.2,57.0,51.0,1.2,1.6,11.0,15.2,,
2022-01-22,Inter,Venezia,2,1,H,1,1,D,24,3,12,3,6,0,13,9,17:00,-2.5,1.95,1.95,1.89,1.98,1.13,11.0,34.0,1.1,10.06,25.09,3,4,0,0,1.1,9.5,21.0,1.11,9.75,26.0,1.1,10.0,25.0,1.11,10.15,27.06,1.36,3.2,1.33,3.35,1.35,3.19,2021-22,Serie A,2.86895,0.222828,,1490.44140625,,6.332876085962507,2.51257430269776,18.525478839607786,9.26261240664533,,,,,3.0,1.0,7.0,2.6,5.8,3.4,19.4,8.4,59.8,39.8,3.0,4.6,13.0,12.6,,
2022-01-22,Genoa,Udinese,0,0,D,0,0,D,10,2,3,0,10,4,27,17,14:00,0.25,2.0,1.9,1.97,1.92,3.7,3.5,2.29,3.42,3.32,2.21,4,4,1,0,3.5,3.3,2.15,3.4,3.4,2.15,3.35,3.3,2.2,3.5,3.33,2.24,2.1,1.72,2.12,1.76,2.1,1.75,2021-22,Serie A,1.73379,0.0599026,1520.46044922,1583.84448242,-63.384033199999976,5.3264746227709185,4.816847025351827,9.93776355230402,14.06249047401311,,,,,1.2,2.0,6.0,4.6,3.8,2.4,12.2,13.6,48.2,41.2,2.4,2.4,12.8,14.2,,
2022-01-23,Cagliari,Fiorentina,1,1,D,0,0,D,12,16,3,6,6,4,21,16,11:30,1.0,1.73,2.08,1.82,2.09,5.9,4.4,1.68,5.3,4.12,1.62,3,3,0,1,5.25,4.1,1.61,5.25,4.1,1.6,5.25,4.1,1.63,5.65,4.25,1.6,1.8,2.0,1.76,2.13,1.76,2.08,2021-22,Serie A,2.42279,2.56091,1531.05200195,1648.42041016,-117.3684082100001,4.6916120510084856,5.23143490999001,11.393063388033667,9.945299666378771,,,,,1.4,1.4,4.0,4.6,6.0,6.0,10.6,9.4,47.8,55.0,2.4,1.8,12.8,12.6,,
2022-01-23,Napoli,Salernitana,4,1,H,2,1,H,26,1,14,1,10,0,9,14,14:00,-2.25,2.02,1.88,1.99,1.88,1.19,9.1,26.0,1.15,7.99,17.82,0,4,0,1,1.14,8.0,17.0,1.15,8.25,17.0,1.17,7.75,16.0,1.16,8.33,17.61,1.44,2.75,1.39,3.04,1.4,2.95,2021-22,Serie A,4.54865,0.0822889,1792.51086426,1438.75915527,353.75170899,9.22818337313079,3.9893308946806902,22.091822046097313,9.494843265762334,,,,,1.2,0.2,4.8,4.0,3.2,4.6,19.4,10.4,59.8,39.2,2.6,3.6,14.0,11.4,,
2022-01-23,Spezia,Sampdoria,1,0,H,0,0,D,7,8,2,0,2,4,24,12,14:00,0.0,1.99,1.91,1.96,1.93,2.9,3.4,2.79,2.77,3.22,2.66,2,4,0,1,2.7,3.3,2.62,2.8,3.1,2.65,2.7,3.35,2.6,2.8,3.21,2.75,1.93,1.97,1.89,1.97,1.86,1.95,2021-22,Serie A,0.529956,0.438332,1533.94226074,1579.54602051,-45.60375977000013,4.023370421175635,2.46100696032109,9.981964131484023,10.906772341614596,,,,,2.2,1.6,2.6,5.2,3.8,4.8,10.2,12.0,40.0,45.6,3.2,2.4,14.6,15.6,,
2022-01-23,Torino,Sassuolo,1,1,D,1,0,H,21,6,6,1,4,3,21,15,14:00,-0.25,1.84,2.06,1.82,2.09,2.2,3.7,3.71,2.12,3.55,3.42,3,3,0,0,2.1,3.6,3.3,2.05,3.5,3.5,2.15,3.6,3.3,2.1,3.56,3.6,1.66,2.2,1.63,2.36,1.67,2.22,2021-22,Serie A,3.25065,0.628281,1624.36096191,1653.71899414,-29.358032229999935,3.0849125302714704,4.480363765686127,11.159189825399247,16.719453335365543,,,,,2.6,1.6,3.8,4.6,3.6,3.0,12.8,12.2,54.4,53.2,3.4,2.0,15.6,12.0,,
2022-01-23,Empoli,Roma,2,4,A,0,4,A,16,16,7,8,2,3,13,14,17:00,0.75,1.85,2.05,1.88,2.02,4.36,4.3,1.85,4.04,4.08,1.8,2,2,0,0,4.0,4.2,1.8,4.0,4.0,1.78,3.95,4.1,1.8,4.13,4.21,1.8,1.5,2.62,1.5,2.67,1.49,2.6,2021-22,Serie A,1.23141,2.17975,1565.2019043,1709.7635498,-144.56164549999994,6.125844637504446,5.520550729055532,15.840352927229931,13.531626276482246,,,,,1.2,2.8,6.0,6.2,3.4,7.6,14.0,17.8,48.0,53.0,5.6,3.4,13.0,16.2,,
2022-01-23,Milan,Juventus,0,0,D,0,0,D,14,8,4,0,4,1,16,19,19:45,0.0,1.93,1.97,1.93,1.95,2.84,3.4,2.88,2.68,3.23,2.73,2,2,0,0,2.62,3.3,2.7,2.65,3.1,2.75,2.65,3.3,2.7,2.78,3.17,2.8,1.99,1.91,1.96,1.91,1.93,1.89,2021-22,Serie A,,,1788.9197998,1829.8927002,-40.97290040000007,6.656302392927907,3.853867127301056,19.457755423461876,14.487493437653477,,,,,1.4,2.2,5.4,4.4,4.6,3.8,15.0,15.0,53.0,54.6,1.8,2.0,14.0,12.2,,
2022-02-05,Roma,Genoa,0,0,D,0,0,D,23,10,3,3,6,4,8,23,14:00,-1.5,2.0,1.9,1.96,1.93,1.36,5.6,10.5,1.34,5.29,9.28,3,2,1,1,1.36,5.5,7.5,1.34,5.25,9.0,1.33,5.5,8.5,1.33,5.45,9.73,1.61,2.3,1.63,2.35,1.63,2.3,2021-22,Serie A,1.4581,0.537092,1716.47644043,1521.62976074,194.84667968999997,5.3312164473572805,1.9142971656308048,15.19229227703546,4.724861273405704,,,,,2.0,0.8,5.4,2.4,4.2,3.0,13.6,7.2,41.2,46.6,1.8,3.6,12.4,12.6,,
2022-02-05,Inter,Milan,1,2,A,1,0,H,11,10,5,3,6,4,20,14,17:00,-0.75,2.04,1.86,2.04,1.85,1.87,4.05,4.65,1.82,3.79,4.36,2,4,0,1,1.8,3.75,4.5,1.82,3.6,4.33,1.8,3.85,4.2,1.81,3.78,4.55,1.66,2.2,1.73,2.17,1.69,2.18,2021-22,Serie A,,,,1789.44213867,,6.221917390641672,5.0817287337634856,20.35031922640519,16.23888634862572,,,,,3.0,1.8,7.0,4.0,5.8,4.8,19.4,14.0,59.8,58.4,3.0,3.4,13.0,12.8,,
2022-02-05,Fiorentina,Lazio,0,3,A,0,0,D,9,12,3,7,4,3,13,15,19:45,-0.25,2.07,1.83,2.06,1.84,2.49,3.62,3.16,2.38,3.49,2.97,3,5,1,0,2.37,3.5,2.9,2.25,3.5,3.0,2.4,3.5,2.9,2.39,3.47,3.07,1.72,2.1,1.71,2.19,1.71,2.16,2021-22,Serie A,0.709615,2.48806,1645.76403809,1702.48852539,-56.72448729999997,4.81745668851293,3.9836802203819426,19.671594777218925,9.097896097591269,,,,,3.2,2.2,5.0,1.8,6.2,0.6,18.6,7.0,57.4,45.0,3.2,3.2,7.4,12.2,,
2022-02-06,Venezia,Napoli,0,2,A,0,0,D,7,16,3,6,2,6,12,11,14:00,1.25,1.93,1.97,2.0,1.89,8.5,5.0,1.5,7.47,4.7,1.43,2,2,1,0,7.5,4.75,1.4,7.25,4.5,1.44,7.0,4.8,1.43,7.68,4.93,1.42,1.66,2.2,1.68,2.26,1.68,2.21,2021-22,Serie A,0.387253,1.79731,1489.41125488,1794.87133789,-305.46008301000006,3.616454131314672,3.728395061728395,11.336889701773108,13.264746227709193,,,,,1.8,1.4,3.0,3.6,3.6,3.4,9.8,11.6,42.4,56.2,5.8,2.8,14.2,15.2,,
2022-02-06,Bologna,Empoli,0,0,D,0,0,D,12,15,2,4,3,5,9,16,14:00,-0.5,2.02,1.88,2.02,1.87,2.07,3.9,3.85,2.01,3.69,3.6,2,4,0,0,2.0,3.6,3.6,1.98,3.7,3.5,2.0,3.8,3.45,2.02,3.66,3.75,1.61,2.3,1.64,2.34,1.61,2.32,2021-22,Serie A,0.553308,1.87705,1584.58776855,1558.48913574,26.098632810000023,4.22095209063659,4.454995004149098,11.126386560314316,15.074954698640116,,,,,0.8,1.0,6.6,5.6,4.2,4.0,11.0,14.6,52.4,49.8,3.6,3.4,9.0,12.0,,
2022-02-06,Sampdoria,Sassuolo,4,0,H,2,0,H,11,26,7,9,3,9,15,16,14:00,0.25,1.79,2.11,1.75,2.17,2.91,3.92,2.53,2.82,3.72,2.38,2,2,0,0,2.8,3.8,2.3,2.8,3.7,2.3,2.8,3.7,2.4,2.76,3.67,2.51,1.61,2.3,1.6,2.41,1.6,2.35,2021-22,Serie A,2.41944,1.32565,1571.08251953,1653.53039551,-82.44787598000016,3.135491992525982,3.986909177124085,11.256114977956162,13.14630222357703,,,,,2.0,1.6,4.8,4.6,5.4,3.0,13.8,12.2,45.0,53.2,2.2,2.0,12.6,12.0,,
2022-02-06,Atalanta,Cagliari,1,2,A,0,0,D,10,7,3,4,3,1,13,14,11:30,-1.75,1.84,2.06,1.85,2.03,1.26,7.0,14.0,1.23,6.55,12.32,1,5,1,0,1.25,6.5,11.0,1.24,6.25,12.0,1.25,6.5,11.0,1.22,6.65,13.47,1.44,2.75,1.43,2.86,1.41,2.85,2021-22,Serie A,0.983984,1.62586,1803.28137207,1533.70837402,269.57299805,6.0942945689173404,2.0686717810631854,15.287811817304275,9.246388592524855,,,,,1.8,0.2,5.2,1.8,4.8,2.8,15.8,8.0,61.2,34.6,2.8,4.4,12.0,11.8,,
2022-02-06,Udinese,Torino,2,0,H,0,0,D,11,5,3,1,8,3,12,21,17:00,0.25,1.84,2.06,1.83,2.08,3.23,3.39,2.54,3.08,3.25,2.42,3,5,0,1,3.1,3.3,2.37,3.0,3.3,2.37,3.0,3.25,2.4,3.19,3.23,2.44,2.1,1.72,2.18,1.73,2.12,1.73,2021-22,Serie A,1.18272,0.231176,1582.6751709,1624.54956055,-41.87438965000001,3.4911344815322876,6.0780368846212465,11.45303053396332,14.133008179647412,,,,,1.8,1.4,4.2,4.6,3.2,6.2,13.4,11.4,37.6,56.4,3.0,1.4,15.4,18.6,,
2022-02-06,Juventus,Verona,2,0,H,1,0,H,11,13,8,1,6,5,11,11,19:45,-1.0,1.96,1.94,1.93,1.95,1.61,4.5,6.6,1.55,4.29,6.04,1,1,0,0,1.53,4.33,6.0,1.55,4.2,5.75,1.55,4.3,5.75,1.54,4.41,6.21,1.72,2.1,1.79,2.08,1.76,2.08,2021-22,Serie A,1.38424,0.434667,1829.37023926,1615.06518555,214.30505371000004,5.710122101983099,5.642076919168826,17.162458297346276,16.72988534945554,,,,,1.6,,4.0,,4.0,,15.0,,56.6,,1.4,,16.4,,,
2022-02-07,Salernitana,Spezia,2,2,D,2,2,D,9,13,5,2,5,6,12,19,19:45,0.25,1.7,2.1,1.76,2.15,3.09,3.62,2.57,2.9,3.39,2.46,3,3,0,0,2.87,3.4,2.5,2.95,3.4,2.35,2.9,3.35,2.45,2.96,3.35,2.52,1.94,1.96,1.96,1.91,1.9,1.91,2021-22,Serie A,0.419799,1.99832,1436.39868164,1542.40576172,-106.00708008000016,4.588578976781996,3.1699153810112515,8.544327592338568,10.845049591582132,,,,,1.2,0.8,6.2,4.6,5.0,4.0,10.6,9.0,42.4,50.0,3.4,5.2,11.2,11.4,,
2022-02-12,Lazio,Bologna,3,0,H,1,0,H,12,11,6,3,5,3,13,16,14:00,-0.75,1.95,1.98,1.98,1.94,1.77,4.2,5.06,1.72,3.98,4.69,2,2,0,0,1.7,4.0,4.75,1.68,4.1,4.5,1.73,3.95,4.6,1.77,4.07,4.68,1.72,2.1,1.78,2.14,1.74,2.12,2021-22,Serie A,2.15933,0.975118,1714.82568359,1583.17333984,131.65234375,5.378346796728142,3.57310030652509,13.442750935663604,9.579671120594764,,,,,1.8,2.0,4.2,4.2,2.8,1.6,10.6,14.2,57.0,51.4,1.2,3.8,11.0,11.6,,
2022-02-12,Napoli,Inter,1,1,D,1,0,H,13,8,4,2,4,2,8,13,17:00,0.0,2.02,1.91,2.01,1.91,2.86,3.66,2.65,2.73,3.47,2.56,1,1,0,0,2.75,3.4,2.55,2.65,3.5,2.5,2.7,3.4,2.6,2.77,3.58,2.63,1.9,2.0,1.9,2.01,1.85,1.98,2021-22,Serie A,1.87896,0.770409,1798.1015625,,,9.485455582087194,6.279124117258549,23.394548030731546,15.956629240122613,,,,,1.2,4.0,4.8,7.4,3.2,8.0,19.4,18.8,59.8,61.2,2.6,2.0,14.0,9.2,,
2022-02-12,Torino,Venezia,1,2,A,1,1,D,14,5,2,2,8,4,14,12,19:45,-1.0,1.88,2.05,1.89,2.04,1.54,4.54,8.0,1.5,4.26,6.98,2,3,0,1,1.5,4.2,7.0,1.47,4.4,6.5,1.5,4.3,6.5,1.52,4.33,7.46,1.91,1.99,1.93,1.97,1.88,1.94,2021-22,Serie A,0.545957,0.468815,1612.5625,1486.18103027,126.38146972999994,3.3899416868476475,1.6750495351318402,14.4394598835995,7.175074937763553,,,,,2.6,1.0,3.8,2.6,3.6,3.4,12.8,8.4,54.4,39.8,3.4,4.6,15.6,12.6,,
2022-02-13,Milan,Sampdoria,1,0,H,1,0,H,15,4,7,1,4,0,13,11,11:30,-1.25,1.93,2.0,1.96,1.96,1.44,5.1,9.0,1.41,4.85,7.58,3,1,0,0,1.4,4.75,7.5,1.41,4.75,7.5,1.43,4.9,7.0,1.43,5.03,7.84,1.66,2.2,1.67,2.33,1.64,2.28,2021-22,Serie A,,,1800.73522949,1589.71520996,211.0200195299999,5.7708682619519385,2.9740046402140603,17.638503615641252,9.937848227743064,,,,,1.4,1.6,5.4,5.2,4.6,4.8,15.0,12.0,53.0,45.6,1.8,2.4,14.0,15.6,,
2022-02-13,Empoli,Cagliari,1,1,D,1,0,H,13,17,4,5,6,4,14,13,14:00,-0.5,2.02,1.91,2.04,1.88,2.07,3.98,3.84,2.0,3.77,3.57,1,2,0,0,1.95,3.8,3.6,1.98,3.75,3.5,2.0,3.8,3.5,2.04,3.84,3.67,1.61,2.3,1.64,2.39,1.61,2.32,2021-22,Serie A,0.62072,0.833332,1559.90356445,1548.45739746,11.446166989999938,4.7505630916696315,1.7124478540421235,15.893568618153289,8.497592395016571,,,,,1.2,0.2,6.0,1.8,3.4,2.8,14.0,8.0,48.0,34.6,5.6,4.4,13.0,11.8,,
2022-02-13,Genoa,Salernitana,1,1,D,1,1,D,15,12,5,4,5,4,17,10,14:00,-0.5,1.88,2.05,1.88,2.04,1.92,3.8,4.5,1.86,3.63,4.34,3,2,0,0,1.83,3.75,4.33,1.75,3.8,4.4,1.85,3.6,4.3,1.88,3.73,4.43,2.04,1.86,2.09,1.82,2.01,1.82,2021-22,Serie A,2.59108,0.96554,1527.21740723,1438.68273926,88.53466796999987,6.884316415180613,2.659553929787127,9.958509034869348,6.663228843841557,,,,,1.2,0.2,6.0,4.0,3.8,4.6,12.2,10.4,48.2,39.2,2.4,3.6,12.8,11.4,,
2022-02-13,Verona,Udinese,4,0,H,2,0,H,6,21,5,7,2,7,18,7,14:00,-0.5,1.89,2.04,1.91,2.01,1.96,3.75,4.6,1.88,3.57,4.29,3,1,0,0,1.83,3.6,4.2,1.8,3.6,4.4,1.85,3.65,4.2,1.91,3.61,4.48,1.97,1.93,1.98,1.93,1.93,1.89,2021-22,Serie A,0.622109,1.01066,1610.93676758,1594.66223145,16.274536129999888,8.24653536328586,4.544564683567885,15.856853347784613,10.04166031600874,,,,,,2.0,,4.6,,2.4,,13.6,,41.2,,2.4,,14.2,,
2022-02-13,Sassuolo,Roma,2,2,D,0,1,A,12,12,3,7,4,3,13,13,17:00,0.5,1.84,2.09,1.83,2.09,3.5,3.98,2.15,3.35,3.79,2.07,4,2,1,0,3.4,3.9,2.0,3.2,3.8,2.05,3.35,3.7,2.1,3.42,3.93,2.1,1.57,2.37,1.6,2.48,1.58,2.39,2021-22,Serie A,1.08187,1.74236,1634.89770508,1710.88879395,-75.99108887000011,6.935974078025595,4.680367152703688,16.91824868611944,14.35441751765483,,,,,2.0,2.8,5.2,6.2,4.2,7.6,15.0,17.8,58.2,53.0,2.0,3.4,11.8,16.2,,
2022-02-13,Atalanta,Juventus,1,1,D,0,0,D,21,15,3,6,8,8,13,9,19:45,0.25,1.75,2.05,1.82,2.13,3.04,3.6,2.6,2.88,3.42,2.47,2,3,0,0,2.8,3.5,2.37,2.65,3.5,2.5,2.9,3.35,2.45,3.0,3.54,2.47,1.92,1.98,1.89,2.01,1.87,1.96,2021-22,Serie A,2.4593,1.04207,1788.53234863,1833.49865723,-44.96630860000005,5.062863045944894,2.902578084867371,13.525207878202853,12.324995625102318,,,,,1.8,2.2,5.2,4.4,4.8,3.8,15.8,15.0,61.2,54.6,2.8,2.0,12.0,12.2,,
2022-02-14,Spezia,Fiorentina,1,2,A,0,1,A,9,21,1,4,4,8,17,10,19:45,0.5,1.92,2.01,1.93,1.99,4.19,3.84,2.01,3.82,3.61,1.96,2,1,0,0,3.75,3.6,1.95,3.9,3.6,1.9,3.7,3.65,1.97,4.06,3.65,1.99,1.72,2.1,1.79,2.12,1.74,2.11,2021-22,Serie A,0.489481,2.36382,1540.1217041,1633.42675781,-93.30505371000004,3.34891361411709,4.8209566066600065,8.987976087656016,11.96353311091918,,,,,2.2,1.4,2.6,4.6,3.8,6.0,10.2,9.4,40.0,55.0,3.2,1.8,14.6,12.6,,
2022-02-18,Juventus,Torino,1,1,D,1,0,H,11,10,3,3,7,9,16,19,19:45,-0.75,1.83,2.07,1.85,2.08,1.74,3.9,6.8,1.64,3.73,6.16,1,2,0,0,1.57,3.75,6.5,1.63,3.7,5.75,1.65,3.5,6.0,1.65,3.7,6.67,2.1,1.72,2.18,1.75,2.11,1.75,2021-22,Serie A,0.773842,0.848296,1831.65795898,1599.2833252,232.37463378000007,5.8067480679887336,5.052024589747498,15.108305531564184,11.088672119764942,,,,,1.6,1.4,4.0,4.6,4.0,6.2,15.0,11.4,56.6,56.4,1.4,1.4,16.4,18.6,,
2022-02-19,Sampdoria,Empoli,2,0,H,2,0,H,8,10,3,2,3,6,15,12,14:00,-0.25,1.91,1.99,1.9,2.03,2.29,3.86,3.6,2.21,3.5,3.28,4,2,0,0,2.2,3.4,3.2,2.25,3.2,3.3,2.25,3.5,3.1,2.2,3.61,3.44,1.72,2.1,1.7,2.27,1.69,2.18,2021-22,Serie A,0.565043,1.31858,1585.53723145,1557.46105957,28.076171879999947,3.0903279950173217,4.636663336099399,11.170743318637442,15.049969799093413,,,,,2.0,1.0,4.8,5.6,5.4,4.0,13.8,14.6,45.0,49.8,2.2,3.4,12.6,12.0,,
2022-02-19,Roma,Verona,2,2,D,0,2,A,7,5,3,3,4,2,18,14,17:00,-0.5,2.01,1.89,2.09,1.85,2.09,3.92,3.96,1.99,3.67,3.72,3,2,0,0,1.95,3.75,3.6,1.9,3.75,3.75,2.0,3.7,3.55,2.09,3.55,3.81,1.72,2.1,1.79,2.13,1.73,2.12,2021-22,Serie A,0.31384,0.82269,1708.16381836,1623.36584473,84.79797363000012,5.554144298238187,5.428051279445884,17.79486151802364,15.48659023297036,,,,,2.0,,5.4,,4.2,,13.6,,41.2,,1.8,,12.4,,,
2022-02-19,Salernitana,Milan,2,2,D,1,1,D,9,14,5,5,4,7,14,12,19:45,1.5,1.82,2.08,1.86,2.07,10.5,5.4,1.39,8.93,5.11,1.36,2,4,0,0,9.0,5.0,1.36,9.0,5.0,1.35,8.0,5.25,1.37,9.97,5.3,1.36,1.66,2.2,1.67,2.33,1.64,2.28,2021-22,Serie A,,,1440.5657959,1802.24865723,-361.6828613299999,4.725719317854664,4.721152489175657,8.69621839489238,14.15925756575048,,,,,1.2,1.8,6.2,4.0,5.0,4.8,10.6,14.0,42.4,58.4,3.4,3.4,11.2,12.8,,
2022-02-20,Inter,Sassuolo,0,2,A,0,2,A,29,13,8,5,8,3,12,12,17:00,-1.75,2.01,1.89,2.06,1.85,1.34,6.35,10.5,1.3,5.84,9.43,1,2,0,0,1.28,6.0,9.0,1.33,5.0,9.75,1.3,6.0,8.5,1.32,5.79,9.95,1.36,3.2,1.4,3.08,1.37,3.08,2021-22,Serie A,3.34692,1.94409,,1634.95812988,,6.147944927094449,5.657939451416057,17.233546150936796,17.430868149051353,,,,,3.0,1.6,7.0,4.6,5.8,3.0,19.4,12.2,59.8,53.2,3.0,2.0,13.0,12.0,,
2022-02-20,Udinese,Lazio,1,1,D,1,1,D,12,10,2,2,2,12,22,9,19:45,0.25,1.73,2.08,1.77,2.18,3.1,3.6,2.56,2.99,3.33,2.44,3,2,0,0,2.9,3.3,2.45,3.0,3.4,2.3,2.95,3.35,2.45,3.03,3.32,2.56,2.0,1.9,1.98,1.93,1.93,1.89,2021-22,Serie A,1.84915,1.33877,1579.56848145,1718.70532227,-139.13684081999986,4.994089654354859,3.655786813587962,11.302020355975548,10.065264065060845,,,,,1.8,2.2,4.2,1.8,3.2,0.6,13.4,7.0,37.6,45.0,3.0,3.2,15.4,12.2,,
2022-02-20,Venezia,Genoa,1,1,D,1,1,D,15,12,4,3,6,5,14,15,14:00,0.0,1.81,2.09,1.83,2.12,2.62,3.38,3.05,2.56,3.23,2.9,2,2,0,0,2.5,3.2,2.9,2.55,3.1,2.85,2.55,3.25,2.85,2.61,3.26,3.02,2.1,1.72,2.12,1.79,2.07,1.77,2021-22,Serie A,1.09963,1.76519,1496.79553223,1522.6697998,-25.87426757000003,3.0776360875431146,2.6095314437538697,9.891259801182072,6.483240848937136,,,,,1.8,0.8,3.0,2.4,3.6,3.0,9.8,7.2,42.4,46.6,5.8,3.6,14.2,12.6,,
2022-02-20,Fiorentina,Atalanta,1,0,H,0,0,D,6,7,3,1,2,1,17,20,11:30,0.0,1.9,2.0,1.88,2.05,2.73,3.65,2.83,2.58,3.48,2.71,2,5,0,0,2.6,3.3,2.7,2.6,3.4,2.6,2.55,3.5,2.7,2.59,3.56,2.82,1.72,2.1,1.75,2.19,1.71,2.15,2021-22,Serie A,0.71376,0.402145,1638.39624023,1790.00158691,-151.6053466799999,4.544971125675287,4.304171112127217,16.114396518145952,13.738781915584235,,,,,3.2,2.0,5.0,5.4,6.2,4.6,18.6,15.2,57.4,51.0,3.2,1.6,7.4,15.2,,
2022-02-21,Cagliari,Napoli,1,1,D,0,0,D,13,7,5,3,3,6,17,22,18:00,1.0,2.01,1.89,1.98,1.94,6.5,4.6,1.58,6.04,4.41,1.53,1,2,0,0,6.5,4.33,1.5,6.0,4.33,1.53,5.75,4.5,1.53,6.12,4.43,1.57,1.66,2.2,1.72,2.22,1.67,2.22,2021-22,Serie A,2.24847,1.45257,1548.23522949,1800.85412598,-252.61889649,5.127741367338991,4.485596707818931,11.595375592022446,14.176497485139464,,,,,1.4,1.4,4.0,3.6,6.0,3.4,10.6,11.6,47.8,56.2,2.4,2.8,12.8,15.2,,
2022-02-21,Bologna,Spezia,2,1,H,1,1,D,19,6,7,2,11,0,7,13,20:00,-0.75,2.05,1.85,2.1,1.82,1.87,3.92,4.75,1.82,3.71,4.41,1,1,0,0,1.8,3.8,4.33,1.78,3.7,4.33,1.8,3.7,4.3,1.85,3.78,4.56,1.9,2.0,1.93,1.98,1.87,1.94,2021-22,Serie A,2.0119,0.262135,1574.58911133,1532.48779297,42.10131835999982,3.813968060424394,4.113276920674168,11.417591040209544,11.563366394388089,,,,,0.8,0.8,6.6,4.6,4.2,4.0,11.0,9.0,52.4,50.0,3.6,5.2,9.0,11.4,,
2022-02-25,Milan,Udinese,1,1,D,1,0,H,9,11,3,6,5,4,13,17,17:45,-1.0,1.82,2.08,1.82,2.12,1.63,4.5,8.03,1.5,4.26,7.19,2,4,0,0,1.5,4.0,7.0,1.5,4.1,6.75,1.5,4.4,6.75,1.49,4.36,8.03,1.94,1.96,1.93,1.98,1.9,1.93,2021-22,Serie A,,,1792.76403809,1580.76318359,212.0008545000001,5.180578841301292,5.36304312237859,16.759002410427502,13.694440210672497,,,,,1.4,2.0,5.4,4.6,4.6,2.4,15.0,13.6,53.0,41.2,1.8,2.4,14.0,14.2,,
2022-02-25,Genoa,Inter,0,0,D,0,0,D,7,21,1,4,0,14,11,9,20:00,1.5,1.92,1.98,1.98,1.94,10.75,5.8,1.48,9.79,5.31,1.33,2,1,0,0,9.0,5.25,1.33,9.75,5.25,1.32,10.0,5.25,1.33,9.88,5.43,1.35,1.61,2.3,1.65,2.36,1.61,2.35,2021-22,Serie A,0.770871,1.15904,1520.65209961,,,6.256210943453743,4.8527494115057,11.639006023246232,13.304419493415075,,,,,1.2,4.0,6.0,7.4,3.8,8.0,12.2,18.8,48.2,61.2,2.4,2.0,12.8,9.2,,
2022-02-26,Salernitana,Bologna,1,1,D,0,1,A,15,8,4,3,6,1,13,25,14:00,0.25,2.03,1.87,2.04,1.89,3.55,3.68,2.25,3.4,3.45,2.18,2,3,0,0,3.5,3.4,2.15,3.4,3.4,2.1,3.35,3.35,2.2,3.5,3.56,2.19,1.95,1.95,1.94,1.96,1.91,1.92,2021-22,Serie A,1.32318,0.611632,1446.08154297,1578.90722656,-132.82568358999993,4.483812878569776,3.3820668710167268,8.797478929928253,10.05311408039651,,,,,1.2,2.0,6.2,4.2,5.0,1.6,10.6,14.2,42.4,51.4,3.4,3.8,11.2,11.6,,
2022-02-26,Empoli,Juventus,2,3,A,1,2,A,11,12,2,5,7,3,16,8,17:00,0.75,2.02,1.88,2.07,1.86,5.55,4.2,1.71,5.16,3.98,1.67,2,0,0,0,5.0,4.0,1.65,5.25,4.0,1.63,5.0,4.1,1.63,5.51,4.06,1.68,1.72,2.1,1.76,2.17,1.74,2.12,2021-22,Serie A,1.37121,2.13647,1546.19030762,1825.23779297,-279.04748535,5.167042061113088,4.601718723244915,14.929045745435529,13.216663750068212,,,,,1.2,2.2,6.0,4.4,3.4,3.8,14.0,15.0,48.0,54.6,5.6,2.0,13.0,12.2,,
2022-02-26,Sassuolo,Fiorentina,2,1,H,1,0,H,16,15,6,6,6,10,12,12,19:45,0.0,1.99,1.91,2.04,1.89,2.78,3.69,2.64,2.72,3.56,2.52,1,1,0,1,2.7,3.6,2.45,2.7,3.6,2.4,2.7,3.55,2.5,2.77,3.69,2.57,1.61,2.3,1.63,2.41,1.61,2.34,2021-22,Serie A,1.72605,2.13772,1652.73950195,1647.5682373,5.171264650000012,5.957316052017063,5.880637737773338,15.278832457412962,14.975688740612789,,,,,2.0,1.4,5.2,4.6,4.2,6.0,15.0,9.4,58.2,55.0,2.0,1.8,11.8,12.6,,
2022-02-27,Torino,Cagliari,1,2,A,0,1,A,15,11,6,5,4,3,16,20,11:30,-0.75,1.86,2.04,1.87,2.06,1.72,4.0,6.48,1.67,3.68,5.79,2,4,0,0,1.65,3.8,5.5,1.63,3.6,6.25,1.65,3.85,5.25,1.68,3.62,6.48,2.01,1.89,2.03,1.88,1.96,1.87,2021-22,Serie A,1.3681,1.69853,1603.57946777,1552.01135254,51.5681152300001,4.926627791231765,2.4749652360280825,14.292973255733,11.33172826334438,,,,,2.6,0.2,3.8,1.8,3.6,2.8,12.8,8.0,54.4,34.6,3.4,4.4,15.6,11.8,,
2022-02-27,Verona,Venezia,3,1,H,0,0,D,19,9,11,4,5,5,13,10,14:00,-1.0,1.95,1.95,1.94,1.98,1.59,4.5,7.0,1.55,4.19,6.31,0,1,0,0,1.53,4.0,6.0,1.53,3.9,6.75,1.55,4.4,5.75,1.56,4.13,6.93,1.66,2.2,1.68,2.31,1.67,2.23,2021-22,Serie A,3.53339,0.974017,1624.40466309,1494.84448242,129.5601806699999,6.164356908857241,2.450033023421227,12.571235565189744,6.450049958509036,,,,,,1.0,,2.6,,3.4,,8.4,,39.8,,4.6,,12.6,,
2022-02-27,Spezia,Roma,0,1,A,0,0,D,9,31,3,10,1,8,13,11,17:00,0.75,1.87,2.03,1.92,2.01,4.9,4.04,1.85,4.6,3.75,1.78,5,3,1,0,4.5,3.6,1.8,4.6,3.6,1.78,4.4,3.8,1.77,4.89,3.84,1.79,1.8,2.0,1.81,2.09,1.78,2.05,2021-22,Serie A,0.364313,4.55711,1524.20068359,1703.15612793,-178.95544434,3.5659424094113934,4.120244768469126,8.991984058437344,13.569611678436557,,,,,2.2,2.8,2.6,6.2,3.8,7.6,10.2,17.8,40.0,53.0,3.2,3.4,14.6,16.2,,
2022-02-27,Lazio,Napoli,1,2,A,0,0,D,13,15,8,7,1,5,13,14,19:45,0.25,1.7,2.1,1.76,2.19,3.02,3.68,2.55,2.9,3.41,2.47,3,2,0,0,2.75,3.4,2.5,2.95,3.4,2.35,2.9,3.3,2.5,2.9,3.51,2.55,1.96,1.94,1.94,1.96,1.9,1.92,2021-22,Serie A,1.43139,0.849244,1709.7109375,1779.09777832,-69.38684082000009,5.2522311978187615,4.990397805212621,12.961833957109071,11.784331656759644,,,,,1.8,1.4,4.2,3.6,2.8,3.4,10.6,11.6,57.0,56.2,1.2,2.8,11.0,15.2,,
2022-02-28,Atalanta,Sampdoria,4,0,H,2,0,H,19,6,9,1,8,1,16,9,19:45,-1.25,2.04,1.86,2.05,1.88,1.5,5.0,8.0,1.45,4.61,7.0,1,2,0,0,1.44,5.0,6.5,1.44,4.6,7.0,1.45,4.7,6.5,1.48,4.66,7.47,1.66,2.2,1.68,2.31,1.64,2.27,2021-22,Serie A,2.69433,0.476071,1786.93688965,1592.83911133,194.0977783200001,6.041908697296597,1.982669760142707,16.016805252135235,7.958565485162043,,,,,1.8,1.6,5.2,5.2,4.8,4.8,15.8,12.0,61.2,45.6,2.8,2.4,12.0,15.6,,
2022-03-04,Inter,Salernitana,5,0,H,2,0,H,23,11,12,3,10,3,11,7,19:45,-2.25,2.07,1.83,2.08,1.83,1.2,8.6,23.0,1.16,7.94,18.06,2,1,0,0,1.14,7.5,19.0,1.16,7.75,18.5,1.2,7.25,14.0,1.18,8.03,18.07,1.44,2.75,1.45,2.88,1.43,2.82,2021-22,Serie A,4.69296,0.836976,,1449.05554199,,6.765296618062967,3.1063692865247514,21.155697433957865,8.442152562561038,,,,,3.0,0.2,7.0,4.0,5.8,4.6,19.4,10.4,59.8,39.2,3.0,3.6,13.0,11.4,,
2022-03-05,Udinese,Sampdoria,2,1,H,2,1,H,19,8,5,4,11,4,20,14,14:00,-0.5,1.9,2.0,1.93,2.0,1.97,3.7,4.7,1.9,3.49,4.34,5,2,0,0,1.9,3.4,4.33,1.9,3.3,4.33,1.9,3.6,4.2,1.93,3.48,4.61,2.03,1.87,2.04,1.87,1.99,1.84,2021-22,Serie A,2.57043,0.661531,1586.71459961,1586.78466797,-0.0700683600000502,3.9960597695699063,1.6551131734284714,11.534680237317032,7.305710323441363,,,,,1.8,1.6,4.2,5.2,3.2,4.8,13.4,12.0,37.6,45.6,3.0,2.4,15.4,15.6,,
2022-03-05,Roma,Atalanta,1,0,H,1,0,H,13,7,4,4,6,3,18,14,17:00,0.0,1.9,2.0,1.93,1.99,2.7,3.68,2.8,2.61,3.47,2.71,6,4,1,1,2.55,3.4,2.7,2.45,3.5,2.7,2.6,3.4,2.7,2.69,3.45,2.78,1.72,2.1,1.79,2.13,1.75,2.1,2021-22,Serie A,1.74727,1.05953,1707.42321777,1792.99145508,-85.56823730999986,5.036096198825458,3.2027807414181453,14.196574345349095,11.49252127705616,,,,,2.0,2.0,5.4,5.4,4.2,4.6,13.6,15.2,41.2,51.0,1.8,1.6,12.4,15.2,,
2022-03-05,Cagliari,Lazio,0,3,A,0,2,A,16,13,3,5,7,6,10,13,19:45,0.25,2.07,1.83,2.1,1.84,3.9,3.54,2.17,3.63,3.41,2.11,3,2,0,1,3.6,3.2,2.1,3.7,3.4,2.05,3.45,3.4,2.15,3.75,3.44,2.15,1.98,1.92,1.97,1.93,1.93,1.89,2021-22,Serie A,0.596491,2.68261,1562.1373291,1702.80297852,-140.6656494199999,4.418494244892661,6.437191209058641,12.063583728014963,10.043509376707233,,,,,1.4,2.2,4.0,1.8,6.0,0.6,10.6,7.0,47.8,45.0,2.4,3.2,12.8,12.2,,
2022-03-06,Genoa,Empoli,0,0,D,0,0,D,18,8,7,2,7,2,15,19,11:30,0.0,1.81,2.09,1.85,2.08,2.65,3.58,2.99,2.52,3.4,2.84,4,3,0,0,2.5,3.2,2.87,2.5,3.3,2.8,2.5,3.4,2.8,2.56,3.52,2.88,1.88,2.02,1.83,2.07,1.81,2.01,2021-22,Serie A,1.26288,0.319298,1527.69140625,1543.53686523,-15.845458980000105,4.1708072956358295,5.091108890732933,10.092670682164156,13.366646532728945,,,,,1.2,1.0,6.0,5.6,3.8,4.0,12.2,14.6,48.2,49.8,2.4,3.4,12.8,12.0,,
2022-03-06,Bologna,Torino,0,0,D,0,0,D,6,13,1,2,5,7,23,16,14:00,0.0,2.01,1.89,2.0,1.93,2.91,3.32,2.85,2.81,3.18,2.68,3,3,0,0,2.8,3.2,2.5,2.75,3.1,2.65,2.8,3.25,2.6,2.91,3.12,2.8,2.07,1.83,2.12,1.79,2.04,1.8,2021-22,Serie A,0.24493,0.754248,1575.93322754,1593.45349121,-17.520263670000077,6.20931204028293,6.368016393164999,13.94506069347303,10.725781413176628,,,,,0.8,1.4,6.6,4.6,4.2,6.2,11.0,11.4,52.4,56.4,3.6,1.4,9.0,18.6,,
2022-03-06,Fiorentina,Verona,1,1,D,1,1,D,8,2,2,2,4,2,15,15,14:00,-0.5,2.01,1.89,2.03,1.89,2.05,3.8,4.1,2.0,3.59,3.76,0,4,0,0,1.95,3.5,3.6,1.95,3.4,3.9,2.0,3.7,3.6,2.03,3.62,3.93,1.72,2.1,1.76,2.17,1.73,2.14,2021-22,Serie A,1.53524,0.97388,1640.51367188,1630.47363281,10.04003906999992,3.6966474171168584,4.28536751963059,12.742931012097303,11.991060155313574,,,,,3.2,,5.0,,6.2,,18.6,,57.4,,3.2,,7.4,,,
2022-03-06,Venezia,Sassuolo,1,4,A,1,3,A,16,16,5,10,8,6,18,14,14:00,0.25,1.97,1.93,2.02,1.91,3.52,3.61,2.27,3.3,3.45,2.22,4,1,0,0,3.25,3.4,2.2,3.3,3.25,2.2,3.15,3.5,2.25,3.43,3.61,2.21,1.66,2.2,1.65,2.36,1.65,2.26,2021-22,Serie A,3.09905,3.70614,1488.7755127,1659.79418945,-171.01867674999994,4.051757391695411,4.771959634277372,11.594173200788047,15.953912099367573,,,,,1.8,1.6,3.0,4.6,3.6,3.0,9.8,12.2,42.4,53.2,5.8,2.0,14.2,12.0,,
2022-03-06,Juventus,Spezia,1,0,H,1,0,H,10,9,3,4,4,4,14,11,17:00,-1.75,1.99,1.91,1.99,1.92,1.29,6.5,15.0,1.25,6.08,13.06,3,2,0,0,1.22,6.25,13.0,1.24,6.0,12.5,1.25,6.0,12.0,1.24,6.34,14.8,1.66,2.2,1.68,2.29,1.65,2.25,2021-22,Serie A,1.41795,0.984779,1827.89123535,1519.93359375,307.9576416,6.204498711992489,2.742184613782779,13.738870354376123,9.70891092959206,,,,,1.6,0.8,4.0,4.6,4.0,4.0,15.0,9.0,56.6,50.0,1.4,5.2,16.4,11.4,,
2022-03-06,Napoli,Milan,0,1,A,0,0,D,9,12,2,7,6,7,7,15,19:45,-0.25,1.8,2.1,1.87,2.06,2.23,3.48,3.92,2.14,3.32,3.65,4,4,0,0,2.05,3.3,3.6,2.05,3.3,3.6,2.15,3.35,3.55,2.19,3.33,3.75,2.04,1.86,2.05,1.86,2.0,1.83,2021-22,Serie A,,,1786.0057373,1786.81262207,-0.8068847700001243,7.65697038805813,5.480768326117104,19.929698687154364,14.10617171050032,,,,,1.2,1.8,4.8,4.0,3.2,4.8,19.4,14.0,59.8,58.4,2.6,3.4,14.0,12.8,,
2022-03-12,Salernitana,Sassuolo,2,2,D,1,2,A,15,20,5,7,5,5,13,15,14:00,0.75,1.84,2.06,1.83,2.09,4.23,4.24,1.87,4.04,4.07,1.82,2,4,0,1,3.8,4.2,1.8,3.9,4.1,1.8,3.95,4.1,1.8,4.07,4.14,1.86,1.53,2.5,1.56,2.57,1.52,2.52,2021-22,Serie A,1.63738,1.5945,1449.65380859,1670.56445312,-220.91064453000013,4.989208585713184,5.1813064228515815,10.864985953285505,15.969274732911714,,,,,1.2,1.6,6.2,4.6,5.0,3.0,10.6,12.2,42.4,53.2,3.4,2.0,11.2,12.0,,
2022-03-12,Spezia,Cagliari,2,0,H,0,0,D,12,11,7,1,8,7,10,17,14:00,0.0,1.97,1.93,2.01,1.91,2.9,3.3,2.91,2.76,3.2,2.71,1,4,0,0,2.62,3.3,2.62,2.75,3.1,2.7,2.7,3.25,2.7,2.9,3.19,2.75,2.0,1.8,2.07,1.85,2.02,1.81,2021-22,Serie A,2.30067,0.490723,1521.10742188,1555.90795898,-34.800537100000156,2.7106282729409292,2.649976824018722,8.99465603895823,11.22115217556292,,,,,2.2,0.2,2.6,1.8,3.8,2.8,10.2,8.0,40.0,34.6,3.2,4.4,14.6,11.8,,
2022-03-12,Sampdoria,Juventus,1,3,A,0,2,A,16,6,5,3,9,0,7,15,17:00,0.75,2.05,1.85,2.05,1.88,5.75,4.14,1.72,5.39,3.84,1.67,0,2,0,0,5.5,3.75,1.65,5.75,3.6,1.65,5.25,3.75,1.7,5.68,3.9,1.69,1.97,1.93,1.95,1.95,1.9,1.92,2021-22,Serie A,1.39467,1.43772,1582.5012207,1832.48046875,-249.97924805,3.0602186633448816,4.067812482163276,10.113828879091628,12.811109166712145,,,,,2.0,2.2,4.8,4.4,5.4,3.8,13.8,15.0,45.0,54.6,2.2,2.0,12.6,12.2,,
2022-03-12,Milan,Empoli,1,0,H,1,0,H,15,5,5,2,5,4,6,12,19:45,-1.5,2.05,1.85,2.03,1.9,1.4,5.5,9.5,1.36,5.22,8.33,1,0,0,0,1.36,5.25,7.5,1.37,5.0,8.0,1.37,5.25,7.5,1.37,5.45,9.02,1.53,2.5,1.57,2.54,1.56,2.43,2021-22,Serie A,,,1798.53796387,1546.84680176,251.69116211000005,5.1203858942008615,4.0607392604886225,14.172668273618337,11.57776435515263,,,,,1.4,1.0,5.4,5.6,4.6,4.0,15.0,14.6,53.0,49.8,1.8,3.4,14.0,12.0,,
2022-03-13,Fiorentina,Bologna,1,0,H,0,0,D,14,4,5,0,9,1,9,16,11:30,-0.75,1.8,2.1,1.85,2.08,1.69,4.28,5.75,1.65,4.06,5.25,1,5,0,1,1.61,4.0,5.5,1.65,4.0,5.0,1.63,4.1,5.25,1.67,4.05,5.6,1.72,2.1,1.8,2.11,1.75,2.1,2021-22,Serie A,2.74019,0.966761,1642.22692871,1578.43457031,63.79235840000001,3.797764944744572,2.5880445806778183,11.16195400806487,9.36874272026434,,,,,3.2,2.0,5.0,4.2,6.2,1.6,18.6,14.2,57.4,51.4,3.2,3.8,7.4,11.6,,
2022-03-13,Torino,Inter,1,1,D,1,0,H,13,15,4,7,3,4,15,17,19:45,0.75,2.04,1.86,2.08,1.86,6.0,4.14,1.75,5.32,3.87,1.68,1,5,0,0,5.5,3.6,1.66,5.25,3.8,1.65,5.0,3.95,1.67,5.94,3.89,1.67,1.85,2.05,1.87,2.05,1.82,2.01,2021-22,Serie A,2.30248,2.6573,1596.71520996,,,4.617751860821177,7.9018329410038,14.528648837155334,15.869612995610051,,,,,2.6,4.0,3.8,7.4,3.6,8.0,12.8,18.8,54.4,61.2,3.4,2.0,15.6,9.2,,
2022-03-13,Atalanta,Genoa,0,0,D,0,0,D,11,13,2,3,4,3,13,17,17:00,-1.5,2.05,1.85,2.07,1.86,1.38,5.36,11.0,1.34,5.09,9.81,2,0,0,0,1.33,5.25,9.0,1.33,5.25,9.5,1.35,5.25,8.75,1.36,5.18,10.18,1.8,2.0,1.82,2.09,1.76,2.08,2021-22,Serie A,1.1714,0.731994,1789.94824219,1530.14465332,259.8035888699999,6.694605798197731,3.4063542958359134,17.01120350142349,8.322160565958091,,,,,1.8,0.8,5.2,2.4,4.8,3.0,15.8,7.2,61.2,46.6,2.8,3.6,12.0,12.6,,
2022-03-13,Udinese,Roma,1,1,D,1,0,H,11,10,5,2,6,4,16,12,17:00,0.25,1.95,1.95,1.93,1.99,3.4,3.52,2.33,3.27,3.37,2.26,3,2,0,0,3.1,3.5,2.25,3.1,3.4,2.25,3.25,3.4,2.25,3.34,3.42,2.33,2.0,1.9,2.06,1.85,2.03,1.8,2021-22,Serie A,0.92821,1.07674,1596.76123047,1722.81555176,-126.05432128999996,6.3307065130466045,5.413496512312751,14.023120158211356,19.379741118957703,,,,,1.8,2.8,4.2,6.2,3.2,7.6,13.4,17.8,37.6,53.0,3.0,3.4,15.4,16.2,,
2022-03-13,Verona,Napoli,1,2,A,0,1,A,8,13,1,4,3,5,19,9,14:00,0.25,2.04,1.86,2.08,1.85,3.64,3.9,2.17,3.47,3.55,2.11,6,0,2,0,3.25,3.6,2.15,3.4,3.6,2.05,3.4,3.5,2.15,3.57,3.62,2.14,1.89,2.01,1.89,2.02,1.86,1.97,2021-22,Serie A,0.870895,2.06949,1634.5234375,1780.04345703,-145.5200195299999,5.776237939238161,4.993598536808414,14.714157043459831,12.85622110450643,,,,,,1.4,,3.6,,3.4,,11.6,,56.2,,2.8,,15.2,,
2022-03-14,Lazio,Venezia,1,0,H,0,0,D,10,7,1,2,8,4,11,13,19:45,-1.5,1.98,1.92,2.01,1.92,1.38,5.6,10.5,1.34,5.34,8.95,1,1,0,0,1.33,5.5,8.5,1.34,5.25,8.5,1.33,5.5,8.5,1.36,5.4,9.62,1.57,2.37,1.59,2.5,1.58,2.4,2021-22,Serie A,1.45542,0.399391,1714.79541016,1483.76831055,231.02709961000005,3.8348207985458416,3.300022015614151,12.974555971406048,7.300033305672691,,,,,1.8,1.0,4.2,2.6,2.8,3.4,10.6,8.4,57.0,39.8,1.2,4.6,11.0,12.6,,
2022-03-18,Sassuolo,Spezia,4,1,H,1,1,D,16,5,7,1,6,2,14,16,17:45,-1.0,2.1,1.7,2.17,1.78,1.73,4.39,5.5,1.66,4.23,4.97,2,3,0,0,1.66,4.2,4.75,1.61,4.2,5.0,1.7,4.1,4.6,1.7,4.23,4.99,1.57,2.37,1.6,2.47,1.56,2.44,2021-22,Serie A,2.44051,0.28431,1662.60473633,1529.77038574,132.83435059,5.971544034678042,3.1614564091885193,15.519221638275308,9.472607286394709,,,,,2.0,0.8,5.2,4.6,4.2,4.0,15.0,9.0,58.2,50.0,2.0,5.2,11.8,11.4,,
2022-03-18,Genoa,Torino,1,0,H,1,0,H,7,9,2,3,2,3,12,17,20:00,0.25,1.85,2.05,1.85,2.08,3.4,3.28,2.5,3.24,3.16,2.41,3,3,1,0,3.2,3.1,2.4,3.2,3.1,2.37,3.15,3.1,2.45,3.28,3.24,2.45,2.37,1.57,2.43,1.62,2.36,1.6,2021-22,Serie A,0.953473,0.517226,1534.04150391,1599.38818359,-65.34667967999985,5.113871530423886,6.578677595443333,12.72844712144277,11.483854275451089,,,,,1.2,1.4,6.0,4.6,3.8,6.2,12.2,11.4,48.2,56.4,2.4,1.4,12.8,18.6,,
2022-03-19,Napoli,Udinese,2,1,H,0,1,A,20,10,8,3,7,4,10,12,14:00,-1.25,2.02,1.77,2.14,1.81,1.52,4.75,7.7,1.47,4.49,7.1,2,2,0,1,1.44,4.5,7.0,1.46,4.4,7.25,1.47,4.5,6.75,1.47,4.68,7.6,1.8,2.0,1.85,2.07,1.8,2.03,2021-22,Serie A,1.28206,0.771369,1782.21496582,1596.42663574,185.78833008000015,7.104646925372087,4.908695414919061,16.286465791436243,12.796293473781663,,,,,1.2,2.0,4.8,4.6,3.2,2.4,19.4,13.6,59.8,41.2,2.6,2.4,14.0,14.2,,
2022-03-19,Inter,Fiorentina,1,1,D,0,0,D,13,17,5,4,5,3,14,12,17:00,-1.0,1.77,2.02,1.85,2.08,1.55,4.85,7.5,1.5,4.59,6.3,1,2,0,0,1.5,4.5,6.5,1.5,4.5,6.0,1.53,4.6,5.75,1.53,4.7,6.36,1.61,2.3,1.65,2.36,1.61,2.31,2021-22,Serie A,0.996394,1.05358,,1644.80932617,,7.843531078708645,7.253758491848892,21.77046495597191,14.98379249374186,,,,,3.0,1.4,7.0,4.6,5.8,6.0,19.4,9.4,59.8,55.0,3.0,1.8,13.0,12.6,,
2022-03-19,Cagliari,Milan,0,1,A,0,0,D,13,21,1,5,6,5,13,14,19:45,1.0,1.81,2.09,1.82,2.13,6.0,4.2,1.69,5.52,4.01,1.63,1,0,0,0,5.25,4.0,1.6,5.25,3.9,1.63,5.5,4.1,1.63,5.79,4.1,1.65,1.92,1.98,1.94,1.96,1.89,1.94,2021-22,Serie A,,,1541.31176758,1797.82104492,-256.50927734000015,5.278996163261773,5.9871788840780695,13.37572248534331,13.404114473666882,,,,,1.4,1.8,4.0,4.0,6.0,4.8,10.6,14.0,47.8,58.4,2.4,3.4,12.8,12.8,,
2022-03-20,Roma,Lazio,3,0,H,3,0,H,11,9,5,3,6,3,16,12,17:00,0.0,1.88,2.02,1.93,2.0,2.73,3.52,2.9,2.58,3.4,2.77,4,3,0,0,2.55,3.4,2.75,2.45,3.3,2.85,2.55,3.4,2.75,2.68,3.47,2.77,1.92,1.98,1.89,2.02,1.85,1.97,2021-22,Serie A,2.47701,0.358377,1718.09179688,1714.32128906,3.7705078199999207,5.357397465883639,6.291460806039095,13.79771623023273,11.029006251138156,,,,,2.0,2.2,5.4,1.8,4.2,0.6,13.6,7.0,41.2,45.0,1.8,3.2,12.4,12.2,,
2022-03-20,Empoli,Verona,1,1,D,1,0,H,7,14,2,4,3,7,17,13,14:00,0.0,1.98,1.92,1.95,1.97,2.76,3.55,2.78,2.69,3.42,2.63,2,3,0,0,2.62,3.5,2.55,3.1,3.3,2.3,2.65,3.45,2.6,2.7,3.54,2.72,1.72,2.1,1.71,2.25,1.71,2.16,2021-22,Serie A,0.934289,1.54465,1541.63024902,1626.4185791,-84.78833007999992,5.7780280407420594,3.523578346420394,13.619363830290352,8.66070677020905,,,,,1.2,,6.0,,3.4,,14.0,,48.0,,5.6,,13.0,,,
2022-03-20,Juventus,Salernitana,2,0,H,2,0,H,12,12,7,4,5,5,10,13,14:00,-1.75,1.88,2.02,1.88,2.03,1.24,7.4,17.0,1.21,6.7,14.72,3,2,0,0,1.2,7.0,13.0,1.2,7.25,13.5,1.22,6.5,14.0,1.2,7.31,16.39,1.61,2.3,1.62,2.4,1.63,2.29,2021-22,Serie A,2.40548,0.438066,1813.8293457,1451.68017578,362.1491699200001,5.469665807994993,3.070912857683168,12.492580236250747,9.294768375040691,,,,,1.6,0.2,4.0,4.0,4.0,4.6,15.0,10.4,56.6,39.2,1.4,3.6,16.4,11.4,,
2022-03-20,Venezia,Sampdoria,0,2,A,0,2,A,13,8,1,4,3,4,28,17,11:30,0.0,1.96,1.94,1.99,1.93,2.82,3.45,2.8,2.69,3.33,2.68,5,1,1,0,2.62,3.3,2.7,2.5,3.4,2.7,2.65,3.35,2.65,2.81,3.31,2.74,1.92,1.98,1.94,1.96,1.88,1.94,2021-22,Serie A,1.64587,1.39567,1478.30908203,1575.05151367,-96.74243164000018,5.367838261130274,2.436742115618981,13.0627821338587,7.537140215627575,,,,,1.8,1.6,3.0,5.2,3.6,4.8,9.8,12.0,42.4,45.6,5.8,2.4,14.2,15.6,,
2022-03-20,Bologna,Atalanta,0,1,A,0,0,D,12,15,3,2,6,3,9,12,19:45,0.75,1.77,2.02,1.8,2.13,4.6,3.9,1.89,4.34,3.73,1.83,0,1,0,0,4.5,3.6,1.8,4.4,3.7,1.8,4.2,3.8,1.83,4.53,3.71,1.88,1.86,2.04,1.89,2.02,1.82,2.0,2021-22,Serie A,1.59506,1.58088,1569.91882324,1790.62548828,-220.70666503999996,5.806208026855288,3.1351871609454305,11.29670712898202,9.995014184704107,,,,,0.8,2.0,6.6,5.4,4.2,4.6,11.0,15.2,52.4,51.0,3.6,1.6,9.0,15.2,,
2022-04-02,Salernitana,Torino,0,1,A,0,1,A,14,8,3,5,9,2,15,21,19:45,0.5,1.99,1.91,2.02,1.9,4.5,3.72,1.95,4.28,3.55,1.9,5,4,1,0,4.0,3.6,1.9,4.2,3.4,1.9,4.2,3.55,1.9,4.44,3.67,1.9,2.07,1.83,2.07,1.85,2.03,1.8,2021-22,Serie A,1.08204,1.45234,1449.98010254,1590.44763184,-140.46752930000002,4.9928057238087895,5.385785063628889,12.243323968857002,10.655902850300723,,,,,1.2,1.4,6.2,4.6,5.0,6.2,10.6,11.4,42.4,56.4,3.4,1.4,11.2,18.6,,
2022-04-02,Lazio,Sassuolo,2,1,H,1,0,H,14,20,5,5,4,3,11,8,17:00,-0.75,1.96,1.94,1.95,1.97,1.8,4.3,4.7,1.75,4.09,4.39,1,3,0,0,1.72,4.2,4.2,1.73,4.1,4.2,1.75,4.2,4.2,1.76,4.15,4.64,1.5,2.62,1.51,2.69,1.5,2.59,2021-22,Serie A,2.09117,1.71478,1702.56567383,1669.46972656,33.0959472699999,5.223213865697228,5.120870948567721,11.9830373142707,17.312849821941143,,,,,1.8,1.6,4.2,4.6,2.8,3.0,10.6,12.2,57.0,53.2,1.2,2.0,11.0,12.0,,
2022-04-02,Spezia,Venezia,1,0,H,0,0,D,11,13,5,2,5,2,15,12,14:00,-0.25,1.82,2.08,1.85,2.09,2.22,3.46,3.85,2.13,3.32,3.67,3,1,0,0,2.1,3.4,3.5,2.1,3.25,3.6,2.15,3.35,3.55,2.16,3.34,3.84,2.08,1.82,2.08,1.84,2.03,1.81,2021-22,Serie A,1.14124,0.53455,1522.90539551,1469.02722168,53.87817383000015,4.47375218196062,3.5333480104094344,9.996437359305489,7.200022203781794,,,,,2.2,1.0,2.6,2.6,3.8,3.4,10.2,8.4,40.0,39.8,3.2,4.6,14.6,12.6,,
2022-04-03,Fiorentina,Empoli,1,0,H,0,0,D,24,5,11,1,5,0,10,20,11:30,-1.0,1.89,2.01,1.89,2.04,1.59,4.7,6.5,1.55,4.41,5.82,1,3,0,1,1.55,4.33,5.5,1.55,4.4,5.5,1.55,4.5,5.5,1.57,4.4,6.17,1.57,2.37,1.63,2.4,1.58,2.4,2021-22,Serie A,1.71922,0.207616,1650.67468262,1542.96813965,107.7065429700001,5.5318432964963815,4.040492840325749,12.107969338709914,9.38517623676842,,,,,3.2,1.0,5.0,5.6,6.2,4.0,18.6,14.6,57.4,49.8,3.2,3.4,7.4,12.0,,
2022-04-03,Atalanta,Napoli,1,3,A,0,2,A,19,6,3,5,9,1,15,11,14:00,-0.25,2.07,1.83,2.08,1.85,2.5,3.52,3.18,2.41,3.34,3.05,2,3,0,0,2.4,3.3,3.0,2.35,3.4,2.9,2.4,3.3,3.05,2.43,3.4,3.16,1.94,1.96,1.93,1.98,1.89,1.94,2021-22,Serie A,1.66786,1.84682,1794.3527832,1785.36914062,8.983642579999923,5.796403865465154,4.995732357872276,15.007469000948994,12.904147403004288,,,,,1.8,1.4,5.2,3.6,4.8,3.4,15.8,11.6,61.2,56.2,2.8,2.8,12.0,15.2,,
2022-04-03,Udinese,Cagliari,5,1,H,2,1,H,24,6,11,3,2,2,19,15,14:00,-0.5,1.84,2.06,1.87,2.07,1.93,3.71,4.9,1.85,3.51,4.6,2,4,0,1,1.8,3.5,4.75,1.8,3.5,4.6,1.83,3.55,4.5,1.87,3.57,4.81,2.0,1.8,2.12,1.79,2.06,1.78,2021-22,Serie A,5.37396,0.256503,1593.27246094,1538.14343262,55.12902831999986,6.220471008697737,4.099984549345814,13.01541343880757,11.147434783708617,,,,,1.8,0.2,4.2,1.8,3.2,2.8,13.4,8.0,37.6,34.6,3.0,4.4,15.4,11.8,,
2022-04-03,Sampdoria,Roma,0,1,A,0,1,A,8,6,3,1,4,4,15,13,17:00,0.5,1.99,1.91,2.03,1.89,4.4,3.88,1.95,4.18,3.65,1.89,2,3,0,0,4.0,3.8,1.85,4.0,3.6,1.88,4.0,3.65,1.9,4.37,3.74,1.89,1.91,1.99,1.91,2.0,1.88,1.94,2021-22,Serie A,0.449626,1.1837,1584.33325195,1729.84729004,-145.51403809,5.040145775563255,4.942331008208501,12.07588591939442,16.253160745971805,,,,,2.0,2.8,4.8,6.2,5.4,7.6,13.8,17.8,45.0,53.0,2.2,3.4,12.6,16.2,,
2022-04-03,Juventus,Inter,0,1,A,0,1,A,23,5,5,1,8,1,9,19,19:45,0.0,2.05,1.85,2.07,1.87,2.99,3.44,2.7,2.83,3.31,2.58,4,4,0,0,2.8,3.4,2.5,2.8,3.3,2.5,2.7,3.25,2.7,2.9,3.37,2.63,2.04,1.86,2.05,1.86,1.98,1.84,2021-22,Serie A,1.89815,1.0453,1815.52941895,,,5.313110538663329,6.6012219606692,12.328386824167168,15.579741997073368,,,,,1.6,4.0,4.0,7.4,4.0,8.0,15.0,18.8,56.6,61.2,1.4,2.0,16.4,9.2,,
2022-04-04,Verona,Genoa,1,0,H,1,0,H,7,7,3,4,2,5,16,15,17:30,-0.5,1.85,2.05,1.91,2.02,1.94,3.56,4.8,1.86,3.46,4.6,4,3,0,0,1.83,3.4,4.75,1.8,3.4,4.75,1.85,3.5,4.5,1.91,3.45,4.78,2.0,1.8,2.05,1.86,2.03,1.8,2021-22,Serie A,1.209,0.709184,1625.08068848,1542.98205566,82.09863281999992,4.850825292825441,3.2709028638906092,12.476104695639888,9.881440377305395,,,,,,0.8,,2.4,,3.0,,7.2,,46.6,,3.6,,12.6,,
2022-04-04,Milan,Bologna,0,0,D,0,0,D,33,8,7,4,9,2,10,7,19:45,-1.25,1.86,2.04,1.88,2.04,1.44,5.1,10.0,1.39,4.85,8.57,0,2,0,0,1.4,4.5,8.5,1.39,4.75,8.25,1.4,4.9,8.0,1.39,4.97,9.32,1.72,2.1,1.74,2.2,1.73,2.12,2021-22,Serie A,,,1800.98937988,1566.19140625,234.7979736299999,5.080257262800575,2.058696387118546,14.44844551574556,7.57916181350956,,,,,1.4,2.0,5.4,4.2,4.6,1.6,15.0,14.2,53.0,51.4,1.8,3.8,14.0,11.6,,
2022-04-09,Empoli,Spezia,0,0,D,0,0,D,15,11,4,5,5,4,11,18,14:00,-0.5,2.02,1.88,2.06,1.88,2.11,3.7,3.99,2.03,3.52,3.77,2,2,0,0,2.0,3.5,3.8,1.98,3.6,3.7,2.0,3.45,3.85,2.06,3.51,3.97,1.87,2.03,1.86,2.05,1.83,2.0,2021-22,Serie A,0.888808,1.52229,1537.890625,1527.94104004,9.949584960000038,4.85201869382804,2.7743042727923464,11.41290922019357,7.981738190929805,,,,,1.2,0.8,6.0,4.6,3.4,4.0,14.0,9.0,48.0,50.0,5.6,5.2,13.0,11.4,,
2022-04-09,Inter,Verona,2,0,H,2,0,H,18,9,6,3,10,2,10,7,17:00,-1.5,2.04,1.86,2.04,1.88,1.41,5.5,9.5,1.36,5.19,8.52,2,0,0,0,1.36,5.25,8.0,1.38,5.0,7.75,1.37,5.25,7.75,1.36,5.42,9.19,1.57,2.37,1.59,2.5,1.57,2.41,2021-22,Serie A,2.68092,0.916591,,1629.54492188,,6.895687385805765,4.682385564280262,18.846976637314608,10.440471180139363,,,,,3.0,,7.0,,5.8,,19.4,,59.8,,3.0,,13.0,,,
2022-04-09,Cagliari,Juventus,1,2,A,1,1,D,4,20,1,6,1,4,19,10,19:45,1.0,1.83,2.07,1.86,2.07,6.5,4.14,1.65,6.0,3.94,1.6,1,0,0,0,6.0,4.0,1.6,5.5,3.8,1.63,5.75,3.95,1.6,6.42,4.05,1.61,2.05,1.85,2.03,1.88,2.0,1.83,2021-22,Serie A,0.213416,1.58167,1526.08166504,1806.19042969,-280.10876465,5.519330775507849,2.711874988108851,13.25048165689554,10.540739444474765,,,,,1.4,2.2,4.0,4.4,6.0,3.8,10.6,15.0,47.8,54.6,2.4,2.0,12.8,12.2,,
2022-04-10,Torino,Milan,0,0,D,0,0,D,14,14,3,3,6,5,18,6,19:45,0.5,1.98,1.92,1.97,1.95,4.4,3.72,2.05,4.19,3.51,1.94,2,2,0,0,4.2,3.5,1.9,4.1,3.4,1.93,4.2,3.5,1.9,4.33,3.58,1.95,2.1,1.72,2.18,1.75,2.11,1.75,2021-22,Serie A,,,1595.2956543,1793.73693848,-198.4412841799999,4.0785012405474514,5.658119256052046,14.019099224770224,15.936076315777925,,,,,2.6,1.8,3.8,4.0,3.6,4.8,12.8,14.0,54.4,58.4,3.4,3.4,15.6,12.8,,
2022-04-10,Roma,Salernitana,2,1,H,0,1,A,17,6,7,3,9,2,16,23,17:00,-1.5,1.86,2.04,1.91,2.02,1.33,6.05,15.0,1.28,5.82,11.15,5,8,0,0,1.28,5.75,11.0,1.27,6.0,10.5,1.3,5.75,10.0,1.29,5.92,12.16,1.61,2.3,1.64,2.39,1.61,2.34,2021-22,Serie A,1.95563,0.544663,1729.95019531,1443.79956055,286.15063476,5.571598310589093,3.713941905122112,12.865144153488488,10.19651225002713,,,,,2.0,0.2,5.4,4.0,4.2,4.6,13.6,10.4,41.2,39.2,1.8,3.6,12.4,11.4,,
2022-04-10,Venezia,Udinese,1,2,A,0,1,A,9,16,4,5,7,11,15,11,14:00,0.25,2.01,1.89,2.03,1.9,3.64,3.56,2.27,3.48,3.37,2.19,7,2,0,0,3.5,3.3,2.15,3.25,3.3,2.2,3.4,3.35,2.2,3.6,3.4,2.22,2.1,1.72,2.12,1.79,2.05,1.78,2021-22,Serie A,1.18437,3.08444,1462.65917969,1604.00158691,-141.34240722000004,4.578558840753516,4.605796943279374,13.041854755905804,11.864195649187778,,,,,1.8,2.0,3.0,4.6,3.6,2.4,9.8,13.6,42.4,41.2,5.8,2.4,14.2,14.2,,
2022-04-10,Sassuolo,Atalanta,2,1,H,1,0,H,14,15,7,4,8,8,18,14,14:00,0.25,2.06,1.84,2.1,1.84,3.48,3.9,2.15,3.37,3.75,2.09,2,1,0,0,3.3,3.75,2.1,3.4,3.7,2.05,3.3,3.75,2.1,3.48,3.81,2.11,1.53,2.5,1.56,2.57,1.53,2.52,2021-22,Serie A,1.66107,1.85636,1662.80554199,1783.03369141,-120.22814942000014,5.981029356452028,3.0901247739636206,15.67948109218354,11.66334278980274,,,,,2.0,2.0,5.2,5.4,4.2,4.6,15.0,15.2,58.2,51.0,2.0,1.6,11.8,15.2,,
2022-04-10,Napoli,Fiorentina,2,3,A,0,1,A,15,11,3,4,3,2,10,17,14:00,-0.75,2.0,1.9,2.01,1.92,1.81,4.15,4.8,1.77,3.88,4.58,0,3,0,0,1.75,3.8,4.5,1.75,3.8,4.4,1.75,3.85,4.5,1.78,3.95,4.79,1.85,2.05,1.86,2.05,1.82,2.01,2021-22,Serie A,1.45436,0.894842,1797.84545898,1654.4197998,143.42565918000014,7.069764616914725,5.835838994565928,17.524310527624163,15.655861662494576,,,,,1.2,1.4,4.8,4.6,3.2,6.0,19.4,9.4,59.8,55.0,2.6,1.8,14.0,12.6,,
2022-04-10,Genoa,Lazio,1,4,A,0,2,A,15,17,4,11,3,6,7,8,11:30,0.5,1.97,1.93,1.96,1.96,4.5,3.75,1.98,4.21,3.55,1.92,0,1,0,0,4.2,3.5,1.9,4.1,3.5,1.88,4.1,3.55,1.9,4.39,3.52,1.96,2.02,1.88,2.07,1.85,2.01,1.83,2021-22,Serie A,0.57986,2.15663,1537.1854248,1707.89733887,-170.71191407000015,4.075914353615924,5.194307204026064,10.818964747628511,10.352670834092104,,,,,1.2,2.2,6.0,1.8,3.8,0.6,12.2,7.0,48.2,45.0,2.4,3.2,12.8,12.2,,
2022-04-11,Bologna,Sampdoria,2,0,H,0,0,D,19,9,4,2,6,0,11,11,19:45,-0.25,1.88,2.02,1.93,2.0,2.25,3.52,3.65,2.18,3.38,3.45,1,2,0,0,2.1,3.5,3.5,2.1,3.4,3.5,2.2,3.35,3.4,2.25,3.41,3.52,2.1,1.72,2.15,1.78,2.08,1.76,2021-22,Serie A,2.56257,0.566838,1572.1114502,1578.42163086,-6.3101806600000145,5.870805351236859,2.957828077079321,11.531138085988015,7.691426810418385,,,,,0.8,1.6,6.6,5.2,4.2,4.8,11.0,12.0,52.4,45.6,3.6,2.4,9.0,15.6,,
2022-04-15,Spezia,Inter,1,3,A,0,1,A,10,23,2,7,6,7,9,11,18:00,1.5,1.98,1.92,1.97,1.95,12.0,6.02,1.35,9.88,5.54,1.31,2,0,0,0,9.5,5.5,1.3,9.75,5.5,1.3,8.5,5.5,1.33,10.22,5.63,1.33,1.61,2.3,1.66,2.35,1.63,2.3,2021-22,Serie A,0.413811,2.74371,1529.97167969,,,4.64916812130708,4.734147973779467,10.330958239536992,12.053161331382244,,,,,2.2,4.0,2.6,7.4,3.8,8.0,10.2,18.8,40.0,61.2,3.2,2.0,14.6,9.2,,
2022-04-15,Milan,Genoa,2,0,H,1,0,H,10,7,5,1,3,1,10,19,20:00,-1.5,2.0,1.9,2.02,1.91,1.36,5.45,12.17,1.32,5.13,10.71,1,2,0,0,1.33,5.0,11.0,1.33,5.0,10.0,1.33,5.25,10.0,1.33,5.28,12.17,1.8,2.0,1.86,2.05,1.82,2.01,2021-22,Serie A,,,1790.0925293,1529.4309082,260.66162110000005,6.386838175200383,3.847268575927073,20.63229701049704,8.92096025153693,,,,,1.4,0.8,5.4,2.4,4.6,3.0,15.0,7.2,53.0,46.6,1.8,3.6,14.0,12.6,,
2022-04-16,Cagliari,Sassuolo,1,0,H,1,0,H,16,8,8,2,3,3,15,11,11:30,0.25,1.82,2.08,1.85,2.08,3.02,3.9,2.41,2.87,3.68,2.36,2,2,0,0,2.87,3.6,2.37,2.85,3.5,2.35,2.8,3.65,2.35,2.95,3.76,2.39,1.57,2.37,1.6,2.48,1.57,2.41,2021-22,Serie A,1.90806,0.294539,1523.7701416,1673.39172363,-149.6215820299999,4.0128871836719,4.4139139657118145,10.166987771263695,18.208566547960764,,,,,1.4,1.6,4.0,4.6,6.0,3.0,10.6,12.2,47.8,53.2,2.4,2.0,12.8,12.0,,
2022-04-16,Sampdoria,Salernitana,1,2,A,1,2,A,5,7,1,2,5,2,18,23,13:30,-0.5,1.84,2.06,1.83,2.1,1.88,3.92,4.7,1.83,3.74,4.32,1,7,0,0,1.83,3.75,4.2,1.8,3.7,4.2,1.83,3.75,4.1,1.83,3.83,4.61,1.87,2.03,1.87,2.04,1.84,1.98,2021-22,Serie A,0.90485,0.505369,1568.94628906,1442.60583496,126.3404541,4.69343051704217,3.1426279367480747,10.71725727959628,8.79767483335142,,,,,2.0,0.2,4.8,4.0,5.4,4.6,13.8,10.4,45.0,39.2,2.2,3.6,12.6,11.4,,
2022-04-16,Udinese,Empoli,4,1,H,1,0,H,13,15,5,4,4,7,18,13,13:30,-0.75,2.04,1.86,2.07,1.86,1.87,3.9,4.75,1.82,3.7,4.48,1,4,0,0,1.8,3.75,4.5,1.83,3.6,4.2,1.83,3.45,4.6,1.82,3.82,4.72,1.8,2.0,1.8,2.11,1.78,2.05,2021-22,Serie A,1.12137,1.96032,1610.14526367,1537.05053711,73.09472656000003,4.813647339131825,2.6936618935504995,16.67694229253838,7.92345082451228,,,,,1.8,1.0,4.2,5.6,3.2,4.0,13.4,14.6,37.6,49.8,3.0,3.4,15.4,12.0,,
2022-04-16,Fiorentina,Venezia,1,0,H,1,0,H,22,3,6,1,5,0,15,17,15:30,-1.5,2.05,1.85,2.08,1.85,1.4,5.4,10.0,1.36,5.06,8.99,4,4,0,0,1.36,5.0,8.5,1.36,5.0,8.75,1.37,5.25,8.25,1.37,5.24,9.67,1.66,2.2,1.69,2.28,1.67,2.22,2021-22,Serie A,3.78568,0.131667,1667.67077637,1457.70605469,209.96472168000017,5.354562197664254,3.022232006939623,16.071979559139944,9.13334813585453,,,,,3.2,1.0,5.0,2.6,6.2,3.4,18.6,8.4,57.4,39.8,3.2,4.6,7.4,12.6,,
2022-04-16,Juventus,Bologna,1,1,D,0,0,D,23,9,4,2,4,5,11,11,17:30,-1.5,2.0,1.8,2.09,1.85,1.4,5.35,11.0,1.35,5.01,9.81,1,5,0,2,1.33,5.0,10.0,1.35,4.8,9.25,1.35,5.0,9.0,1.34,5.31,10.98,1.86,2.04,1.81,2.09,1.81,2.02,2021-22,Serie A,2.24238,0.991401,1809.69250488,1582.77722168,226.9152832,6.208740359108886,2.0391309247456975,15.885591216111443,7.719441209006375,,,,,1.6,2.0,4.0,4.2,4.0,1.6,15.0,14.2,56.6,51.4,1.4,3.8,16.4,11.6,,
2022-04-16,Lazio,Torino,1,1,D,0,0,D,10,12,4,4,9,7,10,12,19:45,-0.75,1.81,2.09,1.85,2.08,1.71,4.1,6.0,1.64,3.92,5.54,1,2,0,0,1.65,3.8,5.5,1.62,3.75,5.75,1.63,3.9,5.5,1.66,4.09,5.66,2.04,1.86,2.01,1.89,1.97,1.86,2021-22,Serie A,0.987224,0.981319,1716.84240723,1600.13061523,116.71179199999985,4.815475910464819,4.25719004241926,12.6553582095138,9.770601900200484,,,,,1.8,1.4,4.2,4.6,2.8,6.2,10.6,11.4,57.0,56.4,1.2,1.4,11.0,18.6,,
2022-04-18,Atalanta,Verona,1,2,A,0,1,A,17,21,4,6,10,1,13,13,20:00,-1.0,2.08,1.73,2.05,1.88,1.67,4.5,5.75,1.62,4.22,5.25,3,3,0,0,1.65,4.1,5.0,1.63,4.1,5.0,1.63,4.2,5.25,1.62,4.48,5.44,1.66,2.2,1.68,2.31,1.66,2.23,2021-22,Serie A,1.27003,3.74719,1759.70178223,1626.38354492,133.31823730999986,6.864269243643436,3.788257042853508,16.33831266729933,9.96031412009291,,,,,1.8,,5.2,,4.8,,15.8,,61.2,,2.8,,12.0,,,
2022-04-18,Napoli,Roma,1,1,D,1,0,H,9,8,4,6,5,5,21,12,18:00,-0.5,1.91,1.99,1.95,1.97,1.99,3.95,4.33,1.91,3.66,4.02,4,2,0,0,1.9,3.6,4.0,1.9,3.7,3.8,1.9,3.65,4.0,1.95,3.75,4.11,1.88,2.02,1.92,1.99,1.85,1.97,2021-22,Serie A,1.2951,1.34625,1785.78503418,1748.04943848,37.735595699999976,5.713176411276484,4.628220672139001,16.682873685082775,12.835440497314538,,,,,1.2,2.8,4.8,6.2,3.2,7.6,19.4,17.8,59.8,53.0,2.6,3.4,14.0,16.2,,
2022-04-20,Udinese,Salernitana,0,1,A,0,0,D,11,9,3,2,9,3,20,13,17:45,-1.0,1.88,2.05,1.83,2.03,1.56,4.6,7.0,1.51,4.4,6.33,3,5,0,0,1.5,4.5,6.0,1.51,4.2,6.25,1.5,4.5,6.25,1.49,4.49,6.34,1.72,2.1,1.7,2.18,1.72,2.13,2021-22,Serie A,0.480919,1.09235,1619.11657715,1454.83190918,164.2846679700001,4.5424315594212175,2.76175195783205,15.451294861692254,8.198449888900948,,,,,1.8,0.2,4.2,4.0,3.2,4.6,13.4,10.4,37.6,39.2,3.0,3.6,15.4,11.4,,
2022-04-23,Torino,Spezia,2,1,H,1,0,H,14,7,6,2,5,6,9,13,14:00,-0.75,1.91,1.99,1.93,1.99,1.72,4.0,5.75,1.69,3.77,5.33,1,2,0,0,1.66,3.6,5.5,1.68,3.75,5.0,1.67,3.8,5.25,1.71,3.8,5.67,2.04,1.86,2.08,1.84,2.01,1.82,2021-22,Serie A,2.68611,0.989529,1604.41394043,1526.60998535,77.80395507999992,4.719000827031635,3.1828695151948976,14.012732816513482,8.98782546061987,,,,,2.6,0.8,3.8,4.6,3.6,4.0,12.8,9.0,54.4,50.0,3.4,5.2,15.6,11.4,,
2022-04-23,Venezia,Atalanta,1,3,A,0,1,A,8,19,2,5,0,7,12,13,14:00,1.0,2.08,1.82,2.12,1.81,7.5,4.87,1.53,6.62,4.54,1.49,0,3,0,0,6.5,4.33,1.5,6.5,4.4,1.49,6.25,4.6,1.5,6.97,4.61,1.51,1.66,2.2,1.67,2.33,1.64,2.27,2021-22,Serie A,0.703396,3.55103,1454.98681641,1747.39501953,-292.4082031199998,5.385705893835677,4.726749849309081,11.694569837270535,12.775561859868493,,,,,1.8,2.0,3.0,5.4,3.6,4.6,9.8,15.2,42.4,51.0,5.8,1.6,14.2,15.2,,
2022-04-23,Inter,Roma,3,1,H,2,0,H,11,9,8,2,4,3,11,13,17:00,-1.0,2.02,1.77,2.13,1.81,1.68,4.4,5.8,1.63,4.04,5.43,2,2,0,0,1.61,4.0,5.5,1.65,4.0,5.0,1.63,4.1,5.25,1.65,4.09,5.79,1.72,2.1,1.78,2.14,1.74,2.11,2021-22,Serie A,1.78507,1.23184,,1750.31359863,,7.930458257203844,4.752147114759334,18.564651091543073,11.223626998209692,,,,,3.0,2.8,7.0,6.2,5.8,7.6,19.4,17.8,59.8,53.0,3.0,3.4,13.0,16.2,,
2022-04-23,Verona,Sampdoria,1,1,D,0,1,A,12,4,1,3,4,5,15,15,19:45,-0.75,2.03,1.87,2.04,1.89,1.83,3.95,4.9,1.78,3.76,4.63,1,3,0,0,1.75,3.75,4.6,1.75,3.7,4.6,1.77,3.8,4.5,1.81,3.82,4.81,1.87,2.03,1.87,2.04,1.82,2.0,2021-22,Serie A,1.42671,0.913747,1638.69030762,1556.72021484,81.97009278000019,3.900550195216961,1.9718853847195472,10.650736463759928,8.127617873612257,,,,,,1.6,,5.2,,4.8,,12.0,,45.6,,2.4,,15.6,,
2022-04-24,Salernitana,Fiorentina,2,1,H,1,0,H,10,8,4,3,6,4,15,12,11:30,1.0,1.75,2.05,1.83,2.11,5.9,4.2,1.72,5.45,3.99,1.64,1,1,0,0,5.5,3.8,1.66,5.25,3.9,1.65,5.25,4.0,1.65,5.86,4.1,1.64,1.72,2.1,1.78,2.14,1.77,2.07,2021-22,Serie A,1.32457,0.507881,1467.91186523,1670.39001465,-202.4781494199999,6.32853714920586,4.557225996377286,12.828882645904669,14.103907774996385,,,,,1.2,1.4,6.2,4.6,5.0,6.0,10.6,9.4,42.4,55.0,3.4,1.8,11.2,12.6,,
2022-04-24,Bologna,Udinese,2,2,D,1,1,D,10,17,3,5,2,4,9,22,14:00,0.0,2.07,1.83,2.12,1.82,2.99,3.56,2.65,2.87,3.33,2.54,2,2,0,0,2.8,3.25,2.6,2.8,3.3,2.5,2.85,3.3,2.55,2.99,3.35,2.57,1.98,1.92,1.96,1.94,1.94,1.88,2021-22,Serie A,0.933408,1.71422,1589.27575684,1606.03662109,-16.76086424999994,5.913870234157907,6.73719796218625,14.02075872399201,13.24279709945852,,,,,0.8,2.0,6.6,4.6,4.2,2.4,11.0,13.6,52.4,41.2,3.6,2.4,9.0,14.2,,
2022-04-24,Empoli,Napoli,3,2,H,0,1,A,17,16,7,2,10,7,14,9,14:00,1.0,1.86,2.04,1.87,2.06,5.8,4.4,1.66,5.38,4.18,1.62,4,1,0,0,5.5,4.0,1.6,5.25,4.0,1.63,5.25,4.3,1.6,5.69,4.23,1.63,1.61,2.3,1.66,2.35,1.63,2.29,2021-22,Serie A,1.80347,1.30674,1528.07922363,1783.52075195,-255.4415283200001,4.90134579588536,3.663821571914851,12.608606146795712,10.602764935336191,,,,,1.2,1.4,6.0,3.6,3.4,3.4,14.0,11.6,48.0,56.2,5.6,2.8,13.0,15.2,,
2022-04-24,Genoa,Cagliari,1,0,H,0,0,D,13,11,2,1,2,3,21,18,17:00,-0.25,1.94,1.96,1.93,2.0,2.32,3.47,3.69,2.23,3.23,3.51,3,2,0,0,2.2,3.25,3.5,2.2,3.2,3.5,2.25,3.2,3.45,2.27,3.22,3.69,2.2,1.66,2.36,1.65,2.25,1.65,2021-22,Serie A,0.72812,0.923392,1526.44799805,1534.50158691,-8.05358885999999,3.7172762357439497,3.3999896995638763,12.212643165085677,9.431623189139078,,,,,1.2,0.2,6.0,1.8,3.8,2.8,12.2,8.0,48.2,34.6,2.4,4.4,12.8,11.8,,
2022-04-24,Lazio,Milan,1,2,A,1,0,H,7,25,2,8,2,8,13,15,19:45,0.25,1.79,2.11,1.78,2.17,3.08,3.6,2.55,2.9,3.45,2.45,3,4,0,0,2.9,3.4,2.45,2.87,3.3,2.4,2.9,3.4,2.45,2.9,3.55,2.52,1.91,1.99,1.9,2.01,1.87,1.95,2021-22,Serie A,,,1712.55908203,1793.07543945,-80.51635742000008,6.210317273643213,5.438746170701364,11.770238806342531,15.29071754385195,,,,,1.8,1.8,4.2,4.0,2.8,4.8,10.6,14.0,57.0,58.4,1.2,3.4,11.0,12.8,,
2022-04-25,Sassuolo,Juventus,1,2,A,1,1,D,22,10,7,5,6,4,15,8,19:45,0.75,1.85,2.05,1.87,2.06,4.5,4.12,1.92,4.24,3.89,1.81,2,2,0,0,4.2,3.9,1.8,4.1,3.8,1.8,4.2,3.85,1.8,4.43,4.02,1.82,1.66,2.2,1.69,2.29,1.67,2.22,2021-22,Serie A,1.3833,0.54335,1662.66015625,1803.19396973,-140.53381347999994,6.654019570968019,3.1412499920725674,15.119654061455694,13.693826296316509,,,,,2.0,2.2,5.2,4.4,4.2,3.8,15.0,15.0,58.2,54.6,2.0,2.0,11.8,12.2,,
2022-04-27,Bologna,Inter,2,1,H,1,1,D,5,26,3,7,0,7,11,9,19:15,1.25,2.03,1.87,2.07,1.86,8.5,5.4,1.43,7.69,5.05,1.4,1,3,0,0,7.0,5.0,1.4,7.25,4.8,1.41,7.25,5.25,1.4,8.34,5.38,1.39,1.57,2.37,1.6,2.49,1.58,2.4,2021-22,Serie A,1.38147,2.44323,1588.6237793,,,4.609246822771938,5.489431982519644,12.680505815994676,15.70210755425483,,,,,0.8,4.0,6.6,7.4,4.2,8.0,11.0,18.8,52.4,61.2,3.6,2.0,9.0,9.2,,
2022-04-27,Atalanta,Torino,4,4,D,2,2,D,16,5,5,4,8,0,12,11,19:15,-1.0,2.04,1.86,2.07,1.86,1.64,4.34,6.5,1.6,4.17,5.66,2,2,0,0,1.6,4.0,5.75,1.6,4.2,5.25,1.6,4.2,5.5,1.61,4.22,5.94,1.8,2.0,1.8,2.12,1.78,2.06,2021-22,Serie A,2.63289,2.44099,1751.16430664,1609.6673584,141.49694823999994,7.909512829095624,5.1714600282795065,16.55887511153289,10.513734600133656,,,,,1.8,1.4,5.2,4.6,4.8,6.2,15.8,11.4,61.2,56.4,2.8,1.4,12.0,18.6,,
2022-04-27,Fiorentina,Udinese,0,4,A,0,2,A,18,17,7,8,14,2,12,22,17:00,-0.75,1.91,1.99,1.93,1.99,1.76,4.14,5.25,1.71,3.97,4.84,3,4,0,0,1.7,4.0,4.75,1.7,3.9,4.75,1.7,3.95,4.7,1.72,4.12,4.97,1.72,2.1,1.8,2.11,1.77,2.07,2021-22,Serie A,2.81473,3.3303,1658.18103027,1606.68859863,51.49243164000018,5.236374798442837,5.8247986414575,18.047986372759965,14.49519806630568,,,,,3.2,2.0,5.0,4.6,6.2,2.4,18.6,13.6,57.4,41.2,3.2,2.4,7.4,14.2,,
2022-04-30,Cagliari,Verona,1,2,A,0,2,A,14,13,5,4,2,2,16,17,14:00,0.0,1.84,2.06,1.88,2.04,2.66,3.67,2.87,2.54,3.46,2.78,2,4,0,0,2.45,3.6,2.75,2.5,3.3,2.8,2.5,3.4,2.8,2.57,3.64,2.78,2.02,1.88,1.99,1.92,1.96,1.86,2021-22,Serie A,0.698699,1.5873,1527.99804688,1636.12780762,-108.12976074000017,3.6752581224479335,2.858838028569006,12.111325180842464,13.640209413395274,,,,,1.4,,4.0,,6.0,,10.6,,47.8,,2.4,,12.8,,,
2022-04-30,Napoli,Sassuolo,6,1,H,4,0,H,18,13,8,4,4,3,10,9,14:00,-1.25,1.99,1.91,1.97,1.95,1.5,5.2,7.0,1.47,4.93,6.27,0,3,0,0,1.45,4.75,6.5,1.46,4.8,6.0,1.47,5.0,5.75,1.48,5.05,6.57,1.4,3.0,1.4,3.11,1.41,2.92,2021-22,Serie A,3.24407,1.15108,1770.99328613,1657.99108887,113.00219725999978,5.4754509408509895,3.942609310474543,14.121915790055183,14.805711031973845,,,,,1.2,1.6,4.8,4.6,3.2,3.0,19.4,12.2,59.8,53.2,2.6,2.0,14.0,12.0,,
2022-04-30,Sampdoria,Genoa,1,0,H,1,0,H,10,14,2,4,1,2,13,23,17:00,0.0,1.96,1.94,1.98,1.94,2.84,3.38,2.9,2.75,3.17,2.74,3,1,0,0,2.75,3.25,2.62,2.7,3.1,2.75,2.75,3.15,2.7,2.81,3.28,2.77,2.2,1.66,2.25,1.71,2.18,1.69,2021-22,Serie A,1.54966,1.54661,1560.85803223,1534.52685547,26.331176759999835,4.795620344694781,2.898179050618049,8.811504853064188,8.280640167691288,,,,,2.0,0.8,4.8,2.4,5.4,3.0,13.8,7.2,45.0,46.6,2.2,3.6,12.6,12.6,,
2022-04-30,Spezia,Lazio,3,4,A,2,1,H,9,22,3,9,4,5,15,10,19:45,0.75,2.03,1.87,2.05,1.88,5.5,4.2,1.73,5.06,4.0,1.68,3,1,0,0,5.5,3.75,1.65,5.0,3.9,1.68,4.9,4.0,1.67,5.26,4.14,1.68,1.8,2.0,1.83,2.08,1.78,2.05,2021-22,Serie A,1.59858,3.13613,1522.14416504,1706.36291504,-184.21875,5.0994454142047205,5.462871469350709,10.220638826357996,12.56844722272807,,,,,2.2,2.2,2.6,1.8,3.8,0.6,10.2,7.0,40.0,45.0,3.2,3.2,14.6,12.2,,
2022-05-01,Juventus,Venezia,2,1,H,1,0,H,17,9,4,3,8,4,17,12,11:30,-2.0,2.06,1.84,2.09,1.83,1.24,7.2,17.0,1.21,6.75,14.32,3,3,0,0,1.2,6.5,15.0,1.22,6.5,13.0,1.2,6.75,15.0,1.21,7.11,16.17,1.53,2.5,1.56,2.53,1.53,2.52,2021-22,Serie A,2.2771,0.746217,1809.43847656,1452.00524902,357.43322753999996,5.472493572739258,2.014821337959749,18.257060810740963,7.088898757236353,,,,,1.6,1.0,4.0,2.6,4.0,3.4,15.0,8.4,56.6,39.8,1.4,4.6,16.4,12.6,,
2022-05-01,Empoli,Torino,1,3,A,0,0,D,11,13,4,3,5,4,14,11,14:00,0.0,2.04,1.86,2.09,1.85,2.91,3.7,2.72,2.77,3.45,2.55,5,2,2,0,2.7,3.4,2.55,2.65,3.4,2.55,2.75,3.4,2.55,2.9,3.5,2.56,1.83,2.07,1.81,2.1,1.81,2.02,2021-22,Serie A,0.722045,3.02504,1542.18188477,1615.30639648,-73.1245117100002,6.6008971972569075,3.4476400188530048,14.07240409786381,8.675823066755772,,,,,1.2,1.4,6.0,4.6,3.4,6.2,14.0,11.4,48.0,56.4,5.6,1.4,13.0,18.6,,
2022-05-01,Milan,Fiorentina,1,0,H,0,0,D,13,8,2,2,2,2,17,17,14:00,-1.0,2.05,1.75,2.12,1.81,1.7,4.2,6.0,1.65,3.96,5.5,1,3,0,0,1.61,4.0,5.5,1.66,3.6,5.75,1.65,4.1,5.25,1.65,4.02,5.85,1.72,2.1,1.83,2.08,1.79,2.05,2021-22,Serie A,,,1800.84680176,1637.97583008,162.87097168000014,5.257892116800256,4.371483997584858,17.088198006998027,12.06927184999759,,,,,1.4,1.4,5.4,4.6,4.6,6.0,15.0,9.4,53.0,55.0,1.8,1.8,14.0,12.6,,
2022-05-01,Udinese,Inter,1,2,A,0,2,A,7,12,3,5,5,11,12,10,17:00,1.0,1.97,1.93,1.96,1.96,6.5,4.55,1.6,5.99,4.3,1.56,2,1,0,0,6.0,4.2,1.55,5.75,4.1,1.55,6.0,4.3,1.53,6.28,4.3,1.58,1.66,2.2,1.66,2.34,1.65,2.26,2021-22,Serie A,1.22718,2.52307,1628.46899414,,,6.028287706280812,5.992954655013096,13.967529907794836,19.13473836950322,,,,,1.8,4.0,4.2,7.4,3.2,8.0,13.4,18.8,37.6,61.2,3.0,2.0,15.4,9.2,,
2022-05-01,Roma,Bologna,0,0,D,0,0,D,17,10,5,4,10,5,10,9,19:45,-1.25,2.09,1.81,2.1,1.84,1.51,4.89,7.5,1.47,4.62,6.76,0,1,0,0,1.5,4.5,6.0,1.44,4.6,6.75,1.5,4.6,6.25,1.48,4.68,7.33,1.66,2.2,1.7,2.26,1.68,2.21,2021-22,Serie A,0.985697,1.44805,1746.96789551,1603.21008301,143.7578125,6.714398873726062,3.0260872831637986,14.243429435658992,8.146294139337584,,,,,2.0,2.0,5.4,4.2,4.2,1.6,13.6,14.2,41.2,51.4,1.8,3.8,12.4,11.6,,
2022-05-02,Atalanta,Salernitana,1,1,D,0,1,A,20,11,5,9,11,4,13,9,19:45,-1.75,2.0,1.9,1.97,1.93,1.33,6.75,13.0,1.27,6.01,11.1,3,2,0,0,1.25,6.5,9.5,1.26,6.0,11.5,1.27,6.25,10.0,1.27,6.16,12.06,1.5,2.62,1.53,2.59,1.5,2.58,2021-22,Serie A,1.48441,1.4366,1747.10058594,1480.90844727,266.1921386700001,7.939675219397083,2.8411679718880336,16.372583407688595,8.4656332592673,,,,,1.8,0.2,5.2,4.0,4.8,4.6,15.8,10.4,61.2,39.2,2.8,3.6,12.0,11.4,,
2022-05-05,Salernitana,Venezia,2,1,H,1,0,H,19,10,4,4,6,4,12,17,17:00,-0.75,2.05,1.85,2.1,1.84,1.86,3.94,4.75,1.82,3.75,4.39,2,7,0,1,1.75,3.6,4.5,1.82,3.6,4.33,1.83,3.75,4.3,1.83,3.94,4.48,1.9,2.0,1.95,1.95,1.89,1.93,2021-22,Serie A,1.97941,1.32167,1488.01635742,1450.79199219,37.2243652300001,6.219024766137241,2.676547558639833,11.885921763936448,7.725932504824236,,,,,1.2,1.0,6.2,2.6,5.0,3.4,10.6,8.4,42.4,39.8,3.4,4.6,11.2,12.6,,
2022-05-06,Genoa,Juventus,2,1,H,0,0,D,18,12,6,4,9,2,13,15,20:00,0.25,2.05,1.75,2.12,1.81,4.1,3.44,2.18,3.91,3.26,2.09,2,3,0,0,3.75,3.3,2.05,3.8,3.1,2.05,3.9,3.2,2.1,3.92,3.37,2.12,2.5,1.53,2.43,1.62,2.35,1.61,2021-22,Serie A,3.11452,1.95852,1531.25195312,1813.75793457,-282.50598145000004,3.1448508238293,3.4274999947150455,12.475095443390453,12.462550864211009,,,,,1.2,2.2,6.0,4.4,3.8,3.8,12.2,15.0,48.2,54.6,2.4,2.0,12.8,12.2,,
2022-05-06,Inter,Empoli,4,2,H,2,2,D,37,4,10,2,15,2,10,9,17:45,-2.5,2.05,1.75,2.06,1.85,1.22,10.0,21.0,1.14,9.17,17.69,1,0,0,0,1.14,9.0,15.0,1.15,9.0,16.0,1.15,8.5,16.0,1.15,9.28,18.61,1.28,3.75,1.32,3.53,1.27,3.75,2021-22,Serie A,5.56052,0.682871,,1535.0213623,,6.6203055048025625,4.129107929033666,16.043100727695382,10.282300549674854,,,,,3.0,1.0,7.0,5.6,5.8,4.0,19.4,14.6,59.8,49.8,3.0,3.4,13.0,12.0,,
2022-05-07,Torino,Napoli,0,1,A,0,0,D,10,11,3,6,6,4,18,11,14:00,0.5,1.83,2.07,1.87,2.07,3.7,3.81,2.1,3.56,3.64,2.05,2,3,0,0,3.6,3.5,2.05,3.5,3.5,2.05,3.5,3.55,2.05,3.69,3.73,2.07,1.8,2.0,1.8,2.11,1.79,2.05,2021-22,Serie A,0.569398,1.5765,1628.67956543,1783.45349121,-154.77392578000013,4.81266721802109,4.775881047943233,14.008488544342322,12.401843290224129,,,,,2.6,1.4,3.8,3.6,3.6,3.4,12.8,11.6,54.4,56.2,3.4,2.8,15.6,15.2,,
2022-05-07,Sassuolo,Udinese,1,1,D,1,0,H,15,13,6,6,6,9,10,18,17:00,-0.25,2.07,1.83,2.07,1.86,2.41,3.94,3.0,2.35,3.74,2.87,2,2,0,0,2.3,3.6,2.87,2.3,3.7,2.8,2.35,3.45,3.0,2.38,3.83,2.94,1.5,2.62,1.5,2.74,1.47,2.67,2021-22,Serie A,1.50599,2.43382,1651.74353027,1627.60852051,24.135009760000003,6.436013047312014,4.5498657609716675,17.41310270763713,15.330132044203786,,,,,2.0,2.0,5.2,4.6,4.2,2.4,15.0,13.6,58.2,41.2,2.0,2.4,11.8,14.2,,
2022-05-07,Lazio,Sampdoria,2,0,H,1,0,H,16,9,10,2,6,0,9,9,19:45,-1.25,2.03,1.87,2.07,1.87,1.52,4.9,8.0,1.47,4.7,6.74,1,1,0,0,1.44,4.75,6.5,1.47,4.75,6.25,1.47,4.7,6.25,1.47,4.83,7.25,1.61,2.3,1.63,2.41,1.62,2.33,2021-22,Serie A,2.35961,0.726496,1713.96447754,1570.34545898,143.61901855999986,4.806878182428809,2.981256923146365,10.180159204228357,6.751745249074839,,,,,1.8,1.6,4.2,5.2,2.8,4.8,10.6,12.0,57.0,45.6,1.2,2.4,11.0,15.6,,
2022-05-08,Salernitana,Cagliari,1,1,D,0,0,D,13,9,2,3,7,6,12,17,17:00,-0.25,2.06,1.84,2.12,1.82,2.55,3.52,3.15,2.42,3.34,3.03,5,2,1,1,2.37,3.4,3.0,2.45,3.4,2.8,2.4,3.3,3.0,2.48,3.4,3.08,2.04,1.86,2.1,1.81,2.02,1.81,2021-22,Serie A,1.62897,0.382997,1497.18200684,1524.74243164,-27.560424799999964,6.1460165107581615,3.266659799709251,14.257281175957631,9.954415459426052,,,,,1.2,0.2,6.2,1.8,5.0,2.8,10.6,8.0,42.4,34.6,3.4,4.4,11.2,11.8,,
2022-05-08,Verona,Milan,1,3,A,1,1,D,10,18,3,8,5,8,15,7,19:45,0.75,1.91,1.99,1.93,1.99,4.8,4.3,1.83,4.47,4.02,1.76,2,1,0,0,4.33,4.2,1.7,4.2,3.9,1.78,4.5,3.9,1.75,4.56,4.25,1.76,1.72,2.1,1.73,2.22,1.72,2.14,2021-22,Serie A,,,1645.59606934,1807.3651123,-161.76904295999998,3.933700130144641,6.292497447134243,11.100490975839952,18.52714502923463,,,,,,1.8,,4.0,,4.8,,14.0,,58.4,,3.4,,12.8,,
2022-05-08,Venezia,Bologna,4,3,H,2,1,H,18,23,9,10,4,8,10,13,14:00,0.25,1.82,2.08,1.91,2.01,3.11,3.73,2.44,3.0,3.55,2.33,2,4,0,0,2.87,3.5,2.35,2.95,3.5,2.3,2.95,3.45,2.35,3.11,3.71,2.32,1.87,2.03,1.82,2.09,1.81,2.02,2021-22,Serie A,2.47386,2.42822,1447.83898926,1611.24267578,-163.40368651999984,3.590470595890452,3.684058188775866,10.46304655818036,8.764196092891723,,,,,1.8,2.0,3.0,4.2,3.6,1.6,9.8,14.2,42.4,51.4,5.8,3.8,14.2,11.6,,
2022-05-08,Spezia,Atalanta,1,3,A,1,1,D,5,17,1,6,0,3,10,12,11:30,1.25,1.86,2.04,1.9,2.02,6.7,5.0,1.53,6.33,4.78,1.48,2,3,0,0,6.5,4.75,1.45,5.75,4.6,1.49,6.0,4.8,1.47,6.45,4.92,1.5,1.53,2.5,1.54,2.62,1.51,2.55,2021-22,Serie A,1.09582,2.4171,1520.75524902,1743.09899902,-222.34375,4.732963609469814,5.4844998995393865,9.813759217571995,14.850374573245665,,,,,2.2,2.0,2.6,5.4,3.8,4.6,10.2,15.2,40.0,51.0,3.2,1.6,14.6,15.2,,
2022-05-09,Fiorentina,Roma,2,0,H,2,0,H,12,6,7,1,5,3,16,11,19:45,-0.25,2.04,1.86,2.07,1.87,2.55,3.68,3.16,2.39,3.41,3.02,3,1,0,0,2.37,3.3,3.0,2.4,3.3,2.9,2.4,3.35,3.0,2.4,3.45,3.16,1.91,1.99,1.91,2.0,1.87,1.95,2021-22,Serie A,1.70341,0.580624,1637.67016602,1754.38439941,-116.71423339000012,8.157583198961891,4.168098076506223,18.03199091517331,10.48241799880646,,,,,3.2,2.8,5.0,6.2,6.2,7.6,18.6,17.8,57.4,53.0,3.2,3.4,7.4,16.2,,
2022-05-14,Empoli,Salernitana,1,1,D,1,0,H,16,28,6,9,3,11,18,8,14:00,0.25,1.99,1.91,2.02,1.88,3.35,4.0,2.21,3.17,3.81,2.14,2,2,0,0,3.1,3.75,2.1,3.1,3.75,2.05,3.35,3.75,2.05,3.28,3.86,2.15,1.57,2.37,1.58,2.48,1.57,2.42,2021-22,Serie A,1.76936,3.34278,1532.93896484,1496.73083496,36.20812987999989,6.067264798171273,3.2274453145920226,13.048269398575874,9.310422172844866,,,,,1.2,0.2,6.0,4.0,3.4,4.6,14.0,10.4,48.0,39.2,5.6,3.6,13.0,11.4,,
2022-05-14,Udinese,Spezia,2,3,A,1,2,A,17,10,6,6,4,2,19,10,17:00,-0.5,1.85,2.05,1.88,2.03,1.91,4.02,4.3,1.86,3.82,4.11,3,2,0,0,1.83,3.9,4.0,1.83,3.8,4.0,1.9,3.85,3.8,1.88,3.8,4.28,1.66,2.2,1.71,2.22,1.69,2.18,2021-22,Serie A,1.40244,2.64896,1629.52819824,1515.40722656,114.12097167999993,5.685525137520543,4.121913010129932,11.645019938529892,8.325216973746581,,,,,1.8,0.8,4.2,4.6,3.2,4.0,13.4,9.0,37.6,50.0,3.0,5.2,15.4,11.4,,
2022-05-14,Verona,Torino,0,1,A,0,1,A,10,11,5,5,4,4,17,18,17:00,-0.25,2.0,1.9,1.99,1.91,2.37,3.7,3.26,2.31,3.48,3.1,4,2,0,0,2.3,3.5,3.0,2.25,3.5,3.0,2.35,3.35,3.05,2.32,3.44,3.26,1.8,2.0,1.81,2.08,1.8,2.03,2021-22,Serie A,0.692798,1.74109,1638.40698242,1623.453125,14.953857420000077,4.2891334200964275,3.6317600125686704,10.733660650559967,10.117215377837182,,,,,,1.4,,4.6,,6.2,,11.4,,56.4,,1.4,,18.6,,
2022-05-14,Roma,Venezia,1,1,D,0,1,A,46,4,16,2,20,2,11,14,19:45,-1.75,1.85,2.05,1.87,2.02,1.28,7.0,13.15,1.24,6.56,11.28,2,5,0,1,1.25,6.5,11.0,1.25,6.25,11.0,1.25,6.5,11.0,1.26,6.64,11.0,1.4,3.0,1.41,2.99,1.4,2.91,2021-22,Serie A,3.01714,0.343274,1740.27880859,1459.14318848,281.13562011,7.8095992491507085,3.1176983724265552,15.16228629043933,8.483955003216158,,,,,2.0,1.0,5.4,2.6,4.2,3.4,13.6,8.4,41.2,39.8,1.8,4.6,12.4,12.6,,
2022-05-15,Bologna,Sassuolo,1,3,A,0,1,A,8,16,2,7,4,9,9,10,11:30,0.0,1.87,2.03,1.87,2.04,2.62,4.0,2.85,2.47,3.76,2.68,0,1,0,0,2.4,3.8,2.62,2.5,3.7,2.55,2.45,3.8,2.65,2.51,3.81,2.73,1.44,2.75,1.45,2.87,1.43,2.78,2021-22,Serie A,1.64743,2.61319,1599.93859863,1649.82385254,-49.885253910000074,3.0728312151812927,3.6284062069830294,10.120337210663116,14.203807354649229,,,,,0.8,1.6,6.6,4.6,4.2,3.0,11.0,12.2,52.4,53.2,3.6,2.0,9.0,12.0,,
2022-05-15,Napoli,Genoa,3,0,H,1,0,H,17,11,9,3,9,2,13,15,14:00,-0.75,2.02,1.77,2.1,1.81,1.88,4.33,4.28,1.84,3.99,4.02,1,1,0,0,1.8,4.0,3.8,1.83,3.8,4.0,1.83,3.85,4.1,1.85,4.33,3.88,1.72,2.1,1.81,2.08,1.76,2.08,2021-22,Serie A,2.3453,1.0345,1788.67993164,1545.33630371,243.3436279299999,4.983633960567326,2.598786033745366,15.414610526703456,10.187093445127529,,,,,1.2,0.8,4.8,2.4,3.2,3.0,19.4,7.2,59.8,46.6,2.6,3.6,14.0,12.6,,
2022-05-15,Milan,Atalanta,2,0,H,0,0,D,12,12,6,2,4,6,8,14,17:00,-0.75,2.03,1.87,2.03,1.88,1.86,4.3,4.33,1.79,4.14,4.14,3,2,0,0,1.75,4.2,4.2,1.75,4.0,4.2,1.75,4.1,4.3,1.79,4.3,4.15,1.57,2.37,1.55,2.58,1.54,2.47,2021-22,Serie A,,,1814.55419922,1748.44702148,66.10717774,4.171928077866838,4.656333266359591,15.725465337998685,15.566916382163775,,,,,1.4,2.0,5.4,5.4,4.6,4.6,15.0,15.2,53.0,51.0,1.8,1.6,14.0,15.2,,
2022-05-15,Cagliari,Inter,1,3,A,0,1,A,10,17,2,7,2,5,12,15,19:45,1.25,2.02,1.77,2.1,1.81,8.5,5.8,1.41,7.56,5.35,1.38,0,2,0,0,7.0,5.25,1.4,7.5,5.0,1.39,8.5,5.25,1.35,7.55,5.67,1.38,1.5,2.62,1.53,2.63,1.51,2.56,2021-22,Serie A,0.669726,2.63086,1525.19360352,,,3.1168387482986226,7.6619697700087315,12.740883453894975,16.756492246335483,,,,,1.4,4.0,4.0,7.4,6.0,8.0,10.6,18.8,47.8,61.2,2.4,2.0,12.8,9.2,,
2022-05-16,Sampdoria,Fiorentina,4,1,H,2,0,H,12,12,5,1,4,5,18,9,17:30,0.5,1.96,1.94,2.03,1.88,4.14,4.0,1.95,3.94,3.77,1.9,2,3,1,0,3.75,3.8,1.9,3.7,3.6,1.95,3.95,3.65,1.9,4.08,3.96,1.88,1.72,2.1,1.76,2.15,1.75,2.08,2021-22,Serie A,1.7651,1.57284,1565.23156738,1651.77575684,-86.5441894600001,3.530413563129854,3.580989331723239,9.207669902042792,10.712847899998394,,,,,2.0,1.4,4.8,4.6,5.4,6.0,13.8,9.4,45.0,55.0,2.2,1.8,12.6,12.6,,
2022-05-16,Juventus,Lazio,2,2,D,2,0,H,4,18,2,7,0,9,16,13,19:45,-0.25,2.02,1.88,2.09,1.83,2.45,3.75,3.11,2.34,3.52,3.01,3,3,0,0,2.25,3.6,2.9,2.25,3.5,3.0,2.4,3.4,2.95,2.43,3.48,3.04,1.72,2.1,1.83,2.06,1.78,2.05,2021-22,Serie A,0.767731,0.839523,1799.67358398,1719.07824707,80.59533691000001,6.3149957151595055,5.3085809795671395,17.838040540493978,15.71229814848538,,,,,1.6,2.2,4.0,1.8,4.0,0.6,15.0,7.0,56.6,45.0,1.4,3.2,16.4,12.2,,
2022-05-20,Torino,Roma,0,3,A,0,2,A,13,14,2,6,5,6,10,10,19:45,0.25,2.07,1.83,2.06,1.87,3.62,3.86,2.15,3.43,3.63,2.11,2,2,0,0,3.3,3.6,2.1,3.4,3.5,2.05,3.4,3.55,2.1,3.46,3.72,2.15,1.72,2.1,1.76,2.16,1.75,2.12,2021-22,Serie A,0.516826,2.72468,1633.05993652,1732.94592285,-99.88598632999992,5.2084448120140605,3.778732051004149,12.672325696228215,8.988278665870975,,,,,2.6,2.8,3.8,6.2,3.6,7.6,12.8,17.8,54.4,53.0,3.4,3.4,15.6,16.2,,
2022-05-21,Fiorentina,Juventus,2,0,H,1,0,H,13,1,4,0,6,2,13,14,19:45,-0.75,2.04,1.86,2.04,1.88,1.91,4.15,4.5,1.83,3.84,4.26,3,3,0,0,1.8,3.8,4.2,1.82,3.75,4.2,1.8,3.9,4.2,1.8,3.98,4.49,1.66,2.2,1.66,2.32,1.66,2.24,2021-22,Serie A,1.38571,0.0655878,1635.83154297,1796.2878418,-160.45629882999992,7.105055465974594,2.9516666631433637,16.02132727678221,12.30836724280734,,,,,3.2,2.2,5.0,4.4,6.2,3.8,18.6,15.0,57.4,54.6,3.2,2.0,7.4,12.2,,
2022-05-21,Lazio,Verona,3,3,D,2,2,D,19,10,7,7,6,4,9,19,19:45,-0.75,2.02,1.88,2.01,1.9,1.81,4.45,4.78,1.76,4.11,4.29,2,6,0,0,1.75,4.0,4.33,1.73,4.0,4.33,1.77,3.7,4.7,1.79,4.15,4.32,1.53,2.5,1.55,2.58,1.54,2.48,2021-22,Serie A,3.45526,1.97266,1722.46398926,1628.8001709,93.66381836000004,5.204585454952539,2.5725586857126705,12.120106136152238,13.42680627559685,,,,,1.8,,4.2,,2.8,,10.6,,57.0,,1.2,,11.0,,,
2022-05-21,Atalanta,Empoli,0,1,A,0,0,D,40,7,10,3,15,2,6,7,19:45,-2.0,1.93,1.97,1.9,1.99,1.25,7.8,13.0,1.22,7.22,11.29,1,1,0,0,1.22,7.0,11.0,1.23,7.0,11.0,1.22,7.25,11.0,1.22,7.65,11.26,1.25,4.0,1.34,3.19,1.26,3.79,2021-22,Serie A,3.27816,0.290017,1740.9576416,1530.6706543,210.28698729999996,8.959783479598055,3.419405286022444,17.581722271792398,8.188200366449903,,,,,1.8,1.0,5.2,5.6,4.8,4.0,15.8,14.6,61.2,49.8,2.8,3.4,12.0,12.0,,
2022-05-21,Genoa,Bologna,0,1,A,0,0,D,18,11,5,4,9,9,17,10,16:15,-0.25,2.01,1.89,2.02,1.88,2.49,3.82,3.16,2.32,3.54,3.03,3,1,0,0,2.25,3.6,3.0,2.3,3.5,3.0,2.3,3.55,3.0,2.34,3.57,3.12,1.66,2.2,1.68,2.28,1.67,2.21,2021-22,Serie A,0.916093,1.06929,1541.38647461,1589.04040527,-47.653930660000015,5.0965672158862,5.12270545918391,14.316730295593636,13.509464061927815,,,,,1.2,2.0,6.0,4.2,3.8,1.6,12.2,14.2,48.2,51.4,2.4,3.8,12.8,11.6,,
2022-05-22,Spezia,Napoli,0,3,A,0,3,A,16,10,4,4,4,2,10,9,11:30,1.0,2.05,1.85,2.06,1.85,6.25,5.0,1.58,5.75,4.64,1.53,1,2,0,0,5.75,4.5,1.53,5.5,4.5,1.55,5.5,4.7,1.53,5.97,4.64,1.54,1.44,2.75,1.48,2.74,1.46,2.69,2021-22,Serie A,1.70411,1.7779,1527.45056152,1792.62976074,-265.1791992199999,3.1553090729798763,4.517254031962156,8.209172811714666,11.934562193482751,,,,,2.2,1.4,2.6,3.6,3.8,3.4,10.2,11.6,40.0,56.2,3.2,2.8,14.6,15.2,,
2022-05-22,Inter,Sampdoria,3,0,H,0,0,D,27,9,12,3,8,2,6,12,17:00,-2.5,2.0,1.9,1.97,1.92,1.15,10.5,26.0,1.13,9.1,20.49,1,2,0,0,1.14,8.0,19.0,1.14,8.25,21.0,1.15,8.5,17.0,1.13,9.32,23.58,1.28,3.75,1.3,3.39,1.27,3.73,2021-22,Serie A,2.96426,0.836763,,1581.17578125,,9.413537003201707,1.9875046154309104,23.028733818463586,7.501163499383226,,,,,3.0,1.6,7.0,5.2,5.8,4.8,19.4,12.0,59.8,45.6,3.0,2.4,13.0,15.6,,
2022-05-22,Sassuolo,Milan,0,3,A,0,3,A,15,18,3,12,3,7,8,13,17:00,1.25,1.9,2.0,1.94,1.96,7.76,5.2,1.5,6.63,4.87,1.46,2,1,0,0,6.5,4.75,1.45,6.0,4.8,1.47,7.75,4.2,1.47,6.84,5.0,1.46,1.5,2.62,1.46,2.84,1.45,2.76,2021-22,Serie A,,,1660.72192383,1822.0435791,-161.32165527000006,6.2906753648746765,6.861664964756162,16.608735138424755,18.35143001948975,,,,,2.0,1.8,5.2,4.0,4.2,4.8,15.0,14.0,58.2,58.4,2.0,3.4,11.8,12.8,,
2022-05-22,Salernitana,Udinese,0,4,A,0,3,A,25,19,10,11,7,1,11,12,20:00,-0.75,1.93,1.97,1.88,2.02,1.76,4.4,4.9,1.7,4.17,4.6,1,1,0,0,1.7,4.0,4.75,1.71,4.0,4.5,1.63,4.2,4.9,1.69,4.34,4.79,1.61,2.3,1.61,2.42,1.61,2.34,2021-22,Serie A,2.38256,2.36064,1498.99914551,1617.48498535,-118.48583983999993,6.430677673838774,6.033243840647779,13.838187450638422,14.553421362802524,,,,,1.2,2.0,6.2,4.6,5.0,2.4,10.6,13.6,42.4,41.2,3.4,2.4,11.2,14.2,,
2022-05-22,Venezia,Cagliari,0,0,D,0,0,D,7,31,1,7,6,11,6,19,20:00,0.75,1.96,1.94,2.01,1.89,4.86,4.3,1.76,4.68,4.05,1.72,0,3,0,0,4.5,3.8,1.72,4.75,3.9,1.7,4.6,3.95,1.73,4.83,4.25,1.7,1.72,2.1,1.74,2.17,1.73,2.12,2021-22,Serie A,0.665291,1.57535,1466.47607422,1522.04516602,-55.56909179999979,3.7269803972603017,4.177773199806168,12.97536437212024,9.636276972950702,,,,,1.8,0.2,3.0,1.8,3.6,2.8,9.8,8.0,42.4,34.6,5.8,4.4,14.2,11.8,,
2022-08-13,Sampdoria,Atalanta,0,2,A,0,1,A,11,9,1,3,3,2,13,21,17:30,0.75,1.9,2.0,1.93,1.99,4.75,4.12,1.84,4.45,3.91,1.77,4,6,0,0,4.33,3.9,1.75,4.33,3.8,1.77,4.3,3.9,1.8,4.72,3.98,1.78,1.72,2.1,1.73,2.22,1.69,2.18,2022-23,Serie A,0.617683,2.28675,1580.58288574,1729.88452148,-149.30163574000017,3.6869423754199033,5.104222177573061,10.138446601361862,14.377944254775851,0.478,1.866,1.866,0.478,0.4,2.4,4.2,3.2,4.4,5.0,9.0,13.4,49.8,52.8,2.8,1.4,15.0,12.6,,
2022-08-13,Lecce,Inter,1,2,A,0,1,A,10,19,4,9,6,8,21,19,19:45,1.5,2.01,1.89,2.07,1.86,12.0,6.15,1.33,10.22,5.67,1.3,4,2,0,0,10.0,5.75,1.28,9.75,5.5,1.3,9.5,5.75,1.3,10.75,5.92,1.31,1.57,2.37,1.61,2.46,1.6,2.37,2022-23,Serie A,0.752988,2.52817,1526.75219727,,,,6.774646513339155,,16.83766149755699,1.032,1.986,1.986,1.032,2.0,3.4,5.0,4.8,3.6,5.8,10.8,12.6,38.4,48.4,3.0,2.4,13.8,15.0,,
2022-08-13,Monza,Torino,1,2,A,0,1,A,15,13,4,6,2,7,6,17,19:45,0.0,1.84,2.06,1.87,2.06,2.68,3.48,2.94,2.58,3.29,2.84,1,2,0,0,2.6,3.3,2.75,2.55,3.25,2.8,2.6,3.3,2.8,2.64,3.36,2.9,2.1,1.72,2.09,1.83,2.09,1.76,2022-23,Serie A,1.0301,3.13646,1522.7701416,1624.25280762,-101.48266602000012,,3.75450667504578,,10.411476918558122,1.466,1.346,1.346,1.466,2.6,1.6,4.2,3.2,5.2,4.4,12.4,13.8,58.2,51.0,1.4,3.2,11.2,15.0,,
2022-08-13,Milan,Udinese,4,2,H,2,2,D,14,9,5,4,5,1,16,13,17:30,-1.25,1.94,1.96,1.98,1.94,1.46,5.1,9.0,1.41,4.75,8.14,1,4,0,0,1.44,4.75,7.0,1.41,4.75,7.5,1.4,4.8,8.5,1.43,4.66,8.84,1.72,2.1,1.77,2.16,1.73,2.14,2022-23,Serie A,,,1833.27490234,1632.2512207,201.02368163999995,4.114618718577892,4.355495893765186,14.483643558665792,16.035614241868352,1.6,0.744,0.744,1.6,3.2,0.8,4.4,2.8,4.4,2.8,16.0,11.2,51.8,48.2,3.4,3.0,13.8,11.6,,
2022-08-14,Salernitana,Roma,0,1,A,0,1,A,13,20,2,5,4,2,18,9,19:45,1.0,2.17,1.75,2.11,1.83,6.8,4.8,1.53,6.42,4.57,1.49,3,2,0,0,6.5,4.75,1.44,6.25,4.5,1.49,6.5,4.5,1.47,6.65,4.79,1.5,1.72,2.1,1.82,2.09,1.77,2.08,2022-23,Serie A,0.505094,2.98256,1489.5456543,1754.90844727,-265.3627929699999,6.620451782559183,4.519154700669433,17.55879163375895,10.658852443913982,1.12,1.562,1.562,1.12,1.2,3.2,3.8,2.8,2.6,3.4,12.0,10.8,43.6,48.6,4.4,2.6,12.6,13.8,,
2022-08-14,Spezia,Empoli,1,0,H,1,0,H,9,18,2,5,6,4,15,8,19:45,0.0,1.8,2.1,1.83,2.12,2.61,3.62,3.01,2.49,3.33,2.91,2,1,0,0,2.45,3.3,2.9,2.45,3.3,2.87,2.5,3.35,2.85,2.61,3.26,3.01,1.94,1.96,1.94,1.96,1.9,1.92,2022-23,Serie A,0.861875,0.987781,1524.81665039,1547.05651855,-22.239868160000015,3.436872715319918,2.9462701906816298,10.806115207809778,7.792133577633269,1.49,0.424,0.424,1.49,2.4,0.4,5.6,1.8,5.2,1.6,12.6,7.0,48.8,40.4,2.2,3.2,13.6,12.0,,
2022-08-14,Lazio,Bologna,2,1,H,0,1,A,9,11,6,3,3,2,11,18,17:30,-1.0,2.0,1.9,2.02,1.9,1.66,4.54,6.0,1.58,4.3,5.49,2,6,1,1,1.57,4.33,5.75,1.55,4.33,5.25,1.57,4.4,5.5,1.62,4.29,5.7,1.66,2.2,1.69,2.29,1.65,2.26,2022-23,Serie A,0.709672,1.59632,1721.38867188,1599.7166748,121.67199707999998,5.469723636635027,6.4151369727892735,14.41340409076816,12.67297604128521,1.488,1.22,1.22,1.488,1.8,1.6,5.6,4.0,4.0,4.0,12.8,12.4,55.6,50.0,1.2,3.4,10.6,13.2,,
2022-08-14,Fiorentina,Cremonese,3,2,H,2,1,H,27,13,11,4,11,4,10,19,17:30,-1.25,1.85,2.05,1.85,2.08,1.42,5.4,9.5,1.38,5.02,8.16,0,3,0,1,1.36,5.0,8.5,1.39,4.8,7.75,1.4,5.0,7.5,1.39,5.33,8.49,1.66,2.2,1.63,2.4,1.63,2.25,2022-23,Serie A,2.01254,1.76638,1654.35888672,1478.55187988,175.8070068400002,6.736703643983064,,15.014218184521477,,2.124,1.556,1.556,2.124,3.2,2.4,5.8,6.4,6.2,7.2,18.0,16.6,56.8,48.6,2.2,2.0,13.4,12.2,,
2022-08-15,Verona,Napoli,2,5,A,1,2,A,6,25,3,8,4,8,15,6,17:30,0.25,2.02,1.77,2.11,1.81,3.66,3.8,2.2,3.46,3.58,2.1,2,2,0,0,3.5,3.5,2.05,3.3,3.5,2.1,3.4,3.5,2.1,3.65,3.66,2.1,1.8,2.0,1.87,2.04,1.78,2.05,2022-23,Serie A,1.13087,2.79803,1635.18835449,1800.57641602,-165.38806152999996,4.192755613397619,3.6781693546414376,10.489107100373314,11.289708128988504,,2.136,2.136,,,3.0,,3.4,,3.2,,14.6,,62.4,,1.0,,9.2,,
2022-08-15,Juventus,Sassuolo,3,0,H,2,0,H,14,19,4,7,3,2,7,5,19:45,-1.25,1.99,1.91,2.04,1.88,1.5,5.2,7.5,1.46,4.81,6.65,1,3,0,0,1.44,4.75,7.0,1.44,4.8,6.5,1.45,4.9,6.25,1.5,4.83,6.61,1.53,2.5,1.57,2.54,1.52,2.52,2022-23,Serie A,2.24204,0.878583,1783.07336426,1654.8034668,128.26989746000004,4.209997143439671,5.418937471322019,13.22536036032932,14.80253823643282,2.052,0.97,0.97,2.052,3.8,1.2,3.6,4.6,5.8,3.4,14.6,11.2,45.8,46.6,3.0,1.4,13.2,8.0,,
2022-08-20,Torino,Lazio,0,0,D,0,0,D,10,7,1,2,6,4,11,12,17:30,0.25,1.82,2.08,1.85,2.09,3.12,3.55,2.43,2.99,3.45,2.38,0,5,0,0,3.0,3.5,2.3,3.0,3.5,2.3,2.95,3.45,2.35,3.08,3.5,2.43,1.92,1.98,1.92,1.99,1.87,1.95,2022-23,Serie A,0.996405,0.713273,1631.86938477,1726.53210449,-94.66271972000004,5.138963208009374,6.539053986378093,12.781550464152147,16.47486543232359,0.634,1.084,1.084,0.634,0.8,1.0,5.2,4.4,3.4,2.0,10.0,9.4,56.2,52.6,2.6,2.4,11.2,10.8,,
2022-08-20,Udinese,Salernitana,0,0,D,0,0,D,15,17,2,6,6,6,9,12,17:30,-0.75,2.0,1.9,1.99,1.93,1.78,4.04,4.95,1.75,3.89,4.63,2,4,1,0,1.75,3.8,4.5,1.72,3.9,4.6,1.75,3.9,4.5,1.77,3.95,4.86,1.8,2.0,1.79,2.13,1.78,2.06,2022-23,Serie A,1.42871,1.50184,1629.31604004,1487.55944824,141.75659180000002,5.123683425013695,5.818296876394681,13.430013292353262,15.540281448563244,1.728,0.706,0.706,1.728,1.8,0.8,5.8,3.0,4.8,2.2,16.4,6.8,56.2,40.8,1.4,4.2,12.0,11.0,,
2022-08-20,Inter,Spezia,3,0,H,1,0,H,19,2,8,0,10,4,11,7,19:45,-2.25,2.01,1.89,2.01,1.89,1.2,8.4,19.0,1.17,7.9,15.8,0,0,0,0,1.16,8.0,15.0,1.18,8.0,14.0,1.17,7.75,14.0,1.18,8.03,17.56,1.3,3.5,1.35,3.33,1.33,3.34,2022-23,Serie A,2.62744,0.482897,,1533.32519531,,8.942358002134473,3.4146086734199548,24.35248921230906,8.883477982497721,1.746,1.08,1.08,1.746,2.4,0.8,4.2,6.2,5.4,4.8,12.6,13.2,52.8,47.6,2.4,4.2,9.8,14.8,,
2022-08-20,Sassuolo,Lecce,1,0,H,1,0,H,12,7,3,1,5,4,14,12,19:45,-0.75,2.03,1.87,2.05,1.88,1.84,4.2,4.55,1.79,3.99,4.24,5,1,0,0,1.75,4.0,4.2,1.8,3.9,4.1,1.8,3.95,4.2,1.81,4.14,4.35,1.61,2.3,1.64,2.39,1.63,2.29,2022-23,Serie A,0.803483,0.703764,1649.03283691,1525.77722168,123.2556152300001,5.193783576583118,,16.07249009228317,,1.268,0.63,0.63,1.268,1.2,1.0,5.8,3.4,4.4,3.8,14.4,9.8,53.6,41.6,2.4,3.0,13.6,15.4,,
2022-08-21,Empoli,Fiorentina,0,0,D,0,0,D,4,19,2,2,1,9,13,11,17:30,0.5,1.97,1.93,1.97,1.95,3.9,4.1,2.02,3.73,3.83,1.94,1,3,1,0,3.75,3.8,1.9,3.7,3.8,1.9,3.65,3.8,1.95,3.89,3.95,1.95,1.66,2.2,1.71,2.25,1.66,2.23,2022-23,Serie A,0.757409,0.796219,1540.76171875,1661.83752441,-121.07580566,5.044843198780849,4.053992887815493,14.032179599050584,11.14189859999893,1.584,0.906,0.906,1.584,2.4,0.8,3.8,6.6,3.4,4.6,14.0,12.0,46.8,51.8,4.6,2.2,12.4,14.2,,
2022-08-21,Napoli,Monza,4,0,H,2,0,H,22,4,5,1,10,4,11,13,17:30,-1.5,1.96,1.94,1.97,1.95,1.38,5.7,9.1,1.35,5.4,8.49,2,1,0,0,1.33,5.5,8.0,1.37,5.25,7.75,1.35,5.5,8.0,1.35,5.69,9.07,1.5,2.62,1.53,2.65,1.52,2.55,2022-23,Serie A,3.26352,0.121476,1810.02856445,1517.3671875,292.66137695,6.3224226403782176,,15.943073684468972,,2.07,1.454,1.454,2.07,3.4,1.6,5.8,3.4,6.4,4.2,19.2,11.6,62.6,53.0,2.4,4.4,9.0,12.4,,
2022-08-21,Atalanta,Milan,1,1,D,1,0,H,11,18,2,7,4,6,15,6,19:45,0.25,1.7,2.1,1.78,2.17,2.93,3.68,2.57,2.79,3.49,2.5,4,3,0,0,2.75,3.5,2.5,2.7,3.5,2.5,2.75,3.45,2.5,2.87,3.61,2.52,1.72,2.1,1.78,2.15,1.74,2.11,2022-23,Serie A,,,1738.37109375,1838.42382812,-100.05273437000004,10.973188986398704,6.907776643170775,25.054481514528263,18.23428667965984,2.034,1.628,1.628,2.034,3.4,3.4,4.6,2.8,5.0,4.0,15.2,14.4,49.2,60.8,1.8,1.6,11.0,12.0,,
2022-08-21,Bologna,Verona,1,1,D,1,1,D,17,19,5,3,9,8,10,14,19:45,-0.25,1.9,2.0,1.93,1.99,2.25,3.6,3.45,2.2,3.5,3.3,3,3,1,0,2.15,3.5,3.3,2.2,3.4,3.1,2.2,3.5,3.25,2.25,3.48,3.44,1.85,2.05,1.85,2.06,1.82,2.01,2022-23,Serie A,1.13475,2.46808,1596.7869873,1627.94995117,-31.162963870000112,3.3818874767875284,3.0483724571417805,9.413558140442078,12.284537517064567,1.182,,,1.182,2.0,,4.4,,3.8,,9.6,,52.8,,2.2,,14.2,,,
2022-08-22,Sampdoria,Juventus,0,0,D,0,0,D,10,10,1,4,3,4,8,14,19:45,1.0,1.83,2.07,1.85,2.08,6.5,4.3,1.66,5.74,4.06,1.61,3,2,0,0,5.75,4.0,1.6,5.25,4.0,1.61,5.5,4.1,1.6,6.12,4.1,1.62,1.89,2.01,1.9,2.0,1.85,1.96,2022-23,Serie A,0.948831,0.807606,1574.30993652,1791.05773926,-216.74780274,3.4579615836132693,2.634444442095576,10.425631067574574,8.538911495204895,0.478,1.372,1.372,0.478,0.4,1.4,4.2,6.0,4.4,6.0,9.0,13.6,49.8,52.8,2.8,2.6,15.0,11.0,,
2022-08-22,Roma,Cremonese,1,0,H,0,0,D,27,14,12,3,5,6,7,14,17:30,-1.75,1.99,1.91,2.01,1.9,1.27,6.75,17.0,1.24,6.14,13.06,0,3,0,0,1.25,6.5,11.0,1.22,6.0,12.0,1.25,6.0,12.0,1.24,6.33,14.61,1.61,2.3,1.64,2.37,1.63,2.29,2022-23,Serie A,2.91426,0.508942,1759.10839844,1476.42858887,282.67980956999986,11.873066166100472,4.0,25.441524193626226,13.0,0.994,1.556,1.556,0.994,1.0,2.4,4.4,6.4,3.0,7.2,10.2,16.6,47.8,48.6,2.0,2.0,14.0,12.2,,
2022-08-26,Lazio,Inter,3,1,H,1,0,H,11,19,7,7,2,4,5,12,19:45,0.5,2.0,1.9,2.01,1.92,4.33,4.05,1.94,4.08,3.76,1.88,2,1,0,0,4.0,3.8,1.83,4.0,3.75,1.75,3.9,3.7,1.9,4.21,3.78,1.92,1.66,2.2,1.72,2.24,1.67,2.21,2022-23,Serie A,0.997005,1.62842,1726.76574707,,,4.646482424423351,7.183097675559438,12.608936060512107,17.558440998371328,1.488,1.986,1.986,1.488,1.8,3.4,5.6,4.8,4.0,5.8,12.8,12.6,55.6,48.4,1.2,2.4,10.6,15.0,,
2022-08-26,Monza,Udinese,1,2,A,1,1,D,10,15,5,4,3,5,16,10,17:30,0.25,1.91,1.99,1.92,2.01,3.28,3.55,2.4,3.15,3.43,2.3,3,2,0,0,3.1,3.4,2.3,3.1,3.4,2.25,3.1,3.4,2.3,3.28,3.45,2.34,1.88,2.02,1.9,2.01,1.86,1.97,2022-23,Serie A,0.988468,2.26189,1515.72900391,1626.30358887,-110.57458496000004,2.0,3.2369972625101244,15.0,13.690409494578905,1.466,0.744,0.744,1.466,2.6,0.8,4.2,2.8,5.2,2.8,12.4,11.2,58.2,48.2,1.4,3.0,11.2,11.6,,
2022-08-27,Cremonese,Torino,1,2,A,0,1,A,16,14,6,5,3,3,9,21,17:30,0.25,1.94,1.96,1.94,1.98,3.39,3.6,2.35,3.23,3.39,2.29,0,3,0,0,3.2,3.4,2.25,3.1,3.3,2.3,3.15,3.35,2.3,3.34,3.46,2.31,2.03,1.87,2.02,1.88,1.98,1.85,2022-23,Serie A,0.815757,2.71403,1476.38952637,1635.21801758,-158.8284912099998,,4.836337783363854,,11.274317945705416,0.93,1.346,1.346,0.93,0.2,1.6,4.2,3.2,5.4,4.4,12.8,13.8,42.8,51.0,3.6,3.2,12.8,15.0,,
2022-08-27,Juventus,Roma,1,1,D,1,0,H,14,8,3,4,4,5,16,7,17:30,-0.25,2.05,1.85,2.12,1.83,2.49,3.34,3.38,2.38,3.22,3.21,2,2,0,0,2.3,3.3,3.1,2.3,3.1,3.1,2.35,3.2,3.15,2.49,3.23,3.22,2.1,1.72,2.15,1.78,2.06,1.78,2022-23,Serie A,0.633345,0.963959,1788.2088623,1762.72973633,25.47912597000004,3.8066647622931145,3.6794364671129554,13.48357357355288,13.772568295942657,2.052,1.562,1.562,2.052,3.8,3.2,3.6,2.8,5.8,3.4,14.6,10.8,45.8,48.6,3.0,2.6,13.2,13.8,,
2022-08-27,Milan,Bologna,2,0,H,1,0,H,19,8,7,0,5,1,13,9,19:45,-1.5,2.01,1.89,2.05,1.88,1.4,5.9,10.5,1.35,5.37,8.74,2,1,0,0,1.33,5.5,8.5,1.36,5.25,7.0,1.35,5.25,8.25,1.37,5.59,8.58,1.61,2.3,1.63,2.4,1.61,2.34,2022-23,Serie A,,,1838.49987793,1598.32751465,240.1723632799999,4.409745812385262,4.943424648526183,14.322429039110528,12.115317360856809,1.6,1.22,1.22,1.6,3.2,1.6,4.4,4.0,4.4,4.0,16.0,12.4,51.8,50.0,3.4,3.4,13.8,13.2,,
2022-08-27,Spezia,Sassuolo,2,2,D,2,1,H,7,21,2,8,2,6,17,10,19:45,0.25,1.9,2.0,1.93,2.0,3.15,3.83,2.35,3.02,3.61,2.29,2,1,1,0,3.0,3.6,2.25,2.95,3.25,2.3,3.0,3.55,2.3,3.13,3.73,2.3,1.61,2.3,1.63,2.4,1.62,2.32,2022-23,Serie A,1.17548,2.83921,1532.73486328,1654.82263184,-122.08776856000009,4.291248476879946,4.279291647548013,10.20407680520652,16.20169215762188,1.49,0.97,0.97,1.49,2.4,1.2,5.6,4.6,5.2,3.4,12.6,11.2,48.8,46.6,2.2,1.4,13.6,8.0,,
2022-08-28,Salernitana,Sampdoria,4,0,H,2,0,H,9,17,6,6,6,3,19,14,17:30,-0.25,2.11,1.79,2.14,1.81,2.6,3.4,3.18,2.47,3.24,3.04,2,2,0,0,2.45,3.2,3.0,2.4,3.25,2.95,2.45,3.25,3.0,2.53,3.21,3.18,2.03,1.87,2.04,1.87,1.99,1.84,2022-23,Serie A,1.76461,1.66897,1494.15405273,1580.74108887,-86.58703614000001,5.746967855039456,1.9916697436206068,16.039194422505968,8.000775666255485,1.12,0.908,0.908,1.12,1.2,1.0,3.8,2.2,2.6,4.2,12.0,10.6,43.6,45.4,4.4,3.8,12.6,16.8,,
2022-08-28,Verona,Atalanta,0,1,A,0,0,D,14,15,2,7,7,6,15,7,17:30,0.75,1.9,2.0,1.91,2.02,4.6,4.18,1.85,4.3,3.94,1.8,3,3,0,0,4.2,4.0,1.75,4.33,3.8,1.78,4.2,3.9,1.8,4.49,4.08,1.8,1.66,2.2,1.66,2.34,1.65,2.25,2022-23,Serie A,0.369511,0.843159,1629.99157715,1741.87731934,-111.88574218999996,4.12850374226508,4.069481451715375,8.992738066915543,12.585296169850569,,1.866,1.866,,,2.4,,3.2,,5.0,,13.4,,52.8,,1.4,,12.6,,
2022-08-28,Fiorentina,Napoli,0,0,D,0,0,D,10,13,5,2,2,3,12,14,19:45,0.25,2.05,1.85,2.06,1.88,3.47,3.75,2.2,3.3,3.66,2.14,2,3,0,0,3.25,3.6,2.15,3.2,3.6,2.1,3.2,3.6,2.15,3.45,3.71,2.16,1.66,2.2,1.72,2.22,1.69,2.19,2022-23,Serie A,0.381649,1.68549,1666.41467285,1815.24890137,-148.83422852000012,8.157802429322043,5.118779569760958,19.009478789680983,15.859805419325667,2.124,2.136,2.136,2.124,3.2,3.0,5.8,3.4,6.2,3.2,18.0,14.6,56.8,62.4,2.2,1.0,13.4,9.2,,
2022-08-28,Lecce,Empoli,1,1,D,1,1,D,15,9,5,3,3,5,10,5,19:45,-0.25,2.06,1.84,2.1,1.84,2.54,3.6,3.12,2.39,3.45,2.97,1,2,0,0,2.3,3.5,3.0,2.35,3.4,2.95,2.35,3.45,3.0,2.45,3.42,3.12,1.8,2.0,1.87,2.05,1.79,2.05,2022-23,Serie A,0.813378,0.37813,1523.56982422,1544.84838867,-21.278564449999976,6.0,3.29751346045442,10.0,11.19475571842218,1.032,0.424,0.424,1.032,2.0,0.4,5.0,1.8,3.6,1.6,10.8,7.0,38.4,40.4,3.0,3.2,13.8,12.0,,
2022-08-30,Sassuolo,Milan,0,0,D,0,0,D,8,10,3,2,3,8,14,13,17:30,1.0,1.92,1.98,1.92,2.01,6.0,4.65,1.66,5.45,4.29,1.6,5,2,0,0,5.25,4.33,1.57,5.25,4.2,1.58,5.5,4.1,1.63,5.47,4.29,1.64,1.53,2.5,1.57,2.54,1.53,2.5,2022-23,Serie A,,,1652.59411621,1841.75280762,-189.15869141000007,5.129189051055413,6.605184428780517,14.71499339485545,18.156191119773226,1.268,1.628,1.628,1.268,1.2,3.4,5.8,2.8,4.4,4.0,14.4,14.4,53.6,60.8,2.4,1.6,13.6,12.0,,
2022-08-30,Inter,Cremonese,3,1,H,2,0,H,18,11,7,4,6,6,6,14,19:45,-2.5,2.02,1.88,2.05,1.86,1.17,11.0,29.0,1.14,9.13,18.79,0,3,0,0,1.14,8.0,21.0,1.14,9.0,18.0,1.15,7.75,20.0,1.16,9.52,16.85,1.3,3.5,1.33,3.46,1.29,3.56,2022-23,Serie A,2.79797,1.06761,,1471.18078613,,9.294905334756317,4.666666666666667,22.568326141539373,13.333333333333334,1.746,1.556,1.556,1.746,2.4,2.4,4.2,6.4,5.4,7.2,12.6,16.6,52.8,48.6,2.4,2.0,9.8,12.2,,
2022-08-30,Roma,Monza,3,0,H,2,0,H,14,13,7,1,5,4,10,7,19:45,-1.5,1.86,2.04,1.88,2.05,1.32,6.21,12.0,1.3,5.89,10.0,0,3,0,0,1.3,5.5,10.0,1.3,5.75,9.5,1.3,6.0,9.5,1.31,6.14,9.84,1.53,2.5,1.53,2.65,1.52,2.54,2022-23,Serie A,2.67127,0.560728,1764.68505859,1509.52722168,255.15783691,9.582044110733648,4.0,25.96101612908415,4.0,0.994,1.454,1.454,0.994,1.0,1.6,4.4,3.4,3.0,4.2,10.2,11.6,47.8,53.0,2.0,4.4,14.0,12.4,,
2022-08-31,Juventus,Spezia,2,0,H,1,0,H,15,9,3,0,7,3,1,4,19:45,-1.5,1.77,2.02,1.88,2.04,1.3,6.45,15.0,1.27,5.79,11.84,0,2,0,0,1.28,5.75,12.0,1.27,5.75,11.5,1.27,5.75,11.0,1.29,5.91,11.23,1.66,2.2,1.71,2.23,1.66,2.23,2022-23,Serie A,1.76503,0.175145,1786.25354004,1534.96337891,251.2901611299999,3.8711098415287433,3.609739115613303,13.655715715701922,6.588985321665149,2.052,1.08,1.08,2.052,3.8,0.8,3.6,6.2,5.8,4.8,14.6,13.2,45.8,47.6,3.0,4.2,13.2,14.8,,
2022-08-31,Napoli,Lecce,1,1,D,1,1,D,19,9,7,4,6,4,1,3,19:45,-1.75,1.96,1.94,1.96,1.94,1.29,6.7,13.0,1.26,6.24,10.99,1,4,0,0,1.25,6.25,11.0,1.27,6.0,10.0,1.27,6.25,10.0,1.27,6.48,11.48,1.44,2.75,1.47,2.78,1.45,2.74,2022-23,Serie A,2.00236,1.02186,1812.33618164,1522.89904785,289.43713378999996,7.548281760252145,4.0,17.962049122979316,7.0,2.07,0.63,0.63,2.07,3.4,1.0,5.8,3.4,6.4,3.8,19.2,9.8,62.6,41.6,2.4,3.0,9.0,15.4,,
2022-08-31,Udinese,Fiorentina,1,0,H,1,0,H,8,12,3,2,3,7,13,9,17:30,0.0,1.99,1.91,1.99,1.93,2.85,3.6,2.69,2.71,3.47,2.58,1,2,0,0,2.7,3.5,2.5,2.65,3.4,2.55,2.7,3.45,2.55,2.74,3.55,2.67,1.8,2.0,1.83,2.07,1.79,2.04,2022-23,Serie A,0.879492,0.44345,1632.50549316,1669.32751465,-36.82202149,5.41578895000913,5.702661925210329,13.953342194902175,13.76126573333262,1.728,0.906,0.906,1.728,1.8,0.8,5.8,6.6,4.8,4.6,16.4,12.0,56.2,51.8,1.4,2.2,12.0,14.2,,
2022-08-31,Empoli,Verona,1,1,D,1,0,H,16,9,4,3,7,10,5,21,17:30,0.0,1.97,1.93,1.99,1.93,2.79,3.55,2.75,2.69,3.36,2.66,0,4,0,0,2.62,3.3,2.7,2.65,3.4,2.6,2.7,3.35,2.65,2.79,3.39,2.71,1.88,2.02,1.87,2.05,1.83,2.01,2022-23,Serie A,0.778503,0.589249,1545.51916504,1623.8157959,-78.29663086000005,3.696562132520566,4.698914971427854,10.68811973270039,14.52302501137638,1.584,,,1.584,2.4,,3.8,,3.4,,14.0,,46.8,,4.6,,12.4,,,
2022-08-31,Sampdoria,Lazio,1,1,D,0,1,A,10,13,3,6,5,7,10,7,17:30,0.5,2.0,1.9,2.02,1.91,4.33,3.86,1.94,4.11,3.67,1.89,0,2,0,0,4.2,3.6,1.85,4.0,3.6,1.88,4.1,3.6,1.9,4.25,3.78,1.91,1.92,1.98,1.91,2.0,1.87,1.95,2022-23,Serie A,0.740992,1.61049,1562.29248047,1741.76245117,-179.46997069999998,3.3053077224088465,5.692702657585396,10.283754045049715,13.316576954882391,0.478,1.084,1.084,0.478,0.4,1.0,4.2,4.4,4.4,2.0,9.0,9.4,49.8,52.6,2.8,2.4,15.0,10.8,,
2022-09-01,Atalanta,Torino,3,1,H,1,0,H,12,8,5,2,7,2,14,13,19:45,-0.75,1.88,2.02,1.92,2.01,1.76,4.3,5.36,1.71,3.94,4.95,1,3,0,0,1.72,3.75,5.25,1.68,4.0,4.6,1.7,3.95,4.7,1.73,3.86,5.36,1.72,2.1,1.76,2.18,1.7,2.17,2022-23,Serie A,2.86971,0.398647,1748.05310059,1640.42675781,107.62634277999996,8.648792657599136,4.224225188909236,20.369654343018844,12.182878630470276,2.034,1.346,1.346,2.034,3.4,1.6,4.6,3.2,5.0,4.4,15.2,13.8,49.2,51.0,1.8,3.2,11.0,15.0,,
2022-09-01,Bologna,Salernitana,1,1,D,0,0,D,11,20,4,4,1,8,10,11,19:45,-0.5,1.89,2.01,1.91,2.01,1.93,3.75,4.65,1.88,3.57,4.26,2,2,0,0,1.85,3.6,4.33,1.85,3.3,4.2,1.9,3.65,4.1,1.91,3.6,4.49,1.8,2.0,1.81,2.09,1.79,2.04,2022-23,Serie A,1.96131,1.19651,1595.07470703,1512.60266113,82.47204590000001,5.254591651191686,5.8788645842631215,11.942372093628052,16.026854299042164,1.182,0.706,0.706,1.182,2.0,0.8,4.4,3.0,3.8,2.2,9.6,6.8,52.8,40.8,2.2,4.2,14.2,11.0,,
2022-09-03,Fiorentina,Juventus,1,1,D,1,1,D,17,4,5,1,10,2,13,12,14:00,0.25,1.81,2.09,1.82,2.12,3.25,3.3,2.51,3.06,3.22,2.46,1,3,0,0,3.0,3.25,2.4,2.95,3.2,2.45,3.0,3.2,2.45,3.17,3.27,2.49,2.1,1.72,2.13,1.79,2.11,1.74,2022-23,Serie A,1.83258,1.07522,1661.46337891,1789.2902832,-127.8269042899999,6.10520161954803,3.0896296280637174,16.006319193120657,9.025940996803264,2.124,1.372,1.372,2.124,3.2,1.4,5.8,6.0,6.2,6.0,18.0,13.6,56.8,52.8,2.2,2.6,13.4,11.0,,
2022-09-03,Milan,Inter,3,2,H,1,1,D,21,16,5,5,2,5,10,12,17:00,0.0,2.06,1.84,2.05,1.88,2.91,3.42,2.76,2.79,3.3,2.63,5,2,0,0,2.8,3.25,2.6,2.7,3.3,2.55,2.75,3.3,2.6,2.91,3.3,2.67,1.88,2.02,1.9,2.01,1.84,1.99,2022-23,Serie A,,,1837.83227539,,,4.606497208256842,6.122065117039625,15.88161935940702,18.038960665580888,1.6,1.986,1.986,1.6,3.2,3.4,4.4,4.8,4.4,5.8,16.0,12.6,51.8,48.4,3.4,2.4,13.8,15.0,,
2022-09-03,Lazio,Napoli,1,2,A,1,1,D,8,19,2,7,6,8,12,14,19:45,0.25,1.83,2.07,1.85,2.09,3.04,3.84,2.43,2.93,3.56,2.38,4,0,0,0,2.9,3.5,2.37,2.87,3.5,2.35,2.9,3.5,2.4,3.04,3.58,2.42,1.72,2.1,1.76,2.16,1.72,2.14,2022-23,Serie A,0.299785,2.0197,1738.09716797,1804.87023926,-66.77307128999996,3.7643216162822344,4.412519713173973,12.072624040341406,14.906536946217113,1.488,2.136,2.136,1.488,1.8,3.0,5.6,3.4,4.0,3.2,12.8,14.6,55.6,62.4,1.2,1.0,10.6,9.2,,
2022-09-04,Cremonese,Sassuolo,0,0,D,0,0,D,10,17,0,7,2,3,16,6,11:30,0.25,1.86,2.04,1.88,2.04,3.38,3.7,2.4,3.05,3.53,2.31,1,1,0,0,3.0,3.5,2.25,3.0,3.5,2.25,3.0,3.5,2.3,3.1,3.64,2.35,1.66,2.2,1.7,2.26,1.68,2.19,2022-23,Serie A,0.417337,1.70824,1469.7779541,1656.51464844,-186.73669434,3.0,4.852861098365342,16.0,17.801128105081254,0.93,0.97,0.97,0.93,0.2,1.2,4.2,4.6,5.4,3.4,12.8,11.2,42.8,46.6,3.6,1.4,12.8,8.0,,
2022-09-04,Spezia,Bologna,2,2,D,1,1,D,15,13,5,6,7,2,12,5,14:00,0.25,1.79,2.11,1.82,2.13,3.19,3.5,2.55,3.04,3.27,2.45,4,1,0,0,3.0,3.3,2.37,2.9,3.3,2.37,3.0,3.3,2.45,3.18,3.24,2.5,1.9,2.0,1.93,1.98,1.86,1.96,2022-23,Serie A,1.06255,1.02319,1531.92663574,1591.52380371,-59.5971679700001,3.5274989845866305,3.628949765684123,9.136051203471013,10.743544907237872,1.49,1.22,1.22,1.49,2.4,1.6,5.6,4.0,5.2,4.0,12.6,12.4,48.8,50.0,2.2,3.4,13.6,13.2,,
2022-09-04,Verona,Sampdoria,2,1,H,2,1,H,17,11,9,3,7,2,16,11,17:00,-0.5,2.06,1.84,2.1,1.84,2.1,3.72,3.79,2.06,3.53,3.64,2,2,0,0,2.05,3.6,3.6,2.05,3.4,3.6,2.05,3.45,3.6,2.1,3.55,3.79,1.93,1.97,1.96,1.94,1.89,1.93,2022-23,Serie A,2.3433,0.798714,1622.88635254,1565.95788574,56.928466800000024,5.085669161510053,2.327779829080405,10.661825377943696,11.000517110836991,,0.908,0.908,,,1.0,,2.2,,4.2,,10.6,,45.4,,3.8,,16.8,,
2022-09-04,Udinese,Roma,4,0,H,1,0,H,11,12,5,2,3,7,16,13,19:45,0.5,1.95,1.95,1.96,1.96,4.42,4.03,1.97,4.01,3.68,1.92,3,2,0,0,4.2,3.75,1.85,4.0,3.6,1.88,3.95,3.65,1.9,4.11,3.71,1.96,1.86,2.04,1.87,2.04,1.82,2.01,2022-23,Serie A,1.28199,0.862157,1640.36962891,1768.26257324,-127.89294432999986,4.610525966672753,4.1196243114086375,11.96889479660145,11.84837886396177,1.728,1.562,1.562,1.728,1.8,3.2,5.8,2.8,4.8,3.4,16.4,10.8,56.2,48.6,1.4,2.6,12.0,13.8,,
2022-09-05,Torino,Lecce,1,0,H,1,0,H,13,10,4,2,4,4,16,8,19:45,-0.75,1.94,1.96,1.98,1.94,1.78,4.13,5.51,1.73,3.7,5.11,2,1,0,0,1.7,3.75,5.25,1.73,3.6,5.0,1.73,3.75,4.9,1.77,3.61,5.51,1.9,2.0,1.9,2.01,1.83,1.99,2022-23,Serie A,1.0247,0.451427,1634.3326416,1530.36499023,103.96765136999988,5.425975472006249,4.0,11.854366976101431,7.666666666666667,0.634,0.63,0.63,0.634,0.8,1.0,5.2,3.4,3.4,3.8,10.0,9.8,56.2,41.6,2.6,3.0,11.2,15.4,,
2022-09-05,Salernitana,Empoli,2,2,D,1,1,D,15,11,4,5,6,7,7,9,17:30,-0.25,1.95,1.95,1.96,1.96,2.43,3.69,3.45,2.27,3.43,3.21,3,2,0,0,2.25,3.4,3.2,2.3,3.3,3.1,2.3,3.35,3.15,2.28,3.47,3.39,1.94,1.96,1.93,1.98,1.9,1.92,2022-23,Serie A,1.80811,0.984719,1516.15356445,1546.4486084,-30.295043950000036,5.831311903359637,3.86500897363628,13.692796281670647,10.46317047894812,1.12,0.424,0.424,1.12,1.2,0.4,3.8,1.8,2.6,1.6,12.0,7.0,43.6,40.4,4.4,3.2,12.6,12.0,,
2022-09-05,Monza,Atalanta,0,2,A,0,0,D,11,13,3,6,4,9,9,10,17:30,1.0,1.9,2.0,1.9,2.03,6.82,4.85,1.63,5.64,4.3,1.58,1,1,0,0,5.75,4.2,1.57,5.75,4.1,1.57,5.75,4.2,1.57,5.51,4.39,1.63,1.66,2.2,1.66,2.35,1.65,2.26,2022-23,Serie A,0.943464,1.94986,1505.94958496,1754.1472168,-248.19763184,2.3333333333333335,4.712987634476917,13.333333333333336,13.390197446567049,1.466,1.866,1.866,1.466,2.6,2.4,4.2,3.2,5.2,5.0,12.4,13.4,58.2,52.8,1.4,1.4,11.2,12.6,,
2022-09-10,Napoli,Spezia,1,0,H,0,0,D,28,10,6,1,10,5,6,14,14:00,-1.75,1.91,1.99,1.91,2.0,1.3,6.7,15.0,1.26,6.27,11.33,1,2,0,0,1.25,6.0,11.0,1.26,6.25,7.75,1.3,6.0,10.0,1.26,6.62,11.46,1.5,2.62,1.49,2.72,1.48,2.65,2022-23,Serie A,1.94628,0.664499,1829.56262207,1529.90515137,299.6574707,7.032187840168097,3.4064927437422026,18.308032748652877,7.3926568811101,2.07,1.08,1.08,2.07,3.4,0.8,5.8,6.2,6.4,4.8,19.2,13.2,62.6,47.6,2.4,4.2,9.0,14.8,,
2022-09-10,Inter,Torino,1,0,H,0,0,D,16,9,3,7,6,5,8,17,17:00,-1.25,1.99,1.91,2.02,1.91,1.48,5.1,8.0,1.45,4.77,7.01,1,2,0,0,1.45,4.75,7.0,1.44,4.6,6.75,1.45,4.7,6.75,1.47,4.9,7.14,1.66,2.2,1.7,2.27,1.67,2.23,2022-23,Serie A,1.53614,0.594956,,1636.30993652,,8.196603556504211,3.4828167926061577,21.04555076102625,10.788585753646853,1.746,1.346,1.346,1.746,2.4,1.6,4.2,3.2,5.4,4.4,12.6,13.8,52.8,51.0,2.4,3.2,9.8,15.0,,
2022-09-10,Sampdoria,Milan,1,2,A,0,1,A,10,15,4,4,2,4,12,10,19:45,1.0,2.0,1.9,2.04,1.88,7.0,4.7,1.57,6.31,4.37,1.52,5,2,0,1,6.0,4.5,1.5,6.0,4.4,1.52,5.75,4.3,1.55,6.6,4.51,1.53,1.72,2.1,1.79,2.12,1.75,2.09,2022-23,Serie A,,,1558.2052002,1841.890625,-283.68542479999996,3.870205148272564,7.070122952520345,10.189169363366478,15.437460746515484,0.478,1.628,1.628,0.478,0.4,3.4,4.2,2.8,4.4,4.0,9.0,14.4,49.8,60.8,2.8,1.6,15.0,12.0,,
2022-09-11,Atalanta,Cremonese,1,1,D,0,0,D,14,7,6,4,3,3,9,17,11:30,-1.5,1.95,1.95,1.98,1.94,1.36,5.7,11.0,1.33,5.44,9.28,2,5,0,0,1.3,5.5,9.5,1.33,5.25,8.75,1.33,5.5,8.75,1.35,5.68,9.41,1.57,2.37,1.59,2.51,1.58,2.39,2022-23,Serie A,0.636633,0.620155,1756.63903809,1471.21325684,285.42578125,8.09919510506609,5.111111111111112,17.579769562012565,12.555555555555555,2.034,1.556,1.556,2.034,3.4,2.4,4.6,6.4,5.0,7.2,15.2,16.6,49.2,48.6,1.8,2.0,11.0,12.2,,
2022-09-11,Bologna,Fiorentina,2,1,H,0,0,D,12,13,4,2,6,8,8,13,14:00,0.25,1.79,2.11,1.81,2.14,3.12,3.5,2.52,2.97,3.4,2.42,1,4,0,1,2.9,3.4,2.45,2.95,3.4,2.35,2.95,3.4,2.4,3.07,3.37,2.5,1.96,1.94,1.95,1.95,1.91,1.9,2022-23,Serie A,1.25233,1.17879,1588.79016113,1652.53588867,-63.74572754000019,3.8363944341277914,6.1351079501402195,11.628248062418702,13.174177155555082,1.182,0.906,0.906,1.182,2.0,0.8,4.4,6.6,3.8,4.6,9.6,12.0,52.8,51.8,2.2,2.2,14.2,14.2,,
2022-09-11,Lecce,Monza,1,1,D,0,1,A,7,2,3,1,8,5,18,22,14:00,-0.25,1.99,1.91,2.03,1.9,2.4,3.46,3.31,2.3,3.35,3.21,3,3,0,0,2.25,3.4,3.2,2.25,3.4,3.2,2.25,3.35,3.2,2.37,3.35,3.31,2.02,1.88,2.03,1.88,1.97,1.84,2022-23,Serie A,1.46903,0.0823778,1523.63269043,1498.70288086,24.92980956999986,5.0,4.0,11.666666666666668,7.0,1.032,1.454,1.454,1.032,2.0,1.6,5.0,3.4,3.6,4.2,10.8,11.6,38.4,53.0,3.0,4.4,13.8,12.4,,
2022-09-11,Sassuolo,Udinese,1,3,A,1,0,H,5,17,2,4,5,6,7,15,14:00,0.0,2.0,1.9,1.99,1.93,2.75,3.7,2.65,2.69,3.51,2.58,1,3,1,0,2.7,3.5,2.55,2.6,3.5,2.6,2.7,3.5,2.55,2.73,3.59,2.65,1.66,2.2,1.71,2.25,1.67,2.21,2022-23,Serie A,0.349641,2.21222,1650.32421875,1658.42834473,-8.104125979999935,4.419459367370275,3.8246648416734166,12.476662263236967,14.126939663052603,1.268,0.744,0.744,1.268,1.2,0.8,5.8,2.8,4.4,2.8,14.4,11.2,53.6,48.2,2.4,3.0,13.6,11.6,,
2022-09-11,Lazio,Verona,2,0,H,0,0,D,15,7,6,1,3,5,5,23,17:00,-1.0,1.99,1.91,2.02,1.91,1.63,4.4,6.0,1.59,4.23,5.51,2,5,0,0,1.57,4.2,5.5,1.62,4.1,5.0,1.6,4.3,5.5,1.61,4.35,5.74,1.66,2.2,1.7,2.27,1.67,2.21,2022-23,Serie A,1.84525,0.40445,1737.40539551,1625.8840332,111.52136231000009,4.509547744188156,6.465943314285235,10.715082693560936,12.68201667425092,1.488,,,1.488,1.8,,5.6,,4.0,,12.8,,55.6,,1.2,,10.6,,,
2022-09-11,Juventus,Salernitana,2,2,D,0,2,A,22,11,7,5,8,2,13,15,19:45,-1.25,1.95,1.95,1.98,1.94,1.44,4.9,9.5,1.41,4.73,8.11,5,4,2,1,1.4,4.5,8.5,1.4,4.75,7.75,1.43,4.8,7.5,1.44,4.86,8.08,1.8,2.0,1.82,2.09,1.78,2.05,2022-23,Serie A,1.83929,2.07448,1780.41442871,1513.20397949,267.2104492200001,4.914073227685829,6.585909722842081,14.103810477134616,17.351236199361445,2.052,0.706,0.706,2.052,3.8,0.8,3.6,3.0,5.8,2.2,14.6,6.8,45.8,40.8,3.0,4.2,13.2,11.0,,
2022-09-12,Empoli,Roma,1,2,A,1,1,D,20,13,3,7,7,7,13,12,19:45,0.75,1.95,1.95,1.93,1.99,5.0,4.08,1.77,4.7,3.93,1.73,3,1,1,0,5.0,3.8,1.7,4.75,4.0,1.68,4.6,3.9,1.73,4.78,4.0,1.77,1.8,2.0,1.84,2.06,1.79,2.03,2022-23,Serie A,1.15196,3.83699,1544.64306641,1733.42175293,-188.77868651999984,4.797708088347044,5.079749540939092,12.458746488466929,11.89891924264118,1.584,1.562,1.562,1.584,2.4,3.2,3.8,2.8,3.4,3.4,14.0,10.8,46.8,48.6,4.6,2.6,12.4,13.8,,
2022-09-16,Salernitana,Lecce,1,2,A,0,1,A,8,13,4,4,4,5,9,11,19:45,-0.25,1.95,1.95,1.97,1.95,2.3,3.46,3.57,2.25,3.33,3.37,1,3,0,0,2.25,3.3,3.3,2.2,3.3,3.25,2.25,3.3,3.3,2.3,3.35,3.46,2.06,1.84,2.07,1.85,2.01,1.81,2022-23,Serie A,1.08144,1.30867,1511.64501953,1512.83203125,-1.1870117200001005,5.887541268906425,4.0,14.1285308544471,8.444444444444445,1.12,0.63,0.63,1.12,1.2,1.0,3.8,3.4,2.6,3.8,12.0,9.8,43.6,41.6,4.4,3.0,12.6,15.4,,
2022-09-17,Bologna,Empoli,0,1,A,0,0,D,16,12,3,5,5,8,11,16,14:00,-0.25,1.85,2.05,1.88,2.05,2.2,3.7,3.6,2.13,3.52,3.42,2,3,0,0,2.1,3.5,3.4,2.15,3.5,3.3,2.15,3.5,3.35,2.17,3.57,3.54,1.92,1.98,1.91,2.0,1.88,1.94,2022-23,Serie A,1.7821,1.66438,1588.52148438,1531.36352539,57.15795899,4.5575962894185285,4.910005982424186,11.752165374945802,10.64211365263208,1.182,0.424,0.424,1.182,2.0,0.4,4.4,1.8,3.8,1.6,9.6,7.0,52.8,40.4,2.2,3.2,14.2,12.0,,
2022-09-17,Spezia,Sampdoria,2,1,H,1,1,D,6,11,3,8,3,6,17,14,17:00,0.0,1.94,1.96,1.95,1.97,2.78,3.4,2.83,2.69,3.24,2.74,4,5,0,0,2.7,3.25,2.7,2.55,3.3,2.7,2.65,3.25,2.7,2.78,3.24,2.82,2.07,1.83,2.1,1.81,2.0,1.8,2022-23,Serie A,1.02757,1.01245,1519.60900879,1546.4934082,-26.884399410000015,4.684999323057754,2.2185198860536035,11.090700802314007,11.000344740557995,1.49,0.908,0.908,1.49,2.4,1.0,5.6,2.2,5.2,4.2,12.6,10.6,48.8,45.4,2.2,3.8,13.6,16.8,,
2022-09-17,Torino,Sassuolo,0,1,A,0,0,D,12,10,3,5,4,3,13,7,19:45,-0.5,1.77,2.02,1.85,2.08,1.92,4.0,4.6,1.83,3.77,4.3,4,1,0,0,1.8,3.75,4.5,1.8,3.8,4.2,1.8,3.8,4.2,1.85,3.81,4.49,1.72,2.1,1.81,2.1,1.77,2.07,2022-23,Serie A,0.672322,0.480221,1624.8548584,1628.9642334,-4.109375,4.950650314670833,4.235240732243562,12.236244650734289,17.534085403387504,0.634,0.97,0.97,0.634,0.8,1.2,5.2,4.6,3.4,3.4,10.0,11.2,56.2,46.6,2.6,1.4,11.2,8.0,,
2022-09-18,Udinese,Inter,3,1,H,1,1,D,20,14,6,3,7,4,11,13,11:30,0.5,1.98,1.92,2.0,1.92,4.07,4.05,1.96,3.83,3.8,1.92,3,4,0,0,3.8,3.6,1.95,3.7,3.75,1.9,3.75,3.75,1.95,4.07,3.89,1.92,1.66,2.2,1.75,2.19,1.68,2.2,2022-23,Serie A,1.29565,0.991896,1662.29125977,,,4.073683977781836,5.748043411359751,11.645929864400967,17.35930711038726,1.728,1.986,1.986,1.728,1.8,3.4,5.8,4.8,4.8,5.8,16.4,12.6,56.2,48.4,1.4,2.4,12.0,15.0,,
2022-09-18,Cremonese,Lazio,0,4,A,0,3,A,18,14,3,6,8,5,12,9,14:00,0.75,1.82,2.08,1.83,2.09,4.4,4.15,1.87,4.22,3.9,1.81,1,1,0,0,4.33,3.75,1.8,4.2,3.9,1.78,4.2,3.85,1.83,4.25,4.01,1.85,1.72,2.1,1.75,2.18,1.72,2.14,2022-23,Serie A,0.992274,3.61789,1469.89819336,1710.11535645,-240.21716309,2.6666666666666665,6.128468438390264,14.0,13.21105130325493,0.93,1.084,1.084,0.93,0.2,1.0,4.2,4.4,5.4,2.0,12.8,9.4,42.8,52.6,3.6,2.4,12.8,10.8,,
2022-09-18,Fiorentina,Verona,2,0,H,1,0,H,15,8,9,1,7,3,18,17,14:00,-0.75,2.02,1.88,2.08,1.85,1.85,4.1,4.7,1.78,3.85,4.48,4,4,0,0,1.75,3.8,4.5,1.73,3.8,4.5,1.77,3.85,4.4,1.84,3.86,4.53,1.8,2.0,1.82,2.08,1.79,2.04,2022-23,Serie A,2.8313,0.608308,1620.7010498,1611.32617188,9.374877920000015,7.4034677463653535,5.977295542856824,16.337546128747107,10.788011116167285,2.124,,,2.124,3.2,,5.8,,6.2,,18.0,,56.8,,2.2,,13.4,,,
2022-09-18,Monza,Juventus,1,0,H,0,0,D,17,10,4,2,5,3,16,17,14:00,0.5,2.05,1.85,2.08,1.85,4.7,3.86,1.88,4.41,3.63,1.84,2,1,0,1,4.5,3.6,1.8,4.2,3.6,1.83,4.3,3.65,1.85,4.62,3.73,1.85,1.98,1.92,2.0,1.91,1.94,1.87,2022-23,Serie A,2.52643,1.20518,1492.00634766,1755.47180176,-263.4654541,2.8888888888888893,2.7264197520424784,12.555555555555555,7.350627331202176,1.466,1.372,1.372,1.466,2.6,1.4,4.2,6.0,5.2,6.0,12.4,13.6,58.2,52.8,1.4,2.6,11.2,11.0,,
2022-09-18,Roma,Atalanta,0,1,A,0,1,A,21,4,5,1,5,1,9,19,17:00,-0.5,2.06,1.84,2.11,1.82,2.15,3.69,3.76,2.07,3.57,3.55,0,7,0,0,2.05,3.5,3.5,2.05,3.6,3.4,2.1,3.55,3.4,2.12,3.56,3.71,1.87,2.03,1.88,2.02,1.83,2.0,2022-23,Serie A,3.28059,0.144998,1730.39941406,1740.45690918,-10.057495119999883,8.054696073822432,6.141991756317945,21.97401075272277,13.2601316310447,0.994,1.866,1.866,0.994,1.0,2.4,4.4,3.2,3.0,5.0,10.2,13.4,47.8,52.8,2.0,1.4,14.0,12.6,,
2022-09-18,Milan,Napoli,1,2,A,0,0,D,22,9,5,4,9,4,18,11,19:45,-0.25,1.86,2.04,1.88,2.05,2.26,3.75,3.65,2.14,3.5,3.44,4,3,0,0,2.15,3.5,3.3,2.15,3.5,3.25,2.15,3.45,3.4,2.18,3.57,3.54,1.93,1.97,1.93,1.98,1.88,1.94,2022-23,Serie A,,,1840.81335449,1832.62109375,8.192260739999938,3.737664805504562,5.6083464754493155,17.58774623960468,16.27102463081141,1.6,2.136,2.136,1.6,3.2,3.0,4.4,3.4,4.4,3.2,16.0,14.6,51.8,62.4,3.4,1.0,13.8,9.2,,
2022-10-01,Napoli,Torino,3,1,H,3,1,H,15,16,7,3,4,4,4,17,14:00,-1.0,2.06,1.84,2.09,1.85,1.65,4.3,5.9,1.6,4.13,5.57,0,2,0,0,1.6,4.0,5.75,1.6,4.1,5.5,1.6,4.1,5.5,1.62,4.24,5.85,1.8,2.0,1.88,2.04,1.8,2.02,2022-23,Serie A,1.18491,0.741608,1842.03015137,1615.73449707,226.2956543,8.021458560112066,3.9885445284041054,21.538688499101916,10.192390502431236,2.07,1.346,1.346,2.07,3.4,1.6,5.8,3.2,6.4,4.4,19.2,13.8,62.6,51.0,2.4,3.2,9.0,15.0,,
2022-10-01,Inter,Roma,1,2,A,1,1,D,15,10,2,3,5,1,15,14,17:00,-0.5,2.07,1.83,2.1,1.84,2.15,3.96,3.8,2.08,3.5,3.61,4,3,0,0,2.0,3.5,3.75,2.0,3.6,3.6,2.1,3.45,3.55,2.1,3.54,3.78,1.8,2.0,1.88,2.02,1.81,2.02,2022-23,Serie A,0.76194,1.03755,,1721.48522949,,7.464402371002808,5.7198330272927285,19.363700507350835,12.265946161760787,1.746,1.562,1.562,1.746,2.4,3.2,4.2,2.8,5.4,3.4,12.6,10.8,52.8,48.6,2.4,2.6,9.8,13.8,,
2022-10-01,Empoli,Milan,1,3,A,0,0,D,16,19,4,6,3,7,15,10,19:45,1.0,1.82,2.08,1.86,2.07,5.8,4.35,1.66,5.47,4.13,1.61,4,2,0,0,5.5,4.0,1.6,5.25,4.1,1.61,5.5,4.2,1.6,5.65,4.24,1.63,1.86,2.04,1.83,2.07,1.81,2.02,2022-23,Serie A,,,1542.1282959,1831.40429688,-289.27600097999994,5.531805392231362,6.0467486350135635,14.972497658977952,15.29164049767699,1.584,1.628,1.628,1.584,2.4,3.4,3.8,2.8,3.4,4.0,14.0,14.4,46.8,60.8,4.6,1.6,12.4,12.0,,
2022-10-02,Sassuolo,Salernitana,5,0,H,2,0,H,17,6,11,1,1,2,10,8,14:00,-0.5,2.06,1.84,2.11,1.81,2.12,3.85,4.11,2.04,3.68,3.5,1,1,0,0,2.0,3.75,3.5,2.0,3.7,3.4,2.05,3.7,3.4,2.12,3.68,3.57,1.66,2.2,1.75,2.19,1.69,2.18,2022-23,Serie A,3.21976,0.568495,1638.0847168,1502.32714844,135.75756836000005,4.612972911580184,5.057273148561388,9.984441508824643,15.234157466240964,1.268,0.706,0.706,1.268,1.2,0.8,5.8,3.0,4.4,2.2,14.4,6.8,53.6,40.8,2.4,4.2,13.6,11.0,,
2022-10-02,Atalanta,Fiorentina,1,0,H,0,0,D,10,16,5,5,1,5,12,10,17:00,-0.5,1.97,1.93,1.99,1.93,2.02,3.88,4.05,1.97,3.56,3.88,2,2,0,0,1.95,3.5,4.0,1.93,3.5,3.9,1.97,3.55,3.8,1.99,3.64,4.05,1.92,1.98,1.93,1.98,1.89,1.93,2022-23,Serie A,1.64453,0.638248,1749.37121582,1630.09594727,119.2752685500002,6.3994634033773945,6.756738633426814,16.38651304134171,13.11611810370339,2.034,0.906,0.906,2.034,3.4,0.8,4.6,6.6,5.0,4.6,15.2,12.0,49.2,51.8,1.8,2.2,11.0,14.2,,
2022-10-02,Juventus,Bologna,3,0,H,1,0,H,17,9,6,1,2,4,11,15,19:45,-1.0,1.86,2.04,1.88,2.04,1.56,4.5,7.0,1.51,4.3,6.48,0,1,0,0,1.5,4.33,6.5,1.5,4.1,6.75,1.53,4.3,6.25,1.53,4.43,6.79,1.88,2.02,1.88,2.03,1.84,1.98,2022-23,Serie A,2.51162,0.330255,1741.90063477,1577.75683594,164.14379882999992,5.942715485123887,3.085966510456082,16.735873651423077,11.495696604825248,2.052,1.22,1.22,2.052,3.8,1.6,3.6,4.0,5.8,4.0,14.6,12.4,45.8,50.0,3.0,3.4,13.2,13.2,,
2022-10-02,Sampdoria,Monza,0,3,A,0,1,A,3,13,1,6,2,4,16,24,14:00,-0.25,2.01,1.89,2.04,1.88,2.4,3.47,3.28,2.32,3.34,3.16,2,2,0,0,2.25,3.4,3.2,2.35,3.3,3.0,2.3,3.4,3.15,2.39,3.35,3.27,1.98,1.92,2.0,1.91,1.95,1.87,2022-23,Serie A,0.0814991,1.2288,1539.01672363,1505.57739258,33.439331049999964,3.24680343218171,4.333333333333334,10.126112908910986,5.333333333333334,0.478,1.454,1.454,0.478,0.4,1.6,4.2,3.4,4.4,4.2,9.0,11.6,49.8,53.0,2.8,4.4,15.0,12.4,,
2022-10-02,Lecce,Cremonese,1,1,D,1,1,D,6,13,1,4,1,8,11,15,14:00,-0.5,2.08,1.82,2.12,1.83,2.17,3.6,3.75,2.08,3.47,3.6,3,1,0,0,2.05,3.4,3.75,2.05,3.4,3.6,2.1,3.45,3.55,2.12,3.56,3.71,2.03,1.87,2.06,1.86,1.99,1.83,2022-23,Serie A,0.945844,1.55939,1522.15002441,1462.86401367,59.28601073999994,6.0,4.407407407407408,10.111111111111112,10.703703703703706,1.032,1.556,1.556,1.032,2.0,2.4,5.0,6.4,3.6,7.2,10.8,16.6,38.4,48.6,3.0,2.0,13.8,12.2,,
2022-10-02,Lazio,Spezia,4,0,H,2,0,H,13,14,6,2,3,6,3,14,11:30,-1.25,1.89,2.01,1.92,2.01,1.44,5.2,8.2,1.4,4.96,7.65,0,2,0,0,1.4,5.0,7.5,1.4,4.8,7.25,1.43,4.9,7.25,1.42,5.15,7.98,1.61,2.3,1.65,2.37,1.63,2.29,2022-23,Serie A,3.03467,0.852447,1717.1496582,1527.08569336,190.06396483999993,4.006365162792104,3.9376618291614687,12.14338846237396,8.2617712540734,1.488,1.08,1.08,1.488,1.8,0.8,5.6,6.2,4.0,4.8,12.8,13.2,55.6,47.6,1.2,4.2,10.6,14.8,,
2022-10-03,Verona,Udinese,1,2,A,1,0,H,7,21,2,8,4,9,15,11,19:45,0.25,1.95,1.95,1.94,1.98,3.26,3.65,2.37,3.1,3.51,2.27,3,3,0,0,3.25,3.4,2.2,3.0,3.5,2.3,3.05,3.45,2.3,3.26,3.59,2.29,1.8,2.0,1.83,2.08,1.81,2.01,2022-23,Serie A,0.284674,2.17728,1601.93115234,1678.33972168,-76.40856933999999,5.723779441006702,4.549776561115611,12.774550251962465,15.08462644203507,,0.744,0.744,,,0.8,,2.8,,2.8,,11.2,,48.2,,3.0,,11.6,,
2022-10-08,Milan,Juventus,2,0,H,1,0,H,21,10,3,3,9,3,7,7,17:00,-0.25,1.77,2.02,1.81,2.12,2.2,3.58,3.84,2.11,3.38,3.65,2,3,0,0,2.05,3.4,3.6,2.1,3.4,3.6,2.1,3.35,3.55,2.11,3.46,3.84,2.1,1.72,2.1,1.81,2.11,1.75,2022-23,Serie A,,,1831.6697998,1758.49365234,73.17614746000004,5.491776537003041,2.817613168028319,19.058497493069787,8.233751554134784,1.6,1.372,1.372,1.6,3.2,1.4,4.4,6.0,4.4,6.0,16.0,13.6,51.8,52.8,3.4,2.6,13.8,11.0,,
2022-10-08,Sassuolo,Inter,1,2,A,0,1,A,15,16,3,4,6,5,14,17,14:00,0.75,1.97,1.93,2.01,1.92,4.64,4.4,1.76,4.41,4.18,1.73,3,2,0,0,4.33,4.2,1.7,4.2,4.2,1.72,4.4,3.9,1.75,4.61,4.34,1.74,1.61,2.3,1.65,2.36,1.6,2.36,2022-23,Serie A,1.10218,2.81804,1653.21154785,,,3.408648607720123,5.165362274239834,12.322961005883098,16.239538073591508,1.268,1.986,1.986,1.268,1.2,3.4,5.8,4.8,4.4,5.8,14.4,12.6,53.6,48.4,2.4,2.4,13.6,15.0,,
2022-10-08,Bologna,Sampdoria,1,1,D,1,0,H,10,9,3,3,2,5,17,21,19:45,-0.5,2.07,1.83,2.11,1.83,2.11,3.74,3.8,2.06,3.52,3.63,2,3,0,0,2.05,3.5,3.6,2.0,3.6,3.5,2.05,3.55,3.5,2.11,3.49,3.8,1.98,1.92,1.98,1.93,1.94,1.89,2022-23,Serie A,0.669175,0.823033,1578.49609375,1528.38183594,50.114257810000026,4.705064192945686,3.4790132573690693,13.168110249963869,11.000229827038664,1.182,0.908,0.908,1.182,2.0,1.0,4.4,2.2,3.8,4.2,9.6,10.6,52.8,45.4,2.2,3.8,14.2,16.8,,
2022-10-09,Cremonese,Napoli,1,4,A,0,1,A,12,21,1,10,5,2,18,6,17:00,1.25,1.87,2.03,1.88,2.05,7.5,4.9,1.5,6.93,4.71,1.45,2,0,0,0,7.0,4.5,1.45,6.5,4.75,1.46,6.75,4.7,1.45,7.25,4.82,1.47,1.66,2.2,1.68,2.3,1.67,2.23,2022-23,Serie A,0.762438,4.47078,1472.41394043,1875.01843262,-402.6044921900002,4.444444444444445,5.072230983632878,15.333333333333334,13.847349753874274,0.93,2.136,2.136,0.93,0.2,3.0,4.2,3.4,5.4,3.2,12.8,14.6,42.8,62.4,3.6,1.0,12.8,9.2,,
2022-10-09,Udinese,Atalanta,2,2,D,0,1,A,10,9,2,5,5,3,11,12,14:00,0.0,1.86,2.04,1.88,2.05,2.61,3.66,2.85,2.56,3.41,2.76,2,3,0,0,2.5,3.4,2.75,2.6,3.4,2.65,2.55,3.35,2.75,2.61,3.47,2.85,1.88,2.02,1.89,2.01,1.85,1.98,2022-23,Serie A,1.11402,1.97537,1692.16796875,1760.16259766,-67.99462891000007,5.049122651854557,4.427994504211964,14.430619909600646,10.173421087363137,1.728,1.866,1.866,1.728,1.8,2.4,5.8,3.2,4.8,5.0,16.4,13.4,56.2,52.8,1.4,1.4,12.0,12.6,,
2022-10-09,Roma,Lecce,2,1,H,1,1,D,20,6,6,3,13,4,12,11,19:45,-1.25,1.83,2.07,1.86,2.08,1.38,5.25,10.0,1.36,4.98,9.21,2,2,0,1,1.33,5.25,8.5,1.37,5.0,8.5,1.37,4.9,8.75,1.37,5.15,9.95,1.84,2.06,1.87,2.04,1.83,2.0,2022-23,Serie A,3.61927,0.326132,1731.21020508,1525.90930176,205.30090331999983,7.036464049214956,4.333333333333334,21.649340501815185,9.962962962962964,0.994,0.63,0.63,0.994,1.0,1.0,4.4,3.4,3.0,3.8,10.2,9.8,47.8,41.6,2.0,3.0,14.0,15.4,,
2022-10-09,Monza,Spezia,2,0,H,1,0,H,7,9,4,1,3,6,10,20,14:00,-0.5,1.91,1.99,1.94,1.98,1.98,3.8,4.35,1.91,3.58,4.14,3,2,0,0,1.9,3.6,4.0,1.88,3.5,4.1,1.9,3.6,4.1,1.94,3.64,4.27,2.03,1.87,2.03,1.88,2.0,1.83,2022-23,Serie A,0.763016,0.534751,1529.52160645,1528.01977539,1.501831060000086,3.592592592592593,4.625107886107646,14.037037037037038,10.174514169382268,1.466,1.08,1.08,1.466,2.6,0.8,4.2,6.2,5.2,4.8,12.4,13.2,58.2,47.6,1.4,4.2,11.2,14.8,,
2022-10-09,Torino,Empoli,1,1,D,0,0,D,20,6,7,2,6,1,15,9,11:30,-0.75,2.0,1.9,2.01,1.91,1.82,3.86,5.3,1.76,3.67,4.86,2,4,0,0,1.72,3.6,5.0,1.75,3.7,4.75,1.75,3.7,4.7,1.78,3.68,5.23,2.0,1.8,2.09,1.82,2.04,1.8,2022-23,Serie A,2.73808,0.14731,1618.97436523,1544.80285645,74.17150878000007,4.633766876447222,5.9400039882827915,12.15749643382286,11.094742435088056,0.634,0.424,0.424,0.634,0.8,0.4,5.2,1.8,3.4,1.6,10.0,7.0,56.2,40.4,2.6,3.2,11.2,12.0,,
2022-10-09,Salernitana,Verona,2,1,H,1,0,H,14,12,4,2,1,6,9,15,14:00,0.0,1.75,2.05,1.79,2.14,2.5,3.68,3.0,2.45,3.46,2.88,3,3,1,1,2.4,3.4,2.87,2.4,3.5,2.8,2.45,3.45,2.85,2.5,3.47,2.99,1.86,2.04,1.88,2.04,1.82,2.01,2022-23,Serie A,0.975817,0.947745,1500.50952148,1601.41223145,-100.90270996999992,5.2583608459376165,4.984863695237883,12.085687236298067,9.858674077444856,1.12,,,1.12,1.2,,3.8,,2.6,,12.0,,43.6,,4.4,,12.6,,,
2022-10-10,Fiorentina,Lazio,0,4,A,0,2,A,24,10,3,6,9,2,17,9,19:45,0.0,1.79,2.11,1.84,2.1,2.56,3.68,2.96,2.47,3.44,2.87,4,1,0,0,2.4,3.5,2.8,2.4,3.4,2.85,2.45,3.4,2.85,2.55,3.5,2.91,1.91,1.99,1.88,2.03,1.87,1.96,2022-23,Serie A,2.60463,2.19633,1638.26977539,1726.52185059,-88.25207520000004,7.268978497576903,5.752312292260177,15.89169741916474,13.474034202169952,2.124,1.084,1.084,2.124,3.2,1.0,5.8,4.4,6.2,2.0,18.0,9.4,56.8,52.6,2.2,2.4,13.4,10.8,,
2022-10-15,Torino,Juventus,0,1,A,0,0,D,15,14,2,8,3,6,11,8,17:00,0.25,1.73,2.08,1.78,2.17,3.18,3.3,2.61,3.05,3.17,2.5,2,0,0,0,3.0,3.1,2.5,3.1,3.25,2.35,3.0,3.15,2.5,3.13,3.19,2.57,2.3,1.61,2.32,1.68,2.28,1.64,2022-23,Serie A,0.517644,2.34335,1610.39245605,1729.73864746,-119.34619141000007,5.089177917631481,2.878408778685546,14.77166428921524,8.822501036089857,0.634,1.372,1.372,0.634,0.8,1.4,5.2,6.0,3.4,6.0,10.0,13.6,56.2,52.8,2.6,2.6,11.2,11.0,,
2022-10-15,Empoli,Monza,1,0,H,1,0,H,11,16,5,4,2,9,17,14,14:00,0.0,1.83,2.07,1.85,2.08,2.63,3.45,2.97,2.54,3.31,2.87,5,3,0,1,2.55,3.3,2.8,2.45,3.4,2.85,2.55,3.3,2.8,2.61,3.37,2.92,1.99,1.91,1.99,1.92,1.95,1.87,2022-23,Serie A,2.16532,0.834003,1542.75927734,1533.85241699,8.906860349999988,4.687870261487575,4.222222222222223,15.314998439318636,7.888888888888889,1.584,1.454,1.454,1.584,2.4,1.6,3.8,3.4,3.4,4.2,14.0,11.6,46.8,53.0,4.6,4.4,12.4,12.4,,
2022-10-15,Atalanta,Sassuolo,2,1,H,1,1,D,16,11,4,3,3,3,10,8,19:45,-0.75,1.85,2.05,1.88,2.05,1.72,4.34,5.25,1.66,4.15,4.94,1,4,0,0,1.65,4.0,5.0,1.65,4.2,4.8,1.65,4.1,4.8,1.69,4.2,5.08,1.66,2.2,1.71,2.25,1.67,2.22,2022-23,Serie A,2.59044,0.538078,1754.15283203,1643.18103027,110.97180175999983,4.599642268918263,3.823493821495709,14.257675360894474,15.022723602258338,2.034,0.97,0.97,2.034,3.4,1.2,4.6,4.6,5.0,3.4,15.2,11.2,49.2,46.6,1.8,1.4,11.0,8.0,,
2022-10-16,Inter,Salernitana,2,0,H,1,0,H,16,8,6,3,6,4,12,14,11:30,-1.5,1.77,2.02,1.84,2.06,1.33,6.3,11.0,1.29,5.85,10.02,0,1,0,0,1.3,5.75,9.0,1.3,5.75,9.25,1.3,6.0,9.5,1.29,5.99,10.99,1.5,2.62,1.49,2.74,1.47,2.68,2022-23,Serie A,1.81451,0.250149,,1504.71899414,,6.642934914001872,4.0381820990409265,17.909133671567226,12.156104977493976,1.746,0.706,0.706,1.746,2.4,0.8,4.2,3.0,5.4,2.2,12.6,6.8,52.8,40.8,2.4,4.2,9.8,11.0,,
2022-10-16,Napoli,Bologna,3,2,H,1,1,D,30,16,11,3,6,4,6,10,17:00,-1.75,2.0,1.9,2.02,1.89,1.3,6.3,13.19,1.26,6.0,11.54,0,4,0,0,1.25,6.0,11.0,1.27,6.0,10.5,1.27,6.0,11.0,1.26,6.19,13.19,1.53,2.5,1.57,2.52,1.55,2.45,2022-23,Serie A,4.47916,1.05317,1880.21728516,1570.54797363,309.6693115300002,6.680972373408045,3.390644340304055,19.359125666067943,10.663797736550164,2.07,1.22,1.22,2.07,3.4,1.6,5.8,4.0,6.4,4.0,19.2,12.4,62.6,50.0,2.4,3.4,9.0,13.2,,
2022-10-16,Spezia,Cremonese,2,2,D,2,1,H,15,24,6,4,6,8,12,11,14:00,-0.25,2.1,1.8,2.15,1.8,2.58,3.3,3.25,2.47,3.17,3.07,2,0,0,0,2.45,3.2,3.1,2.4,3.25,2.95,2.45,3.2,3.0,2.55,3.14,3.21,2.04,1.86,2.05,1.87,1.99,1.84,2022-23,Serie A,1.09416,2.46395,1513.06347656,1464.56616211,48.497314449999976,4.123332882038503,5.604938271604939,9.393800534876007,11.469135802469138,1.49,1.556,1.556,1.49,2.4,2.4,5.6,6.4,5.2,7.2,12.6,16.6,48.8,48.6,2.2,2.0,13.6,12.2,,
2022-10-16,Lazio,Udinese,0,0,D,0,0,D,8,12,3,2,7,3,8,11,14:00,-0.25,1.89,2.01,1.9,2.02,2.25,3.92,3.4,2.19,3.61,3.23,1,4,0,0,2.2,3.5,3.25,2.15,3.6,3.2,2.2,3.55,3.15,2.19,3.72,3.36,1.66,2.2,1.68,2.3,1.68,2.21,2022-23,Serie A,0.687074,0.690342,1729.22668457,1687.55224609,41.67443848000016,3.6709101085280698,6.0331843740770745,12.42892564158264,17.056417628023382,1.488,0.744,0.744,1.488,1.8,0.8,5.6,2.8,4.0,2.8,12.8,11.2,55.6,48.2,1.2,3.0,10.6,11.6,,
2022-10-16,Verona,Milan,1,2,A,1,1,D,19,16,5,6,9,3,7,9,19:45,1.0,1.92,1.98,1.94,1.98,6.4,4.38,1.62,5.98,4.19,1.56,3,2,0,0,6.0,4.0,1.57,5.75,4.2,1.55,5.75,4.2,1.57,6.38,4.26,1.58,1.8,2.0,1.78,2.14,1.77,2.06,2022-23,Serie A,,,1586.57727051,1821.58044434,-235.00317382999992,5.149186294004468,6.364499090009042,10.849700167974976,16.527760331784663,,1.628,1.628,,,3.4,,2.8,,4.0,,14.4,,60.8,,1.6,,12.0,,
2022-10-17,Sampdoria,Roma,0,1,A,0,1,A,8,7,1,4,4,3,20,20,17:30,0.75,1.92,1.98,1.95,1.97,5.4,3.96,1.77,5.01,3.75,1.73,5,3,0,0,4.75,3.75,1.72,4.8,3.75,1.71,4.8,3.75,1.73,5.38,3.76,1.75,1.99,1.91,2.0,1.91,1.94,1.87,2022-23,Serie A,0.263194,2.60212,1525.70446777,1732.04406738,-206.33959960999985,2.83120228812114,4.146555351528486,7.750741939273992,11.510630774507192,0.478,1.562,1.562,0.478,0.4,3.2,4.2,2.8,4.4,3.4,9.0,10.8,49.8,48.6,2.8,2.6,15.0,13.8,,
2022-10-17,Lecce,Fiorentina,1,1,D,1,0,H,6,10,2,5,2,8,15,16,19:45,0.5,1.83,2.07,1.85,2.08,4.1,3.45,2.15,3.83,3.32,2.07,5,5,1,0,3.75,3.4,2.05,3.6,3.4,2.05,3.7,3.35,2.1,4.06,3.37,2.08,2.1,1.72,2.18,1.76,2.13,1.72,2022-23,Serie A,1.61529,0.356946,1517.84667969,1622.47167969,-104.625,4.333333333333333,6.17115908895121,8.740740740740742,14.077412069135594,1.032,0.906,0.906,1.032,2.0,0.8,5.0,6.6,3.6,4.6,10.8,12.0,38.4,51.8,3.0,2.2,13.8,14.2,,
2022-10-21,Juventus,Empoli,4,0,H,1,0,H,21,12,7,4,6,4,13,11,19:45,-1.25,1.89,2.01,1.92,2.0,1.43,5.2,8.5,1.4,4.94,7.8,2,2,0,0,1.4,5.0,7.0,1.41,4.6,7.5,1.43,4.8,7.25,1.42,5.12,7.81,1.66,2.2,1.69,2.28,1.68,2.22,2022-23,Serie A,3.78986,0.507227,1735.93322754,1549.38220215,186.55102538999995,4.628476990082592,4.293335992188528,16.823915767615386,9.39649495672537,2.052,0.424,0.424,2.052,3.8,0.4,3.6,1.8,5.8,1.6,14.6,7.0,45.8,40.4,3.0,3.2,13.2,12.0,,
2022-10-22,Salernitana,Spezia,1,0,H,0,0,D,17,14,4,2,4,7,9,8,14:00,-0.5,2.02,1.88,2.04,1.89,2.08,3.66,3.94,2.02,3.49,3.8,2,4,0,0,2.0,3.5,3.8,2.05,3.3,3.8,2.0,3.45,3.75,2.04,3.59,3.94,2.0,1.9,1.97,1.93,1.95,1.87,2022-23,Serie A,1.91377,0.685579,1502.7052002,1510.45800781,-7.752807609999991,3.8389072306250784,5.083405257405097,12.72379149086538,9.783009446254844,1.12,1.08,1.08,1.12,1.2,0.8,3.8,6.2,2.6,4.8,12.0,13.2,43.6,47.6,4.4,4.2,12.6,14.8,,
2022-10-22,Milan,Monza,4,1,H,2,0,H,12,16,7,6,2,2,18,9,17:00,-1.25,1.9,2.0,1.93,1.99,1.43,5.25,8.75,1.4,4.88,7.9,1,1,0,0,1.4,5.0,7.5,1.39,4.8,7.75,1.43,4.8,7.0,1.42,4.98,8.24,1.66,2.2,1.69,2.29,1.64,2.27,2022-23,Serie A,,,1825.22717285,1527.22949219,297.99768066,6.661184358002028,5.814814814814816,19.70566499537986,10.592592592592592,1.6,1.454,1.454,1.6,3.2,1.6,4.4,3.4,4.4,4.2,16.0,11.6,51.8,53.0,3.4,4.4,13.8,12.4,,
2022-10-22,Fiorentina,Inter,3,4,A,1,2,A,10,8,4,7,1,2,15,14,19:45,0.5,1.84,2.06,1.86,2.08,3.83,3.76,2.1,3.63,3.54,2.05,4,3,0,0,3.6,3.5,2.05,3.4,3.5,2.05,3.55,3.45,2.05,3.83,3.58,2.08,1.8,2.0,1.84,2.06,1.79,2.04,2022-23,Serie A,1.27024,2.51989,1620.71765137,,,7.845985665051269,5.11024151615989,18.594464946109827,16.159692049061007,2.124,1.986,1.986,2.124,3.2,3.4,5.8,4.8,6.2,5.8,18.0,12.6,56.8,48.4,2.2,2.4,13.4,15.0,,
2022-10-23,Udinese,Torino,1,2,A,1,1,D,16,15,4,4,7,4,12,15,11:30,-0.5,2.03,1.87,2.05,1.88,2.08,3.5,4.15,2.03,3.37,3.91,3,4,0,0,2.0,3.3,4.0,2.0,3.4,3.8,2.0,3.4,3.8,2.05,3.4,4.15,2.06,1.84,2.07,1.85,2.02,1.8,2022-23,Serie A,1.40576,1.17556,1689.97375488,1604.19787598,85.77587889999995,5.032748434569704,3.9923630189360706,12.953746606400433,12.128260334954158,1.728,1.346,1.346,1.728,1.8,1.6,5.8,3.2,4.8,4.4,16.4,13.8,56.2,51.0,1.4,3.2,12.0,15.0,,
2022-10-23,Bologna,Lecce,2,0,H,2,0,H,12,9,3,3,9,4,11,14,14:00,-0.25,1.86,2.04,1.88,2.05,2.25,3.4,3.79,2.19,3.21,3.62,5,2,0,0,2.15,3.2,3.75,2.2,3.2,3.4,2.2,3.2,3.55,2.21,3.26,3.78,2.2,1.66,2.27,1.7,2.21,1.67,2022-23,Serie A,2.1232,0.336101,1569.03088379,1519.60070801,49.4301757799999,3.8033761286304575,4.222222222222223,12.112073499975914,8.641975308641976,1.182,0.63,0.63,1.182,2.0,1.0,4.4,3.4,3.8,3.8,9.6,9.8,52.8,41.6,2.2,3.0,14.2,15.4,,
2022-10-23,Atalanta,Lazio,0,2,A,0,1,A,7,12,0,5,5,8,15,9,17:00,-0.5,1.99,1.91,2.0,1.93,2.04,3.98,4.05,1.98,3.69,3.75,4,2,1,0,1.95,3.5,4.0,1.98,3.75,3.5,1.97,3.65,3.7,2.0,3.68,3.96,1.72,2.1,1.78,2.15,1.71,2.16,2022-23,Serie A,0.874683,0.911832,1758.34008789,1726.80517578,31.53491211000005,4.066428179278843,4.501541528173452,14.838450240596316,12.316022801446636,2.034,1.084,1.084,2.034,3.4,1.0,4.6,4.4,5.0,2.0,15.2,9.4,49.2,52.6,1.8,2.4,11.0,10.8,,
2022-10-23,Roma,Napoli,0,1,A,0,0,D,6,12,0,5,3,4,14,12,19:45,0.25,1.8,2.1,1.81,2.13,3.02,3.75,2.48,2.89,3.52,2.41,3,4,0,0,2.87,3.5,2.4,2.8,3.6,2.37,2.85,3.5,2.4,2.95,3.61,2.47,1.8,2.0,1.83,2.07,1.79,2.03,2022-23,Serie A,0.209646,0.867955,1736.16992188,1881.734375,-145.56445312000005,9.024309366143305,4.048153989088585,21.099560334543455,16.23156650258285,0.994,2.136,2.136,0.994,1.0,3.0,4.4,3.4,3.0,3.2,10.2,14.6,47.8,62.4,2.0,1.0,14.0,9.2,,
2022-10-24,Cremonese,Sampdoria,0,1,A,0,0,D,21,8,4,4,5,1,16,15,17:30,-0.25,2.1,1.8,2.15,1.81,2.55,3.48,3.08,2.46,3.32,2.95,3,4,0,0,2.4,3.3,3.0,2.4,3.4,2.87,2.45,3.35,2.9,2.51,3.37,3.06,1.97,1.93,1.98,1.93,1.94,1.87,2022-23,Serie A,1.72584,1.19704,1467.17175293,1521.57861328,-54.40686034999999,4.62962962962963,3.9860088382460463,14.222222222222223,10.33348655135911,0.93,0.908,0.908,0.93,0.2,1.0,4.2,2.2,5.4,4.2,12.8,10.6,42.8,45.4,3.6,3.8,12.8,16.8,,
2022-10-24,Sassuolo,Verona,2,1,H,1,1,D,14,13,3,5,4,5,7,19,19:45,-0.5,1.95,1.95,1.99,1.93,2.0,3.85,4.0,1.96,3.61,3.82,1,3,0,0,1.95,3.5,4.0,1.9,3.6,4.0,1.95,3.65,3.75,1.99,3.75,3.92,1.72,2.1,1.74,2.21,1.71,2.13,2022-23,Serie A,1.45562,1.60903,1638.99389648,1582.93054199,56.063354490000165,4.272432405146748,5.323242463491923,13.2153073372554,10.57244938496324,1.268,,,1.268,1.2,,5.8,,4.4,,14.4,,53.6,,2.4,,13.6,,,
2022-10-29,Napoli,Sassuolo,4,0,H,3,0,H,18,10,6,6,11,5,5,6,14:00,-1.75,2.04,1.86,2.04,1.87,1.33,6.4,10.5,1.29,5.91,9.52,0,3,0,1,1.28,6.0,8.5,1.3,6.0,9.25,1.3,6.0,9.0,1.31,5.9,10.07,1.44,2.75,1.46,2.83,1.44,2.73,2022-23,Serie A,2.46208,1.0297,1899.36657715,1652.8503418,246.51623535,6.45398158227203,3.5489958809971394,22.906083777378633,13.681815734838892,2.07,0.97,0.97,2.07,3.4,1.2,5.8,4.6,6.4,3.4,19.2,11.2,62.6,46.6,2.4,1.4,9.0,8.0,,
2022-10-29,Lecce,Juventus,0,1,A,0,0,D,5,13,0,5,7,7,16,13,17:00,0.5,1.99,1.91,2.02,1.9,4.75,3.62,1.95,4.42,3.42,1.89,3,5,0,0,4.33,3.3,1.9,4.33,3.4,1.87,4.3,3.45,1.9,4.75,3.42,1.92,2.2,1.66,2.24,1.72,2.15,1.7,2022-23,Serie A,0.166187,0.512337,1520.0814209,1745.89282227,-225.81140136999988,3.5555555555555554,3.918939185790365,7.827160493827162,10.548334024059905,1.032,1.372,1.372,1.032,2.0,1.4,5.0,6.0,3.6,6.0,10.8,13.6,38.4,52.8,3.0,2.6,13.8,11.0,,
2022-10-29,Inter,Sampdoria,3,0,H,2,0,H,17,9,8,2,3,3,5,13,19:45,-1.75,1.94,1.96,1.94,1.96,1.27,6.5,13.54,1.25,6.15,12.03,1,6,0,0,1.25,6.0,12.0,1.25,6.25,11.5,1.25,6.25,11.0,1.25,6.37,13.54,1.53,2.5,1.55,2.57,1.53,2.48,2022-23,Serie A,2.52781,0.332522,,1537.8861084,,6.4286232760012485,2.990672558830698,17.27275578104482,9.555657700906076,1.746,0.908,0.908,1.746,2.4,1.0,4.2,2.2,5.4,4.2,12.6,10.6,52.8,45.4,2.4,3.8,9.8,16.8,,
2022-10-30,Empoli,Atalanta,0,2,A,0,1,A,13,20,3,6,7,2,10,13,11:30,0.75,1.83,2.07,1.87,2.06,4.63,3.96,1.85,4.35,3.79,1.8,2,1,0,0,4.33,3.8,1.8,4.2,3.8,1.78,4.3,3.85,1.8,4.63,3.86,1.82,1.8,2.0,1.83,2.08,1.76,2.06,2022-23,Serie A,0.655562,3.40094,1551.7310791,1752.97399902,-201.24291992000008,3.7919135076583834,3.9519963361413097,13.876665626212423,9.782280724908755,1.584,1.866,1.866,1.584,2.4,2.4,3.8,3.2,3.4,5.0,14.0,13.4,46.8,52.8,4.6,1.4,12.4,12.6,,
2022-10-30,Cremonese,Udinese,0,0,D,0,0,D,13,13,2,3,7,4,8,9,14:00,0.5,2.01,1.89,2.03,1.9,4.29,3.9,1.92,4.01,3.76,1.87,1,0,0,0,4.0,3.8,1.85,3.8,3.8,1.88,3.95,3.8,1.9,4.27,3.81,1.9,1.72,2.1,1.77,2.16,1.73,2.1,2022-23,Serie A,0.639202,1.46552,1467.80224609,1686.99145508,-219.18920899,4.753086419753087,5.022122916051384,16.48148148148148,15.370945085348923,0.93,0.744,0.744,0.93,0.2,0.8,4.2,2.8,5.4,2.8,12.8,11.2,42.8,48.2,3.6,3.0,12.8,11.6,,
2022-10-30,Spezia,Fiorentina,1,2,A,1,1,D,10,27,6,5,5,5,19,14,14:00,0.5,1.98,1.92,2.01,1.92,4.4,3.75,1.95,4.1,3.59,1.89,5,3,1,0,4.0,3.6,1.9,4.0,3.6,1.88,4.0,3.65,1.9,4.39,3.64,1.92,1.98,1.92,1.98,1.93,1.91,1.89,2022-23,Serie A,1.61425,1.5294,1511.81848145,1630.75708008,-118.93859862999987,4.748888588025669,6.7807727259674735,11.26253368991734,12.718274712757063,1.49,0.906,0.906,1.49,2.4,0.8,5.6,6.6,5.2,4.6,12.6,12.0,48.8,51.8,2.2,2.2,13.6,14.2,,
2022-10-30,Lazio,Salernitana,1,3,A,1,0,H,13,10,4,6,4,5,10,7,17:00,-1.0,1.75,2.05,1.82,2.13,1.52,4.78,7.0,1.49,4.53,6.35,3,3,0,0,1.5,4.5,6.5,1.49,4.6,6.0,1.5,4.6,6.0,1.5,4.68,6.98,1.66,2.2,1.68,2.3,1.63,2.27,2022-23,Serie A,1.97581,1.42108,1752.2265625,1518.28283691,233.94372559,4.7806067390187135,4.025454732693952,10.952617094388428,10.770736651662652,1.488,0.706,0.706,1.488,1.8,0.8,5.6,3.0,4.0,2.2,12.8,6.8,55.6,40.8,1.2,4.2,10.6,11.0,,
2022-10-30,Torino,Milan,2,1,H,2,0,H,7,12,4,1,6,1,11,16,19:45,0.25,2.07,1.83,2.08,1.85,3.86,3.52,2.18,3.63,3.33,2.12,5,2,0,0,3.75,3.3,2.1,3.5,3.3,2.1,3.5,3.3,2.15,3.74,3.41,2.16,2.1,1.72,2.17,1.76,2.13,1.72,2022-23,Serie A,,,1624.1184082,1848.37451172,-224.25610352000012,4.3927852784209875,5.242999393339362,14.847776192810162,16.351840221189775,0.634,1.628,1.628,0.634,0.8,3.4,5.2,2.8,3.4,4.0,10.0,14.4,56.2,60.8,2.6,1.6,11.2,12.0,,
2022-10-31,Verona,Roma,1,3,A,1,1,D,7,14,3,6,2,4,9,9,17:30,0.5,2.02,1.88,2.02,1.9,4.65,3.86,1.9,4.32,3.59,1.84,3,1,1,0,4.33,3.6,1.83,4.33,3.6,1.82,4.2,3.65,1.85,4.52,3.61,1.9,1.98,1.92,1.98,1.93,1.91,1.88,2022-23,Serie A,0.288065,3.03255,1586.01220703,1740.63781738,-154.62561035,6.432790862669646,3.764370234352324,13.566466778649986,10.007087183004796,,1.562,1.562,,,3.2,,2.8,,3.4,,10.8,,48.6,,2.6,,13.8,,
2022-10-31,Monza,Bologna,1,2,A,0,0,D,9,10,3,5,4,5,13,18,19:45,-0.25,1.91,1.99,1.93,1.99,2.3,3.6,3.54,2.22,3.33,3.32,4,2,0,0,2.2,3.3,3.4,2.25,3.4,3.1,2.25,3.35,3.3,2.27,3.35,3.54,1.97,1.93,1.98,1.93,1.91,1.88,2022-23,Serie A,1.09073,1.16962,1532.80371094,1585.48828125,-52.684570310000026,3.395061728395062,3.593762893536037,11.69135802469136,12.442531824366778,1.466,1.22,1.22,1.466,2.6,1.6,4.2,4.0,5.2,4.0,12.4,12.4,58.2,50.0,1.4,3.4,11.2,13.2,,
2022-11-04,Udinese,Lecce,1,1,D,0,1,A,16,9,5,1,3,2,12,18,19:45,-0.75,1.84,2.06,1.86,2.07,1.72,4.04,6.0,1.65,3.85,5.66,2,3,0,0,1.61,3.9,5.5,1.63,3.8,5.5,1.65,3.8,5.5,1.66,3.93,5.98,1.99,1.91,1.98,1.93,1.94,1.88,2022-23,Serie A,1.65337,0.842155,1679.40405273,1513.33203125,166.0720214800001,5.688498956379803,4.148148148148149,13.969164404266955,8.761316872427985,1.728,0.63,0.63,1.728,1.8,1.0,5.8,3.4,4.8,3.8,16.4,9.8,56.2,41.6,1.4,3.0,12.0,15.4,,
2022-11-05,Empoli,Sassuolo,1,0,H,0,0,D,17,10,1,3,3,6,11,11,14:00,0.0,2.05,1.85,2.07,1.86,2.9,3.8,2.6,2.79,3.48,2.51,2,0,0,0,2.8,3.4,2.45,2.7,3.5,2.45,2.75,3.45,2.5,2.89,3.46,2.59,1.72,2.1,1.75,2.19,1.7,2.17,2022-23,Serie A,0.963,0.724143,1542.98144531,1645.76977539,-102.78833007999992,4.861275671772256,4.03266392066476,13.584443750808283,12.45454382322593,1.584,0.97,0.97,1.584,2.4,1.2,3.8,4.6,3.4,3.4,14.0,11.2,46.8,46.6,4.6,1.4,12.4,8.0,,
2022-11-05,Salernitana,Cremonese,2,2,D,2,1,H,11,11,2,5,2,2,14,10,14:00,-0.25,1.88,2.02,1.92,2.01,2.24,3.64,3.51,2.17,3.42,3.43,2,2,0,0,2.15,3.6,3.3,2.15,3.4,3.4,2.15,3.4,3.4,2.23,3.47,3.49,2.04,1.86,2.03,1.88,1.97,1.85,2022-23,Serie A,1.57799,1.6138,1535.73278809,1469.62231445,66.11047364000001,3.892604820416719,6.4032921810699595,14.149194327243586,15.646090534979423,1.12,1.556,1.556,1.12,1.2,2.4,3.8,6.4,2.6,7.2,12.0,16.6,43.6,48.6,4.4,2.0,12.6,12.2,,
2022-11-05,Atalanta,Napoli,1,2,A,1,2,A,17,7,4,5,5,2,10,9,17:00,0.25,2.06,1.84,2.1,1.84,3.54,3.86,2.17,3.39,3.69,2.1,5,1,0,0,3.3,3.6,2.15,3.3,3.6,2.05,3.35,3.6,2.1,3.48,3.81,2.11,1.66,2.2,1.69,2.28,1.68,2.21,2022-23,Serie A,2.79481,1.76328,1755.95605469,1894.10095215,-138.14489746000004,4.377618786185895,4.0321026593923905,12.22563349373088,14.821044335055236,2.034,2.136,2.136,2.034,3.4,3.0,4.6,3.4,5.0,3.2,15.2,14.6,49.2,62.4,1.8,1.0,11.0,9.2,,
2022-11-05,Milan,Spezia,2,1,H,1,0,H,23,13,11,5,3,6,12,13,19:45,-1.75,1.92,1.98,1.93,1.98,1.25,7.0,15.73,1.22,6.54,13.51,6,4,1,0,1.22,6.0,13.0,1.22,6.5,13.0,1.22,6.5,14.0,1.22,6.78,15.73,1.57,2.37,1.6,2.46,1.56,2.4,2022-23,Serie A,,,1841.65026855,1502.93920898,338.71105956999986,5.10745623866802,5.722270171603398,17.137109996919907,11.188672964169896,1.6,1.08,1.08,1.6,3.2,0.8,4.4,6.2,4.4,4.8,16.0,13.2,51.8,47.6,3.4,4.2,13.8,14.8,,
2022-11-06,Monza,Verona,2,0,H,0,0,D,14,7,3,2,5,2,10,10,14:00,-0.25,1.91,1.99,1.93,1.99,2.26,3.66,3.5,2.2,3.45,3.32,3,1,0,1,2.2,3.4,3.3,2.15,3.5,3.25,2.2,3.45,3.25,2.25,3.44,3.47,1.92,1.98,1.91,1.99,1.88,1.93,2022-23,Serie A,0.739437,0.247304,1522.17370605,1575.83666992,-53.66296387000011,3.5967078189300414,5.215494975661282,10.794238683127574,11.381632923308826,1.466,,,1.466,2.6,,4.2,,5.2,,12.4,,58.2,,1.4,,11.2,,,
2022-11-06,Juventus,Inter,2,0,H,0,0,D,8,14,3,4,2,8,16,13,19:45,0.25,1.81,2.09,1.85,2.09,3.25,3.54,2.45,3.05,3.35,2.39,2,2,0,0,3.1,3.4,2.37,3.0,3.4,2.3,3.0,3.35,2.4,3.19,3.34,2.44,1.99,1.91,2.02,1.89,1.96,1.86,2022-23,Serie A,1.55487,1.51619,1740.89208984,,,5.085651326721728,4.073494344106594,18.215943845076925,13.439794699374003,2.052,1.986,1.986,2.052,3.8,3.4,3.6,4.8,5.8,5.8,14.6,12.6,45.8,48.4,3.0,2.4,13.2,15.0,,
2022-11-06,Bologna,Torino,2,1,H,0,1,A,9,7,5,2,3,1,14,17,11:30,0.25,1.76,2.15,1.79,2.17,3.18,3.38,2.57,3.05,3.13,2.51,3,3,0,0,3.0,3.1,2.5,2.95,3.2,2.5,3.0,3.1,2.5,3.18,3.14,2.57,2.3,1.61,2.34,1.66,2.28,1.64,2022-23,Serie A,2.44593,1.01138,1590.35070801,1633.9901123,-43.6394042899999,5.535584085753639,3.994908679290714,12.07471566665061,13.08550688996944,1.182,1.346,1.346,1.182,2.0,1.6,4.4,3.2,3.8,4.4,9.6,13.8,52.8,51.0,2.2,3.2,14.2,15.0,,
2022-11-06,Sampdoria,Fiorentina,0,2,A,0,1,A,14,5,2,4,4,4,10,18,14:00,0.5,1.94,1.96,1.95,1.97,4.49,3.7,2.0,4.06,3.49,1.95,1,0,0,0,4.2,3.4,1.9,3.9,3.5,1.95,3.95,3.5,1.95,4.29,3.54,1.97,2.06,1.84,2.09,1.83,2.02,1.81,2022-23,Serie A,0.800046,1.24199,1532.35498047,1636.85888672,-104.50390625,3.220801525414094,6.18718181731165,7.833827959515995,17.478849808504712,0.478,0.906,0.906,0.478,0.4,0.8,4.2,6.6,4.4,4.6,9.0,12.0,49.8,51.8,2.8,2.2,15.0,14.2,,
2022-11-06,Roma,Lazio,0,1,A,0,1,A,8,5,2,3,4,2,18,14,17:00,-0.5,2.03,1.87,2.07,1.86,2.11,3.66,3.94,2.03,3.52,3.74,2,3,0,0,2.0,3.5,3.8,2.0,3.5,3.7,2.0,3.55,3.7,2.07,3.52,3.91,1.95,1.95,1.97,1.93,1.91,1.91,2022-23,Serie A,0.378495,0.538797,1748.28771973,1722.15600586,26.131713869999885,7.016206244095537,5.667694352115635,16.066373556362304,12.210681867631092,0.994,1.084,1.084,0.994,1.0,1.0,4.4,4.4,3.0,2.0,10.2,9.4,47.8,52.6,2.0,2.4,14.0,10.8,,
2022-11-08,Napoli,Empoli,2,0,H,0,0,D,18,6,4,1,5,0,12,16,17:30,-1.75,1.88,2.02,1.87,2.04,1.26,7.1,12.99,1.24,6.61,11.31,1,6,0,1,1.25,6.5,9.5,1.25,6.5,10.5,1.25,6.5,11.0,1.25,6.83,11.79,1.4,3.0,1.4,3.07,1.4,2.95,2022-23,Serie A,1.89523,0.205301,1899.51086426,1552.48364258,347.02722168000014,7.96932105484802,4.195557328125686,21.270722518252423,10.264329971150246,2.07,0.424,0.424,2.07,3.4,0.4,5.8,1.8,6.4,1.6,19.2,7.0,62.6,40.4,2.4,3.2,9.0,12.0,,
2022-11-08,Spezia,Udinese,1,1,D,1,1,D,21,10,6,2,9,0,12,12,17:30,0.5,1.92,1.98,1.93,1.99,4.3,3.76,2.0,4.01,3.56,1.94,3,3,0,0,4.0,3.5,1.9,3.9,3.5,1.95,3.9,3.55,1.95,4.13,3.6,1.99,1.99,1.91,1.98,1.93,1.93,1.89,2022-23,Serie A,2.3694,0.507712,1501.59277344,1674.11010742,-172.5173339800001,4.832592392017113,4.68141527736759,10.84168912661156,14.580630056899285,1.49,0.744,0.744,1.49,2.4,0.8,5.6,2.8,5.2,2.8,12.6,11.2,48.8,48.2,2.2,3.0,13.6,11.6,,
2022-11-08,Cremonese,Milan,0,0,D,0,0,D,6,16,1,5,2,4,16,10,19:45,1.0,1.92,1.98,1.93,1.99,6.55,4.51,1.6,6.15,4.28,1.54,4,3,0,0,6.0,4.2,1.55,6.0,4.33,1.53,5.75,4.4,1.55,6.23,4.2,1.6,1.72,2.1,1.77,2.16,1.72,2.14,2022-23,Serie A,,,1472.53942871,1842.9967041,-370.4572753899999,5.502057613168725,3.828666262226242,15.320987654320987,14.90122681412652,0.93,1.628,1.628,0.93,0.2,3.4,4.2,2.8,5.4,4.0,12.8,14.4,42.8,60.8,3.6,1.6,12.8,12.0,,
2022-11-09,Lecce,Atalanta,2,1,H,2,1,H,15,12,3,4,4,3,11,12,17:30,0.75,1.85,2.05,1.86,2.07,5.03,3.82,1.86,4.7,3.6,1.8,1,2,0,0,4.75,3.5,1.8,4.5,3.5,1.8,4.6,3.6,1.8,5.03,3.63,1.82,2.06,1.84,2.1,1.81,2.02,1.81,2022-23,Serie A,1.78957,1.27623,1518.62585449,1750.54614258,-231.92028809,4.703703703703704,3.301330890760873,6.884773662551442,13.188187149939171,1.032,1.866,1.866,1.032,2.0,2.4,5.0,3.2,3.6,5.0,10.8,13.4,38.4,52.8,3.0,1.4,13.8,12.6,,
2022-11-09,Sassuolo,Roma,1,1,D,0,0,D,14,10,6,4,3,2,11,11,17:30,0.25,2.07,1.83,2.11,1.83,3.64,3.76,2.17,3.48,3.58,2.1,5,3,0,0,3.4,3.6,2.1,3.4,3.5,2.1,3.4,3.5,2.1,3.62,3.65,2.12,1.83,2.07,1.85,2.07,1.8,2.04,2022-23,Serie A,1.24506,0.758794,1636.2677002,1738.7557373,-102.48803709999991,4.181621603431166,3.842913489568216,13.476871558170266,11.338058122003195,1.268,1.562,1.562,1.268,1.2,3.2,5.8,2.8,4.4,3.4,14.4,10.8,53.6,48.6,2.4,2.6,13.6,13.8,,
2022-11-09,Fiorentina,Salernitana,2,1,H,1,0,H,18,4,7,1,4,3,10,11,19:45,-1.0,1.92,1.98,1.95,1.97,1.6,4.5,6.5,1.54,4.32,6.07,0,1,0,0,1.53,4.2,6.25,1.53,4.2,6.0,1.53,4.4,6.0,1.56,4.45,6.17,1.72,2.1,1.78,2.15,1.76,2.09,2022-23,Serie A,2.52973,0.542105,1645.84692383,1532.81567383,113.03125,5.563990443367513,4.350303155129302,15.729643297406554,10.51382443444177,2.124,0.706,0.706,2.124,3.2,0.8,5.8,3.0,6.2,2.2,18.0,6.8,56.8,40.8,2.2,4.2,13.4,11.0,,
2022-11-09,Inter,Bologna,6,1,H,3,1,H,13,10,7,4,4,4,10,11,19:45,-1.5,1.94,1.96,1.95,1.97,1.34,6.0,11.0,1.31,5.59,9.7,1,5,0,0,1.28,5.75,10.0,1.32,5.5,9.25,1.33,5.5,8.5,1.32,5.77,10.64,1.53,2.5,1.57,2.54,1.55,2.45,2022-23,Serie A,2.78307,0.657702,,1598.59460449,,5.2857488506675,4.062508595690692,17.181837187363215,11.628354549577852,1.746,1.22,1.22,1.746,2.4,1.6,4.2,4.0,5.4,4.0,12.6,12.4,52.8,50.0,2.4,3.4,9.8,13.2,,
2022-11-09,Torino,Sampdoria,2,0,H,1,0,H,8,11,5,1,4,3,14,21,19:45,-0.75,1.82,2.08,1.83,2.11,1.69,3.97,6.2,1.63,3.81,5.88,1,3,0,0,1.61,3.8,5.75,1.61,3.8,5.75,1.63,3.8,5.75,1.64,3.95,6.17,2.1,1.72,2.17,1.76,2.12,1.74,2022-23,Serie A,0.479941,0.613268,1625.74621582,1523.36694336,102.37927246000004,4.928523518947325,2.993781705887132,12.231850795206777,9.370438467270716,0.634,0.908,0.908,0.634,0.8,1.0,5.2,2.2,3.4,4.2,10.0,10.6,56.2,45.4,2.6,3.8,11.2,16.8,,
2022-11-10,Lazio,Monza,1,0,H,0,0,D,12,8,4,0,4,3,15,14,19:45,-1.0,2.05,1.85,2.08,1.85,1.69,4.3,5.9,1.62,4.13,5.37,2,1,0,0,1.61,4.2,5.0,1.6,4.2,5.25,1.63,4.1,5.25,1.62,4.24,5.83,1.72,2.1,1.76,2.17,1.72,2.14,2022-23,Serie A,1.30785,0.578178,1731.68798828,1533.98974609,197.69824218999997,4.520404492679143,4.543209876543211,11.63507806292562,12.395061728395063,1.488,1.454,1.454,1.488,1.8,1.6,5.6,3.4,4.0,4.2,12.8,11.6,55.6,53.0,1.2,4.4,10.6,12.4,,
2022-11-10,Verona,Juventus,0,1,A,0,0,D,15,11,2,3,5,4,14,13,17:30,0.75,2.0,1.9,2.0,1.92,5.63,4.0,1.74,5.26,3.82,1.69,3,2,0,1,5.0,3.8,1.66,5.5,3.9,1.62,5.25,3.85,1.67,5.63,3.82,1.71,2.01,1.89,2.01,1.89,1.96,1.86,2022-23,Serie A,1.14515,0.877959,1564.02062988,1754.61413574,-190.59350586000005,4.955193908446431,4.945959457193576,11.377644519099992,11.365556016039935,,1.372,1.372,,,1.4,,6.0,,6.0,,13.6,,52.8,,2.6,,11.0,,
2022-11-11,Empoli,Cremonese,2,0,H,0,0,D,13,19,6,5,4,9,9,14,19:45,0.0,1.82,2.08,1.85,2.08,2.6,3.58,2.98,2.52,3.33,2.88,1,2,0,0,2.5,3.4,2.8,2.45,3.3,2.87,2.5,3.35,2.8,2.6,3.41,2.91,1.97,1.93,1.95,1.95,1.92,1.9,2022-23,Serie A,2.652,1.34565,1550.75341797,1479.91430664,70.83911133000015,4.240850447848171,4.9355281207133075,14.722962500538856,14.097393689986284,1.584,1.556,1.556,1.584,2.4,2.4,3.8,6.4,3.4,7.2,14.0,16.6,46.8,48.6,4.6,2.0,12.4,12.2,,
2022-11-12,Napoli,Udinese,3,2,H,2,0,H,15,10,5,4,5,3,12,13,14:00,-1.25,2.07,1.83,2.11,1.83,1.53,4.9,6.8,1.48,4.7,6.23,2,3,0,0,1.5,4.75,5.75,1.49,4.75,5.75,1.5,4.7,6.0,1.49,4.86,6.78,1.57,2.37,1.6,2.48,1.57,2.41,2022-23,Serie A,1.52943,1.00653,1901.24108887,1670.5246582,230.71643067000016,6.979547369898681,3.12094351824506,20.18048167883495,13.05375337126619,2.07,0.744,0.744,2.07,3.4,0.8,5.8,2.8,6.4,2.8,19.2,11.2,62.6,48.2,2.4,3.0,9.0,11.6,,
2022-11-12,Sampdoria,Lecce,0,2,A,0,1,A,11,11,2,3,9,0,14,19,17:00,0.0,1.86,2.04,1.88,2.04,2.78,3.17,3.1,2.66,3.05,2.93,2,3,0,0,2.62,3.0,3.0,2.55,3.1,2.87,2.6,3.05,2.95,2.77,3.06,2.99,2.5,1.53,2.5,1.59,2.43,1.56,2022-23,Serie A,0.852999,1.067,1516.88549805,1531.45056152,-14.56506347000004,3.480534350276063,3.4320987654320994,9.889218639677331,8.84087791495199,0.478,0.63,0.63,0.478,0.4,1.0,4.2,3.4,4.4,3.8,9.0,9.8,49.8,41.6,2.8,3.0,15.0,15.4,,
2022-11-12,Bologna,Sassuolo,3,0,H,1,0,H,8,9,4,3,4,6,12,6,19:45,-0.25,2.02,1.88,2.05,1.88,2.4,3.7,3.13,2.34,3.5,3.01,1,0,0,0,2.3,3.5,3.0,2.35,3.5,2.9,2.35,3.5,2.95,2.38,3.56,3.13,1.87,2.03,1.84,2.06,1.83,2.0,2022-23,Serie A,0.761979,0.793558,1593.25036621,1637.96044922,-44.71008301000006,4.6903893905024265,4.688442613776507,11.04981044443374,11.636362548817289,1.182,0.97,0.97,1.182,2.0,1.2,4.4,4.6,3.8,3.4,9.6,11.2,52.8,46.6,2.2,1.4,14.2,8.0,,
2022-11-13,Verona,Spezia,1,2,A,1,0,H,18,16,5,9,2,10,13,21,14:00,-0.25,1.82,2.08,1.85,2.09,2.2,3.7,3.68,2.11,3.47,3.52,2,4,0,0,2.1,3.4,3.6,2.1,3.5,3.4,2.15,3.45,3.45,2.14,3.54,3.66,1.92,1.98,1.93,1.98,1.88,1.94,2022-23,Serie A,2.16554,0.752225,1559.48400879,1505.17834473,54.305664060000026,4.970129272297621,5.814846781068932,12.585096346066662,11.79244864277993,,1.08,1.08,,,0.8,,6.2,,4.8,,13.2,,47.6,,4.2,,14.8,,
2022-11-13,Milan,Fiorentina,2,1,H,1,1,D,12,11,3,5,5,7,13,11,17:00,-0.75,1.93,1.97,1.94,1.98,1.77,4.1,5.18,1.72,3.87,4.84,1,4,0,0,1.7,3.8,5.0,1.73,3.8,4.5,1.73,3.85,4.7,1.73,3.94,5.18,1.9,2.0,1.91,2.0,1.87,1.95,2022-23,Serie A,,,1835.62182617,1650.16418457,185.4576416,4.40497082577868,5.4581212115411,19.09140666461327,13.319233205669809,1.6,0.906,0.906,1.6,3.2,0.8,4.4,6.6,4.4,4.6,16.0,12.0,51.8,51.8,3.4,2.2,13.8,14.2,,
2022-11-13,Juventus,Lazio,3,0,H,1,0,H,13,10,9,3,2,6,10,8,19:45,-0.5,2.0,1.9,2.03,1.89,2.09,3.6,4.11,2.0,3.44,3.95,2,1,0,0,1.95,3.5,4.0,1.95,3.5,3.8,1.97,3.5,3.85,2.03,3.48,4.11,2.05,1.85,2.07,1.85,2.01,1.82,2022-23,Serie A,1.70269,0.38627,1759.15075684,1734.44946289,24.701293950000036,4.0571008844811525,4.445129568077091,14.810629230051283,9.807121245087394,2.052,1.084,1.084,2.052,3.8,1.0,3.6,4.4,5.8,2.0,14.6,9.4,45.8,52.6,3.0,2.4,13.2,10.8,,
2022-11-13,Atalanta,Inter,2,3,A,1,1,D,19,14,7,3,5,4,10,11,11:30,0.25,1.91,1.99,1.94,1.98,3.25,3.75,2.34,3.07,3.59,2.27,0,3,0,0,3.1,3.75,2.2,2.9,3.6,2.3,3.0,3.6,2.25,3.2,3.69,2.28,1.72,2.1,1.74,2.2,1.7,2.17,2022-23,Serie A,2.06229,1.93052,1737.72143555,,,4.585079190790597,5.38232956273773,13.817088995820589,13.62652979958267,2.034,1.986,1.986,2.034,3.4,3.4,4.6,4.8,5.0,5.8,15.2,12.6,49.2,48.4,1.8,2.4,11.0,15.0,,
2022-11-13,Monza,Salernitana,3,0,H,2,0,H,19,5,7,0,6,1,9,11,14:00,-0.25,1.82,2.08,1.84,2.1,2.22,3.68,3.82,2.1,3.39,3.63,0,2,0,1,2.15,3.25,3.6,2.05,3.25,3.75,2.15,3.4,3.5,2.15,3.39,3.81,1.9,2.0,1.89,2.02,1.85,1.96,2022-23,Serie A,3.0821,0.218377,1531.22839355,1528.49841309,2.729980459999979,4.064471879286694,3.900202103419535,11.862825788751715,8.342549622961181,1.466,0.706,0.706,1.466,2.6,0.8,4.2,3.0,5.2,2.2,12.4,6.8,58.2,40.8,1.4,4.2,11.2,11.0,,
2022-11-13,Roma,Torino,1,1,D,0,0,D,13,10,4,2,7,0,13,10,14:00,-0.5,1.95,1.95,1.95,1.97,1.97,3.61,4.6,1.92,3.44,4.28,3,2,0,0,1.9,3.4,4.33,1.88,3.5,4.2,1.95,3.45,4.2,1.95,3.49,4.46,2.2,1.66,2.27,1.7,2.19,1.68,2022-23,Serie A,1.34528,0.847683,1737.06298828,1632.22766113,104.83532715,6.010804162730358,2.99660578619381,13.377582370908204,11.05700459331296,0.994,1.346,1.346,0.994,1.0,1.6,4.4,3.2,3.0,4.4,10.2,13.8,47.8,51.0,2.0,3.2,14.0,15.0,,
2023-01-04,Udinese,Empoli,1,1,D,0,1,A,21,6,3,1,8,1,15,14,19:45,-1.0,2.05,1.85,2.05,1.88,1.68,4.2,6.4,1.62,3.96,5.69,2,3,0,1,1.6,4.2,5.75,1.62,4.1,5.0,1.63,4.1,5.25,1.65,3.92,6.19,1.67,2.2,1.74,2.2,1.69,2.19,2022-23,Serie A,1.31671,0.660856,1668.19116211,1558.17126465,110.01989746000004,4.792332637586536,2.7970382187504574,14.64610960284464,8.842886647433499,1.728,0.424,0.424,1.728,1.8,0.4,5.8,1.8,4.8,1.6,16.4,7.0,56.2,40.4,1.4,3.2,12.0,12.0,,
2023-01-04,Inter,Napoli,1,0,H,0,0,D,6,9,1,2,5,4,12,7,19:45,-0.25,2.0,1.9,2.03,1.89,2.37,3.7,3.3,2.3,3.44,3.12,3,2,0,0,2.25,3.4,3.1,2.2,3.5,3.1,2.3,3.45,3.05,2.36,3.46,3.23,1.73,2.1,1.71,2.24,1.69,2.19,2022-23,Serie A,1.4695,1.09463,,1903.57458496,,4.8571659004450005,3.354735106261594,15.787891458242145,12.21402955670349,1.746,2.136,2.136,1.746,2.4,3.0,4.2,3.4,5.4,3.2,12.6,14.6,52.8,62.4,2.4,1.0,9.8,9.2,,
2023-01-04,Fiorentina,Monza,1,1,D,1,0,H,22,10,6,3,9,1,11,13,17:30,-0.75,1.92,1.98,1.93,1.99,1.77,4.04,5.1,1.72,3.88,4.85,1,3,0,0,1.7,3.8,4.75,1.72,3.75,4.75,1.73,3.85,4.8,1.74,4.02,5.04,1.91,1.99,1.92,1.98,1.88,1.94,2022-23,Serie A,1.48692,1.54126,1647.15161133,1542.9979248,104.15368652999996,5.042660295578342,4.028806584362141,16.486428864937704,10.930041152263376,2.124,1.454,1.454,2.124,3.2,1.6,5.8,3.4,6.2,4.2,18.0,11.6,56.8,53.0,2.2,4.4,13.4,12.4,,
2023-01-04,Cremonese,Juventus,0,1,A,0,0,D,13,19,3,8,3,8,12,12,17:30,0.75,1.98,1.92,1.98,1.94,5.6,4.0,1.76,5.14,3.81,1.7,5,3,0,0,4.75,3.8,1.67,5.25,3.7,1.68,5.25,3.8,1.7,5.28,3.85,1.74,2.02,1.88,2.05,1.87,1.98,1.85,2022-23,Serie A,0.698907,1.61459,1472.49645996,1769.98718262,-297.4907226600001,4.334705075445817,4.63063963812905,12.213991769547324,11.243704010693293,0.93,1.372,1.372,0.93,0.2,1.4,4.2,6.0,5.4,6.0,12.8,13.6,42.8,52.8,3.6,2.6,12.8,11.0,,
2023-01-04,Roma,Bologna,1,0,H,1,0,H,14,10,4,2,3,3,10,10,15:30,-0.75,1.82,2.08,1.83,2.11,1.67,4.08,6.0,1.63,3.87,5.72,2,3,0,0,1.6,3.8,5.5,1.63,3.6,6.0,1.63,3.8,5.75,1.65,3.96,5.96,2.0,1.8,2.09,1.83,2.04,1.79,2022-23,Serie A,2.08071,0.752989,1733.00036621,1607.06994629,125.93041992000008,6.340536108486906,4.041672397127128,13.25172158060547,11.085569699718569,0.994,1.22,1.22,0.994,1.0,1.6,4.4,4.0,3.0,4.0,10.2,12.4,47.8,50.0,2.0,3.4,14.0,13.2,,
2023-01-04,Lecce,Lazio,2,1,H,0,1,A,11,8,4,2,4,3,16,13,15:30,0.25,2.08,1.82,2.12,1.83,3.91,3.44,2.2,3.72,3.26,2.13,3,2,0,0,3.6,3.3,2.05,3.7,3.2,2.1,3.65,3.25,2.15,3.91,3.35,2.13,2.3,1.62,2.36,1.65,2.3,1.63,2022-23,Serie A,1.17761,0.706207,1544.05993652,1723.61303711,-179.55310059,4.469135802469136,4.963419712051394,9.589849108367629,9.871414163391597,1.032,1.084,1.084,1.032,2.0,1.0,5.0,4.4,3.6,2.0,10.8,9.4,38.4,52.6,3.0,2.4,13.8,10.8,,
2023-01-04,Sassuolo,Sampdoria,1,2,A,0,2,A,16,9,4,4,9,1,16,19,11:30,-0.75,1.98,1.92,2.01,1.92,1.81,3.91,4.9,1.76,3.75,4.73,2,3,0,0,1.73,3.75,4.75,1.75,3.6,4.8,1.75,3.7,4.6,1.78,3.89,4.86,1.96,1.94,1.98,1.93,1.93,1.89,2022-23,Serie A,1.44975,0.851384,1624.14086914,1504.27612305,119.86474608999993,3.7877477356207776,2.9958544705914214,13.651247705446846,9.913625644847144,1.268,0.908,0.908,1.268,1.2,1.0,5.8,2.2,4.4,4.2,14.4,10.6,53.6,45.4,2.4,3.8,13.6,16.8,,
2023-01-04,Salernitana,Milan,1,2,A,0,2,A,8,16,1,10,6,2,21,13,11:30,1.25,1.83,2.07,1.81,2.12,7.3,4.7,1.53,6.87,4.47,1.48,4,1,0,0,7.0,4.33,1.45,6.5,4.33,1.49,6.5,4.5,1.47,6.95,4.56,1.51,1.73,2.1,1.76,2.16,1.74,2.11,2022-23,Serie A,,,1516.72888184,1838.63452148,-321.9056396400001,3.2617365469444795,3.885777508150828,13.09946288482906,15.267484542751014,1.12,1.628,1.628,1.12,1.2,3.4,3.8,2.8,2.6,4.0,12.0,14.4,43.6,60.8,4.4,1.6,12.6,12.0,,
2023-01-04,Torino,Verona,1,1,D,0,1,A,9,10,3,2,6,3,7,17,13:30,-0.5,1.85,2.05,1.85,2.08,1.9,3.82,4.7,1.85,3.6,4.42,1,1,0,0,1.83,3.4,4.5,1.83,3.6,4.33,1.85,3.55,4.4,1.85,3.69,4.68,2.07,1.83,2.05,1.87,2.0,1.82,2022-23,Serie A,0.468743,1.41144,1636.2902832,1548.85168457,87.43859862999989,4.619015679298217,4.143663317107522,10.821233863471184,9.92108861553922,0.634,,,0.634,0.8,,5.2,,3.4,,10.0,,56.2,,2.6,,11.2,,,
2023-01-04,Spezia,Atalanta,2,2,D,2,0,H,7,19,3,3,3,8,11,11,13:30,0.75,2.0,1.9,1.99,1.93,5.0,4.22,1.75,4.74,4.0,1.71,3,3,0,0,4.75,3.8,1.67,4.75,3.8,1.7,4.7,3.95,1.7,4.84,4.15,1.74,1.73,2.1,1.75,2.18,1.73,2.13,2022-23,Serie A,1.39353,1.80642,1515.81066895,1731.09973145,-215.2890625,6.221728261344742,3.200887260507249,14.227792751074372,12.792124766626117,1.49,1.866,1.866,1.49,2.4,2.4,5.6,3.2,5.2,5.0,12.6,13.4,48.8,52.8,2.2,1.4,13.6,12.6,,
2023-01-07,Fiorentina,Sassuolo,2,1,H,0,0,D,14,17,5,4,6,3,14,9,14:00,-0.75,1.92,1.98,1.95,1.97,1.78,4.1,5.0,1.72,3.95,4.75,4,3,0,0,1.7,3.8,5.0,1.73,3.9,4.5,1.7,3.9,4.7,1.75,4.03,4.88,1.73,2.1,1.78,2.14,1.77,2.07,2022-23,Serie A,3.08538,1.75424,1643.29467773,1612.21606445,31.078613280000127,6.361773530385562,5.125628409184339,18.32428590995847,10.75757503254486,2.124,0.97,0.97,2.124,3.2,1.2,5.8,4.6,6.2,3.4,18.0,11.2,56.8,46.6,2.2,1.4,13.4,8.0,,
2023-01-07,Juventus,Udinese,1,0,H,0,0,D,14,11,4,3,6,4,16,13,17:00,-0.75,2.01,1.89,2.02,1.91,1.84,4.0,4.99,1.78,3.75,4.66,1,2,0,0,1.75,3.8,4.5,1.77,3.7,4.6,1.77,3.75,4.5,1.78,3.84,4.99,2.01,1.89,2.01,1.9,1.95,1.88,2022-23,Serie A,2.59304,0.306949,1772.6262207,1664.19152832,108.43469237999987,3.371400589654102,3.080629012163374,14.207086153367523,12.035835580844129,2.052,0.744,0.744,2.052,3.8,0.8,3.6,2.8,5.8,2.8,14.6,11.2,45.8,48.2,3.0,3.0,13.2,11.6,,
2023-01-07,Monza,Inter,2,2,D,1,2,A,13,11,4,3,3,5,14,20,19:45,1.0,1.96,1.94,1.95,1.97,6.0,4.6,1.61,5.62,4.39,1.56,0,3,0,0,5.75,4.33,1.55,5.5,4.33,1.57,5.75,4.4,1.55,5.76,4.48,1.59,1.67,2.2,1.69,2.29,1.67,2.23,2022-23,Serie A,1.4187,1.61501,1546.85473633,,,4.709647919524463,4.921553041825153,14.241883859167812,13.751019866388448,1.466,1.986,1.986,1.466,2.6,3.4,4.2,4.8,5.2,5.8,12.4,12.6,58.2,48.4,1.4,2.4,11.2,15.0,,
2023-01-08,Salernitana,Torino,1,1,D,0,1,A,11,23,4,8,6,7,10,15,11:30,0.25,2.07,1.83,2.07,1.86,3.83,3.36,2.21,3.67,3.26,2.15,2,3,0,0,3.7,3.2,2.15,3.5,3.2,2.15,3.6,3.25,2.15,3.83,3.29,2.19,2.2,1.67,2.2,1.74,2.16,1.7,2022-23,Serie A,0.58108,2.37677,1514.47180176,1632.85046387,-118.37866211000004,4.17449103129632,1.9977371907958736,11.399641923219374,10.704669728875308,1.12,1.346,1.346,1.12,1.2,1.6,3.8,3.2,2.6,4.4,12.0,13.8,43.6,51.0,4.4,3.2,12.6,15.0,,
2023-01-08,Lazio,Empoli,2,2,D,1,0,H,18,5,4,2,10,3,17,10,14:00,-1.0,1.92,1.98,1.93,2.0,1.59,4.5,6.23,1.55,4.32,5.94,4,1,0,0,1.53,4.2,6.0,1.55,4.33,5.5,1.55,4.3,6.0,1.56,4.45,6.23,1.73,2.1,1.76,2.16,1.74,2.12,2022-23,Serie A,1.31242,0.59916,1712.14941406,1562.17089844,149.97851562000005,4.346936328452762,2.198025479166972,11.75671870861708,7.895257764955667,1.488,0.424,0.424,1.488,1.8,0.4,5.6,1.8,4.0,1.6,12.8,7.0,55.6,40.4,1.2,3.2,10.6,12.0,,
2023-01-08,Spezia,Lecce,0,0,D,0,0,D,10,15,2,4,5,7,14,15,14:00,0.0,1.83,2.07,1.85,2.09,2.72,3.23,3.1,2.62,3.08,2.95,0,1,0,0,2.6,3.1,2.9,2.55,3.1,2.85,2.6,3.1,2.9,2.7,3.09,3.05,2.2,1.67,2.2,1.74,2.2,1.69,2022-23,Serie A,0.657345,0.956499,1520.53112793,1555.52355957,-34.99243164000018,5.147818840896496,2.2880658436214,11.818528500716251,9.560585276634662,1.49,0.63,0.63,1.49,2.4,1.0,5.6,3.4,5.2,3.8,12.6,9.8,48.8,41.6,2.2,3.0,13.6,15.4,,
2023-01-08,Sampdoria,Napoli,0,2,A,0,1,A,9,24,2,8,2,5,15,12,17:00,1.25,2.01,1.89,2.03,1.9,8.94,5.1,1.44,8.2,4.82,1.4,3,2,1,0,8.0,4.75,1.4,7.5,4.75,1.42,7.75,4.8,1.4,8.94,5.04,1.4,1.73,2.1,1.79,2.13,1.76,2.09,2022-23,Serie A,0.384407,3.41709,1516.20092773,1895.03173828,-378.8308105499998,5.3203562335173755,3.5698234041743966,10.25947909311822,11.142686371135662,0.478,2.136,2.136,0.478,0.4,3.0,4.2,3.4,4.4,3.2,9.0,14.6,49.8,62.4,2.8,1.0,15.0,9.2,,
2023-01-08,Milan,Roma,2,2,D,1,0,H,12,12,5,3,3,4,19,13,19:45,-0.5,1.85,2.05,1.89,2.04,1.91,3.78,4.65,1.87,3.59,4.35,4,7,0,0,1.83,3.6,4.33,1.85,3.5,4.33,1.85,3.55,4.3,1.89,3.66,4.5,2.09,1.81,2.11,1.8,2.06,1.79,2022-23,Serie A,,,1840.89160156,1737.1739502,103.71765136,4.603313883852453,3.2286089930454778,16.727604443075517,10.892038748002133,1.6,1.562,1.562,1.6,3.2,3.2,4.4,2.8,4.4,3.4,16.0,10.8,51.8,48.6,3.4,2.6,13.8,13.8,,
2023-01-09,Verona,Cremonese,2,0,H,2,0,H,9,15,4,5,3,5,16,11,17:30,-0.5,2.07,1.83,2.09,1.85,2.12,3.51,4.0,2.08,3.38,3.73,3,4,0,0,2.05,3.3,3.8,2.1,3.4,3.5,2.1,3.35,3.65,2.09,3.39,4.0,1.94,1.96,1.96,1.94,1.91,1.91,2022-23,Serie A,1.92775,0.810314,1552.29162598,1469.85742188,82.43420409999999,3.980086181531747,6.290352080475539,14.39006423071111,15.731595793324187,,1.556,1.556,,,2.4,,6.4,,7.2,,16.6,,48.6,,2.0,,12.2,,
2023-01-09,Bologna,Atalanta,1,2,A,1,0,H,12,7,3,3,4,0,16,15,19:45,0.25,2.01,1.89,2.01,1.92,3.66,3.7,2.22,3.42,3.44,2.16,3,2,0,0,3.4,3.4,2.15,3.4,3.4,2.1,3.4,3.4,2.15,3.48,3.51,2.22,1.92,1.98,1.91,2.0,1.88,1.94,2022-23,Serie A,0.386319,0.685431,1602.89624023,1726.37915039,-123.48291015999985,4.460259593668285,4.800591507004833,10.033206962955829,14.861416511084077,1.182,1.866,1.866,1.182,2.0,2.4,4.4,3.2,3.8,5.0,9.6,13.4,52.8,52.8,2.2,1.4,14.2,12.6,,
2023-01-13,Napoli,Juventus,5,1,H,2,1,H,14,11,10,2,2,5,10,9,19:45,-0.5,1.98,1.95,1.99,1.93,2.03,3.62,4.25,1.96,3.49,4.06,0,1,0,0,1.91,3.5,4.0,1.95,3.5,3.9,1.95,3.5,3.95,1.99,3.54,4.2,2.06,1.84,2.09,1.81,2.04,1.8,2022-23,Serie A,2.23581,0.962617,1897.31225586,1777.18786621,120.12438965,6.3196982465991205,5.7537597587527,18.45365445255663,13.829136007128865,2.07,1.372,1.372,2.07,3.4,1.4,5.8,6.0,6.4,6.0,19.2,13.6,62.6,52.8,2.4,2.6,9.0,11.0,,
2023-01-14,Cremonese,Monza,2,3,A,0,2,A,11,8,7,3,4,2,12,12,14:00,0.0,2.09,1.84,2.07,1.86,2.94,3.5,2.61,2.86,3.32,2.54,2,4,0,0,2.8,3.3,2.55,2.75,3.3,2.55,2.85,3.3,2.55,2.91,3.39,2.61,2.0,1.8,2.08,1.82,2.05,1.79,2022-23,Serie A,0.456418,2.49329,1462.52990723,1553.29858398,-90.76867675000015,3.8898033836305457,3.019204389574761,12.475994513031551,10.620027434842251,0.93,1.454,1.454,0.93,0.2,1.6,4.2,3.4,5.4,4.2,12.8,11.6,42.8,53.0,3.6,4.4,12.8,12.4,,
2023-01-14,Lecce,Milan,2,2,D,2,0,H,17,12,3,5,8,4,11,12,17:00,0.75,2.05,1.75,2.12,1.83,6.2,4.15,1.68,5.82,3.95,1.61,1,2,0,0,5.75,3.8,1.62,5.5,4.0,1.6,5.75,3.9,1.6,6.08,4.01,1.64,2.03,1.87,2.06,1.85,1.99,1.84,2022-23,Serie A,,,1555.62463379,1837.0123291,-281.38769531,4.312757201646091,3.2571850054338856,10.05989940557842,15.51165636183401,1.032,1.628,1.628,1.032,2.0,3.4,5.0,2.8,3.6,4.0,10.8,14.4,38.4,60.8,3.0,1.6,13.8,12.0,,
2023-01-14,Inter,Verona,1,0,H,1,0,H,11,6,3,1,3,4,11,13,19:45,-1.75,2.02,1.77,2.09,1.83,1.32,6.3,11.0,1.29,5.93,9.79,0,3,0,0,1.3,5.5,9.5,1.28,6.0,9.75,1.3,6.0,9.5,1.31,6.24,9.9,1.53,2.5,1.53,2.67,1.51,2.57,2022-23,Serie A,0.608402,0.183795,,1559.61901855,,4.904777266963334,3.762442211405015,12.52526097216143,9.94739241035948,1.746,,,1.746,2.4,,4.2,,5.4,,12.6,,52.8,,2.4,,9.8,,,
2023-01-15,Sassuolo,Lazio,0,2,A,0,1,A,12,12,2,3,7,3,17,10,11:30,0.25,1.99,1.94,2.0,1.93,3.32,3.85,2.25,3.19,3.63,2.19,5,3,0,0,3.2,3.5,2.2,3.1,3.6,2.2,3.15,3.55,2.2,3.29,3.76,2.21,1.8,2.0,1.81,2.11,1.78,2.06,2022-23,Serie A,0.701271,2.79068,1606.02636719,1707.20068359,-101.17431639999997,5.525165157080519,4.30894647470093,14.434165136964566,9.247609442261066,1.268,1.084,1.084,1.268,1.2,1.0,5.8,4.4,4.4,2.0,14.4,9.4,53.6,52.6,2.4,2.4,13.6,10.8,,
2023-01-15,Torino,Spezia,0,1,A,0,1,A,11,13,4,5,7,2,13,12,14:00,-0.75,1.85,2.08,1.84,2.1,1.7,4.05,6.0,1.65,3.88,5.56,3,3,0,0,1.62,3.8,5.5,1.63,3.9,5.5,1.65,3.85,5.5,1.65,3.97,5.96,2.07,1.83,2.08,1.83,2.03,1.81,2022-23,Serie A,0.944969,1.56177,1630.59106445,1520.43005371,110.16101073999994,5.0793437861988116,7.2098978540459555,10.21415590898079,13.194965761853288,0.634,1.08,1.08,0.634,0.8,0.8,5.2,6.2,3.4,4.8,10.0,13.2,56.2,47.6,2.6,4.2,11.2,14.8,,
2023-01-15,Udinese,Bologna,1,2,A,1,0,H,20,15,4,2,6,4,10,17,14:00,-0.5,1.98,1.92,1.98,1.94,2.01,3.74,4.34,1.97,3.45,4.04,1,3,0,0,1.91,3.4,4.2,2.0,3.4,3.8,1.97,3.45,3.9,1.98,3.48,4.34,2.0,1.9,2.01,1.89,1.96,1.87,2022-23,Serie A,2.44779,1.96519,1659.63000488,1597.14147949,62.48852538999995,5.861555091724357,3.694448264751419,16.764073068563093,10.723713133145711,1.728,1.22,1.22,1.728,1.8,1.6,5.8,4.0,4.8,4.0,16.4,12.4,56.2,50.0,1.4,3.4,12.0,13.2,,
2023-01-15,Atalanta,Salernitana,8,2,H,5,1,H,19,7,13,2,5,2,10,12,17:00,-1.25,1.84,2.09,1.87,2.07,1.42,5.3,8.5,1.39,5.1,7.81,1,0,0,0,1.4,5.0,7.0,1.4,5.0,7.25,1.4,5.25,7.5,1.41,5.26,8.04,1.57,2.38,1.61,2.45,1.59,2.37,2022-23,Serie A,3.21868,0.535222,1732.1340332,1516.7310791,215.4029541,4.723386127193732,2.933468068946357,15.544725997213725,7.228366415307455,2.034,0.706,0.706,2.034,3.4,0.8,4.6,3.0,5.0,2.2,15.2,6.8,49.2,40.8,1.8,4.2,11.0,11.0,,
2023-01-15,Roma,Fiorentina,2,0,H,1,0,H,10,7,4,3,5,9,15,12,19:45,-0.5,2.01,1.92,2.02,1.91,2.05,3.7,4.0,2.0,3.51,3.83,3,4,0,1,1.95,3.5,4.0,2.05,3.4,3.6,2.0,3.45,3.8,2.02,3.62,3.98,2.0,1.8,2.09,1.82,2.04,1.79,2022-23,Serie A,1.21585,0.377978,1741.05310059,1649.48449707,91.5686035199999,5.227024072324604,5.972080807694067,13.501147720403647,12.54615547044654,0.994,0.906,0.906,0.994,1.0,0.8,4.4,6.6,3.0,4.6,10.2,12.0,47.8,51.8,2.0,2.2,14.0,14.2,,
2023-01-16,Empoli,Sampdoria,1,0,H,0,0,D,16,16,5,7,3,3,15,16,19:45,-0.25,1.92,2.01,1.93,1.99,2.32,3.22,3.81,2.25,3.1,3.58,5,6,0,0,2.2,3.2,3.5,2.2,3.1,3.4,2.25,3.15,3.45,2.29,3.11,3.79,2.2,1.67,2.26,1.7,2.2,1.68,2022-23,Serie A,1.95693,1.17611,1567.11962891,1513.92041016,53.19921875,4.160566965232114,2.330569647060948,14.148641667025906,9.60908376323143,1.584,0.908,0.908,1.584,2.4,1.0,3.8,2.2,3.4,4.2,14.0,10.6,46.8,45.4,4.6,3.8,12.4,16.8,,
2023-01-21,Verona,Lecce,2,0,H,1,0,H,11,9,4,3,5,4,15,12,14:00,-0.25,2.02,1.88,2.07,1.86,2.51,3.2,3.47,2.41,3.05,3.31,3,0,0,0,2.38,3.1,3.2,2.37,3.1,3.2,2.4,3.1,3.2,2.46,3.07,3.44,2.38,1.57,2.41,1.63,2.35,1.6,2022-23,Serie A,0.625033,0.835357,1557.79663086,1561.6607666,-3.864135739999938,3.653390787687832,3.8587105624142666,12.593376153807409,11.373723517756442,,0.63,0.63,,,1.0,,3.4,,3.8,,9.8,,41.6,,3.0,,15.4,,
2023-01-21,Salernitana,Napoli,0,2,A,0,1,A,5,9,2,4,3,4,14,15,17:00,1.5,2.0,1.9,2.0,1.93,10.18,6.0,1.34,9.41,5.67,1.31,2,2,0,0,9.5,5.75,1.29,9.25,6.0,1.29,9.5,5.75,1.3,9.36,5.7,1.34,1.53,2.5,1.59,2.49,1.55,2.45,2022-23,Serie A,0.480227,1.82215,1510.25183105,1905.87805176,-395.6262207100001,4.782994020864214,4.046548936116265,11.266427948812916,15.428457580757108,1.12,2.136,2.136,1.12,1.2,3.0,3.8,3.4,2.6,3.2,12.0,14.6,43.6,62.4,4.4,1.0,12.6,9.2,,
2023-01-21,Fiorentina,Torino,0,1,A,0,1,A,19,9,5,3,5,3,9,23,19:45,-0.25,1.81,2.09,1.85,2.09,2.21,3.5,3.8,2.13,3.35,3.61,2,2,0,0,2.1,3.3,3.6,2.05,3.4,3.6,2.15,3.3,3.55,2.16,3.4,3.77,2.2,1.67,2.23,1.72,2.2,1.68,2022-23,Serie A,1.02747,0.770286,1642.53442383,1618.60852051,23.92590331999986,6.241182353590375,3.665158127197249,16.882857273305646,14.803113152583538,2.124,1.346,1.346,2.124,3.2,1.6,5.8,3.2,6.2,4.4,18.0,13.8,56.8,51.0,2.2,3.2,13.4,15.0,,
2023-01-22,Spezia,Roma,0,2,A,0,1,A,8,13,0,3,4,0,17,11,17:00,0.5,2.06,1.84,2.09,1.85,4.88,3.8,1.86,4.53,3.61,1.82,3,1,0,0,4.75,3.5,1.83,4.4,3.6,1.8,4.4,3.6,1.83,4.73,3.67,1.85,2.06,1.84,2.1,1.81,2.04,1.8,2022-23,Serie A,0.227346,1.9435,1532.41259766,1748.00317383,-215.59057616999985,5.098545893930997,3.4857393286969858,11.212352333810834,11.261359165334756,1.49,1.562,1.562,1.49,2.4,3.2,5.6,2.8,5.2,3.4,12.6,10.8,48.8,48.6,2.2,2.6,13.6,13.8,,
2023-01-22,Juventus,Atalanta,3,3,D,2,1,H,15,14,8,4,6,4,9,6,19:45,-0.25,1.85,2.05,1.88,2.04,2.2,3.6,3.62,2.13,3.44,3.51,1,2,0,0,2.1,3.4,3.5,2.1,3.5,3.5,2.15,3.45,3.45,2.2,3.47,3.57,2.05,1.85,2.07,1.85,2.0,1.83,2022-23,Serie A,1.91809,1.16585,1768.62207031,1738.61328125,30.008789060000023,4.247600393102735,3.200394338003222,14.13805743557835,12.24094434072272,2.052,1.866,1.866,2.052,3.8,2.4,3.6,3.2,5.8,5.0,14.6,13.4,45.8,52.8,3.0,1.4,13.2,12.6,,
2023-01-22,Monza,Sassuolo,1,1,D,0,1,A,14,13,3,1,10,4,17,18,14:00,-0.25,1.91,1.99,1.93,1.99,2.35,3.55,3.54,2.22,3.41,3.33,2,2,0,0,2.2,3.4,3.3,2.2,3.5,3.2,2.2,3.45,3.2,2.25,3.45,3.47,1.8,2.0,1.83,2.08,1.79,2.05,2022-23,Serie A,0.965924,1.70695,1560.06616211,1597.17919922,-37.11303711000005,4.139765279682976,4.4170856061228925,13.827922572778544,12.838383355029908,1.466,0.97,0.97,1.466,2.6,1.2,4.2,4.6,5.2,3.4,12.4,11.2,58.2,46.6,1.4,1.4,11.2,8.0,,
2023-01-22,Sampdoria,Udinese,0,1,A,0,0,D,9,14,1,5,6,6,15,17,11:30,0.25,2.04,1.86,2.08,1.85,3.74,3.5,2.2,3.58,3.33,2.15,3,1,0,0,3.6,3.25,2.15,3.6,3.3,2.1,3.5,3.3,2.15,3.74,3.4,2.17,2.1,1.73,2.17,1.76,2.15,1.72,2022-23,Serie A,1.60507,1.57295,1508.20959473,1648.91894531,-140.7093505800001,4.213570822344917,3.387086008108916,9.83965272874548,11.690557053896086,0.478,0.744,0.744,0.478,0.4,0.8,4.2,2.8,4.4,2.8,9.0,11.2,49.8,48.2,2.8,3.0,15.0,11.6,,
2023-01-23,Bologna,Cremonese,1,1,D,0,0,D,21,9,8,2,4,1,11,13,17:30,-0.5,1.94,1.96,1.95,1.97,2.05,3.5,4.7,1.94,3.34,4.33,2,5,0,0,1.91,3.4,4.33,1.93,3.4,4.1,1.95,3.4,4.1,1.95,3.37,4.68,2.1,1.73,2.11,1.8,2.1,1.75,2022-23,Serie A,0.850469,1.79982,1607.85241699,1455.7623291,152.09008788999995,4.30683972911219,5.860234720317026,10.688804641970552,15.487730528882794,1.182,1.556,1.556,1.182,2.0,2.4,4.4,6.4,3.8,7.2,9.6,16.6,52.8,48.6,2.2,2.0,14.2,12.2,,
2023-01-23,Inter,Empoli,0,1,A,0,0,D,16,13,1,8,2,3,13,16,19:45,-1.5,1.77,2.02,1.83,2.08,1.31,6.3,11.71,1.28,5.91,10.24,4,3,1,0,1.29,6.0,9.5,1.28,5.75,10.0,1.3,6.0,10.0,1.3,6.08,10.1,1.57,2.38,1.6,2.44,1.57,2.38,2022-23,Serie A,1.39728,0.854487,,1572.83044434,,4.2698515113088895,2.465350319444648,12.01684064810762,6.9301718433037784,1.746,0.424,0.424,1.746,2.4,0.4,4.2,1.8,5.4,1.6,12.6,7.0,52.8,40.4,2.4,3.2,9.8,12.0,,
2023-01-24,Lazio,Milan,4,0,H,2,0,H,10,10,5,3,3,4,14,11,19:45,0.25,1.91,1.99,1.88,1.96,3.51,3.65,2.34,3.17,3.45,2.27,1,2,0,0,3.2,3.4,2.25,3.1,3.4,2.25,3.1,3.4,2.3,3.18,3.37,2.28,1.92,1.98,1.89,1.93,1.88,1.94,2022-23,Serie A,,,1716.04772949,1830.97619629,-114.92846680000002,6.231290885635175,3.504790003622591,13.837812472411386,14.341104241222675,1.488,1.628,1.628,1.488,1.8,3.4,5.6,2.8,4.0,4.0,12.8,14.4,55.6,60.8,1.2,1.6,10.6,12.0,,
2023-01-27,Bologna,Spezia,2,0,H,1,0,H,18,6,6,4,5,5,8,16,17:30,-0.5,1.87,2.03,1.9,2.03,1.98,3.55,4.92,1.89,3.4,4.57,2,2,0,0,1.85,3.4,4.5,1.88,3.4,4.33,1.95,3.35,4.3,1.9,3.47,4.8,2.2,1.67,2.24,1.71,2.19,1.7,2022-23,Serie A,1.86506,0.485936,1602.84387207,1526.80358887,76.04028319999998,4.204559819408127,5.473265236030638,14.125869761313702,13.12997717456886,1.182,1.08,1.08,1.182,2.0,0.8,4.4,6.2,3.8,4.8,9.6,13.2,52.8,47.6,2.2,4.2,14.2,14.8,,
2023-01-27,Lecce,Salernitana,1,2,A,1,2,A,15,10,5,6,4,4,14,11,19:45,-0.5,1.83,2.07,1.85,2.09,1.88,3.68,5.01,1.83,3.51,4.74,2,4,0,0,1.8,3.4,4.75,1.88,3.4,4.33,1.8,3.45,4.8,1.85,3.52,5.01,2.2,1.67,2.21,1.74,2.15,1.72,2022-23,Serie A,1.3906,0.767336,1551.5625,1508.17944336,43.38305663999995,5.541838134430728,2.622312045964238,12.373266270385614,7.152244276871637,1.032,0.706,0.706,1.032,2.0,0.8,5.0,3.0,3.6,2.2,10.8,6.8,38.4,40.8,3.0,4.2,13.8,11.0,,
2023-01-28,Empoli,Torino,2,2,D,1,0,H,11,16,4,4,5,5,12,9,14:00,0.25,1.82,2.08,1.85,2.08,3.5,3.15,2.56,3.24,3.06,2.44,2,0,0,0,3.25,3.1,2.4,3.1,3.1,2.4,3.15,3.1,2.45,3.36,3.15,2.46,2.2,1.67,2.31,1.68,2.25,1.66,2022-23,Serie A,0.785973,1.26398,1587.95129395,1628.33850098,-40.3872070299999,3.773711310154743,3.443438751464833,14.765761111350606,12.86874210172236,1.584,1.346,1.346,1.584,2.4,1.6,3.8,3.2,3.4,4.4,14.0,13.8,46.8,51.0,4.6,3.2,12.4,15.0,,
2023-01-28,Cremonese,Inter,1,2,A,1,1,D,12,30,4,10,2,14,7,12,17:00,1.0,2.08,1.82,2.1,1.84,6.9,4.7,1.55,6.45,4.5,1.5,0,2,0,0,6.5,4.33,1.5,6.0,4.5,1.51,6.25,4.5,1.5,6.88,4.57,1.51,1.67,2.2,1.73,2.22,1.68,2.21,2022-23,Serie A,0.723453,2.37567,1460.77099609,,,3.92653558908703,4.947702027883436,11.983996342021037,12.834013244258966,0.93,1.986,1.986,0.93,0.2,3.4,4.2,4.8,5.4,5.8,12.8,12.6,42.8,48.4,3.6,2.4,12.8,15.0,,
2023-01-28,Atalanta,Sampdoria,2,0,H,1,0,H,21,15,5,5,7,4,17,11,19:45,-1.5,2.01,1.89,2.03,1.9,1.37,5.5,10.5,1.34,5.25,9.22,0,2,0,0,1.33,5.25,9.0,1.35,5.0,9.0,1.33,5.25,9.0,1.37,5.37,9.21,1.67,2.2,1.71,2.25,1.7,2.18,2022-23,Serie A,1.82577,0.960106,1740.6262207,1502.65979004,237.96643066,4.815590751462488,2.553713098040632,16.696483998142483,11.73938917548762,2.034,0.908,0.908,2.034,3.4,1.0,4.6,2.2,5.0,4.2,15.2,10.6,49.2,45.4,1.8,3.8,11.0,16.8,,
2023-01-29,Lazio,Fiorentina,1,1,D,1,0,H,13,17,1,6,3,4,12,17,17:00,-0.25,1.75,2.05,1.82,2.12,2.2,3.45,3.95,2.11,3.33,3.72,2,3,0,0,2.1,3.4,3.6,2.05,3.4,3.6,2.1,3.35,3.6,2.13,3.37,3.9,2.04,1.86,2.04,1.88,1.98,1.85,2022-23,Serie A,1.25871,1.27234,1736.01843262,1632.80444336,103.21398926000006,5.154193923756784,6.981387205129378,12.558541648274256,10.697436980297695,1.488,0.906,0.906,1.488,1.8,0.8,5.6,6.6,4.0,4.6,12.8,12.0,55.6,51.8,1.2,2.2,10.6,14.2,,
2023-01-29,Napoli,Roma,2,1,H,1,0,H,11,11,6,3,3,8,8,14,19:45,-0.75,1.98,1.92,2.0,1.92,1.79,3.95,5.25,1.74,3.76,4.94,1,2,0,0,1.73,3.6,5.25,1.72,3.75,4.75,1.73,3.7,4.8,1.77,3.83,5.05,2.04,1.86,2.03,1.88,1.98,1.86,2022-23,Serie A,1.00111,0.840248,1907.95043945,1753.61218262,154.33825682999986,4.879798831066081,2.323826219131324,16.96910296837109,11.840906110223171,2.07,1.562,1.562,2.07,3.4,3.2,5.8,2.8,6.4,3.4,19.2,10.8,62.6,48.6,2.4,2.6,9.0,13.8,,
2023-01-29,Juventus,Monza,0,2,A,0,2,A,22,3,8,3,12,1,12,10,14:00,-1.0,1.96,1.94,1.95,1.97,1.58,4.34,7.2,1.55,4.08,6.49,0,2,0,0,1.55,4.0,6.5,1.55,4.0,6.0,1.55,4.1,6.25,1.56,4.12,7.16,1.96,1.94,1.96,1.93,1.92,1.91,2022-23,Serie A,1.37709,1.37396,1766.60913086,1559.95727539,206.6518554700001,4.831733595401824,2.679469593049841,14.4253716237189,9.746684956561502,2.052,1.454,1.454,2.052,3.8,1.6,3.6,3.4,5.8,4.2,14.6,11.6,45.8,53.0,3.0,4.4,13.2,12.4,,
2023-01-29,Milan,Sassuolo,2,5,A,1,3,A,10,9,5,7,2,3,13,8,11:30,-1.25,2.07,1.83,2.08,1.85,1.54,4.92,6.5,1.49,4.71,6.15,7,4,0,0,1.5,4.5,6.5,1.5,4.75,5.75,1.5,4.7,5.75,1.5,4.88,6.45,1.53,2.5,1.55,2.61,1.52,2.53,2022-23,Serie A,,,1811.00549316,1597.28808594,213.71740722000004,4.068875922568303,4.278057070748595,15.15173629538368,12.89225557001994,1.6,0.97,0.97,1.6,3.2,1.2,4.4,4.6,4.4,3.4,16.0,11.2,51.8,46.6,3.4,1.4,13.8,8.0,,
2023-01-30,Udinese,Verona,1,1,D,1,1,D,26,10,8,2,14,6,9,11,19:45,-0.5,1.84,2.06,1.89,2.04,1.89,3.85,4.5,1.84,3.68,4.35,1,3,0,0,1.8,3.75,4.33,1.78,3.8,4.33,1.83,3.7,4.2,1.89,3.67,4.49,1.98,1.92,2.02,1.89,1.94,1.88,2022-23,Serie A,2.4832,0.486279,1654.46887207,1567.89477539,86.57409668000014,5.907703394482905,3.8416281409366766,17.842715379042062,8.631594940239655,1.728,,,1.728,1.8,,5.8,,4.8,,16.4,,56.2,,1.4,,12.0,,,
2023-02-04,Cremonese,Lecce,0,2,A,0,0,D,12,9,3,4,4,8,12,15,14:00,0.0,1.9,2.03,1.9,2.02,2.76,3.3,2.93,2.68,3.1,2.86,1,2,0,0,2.63,3.1,2.8,2.65,3.0,2.85,2.65,3.05,2.85,2.76,3.15,2.93,2.38,1.57,2.45,1.61,2.39,1.59,2022-23,Serie A,0.597112,1.5587,1459.0246582,1541.39624023,-82.37158203000013,3.2843570593913536,3.905807041609512,11.989330894680691,10.582482345170964,0.93,0.63,0.63,0.93,0.2,1.0,4.2,3.4,5.4,3.8,12.8,9.8,42.8,41.6,3.6,3.0,12.8,15.4,,
2023-02-04,Roma,Empoli,2,0,H,2,0,H,12,11,6,2,7,7,10,18,17:00,-1.0,1.89,2.04,1.88,2.04,1.53,4.44,7.5,1.5,4.21,7.13,2,1,0,0,1.5,4.2,6.5,1.5,4.2,6.75,1.5,4.2,7.0,1.52,4.29,7.41,2.03,1.87,2.03,1.88,1.98,1.85,2022-23,Serie A,2.2831,1.42102,1750.03149414,1587.98193359,162.04956055000002,5.151349381549736,2.6435668796297653,12.334098480269098,8.953447895535852,0.994,0.424,0.424,0.994,1.0,0.4,4.4,1.8,3.0,1.6,10.2,7.0,47.8,40.4,2.0,3.2,14.0,12.0,,
2023-02-04,Sassuolo,Atalanta,1,0,H,0,0,D,18,7,8,2,2,7,12,13,19:45,0.5,1.95,1.98,1.96,1.96,3.9,4.02,2.0,3.71,3.82,1.95,5,1,0,2,3.75,3.6,1.91,3.7,3.7,1.95,3.65,3.75,1.95,3.84,3.95,1.96,1.57,2.38,1.63,2.42,1.59,2.39,2022-23,Serie A,1.11218,0.295481,1621.32580566,1743.91137695,-122.58557128999996,6.016776771387013,3.4669295586688147,13.62277675797638,12.82729622714848,1.268,1.866,1.866,1.268,1.2,2.4,5.8,3.2,4.4,5.0,14.4,13.4,53.6,52.8,2.4,1.4,13.6,12.6,,
2023-02-05,Spezia,Napoli,0,3,A,0,0,D,9,12,3,5,3,6,19,18,11:30,1.5,1.87,2.06,1.88,2.06,9.75,5.5,1.4,8.77,5.13,1.36,3,2,0,0,8.0,5.25,1.36,8.25,5.0,1.37,8.25,5.25,1.35,8.83,5.39,1.38,1.67,2.2,1.69,2.29,1.67,2.23,2022-23,Serie A,0.407354,1.80405,1519.40209961,1911.53112793,-392.12902831999986,4.732363929287332,4.03103262407751,10.141568222540556,13.285638387171408,1.49,2.136,2.136,1.49,2.4,3.0,5.6,3.4,5.2,3.2,12.6,14.6,48.8,62.4,2.2,1.0,13.6,9.2,,
2023-02-05,Torino,Udinese,1,0,H,0,0,D,11,11,3,3,6,5,13,8,14:00,-0.25,2.01,1.92,2.02,1.91,2.39,3.3,3.55,2.32,3.18,3.34,1,1,0,0,2.25,3.25,3.3,2.25,3.2,3.3,2.35,3.2,3.2,2.39,3.14,3.51,2.2,1.67,2.24,1.72,2.18,1.7,2022-23,Serie A,1.39626,0.461006,1628.30786133,1651.11291504,-22.80505371000004,5.719562524132542,4.2580573387392775,10.476103939320527,12.460371369264058,0.634,0.744,0.744,0.634,0.8,0.8,5.2,2.8,3.4,2.8,10.0,11.2,56.2,48.2,2.6,3.0,11.2,11.6,,
2023-02-05,Fiorentina,Bologna,1,2,A,1,1,D,18,11,6,7,5,3,10,25,17:00,-0.5,1.86,2.07,1.85,2.09,1.87,3.66,4.86,1.84,3.53,4.6,2,4,0,0,1.83,3.5,4.5,1.8,3.5,4.6,1.83,3.5,4.5,1.85,3.64,4.83,2.0,1.8,2.1,1.81,2.07,1.78,2022-23,Serie A,1.33534,1.82438,1636.66796875,1610.2454834,26.422485349999988,5.827454902393583,3.796298843167613,17.588571515537097,12.14914208876381,2.124,1.22,1.22,2.124,3.2,1.6,5.8,4.0,6.2,4.0,18.0,12.4,56.8,50.0,2.2,3.4,13.4,13.2,,
2023-02-05,Inter,Milan,1,0,H,1,0,H,15,4,4,0,8,0,13,14,19:45,-0.5,2.01,1.92,2.01,1.92,2.05,3.66,4.1,1.99,3.54,3.87,2,5,0,0,1.95,3.5,4.0,2.0,3.4,3.7,1.97,3.55,3.8,2.01,3.61,4.02,1.85,2.05,1.85,2.06,1.83,2.01,2022-23,Serie A,,,,1786.96777344,,3.513234340872593,3.669860002415061,13.344560432071749,12.89406949414845,1.746,1.628,1.628,1.746,2.4,3.4,4.2,2.8,5.4,4.0,12.6,14.4,52.8,60.8,2.4,1.6,9.8,12.0,,
2023-02-06,Monza,Sampdoria,2,2,D,1,1,D,17,11,5,6,9,3,12,12,19:45,-0.5,1.85,2.08,1.85,2.09,1.87,3.62,5.0,1.83,3.5,4.71,2,4,0,0,1.8,3.5,4.75,1.83,3.4,4.5,1.83,3.5,4.6,1.85,3.57,4.96,2.1,1.73,2.16,1.77,2.12,1.74,2022-23,Serie A,2.17396,1.5131,1579.5423584,1499.37463379,80.16772461000005,6.093176853121983,3.035808732027088,13.885281715185696,12.82625945032508,1.466,0.908,0.908,1.466,2.6,1.0,4.2,2.2,5.2,4.2,12.4,10.6,58.2,45.4,1.4,3.8,11.2,16.8,,
2023-02-06,Verona,Lazio,1,1,D,0,1,A,15,9,4,2,6,5,16,12,17:30,0.5,1.87,2.06,1.89,2.03,4.0,3.64,2.07,3.82,3.46,2.02,4,1,0,0,3.6,3.6,2.0,3.9,3.3,2.0,3.75,3.45,2.05,4.0,3.57,2.03,2.0,1.8,2.11,1.8,2.05,1.78,2022-23,Serie A,1.21157,0.755429,1571.25073242,1732.1550293,-160.90429687999995,4.102260525125221,3.872630983133954,12.06225076920494,10.165072961507375,,1.084,1.084,,,1.0,,4.4,,2.0,,9.4,,52.6,,2.4,,10.8,,
2023-02-07,Salernitana,Juventus,0,3,A,0,2,A,10,17,1,5,6,3,9,12,19:45,1.0,2.07,1.86,2.07,1.86,7.5,4.5,1.55,7.07,4.25,1.5,1,1,0,0,7.0,4.2,1.5,7.0,4.1,1.49,6.25,4.1,1.55,7.38,4.32,1.52,2.02,1.88,2.02,1.89,1.97,1.87,2022-23,Serie A,0.516144,2.89699,1518.34570312,1747.02404785,-228.6783447299999,4.188662680576143,5.502506505835134,9.177618632541945,12.886090671419243,1.12,1.372,1.372,1.12,1.2,1.4,3.8,6.0,2.6,6.0,12.0,13.6,43.6,52.8,4.4,2.6,12.6,11.0,,
2023-02-10,Milan,Torino,1,0,H,0,0,D,9,12,4,2,3,8,10,20,19:45,-0.5,1.84,2.09,1.84,2.1,1.9,3.72,5.1,1.83,3.5,4.81,1,4,0,0,1.8,3.5,4.75,1.83,3.4,4.6,1.85,3.4,4.6,1.84,3.56,4.98,2.2,1.67,2.23,1.72,2.18,1.71,2022-23,Serie A,,,1781.05224609,1636.10119629,144.95104979999996,3.3792506150455353,3.962292500976555,13.434490863589122,13.912494734481571,1.6,1.346,1.346,1.6,3.2,1.6,4.4,3.2,4.4,4.4,16.0,13.8,51.8,51.0,3.4,3.2,13.8,15.0,,
2023-02-11,Empoli,Spezia,2,2,D,0,2,A,25,9,8,3,7,3,10,13,14:00,-0.5,2.06,1.87,2.07,1.86,2.1,3.64,3.99,2.05,3.44,3.77,1,5,1,1,2.0,3.5,3.75,2.05,3.4,3.5,2.05,3.45,3.65,2.07,3.47,3.99,2.0,1.8,2.08,1.82,2.05,1.79,2022-23,Serie A,1.31083,1.85869,1582.96166992,1516.85449219,66.1071777300001,4.182474206769829,5.315510157353759,13.510507407567072,10.753318116379242,1.584,1.08,1.08,1.584,2.4,0.8,3.8,6.2,3.4,4.8,14.0,13.2,46.8,47.6,4.6,4.2,12.4,14.8,,
2023-02-11,Lecce,Roma,1,1,D,1,1,D,8,12,3,5,3,7,24,8,17:00,0.5,1.9,2.03,1.92,2.0,4.46,3.44,2.05,4.24,3.27,1.98,4,1,0,0,4.33,3.25,1.95,4.2,3.25,1.95,4.2,3.25,1.97,4.46,3.34,2.0,2.5,1.53,2.49,1.59,2.44,1.57,2022-23,Serie A,0.385596,1.9116,1551.22961426,1755.05163574,-203.82202147999988,5.027892089620486,4.215884146087549,13.248844180257077,11.560604073482114,1.032,1.562,1.562,1.032,2.0,3.2,5.0,2.8,3.6,3.4,10.8,10.8,38.4,48.6,3.0,2.6,13.8,13.8,,
2023-02-11,Lazio,Atalanta,0,2,A,0,1,A,13,23,5,10,5,7,12,14,19:45,-0.25,2.09,1.84,2.1,1.83,2.48,3.62,3.1,2.4,3.43,2.98,1,2,0,0,2.38,3.4,3.0,2.3,3.4,3.0,2.4,3.4,2.95,2.45,3.49,3.06,1.9,2.0,1.9,2.01,1.86,1.98,2022-23,Serie A,0.750085,3.35025,1728.7376709,1733.83825684,-5.100585939999974,4.436129282504523,4.64461970577921,12.705694432182838,10.88486415143232,1.488,1.866,1.866,1.488,1.8,2.4,5.6,3.2,4.0,5.0,12.8,13.4,55.6,52.8,1.2,1.4,10.6,12.6,,
2023-02-12,Juventus,Fiorentina,1,0,H,1,0,H,7,11,3,2,5,6,11,17,17:00,-0.5,1.86,2.07,1.88,2.04,1.9,3.76,4.6,1.85,3.6,4.39,5,2,0,0,1.83,3.5,4.5,1.83,3.6,4.33,1.83,3.6,4.3,1.88,3.65,4.55,2.07,1.83,2.09,1.83,2.05,1.79,2022-23,Serie A,1.48805,0.664528,1753.37402344,1627.05407715,126.31994628999996,7.221155730267883,5.987591470086253,16.950247749145934,12.798291320198464,2.052,0.906,0.906,2.052,3.8,0.8,3.6,6.6,5.8,4.6,14.6,12.0,45.8,51.8,3.0,2.2,13.2,14.2,,
2023-02-12,Napoli,Cremonese,3,0,H,1,0,H,15,6,10,1,9,7,7,7,19:45,-2.0,1.96,1.97,1.96,1.94,1.2,8.3,17.21,1.18,7.36,15.53,0,2,0,0,1.18,7.5,13.0,1.18,7.5,15.0,1.2,7.0,14.0,1.19,7.51,17.21,1.44,2.75,1.47,2.79,1.45,2.76,2022-23,Serie A,1.88832,0.15718,1914.07873535,1449.19128418,464.8874511700001,4.253199220710721,4.2401564802113505,14.97940197891406,13.325153685921864,2.07,1.556,1.556,2.07,3.4,2.4,5.8,6.4,6.4,7.2,19.2,16.6,62.6,48.6,2.4,2.0,9.0,12.2,,
2023-02-12,Bologna,Monza,0,1,A,0,1,A,12,5,3,4,3,2,15,18,14:00,-0.25,1.93,2.0,1.93,1.99,2.27,3.48,3.54,2.23,3.31,3.39,1,4,0,0,2.2,3.2,3.5,2.2,3.3,3.3,2.25,3.3,3.35,2.26,3.36,3.54,2.1,1.73,2.14,1.78,2.13,1.73,2022-23,Serie A,0.435137,0.771658,1619.85925293,1576.28723145,43.57202147999987,4.469706546272085,2.1196463953665607,15.417246507542467,7.497789971041002,1.182,1.454,1.454,1.182,2.0,1.6,4.4,3.4,3.8,4.2,9.6,11.6,52.8,53.0,2.2,4.4,14.2,12.4,,
2023-02-12,Udinese,Sassuolo,2,2,D,2,2,D,17,6,8,1,10,7,12,8,11:30,-0.5,2.08,1.85,2.11,1.83,2.12,3.74,3.77,2.05,3.51,3.66,2,2,0,0,2.0,3.6,3.6,2.05,3.5,3.6,2.05,3.5,3.55,2.11,3.54,3.76,1.8,2.0,1.8,2.11,1.79,2.05,2022-23,Serie A,1.26596,0.366407,1643.31945801,1631.39892578,11.920532230000164,8.605135596321936,3.8520380471657303,20.56181025269471,11.59483704667996,1.728,0.97,0.97,1.728,1.8,1.2,5.8,4.6,4.8,3.4,16.4,11.2,56.2,46.6,1.4,1.4,12.0,8.0,,
2023-02-13,Verona,Salernitana,1,0,H,1,0,H,14,8,4,3,5,1,14,21,17:30,-0.5,1.86,2.07,1.87,2.06,1.91,3.7,4.96,1.85,3.49,4.56,2,3,0,0,1.85,3.4,4.5,1.85,3.5,4.33,1.85,3.55,4.4,1.87,3.47,4.96,2.03,1.87,2.03,1.88,2.01,1.83,2022-23,Serie A,1.41093,0.83116,1574.66809082,1511.99560547,62.67248534999999,4.734840350083481,3.081541363976159,13.041500512803294,8.10149618458109,,0.706,0.706,,,0.8,,3.0,,2.2,,6.8,,40.8,,4.2,,11.0,,
2023-02-13,Sampdoria,Inter,0,0,D,0,0,D,7,25,2,5,3,7,13,11,19:45,1.25,1.9,2.03,1.9,2.02,8.4,4.75,1.48,7.69,4.59,1.43,3,1,0,0,7.0,4.5,1.44,7.0,4.5,1.46,7.25,4.6,1.43,8.3,4.73,1.44,1.88,2.02,1.88,2.02,1.85,1.98,2022-23,Serie A,0.478178,1.53473,1502.62988281,,,4.809047214896612,7.965134685255624,9.559768485830322,18.556008829505977,0.478,1.986,1.986,0.478,0.4,3.4,4.2,4.8,4.4,5.8,9.0,12.6,49.8,48.4,2.8,2.4,15.0,15.0,,
2023-02-17,Sassuolo,Napoli,0,2,A,0,2,A,11,15,2,4,1,3,12,10,19:45,1.0,1.84,2.09,1.85,2.08,5.75,4.33,1.66,5.41,4.14,1.62,2,2,0,0,5.0,4.0,1.6,5.5,4.0,1.6,5.25,4.1,1.63,5.54,4.24,1.65,1.73,2.1,1.76,2.17,1.73,2.13,2022-23,Serie A,0.834544,2.16647,1639.57519531,1921.97387695,-282.39868163999995,4.6778511809246766,4.687355082718341,15.081851171984251,12.857092258114273,1.268,2.136,2.136,1.268,1.2,3.0,5.8,3.4,4.4,3.2,14.4,14.6,53.6,62.4,2.4,1.0,13.6,9.2,,
2023-02-18,Sampdoria,Bologna,1,2,A,0,1,A,9,12,4,5,1,8,13,13,14:00,0.25,1.85,2.05,1.87,2.06,3.38,3.2,2.45,3.24,3.14,2.39,3,1,0,0,3.25,3.1,2.38,3.1,3.1,2.4,3.15,3.1,2.4,3.38,3.16,2.44,2.3,1.62,2.42,1.62,2.35,1.61,2022-23,Serie A,2.60391,0.714025,1516.36364746,1616.59301758,-100.22937011999988,4.206031476597742,3.530865895445076,8.706512323886882,11.76609472584254,0.478,1.22,1.22,0.478,0.4,1.6,4.2,4.0,4.4,4.0,9.0,12.4,49.8,50.0,2.8,3.4,15.0,13.2,,
2023-02-18,Monza,Milan,0,1,A,0,1,A,11,14,5,8,10,3,10,18,17:00,0.25,2.09,1.81,2.12,1.82,3.89,3.4,2.15,3.71,3.34,2.1,4,2,0,0,3.75,3.3,2.1,3.6,3.3,2.1,3.65,3.3,2.1,3.87,3.4,2.13,2.1,1.73,2.1,1.81,2.06,1.78,2022-23,Serie A,,,1593.10620117,1796.02624512,-202.92004395000004,7.062117902081323,2.4465733349433743,14.923521143457132,9.929379662765635,1.466,1.628,1.628,1.466,2.6,3.4,4.2,2.8,5.2,4.0,12.4,14.4,58.2,60.8,1.4,1.6,11.2,12.0,,
2023-02-18,Inter,Udinese,3,1,H,1,1,D,19,9,7,1,3,8,15,14,19:45,-1.0,1.89,2.01,1.91,2.02,1.56,4.6,6.95,1.52,4.38,6.3,2,2,0,0,1.53,4.2,6.0,1.52,4.33,6.0,1.53,4.3,6.0,1.54,4.49,6.46,1.73,2.1,1.79,2.13,1.76,2.1,2022-23,Serie A,2.73622,0.640201,,1648.69604492,,5.008822893915062,4.505371559159519,13.896373621381167,11.973580912842706,1.746,0.744,0.744,1.746,2.4,0.8,4.2,2.8,5.4,2.8,12.6,11.2,52.8,48.2,2.4,3.0,9.8,11.6,,
2023-02-19,Atalanta,Lecce,1,2,A,0,1,A,20,4,10,2,6,1,10,12,11:30,-1.0,1.86,2.04,1.88,2.05,1.53,4.5,7.0,1.5,4.32,6.67,3,3,0,0,1.5,4.0,7.0,1.5,4.2,6.5,1.5,4.3,6.5,1.53,4.49,6.78,1.88,2.02,1.86,2.05,1.83,2.0,2022-23,Serie A,1.41005,0.522898,1753.0098877,1562.45788574,190.5520019600001,5.543727167641659,5.270538027739675,18.13098933209499,10.054988230113976,2.034,0.63,0.63,2.034,3.4,1.0,4.6,3.4,5.0,3.8,15.2,9.8,49.2,41.6,1.8,3.0,11.0,15.4,,
2023-02-19,Fiorentina,Empoli,1,1,D,0,1,A,27,5,4,3,13,1,8,15,14:00,-1.0,2.05,1.75,2.13,1.81,1.67,4.2,5.75,1.62,4.07,5.44,1,5,0,0,1.6,4.0,5.75,1.62,4.0,5.25,1.63,4.1,5.5,1.65,4.16,5.57,1.87,2.03,1.88,2.02,1.84,2.0,2022-23,Serie A,2.15571,0.627418,1651.68554688,1586.84106445,64.84448242999997,5.551636601595723,4.09571125308651,17.7257143436914,9.635631930357237,2.124,0.424,0.424,2.124,3.2,0.4,5.8,1.8,6.2,1.6,18.0,7.0,56.8,40.4,2.2,3.2,13.4,12.0,,
2023-02-19,Salernitana,Lazio,0,2,A,0,0,D,9,21,2,7,2,9,10,7,14:00,0.75,2.01,1.89,2.02,1.9,5.5,4.03,1.71,5.14,3.9,1.68,5,1,1,0,5.5,3.75,1.7,5.0,3.9,1.65,5.0,3.85,1.7,5.32,4.03,1.7,1.93,1.97,1.95,1.95,1.9,1.92,2022-23,Serie A,0.337378,3.08929,1513.24511719,1723.78771973,-210.54260253999996,4.7924417870507625,4.248420655422636,9.451745755027964,9.776715307671584,1.12,1.084,1.084,1.12,1.2,1.0,3.8,4.4,2.6,2.0,12.0,9.4,43.6,52.6,4.4,2.4,12.6,10.8,,
2023-02-19,Spezia,Juventus,0,2,A,0,1,A,18,15,7,3,7,4,8,9,17:00,0.75,2.02,1.77,2.12,1.82,6.2,4.0,1.64,5.81,3.92,1.62,2,2,0,0,6.0,3.75,1.62,5.5,3.9,1.62,5.75,3.9,1.63,6.09,3.99,1.64,2.07,1.83,2.11,1.8,2.04,1.8,2022-23,Serie A,0.836135,1.414,1526.52770996,1761.79870605,-235.27099608999993,4.154909286191555,4.668337670556756,9.761045481693705,14.257393780946163,1.49,1.372,1.372,1.49,2.4,1.4,5.6,6.0,5.2,6.0,12.6,13.6,48.8,52.8,2.2,2.6,13.6,11.0,,
2023-02-19,Roma,Verona,1,0,H,1,0,H,9,7,5,1,5,1,15,19,19:45,-0.75,1.87,2.03,1.86,2.07,1.67,3.85,6.4,1.63,3.72,6.02,1,2,0,0,1.65,3.6,5.75,1.61,3.75,5.75,1.63,3.7,5.75,1.66,3.77,6.32,2.2,1.67,2.32,1.68,2.23,1.67,2022-23,Serie A,1.21643,0.578592,1752.99414062,1586.97131348,166.02282714000012,5.767566254366491,4.561085427291118,12.2227323201794,9.08772996015977,0.994,,,0.994,1.0,,4.4,,3.0,,10.2,,47.8,,2.0,,14.0,,,
2023-02-20,Torino,Cremonese,2,2,D,1,0,H,16,11,6,2,5,1,9,12,19:45,-0.75,1.87,2.03,1.89,2.03,1.7,3.86,6.0,1.67,3.76,5.47,3,1,0,0,1.65,3.8,5.25,1.66,3.75,5.25,1.67,3.75,5.25,1.69,3.85,5.75,2.1,1.73,2.17,1.76,2.12,1.74,2022-23,Serie A,2.40761,0.488613,1639.00805664,1454.84887695,184.15917968999997,5.813041682755028,5.160104320140901,10.65073595954702,10.883435790614577,0.634,1.556,1.556,0.634,0.8,2.4,5.2,6.4,3.4,7.2,10.0,16.6,56.2,48.6,2.6,2.0,11.2,12.2,,
2023-02-25,Empoli,Napoli,0,2,A,0,2,A,9,19,2,6,4,13,10,9,17:00,1.25,1.87,2.03,1.88,2.04,7.2,4.9,1.48,6.86,4.72,1.45,2,1,0,1,7.0,4.75,1.44,6.5,4.75,1.44,6.5,4.7,1.47,7.17,4.83,1.47,1.67,2.2,1.72,2.22,1.66,2.22,2022-23,Serie A,0.380337,2.54452,1603.54431152,1945.38586426,-341.84155274,5.121649471179886,4.124903388478894,17.34033827171138,13.57139483874285,1.584,2.136,2.136,1.584,2.4,3.0,3.8,3.4,3.4,3.2,14.0,14.6,46.8,62.4,4.6,1.0,12.4,9.2,,
2023-02-25,Lecce,Sassuolo,0,1,A,0,0,D,16,7,0,3,4,7,17,7,19:45,0.0,1.8,2.1,1.79,2.08,2.64,3.3,3.07,2.54,3.18,2.96,2,2,0,0,2.45,3.25,2.9,2.45,3.2,2.95,2.5,3.2,2.9,2.59,3.08,3.0,2.1,1.73,2.15,1.72,2.13,1.73,2022-23,Serie A,1.1937,1.0752,1589.62646484,1649.60852051,-59.982055670000136,4.3519280597469905,4.901358698110487,11.499229453504718,9.729891364453309,1.032,0.97,0.97,1.032,2.0,1.2,5.0,4.6,3.6,3.4,10.8,11.2,38.4,46.6,3.0,1.4,13.8,8.0,,
2023-02-26,Bologna,Inter,1,0,H,0,0,D,14,13,5,4,1,6,7,14,11:30,0.75,1.94,1.96,1.9,1.95,5.5,3.93,1.76,4.96,3.77,1.73,1,2,0,0,5.5,3.75,1.7,4.8,3.7,1.73,4.9,3.7,1.73,4.84,3.81,1.72,2.03,1.87,1.96,1.88,1.98,1.85,2022-23,Serie A,1.06501,1.14705,1636.87756348,,,3.97980436418139,7.64342312350375,14.278164338361648,20.70400588633732,1.182,1.986,1.986,1.182,2.0,3.4,4.4,4.8,3.8,5.8,9.6,12.6,52.8,48.4,2.2,2.4,14.2,15.0,,
2023-02-26,Salernitana,Monza,3,0,H,0,0,D,12,14,5,3,1,3,12,16,14:00,0.25,2.07,1.83,2.05,1.82,3.73,3.5,2.17,3.53,3.41,2.13,2,4,0,1,3.6,3.3,2.05,3.4,3.4,2.1,3.45,3.4,2.15,3.61,3.39,2.11,2.05,1.85,1.99,1.85,2.01,1.82,2022-23,Serie A,2.5863,1.26116,1521.49377441,1602.82788086,-81.33410645000004,3.8616278580338417,2.079764263577707,9.30116383668531,6.665193314027336,1.12,1.454,1.454,1.12,1.2,1.6,3.8,3.4,2.6,4.2,12.0,11.6,43.6,53.0,4.4,4.4,12.6,12.4,,
2023-02-26,Udinese,Spezia,2,2,D,1,1,D,15,9,6,2,5,2,11,16,17:00,-0.75,1.85,2.05,1.87,1.98,1.71,4.2,5.75,1.65,3.97,5.29,2,2,0,0,1.62,3.8,5.75,1.63,4.0,5.25,1.63,3.95,5.25,1.68,3.91,5.09,1.88,2.02,1.86,1.97,1.85,1.98,2022-23,Serie A,2.82563,2.0555,1658.17077637,1535.25585938,122.91491699000017,9.070090397547958,4.54367343823584,19.37454016846314,10.16887874425283,1.728,1.08,1.08,1.728,1.8,0.8,5.8,6.2,4.8,4.8,16.4,13.2,56.2,47.6,1.4,4.2,12.0,14.8,,
2023-02-26,Milan,Atalanta,2,0,H,1,0,H,13,3,3,0,4,3,11,11,19:45,-0.25,1.9,2.0,1.87,1.98,2.27,3.55,3.66,2.19,3.38,3.42,3,2,0,0,2.15,3.4,3.4,2.2,3.4,3.25,2.2,3.4,3.3,2.19,3.3,3.51,1.94,1.96,1.89,1.94,1.89,1.94,2022-23,Serie A,,,1813.9342041,1753.47094727,60.46325683000009,3.2528337433636905,5.429746470519474,11.95632724239275,14.923242767621549,1.6,1.866,1.866,1.6,3.2,2.4,4.4,3.2,4.4,5.0,16.0,13.4,51.8,52.8,3.4,1.4,13.8,12.6,,
2023-02-27,Verona,Fiorentina,0,3,A,0,2,A,12,16,3,7,4,2,15,11,17:30,0.25,1.91,1.99,1.93,1.99,3.4,3.41,2.35,3.27,3.29,2.29,3,3,0,0,3.25,3.25,2.25,3.2,3.25,2.3,3.2,3.3,2.3,3.38,3.39,2.32,2.2,1.67,2.26,1.7,2.18,1.69,2022-23,Serie A,1.79742,1.9106,1597.32580566,1667.8215332,-70.49572753999996,4.823226900055654,5.9917276467241685,13.361000341868865,12.19886088013231,,0.906,0.906,,,0.8,,6.6,,4.6,,12.0,,51.8,,2.2,,14.2,,
2023-02-27,Lazio,Sampdoria,1,0,H,0,0,D,15,8,4,2,8,3,10,13,19:45,-1.25,2.04,1.86,2.05,1.88,1.46,4.7,8.5,1.43,4.46,7.98,2,2,0,0,1.44,4.33,8.0,1.42,4.4,8.0,1.43,4.5,7.5,1.45,4.64,8.31,1.99,1.91,1.99,1.92,1.95,1.87,2022-23,Serie A,1.57889,0.374617,1744.66638184,1523.70861816,220.95776367999997,4.624086188336349,3.023872488018059,12.803796288121896,12.21750630021672,1.488,0.908,0.908,1.488,1.8,1.0,5.6,2.2,4.0,4.2,12.8,10.6,55.6,45.4,1.2,3.8,10.6,16.8,,
2023-02-28,Cremonese,Roma,2,1,H,1,0,H,6,10,2,3,3,3,17,11,17:30,0.75,1.85,2.08,1.85,2.08,5.75,3.66,1.81,5.25,3.49,1.77,3,2,0,0,5.25,3.4,1.75,5.0,3.4,1.77,5.75,3.45,1.7,5.48,3.48,1.81,2.38,1.57,2.42,1.61,2.37,1.61,2022-23,Serie A,0.993955,0.650695,1474.28686523,1784.19848633,-309.9116210999998,3.5229047062609027,5.143922764058367,11.992887263120462,11.70706938232141,0.93,1.562,1.562,0.93,0.2,3.2,4.2,2.8,5.4,3.4,12.8,10.8,42.8,48.6,3.6,2.6,12.8,13.8,,
2023-02-28,Juventus,Torino,4,2,H,2,2,D,13,8,6,3,3,7,5,13,19:45,-0.75,2.05,1.88,2.08,1.86,1.83,3.52,5.5,1.78,3.43,5.28,0,2,0,0,1.73,3.4,5.5,1.77,3.3,5.25,1.75,3.4,5.5,1.8,3.49,5.47,2.5,1.53,2.54,1.56,2.49,1.55,2022-23,Serie A,1.52038,0.972144,1791.765625,1647.19970703,144.5659179700001,6.480770486845255,5.308195000651037,13.633498499430624,13.274996489654384,2.052,1.346,1.346,2.052,3.8,1.6,3.6,3.2,5.8,4.4,14.6,13.8,45.8,51.0,3.0,3.2,13.2,15.0,,
2023-03-03,Napoli,Lazio,0,1,A,0,0,D,14,5,2,2,8,3,13,8,19:45,-0.75,1.85,2.08,1.85,2.07,1.71,4.05,6.0,1.66,3.91,5.49,2,2,0,0,1.65,3.8,5.25,1.66,3.8,5.0,1.67,3.85,5.25,1.66,3.98,5.66,1.95,1.95,1.96,1.93,1.93,1.91,2022-23,Serie A,0.772343,0.225477,1948.13671875,1747.26989746,200.86682128999996,5.835466147140481,5.832280436948424,14.986267985942709,13.51781020511439,2.07,1.084,1.084,2.07,3.4,1.0,5.8,4.4,6.4,2.0,19.2,9.4,62.6,52.6,2.4,2.4,9.0,10.8,,
2023-03-04,Monza,Empoli,2,1,H,1,0,H,10,18,3,3,1,8,10,12,14:00,-0.5,2.1,1.8,2.12,1.81,2.21,3.4,4.1,2.11,3.24,3.84,2,3,0,0,2.1,3.25,3.8,2.05,3.3,3.7,2.15,3.3,3.65,2.12,3.26,4.02,2.1,1.73,2.14,1.77,2.09,1.77,2022-23,Serie A,0.966878,0.964274,1586.76281738,1600.79345703,-14.030639650000012,8.041411934720882,3.0638075020576734,13.615680762304756,8.090421286904824,1.466,0.424,0.424,1.466,2.6,0.4,4.2,1.8,5.2,1.6,12.4,7.0,58.2,40.4,1.4,3.2,11.2,12.0,,
2023-03-04,Atalanta,Udinese,0,0,D,0,0,D,17,5,5,1,12,3,12,12,17:00,-0.75,1.85,2.05,1.87,2.04,1.7,4.2,5.5,1.66,4.08,5.01,2,3,0,0,1.62,4.0,5.5,1.66,4.0,4.8,1.65,4.1,4.9,1.68,4.16,5.12,1.73,2.1,1.75,2.16,1.75,2.1,2022-23,Serie A,1.48158,0.244798,1745.5880127,1653.90124512,91.68676757999992,5.695818111761106,5.6702477061063465,18.75399288806333,10.982387275228472,2.034,0.744,0.744,2.034,3.4,0.8,4.6,2.8,5.0,2.8,15.2,11.2,49.2,48.2,1.8,3.0,11.0,11.6,,
2023-03-04,Fiorentina,Milan,2,1,H,0,0,D,16,8,8,6,11,5,12,17,19:45,0.0,2.05,1.85,2.07,1.85,2.91,3.41,2.61,2.86,3.28,2.56,3,3,0,0,2.8,3.3,2.55,2.8,3.25,2.55,2.85,3.25,2.55,2.91,3.34,2.6,2.1,1.73,2.2,1.73,2.13,1.73,2022-23,Serie A,,,1680.39282227,1821.81713867,-141.42431640000018,8.034424401063816,2.6310488899622495,20.81714289579427,11.286253108510422,2.124,1.628,1.628,2.124,3.2,3.4,5.8,2.8,6.2,4.0,18.0,14.4,56.8,60.8,2.2,1.6,13.4,12.0,,
2023-03-05,Spezia,Verona,0,0,D,0,0,D,20,11,4,3,9,5,6,7,11:30,0.0,1.89,2.01,1.9,2.01,2.82,3.2,2.92,2.73,3.08,2.82,2,1,1,0,2.7,3.1,2.8,2.75,3.2,2.65,2.7,3.1,2.8,2.76,3.11,2.92,2.2,1.67,2.28,1.68,2.25,1.66,2022-23,Serie A,1.17042,0.96044,1539.5255127,1584.75439453,-45.228881829999864,5.103272857461036,3.374056951527413,12.50736365446247,8.391819973439848,1.49,,,1.49,2.4,,5.6,,5.2,,12.6,,48.8,,2.2,,13.6,,,
2023-03-05,Sampdoria,Salernitana,0,0,D,0,0,D,9,10,3,4,2,6,18,13,14:00,-0.25,2.02,1.88,2.01,1.89,2.38,3.36,3.35,2.31,3.27,3.27,3,4,0,0,2.3,3.25,3.2,2.25,3.25,3.2,2.3,3.25,3.25,2.36,3.3,3.32,2.2,1.67,2.26,1.69,2.19,1.69,2022-23,Serie A,0.554784,0.653093,1521.10498047,1537.55883789,-16.45385741999985,3.1373543177318286,2.387694242650773,8.804341549257922,8.067664123054062,0.478,0.706,0.706,0.478,0.4,0.8,4.2,3.0,4.4,2.2,9.0,6.8,49.8,40.8,2.8,4.2,15.0,11.0,,
2023-03-05,Inter,Lecce,2,0,H,1,0,H,14,11,4,1,6,4,10,11,17:00,-1.25,1.84,2.06,1.88,2.04,1.39,5.2,10.0,1.36,4.89,9.29,0,0,0,0,1.36,4.75,9.5,1.35,4.8,9.25,1.35,4.9,9.0,1.38,4.97,9.55,1.94,1.96,1.92,1.97,1.88,1.94,2022-23,Serie A,0.936784,0.477087,,1582.19848633,,4.3392152626100415,3.8470253518264506,15.597582414254113,8.036658820075985,1.746,0.63,0.63,1.746,2.4,1.0,4.2,3.4,5.4,3.8,12.6,9.8,52.8,41.6,2.4,3.0,9.8,15.4,,
2023-03-05,Roma,Juventus,1,0,H,0,0,D,6,14,2,5,2,6,11,10,19:45,0.0,1.9,2.0,1.88,2.02,2.75,3.17,2.95,2.68,3.08,2.87,3,2,0,1,2.7,3.0,2.88,2.6,3.1,2.8,2.65,3.05,2.9,2.72,3.15,2.92,2.5,1.53,2.49,1.58,2.45,1.56,2022-23,Serie A,0.534608,0.722595,1769.92419434,1797.30578613,-27.381591789999906,5.511710836244328,4.445558447037838,11.148488213452934,14.504929187297444,0.994,1.372,1.372,0.994,1.0,1.4,4.4,6.0,3.0,6.0,10.2,13.6,47.8,52.8,2.0,2.6,14.0,11.0,,
2023-03-06,Sassuolo,Cremonese,3,2,H,2,0,H,13,13,7,6,4,3,11,9,17:30,-0.5,1.85,2.05,1.88,2.03,1.89,3.8,4.6,1.83,3.7,4.37,1,4,0,0,1.8,3.6,4.5,1.8,3.75,4.33,1.83,3.7,4.3,1.88,3.7,4.42,1.98,1.92,2.02,1.88,1.94,1.88,2022-23,Serie A,1.04818,1.25832,1657.03649902,1488.56103516,168.47546386,3.451900787283118,3.7734028800939345,13.72123411465617,10.922290527076385,1.268,1.556,1.556,1.268,1.2,2.4,5.8,6.4,4.4,7.2,14.4,16.6,53.6,48.6,2.4,2.0,13.6,12.2,,
2023-03-06,Torino,Bologna,1,0,H,1,0,H,12,11,5,1,3,3,9,10,19:45,-0.25,2.01,1.89,2.01,1.9,2.45,3.1,3.66,2.37,3.01,3.41,2,2,0,0,2.4,2.9,3.4,2.25,3.0,3.4,2.4,3.05,3.3,2.39,3.02,3.59,2.38,1.57,2.44,1.6,2.4,1.57,2022-23,Serie A,1.03473,0.420593,1641.6595459,1649.66748047,-8.007934570000089,5.542027788503352,5.0205772636300505,12.433823973031346,11.844063150561697,0.634,1.22,1.22,0.634,0.8,1.6,5.2,4.0,3.4,4.0,10.0,12.4,56.2,50.0,2.6,3.4,11.2,13.2,,
2023-03-10,Spezia,Inter,2,1,H,0,0,D,4,28,2,7,1,13,11,9,19:45,1.25,1.96,1.97,1.94,1.98,8.5,5.0,1.47,7.7,4.72,1.42,3,0,0,0,8.0,4.6,1.4,7.25,4.5,1.44,7.5,4.5,1.45,7.68,4.79,1.44,1.73,2.1,1.75,2.19,1.73,2.13,2022-23,Serie A,0.979758,3.46552,1543.83581543,,,6.402181904974024,7.095615415669167,15.00490910297498,18.13600392422488,1.49,1.986,1.986,1.49,2.4,3.4,5.6,4.8,5.2,5.8,12.6,12.6,48.8,48.4,2.2,2.4,13.6,15.0,,
2023-03-11,Empoli,Udinese,0,1,A,0,0,D,17,14,3,4,11,5,12,13,14:00,0.25,1.81,2.13,1.81,2.12,3.2,3.4,2.54,3.02,3.27,2.45,2,4,0,0,3.0,3.25,2.4,2.95,3.3,2.4,2.95,3.3,2.45,3.13,3.28,2.48,2.03,1.9,2.01,1.88,1.97,1.85,2022-23,Serie A,1.15849,1.05986,1597.4173584,1661.45471191,-64.03735351,4.747766314119924,4.780165137404231,14.560225514474256,8.988258183485648,1.584,0.744,0.744,1.584,2.4,0.8,3.8,2.8,3.4,2.8,14.0,11.2,46.8,48.2,4.6,3.0,12.4,11.6,,
2023-03-11,Napoli,Atalanta,2,0,H,0,0,D,18,6,6,3,10,4,12,11,17:00,-0.75,1.87,2.06,1.89,2.01,1.72,4.2,5.45,1.67,4.04,5.05,1,2,0,0,1.67,4.0,5.0,1.65,4.0,5.0,1.67,4.0,4.9,1.7,4.05,5.13,1.8,2.0,1.82,2.06,1.78,2.06,2022-23,Serie A,1.40151,0.20196,1938.67590332,1746.12084961,192.55505371000004,6.556977431426988,4.6198309803463165,14.657511990628471,10.9488285117477,2.07,1.866,1.866,2.07,3.4,2.4,5.8,3.2,6.4,5.0,19.2,13.4,62.6,52.8,2.4,1.4,9.0,12.6,,
2023-03-11,Bologna,Lazio,0,0,D,0,0,D,16,5,2,2,5,2,11,8,19:45,0.25,1.83,2.1,1.79,2.14,3.16,3.36,2.53,3.08,3.19,2.46,2,3,0,0,3.1,3.1,2.38,3.0,3.2,2.45,3.05,3.2,2.45,3.13,3.22,2.52,2.3,1.62,2.33,1.65,2.28,1.64,2022-23,Serie A,1.09225,0.559995,1646.38330078,1755.93701172,-109.5537109400002,2.9865362427875937,4.888186957965616,14.1854428922411,10.678540136742928,1.182,1.084,1.084,1.182,2.0,1.0,4.4,4.4,3.8,2.0,9.6,9.4,52.8,52.6,2.2,2.4,14.2,10.8,,
2023-03-12,Lecce,Torino,0,2,A,0,2,A,13,4,1,2,9,1,16,17,11:30,0.0,2.07,1.86,2.06,1.85,3.05,3.16,2.75,2.98,2.99,2.67,3,3,0,0,3.0,3.0,2.63,2.95,2.95,2.6,3.0,3.0,2.65,3.01,3.06,2.72,2.75,1.44,2.73,1.5,2.7,1.47,2022-23,Serie A,0.338149,1.11715,1583.24768066,1653.0300293,-69.78234864000001,4.234618706497994,5.872130000434025,12.99948630233648,11.516664326436256,1.032,1.346,1.346,1.032,2.0,1.6,5.0,3.2,3.6,4.4,10.8,13.8,38.4,51.0,3.0,3.2,13.8,15.0,,
2023-03-12,Juventus,Sampdoria,4,2,H,2,2,D,24,9,8,3,11,3,10,10,19:45,-1.25,1.86,2.07,1.88,2.03,1.4,5.2,11.0,1.35,4.88,9.97,1,1,0,0,1.33,4.75,10.0,1.35,4.8,9.5,1.35,4.8,9.5,1.36,4.99,10.48,2.05,1.88,2.04,1.85,1.98,1.84,2022-23,Serie A,2.83726,0.487533,1797.17248535,1524.58776855,272.5847168,5.3205136578968375,3.0159149920120396,13.42233233295375,10.811670866811149,2.052,0.908,0.908,2.052,3.8,1.0,3.6,2.2,5.8,4.2,14.6,10.6,45.8,45.4,3.0,3.8,13.2,16.8,,
2023-03-12,Verona,Monza,1,1,D,0,0,D,8,9,3,3,7,2,17,12,14:00,-0.25,2.08,1.73,2.19,1.75,2.62,3.34,3.15,2.52,3.16,3.01,2,0,0,0,2.5,3.2,2.9,2.45,3.2,2.95,2.45,3.25,2.95,2.61,3.11,3.1,2.2,1.67,2.32,1.66,2.26,1.65,2022-23,Serie A,0.584744,1.07345,1588.53039551,1598.22521973,-9.694824219999871,4.548817933370437,2.386509509051805,12.90733356124591,9.110128876018225,,1.454,1.454,,,1.6,,3.4,,4.2,,11.6,,53.0,,4.4,,12.4,,
2023-03-12,Roma,Sassuolo,3,4,A,1,3,A,17,19,7,10,7,2,11,18,17:00,-0.75,1.92,2.01,1.93,1.98,1.74,3.92,5.7,1.69,3.73,5.32,4,2,1,0,1.67,3.6,5.5,1.7,3.7,5.0,1.7,3.7,5.25,1.71,3.74,5.55,2.08,1.85,2.12,1.78,2.03,1.8,2022-23,Serie A,1.22501,3.41384,1790.87207031,1664.43579102,126.43627929000012,4.341140557496219,5.600905798740325,9.43232547563529,8.819927576302206,0.994,0.97,0.97,0.994,1.0,1.2,4.4,4.6,3.0,3.4,10.2,11.2,47.8,46.6,2.0,1.4,14.0,8.0,,
2023-03-12,Cremonese,Fiorentina,0,2,A,0,1,A,16,10,5,3,1,6,10,17,14:00,0.5,2.05,1.88,2.02,1.88,4.6,3.76,1.93,4.34,3.62,1.86,1,2,0,0,4.33,3.6,1.85,4.2,3.6,1.83,4.2,3.65,1.85,4.53,3.59,1.88,2.03,1.9,2.06,1.84,1.98,1.84,2022-23,Serie A,1.43995,1.19417,1489.24804688,1695.90185547,-206.65380859000015,3.348603137507269,4.66115176448278,9.995258175413642,13.46590725342154,0.93,0.906,0.906,0.93,0.2,0.8,4.2,6.6,5.4,4.6,12.8,12.0,42.8,51.8,3.6,2.2,12.8,14.2,,
2023-03-13,Milan,Salernitana,1,1,D,1,0,H,24,6,4,3,6,4,15,13,19:45,-1.75,2.06,1.87,2.06,1.84,1.28,6.3,13.0,1.26,5.9,11.74,2,3,0,0,1.25,6.0,11.0,1.27,6.0,11.0,1.27,6.0,11.0,1.27,6.03,11.52,1.67,2.2,1.67,2.28,1.65,2.22,2022-23,Serie A,,,1822.84814453,1542.16235352,280.68579101,3.5018891622424606,3.5917961617671823,12.304218161595166,8.711776082036042,1.6,0.706,0.706,1.6,3.2,0.8,4.4,3.0,4.4,2.2,16.0,6.8,51.8,40.8,3.4,4.2,13.8,11.0,,
2023-03-17,Sassuolo,Spezia,1,0,H,0,0,D,15,11,6,1,3,3,10,13,17:30,-0.75,2.05,1.88,2.05,1.88,1.83,4.0,4.9,1.75,3.87,4.62,0,2,0,0,1.7,3.75,4.5,1.73,3.8,4.5,1.75,3.8,4.5,1.83,3.87,4.6,1.73,2.1,1.72,2.23,1.71,2.16,2022-23,Serie A,2.0765,0.767389,1682.91308594,1564.17138672,118.74169921999987,3.634600524855412,3.695782292157227,13.480822743104111,9.779252496168551,1.268,1.08,1.08,1.268,1.2,0.8,5.8,6.2,4.4,4.8,14.4,13.2,53.6,47.6,2.4,4.2,13.6,14.8,,
2023-03-17,Atalanta,Empoli,2,1,H,0,1,A,27,5,6,2,13,2,11,10,19:45,-1.25,1.97,1.96,1.97,1.95,1.46,5.1,8.0,1.42,4.82,7.47,3,2,0,0,1.4,4.5,7.5,1.42,4.75,7.25,1.45,4.7,7.0,1.44,5.01,7.71,1.67,2.2,1.71,2.24,1.68,2.21,2022-23,Serie A,3.55256,1.32533,1748.2130127,1596.07507324,152.1379394600001,7.797212074507405,4.7092050013717826,18.16932859204222,11.393614191269885,2.034,0.424,0.424,2.034,3.4,0.4,4.6,1.8,5.0,1.6,15.2,7.0,49.2,40.4,1.8,3.2,11.0,12.0,,
2023-03-18,Monza,Cremonese,1,1,D,0,0,D,15,8,7,2,8,4,12,12,14:00,-0.5,1.83,2.07,1.85,2.07,1.9,3.76,4.63,1.84,3.62,4.45,3,5,0,0,1.8,3.5,4.5,1.8,3.6,4.4,1.83,3.6,4.4,1.85,3.67,4.63,2.1,1.73,2.09,1.81,2.05,1.79,2022-23,Serie A,1.11436,0.723507,1605.31213379,1489.5480957,115.76403809,5.694274623147255,3.515601920062623,12.410453841536505,11.614860351384255,1.466,1.556,1.556,1.466,2.6,2.4,4.2,6.4,5.2,7.2,12.4,16.6,58.2,48.6,1.4,2.0,11.2,12.2,,
2023-03-18,Salernitana,Bologna,2,2,D,1,1,D,14,10,4,2,5,4,8,16,17:00,0.25,1.97,1.93,1.99,1.92,3.59,3.35,2.28,3.43,3.27,2.23,0,1,0,0,3.4,3.25,2.2,3.4,3.3,2.2,3.35,3.25,2.25,3.56,3.31,2.24,2.2,1.67,2.24,1.7,2.21,1.68,2022-23,Serie A,0.713612,0.363647,1555.61181641,1654.48571777,-98.87390136,2.907751905355895,4.3470515090867,10.20077589112354,11.56270876704113,1.12,1.22,1.22,1.12,1.2,1.6,3.8,4.0,2.6,4.0,12.0,12.4,43.6,50.0,4.4,3.4,12.6,13.2,,
2023-03-18,Udinese,Milan,3,1,H,2,1,H,14,10,5,6,5,6,16,9,19:45,0.25,2.02,1.88,2.04,1.87,3.56,3.6,2.23,3.43,3.44,2.16,4,2,0,0,3.5,3.4,2.15,3.3,3.4,2.15,3.3,3.4,2.2,3.53,3.53,2.17,2.01,1.89,2.01,1.88,1.97,1.85,2022-23,Serie A,,,1675.13244629,1821.73413086,-146.6016845700001,7.713393598365306,3.420699259974833,17.916360112308762,10.190835405673615,1.728,1.628,1.628,1.728,1.8,3.4,5.8,2.8,4.8,4.0,16.4,14.4,56.2,60.8,1.4,1.6,12.0,12.0,,
2023-03-19,Lazio,Roma,1,0,H,0,0,D,12,8,5,3,5,2,18,13,17:00,0.0,1.98,1.92,2.0,1.9,2.91,3.22,2.8,2.82,3.04,2.76,4,4,1,2,2.75,3.0,2.75,2.7,3.0,2.8,2.8,3.0,2.8,2.91,3.1,2.77,2.63,1.5,2.55,1.56,2.52,1.53,2022-23,Serie A,0.734907,0.770783,1749.01098633,1789.5645752,-40.55358887000011,5.749390792224233,4.429281842705578,13.535864192081265,11.13804625488094,1.488,1.562,1.562,1.488,1.8,3.2,5.6,2.8,4.0,3.4,12.8,10.8,55.6,48.6,1.2,2.6,10.6,13.8,,
2023-03-19,Fiorentina,Lecce,1,0,H,1,0,H,18,8,3,2,1,3,14,21,14:00,-0.75,1.82,2.08,1.83,2.09,1.68,4.0,6.3,1.62,3.84,5.86,1,3,0,0,1.6,3.75,5.75,1.62,3.9,5.5,1.63,3.85,5.75,1.64,3.88,6.19,2.1,1.73,2.14,1.76,2.1,1.75,2022-23,Serie A,1.30231,0.354619,1711.57849121,1578.83911133,132.73937988000012,9.022949600709213,3.898016901217634,19.211428597196186,9.02443921338399,2.124,0.63,0.63,2.124,3.2,1.0,5.8,3.4,6.2,3.8,18.0,9.8,56.8,41.6,2.2,3.0,13.4,15.4,,
2023-03-19,Torino,Napoli,0,4,A,0,2,A,12,12,2,6,5,4,14,14,14:00,0.75,1.83,2.07,1.85,2.06,5.2,3.74,1.82,4.89,3.54,1.79,1,1,0,0,4.33,3.6,1.75,4.75,3.5,1.78,4.7,3.55,1.8,5.12,3.53,1.81,2.2,1.67,2.32,1.66,2.24,1.66,2022-23,Serie A,1.42018,2.6715,1669.77404785,1952.50439453,-282.7303466799999,4.694685192335569,7.083268925652597,12.2892159820209,15.380929892495235,0.634,2.136,2.136,0.634,0.8,3.0,5.2,3.4,3.4,3.2,10.0,14.6,56.2,62.4,2.6,1.0,11.2,9.2,,
2023-03-19,Sampdoria,Verona,3,1,H,2,0,H,11,16,4,6,5,8,10,11,11:30,0.0,2.13,1.78,2.15,1.79,3.1,3.3,2.61,3.01,3.1,2.56,3,2,0,0,2.88,3.1,2.45,2.9,3.1,2.55,3.0,3.1,2.55,3.09,3.17,2.57,2.38,1.57,2.43,1.61,2.39,1.58,2022-23,Serie A,1.63263,1.24738,1527.93933105,1593.77893066,-65.83959961000005,2.7582362118212194,3.916037967684942,8.869561032838615,9.261213315626566,0.478,,,0.478,0.4,,4.2,,4.4,,9.0,,49.8,,2.8,,15.0,,,
2023-03-19,Inter,Juventus,0,1,A,0,1,A,18,7,3,3,6,4,6,18,19:45,-0.5,1.98,1.92,2.0,1.9,2.05,3.58,4.2,1.98,3.45,4.01,3,4,1,1,1.91,3.4,4.0,1.95,3.4,4.0,1.97,3.45,3.9,2.0,3.52,4.07,2.1,1.73,2.12,1.78,2.11,1.75,2022-23,Serie A,1.07278,0.460517,,1818.18835449,,4.892810175073361,4.963705631358559,15.065054942836076,14.336619458198296,1.746,1.372,1.372,1.746,2.4,1.4,4.2,6.0,5.4,6.0,12.6,13.6,52.8,52.8,2.4,2.6,9.8,11.0,,
2023-04-01,Juventus,Verona,1,0,H,0,0,D,10,9,2,3,3,5,14,22,19:45,-1.25,2.05,1.85,2.07,1.85,1.48,4.5,9.6,1.42,4.34,8.79,1,2,0,0,1.4,4.2,9.0,1.44,4.2,8.0,1.47,4.2,7.5,1.43,4.42,9.42,2.1,1.73,2.17,1.75,2.14,1.72,2022-23,Serie A,1.62901,0.406105,1828.17407227,1581.32104492,246.85302734999985,7.213675771931225,5.277358645123295,16.948221555302503,11.507475543751044,2.052,,,2.052,3.8,,3.6,,5.8,,14.6,,45.8,,3.0,,13.2,,,
2023-04-01,Inter,Fiorentina,0,1,A,0,0,D,16,19,3,3,10,8,8,7,17:00,-0.75,2.02,1.88,2.03,1.88,1.82,3.9,5.0,1.77,3.79,4.62,2,3,0,0,1.75,3.8,4.5,1.73,3.7,4.8,1.7,3.8,5.0,1.79,3.85,4.72,1.8,2.0,1.83,2.06,1.78,2.04,2022-23,Serie A,3.1446,1.31666,,1715.61291504,,5.261873450048908,5.107434509655187,16.04336996189072,12.310604835614363,1.746,0.906,0.906,1.746,2.4,0.8,4.2,6.6,5.4,4.6,12.6,12.0,52.8,51.8,2.4,2.2,9.8,14.2,,
2023-04-01,Cremonese,Atalanta,1,3,A,0,1,A,15,12,4,4,0,6,13,10,14:00,0.75,2.04,1.86,2.04,1.87,5.75,4.2,1.72,5.19,3.99,1.67,3,2,0,0,5.5,3.8,1.67,5.5,3.8,1.63,5.5,3.9,1.65,5.19,4.11,1.68,1.84,2.06,1.82,2.07,1.81,2.02,2022-23,Serie A,1.41841,3.0016,1493.78894043,1751.79333496,-258.0043945300001,2.5657354250048465,4.413220653564212,11.996838783609096,9.299219007831802,0.93,1.866,1.866,0.93,0.2,2.4,4.2,3.2,5.4,5.0,12.8,13.4,42.8,52.8,3.6,1.4,12.8,12.6,,
2023-04-02,Bologna,Udinese,3,0,H,2,0,H,11,15,4,5,2,7,17,10,11:30,-0.25,1.96,1.94,1.97,1.93,2.32,3.48,3.4,2.27,3.33,3.28,1,1,0,0,2.2,3.3,3.4,2.25,3.3,3.2,2.3,3.3,3.2,2.29,3.41,3.35,2.0,1.8,2.08,1.81,2.09,1.76,2022-23,Serie A,1.29647,0.765574,1652.8494873,1690.52026367,-37.67077637000011,3.6576908285250624,4.853443424936154,14.790295261494066,10.658838788990431,1.182,0.744,0.744,1.182,2.0,0.8,4.4,2.8,3.8,2.8,9.6,11.2,52.8,48.2,2.2,3.0,14.2,11.6,,
2023-04-02,Monza,Lazio,0,2,A,0,1,A,11,8,3,4,8,3,13,8,14:00,0.5,1.82,2.08,1.82,2.11,3.96,3.46,2.15,3.8,3.31,2.08,5,2,0,0,3.8,3.3,2.05,3.7,3.25,2.1,3.65,3.25,2.15,3.89,3.37,2.11,2.3,1.62,2.33,1.65,2.28,1.64,2022-23,Serie A,1.54801,0.496678,1601.07128906,1757.1986084,-156.12731934,6.462849748764837,3.9254579719770777,13.273635894357673,8.785693424495285,1.466,1.084,1.084,1.466,2.6,1.0,4.2,4.4,5.2,2.0,12.4,9.4,58.2,52.6,1.4,2.4,11.2,10.8,,
2023-04-02,Spezia,Salernitana,1,1,D,0,1,A,14,12,3,2,9,5,12,12,14:00,-0.25,2.07,1.83,2.07,1.85,2.42,3.45,3.3,2.36,3.31,3.12,0,1,0,0,2.3,3.3,3.2,2.3,3.25,3.2,2.25,3.35,3.3,2.41,3.4,3.14,2.1,1.73,2.14,1.76,2.11,1.74,2022-23,Serie A,1.67704,1.06944,1560.0168457,1557.24816895,2.7686767499999405,4.601454603316016,3.727864107844789,11.336606068649989,7.807850721357363,1.49,0.706,0.706,1.49,2.4,0.8,5.6,3.0,5.2,2.2,12.6,6.8,48.8,40.8,2.2,4.2,13.6,11.0,,
2023-04-02,Roma,Sampdoria,3,0,H,0,0,D,28,6,11,3,10,3,11,13,17:00,-1.25,2.06,1.84,2.09,1.83,1.49,4.6,9.0,1.44,4.39,8.26,3,5,0,1,1.44,4.2,9.0,1.44,4.33,7.75,1.45,4.4,7.75,1.44,4.52,8.43,2.08,1.82,2.08,1.81,2.05,1.79,2022-23,Serie A,3.16,0.249188,1781.3770752,1540.3972168,240.9798584,5.227427038330813,3.010609994674694,11.954883650423524,10.2077805778741,0.994,0.908,0.908,0.994,1.0,1.0,4.4,2.2,3.0,4.2,10.2,10.6,47.8,45.4,2.0,3.8,14.0,16.8,,
2023-04-02,Napoli,Milan,0,4,A,0,2,A,20,14,4,8,10,4,11,9,19:45,-0.75,2.02,1.88,2.02,1.88,1.81,3.9,5.15,1.76,3.69,4.83,1,2,0,0,1.73,3.6,5.0,1.75,3.7,4.6,1.77,3.65,4.7,1.78,3.75,4.96,2.06,1.84,2.07,1.83,2.02,1.82,2022-23,Serie A,,,1958.17565918,1806.34631348,151.82934569999998,7.704651620951326,4.280466173316556,15.771674660418984,10.127223603782411,2.07,1.628,1.628,2.07,3.4,3.4,5.8,2.8,6.4,4.0,19.2,14.4,62.6,60.8,2.4,1.6,9.0,12.0,,
2023-04-03,Empoli,Lecce,1,0,H,0,0,D,14,5,7,0,3,4,10,15,17:30,-0.25,2.13,1.78,2.15,1.79,2.59,3.3,3.22,2.47,3.11,3.12,3,2,1,0,2.45,3.1,3.1,2.35,3.1,3.2,2.35,3.15,3.2,2.55,3.12,3.18,2.38,1.57,2.39,1.63,2.35,1.6,2022-23,Serie A,1.78579,0.147883,1592.49475098,1574.8046875,17.690063479999935,6.831844209413283,3.5986779341450896,15.373483676316171,8.682959475589328,1.584,0.63,0.63,1.584,2.4,1.0,3.8,3.4,3.4,3.8,14.0,9.8,46.8,41.6,4.6,3.0,12.4,15.4,,
2023-04-03,Sassuolo,Torino,1,1,D,1,0,H,12,16,4,2,6,7,12,9,19:45,-0.25,2.09,1.81,2.15,1.79,2.54,3.46,3.05,2.46,3.27,2.99,1,1,0,0,2.4,3.3,3.0,2.45,3.2,2.95,2.5,3.25,2.95,2.51,3.33,3.03,2.1,1.73,2.14,1.76,2.1,1.75,2022-23,Serie A,1.37696,1.86965,1687.06762695,1664.10266113,22.96496582000009,3.423067016570275,4.248086666956016,13.98721516206941,9.011109550957505,1.268,1.346,1.346,1.268,1.2,1.6,5.8,3.2,4.4,4.4,14.4,13.8,53.6,51.0,2.4,3.2,13.6,15.0,,
2023-04-07,Salernitana,Inter,1,1,D,0,1,A,11,25,3,11,2,8,14,10,16:00,1.25,1.9,2.0,1.91,2.02,8.5,4.9,1.47,7.42,4.67,1.44,2,2,0,0,7.5,4.5,1.45,7.0,4.5,1.44,6.75,4.5,1.47,7.43,4.83,1.46,1.73,2.1,1.75,2.18,1.72,2.14,2022-23,Serie A,0.86082,2.98043,1558.56933594,,,3.6051679369039302,9.063743610446112,11.467183927415697,21.42400261614992,1.12,1.986,1.986,1.12,1.2,3.4,3.8,4.8,2.6,5.8,12.0,12.6,43.6,48.4,4.4,2.4,12.6,15.0,,
2023-04-07,Lecce,Napoli,1,2,A,0,1,A,11,9,3,3,5,4,12,9,18:00,0.75,2.02,1.88,2.03,1.9,6.2,3.81,1.71,5.78,3.67,1.68,2,1,0,0,5.75,3.6,1.65,5.5,3.6,1.66,5.25,3.6,1.7,6.2,3.68,1.69,2.2,1.67,2.23,1.72,2.18,1.69,2022-23,Serie A,0.812341,1.04784,1568.21276855,1932.31933594,-364.10656739,5.82307913766533,6.055512617101732,12.999657534890986,14.253953261663492,1.032,2.136,2.136,1.032,2.0,3.0,5.0,3.4,3.6,3.2,10.8,14.6,38.4,62.4,3.0,1.0,13.8,9.2,,
2023-04-07,Milan,Empoli,0,0,D,0,0,D,23,2,4,1,9,0,11,8,20:00,-1.25,1.84,2.06,1.87,2.06,1.4,5.2,10.5,1.37,4.9,9.08,2,2,0,0,1.36,4.75,9.0,1.36,4.8,9.0,1.4,4.5,8.75,1.38,5.04,9.12,1.8,2.0,1.79,2.1,1.79,2.05,2022-23,Serie A,,,1832.20263672,1599.08679199,233.11584473000016,4.334592774828307,3.806136667581189,16.20281210773011,9.26240946084659,1.6,0.424,0.424,1.6,3.2,0.4,4.4,1.8,4.4,1.6,16.0,7.0,51.8,40.4,3.4,3.2,13.8,12.0,,
2023-04-08,Lazio,Juventus,2,1,H,1,1,D,9,11,4,4,6,6,11,15,19:45,0.0,1.89,2.01,1.9,2.0,2.88,3.08,3.02,2.76,2.97,2.89,2,5,0,0,2.75,2.9,2.9,2.75,2.9,2.85,2.75,2.95,2.85,2.8,3.03,2.94,2.63,1.5,2.64,1.53,2.59,1.5,2022-23,Serie A,1.1873,2.18145,1764.61486816,1830.43103027,-65.81616211000005,5.499593861482822,4.642470420905706,13.023909461387513,11.891079638798864,1.488,1.372,1.372,1.488,1.8,1.4,5.6,6.0,4.0,6.0,12.8,13.6,55.6,52.8,1.2,2.6,10.6,11.0,,
2023-04-08,Verona,Sassuolo,2,1,H,0,1,A,11,17,3,5,4,10,12,14,17:30,0.0,1.92,1.98,1.92,1.99,2.7,3.45,2.8,2.65,3.33,2.74,3,4,0,0,2.63,3.3,2.7,2.6,3.25,2.75,2.65,3.3,2.75,2.67,3.44,2.77,2.04,1.86,2.03,1.87,2.01,1.81,2022-23,Serie A,0.274094,1.66876,1579.06408691,1685.21679688,-106.15270996999992,5.365878622246958,4.400603865826883,11.271555707497274,12.213285050868135,,0.97,0.97,,,1.2,,4.6,,3.4,,11.2,,46.6,,1.4,,8.0,,
2023-04-08,Torino,Roma,0,1,A,0,1,A,7,9,1,1,7,4,10,6,17:30,0.25,1.86,2.04,1.87,2.04,3.5,3.1,2.44,3.38,3.02,2.39,3,1,0,0,3.4,3.0,2.38,3.4,3.0,2.35,3.3,3.0,2.4,3.46,3.06,2.43,2.75,1.44,2.69,1.51,2.67,1.47,2022-23,Serie A,0.256844,1.10917,1665.95349121,1785.39758301,-119.44409180000002,4.796456794890379,3.6195212284703855,12.1928106546806,10.092030836587297,0.634,1.562,1.562,0.634,0.8,3.2,5.2,2.8,3.4,3.4,10.0,10.8,56.2,48.6,2.6,2.6,11.2,13.8,,
2023-04-08,Sampdoria,Cremonese,2,3,A,1,1,D,13,17,9,4,3,3,14,15,15:30,-0.25,2.02,1.88,2.05,1.86,2.41,3.37,3.3,2.35,3.28,3.18,2,3,0,0,2.38,3.25,3.2,2.3,3.25,3.1,2.35,3.25,3.1,2.4,3.34,3.21,2.1,1.73,2.2,1.73,2.17,1.7,2022-23,Serie A,2.63086,1.12248,1536.37670898,1489.26062012,47.11608885999999,3.505490807880813,3.677067946708416,9.579707355225745,10.409906900922838,0.478,1.556,1.556,0.478,0.4,2.4,4.2,6.4,4.4,7.2,9.0,16.6,49.8,48.6,2.8,2.0,15.0,12.2,,
2023-04-08,Atalanta,Bologna,0,2,A,0,0,D,15,13,6,6,6,0,6,5,15:30,-0.75,1.88,2.02,1.9,2.01,1.71,4.0,6.0,1.66,3.87,5.44,3,2,0,0,1.65,3.8,5.5,1.63,3.9,5.25,1.65,3.85,5.5,1.7,3.92,5.33,2.02,1.88,1.99,1.89,1.97,1.86,2022-23,Serie A,1.36434,1.48593,1756.32177734,1666.7364502,89.58532713999989,9.53147471633827,4.231367672724467,21.112885728028147,11.041805844694087,2.034,1.22,1.22,2.034,3.4,1.6,4.6,4.0,5.0,4.0,15.2,12.4,49.2,50.0,1.8,3.4,11.0,13.2,,
2023-04-08,Fiorentina,Spezia,1,1,D,1,1,D,19,4,4,3,8,4,12,29,13:30,-1.25,1.98,1.92,1.99,1.92,1.46,4.9,9.0,1.42,4.68,7.97,0,7,0,0,1.4,4.5,8.5,1.42,4.6,7.5,1.43,4.7,7.5,1.43,4.78,8.23,1.8,2.0,1.8,2.1,1.79,2.04,2022-23,Serie A,0.920716,1.05143,1728.02355957,1558.69567871,169.32788086000005,6.348633067139474,3.4638548614381515,18.807619064797457,10.186168330779036,2.124,1.08,1.08,2.124,3.2,0.8,5.8,6.2,6.2,4.8,18.0,13.2,56.8,47.6,2.2,4.2,13.4,14.8,,
2023-04-08,Udinese,Monza,2,2,D,1,0,H,14,12,5,5,4,2,12,21,11:30,-0.5,2.08,1.82,2.11,1.82,2.13,3.56,3.8,2.09,3.43,3.66,1,3,0,0,2.0,3.5,3.8,2.05,3.3,3.7,2.1,3.35,3.6,2.11,3.49,3.73,2.04,1.86,2.04,1.85,2.0,1.83,2022-23,Serie A,1.59287,1.44568,1676.63330078,1593.65490723,82.97839354999996,6.808929065576871,2.257673006034537,16.610906741539175,9.073419250678816,1.728,1.454,1.454,1.728,1.8,1.6,5.8,3.4,4.8,4.2,16.4,11.6,56.2,53.0,1.4,4.4,12.0,12.4,,
2023-04-14,Cremonese,Empoli,1,0,H,1,0,H,14,15,5,1,3,8,11,9,17:30,0.0,1.77,2.17,1.79,2.15,2.6,3.35,3.05,2.51,3.27,2.94,1,0,0,0,2.45,3.3,2.88,2.5,3.25,2.85,2.55,3.25,2.8,2.53,3.3,3.04,2.0,1.8,2.08,1.81,2.05,1.78,2022-23,Serie A,1.06807,0.858907,1505.03942871,1611.04919434,-106.00976562999996,1.7104902833365645,2.537424445054126,12.997892522406064,6.841606307231061,0.93,0.424,0.424,0.93,0.2,0.4,4.2,1.8,5.4,1.6,12.8,7.0,42.8,40.4,3.6,3.2,12.8,12.0,,
2023-04-14,Spezia,Lazio,0,3,A,0,1,A,6,13,2,7,2,3,12,7,19:45,0.75,1.93,2.0,1.93,1.98,5.47,3.75,1.78,5.15,3.62,1.74,3,4,1,0,5.25,3.6,1.7,5.0,3.5,1.73,5.0,3.6,1.73,5.47,3.65,1.75,2.1,1.73,2.21,1.72,2.15,1.71,2022-23,Serie A,0.725806,3.07575,1569.48583984,1778.75695801,-209.27111817000016,6.0676364022106775,3.616971981318052,12.22440404576666,8.52379561633019,1.49,1.084,1.084,1.49,2.4,1.0,5.6,4.4,5.2,2.0,12.6,9.4,48.8,52.6,2.2,2.4,13.6,10.8,,
2023-04-15,Bologna,Milan,1,1,D,1,1,D,6,19,2,5,2,6,12,17,14:00,0.25,1.78,2.13,1.81,2.12,3.26,3.25,2.5,3.12,3.15,2.46,3,4,0,0,3.1,3.1,2.45,3.1,3.2,2.37,3.05,3.1,2.45,3.2,3.17,2.5,2.3,1.62,2.44,1.6,2.35,1.6,2022-23,Serie A,,,1688.20068359,1835.93615723,-147.73547364,3.1051272190167083,4.1869774488777045,13.52686350766271,11.418149069188274,1.182,1.628,1.628,1.182,2.0,3.4,4.4,2.8,3.8,4.0,9.6,14.4,52.8,60.8,2.2,1.6,14.2,12.0,,
2023-04-15,Napoli,Verona,0,0,D,0,0,D,9,5,1,2,4,0,11,16,17:00,-1.0,1.94,1.96,1.92,1.99,1.57,4.3,7.5,1.53,4.09,6.76,1,4,0,0,1.53,4.0,6.5,1.53,4.0,6.75,1.55,4.1,6.25,1.53,4.22,7.01,2.03,1.87,2.0,1.89,1.98,1.84,2022-23,Serie A,0.325523,0.356606,1934.58007812,1594.09277344,340.4873046800001,8.469767747300885,5.1849057634155304,17.18111644027932,10.671650362500698,2.07,,,2.07,3.4,,5.8,,6.4,,19.2,,62.6,,2.4,,9.0,,,
2023-04-15,Inter,Monza,0,1,A,0,0,D,25,7,6,2,5,2,13,4,19:45,-1.25,2.04,1.86,2.04,1.87,1.48,4.75,8.5,1.44,4.52,7.69,2,2,0,0,1.44,4.5,7.5,1.43,4.4,8.0,1.47,4.4,7.0,1.45,4.67,7.7,1.8,2.0,1.83,2.06,1.8,2.04,2022-23,Serie A,1.89009,0.87771,,1602.46154785,,6.841248966699272,2.171782004023025,16.028913307927148,10.048946167119212,1.746,1.454,1.454,1.746,2.4,1.6,4.2,3.4,5.4,4.2,12.6,11.6,52.8,53.0,2.4,4.4,9.8,12.4,,
2023-04-16,Lecce,Sampdoria,1,1,D,1,0,H,30,8,11,2,11,8,16,12,11:30,-0.5,1.97,1.93,1.98,1.93,2.0,3.35,4.6,1.96,3.26,4.36,1,4,0,0,1.95,3.2,4.33,1.95,3.25,4.2,1.95,3.3,4.2,1.98,3.29,4.56,2.38,1.57,2.45,1.6,2.4,1.58,2022-23,Serie A,3.03997,0.668479,1571.77026367,1531.35510254,40.415161130000115,5.54871942511022,3.00707332978313,12.333105023260655,8.805187051916068,1.032,0.908,0.908,1.032,2.0,1.0,5.0,2.2,3.6,4.2,10.8,10.6,38.4,45.4,3.0,3.8,13.8,16.8,,
2023-04-16,Torino,Salernitana,1,1,D,0,1,A,16,8,5,1,4,2,14,14,14:00,-0.75,1.96,1.94,1.97,1.93,1.78,3.75,5.7,1.74,3.56,5.28,0,1,0,0,1.73,3.5,5.25,1.72,3.5,5.25,1.75,3.55,5.0,1.75,3.61,5.55,2.2,1.67,2.3,1.67,2.25,1.65,2022-23,Serie A,1.71858,0.495441,1665.22558594,1569.74194336,95.48364257999992,5.530971196593587,4.151909405229859,10.461873769787069,9.20523381423824,0.634,0.706,0.706,0.634,0.8,0.8,5.2,3.0,3.4,2.2,10.0,6.8,56.2,40.8,2.6,4.2,11.2,11.0,,
2023-04-16,Sassuolo,Juventus,1,0,H,0,0,D,11,13,4,3,10,13,10,5,17:00,0.5,1.83,2.07,1.84,2.08,3.83,3.6,2.1,3.72,3.46,2.04,0,1,0,0,3.8,3.5,2.0,3.8,3.5,1.95,3.65,3.45,2.05,3.77,3.54,2.08,2.06,1.84,2.07,1.83,2.03,1.8,2022-23,Serie A,1.13145,0.652728,1680.94519043,1830.10253906,-149.15734863000012,4.282044677713516,5.094980280603805,13.324810108046274,11.594053092532576,1.268,1.372,1.372,1.268,1.2,1.4,5.8,6.0,4.4,6.0,14.4,13.6,53.6,52.8,2.4,2.6,13.6,11.0,,
2023-04-16,Roma,Udinese,3,0,H,1,0,H,12,10,7,2,6,2,18,11,19:45,-0.5,1.89,2.01,1.91,2.0,1.93,3.5,4.9,1.88,3.36,4.56,1,4,0,0,1.85,3.4,4.5,1.85,3.4,4.5,1.9,3.4,4.4,1.91,3.37,4.77,2.3,1.62,2.38,1.63,2.29,1.63,2022-23,Serie A,2.41542,1.13306,1792.82067871,1678.5838623,114.23681641000007,6.8182846922205425,5.5689622832907695,17.303255766949015,12.105892525993625,0.994,0.744,0.744,0.994,1.0,0.8,4.4,2.8,3.0,2.8,10.2,11.2,47.8,48.2,2.0,3.0,14.0,11.6,,
2023-04-17,Fiorentina,Atalanta,1,1,D,0,1,A,18,6,7,1,5,1,8,20,19:45,-0.25,2.09,1.81,2.09,1.83,2.47,3.74,3.04,2.39,3.47,2.93,1,3,0,0,2.4,3.4,2.9,2.3,3.4,3.0,2.4,3.4,2.95,2.41,3.62,2.97,1.89,2.01,1.85,2.04,1.84,1.98,2022-23,Serie A,2.06843,0.717066,1733.55480957,1745.61450195,-12.059692379999888,6.899088711426316,4.942147102376142,18.871746043198307,10.199479338554536,2.124,1.866,1.866,2.124,3.2,2.4,5.8,3.2,6.2,5.0,18.0,13.4,56.8,52.8,2.2,1.4,13.4,12.6,,
2023-04-21,Verona,Bologna,2,1,H,1,0,H,9,17,5,7,4,2,11,11,19:45,0.0,1.92,2.01,1.93,2.0,2.95,3.1,2.96,2.78,3.0,2.85,2,4,0,0,2.75,3.0,2.8,2.7,3.0,2.8,2.75,3.05,2.8,2.82,3.08,2.92,2.75,1.44,2.82,1.48,2.69,1.48,2022-23,Serie A,1.58693,1.54636,1610.04064941,1699.23095703,-89.19030761999988,4.910585748164639,2.8209117818163114,11.181037138331517,11.694537229796058,,1.22,1.22,,,1.6,,4.0,,4.0,,12.4,,50.0,,3.4,,13.2,,
2023-04-22,Salernitana,Sassuolo,3,0,H,2,0,H,13,11,5,2,4,8,11,15,14:00,0.25,1.89,2.01,1.91,2.0,3.2,3.66,2.35,3.11,3.5,2.28,1,2,0,0,3.1,3.5,2.25,3.1,3.5,2.25,3.15,3.25,2.35,3.15,3.61,2.31,1.9,2.0,1.87,2.03,1.85,1.97,2022-23,Serie A,1.3216,0.548493,1581.38317871,1699.86682129,-118.48364257999992,3.0701119579359535,6.267069243884588,11.311455951610464,13.808856700578758,1.12,0.97,0.97,1.12,1.2,1.2,3.8,4.6,2.6,3.4,12.0,11.2,43.6,46.6,4.4,1.4,12.6,8.0,,
2023-04-22,Lazio,Torino,0,1,A,0,1,A,10,7,5,3,3,4,13,13,17:00,-0.5,1.85,2.05,1.88,2.04,1.91,3.45,5.25,1.85,3.33,4.88,2,4,0,0,1.83,3.4,4.75,1.83,3.3,4.6,1.85,3.35,4.7,1.88,3.33,5.12,2.63,1.5,2.59,1.54,2.56,1.51,2022-23,Serie A,0.852358,0.805452,1793.72253418,1669.54211426,124.18041991999984,5.666395907655215,5.165391111304011,11.682606307591676,11.340739700638338,1.488,1.346,1.346,1.488,1.8,1.6,5.6,3.2,4.0,4.4,12.8,13.8,55.6,51.0,1.2,3.2,10.6,15.0,,
2023-04-22,Sampdoria,Spezia,1,1,D,1,0,H,13,19,3,7,9,9,9,11,19:45,0.0,1.82,2.08,1.84,2.08,2.6,3.35,2.98,2.54,3.24,2.91,1,1,0,0,2.55,3.2,2.88,2.45,3.2,2.95,2.55,3.2,2.9,2.59,3.33,2.93,2.1,1.73,2.12,1.78,2.1,1.74,2022-23,Serie A,1.77069,2.40982,1541.55212402,1570.47790527,-28.92578125,3.336993871920542,3.6425699076254343,10.71980490348383,8.12411222051936,0.478,1.08,1.08,0.478,0.4,0.8,4.2,6.2,4.4,4.8,9.0,13.2,49.8,47.6,2.8,4.2,15.0,14.8,,
2023-04-23,Empoli,Inter,0,3,A,0,0,D,11,16,3,4,5,4,6,13,11:30,1.0,2.01,1.89,2.03,1.88,6.7,4.5,1.56,6.34,4.32,1.52,1,1,0,0,6.5,4.2,1.53,5.5,4.2,1.52,6.25,4.3,1.53,6.44,4.49,1.53,1.8,2.0,1.82,2.06,1.78,2.05,2022-23,Serie A,0.643303,1.17139,1609.13989258,,,5.554562806275523,8.709162406964076,14.91565578421078,22.616001744099947,1.584,1.986,1.986,1.584,2.4,3.4,3.8,4.8,3.4,5.8,14.0,12.6,46.8,48.4,4.6,2.4,12.4,15.0,,
2023-04-23,Monza,Fiorentina,3,2,H,2,2,D,13,10,5,5,5,3,18,15,14:00,0.25,2.06,1.84,2.12,1.8,3.75,3.55,2.12,3.6,3.43,2.08,3,3,0,0,3.7,3.4,2.05,3.5,3.4,2.05,3.5,3.4,2.1,3.74,3.53,2.09,2.0,1.8,2.08,1.81,2.03,1.79,2022-23,Serie A,1.77358,1.23977,1625.04162598,1740.64233398,-115.60070800000015,6.975233165843225,6.071623006436791,12.515757262905115,14.54040322374291,1.466,0.906,0.906,1.466,2.6,0.8,4.2,6.6,5.2,4.6,12.4,12.0,58.2,51.8,1.4,2.2,11.2,14.2,,
2023-04-23,Udinese,Cremonese,3,0,H,3,0,H,17,12,9,2,3,8,13,11,14:00,-0.75,1.96,1.94,1.95,1.95,1.75,4.0,5.0,1.72,3.85,4.8,2,3,0,0,1.7,3.8,5.0,1.68,3.9,4.8,1.75,3.85,4.5,1.74,3.93,4.97,1.88,2.02,1.89,2.0,1.85,1.97,2022-23,Serie A,1.62407,0.996906,1678.8996582,1522.90637207,155.9932861299999,5.872619377051247,3.4513786311389443,15.74060449435945,12.606604600615226,1.728,1.556,1.556,1.728,1.8,2.4,5.8,6.4,4.8,7.2,16.4,16.6,56.2,48.6,1.4,2.0,12.0,12.2,,
2023-04-23,Milan,Lecce,2,0,H,1,0,H,8,9,5,4,4,2,6,10,17:00,-1.0,1.88,2.02,1.88,2.02,1.53,4.33,7.65,1.5,4.14,7.26,1,0,0,0,1.5,4.2,7.0,1.5,4.0,7.0,1.5,4.2,6.75,1.51,4.22,7.65,2.1,1.73,2.16,1.75,2.09,1.75,2022-23,Serie A,,,1850.28393555,1577.53076172,272.7531738299999,5.889728516552205,3.7324519560967264,18.46854140515341,7.455306317059552,1.6,0.63,0.63,1.6,3.2,1.0,4.4,3.4,4.4,3.8,16.0,9.8,51.8,41.6,3.4,3.0,13.8,15.4,,
2023-04-23,Juventus,Napoli,0,1,A,0,0,D,7,17,4,6,3,6,15,11,19:45,0.0,2.03,1.87,2.04,1.87,2.93,3.45,2.7,2.85,3.17,2.63,4,1,0,0,2.88,3.1,2.6,2.87,3.1,2.55,2.65,3.3,2.65,2.9,3.25,2.66,2.2,1.67,2.23,1.71,2.23,1.67,2022-23,Serie A,0.276119,1.73457,1831.9074707,1925.1697998,-93.2623291,5.809117181287484,5.370341744734488,14.632147703535004,12.502635507775665,2.052,2.136,2.136,2.052,3.8,3.0,3.6,3.4,5.8,3.2,14.6,14.6,45.8,62.4,3.0,1.0,13.2,9.2,,
2023-04-24,Atalanta,Roma,3,1,H,1,0,H,7,14,4,1,3,4,15,11,19:45,-0.25,2.02,1.88,2.03,1.88,2.39,3.4,3.3,2.33,3.27,3.21,3,1,0,0,2.3,3.25,3.2,2.3,3.25,3.1,2.35,3.25,3.15,2.37,3.34,3.26,2.2,1.67,2.25,1.69,2.19,1.68,2022-23,Serie A,1.14526,1.52876,1754.38513184,1826.03637695,-71.65124510999999,8.354316477558847,3.746347485646924,19.075257152018764,9.728020557724864,2.034,1.562,1.562,2.034,3.4,3.2,4.6,2.8,5.0,3.4,15.2,10.8,49.2,48.6,1.8,2.6,11.0,13.8,,
2023-04-28,Lecce,Udinese,1,0,H,0,0,D,15,10,3,3,7,4,21,12,17:30,-0.25,2.1,1.8,2.13,1.82,2.58,3.2,3.27,2.49,3.08,3.16,4,2,0,0,2.45,3.0,3.2,2.4,3.1,3.1,2.5,3.1,3.0,2.52,3.13,3.27,2.5,1.53,2.51,1.59,2.43,1.57,2022-23,Serie A,1.67129,0.438409,1574.6784668,1685.12451172,-110.44604492000008,7.36581295007348,4.379308188860514,18.222070015507107,11.403928350662415,1.032,0.744,0.744,1.032,2.0,0.8,5.0,2.8,3.6,2.8,10.8,11.2,38.4,48.2,3.0,3.0,13.8,11.6,,
2023-04-28,Spezia,Monza,0,2,A,0,1,A,12,8,4,4,3,3,10,16,19:45,0.0,2.01,1.89,2.03,1.9,2.9,3.32,2.7,2.83,3.23,2.63,1,2,0,0,2.8,3.3,2.55,2.75,3.2,2.6,2.8,3.25,2.6,2.88,3.3,2.69,2.1,1.73,2.17,1.76,2.12,1.73,2022-23,Serie A,1.47171,1.13564,1570.78308105,1635.07434082,-64.29125977000012,4.711757601473786,2.11452133601535,10.149602697177777,9.032630778079476,1.49,1.454,1.454,1.49,2.4,1.6,5.6,3.4,5.2,4.2,12.6,11.6,48.8,53.0,2.2,4.4,13.6,12.4,,
2023-04-29,Roma,Milan,1,1,D,0,0,D,11,11,1,1,1,5,9,6,17:00,0.0,1.94,1.96,1.93,1.97,2.9,3.14,2.92,2.78,3.03,2.81,3,2,0,0,2.75,3.0,2.75,2.75,3.0,2.75,2.8,3.0,2.8,2.81,3.09,2.87,2.5,1.53,2.46,1.59,2.45,1.56,2022-23,Serie A,,,1813.31750488,1853.13635254,-39.818847660000074,6.545523128147029,4.791318299251803,15.535503844632675,13.945432712792185,0.994,1.628,1.628,0.994,1.0,3.4,4.4,2.8,3.0,4.0,10.2,14.4,47.8,60.8,2.0,1.6,14.0,12.0,,
2023-04-29,Torino,Atalanta,1,2,A,0,1,A,4,9,4,5,3,3,6,10,19:45,0.25,1.73,2.08,1.79,2.15,3.03,3.4,2.55,2.95,3.3,2.48,1,1,0,0,2.88,3.3,2.45,2.9,3.3,2.45,2.9,3.3,2.5,3.03,3.35,2.51,2.0,1.8,2.1,1.79,2.07,1.77,2022-23,Serie A,0.660685,0.732456,1681.90454102,1767.10400391,-85.19946289000018,5.020647464395725,3.6280980682507615,12.307915846524711,8.799652892369691,0.634,1.866,1.866,0.634,0.8,2.4,5.2,3.2,3.4,5.0,10.0,13.4,56.2,52.8,2.6,1.4,11.2,12.6,,
2023-04-30,Sassuolo,Empoli,2,1,H,0,1,A,13,7,4,1,7,5,12,10,14:00,-0.75,1.98,1.92,2.0,1.91,1.8,4.1,4.7,1.76,3.91,4.51,2,1,1,0,1.75,3.8,4.5,1.71,4.0,4.5,1.8,3.75,4.4,1.78,3.99,4.59,1.73,2.1,1.78,2.12,1.75,2.09,2022-23,Serie A,2.28513,0.792643,1682.51037598,1602.6550293,79.85534667999991,6.188029785142344,4.358282963369417,12.549873405364185,9.561070871487374,1.268,0.424,0.424,1.268,1.2,0.4,5.8,1.8,4.4,1.6,14.4,7.0,53.6,40.4,2.4,3.2,13.6,12.0,,
2023-04-30,Bologna,Juventus,1,1,D,1,0,H,16,14,6,5,4,5,12,9,19:45,0.25,1.99,1.91,1.99,1.92,3.65,3.3,2.29,3.5,3.2,2.22,2,2,0,0,3.4,3.3,2.2,3.4,3.2,2.2,3.5,3.3,2.15,3.6,3.26,2.26,2.38,1.57,2.45,1.6,2.41,1.57,2022-23,Serie A,1.94769,2.45408,1689.78552246,1825.20617676,-135.42065430000002,2.7367514793444725,7.72998685373587,11.017909005108477,12.062702061688384,1.182,1.372,1.372,1.182,2.0,1.4,4.4,6.0,3.8,6.0,9.6,13.6,52.8,52.8,2.2,2.6,14.2,11.0,,
2023-04-30,Fiorentina,Sampdoria,5,0,H,1,0,H,23,4,10,1,11,0,14,9,17:00,-1.5,1.94,1.96,1.97,1.93,1.35,5.8,11.0,1.32,5.44,9.75,2,1,0,0,1.33,5.25,9.0,1.3,5.5,9.5,1.33,5.5,8.5,1.33,5.55,9.75,1.62,2.3,1.65,2.35,1.62,2.31,2022-23,Serie A,2.0443,0.318861,1730.60974121,1541.24694824,189.3627929700001,6.266059140950878,4.67138221985542,18.581164028798874,8.536791367944046,2.124,0.908,0.908,2.124,3.2,1.0,5.8,2.2,6.2,4.2,18.0,10.6,56.8,45.4,2.2,3.8,13.4,16.8,,
2023-04-30,Inter,Lazio,3,1,H,0,1,A,25,9,9,5,2,3,13,14,11:30,-0.75,2.06,1.84,2.08,1.82,1.86,3.9,4.9,1.82,3.59,4.62,2,3,0,0,1.8,3.6,4.5,1.8,3.6,4.4,1.83,3.6,4.4,1.83,3.62,4.8,2.0,1.8,2.1,1.79,2.06,1.78,2022-23,Serie A,2.82534,0.944853,,1781.36010742,,6.227499311132849,3.411314654212035,19.019275538618096,10.015863744220129,1.746,1.084,1.084,1.746,2.4,1.0,4.2,4.4,5.4,2.0,12.6,9.4,52.8,52.6,2.4,2.4,9.8,10.8,,
2023-04-30,Napoli,Salernitana,1,1,D,0,0,D,24,5,8,2,10,0,13,11,14:00,-1.75,1.87,2.03,1.88,2.01,1.25,7.0,17.0,1.22,6.51,14.36,2,2,0,0,1.22,6.5,12.0,1.23,6.5,13.0,1.22,6.5,13.0,1.22,6.65,14.7,1.62,2.3,1.65,2.31,1.61,2.32,2022-23,Serie A,1.92667,0.250709,1931.87121582,1598.73974609,333.13146973000016,6.979845164867257,3.43460627015324,14.454077626852882,8.803489209492161,2.07,0.706,0.706,2.07,3.4,0.8,5.8,3.0,6.4,2.2,19.2,6.8,62.6,40.8,2.4,4.2,9.0,11.0,,
2023-04-30,Cremonese,Verona,1,1,D,1,0,H,12,14,5,6,3,5,10,16,14:00,0.25,1.79,2.11,1.83,2.1,3.13,3.4,2.48,3.06,3.27,2.42,0,0,1,0,3.0,3.3,2.45,3.0,3.25,2.4,2.95,3.3,2.45,3.13,3.33,2.45,2.2,1.67,2.27,1.69,2.23,1.66,2022-23,Serie A,0.547558,0.863565,1516.68151855,1619.48608398,-102.80456543000014,2.14032685555771,3.456603842277021,13.331928348270711,8.781100241667133,0.93,,,0.93,0.2,,4.2,,5.4,,12.8,,42.8,,3.6,,12.8,,,
2023-05-03,Milan,Cremonese,1,1,D,0,0,D,18,6,5,2,10,0,12,12,20:00,-1.5,1.97,1.93,1.98,1.93,1.33,5.75,12.0,1.31,5.33,10.92,0,3,0,1,1.33,5.0,9.5,1.31,5.0,10.5,1.33,5.25,10.0,1.31,5.52,11.38,1.85,2.05,1.82,2.07,1.82,2.0,2022-23,Serie A,,,1853.10998535,1518.51452637,334.5954589799999,5.2598190110348035,4.96758575409263,14.979027603435608,12.40440306707682,1.6,1.556,1.556,1.6,3.2,2.4,4.4,6.4,4.4,7.2,16.0,16.6,51.8,48.6,3.4,2.0,13.8,12.2,,
2023-05-03,Lazio,Sassuolo,2,0,H,1,0,H,13,13,5,2,1,2,13,13,20:00,-0.75,1.85,2.05,1.89,2.02,1.72,4.2,5.75,1.68,4.0,5.09,3,5,0,0,1.67,4.0,5.0,1.66,3.9,5.0,1.67,3.95,5.0,1.69,4.11,5.08,1.87,2.03,1.85,2.04,1.84,1.99,2022-23,Serie A,1.99041,0.665627,1773.49682617,1687.64465332,85.85217284999999,4.777597271770143,6.844712829256393,11.12173753839445,12.872571133719171,1.488,0.97,0.97,1.488,1.8,1.2,5.6,4.6,4.0,3.4,12.8,11.2,55.6,46.6,1.2,1.4,10.6,8.0,,
2023-05-03,Salernitana,Fiorentina,3,3,D,1,1,D,4,12,3,3,2,3,18,15,17:00,0.75,1.88,2.02,1.88,2.02,4.8,3.96,1.8,4.62,3.79,1.77,3,5,0,0,4.75,3.75,1.73,4.5,3.75,1.77,4.5,3.75,1.77,4.71,3.87,1.79,1.93,1.97,1.92,1.97,1.88,1.94,2022-23,Serie A,0.995581,1.68787,1606.63183594,1737.42736816,-130.79553222000004,3.3800746386239693,5.047748670957861,11.87430396774031,13.026935482495276,1.12,0.906,0.906,1.12,1.2,0.8,3.8,6.6,2.6,4.6,12.0,12.0,43.6,51.8,4.4,2.2,12.6,14.2,,
2023-05-03,Sampdoria,Torino,0,2,A,0,1,A,7,12,0,4,2,3,13,11,17:00,0.5,2.0,1.9,1.98,1.92,4.75,3.55,1.98,4.38,3.43,1.91,3,2,1,0,4.2,3.4,1.91,4.1,3.4,1.93,4.3,3.45,1.9,4.54,3.47,1.92,2.2,1.67,2.27,1.68,2.24,1.66,2022-23,Serie A,0.253121,2.16016,1534.42919922,1675.02392578,-140.5947265599998,5.224662581280361,4.776927407536007,11.479869935655888,9.893826467092223,0.478,1.346,1.346,0.478,0.4,1.6,4.2,3.2,4.4,4.4,9.0,13.8,49.8,51.0,2.8,3.2,15.0,15.0,,
2023-05-03,Atalanta,Spezia,3,2,H,1,1,D,14,9,6,4,12,3,8,10,17:00,-1.25,1.87,2.03,1.86,2.05,1.42,5.25,9.0,1.39,4.99,8.11,0,3,0,0,1.36,5.0,8.0,1.38,4.8,8.0,1.4,5.0,7.75,1.4,5.18,7.98,1.67,2.2,1.66,2.31,1.66,2.25,2022-23,Serie A,0.894125,0.817784,1773.98461914,1560.2467041,213.73791503999996,6.569544318372565,5.428379938416956,15.05017143467918,11.749408147012907,2.034,1.08,1.08,2.034,3.4,0.8,4.6,6.2,5.0,4.8,15.2,13.2,49.2,47.6,1.8,4.2,11.0,14.8,,
2023-05-03,Juventus,Lecce,2,1,H,2,1,H,16,14,4,5,6,7,11,10,17:00,-1.0,2.11,1.79,2.1,1.82,1.63,4.02,7.5,1.59,3.81,6.58,2,2,0,0,1.6,3.8,6.0,1.57,3.8,6.5,1.6,3.85,6.25,1.6,3.9,6.74,2.2,1.67,2.26,1.69,2.24,1.66,2022-23,Serie A,1.71206,1.3193,1822.48376465,1584.68005371,237.80371093999997,4.87274478752499,3.154967970731151,12.088098469023336,7.970204211373035,2.052,0.63,0.63,2.052,3.8,1.0,3.6,3.4,5.8,3.8,14.6,9.8,45.8,41.6,3.0,3.0,13.2,15.4,,
2023-05-03,Monza,Roma,1,1,D,1,1,D,8,14,4,8,4,3,13,15,20:00,0.25,2.03,1.87,2.03,1.88,3.79,3.34,2.29,3.65,3.18,2.19,3,4,0,1,3.75,3.1,2.15,3.6,3.2,2.15,3.55,3.15,2.2,3.74,3.22,2.22,2.5,1.53,2.48,1.59,2.45,1.56,2022-23,Serie A,0.412432,1.28561,1645.61071777,1813.34387207,-167.73315430000002,6.31682211056215,3.830898323764616,12.677171508603411,11.152013705149908,1.466,1.562,1.562,1.466,2.6,3.2,4.2,2.8,5.2,3.4,12.4,10.8,58.2,48.6,1.4,2.6,11.2,13.8,,
2023-05-03,Verona,Inter,0,6,A,0,3,A,7,20,2,10,2,7,4,11,20:00,0.75,2.02,1.88,2.03,1.88,6.0,3.95,1.74,5.41,3.78,1.69,0,0,0,0,5.5,3.75,1.67,5.25,3.75,1.68,5.25,3.8,1.67,5.65,3.87,1.68,2.1,1.73,2.11,1.78,2.08,1.77,2022-23,Serie A,0.654593,3.16521,1617.6529541,,,4.607057165443093,7.139441604642718,10.454024758887678,20.41066782939997,,1.986,1.986,,,3.4,,4.8,,5.8,,12.6,,48.4,,2.4,,15.0,,
2023-05-04,Udinese,Napoli,1,1,D,1,0,H,7,7,3,4,2,6,15,13,19:45,0.75,1.89,2.01,1.92,1.99,5.0,4.1,1.82,4.71,3.78,1.76,1,0,0,0,4.75,3.6,1.75,4.4,3.6,1.8,4.5,3.75,1.77,4.87,3.89,1.76,1.92,1.98,1.92,1.97,1.89,1.93,2022-23,Serie A,0.32403,0.35022,1675.1229248,1923.97912598,-248.85620117999997,4.915079584700832,5.580227829822992,16.160402996239633,14.001757005183777,1.728,2.136,2.136,1.728,1.8,3.0,5.8,3.4,4.8,3.2,16.4,14.6,56.2,62.4,1.4,1.0,12.0,9.2,,
2023-05-04,Empoli,Bologna,3,1,H,2,0,H,13,18,3,3,2,5,15,16,19:45,0.0,2.1,1.8,2.13,1.81,3.1,3.25,2.64,2.99,3.17,2.53,3,0,0,0,2.9,3.2,2.55,3.0,3.2,2.45,3.0,3.15,2.5,3.05,3.19,2.59,2.3,1.62,2.29,1.68,2.26,1.65,2022-23,Serie A,1.46309,1.83365,1597.52062988,1692.50793457,-94.9873046900002,5.369708537517015,2.5472745212108743,13.610437189473856,13.46302481986404,1.584,1.22,1.22,1.584,2.4,1.6,3.8,4.0,3.4,4.0,14.0,12.4,46.8,50.0,4.6,3.4,12.4,13.2,,
2023-05-06,Cremonese,Spezia,2,0,H,1,0,H,9,18,4,8,3,13,9,6,19:45,-0.25,2.03,1.87,2.06,1.87,2.41,3.5,3.2,2.35,3.38,3.08,0,2,0,0,2.35,3.4,3.0,2.25,3.4,3.1,2.35,3.4,3.0,2.4,3.49,3.14,2.06,1.84,2.07,1.85,2.02,1.8,2022-23,Serie A,0.7603,0.784032,1526.46374512,1557.62036133,-31.15661620999981,2.426884570371807,4.6189199589446375,12.887952232180476,10.832938764675273,0.93,1.08,1.08,0.93,0.2,0.8,4.2,6.2,5.4,4.8,12.8,13.2,42.8,47.6,3.6,4.2,12.8,14.8,,
2023-05-06,Roma,Inter,0,2,A,0,1,A,15,10,3,4,12,5,8,12,17:00,0.25,1.81,2.09,1.83,2.11,3.3,3.25,2.5,3.14,3.15,2.44,3,2,0,0,3.1,3.1,2.45,3.0,3.1,2.45,3.05,2.9,2.45,3.24,3.22,2.48,2.3,1.62,2.35,1.66,2.29,1.63,2022-23,Serie A,0.875041,1.22382,1809.88171387,,,4.697015418764686,7.092961069761812,14.023669229755118,20.27377855293331,0.994,1.986,1.986,0.994,1.0,3.4,4.4,4.8,3.0,5.8,10.2,12.6,47.8,48.4,2.0,2.4,14.0,15.0,,
2023-05-06,Milan,Lazio,2,0,H,2,0,H,10,8,3,0,6,4,10,8,14:00,-0.5,1.95,1.95,1.98,1.94,2.05,3.62,4.4,1.97,3.4,4.17,2,4,0,0,1.95,3.4,4.0,1.93,3.4,4.1,2.0,3.5,3.8,1.98,3.5,4.3,2.2,1.67,2.28,1.69,2.26,1.65,2022-23,Serie A,,,1845.1607666,1780.41137695,64.74938965000001,6.839879340689869,3.2742097694746906,15.986018402290409,9.677242496146752,1.6,1.084,1.084,1.6,3.2,1.0,4.4,4.4,4.4,2.0,16.0,9.4,51.8,52.6,3.4,2.4,13.8,10.8,,
2023-05-07,Atalanta,Juventus,0,2,A,0,0,D,24,10,1,5,7,3,13,16,11:30,-0.25,2.08,1.82,2.08,1.85,2.45,3.4,3.17,2.4,3.32,3.05,1,2,0,0,2.3,3.4,3.1,2.35,3.3,3.0,2.4,3.4,2.95,2.43,3.39,3.17,2.1,1.73,2.13,1.79,2.08,1.76,2022-23,Serie A,0.898943,1.43164,1776.61083984,1824.88354492,-48.27270508000015,8.379696212248376,6.819991235823913,14.70011428978612,12.70846804112559,2.034,1.372,1.372,2.034,3.4,1.4,4.6,6.0,5.0,6.0,15.2,13.6,49.2,52.8,1.8,2.6,11.0,11.0,,
2023-05-07,Torino,Monza,1,1,D,0,0,D,14,10,5,8,7,4,16,9,14:00,-0.5,1.98,1.92,2.0,1.93,2.05,3.41,4.4,1.99,3.33,4.11,2,1,0,0,2.0,3.3,4.0,1.98,3.4,3.8,2.05,3.2,3.95,2.0,3.41,4.38,2.3,1.62,2.36,1.65,2.34,1.6,2022-23,Serie A,0.773939,0.689637,1683.01977539,1649.07287598,33.946899410000015,4.3470983095971505,2.4096808906769,9.53861056434981,8.688420518719651,0.634,1.454,1.454,0.634,0.8,1.6,5.2,3.4,3.4,4.2,10.0,11.6,56.2,53.0,2.6,4.4,11.2,12.4,,
2023-05-07,Napoli,Fiorentina,1,0,H,0,0,D,10,15,3,3,0,5,12,15,17:00,-0.5,1.75,2.05,1.88,2.02,1.9,3.85,4.38,1.85,3.73,4.2,0,0,0,0,1.8,3.8,4.33,1.75,3.8,4.5,1.85,3.7,4.0,1.88,3.81,4.23,1.73,2.1,1.83,2.05,1.8,2.03,2022-23,Serie A,1.90483,1.15411,1918.63598633,1734.9329834,183.7030029299999,7.9865634432448385,4.365165780638574,17.636051751235257,12.684623654996852,2.07,0.906,0.906,2.07,3.4,0.8,5.8,6.6,6.4,4.6,19.2,12.0,62.6,51.8,2.4,2.2,9.0,14.2,,
2023-05-07,Lecce,Verona,0,1,A,0,0,D,15,9,2,3,4,4,11,13,19:45,-0.25,1.88,2.02,1.92,2.01,2.27,3.25,3.9,2.2,3.12,3.67,2,5,0,0,2.2,3.0,3.75,2.15,3.1,3.6,2.25,3.1,3.55,2.27,3.16,3.77,2.5,1.53,2.54,1.57,2.48,1.55,2022-23,Serie A,0.552346,0.591222,1582.28027344,1608.61376953,-26.33349608999993,7.2438753000489875,3.971069228184681,17.14804667700474,10.520733494444755,1.032,,,1.032,2.0,,5.0,,3.6,,10.8,,38.4,,3.0,,13.8,,,
2023-05-08,Empoli,Salernitana,2,1,H,1,0,H,11,13,4,2,8,7,10,18,17:30,-0.25,1.87,2.03,1.91,2.0,2.26,3.38,3.85,2.18,3.15,3.64,2,2,0,0,2.2,3.1,3.6,2.15,3.3,3.5,2.2,3.2,3.6,2.22,3.1,3.71,2.1,1.73,2.08,1.75,2.06,1.77,2022-23,Serie A,2.47536,0.46871,1610.97302246,1609.1262207,1.846801760000062,4.246472358344677,2.289737513435494,13.406958126315905,7.535659472994775,1.584,0.706,0.706,1.584,2.4,0.8,3.8,3.0,3.4,2.2,14.0,6.8,46.8,40.8,4.6,4.2,12.4,11.0,,
2023-05-08,Udinese,Sampdoria,2,0,H,2,0,H,13,11,6,3,7,3,15,12,17:30,-1.0,1.9,2.0,1.89,2.01,1.55,4.5,6.5,1.53,4.27,6.25,2,2,0,0,1.5,4.33,6.5,1.53,4.2,6.0,1.53,4.3,6.0,1.53,4.46,6.48,1.86,2.04,1.88,2.01,1.83,1.99,2022-23,Serie A,1.05129,0.576272,1680.46606445,1526.43334961,154.03271483999993,3.943386389800555,3.1142548132369465,13.106935330826424,7.024527578629364,1.728,0.908,0.908,1.728,1.8,1.0,5.8,2.2,4.8,4.2,16.4,10.6,56.2,45.4,1.4,3.8,12.0,16.8,,
2023-05-08,Sassuolo,Bologna,1,1,D,1,1,D,6,12,2,3,4,4,12,14,19:45,-0.25,2.05,1.85,2.07,1.85,2.42,3.6,3.1,2.36,3.45,2.99,1,1,0,0,2.3,3.5,3.0,2.35,3.4,2.95,2.4,3.2,3.1,2.39,3.53,3.06,1.88,2.02,1.88,2.0,1.86,1.96,2022-23,Serie A,0.308471,0.293231,1680.73010254,1679.05554199,1.6745605500000238,6.45868652342823,3.3648496808072497,12.699915603576123,14.97534987990936,1.268,1.22,1.22,1.268,1.2,1.6,5.8,4.0,4.4,4.0,14.4,12.4,53.6,50.0,2.4,3.4,13.6,13.2,,
2023-05-12,Lazio,Lecce,2,2,D,1,1,D,20,13,6,4,2,3,11,13,19:45,-0.75,1.94,1.96,1.96,1.96,1.75,3.72,6.0,1.72,3.57,5.52,3,5,0,0,1.7,3.5,5.5,1.7,3.5,5.5,1.67,3.5,6.0,1.73,3.66,5.79,2.3,1.62,2.4,1.63,2.36,1.6,2022-23,Serie A,1.35224,1.21029,1770.17602539,1571.0501709,199.1258544899999,3.518398181180096,4.436645313820767,11.7478250255963,9.980136140915356,1.488,0.63,0.63,1.488,1.8,1.0,5.6,3.4,4.0,3.8,12.8,9.8,55.6,41.6,1.2,3.0,10.6,15.4,,
2023-05-13,Salernitana,Atalanta,1,0,H,0,0,D,10,13,4,3,5,3,9,18,14:00,0.75,2.03,1.87,2.04,1.88,5.25,4.34,1.7,4.9,4.12,1.67,2,2,0,0,4.75,4.2,1.65,4.8,4.1,1.65,4.7,4.1,1.67,4.89,4.24,1.69,1.67,2.2,1.72,2.21,1.7,2.18,2022-23,Serie A,0.778212,1.38826,1599.65258789,1762.79125977,-163.13867187999995,2.920049759082646,3.418732045500508,9.249535978493542,8.866435261579795,1.12,1.866,1.866,1.12,1.2,2.4,3.8,3.2,2.6,5.0,12.0,13.4,43.6,52.8,4.4,1.4,12.6,12.6,,
2023-05-13,Spezia,Milan,2,0,H,0,0,D,14,14,4,3,6,9,15,11,17:00,0.5,1.96,1.94,1.96,1.94,4.4,3.6,1.99,4.17,3.5,1.93,1,1,0,0,4.2,3.5,1.91,4.1,3.5,1.9,3.95,3.5,1.95,4.32,3.52,1.94,2.03,1.87,2.03,1.86,1.98,1.84,2022-23,Serie A,,,1543.94384766,1839.57824707,-295.63439941,4.141171734315858,4.8608788661678695,10.766401798118515,12.963621808528124,1.49,1.628,1.628,1.49,2.4,3.4,5.6,2.8,5.2,4.0,12.6,14.4,48.8,60.8,2.2,1.6,13.6,12.0,,
2023-05-13,Inter,Sassuolo,4,2,H,1,0,H,11,16,3,5,1,5,12,8,19:45,-1.25,1.89,2.01,1.88,2.03,1.44,5.45,8.0,1.41,5.07,7.25,2,3,0,0,1.4,5.0,7.0,1.41,5.0,7.0,1.4,5.0,7.5,1.41,5.36,7.23,1.53,2.5,1.56,2.53,1.54,2.47,2022-23,Serie A,1.4916,2.1993,,1676.9107666,,4.818332874088567,5.229808552837596,21.012850359078733,12.91504742247945,1.746,0.97,0.97,1.746,2.4,1.2,4.2,4.6,5.4,3.4,12.6,11.2,52.8,46.6,2.4,1.4,9.8,8.0,,
2023-05-14,Verona,Torino,0,1,A,0,1,A,14,15,4,8,3,4,8,17,11:30,-0.25,2.03,1.87,2.05,1.87,2.45,3.17,3.4,2.39,3.08,3.3,3,2,0,0,2.4,3.1,3.2,2.35,3.0,3.25,2.3,3.1,3.35,2.42,3.14,3.38,2.63,1.5,2.56,1.56,2.54,1.52,2022-23,Serie A,0.409553,2.47106,1614.75073242,1678.27587891,-63.52514649,3.738038110295395,4.184618271690672,9.302683172591786,10.595884311394816,,1.346,1.346,,,1.6,,3.2,,4.4,,13.8,,51.0,,3.2,,15.0,,
2023-05-14,Bologna,Roma,0,0,D,0,0,D,12,7,3,2,3,6,12,11,17:00,0.25,1.81,2.09,1.8,2.13,3.25,3.2,2.52,3.16,3.11,2.45,2,1,0,0,3.1,3.1,2.45,3.2,3.1,2.4,3.15,3.15,2.4,3.2,3.15,2.52,2.5,1.53,2.51,1.57,2.46,1.55,2022-23,Serie A,0.303645,1.35745,1677.78161621,1799.96777344,-122.18615722999994,3.1578343195629817,3.5539322158430777,12.678606003405651,12.10134247009994,1.182,1.562,1.562,1.182,2.0,3.2,4.4,2.8,3.8,3.4,9.6,10.8,52.8,48.6,2.2,2.6,14.2,13.8,,
2023-05-14,Monza,Napoli,2,0,H,1,0,H,10,20,4,7,6,10,11,13,14:00,0.75,1.94,1.96,1.93,1.97,5.1,4.0,1.76,4.85,3.83,1.73,1,1,0,0,4.75,3.75,1.73,4.75,3.8,1.72,4.6,3.75,1.75,4.93,3.91,1.75,1.92,1.98,1.94,1.94,1.88,1.93,2022-23,Serie A,1.37675,1.11029,1648.72363281,1919.1060791,-270.38244628999996,5.5445480737081,5.720151886548662,11.118114339068942,11.667838003455852,1.466,2.136,2.136,1.466,2.6,3.0,4.2,3.4,5.2,3.2,12.4,14.6,58.2,62.4,1.4,1.0,11.2,9.2,,
2023-05-14,Fiorentina,Udinese,2,0,H,1,0,H,18,5,3,1,3,3,15,15,14:00,-0.5,2.0,1.9,2.05,1.87,2.05,3.71,4.0,1.99,3.57,3.78,3,3,1,1,1.95,3.6,3.8,1.93,3.6,3.9,2.0,3.55,3.7,2.05,3.64,3.77,1.92,1.98,1.9,1.98,1.87,1.95,2022-23,Serie A,2.33928,0.220248,1720.10974121,1682.96044922,37.14929198999994,7.844039427300587,4.252872125907009,20.054109352532585,10.935952233774945,2.124,0.744,0.744,2.124,3.2,0.8,5.8,2.8,6.2,2.8,18.0,11.2,56.8,48.2,2.2,3.0,13.4,11.6,,
2023-05-14,Juventus,Cremonese,2,0,H,0,0,D,24,3,7,2,7,0,15,5,19:45,-1.5,2.02,1.77,2.1,1.81,1.39,5.2,9.5,1.37,4.94,8.92,2,0,0,0,1.36,4.75,9.0,1.36,5.0,8.5,1.37,4.9,8.5,1.38,5.11,9.0,1.8,2.0,1.78,2.12,1.78,2.05,2022-23,Serie A,1.80205,0.0587152,1831.0748291,1535.04711914,296.02770996000004,5.248496525016661,3.311723836061754,13.39206564601556,10.26960204471788,2.052,1.556,1.556,2.052,3.8,2.4,3.6,6.4,5.8,7.2,14.6,16.6,45.8,48.6,3.0,2.0,13.2,12.2,,
2023-05-15,Sampdoria,Empoli,1,1,D,1,0,H,13,16,3,4,1,2,16,14,19:45,0.25,1.97,1.93,1.97,1.93,3.38,3.59,2.3,3.22,3.45,2.24,3,4,0,0,3.2,3.3,2.3,3.1,3.4,2.25,3.2,3.3,2.3,3.33,3.56,2.24,1.97,1.93,1.98,1.91,1.94,1.88,2022-23,Serie A,1.11997,1.13938,1518.84570312,1615.35351562,-96.5078125,4.149775054186908,4.572188642246278,9.986579957103926,8.707380580991583,0.478,0.424,0.424,0.478,0.4,0.4,4.2,1.8,4.4,1.6,9.0,7.0,49.8,40.4,2.8,3.2,15.0,12.0,,
2023-05-19,Sassuolo,Monza,1,2,A,1,0,H,13,16,4,5,6,3,10,17,19:45,-0.25,1.91,1.99,1.91,2.0,2.31,3.8,3.32,2.19,3.64,3.22,2,5,1,0,2.15,3.6,3.2,2.2,3.6,3.1,2.2,3.6,3.15,2.19,3.71,3.31,1.73,2.1,1.74,2.19,1.72,2.16,2022-23,Serie A,1.39346,1.72429,1675.37426758,1670.33581543,5.038452150000012,5.639124348952153,2.9397872604512667,10.466610402384084,9.125613679146436,1.268,1.454,1.454,1.268,1.2,1.6,5.8,3.4,4.4,4.2,14.4,11.6,53.6,53.0,2.4,4.4,13.6,12.4,,
2023-05-20,Cremonese,Bologna,1,5,A,0,3,A,13,19,2,9,3,9,7,13,14:00,0.25,1.8,2.1,1.82,2.11,3.1,3.55,2.5,2.96,3.41,2.43,1,2,0,1,2.88,3.4,2.4,2.9,3.3,2.45,2.85,3.35,2.5,3.0,3.52,2.44,2.07,1.83,2.03,1.86,2.03,1.81,2022-23,Serie A,0.994736,2.89722,1535.00085449,1682.2298584,-147.22900391000007,2.6179230469145383,3.5765664538715,11.591968154786985,13.983566586606242,0.93,1.22,1.22,0.93,0.2,1.6,4.2,4.0,5.4,4.0,12.8,12.4,42.8,50.0,3.6,3.4,12.8,13.2,,
2023-05-20,Atalanta,Verona,3,1,H,1,1,D,13,10,5,2,6,3,9,11,17:00,-1.0,1.97,1.93,2.0,1.91,1.61,4.34,7.0,1.56,4.2,5.99,1,3,0,0,1.53,4.2,6.0,1.55,4.1,6.0,1.55,4.2,6.0,1.59,4.26,5.97,1.86,2.04,1.85,2.04,1.83,2.0,2022-23,Serie A,0.969521,1.17131,1754.03735352,1609.29321289,144.74414062999995,7.919797474832251,3.980712818789787,17.800076193190748,10.013822329629836,2.034,,,2.034,3.4,,4.6,,5.0,,15.2,,49.2,,1.8,,11.0,,,
2023-05-20,Milan,Sampdoria,5,1,H,3,1,H,19,6,9,3,7,2,9,10,19:45,-2.0,2.02,1.88,2.02,1.87,1.21,7.9,21.0,1.19,7.11,16.3,1,3,0,0,1.17,7.5,17.0,1.19,7.0,15.5,1.2,7.0,15.0,1.19,7.22,16.72,1.57,2.38,1.6,2.42,1.6,2.37,2022-23,Serie A,,,1817.79992676,1522.52648926,295.2734375,6.559919560459913,3.076169875491298,13.990678934860274,8.349685052419577,1.6,0.908,0.908,1.6,3.2,1.0,4.4,2.2,4.4,4.2,16.0,10.6,51.8,45.4,3.4,3.8,13.8,16.8,,
2023-05-21,Lecce,Spezia,0,0,D,0,0,D,6,14,1,0,2,5,15,16,11:30,-0.25,1.89,2.01,1.92,1.98,2.29,3.4,3.65,2.21,3.21,3.57,2,3,0,0,2.2,3.1,3.6,2.1,3.25,3.6,2.2,3.2,3.55,2.26,3.25,3.6,2.3,1.62,2.39,1.63,2.32,1.62,2022-23,Serie A,0.20276,0.714139,1579.42138672,1566.25231934,13.169067380000117,6.162583533365992,7.412613305963092,16.43203111800316,13.221959176450182,1.032,1.08,1.08,1.032,2.0,0.8,5.0,6.2,3.6,4.8,10.8,13.2,38.4,47.6,3.0,4.2,13.8,14.8,,
2023-05-21,Torino,Fiorentina,1,1,D,0,0,D,10,8,4,1,3,3,9,11,14:00,-0.5,1.99,1.91,2.0,1.9,2.05,3.56,4.2,2.01,3.4,3.98,1,2,0,0,1.95,3.4,4.2,2.0,3.3,3.9,2.0,3.4,3.85,2.0,3.48,4.13,2.2,1.67,2.23,1.71,2.2,1.69,2022-23,Serie A,0.817959,0.697558,1688.40625,1742.78503418,-54.37878417999991,5.231398873064768,4.576777187092383,11.025740376233204,13.456415769997902,0.634,0.906,0.906,0.634,0.8,0.8,5.2,6.6,3.4,4.6,10.0,12.0,56.2,51.8,2.6,2.2,11.2,14.2,,
2023-05-21,Napoli,Inter,3,1,H,0,0,D,22,6,9,2,4,1,10,14,17:00,0.0,2.02,1.88,2.02,1.89,2.9,3.5,2.69,2.83,3.31,2.58,1,2,0,1,2.9,3.3,2.45,2.85,3.3,2.45,2.85,3.3,2.5,2.83,3.36,2.66,2.0,1.9,1.99,1.9,1.96,1.87,2022-23,Serie A,1.84578,0.730736,1902.16699219,,,5.324375628829893,6.395307379841208,15.090701167490174,16.84918570195554,2.07,1.986,1.986,2.07,3.4,3.4,5.8,4.8,6.4,5.8,19.2,12.6,62.6,48.4,2.4,2.4,9.0,15.0,,
2023-05-21,Udinese,Lazio,0,1,A,0,0,D,12,14,2,4,3,8,15,9,19:45,0.5,1.87,2.03,1.88,2.02,3.9,3.7,2.09,3.74,3.54,2.02,3,1,0,0,3.8,3.4,2.0,3.6,3.4,2.05,3.65,3.45,2.05,3.85,3.64,2.02,2.02,1.88,2.0,1.89,1.98,1.85,2022-23,Serie A,0.434889,2.09062,1677.00549316,1766.4777832,-89.47229003999996,4.96225759320037,3.5161398463164604,13.07129022055095,9.118161664097835,1.728,1.084,1.084,1.728,1.8,1.0,5.8,4.4,4.8,2.0,16.4,9.4,56.2,52.6,1.4,2.4,12.0,10.8,,
2023-05-22,Empoli,Juventus,4,1,H,2,0,H,14,19,7,4,3,7,20,19,19:45,0.75,2.0,1.9,1.99,1.91,5.5,4.1,1.74,5.17,3.85,1.69,2,2,0,0,5.5,3.75,1.65,5.0,3.75,1.7,5.25,3.7,1.7,5.26,3.95,1.7,1.99,1.91,1.97,1.92,1.94,1.88,2022-23,Serie A,3.54313,2.20387,1616.34570312,1825.22290039,-208.8771972699999,5.497648238896452,5.546660823882609,12.60463875087727,11.805645360750392,1.584,1.372,1.372,1.584,2.4,1.4,3.8,6.0,3.4,6.0,14.0,13.6,46.8,52.8,4.6,2.6,12.4,11.0,,
2023-05-22,Roma,Salernitana,2,2,D,0,1,A,22,8,5,3,6,4,9,14,17:30,-1.0,1.83,2.07,1.87,2.04,1.54,4.44,8.0,1.48,4.26,7.38,1,4,0,0,1.45,4.2,7.5,1.49,4.2,7.0,1.5,4.3,6.75,1.5,4.24,7.8,2.01,1.89,1.99,1.89,1.97,1.86,2022-23,Serie A,1.28071,1.06809,1806.08776855,1613.07946777,193.0083007799999,7.1313436125097915,3.859825008956995,14.349112819836746,9.357106315329853,0.994,0.706,0.706,0.994,1.0,0.8,4.4,3.0,3.0,2.2,10.2,6.8,47.8,40.8,2.0,4.2,14.0,11.0,,
2023-05-26,Sampdoria,Sassuolo,2,2,D,1,2,A,17,22,3,8,8,4,14,10,19:45,0.5,2.04,1.86,2.04,1.88,4.2,4.1,1.92,3.97,3.92,1.86,1,2,0,0,3.8,4.1,1.83,3.9,3.8,1.85,3.9,3.9,1.85,4.04,4.03,1.88,1.62,2.3,1.64,2.37,1.62,2.32,2022-23,Serie A,2.21953,3.04889,1519.19812012,1666.00512695,-146.80700682999986,3.099850036124606,5.153205701891731,10.991053304735953,13.943364948319632,0.478,0.97,0.97,0.478,0.4,1.2,4.2,4.6,4.4,3.4,9.0,11.2,49.8,46.6,2.8,1.4,15.0,8.0,,
2023-05-27,Salernitana,Udinese,3,2,H,1,2,A,11,10,3,4,2,1,12,22,14:00,0.0,2.01,1.89,2.02,1.88,2.81,3.64,2.61,2.72,3.46,2.54,3,3,0,1,2.7,3.5,2.55,2.65,3.5,2.5,2.7,3.5,2.55,2.78,3.55,2.59,1.84,2.06,1.86,2.03,1.82,2.01,2022-23,Serie A,0.980881,2.39811,1619.11120605,1669.98144531,-50.87023926000006,3.6133665060550975,3.8352480839380063,9.49969065232903,8.957301489183298,1.12,0.744,0.744,1.12,1.2,0.8,3.8,2.8,2.6,2.8,12.0,11.2,43.6,48.2,4.4,3.0,12.6,11.6,,
2023-05-27,Spezia,Torino,0,4,A,0,1,A,8,11,1,4,5,2,14,13,14:00,-0.25,2.05,1.85,2.09,1.83,2.48,3.38,3.25,2.4,3.24,3.11,2,2,0,0,2.38,3.25,3.1,2.37,3.25,3.0,2.35,3.25,3.1,2.45,3.34,3.14,2.2,1.67,2.31,1.67,2.23,1.67,2022-23,Serie A,1.05669,1.46948,1568.03674316,1688.54675293,-120.5100097699999,4.760781156210572,4.123078847793781,11.844267865412345,12.063922874263213,1.49,1.346,1.346,1.49,2.4,1.6,5.6,3.2,5.2,4.4,12.6,13.8,48.8,51.0,2.2,3.2,13.6,15.0,,
2023-05-27,Fiorentina,Roma,2,1,H,0,1,A,15,8,5,4,7,4,11,12,17:00,-0.25,1.75,2.05,1.78,2.14,2.2,3.56,4.0,2.07,3.4,3.71,5,3,0,0,2.05,3.5,3.6,2.1,3.3,3.6,2.2,3.5,3.2,2.08,3.51,3.82,2.2,1.67,2.2,1.72,2.19,1.69,2022-23,Serie A,2.99896,1.26818,1742.64453125,1800.05615234,-57.411621089999926,6.229359618200392,4.3692881438953854,19.369406235021724,10.400894980066628,2.124,1.562,1.562,2.124,3.2,3.2,5.8,2.8,6.2,3.4,18.0,10.8,56.8,48.6,2.2,2.6,13.4,13.8,,
2023-05-27,Inter,Atalanta,3,2,H,2,1,H,20,11,11,3,9,7,8,18,19:45,-0.75,2.02,1.77,2.1,1.81,1.91,4.0,4.4,1.85,3.81,4.08,0,1,0,0,1.83,3.8,4.0,1.82,3.7,4.1,1.85,3.8,4.0,1.86,3.91,4.24,1.73,2.1,1.76,2.15,1.72,2.14,2022-23,Serie A,2.4865,0.731442,,1759.09594727,,3.545555249392378,3.279154697000339,17.675233572719158,10.244290174386531,1.746,1.866,1.866,1.746,2.4,2.4,4.2,3.2,5.4,5.0,12.6,13.4,52.8,52.8,2.4,1.4,9.8,12.6,,
2023-05-28,Verona,Empoli,1,1,D,0,0,D,13,13,4,3,3,3,14,10,11:30,-0.75,1.91,1.99,1.92,1.99,1.73,4.28,5.25,1.69,3.9,4.98,4,0,0,0,1.7,3.8,5.0,1.7,3.8,5.0,1.65,3.85,5.25,1.71,3.98,5.13,2.0,1.9,2.01,1.88,1.95,1.87,2022-23,Serie A,1.12855,1.11829,1604.23474121,1637.60302734,-33.36828612999989,3.4920254068635974,3.7147924281641855,10.868455448394524,11.138253720661057,,0.424,0.424,,,0.4,,1.8,,1.6,,7.0,,40.4,,3.2,,12.0,,
2023-05-28,Bologna,Napoli,2,2,D,0,1,A,18,11,6,8,4,4,17,10,14:00,0.25,1.99,1.91,2.02,1.88,3.51,3.6,2.23,3.39,3.41,2.17,1,3,0,0,3.4,3.3,2.2,3.4,3.3,2.15,3.35,3.35,2.2,3.51,3.49,2.19,2.0,1.9,1.97,1.92,1.98,1.85,2022-23,Serie A,1.9362,2.0181,1693.51416016,1911.38317871,-217.86901854999996,3.1052228797086547,7.146767924365775,12.452404002270436,14.445225335637236,1.182,2.136,2.136,1.182,2.0,3.0,4.4,3.4,3.8,3.2,9.6,14.6,52.8,62.4,2.2,1.0,14.2,9.2,,
2023-05-28,Monza,Lecce,0,1,A,0,0,D,5,9,1,1,1,3,11,20,14:00,-0.25,2.08,1.73,2.15,1.79,2.6,3.33,3.16,2.48,3.19,3.0,2,3,0,0,2.45,3.3,2.9,2.55,3.1,2.85,2.5,3.25,2.95,2.51,3.31,3.06,2.3,1.62,2.37,1.63,2.31,1.62,2022-23,Serie A,0.948514,1.1109,1679.70495605,1577.63696289,102.06799316,5.696365382472067,3.957763542547178,10.745409559379295,10.986757427276904,1.466,0.63,0.63,1.466,2.6,1.0,4.2,3.4,5.2,3.8,12.4,9.8,58.2,41.6,1.4,3.0,11.2,15.4,,
2023-05-28,Lazio,Cremonese,3,2,H,2,0,H,12,11,8,5,4,3,15,8,17:00,-1.75,1.87,2.03,1.84,2.06,1.25,7.3,15.98,1.23,6.48,13.0,2,2,1,0,1.22,6.5,12.0,1.23,6.5,12.5,1.25,6.5,12.0,1.22,6.8,14.12,1.53,2.5,1.55,2.54,1.55,2.46,2022-23,Serie A,2.45341,0.381018,1773.50195312,1523.71655273,249.78540038999995,3.0122654541200644,2.207815890707836,14.4985500170642,7.8464013631452545,1.488,1.556,1.556,1.488,1.8,2.4,5.6,6.4,4.0,7.2,12.8,16.6,55.6,48.6,1.2,2.0,10.6,12.2,,
2023-05-28,Juventus,Milan,0,1,A,0,1,A,16,9,3,3,4,5,12,10,19:45,-0.25,2.05,1.85,2.07,1.84,2.43,3.58,3.22,2.36,3.37,3.06,1,2,0,0,2.3,3.4,3.1,2.3,3.3,3.1,2.35,3.35,3.05,2.41,3.48,3.08,2.1,1.73,2.11,1.79,2.11,1.75,2022-23,Serie A,,,1803.96557617,1821.1282959,-17.162719729999935,5.832331016677774,6.24058591077858,16.928043764010376,13.309081205685416,2.052,1.628,1.628,2.052,3.8,3.4,3.6,2.8,5.8,4.0,14.6,14.4,45.8,60.8,3.0,1.6,13.2,12.0,,
2023-06-02,Sassuolo,Fiorentina,1,3,A,0,0,D,5,15,2,7,2,4,7,15,19:30,0.0,1.96,1.97,1.94,1.96,2.65,4.04,2.67,2.56,3.77,2.58,4,4,2,0,2.6,3.75,2.5,2.55,3.6,2.6,2.55,3.65,2.6,2.58,3.9,2.61,1.44,2.75,1.49,2.7,1.47,2.67,2022-23,Serie A,1.03485,2.07081,1663.15576172,1750.79882812,-87.64306639999995,5.759416232634769,4.051184791394922,11.311073601589388,11.637610513331936,1.268,0.906,0.906,1.268,1.2,0.8,5.8,6.6,4.4,4.6,14.4,12.0,53.6,51.8,2.4,2.2,13.6,14.2,,
2023-06-03,Torino,Inter,0,1,A,0,1,A,17,14,5,4,6,4,6,7,17:30,-0.25,2.07,1.86,2.07,1.83,2.43,3.58,3.15,2.36,3.38,3.06,1,2,0,0,2.3,3.5,3.0,2.3,3.3,3.0,2.4,3.35,3.0,2.41,3.4,3.09,2.05,1.88,2.01,1.86,1.97,1.86,2022-23,Serie A,1.4179,0.879052,1701.16174316,,,4.487599248709845,4.596871586560805,10.683826917488805,13.232790467970364,0.634,1.986,1.986,0.634,0.8,3.4,5.2,4.8,3.4,5.8,10.0,12.6,56.2,48.4,2.6,2.4,11.2,15.0,,
2023-06-03,Cremonese,Salernitana,2,0,H,1,0,H,12,11,4,1,4,6,15,12,20:00,0.0,2.0,1.93,1.96,1.93,2.7,3.9,2.62,2.64,3.66,2.54,1,2,0,0,2.6,3.6,2.5,2.65,3.5,2.5,2.55,3.65,2.6,2.65,3.68,2.6,1.57,2.38,1.59,2.41,1.59,2.39,2022-23,Serie A,1.58052,0.396859,1521.46948242,1627.05664062,-105.58715819999998,2.745282031276359,3.9065500059713303,12.061312103191325,8.904737543553235,0.93,0.706,0.706,0.93,0.2,0.8,4.2,3.0,5.4,2.2,12.8,6.8,42.8,40.8,3.6,4.2,12.8,11.0,,
2023-06-03,Empoli,Lazio,0,2,A,0,0,D,7,21,1,11,6,7,7,10,20:00,0.25,2.0,1.8,2.08,1.82,3.53,3.84,2.16,3.41,3.66,2.08,3,2,1,0,3.25,3.75,2.1,3.3,3.7,2.05,3.35,3.65,2.1,3.48,3.72,2.09,1.73,2.1,1.71,2.2,1.71,2.17,2022-23,Serie A,0.271931,1.55959,1637.99682617,1775.41540527,-137.4185791,4.6650988259309685,5.0107598975443075,13.069759167251512,10.745441109398556,1.584,1.084,1.084,1.584,2.4,1.0,3.8,4.4,3.4,2.0,14.0,9.4,46.8,52.6,4.6,2.4,12.4,10.8,,
2023-06-04,Napoli,Sampdoria,2,0,H,0,0,D,21,6,9,4,11,0,7,7,17:30,-2.0,1.89,2.04,1.88,1.99,1.21,8.5,16.0,1.19,7.41,13.98,0,1,0,0,1.18,7.0,13.0,1.2,6.75,15.0,1.2,7.25,13.0,1.19,7.59,13.69,1.36,3.2,1.35,3.2,1.37,3.11,2022-23,Serie A,1.9182,0.64912,1906.79467773,1521.71398926,385.08068847,4.882917085886596,2.7174465836608652,17.393800778326785,7.566456701613052,2.07,0.908,0.908,2.07,3.4,1.0,5.8,2.2,6.4,4.2,19.2,10.6,62.6,45.4,2.4,3.8,9.0,16.8,,
2023-06-04,Atalanta,Monza,5,2,H,2,0,H,20,8,10,4,5,1,13,8,20:00,-1.0,1.99,1.94,1.98,1.91,1.64,4.7,5.5,1.59,4.39,5.19,1,2,0,1,1.57,4.5,5.0,1.58,4.2,5.25,1.53,4.7,5.5,1.6,4.49,5.24,1.53,2.5,1.54,2.54,1.54,2.48,2022-23,Serie A,3.6609,1.4138,1754.99853516,1667.39440918,87.60412598000016,7.279864983221501,2.959858173634178,16.2000507954605,11.417075786097625,2.034,1.454,1.454,2.034,3.4,1.6,4.6,3.4,5.0,4.2,15.2,11.6,49.2,53.0,1.8,4.4,11.0,12.4,,
2023-06-04,Lecce,Bologna,2,3,A,1,0,H,20,11,7,7,7,2,11,9,20:00,0.0,2.04,1.89,2.02,1.88,2.85,3.56,2.63,2.76,3.37,2.58,1,3,0,0,2.75,3.5,2.45,2.7,3.25,2.6,2.8,3.35,2.55,2.8,3.41,2.61,1.99,1.94,1.95,1.92,1.93,1.88,2022-23,Serie A,1.21291,0.775712,1589.6138916,1697.76904297,-108.15515137000013,4.775055688910662,5.384377635914333,12.954687412002109,15.655711057737497,1.032,1.22,1.22,1.032,2.0,1.6,5.0,4.0,3.6,4.0,10.8,12.4,38.4,50.0,3.0,3.4,13.8,13.2,,
2023-06-04,Milan,Verona,3,1,H,1,0,H,14,6,5,1,7,1,5,18,20:00,-0.75,2.04,1.89,2.03,1.86,1.85,4.0,4.95,1.79,3.75,4.5,1,4,0,0,1.73,4.0,4.5,1.85,3.6,4.1,1.83,3.8,4.1,1.8,3.82,4.58,1.94,1.99,1.92,1.95,1.91,1.92,2022-23,Serie A,,,1830.19677734,1603.50744629,226.68933104999996,6.706613040306609,3.653808545859859,15.660452623240182,10.009214886419892,1.6,,,1.6,3.2,,4.4,,4.4,,16.0,,51.8,,3.4,,13.8,,,
2023-06-04,Roma,Spezia,2,1,H,1,1,D,19,8,5,2,6,2,14,17,20:00,-0.5,2.01,1.92,1.99,1.9,2.05,3.85,4.0,1.99,3.61,3.74,2,8,0,1,1.95,3.6,3.8,1.98,3.5,3.7,1.97,3.55,3.75,1.99,3.74,3.77,2.01,1.92,1.99,1.88,1.95,1.87,2022-23,Serie A,2.28038,1.10674,1791.04431152,1555.08825684,235.95605468000008,6.754229075006529,6.608408870642062,16.899408546557833,13.481306117633457,0.994,1.08,1.08,0.994,1.0,0.8,4.4,6.2,3.0,4.8,10.2,13.2,47.8,47.6,2.0,4.2,14.0,14.8,,
2023-06-04,Udinese,Juventus,0,1,A,0,0,D,13,20,3,5,6,14,9,11,20:00,0.5,1.91,2.02,1.91,1.98,4.0,3.76,2.02,3.81,3.58,1.97,2,2,0,0,3.8,3.5,1.95,3.75,3.5,1.98,3.8,3.55,1.97,3.86,3.7,1.98,1.97,1.96,1.94,1.92,1.93,1.89,2022-23,Serie A,0.955695,1.47447,1661.70239258,1794.56347656,-132.8610839800001,4.308171728800247,6.03110721592174,12.7141934803673,14.203763573833596,1.728,1.372,1.372,1.728,1.8,1.4,5.8,6.0,4.8,6.0,16.4,13.6,56.2,52.8,1.4,2.6,12.0,11.0,,
2023-08-19,Frosinone,Napoli,1,3,A,1,2,A,4,19,1,8,4,6,14,17,17:30,1.5,1.84,2.06,1.83,2.09,10.0,5.51,1.4,8.79,5.12,1.36,3,3,0,0,8.5,5.0,1.36,8.25,5.0,1.36,8.25,5.25,1.37,8.85,5.25,1.37,1.67,2.2,1.71,2.22,1.68,2.2,2023-24,Serie A,0.871157,1.31464,1592.14172363,1904.45983887,-312.3181152400002,,6.097845282910517,,13.296816890424823,0.902,1.564,1.564,0.902,1.8,2.0,5.2,5.4,2.2,3.2,11.6,14.8,56.8,60.0,2.0,3.6,7.8,10.4,,
2023-08-19,Genoa,Fiorentina,1,4,A,0,3,A,4,9,2,5,3,4,14,13,19:45,0.25,2.0,1.9,2.0,1.91,3.6,3.54,2.27,3.41,3.34,2.21,2,3,0,0,3.4,3.25,2.2,3.25,3.3,2.25,3.35,3.35,2.2,3.54,3.36,2.23,2.1,1.73,2.1,1.79,2.06,1.77,2023-24,Serie A,0.79732,1.1197,1597.38317871,1749.2421875,-151.85900878999996,6.397711477257467,4.034123194263282,15.544486863729093,12.758407008887955,0.918,1.582,1.582,0.918,1.4,1.2,6.4,5.8,6.8,4.4,13.8,14.0,48.4,54.0,2.6,2.6,12.4,14.2,,
2023-08-19,Inter,Monza,2,0,H,1,0,H,22,12,3,2,8,3,8,13,19:45,-1.25,1.83,2.07,1.82,2.07,1.43,5.4,9.0,1.38,5.08,7.92,1,1,0,0,1.4,5.0,7.0,1.39,5.0,7.25,1.43,4.7,7.5,1.39,5.1,8.76,1.57,2.38,1.59,2.46,1.58,2.41,2023-24,Serie A,2.49549,0.581247,,1655.7755127,,5.363703499594919,2.306572115756119,18.450155715146103,10.278050524065083,2.53,0.996,0.996,2.53,3.4,1.0,9.2,5.6,8.2,5.0,18.2,12.8,63.0,52.2,2.2,5.4,9.8,13.4,,
2023-08-19,Empoli,Verona,0,1,A,0,0,D,10,10,4,4,2,4,17,18,17:30,-0.25,1.97,1.93,1.96,1.94,2.38,3.5,3.45,2.3,3.28,3.27,2,2,0,0,2.25,3.2,3.3,2.35,3.25,3.1,2.3,3.25,3.2,2.3,3.3,3.44,2.1,1.73,2.13,1.78,2.11,1.74,2023-24,Serie A,0.844727,0.690842,1626.09338379,1608.2298584,17.86352538999995,5.110065883953979,2.769205697239906,11.04650611150101,8.672809924279928,1.056,,,1.056,1.6,,6.0,,5.6,,15.4,,52.2,,3.6,,12.2,,,
2023-08-20,Roma,Salernitana,2,2,D,1,1,D,13,3,3,2,9,1,12,9,17:30,-1.0,1.93,1.97,1.93,1.98,1.58,4.33,7.5,1.53,4.07,6.83,0,4,0,0,1.53,4.0,6.5,1.53,4.0,6.5,1.55,3.95,6.5,1.53,4.18,7.16,2.1,1.73,2.16,1.76,2.1,1.75,2023-24,Serie A,2.00607,0.364297,1789.65930176,1610.06152344,179.5977783200001,6.502819383337687,4.604366670647554,17.599605697705222,9.603158362368823,1.56,0.826,0.826,1.56,2.8,1.4,5.0,3.0,5.8,3.0,13.8,9.2,50.2,45.4,3.4,4.8,14.0,13.8,,
2023-08-20,Sassuolo,Atalanta,0,2,A,0,0,D,11,16,3,6,7,7,9,13,17:30,0.25,2.03,1.87,2.02,1.89,3.65,3.8,2.2,3.35,3.62,2.12,0,0,0,0,3.5,3.4,2.1,3.25,3.6,2.1,3.35,3.6,2.1,3.39,3.63,2.18,1.62,2.3,1.63,2.38,1.62,2.33,2023-24,Serie A,0.381264,1.50058,1649.58825684,1759.28442383,-109.69616698999994,4.50627748842318,4.519436464666892,9.207382401059592,10.496193449591022,1.334,1.002,1.002,1.334,1.2,1.8,5.2,5.4,5.0,6.2,14.8,12.0,46.4,52.4,3.2,1.8,10.0,12.8,,
2023-08-20,Lecce,Lazio,2,1,H,0,1,A,23,10,7,4,5,2,12,16,19:45,0.25,2.09,1.81,2.1,1.83,4.0,3.56,2.14,3.74,3.33,2.09,3,2,0,0,3.6,3.3,2.1,3.7,3.25,2.05,3.65,3.3,2.1,3.87,3.31,2.14,2.2,1.67,2.26,1.69,2.21,1.68,2023-24,Serie A,1.75411,2.22215,1579.24304199,1779.98583984,-200.74279785,5.5167037926071085,5.673839931696206,15.30312494133474,14.163627406265704,1.176,1.626,1.626,1.176,1.8,2.0,4.4,7.6,5.4,3.8,13.8,14.0,43.8,55.6,2.6,2.8,11.6,11.6,,
2023-08-20,Udinese,Juventus,0,3,A,0,3,A,18,9,5,4,7,3,12,10,19:45,0.5,2.05,1.85,2.07,1.85,4.8,3.67,1.95,4.46,3.54,1.86,1,3,0,0,4.33,3.6,1.83,4.2,3.5,1.88,4.2,3.4,1.95,4.64,3.66,1.85,2.1,1.73,2.11,1.79,2.1,1.75,2023-24,Serie A,1.20988,1.86438,1652.03674316,1796.89624023,-144.8594970700001,4.872114485866831,8.687404810614492,12.809462320244869,16.13584238255573,1.574,1.498,1.498,1.574,2.8,2.6,4.4,4.8,3.4,4.8,12.2,12.0,35.4,42.6,2.4,1.8,13.8,13.8,,
2023-08-21,Bologna,Milan,0,2,A,0,2,A,17,10,5,6,3,6,10,4,19:45,0.5,1.89,2.01,1.89,2.01,4.2,3.75,2.05,3.9,3.49,1.99,2,2,0,0,4.0,3.4,1.95,3.7,3.4,2.0,3.85,3.45,2.0,4.02,3.52,2.01,2.0,1.8,2.08,1.81,2.05,1.78,2023-24,Serie A,,,1700.80700684,1829.89697266,-129.0899658200001,3.4034819198057704,5.827057273852388,14.301602668180292,11.872720803790278,0.972,1.51,1.51,0.972,1.6,2.8,2.4,3.4,1.4,5.0,9.6,15.4,54.0,58.0,2.6,3.2,12.8,12.2,,
2023-08-21,Torino,Cagliari,0,0,D,0,0,D,11,8,2,2,8,3,8,12,17:30,-0.75,1.88,2.02,1.88,2.04,1.74,4.0,5.8,1.68,3.73,5.47,1,1,0,0,1.67,3.75,5.25,1.68,3.7,5.25,1.67,3.75,5.5,1.67,3.86,5.78,2.1,1.73,2.2,1.72,2.16,1.7,2023-24,Serie A,1.03099,0.443184,1692.63000488,1572.9453125,119.68469237999987,4.991732832473231,6.451848799870779,12.789217944992537,16.757517981967133,1.55,0.942,0.942,1.55,3.2,1.4,5.8,4.4,6.2,4.6,12.2,10.8,53.8,43.2,2.2,2.6,11.8,12.2,,
2023-08-26,Frosinone,Atalanta,2,1,H,2,0,H,13,18,5,6,3,7,10,10,17:30,0.75,2.04,1.86,2.04,1.88,5.5,4.33,1.73,4.92,4.09,1.68,1,2,0,0,5.0,4.0,1.67,,,,4.9,3.8,1.73,5.04,4.16,1.69,1.67,2.2,1.7,2.24,1.7,2.19,2023-24,Serie A,0.760807,1.44199,1587.24780273,1766.91271973,-179.66491699999983,4.0,5.346290976444594,4.0,12.33079563306068,0.902,1.002,1.002,0.902,1.8,1.8,5.2,5.4,2.2,6.2,11.6,12.0,56.8,52.4,2.0,1.8,7.8,12.8,,
2023-08-26,Monza,Empoli,2,0,H,1,0,H,20,18,5,6,6,5,14,7,17:30,-0.5,1.95,1.95,1.95,1.95,2.0,3.75,4.2,1.95,3.54,4.05,1,2,0,0,1.91,3.5,4.2,,,,1.95,3.5,4.0,1.95,3.59,4.18,2.07,1.83,2.05,1.85,2.03,1.81,2023-24,Serie A,2.0469,1.13824,1651.17785645,1615.02709961,36.150756839999985,4.130910254981378,3.476528285442791,8.830273039586197,11.758835813774038,0.676,0.68,0.68,0.676,0.8,0.8,4.6,3.6,4.2,2.4,10.2,7.8,54.8,43.4,3.0,4.4,12.2,13.8,,
2023-08-26,Milan,Torino,4,1,H,3,1,H,17,8,7,1,2,1,13,16,19:45,-0.75,1.88,2.02,1.9,2.01,1.74,4.0,6.0,1.66,3.8,5.63,2,3,0,0,1.65,3.8,5.0,,,,1.65,3.8,5.5,1.69,3.8,5.71,2.2,1.67,2.25,1.69,2.19,1.7,2023-24,Serie A,,,1837.12463379,1686.84655762,150.27807616999985,6.80440869353774,3.4153858985291876,15.106968415493457,11.709281916175476,1.492,0.754,0.754,1.492,2.0,0.8,6.0,2.6,4.6,5.0,14.0,10.6,53.0,50.8,3.4,3.4,9.6,15.4,,
2023-08-26,Verona,Roma,2,1,H,2,0,H,5,23,3,7,1,12,17,12,19:45,0.5,2.03,1.87,2.05,1.87,4.9,3.63,1.96,4.61,3.47,1.86,1,3,1,0,4.33,3.5,1.83,,,,4.5,3.5,1.85,4.83,3.49,1.87,2.3,1.62,2.31,1.66,2.29,1.65,2023-24,Serie A,0.904461,2.00413,1616.76672363,1782.61975098,-165.85302735000005,3.3280169379090654,4.246192095930257,11.578970298929685,9.600596653377751,,0.784,0.784,,,2.2,,3.6,,3.4,,9.0,,51.0,,1.6,,12.6,,
2023-08-27,Fiorentina,Lecce,2,2,D,2,0,H,9,6,4,2,3,3,13,12,17:30,-1.0,2.08,1.82,2.14,1.78,1.67,4.2,6.1,1.6,3.96,5.9,1,3,0,0,1.57,4.2,5.75,,,,1.6,4.0,6.0,1.64,4.0,5.86,2.1,1.73,2.11,1.79,2.07,1.77,2023-24,Serie A,1.51003,0.494028,1753.73754883,1590.03051758,163.70703125,6.4862397454669285,3.6385090283647856,17.912937490014485,10.324504951517936,1.154,1.048,1.048,1.154,1.4,2.0,3.4,3.0,3.4,3.6,15.2,13.8,56.8,41.0,3.2,5.4,13.2,15.2,,
2023-08-27,Juventus,Bologna,1,1,D,0,1,A,14,9,3,4,5,1,14,13,17:30,-1.0,1.83,2.07,1.85,2.06,1.53,4.6,7.5,1.49,4.39,6.86,2,1,0,0,1.5,4.5,6.0,,,,1.47,4.4,6.75,1.51,4.42,7.08,1.93,1.97,1.94,1.94,1.91,1.92,2023-24,Serie A,0.915803,0.687398,1805.45837402,1691.05004883,114.40832519000014,5.221554011118516,4.256251757276223,16.618695842673585,14.103807371824995,1.674,1.424,1.424,1.674,3.0,2.4,4.6,3.2,5.0,1.8,15.2,11.0,43.2,63.2,1.6,3.0,13.0,14.6,,
2023-08-27,Lazio,Genoa,0,1,A,0,1,A,16,5,2,3,15,1,9,16,19:45,-1.0,2.04,1.86,2.06,1.85,1.64,4.3,6.5,1.58,4.09,5.98,4,2,0,0,1.55,4.0,6.0,,,,1.57,4.0,6.0,1.61,4.23,5.75,2.06,1.84,2.11,1.79,2.04,1.8,2023-24,Serie A,0.937895,0.69511,1766.66906738,1586.51989746,180.14916991999985,3.34151030274671,2.3991906891635777,13.665700011376137,10.458062296751685,1.482,1.286,1.286,1.482,3.0,1.6,4.4,3.2,4.0,5.8,10.8,13.2,52.0,50.2,2.2,3.0,13.2,11.2,,
2023-08-27,Napoli,Sassuolo,2,0,H,1,0,H,25,6,5,1,12,4,9,10,19:45,-1.5,1.92,1.98,1.93,1.97,1.36,6.0,9.5,1.33,5.67,8.6,0,1,0,1,1.33,5.5,8.5,,,,1.33,5.75,8.0,1.34,5.87,8.45,1.44,2.75,1.45,2.85,1.45,2.78,2023-24,Serie A,3.53489,0.145568,1906.82434082,1639.43054199,267.39379883000015,6.921944723924398,4.768803801261154,18.595867185551192,16.628909965546423,1.432,1.448,1.448,1.432,2.4,2.4,7.0,5.8,6.6,3.4,19.2,12.6,59.2,49.0,2.4,4.2,9.2,9.8,,
2023-08-28,Salernitana,Udinese,1,1,D,0,0,D,9,14,4,6,7,5,12,19,17:30,0.0,2.0,1.9,1.99,1.92,2.85,3.52,2.72,2.75,3.32,2.62,4,4,0,0,2.7,3.2,2.63,,,,2.7,3.3,2.6,2.8,3.34,2.69,2.03,1.87,2.07,1.83,2.01,1.82,2023-24,Serie A,0.559371,0.548425,1614.57177734,1640.9453125,-26.37353516000007,3.0755776707033986,2.8901653892920045,9.999793768219352,9.304867659455532,1.122,0.942,0.942,1.122,1.0,1.6,6.2,2.4,4.4,2.4,12.8,9.8,39.2,33.6,4.0,3.2,14.6,11.4,,
2023-08-28,Cagliari,Inter,0,2,A,0,2,A,12,17,2,3,4,7,9,10,19:45,1.25,1.87,2.03,1.9,2.01,7.5,5.2,1.49,6.85,4.73,1.45,1,1,0,0,7.5,4.5,1.44,,,,6.75,4.6,1.45,6.7,5.01,1.47,1.73,2.1,1.73,2.19,1.73,2.13,2023-24,Serie A,0.484344,1.25423,1576.19946289,,,2.744559165532415,4.397914391040537,11.827255635929989,13.48852697864691,1.79,1.666,1.666,1.79,3.2,2.2,6.8,2.8,10.6,3.2,17.0,11.4,47.2,51.6,2.0,2.8,13.0,13.0,,
2023-09-01,Sassuolo,Verona,3,1,H,1,0,H,16,11,7,3,10,1,8,13,17:30,-0.5,2.03,1.9,2.04,1.88,2.06,3.81,3.84,2.02,3.59,3.71,1,3,0,0,2.0,3.6,3.75,2.0,3.6,3.6,2.0,3.6,3.6,2.04,3.66,3.84,1.85,2.05,1.83,2.07,1.82,2.02,2023-24,Serie A,2.62139,0.555465,1638.62182617,1629.87487793,8.746948240000165,5.337518325615454,3.179470464826604,9.804921600706397,9.11520661618662,1.334,,,1.334,1.2,,5.2,,5.0,,14.8,,46.4,,3.2,,10.0,,,
2023-09-01,Roma,Milan,1,2,A,0,1,A,13,9,2,4,3,5,14,15,19:45,0.0,2.02,1.91,2.01,1.92,2.89,3.35,2.78,2.81,3.15,2.7,2,4,0,1,2.8,3.1,2.63,2.75,3.1,2.65,2.8,3.15,2.65,2.88,3.2,2.76,2.3,1.62,2.38,1.64,2.31,1.63,2023-24,Serie A,,,1773.17712402,1845.29052734,-72.11340331999986,7.335212922225125,5.884704849234925,16.066403798470148,11.248480535860184,1.56,1.51,1.51,1.56,2.8,2.8,5.0,3.4,5.8,5.0,13.8,15.4,50.2,58.0,3.4,3.2,14.0,12.2,,
2023-09-02,Napoli,Lazio,1,2,A,1,1,D,22,6,4,2,7,2,8,9,19:45,-0.75,1.8,2.14,1.78,2.15,1.66,4.3,6.0,1.63,4.04,5.49,1,2,0,0,1.62,4.0,5.5,1.65,3.9,5.0,1.63,3.95,5.5,1.62,4.19,5.73,1.86,2.04,1.85,2.04,1.84,1.99,2023-24,Serie A,1.04344,1.04826,1911.29858398,1754.92822266,156.37036132000003,8.614629815949598,4.449226621130804,20.730578123700795,12.775751604177138,1.432,1.626,1.626,1.432,2.4,2.0,7.0,7.6,6.6,3.8,19.2,14.0,59.2,55.6,2.4,2.8,9.2,11.6,,
2023-09-02,Atalanta,Monza,3,0,H,2,0,H,18,8,8,2,7,3,11,9,19:45,-1.0,2.05,1.75,2.11,1.82,1.69,4.33,5.5,1.63,4.17,5.2,0,3,0,0,1.62,4.0,5.25,1.62,4.2,5.0,1.63,4.1,5.25,1.64,4.27,5.32,1.73,2.1,1.75,2.16,1.72,2.14,2023-24,Serie A,1.96499,0.37036,1757.43151855,1661.35168457,96.07983397999988,6.5199099888143355,2.537714743837413,17.466700530307,10.852033682710056,1.67,0.996,0.996,1.67,2.2,1.0,6.4,5.6,8.0,5.0,17.2,12.8,50.8,52.2,1.6,5.4,11.6,13.4,,
2023-09-02,Udinese,Frosinone,0,0,D,0,0,D,12,12,6,2,3,5,14,9,17:30,-0.75,2.09,1.84,2.06,1.85,1.85,3.87,4.75,1.8,3.7,4.56,2,2,0,0,1.8,3.6,4.5,1.78,3.7,4.4,1.8,3.7,4.4,1.82,3.72,4.74,1.99,1.91,1.99,1.9,1.95,1.88,2023-24,Serie A,2.07837,2.41709,1643.40698242,1600.39465332,43.01232909999999,5.581409657244555,,14.539641546829914,,1.574,1.148,1.148,1.574,2.8,1.6,4.4,4.8,3.4,3.4,12.2,11.8,35.4,52.8,2.4,2.4,13.8,11.6,,
2023-09-02,Bologna,Cagliari,2,1,H,0,1,A,16,7,7,1,5,2,9,13,17:30,-0.75,1.95,1.98,1.96,1.94,1.76,4.0,5.53,1.72,3.72,5.17,1,2,0,0,1.7,3.75,5.0,1.7,3.75,5.0,1.7,3.8,5.0,1.75,3.63,5.47,2.0,1.9,2.0,1.89,1.95,1.88,2023-24,Serie A,2.8268,0.537052,1697.27404785,1574.30200195,122.9720459,3.2689879465371807,5.301232533247187,15.20106844545353,13.838345321311422,0.972,0.942,0.942,0.972,1.6,1.4,2.4,4.4,1.4,4.6,9.6,10.8,54.0,43.2,2.6,2.6,12.8,12.2,,
2023-09-03,Inter,Fiorentina,4,0,H,1,0,H,21,6,11,2,1,1,13,12,17:30,-0.75,1.85,2.08,1.84,2.08,1.71,4.3,5.41,1.65,4.04,5.11,1,1,0,0,1.65,3.8,5.25,1.68,4.0,4.8,1.65,4.0,5.25,1.66,4.16,5.29,1.8,2.0,1.79,2.1,1.78,2.06,2023-24,Serie A,5.21474,0.346607,,1755.66601562,,6.2424689997299465,4.022748796175522,19.63343714343074,11.505604672591971,2.53,1.582,1.582,2.53,3.4,1.2,9.2,5.8,8.2,4.4,18.2,14.0,63.0,54.0,2.2,2.6,9.8,14.2,,
2023-09-03,Torino,Genoa,1,0,H,0,0,D,10,7,3,2,4,0,13,7,17:30,-0.5,2.08,1.85,2.09,1.83,2.1,3.47,4.1,2.05,3.26,3.96,2,5,0,0,2.0,3.3,4.0,2.05,3.2,3.9,2.05,3.25,3.85,2.09,3.31,4.03,2.38,1.57,2.48,1.58,2.39,1.59,2023-24,Serie A,0.481429,0.102008,1682.34619141,1601.92626953,80.41992188000017,5.994488554982154,1.9327937927757184,12.192811963328358,8.638708197834458,1.55,1.286,1.286,1.55,3.2,1.6,5.8,3.2,6.2,5.8,12.2,13.2,53.8,50.2,2.2,3.0,11.8,11.2,,
2023-09-03,Empoli,Juventus,0,2,A,0,1,A,7,18,0,5,3,7,14,13,19:45,0.75,2.03,1.9,2.03,1.88,5.5,4.08,1.72,5.18,3.9,1.67,3,3,0,0,5.25,3.8,1.67,5.0,3.9,1.66,5.0,3.85,1.67,5.43,3.98,1.68,1.94,1.96,1.93,1.95,1.91,1.92,2023-24,Serie A,0.304187,3.04937,1608.51879883,1802.89978027,-194.38098144000017,4.07337725596932,6.791603207076329,10.697670741000676,13.757228255037154,1.056,1.498,1.498,1.056,1.6,2.6,6.0,4.8,5.6,4.8,15.4,12.0,52.2,42.6,3.6,1.8,12.2,13.8,,
2023-09-03,Lecce,Salernitana,2,0,H,1,0,H,20,11,6,4,6,5,17,15,19:45,-0.5,2.05,1.88,2.06,1.85,2.07,3.58,4.04,2.02,3.38,3.9,3,3,0,0,2.0,3.3,4.0,1.93,3.5,3.9,2.05,3.35,3.85,2.06,3.4,4.0,2.2,1.67,2.23,1.71,2.18,1.7,2023-24,Serie A,1.83665,1.05367,1597.32592773,1615.7755127,-18.449584969999933,5.344469195071406,3.4029111137650365,17.868749960889826,7.402105574912549,1.176,0.826,0.826,1.176,1.8,1.4,4.4,3.0,5.4,3.0,13.8,9.2,43.8,45.4,2.6,4.8,11.6,13.8,,
2023-09-16,Juventus,Lazio,3,1,H,2,0,H,17,16,7,5,7,9,13,13,14:00,-0.5,1.93,1.97,1.94,1.96,2.0,3.6,4.41,1.93,3.44,4.24,5,1,0,0,1.91,3.4,4.33,1.85,3.5,4.33,1.9,3.4,4.3,1.94,3.47,4.41,2.1,1.73,2.18,1.74,2.12,1.74,2023-24,Serie A,2.6734,0.704843,1809.36889648,1767.97119141,41.39770507000003,5.147702674079011,3.632817747420536,15.745797228449057,10.517167736118092,1.674,1.626,1.626,1.674,3.0,2.0,4.6,7.6,5.0,3.8,15.2,14.0,43.2,55.6,1.6,2.8,13.0,11.6,,
2023-09-16,Inter,Milan,5,1,H,2,0,H,14,9,7,2,5,0,16,13,17:00,-0.25,1.85,2.05,1.85,2.06,2.23,3.62,3.62,2.15,3.52,3.41,2,2,0,0,2.15,3.5,3.4,2.15,3.5,3.25,2.15,3.5,3.35,2.15,3.57,3.53,1.9,2.0,1.9,1.99,1.89,1.94,2023-24,Serie A,,,,1852.79980469,,4.494979333153298,5.589803232823284,20.088958095620495,10.49898702390679,2.53,1.51,1.51,2.53,3.4,2.8,9.2,3.4,8.2,5.0,18.2,15.4,63.0,58.0,2.2,3.2,9.8,12.2,,
2023-09-16,Genoa,Napoli,2,2,D,1,0,H,8,12,3,4,3,1,14,8,19:45,0.75,2.06,1.84,2.07,1.85,5.75,4.36,1.68,5.21,4.03,1.65,3,2,0,0,5.5,3.8,1.67,4.8,4.0,1.68,5.25,3.95,1.65,5.41,4.1,1.66,1.8,2.0,1.83,2.06,1.79,2.04,2023-24,Serie A,1.33007,0.984291,1596.85144043,1898.25561523,-301.4041748000002,5.265140984838312,6.0652301886070115,11.696324575819396,15.197877926949886,0.918,1.564,1.564,0.918,1.4,2.0,6.4,5.4,6.8,3.2,13.8,14.8,48.4,60.0,2.6,3.6,12.4,10.4,,
2023-09-17,Cagliari,Udinese,0,0,D,0,0,D,10,11,1,1,4,6,12,11,11:30,0.0,2.06,1.84,2.05,1.87,3.0,3.4,2.67,2.88,3.26,2.55,2,1,1,0,2.88,3.3,2.5,2.87,3.3,2.45,2.9,3.25,2.5,2.9,3.27,2.65,2.1,1.73,2.15,1.76,2.1,1.75,2023-24,Serie A,2.2007,0.836992,1570.18835449,1640.88098145,-70.6926269600001,3.1630394436882767,3.5934435928613366,11.884837090619992,10.869911772970354,1.79,0.942,0.942,1.79,3.2,1.6,6.8,2.4,10.6,2.4,17.0,9.8,47.2,33.6,2.0,3.2,13.0,11.4,,
2023-09-17,Frosinone,Sassuolo,4,2,H,1,2,A,16,18,6,7,5,6,10,9,14:00,0.0,2.05,1.85,2.05,1.86,2.83,3.68,2.59,2.77,3.49,2.51,4,2,0,0,2.8,3.4,2.5,2.7,3.5,2.45,2.75,3.45,2.5,2.83,3.52,2.57,1.86,2.04,1.85,2.05,1.83,2.0,2023-24,Serie A,2.97022,1.93433,1602.9206543,1647.90942383,-44.9887695299999,3.666666666666667,4.512535867507436,7.0,13.08593997703095,0.902,1.448,1.448,0.902,1.8,2.4,5.2,5.8,2.2,3.4,11.6,12.6,56.8,49.0,2.0,4.2,7.8,9.8,,
2023-09-17,Monza,Lecce,1,1,D,1,1,D,25,4,6,3,10,1,17,11,14:00,-0.25,1.82,2.08,1.83,2.09,2.17,3.57,3.73,2.12,3.4,3.57,6,1,1,1,2.1,3.4,3.5,2.1,3.4,3.5,2.15,3.4,3.45,2.13,3.5,3.66,2.1,1.73,2.14,1.76,2.11,1.75,2023-24,Serie A,3.29559,0.895727,1653.55322266,1607.7130127,45.84020996000004,4.753940169987586,3.425672685576524,12.55351535972413,8.883003301011959,0.676,1.048,1.048,0.676,0.8,2.0,4.6,3.0,4.2,3.6,10.2,13.8,54.8,41.0,3.0,5.4,12.2,15.2,,
2023-09-17,Roma,Empoli,7,0,H,3,0,H,14,8,9,2,2,6,15,5,19:45,-1.25,2.04,1.86,2.04,1.87,1.48,4.7,9.0,1.43,4.5,7.99,2,2,0,0,1.44,4.5,7.5,1.44,4.4,7.5,1.43,4.5,7.75,1.43,4.66,8.61,1.95,1.95,1.92,1.97,1.91,1.91,2023-24,Serie A,2.49292,0.166755,1765.66784668,1602.04968262,163.6181640599998,5.890141948150084,3.984352190295194,15.0442691989801,13.83922387584936,1.56,0.68,0.68,1.56,2.8,0.8,5.0,3.6,5.8,2.4,13.8,7.8,50.2,43.4,3.4,4.4,14.0,13.8,,
2023-09-17,Fiorentina,Atalanta,3,2,H,2,1,H,15,11,8,4,3,4,8,14,17:00,0.0,1.83,2.07,1.85,2.07,2.55,3.72,2.88,2.46,3.52,2.81,1,2,0,0,2.38,3.5,2.88,2.4,3.5,2.75,2.45,3.5,2.8,2.54,3.55,2.84,1.8,2.0,1.82,2.07,1.79,2.05,2023-24,Serie A,1.4533,0.632092,1748.06213379,1765.22998047,-17.16784668000014,5.324159830311286,5.89752731762973,14.941958326676325,14.220530422040456,1.154,1.002,1.002,1.154,1.4,1.8,3.4,5.4,3.4,6.2,15.2,12.0,56.8,52.4,3.2,1.8,13.2,12.8,,
2023-09-18,Verona,Bologna,0,0,D,0,0,D,9,11,1,4,3,4,18,10,19:45,0.25,1.88,2.02,1.85,2.06,3.15,3.46,2.52,2.98,3.31,2.44,4,2,0,0,3.1,3.3,2.38,2.95,3.3,2.4,2.95,3.3,2.45,3.15,3.39,2.41,2.1,1.73,2.16,1.75,2.1,1.75,2023-24,Serie A,0.408446,0.896605,1620.5871582,1701.38781738,-80.80065917999991,2.552011291939378,3.1708345048508155,9.385980199286456,12.402538247883331,,1.424,1.424,,,2.4,,3.2,,1.8,,11.0,,63.2,,3.0,,14.6,,
2023-09-18,Salernitana,Torino,0,3,A,0,2,A,14,11,4,3,1,2,12,16,17:30,0.25,2.02,1.88,2.03,1.88,3.77,3.44,2.29,3.51,3.23,2.21,2,2,0,0,3.6,3.25,2.2,3.4,3.25,2.2,3.45,3.2,2.25,3.73,3.27,2.2,2.2,1.67,2.34,1.65,2.24,1.66,2023-24,Serie A,0.694683,1.54562,1605.38842773,1687.42089844,-82.03247070999987,4.3837184471356,2.610257265686126,9.666529178812905,10.472854610783653,1.122,0.754,0.754,1.122,1.0,0.8,6.2,2.6,4.4,5.0,12.8,10.6,39.2,50.8,4.0,3.4,14.6,15.4,,
2023-09-22,Salernitana,Frosinone,1,1,D,0,1,A,19,9,6,3,8,6,12,12,17:30,0.0,1.82,2.11,1.83,2.12,2.6,3.47,3.04,2.52,3.26,2.95,2,2,0,0,2.5,3.2,2.9,2.45,3.2,2.95,2.55,3.25,2.85,2.59,3.3,3.01,2.1,1.73,2.15,1.78,2.11,1.75,2023-24,Serie A,0.834621,0.98737,1594.87731934,1616.21179199,-21.334472649999952,3.2558122980904,5.0,11.111019452541935,12.0,1.122,1.148,1.148,1.122,1.0,1.6,6.2,4.8,4.4,3.4,12.8,11.8,39.2,52.8,4.0,2.4,14.6,11.6,,
2023-09-22,Lecce,Genoa,1,0,H,0,0,D,18,8,3,1,4,3,12,10,19:45,-0.25,2.13,1.81,2.11,1.83,2.54,3.22,3.32,2.46,3.11,3.17,1,3,0,1,2.45,3.2,3.1,2.45,3.1,3.1,2.45,3.15,3.05,2.49,3.22,3.23,2.3,1.62,2.36,1.65,2.37,1.6,2023-24,Serie A,1.00903,0.532474,1612.56408691,1605.23010254,7.333984370000053,5.5629794633809375,1.2885291951838125,18.57916664059322,8.09247213188964,1.176,1.286,1.286,1.176,1.8,1.6,4.4,3.2,5.4,5.8,13.8,13.2,43.8,50.2,2.6,3.0,11.6,11.2,,
2023-09-23,Milan,Verona,1,0,H,1,0,H,9,10,4,2,2,3,13,9,14:00,-1.25,1.89,2.01,1.89,2.02,1.44,5.1,9.5,1.38,4.87,8.61,4,2,0,0,1.36,4.75,9.0,1.37,4.8,8.5,1.4,4.9,8.0,1.39,4.95,9.16,1.73,2.1,1.78,2.12,1.77,2.08,2023-24,Serie A,,,1842.24072266,1623.61242676,218.6282959,5.202939129025161,2.452980309884403,15.737978943662304,9.743471077457746,1.492,,,1.492,2.0,,6.0,,4.6,,14.0,,53.0,,3.4,,9.6,,,
2023-09-23,Sassuolo,Juventus,4,2,H,2,1,H,18,15,7,2,6,3,13,8,17:00,0.75,1.85,2.05,1.87,2.05,4.5,4.1,1.86,4.23,3.93,1.8,4,2,0,0,4.0,4.0,1.8,4.1,3.9,1.8,4.1,3.9,1.8,4.35,4.03,1.81,1.73,2.1,1.75,2.16,1.73,2.13,2023-24,Serie A,1.74238,1.36816,1638.95214844,1819.75683594,-180.8046875,6.891678883743636,6.8610688047175525,11.869947733804263,15.171485503358104,1.334,1.498,1.498,1.334,1.2,2.6,5.2,4.8,5.0,4.8,14.8,12.0,46.4,42.6,3.2,1.8,10.0,13.8,,
2023-09-23,Lazio,Monza,1,1,D,1,1,D,8,16,1,4,1,3,13,7,19:45,-0.75,2.02,1.88,2.04,1.88,1.84,4.0,4.8,1.8,3.82,4.42,2,2,0,0,1.8,3.8,4.2,1.8,3.7,4.33,1.8,3.75,4.3,1.8,3.94,4.52,1.9,2.0,1.88,2.02,1.85,1.96,2023-24,Serie A,1.02354,1.80956,1761.99072266,1653.03601074,108.95471192000014,7.227673535164474,2.691809829224942,14.443800007584093,9.90135578847337,1.482,0.996,0.996,1.482,3.0,1.0,4.4,5.6,4.0,5.0,10.8,12.8,52.0,52.2,2.2,5.4,13.2,13.4,,
2023-09-24,Empoli,Inter,0,1,A,0,0,D,7,23,1,6,3,6,15,11,11:30,1.5,1.91,1.99,1.93,1.98,10.0,5.8,1.37,8.92,5.42,1.33,2,2,0,0,9.0,5.25,1.33,8.25,5.25,1.35,8.25,5.5,1.35,9.73,5.6,1.33,1.57,2.38,1.56,2.53,1.55,2.47,2023-24,Serie A,0.330665,1.63518,1595.40014648,,,3.7155848373128806,5.265276260693691,9.465113827333784,14.659017985764606,1.056,1.666,1.666,1.056,1.6,2.2,6.0,2.8,5.6,3.2,15.4,11.4,52.2,51.6,3.6,2.8,12.2,13.0,,
2023-09-24,Atalanta,Cagliari,2,0,H,1,0,H,10,11,6,1,7,7,6,11,14:00,-1.25,1.9,2.0,1.93,1.98,1.45,5.2,9.0,1.39,4.94,7.85,1,2,0,0,1.4,5.0,8.0,1.4,4.8,7.5,1.4,4.9,7.5,1.41,5.11,7.79,1.67,2.2,1.69,2.25,1.68,2.22,2023-24,Serie A,1.67724,1.00314,1763.57617188,1572.95703125,190.61914062999995,6.679939992542891,4.200821688831458,17.64446702020467,11.558896880874284,1.67,0.942,0.942,1.67,2.2,1.4,6.4,4.4,8.0,4.6,17.2,10.8,50.8,43.2,1.6,2.6,11.6,12.2,,
2023-09-24,Udinese,Fiorentina,0,2,A,0,1,A,20,6,8,2,10,3,13,11,14:00,0.25,1.88,2.02,1.88,2.04,3.21,3.64,2.38,3.1,3.45,2.3,0,1,0,0,3.2,3.5,2.25,3.1,3.4,2.3,3.1,3.45,2.25,3.17,3.45,2.37,1.99,1.91,1.97,1.91,1.92,1.91,2023-24,Serie A,2.40063,0.281122,1642.44604492,1755.67871094,-113.2326660199999,4.72093977149637,3.015165864117015,13.693094364553277,9.670403115061315,1.574,1.582,1.582,1.574,2.8,1.2,4.4,5.8,3.4,4.4,12.2,14.0,35.4,54.0,2.4,2.6,13.8,14.2,,
2023-09-24,Bologna,Napoli,0,0,D,0,0,D,5,12,2,4,5,5,16,12,17:00,0.5,1.89,2.01,1.86,2.06,3.8,3.77,2.07,3.72,3.64,1.99,4,5,0,0,3.75,3.6,1.91,3.8,3.7,1.9,3.7,3.65,1.97,3.72,3.66,2.06,1.85,2.05,1.87,2.02,1.83,2.01,2023-24,Serie A,0.184666,1.84847,1702.69641113,1898.53662109,-195.84020996000004,3.8459919643581206,4.376820125738008,15.467378963635689,14.131918617966592,0.972,1.564,1.564,0.972,1.6,2.0,2.4,5.4,1.4,3.2,9.6,14.8,54.0,60.0,2.6,3.6,12.8,10.4,,
2023-09-24,Torino,Roma,1,1,D,0,0,D,13,11,4,3,7,1,4,5,19:45,0.25,1.7,2.1,1.74,2.21,3.22,3.23,2.62,3.07,3.05,2.55,0,2,0,0,3.1,2.9,2.6,3.0,3.0,2.5,3.05,3.0,2.55,3.09,3.1,2.62,2.63,1.5,2.7,1.51,2.62,1.51,2023-24,Serie A,1.10678,1.10764,1702.26586914,1780.23693848,-77.97106933999999,5.329659036654769,6.8307947306201715,11.461874642218906,14.06706443558517,1.55,0.784,0.784,1.55,3.2,2.2,5.8,3.6,6.2,3.4,12.2,9.0,53.8,51.0,2.2,1.6,11.8,12.6,,
2023-09-26,Juventus,Lecce,1,0,H,0,0,D,14,2,5,0,5,1,14,15,19:45,-1.0,1.87,2.03,1.88,2.06,1.53,4.53,8.0,1.5,4.27,7.05,2,5,0,1,1.5,4.2,7.0,1.5,4.2,6.75,1.5,4.2,7.0,1.52,4.31,7.27,1.96,1.94,1.94,1.96,1.91,1.92,2023-24,Serie A,1.64987,0.0667791,1803.70471191,1619.32324219,184.38146972000004,5.765135116052674,2.6171151237176833,16.16386481896604,7.255335534007973,1.674,1.048,1.048,1.674,3.0,2.0,4.6,3.0,5.0,3.6,15.2,13.8,43.2,41.0,1.6,5.4,13.0,15.2,,
2023-09-27,Inter,Sassuolo,1,2,A,1,0,H,13,13,3,6,8,6,10,8,19:45,-1.5,1.9,2.0,1.88,2.02,1.36,6.2,10.0,1.33,5.72,8.57,0,1,0,0,1.33,5.5,8.0,1.35,5.5,8.0,1.33,5.5,8.0,1.32,5.99,9.3,1.4,3.0,1.41,3.02,1.4,2.95,2023-24,Serie A,1.02458,1.02404,,1655.00415039,,4.663319555435532,5.008357245004958,18.05930539708033,14.7239599846873,2.53,1.448,1.448,2.53,3.4,2.4,9.2,5.8,8.2,3.4,18.2,12.6,63.0,49.0,2.2,4.2,9.8,9.8,,
2023-09-27,Lazio,Torino,2,0,H,0,0,D,6,7,3,2,4,2,12,13,19:45,-0.25,1.86,2.04,1.85,2.06,2.22,3.5,3.75,2.15,3.32,3.61,1,4,0,0,2.15,3.25,3.5,2.1,3.3,3.6,2.2,3.3,3.45,2.17,3.37,3.7,2.2,1.67,2.29,1.68,2.21,1.69,2023-24,Serie A,0.773684,0.213455,1757.73901367,1703.12512207,54.61389159999999,5.151782356776316,2.406838177124084,12.295866671722727,10.648569740522436,1.482,0.754,0.754,1.482,3.0,0.8,4.4,2.6,4.0,5.0,10.8,10.6,52.0,50.8,2.2,3.4,13.2,15.4,,
2023-09-27,Napoli,Udinese,4,1,H,2,0,H,23,13,10,3,8,4,11,10,19:45,-1.25,1.86,2.04,1.88,2.03,1.42,5.3,9.6,1.38,5.08,8.39,1,1,0,0,1.36,5.0,8.5,1.35,5.25,8.25,1.4,4.9,7.5,1.39,5.16,8.46,1.67,2.2,1.7,2.24,1.67,2.24,2023-24,Serie A,3.70921,0.82191,1894.52209473,1633.49230957,261.02978515999985,8.076419877299733,4.395629061907558,21.153718749133866,10.91327451531357,1.432,0.942,0.942,1.432,2.4,1.6,7.0,2.4,6.6,2.4,19.2,9.8,59.2,33.6,2.4,3.2,9.2,11.4,,
2023-09-27,Verona,Atalanta,0,1,A,0,1,A,11,8,2,2,4,1,10,25,17:30,0.5,2.07,1.83,2.1,1.81,4.7,3.89,1.88,4.43,3.73,1.82,2,3,0,0,4.2,3.75,1.83,4.33,3.75,1.78,4.3,3.7,1.83,4.63,3.78,1.82,1.96,1.94,1.96,1.93,1.92,1.91,2023-24,Serie A,0.325267,1.38356,1621.09936523,1767.6550293,-146.55566406999992,2.7013408612929184,5.265018211753153,9.257320132857638,13.147020281360303,,1.002,1.002,,,1.8,,5.4,,6.2,,12.0,,52.4,,1.8,,12.8,,
2023-09-27,Empoli,Salernitana,1,0,H,1,0,H,13,14,6,2,10,2,18,13,17:30,-0.25,2.05,1.85,2.05,1.87,2.42,3.52,3.33,2.34,3.27,3.22,2,1,0,0,2.3,3.3,3.2,2.3,3.3,3.1,2.3,3.3,3.15,2.41,3.22,3.31,2.0,1.8,2.12,1.78,2.05,1.79,2023-24,Serie A,2.29107,0.477434,1592.90515137,1594.07763672,-1.172485349999988,3.4770565582085875,3.935274075843358,8.643409218222523,8.601403716608367,1.056,0.826,0.826,1.056,1.6,1.4,6.0,3.0,5.6,3.0,15.4,9.2,52.2,45.4,3.6,4.8,12.2,13.8,,
2023-09-27,Cagliari,Milan,1,3,A,1,2,A,16,17,6,6,3,5,13,6,17:30,0.75,2.04,1.86,2.03,1.88,5.75,4.06,1.71,5.43,3.89,1.66,3,1,0,0,5.25,3.8,1.67,5.25,3.9,1.65,5.5,3.9,1.63,5.46,3.96,1.68,1.99,1.91,1.98,1.91,1.94,1.89,2023-24,Serie A,,,1568.8782959,1844.75378418,-275.8754882799999,3.4420262957921848,3.7265354885488566,11.25655806041333,9.999324682604527,1.79,1.51,1.51,1.79,3.2,2.8,6.8,3.4,10.6,5.0,17.0,15.4,47.2,58.0,2.0,3.2,13.0,12.2,,
2023-09-28,Frosinone,Fiorentina,1,1,D,0,1,A,11,19,3,6,8,10,6,11,17:30,0.5,1.87,2.03,1.88,2.03,3.85,3.79,2.06,3.7,3.64,2.0,3,3,0,0,3.75,3.6,1.95,3.5,3.6,2.0,3.6,3.6,2.0,3.78,3.67,2.03,1.87,2.03,1.87,2.02,1.84,2.0,2023-24,Serie A,0.976021,1.45269,1617.01147461,1764.63256836,-147.62109375,4.111111111111112,3.0101105760780102,10.0,8.446935410040878,0.902,1.582,1.582,0.902,1.8,1.2,5.2,5.8,2.2,4.4,11.6,14.0,56.8,54.0,2.0,2.6,7.8,14.2,,
2023-09-28,Monza,Bologna,0,0,D,0,0,D,12,7,3,5,7,5,9,13,17:30,-0.25,2.09,1.81,2.13,1.8,2.5,3.54,3.07,2.42,3.34,2.99,5,3,0,1,2.38,3.3,3.0,2.37,3.4,2.95,2.4,3.35,3.0,2.49,3.35,3.06,2.04,1.86,2.04,1.85,2.0,1.83,2023-24,Serie A,1.02777,1.04179,1657.28771973,1706.7109375,-49.423217770000065,6.502626779991724,3.4472230032338773,16.70234357314942,11.935025498588889,0.676,1.424,1.424,0.676,0.8,2.4,4.6,3.2,4.2,1.8,10.2,11.0,54.8,63.2,3.0,3.0,12.2,14.6,,
2023-09-28,Genoa,Roma,4,1,H,2,1,H,8,13,4,3,1,7,7,12,19:45,0.25,2.05,1.75,2.09,1.83,3.95,3.44,2.19,3.76,3.25,2.12,4,3,0,0,3.8,3.25,2.05,3.6,3.2,2.15,3.65,3.25,2.15,3.85,3.31,2.14,2.3,1.62,2.42,1.61,2.33,1.62,2023-24,Serie A,1.59801,1.29625,1598.47094727,1779.37768555,-180.90673828000013,4.5100939898922086,4.887196487080114,10.4642163838796,13.044709623723447,0.918,0.784,0.784,0.918,1.4,2.2,6.4,3.6,6.8,3.4,13.8,9.0,48.4,51.0,2.6,1.6,12.4,12.6,,
2023-09-30,Lecce,Napoli,0,4,A,0,1,A,9,15,4,6,3,7,11,11,14:00,0.75,1.92,1.98,1.93,1.98,5.03,3.95,1.8,4.73,3.8,1.76,3,2,0,0,4.75,3.8,1.75,4.4,3.7,1.78,4.6,3.75,1.75,4.84,3.9,1.76,2.01,1.89,2.0,1.88,1.95,1.87,2023-24,Serie A,0.612649,2.71689,1616.23474121,1898.08703613,-281.85229491999985,5.041986308920626,4.584546750492006,18.386111093728815,13.421279078644396,1.176,1.564,1.564,1.176,1.8,2.0,4.4,5.4,5.4,3.2,13.8,14.8,43.8,60.0,2.6,3.6,11.6,10.4,,
2023-09-30,Milan,Lazio,2,0,H,0,0,D,14,13,7,4,7,1,15,5,17:00,-0.75,2.01,1.89,2.01,1.9,1.82,3.87,5.25,1.77,3.7,4.84,3,2,0,0,1.73,3.6,5.0,1.75,3.7,4.6,1.75,3.6,5.0,1.78,3.72,5.04,2.06,1.84,2.06,1.84,2.0,1.83,2023-24,Serie A,,,1849.06884766,1765.69482422,83.37402343999997,4.1352927526834415,5.421878498280358,13.491985962441538,12.344778490745396,1.492,1.626,1.626,1.492,2.0,2.0,6.0,7.6,4.6,3.8,14.0,14.0,53.0,55.6,3.4,2.8,9.6,11.6,,
2023-09-30,Salernitana,Inter,0,4,A,0,0,D,12,16,3,6,3,3,12,10,19:45,1.25,1.97,1.93,1.97,1.93,8.3,5.0,1.46,7.79,4.78,1.42,2,1,0,0,8.0,4.75,1.4,7.25,4.75,1.42,7.5,4.8,1.4,8.16,4.81,1.43,1.67,2.15,1.72,2.19,1.7,2.19,2023-24,Serie A,0.620122,2.5554,1587.10864258,,,4.837208198726934,5.510184173795794,13.740679635027956,17.43934532384307,1.122,1.666,1.666,1.122,1.0,2.2,6.2,2.8,4.4,3.2,12.8,11.4,39.2,51.6,4.0,2.8,14.6,13.0,,
2023-10-01,Atalanta,Juventus,0,0,D,0,0,D,15,5,2,3,5,2,13,7,17:00,0.0,1.84,2.06,1.84,2.02,2.62,3.57,2.94,2.51,3.45,2.82,1,2,0,0,2.5,3.4,2.8,2.45,3.4,2.85,2.45,3.45,2.8,2.53,3.48,2.77,1.93,1.97,1.93,1.91,1.89,1.94,2023-24,Serie A,1.97735,0.203059,1773.0736084,1806.79321289,-33.71960448999994,6.78662666169526,5.574045869811703,15.096311346803112,15.114323668905405,1.67,1.498,1.498,1.67,2.2,2.6,6.4,4.8,8.0,4.8,17.2,12.0,50.8,42.6,1.6,1.8,11.6,13.8,,
2023-10-01,Roma,Frosinone,2,0,H,1,0,H,11,8,5,0,7,3,12,11,19:45,-1.25,2.09,1.81,2.06,1.81,1.49,4.68,8.5,1.45,4.43,7.62,1,2,0,0,1.44,4.2,8.0,1.46,4.4,7.0,1.45,4.4,7.25,1.45,4.36,7.55,1.94,1.96,1.91,1.93,1.91,1.91,2023-24,Serie A,0.830718,0.791935,1759.21765137,1619.88684082,139.33081055000002,4.593427965433389,5.333333333333334,14.696179465986734,11.0,1.56,1.148,1.148,1.56,2.8,1.6,5.0,4.8,5.8,3.4,13.8,11.8,50.2,52.8,3.4,2.4,14.0,11.6,,
2023-10-01,Bologna,Empoli,3,0,H,1,0,H,21,12,9,4,2,6,11,16,11:30,-0.75,1.84,2.06,1.85,2.01,1.71,4.2,5.5,1.66,4.01,5.18,2,4,0,0,1.62,4.0,5.5,1.63,4.0,5.0,1.65,4.0,5.25,1.66,3.97,5.17,1.9,2.0,1.92,1.92,1.87,1.96,2023-24,Serie A,3.28867,1.04905,1706.57861328,1599.87414551,106.70446776999984,4.23066130957208,4.65623479353013,11.978252642423794,11.892815917232909,0.972,0.68,0.68,0.972,1.6,0.8,2.4,3.6,1.4,2.4,9.6,7.8,54.0,43.4,2.6,4.4,12.8,13.8,,
2023-10-01,Udinese,Genoa,2,2,D,1,2,A,11,8,2,4,5,0,12,12,14:00,-0.25,2.06,1.84,2.01,1.85,2.44,3.35,3.45,2.38,3.15,3.26,2,2,1,0,2.38,3.1,3.2,2.3,3.2,3.2,2.4,3.15,3.2,2.38,3.07,3.35,2.3,1.6,2.35,1.61,2.33,1.62,2023-24,Serie A,1.53115,0.83333,1629.92736816,1618.63110352,11.296264640000118,6.480626514330913,1.859019463455875,15.79539624303552,8.061648087926427,1.574,1.286,1.286,1.574,2.8,1.6,4.4,3.2,3.4,5.8,12.2,13.2,35.4,50.2,2.4,3.0,13.8,11.2,,
2023-10-02,Fiorentina,Cagliari,3,0,H,2,0,H,14,6,2,4,4,2,10,10,19:45,-1.0,1.75,2.05,1.81,2.03,1.55,4.55,7.5,1.49,4.36,6.96,1,1,0,0,1.5,4.2,7.0,1.47,4.5,6.75,1.47,4.5,6.75,1.48,4.17,6.98,1.88,2.02,1.87,1.94,1.83,2.0,2023-24,Serie A,1.52678,0.81356,1761.75720215,1564.56323242,197.1939697299999,4.549439886874191,5.133881125887639,14.961305551117553,11.372597920582855,1.154,0.942,0.942,1.154,1.4,1.4,3.4,4.4,3.4,4.6,15.2,10.8,56.8,43.2,3.2,2.6,13.2,12.2,,
2023-10-02,Torino,Verona,0,0,D,0,0,D,8,5,2,2,10,1,6,11,17:30,-0.5,1.89,2.01,1.83,2.01,1.99,3.58,4.9,1.89,3.4,4.47,1,1,0,0,1.85,3.5,4.33,1.93,3.3,4.2,1.9,3.4,4.4,1.83,3.37,4.73,2.3,1.6,2.34,1.6,2.33,1.61,2023-24,Serie A,0.617691,0.273624,1695.16931152,1615.68066406,79.48864746000004,5.886439357769847,2.6353202065896024,11.974583094812605,9.828980718305164,1.55,,,1.55,3.2,,5.8,,6.2,,12.2,,53.8,,2.2,,11.8,,,
2023-10-02,Sassuolo,Monza,0,1,A,0,0,D,19,13,7,4,7,4,8,10,17:30,-0.25,1.94,1.96,1.9,1.93,2.28,4.0,3.13,2.2,3.8,3.02,0,0,0,0,2.25,3.75,2.88,2.25,3.7,2.95,2.25,3.75,2.95,2.16,3.87,3.04,1.57,2.35,1.59,2.37,1.58,2.38,2023-24,Serie A,1.49022,1.84951,1669.92944336,1657.42016602,12.509277340000152,6.594452589162425,2.7945398861499617,13.913298489202845,11.934237192315582,1.334,0.996,0.996,1.334,1.2,1.0,5.2,5.6,5.0,5.0,14.8,12.8,46.4,52.2,3.2,5.4,10.0,13.4,,
2023-10-06,Empoli,Udinese,0,0,D,0,0,D,18,11,3,1,5,7,11,15,17:30,0.25,1.85,2.05,1.86,2.07,3.26,3.52,2.43,3.12,3.34,2.38,1,2,0,0,3.1,3.25,2.38,3.0,3.3,2.35,3.05,3.3,2.4,3.24,3.31,2.43,2.0,1.9,2.0,1.9,1.97,1.87,2023-24,Serie A,1.00116,1.23968,1594.31591797,1630.4140625,-36.0981445299999,5.651371038805725,4.263752707938372,10.095606145481682,11.608849676875714,1.056,0.942,0.942,1.056,1.6,1.6,6.0,2.4,5.6,2.4,15.4,9.8,52.2,33.6,3.6,3.2,12.2,11.4,,
2023-10-06,Lecce,Sassuolo,1,1,D,0,1,A,13,14,4,1,5,3,9,15,19:45,0.0,1.88,2.02,1.89,2.03,2.65,3.62,2.82,2.57,3.5,2.74,2,3,0,0,2.55,3.4,2.7,2.5,3.4,2.7,2.6,3.45,2.7,2.6,3.56,2.8,1.8,2.0,1.81,2.09,1.79,2.06,2023-24,Serie A,1.51817,1.74518,1612.38574219,1662.61450195,-50.22875976,4.361324205947084,5.3389048300033055,15.257407395819213,14.1493066564582,1.176,1.448,1.448,1.176,1.8,2.4,4.4,5.8,5.4,3.4,13.8,12.6,43.8,49.0,2.6,4.2,11.6,9.8,,
2023-10-07,Inter,Bologna,2,2,D,2,1,H,14,8,5,3,7,7,11,9,14:00,-1.25,1.86,2.04,1.88,2.02,1.43,5.5,9.0,1.39,5.1,7.98,2,3,0,0,1.36,5.5,7.5,1.4,5.0,7.25,1.4,5.25,7.5,1.4,5.17,8.08,1.6,2.3,1.63,2.37,1.61,2.34,2023-24,Serie A,0.705274,1.04766,,1716.32214355,,5.775546370290355,3.964815335489252,16.37287026472022,10.29001699905926,2.53,1.424,1.424,2.53,3.4,2.4,9.2,3.2,8.2,1.8,18.2,11.0,63.0,63.2,2.2,3.0,9.8,14.6,,
2023-10-07,Juventus,Torino,2,0,H,0,0,D,17,10,6,1,7,3,10,8,17:00,-0.5,1.95,1.95,1.94,1.96,1.98,3.6,4.75,1.93,3.35,4.46,1,1,0,0,1.91,3.3,4.33,1.93,3.2,4.33,1.95,3.3,4.3,1.94,3.39,4.58,2.35,1.57,2.42,1.61,2.36,1.6,2023-24,Serie A,2.40906,0.592513,1809.21008301,1693.82189941,115.38818360000003,5.510090077368449,2.271225451416056,15.44257654597736,9.432379827014955,1.674,0.754,0.754,1.674,3.0,0.8,4.6,2.6,5.0,5.0,15.2,10.6,43.2,50.8,1.6,3.4,13.0,15.4,,
2023-10-07,Genoa,Milan,0,1,A,0,0,D,7,12,1,3,3,2,10,13,19:45,0.5,1.94,1.96,1.95,1.95,4.33,3.7,2.0,4.06,3.54,1.95,3,5,1,1,4.2,3.5,1.91,3.8,3.5,1.95,4.0,3.5,1.95,4.24,3.57,1.95,2.05,1.75,2.11,1.79,2.05,1.8,2023-24,Serie A,,,1622.32971191,1859.97497559,-237.64526367999997,3.3400626599281393,4.151023659032571,9.6428109225864,12.332883121736351,0.918,1.51,1.51,0.918,1.4,2.8,6.4,3.4,6.8,5.0,13.8,15.4,48.4,58.0,2.6,3.2,12.4,12.2,,
2023-10-08,Monza,Salernitana,3,0,H,2,0,H,16,8,7,5,7,7,8,16,11:30,-0.75,1.87,2.03,1.87,2.05,1.72,4.16,5.5,1.68,3.92,5.15,1,2,0,0,1.7,3.8,5.0,1.68,3.8,5.0,1.7,3.85,4.9,1.68,3.97,5.48,1.88,2.02,1.87,2.02,1.84,1.98,2023-24,Serie A,3.73783,0.999628,1668.92041016,1584.13208008,84.78833008000015,6.668417853327816,3.2901827172289053,15.134895715432949,10.400935811072245,0.676,0.826,0.826,0.676,0.8,1.4,4.6,3.0,4.2,3.0,10.2,9.2,54.8,45.4,3.0,4.8,12.2,13.8,,
2023-10-08,Frosinone,Verona,2,1,H,1,0,H,11,16,2,4,2,4,9,12,14:00,-0.25,2.06,1.84,2.08,1.83,2.46,3.45,3.25,2.38,3.28,3.13,1,4,0,0,2.35,3.3,3.1,2.3,3.3,3.1,2.35,3.3,3.1,2.45,3.22,3.23,2.1,1.7,2.21,1.72,2.13,1.73,2023-24,Serie A,1.91977,0.506291,1616.5793457,1621.21337891,-4.634033210000098,5.407407407407408,2.090213471059735,10.333333333333334,8.21932047887011,0.902,,,0.902,1.8,,5.2,,2.2,,11.6,,56.8,,2.0,,7.8,,,
2023-10-08,Lazio,Atalanta,3,2,H,2,1,H,12,12,4,4,4,6,7,10,14:00,0.0,2.03,1.87,2.06,1.85,2.97,3.48,2.7,2.81,3.3,2.61,1,1,0,0,2.7,3.3,2.63,2.7,3.3,2.55,2.7,3.3,2.6,2.93,3.26,2.63,2.03,1.87,2.04,1.86,1.99,1.85,2023-24,Serie A,1.65045,1.0016,1767.67883301,1784.45422363,-16.775390619999826,4.767854904517544,3.8433454745021023,10.197244447815152,11.431346854240203,1.482,1.002,1.002,1.482,3.0,1.8,4.4,5.4,4.0,6.2,10.8,12.0,52.0,52.4,2.2,1.8,13.2,12.8,,
2023-10-08,Cagliari,Roma,1,4,A,0,2,A,16,11,2,5,4,3,15,13,17:00,0.5,2.05,1.85,2.06,1.85,5.0,3.66,1.88,4.71,3.46,1.84,2,3,0,0,4.75,3.3,1.83,4.4,3.4,1.85,4.6,3.4,1.83,4.96,3.46,1.85,2.25,1.62,2.33,1.66,2.28,1.64,2023-24,Serie A,1.76268,3.3327,1561.71313477,1769.02099609,-207.30786132000003,3.29468419719479,5.591464324720077,12.837705373608888,13.029806415815631,1.79,0.784,0.784,1.79,3.2,2.2,6.8,3.6,10.6,3.4,17.0,9.0,47.2,51.0,2.0,1.6,13.0,12.6,,
2023-10-08,Napoli,Fiorentina,1,3,A,1,1,D,16,12,4,3,6,4,4,14,19:45,-1.0,2.05,1.85,2.04,1.88,1.66,4.42,5.7,1.61,4.22,5.32,2,4,0,0,1.6,4.2,5.5,1.6,4.2,5.0,1.6,4.2,5.25,1.62,4.26,5.6,1.62,2.25,1.67,2.29,1.64,2.24,2023-24,Serie A,1.77418,1.76863,1896.42907715,1760.640625,135.78845215,8.05094658486649,5.340073717385341,21.76914583275591,11.96462360669392,1.432,1.582,1.582,1.432,2.4,1.2,7.0,5.8,6.6,4.4,19.2,14.0,59.2,54.0,2.4,2.6,9.2,14.2,,
2023-10-21,Sassuolo,Lazio,0,2,A,0,2,A,9,18,2,6,5,7,6,10,19:45,0.0,2.04,1.86,2.01,1.9,2.78,3.85,2.58,2.71,3.66,2.5,1,5,0,0,2.7,3.5,2.5,2.65,3.7,2.45,2.7,3.6,2.5,2.71,3.72,2.57,1.62,2.25,1.66,2.31,1.63,2.29,2023-24,Serie A,0.319165,2.93562,1662.45019531,1774.97607422,-112.52587891000007,6.729635059441617,3.947918998853572,15.608865659468565,12.56318566049693,1.334,1.626,1.626,1.334,1.2,2.0,5.2,7.6,5.0,3.8,14.8,14.0,46.4,55.6,3.2,2.8,10.0,11.6,,
2023-10-21,Torino,Inter,0,3,A,0,0,D,7,14,3,4,2,4,13,8,17:00,0.75,1.93,1.97,1.94,1.96,5.5,3.83,1.79,5.11,3.7,1.74,1,2,0,0,5.5,3.6,1.7,4.75,3.6,1.75,4.9,3.7,1.73,5.39,3.72,1.74,2.06,1.84,2.07,1.83,2.02,1.82,2023-24,Serie A,0.596799,2.44253,1687.65661621,,,7.257626238513232,4.673456115863863,10.649722063208404,16.959563549228715,1.55,1.666,1.666,1.55,3.2,2.2,5.8,2.8,6.2,3.2,12.2,11.4,53.8,51.6,2.2,2.8,11.8,13.0,,
2023-10-21,Verona,Napoli,1,3,A,0,2,A,15,22,9,10,5,8,12,9,14:00,0.75,2.07,1.83,2.07,1.85,5.8,4.2,1.71,5.45,3.95,1.65,3,2,0,0,5.5,3.75,1.65,5.25,3.9,1.63,5.5,3.9,1.65,5.71,3.96,1.66,1.91,1.99,1.92,1.97,1.87,1.96,2023-24,Serie A,0.87241,2.65531,1614.06591797,1878.81726074,-264.75134276999984,3.1342272408619456,5.389697833661337,9.838213421905092,13.947519385762932,,1.564,1.564,,,2.0,,5.4,,3.2,,14.8,,60.0,,3.6,,10.4,,
2023-10-22,Roma,Monza,1,0,H,0,0,D,21,11,4,4,8,5,11,11,11:30,-0.75,1.96,1.94,1.95,1.95,1.78,3.99,5.25,1.72,3.79,4.99,2,4,0,1,1.7,3.6,5.25,1.68,3.8,5.0,1.7,3.75,4.9,1.74,3.87,5.08,1.95,1.95,1.93,1.95,1.92,1.91,2023-24,Serie A,2.53278,0.423669,1776.33190918,1677.46716309,98.86474608999993,5.39561864362226,3.1963599240999745,13.464119643991156,12.289491461543722,1.56,0.996,0.996,1.56,2.8,1.0,5.0,5.6,5.8,5.0,13.8,12.8,50.2,52.2,3.4,5.4,14.0,13.4,,
2023-10-22,Bologna,Frosinone,2,1,H,2,0,H,12,12,6,5,4,5,10,14,14:00,-0.75,1.99,1.91,1.97,1.93,1.79,3.95,5.1,1.75,3.77,4.84,2,2,0,1,1.73,3.75,5.0,1.72,3.7,4.8,1.73,3.75,4.8,1.76,3.86,4.95,1.95,1.95,1.93,1.96,1.9,1.92,2023-24,Serie A,1.63336,1.42786,1722.22961426,1623.72680664,98.50280762000013,3.4871075397147204,4.555555555555556,14.985501761615865,10.0,0.972,1.148,1.148,0.972,1.6,1.6,2.4,4.8,1.4,3.4,9.6,11.8,54.0,52.8,2.6,2.4,12.8,11.6,,
2023-10-22,Salernitana,Cagliari,2,2,D,0,0,D,13,13,2,6,8,5,11,12,14:00,-0.25,1.9,2.0,2.0,1.91,2.38,3.31,3.5,2.32,3.19,3.31,3,4,0,0,2.2,3.2,3.5,2.35,3.2,3.1,2.3,3.2,3.25,2.35,3.18,3.46,2.15,1.67,2.23,1.71,2.17,1.7,2023-24,Serie A,1.33333,1.4958,1575.58532715,1554.40234375,21.182983400000012,4.224805465817957,4.089254083925093,13.16045309001864,9.581731947055236,1.122,0.942,0.942,1.122,1.0,1.4,6.2,4.4,4.4,4.6,12.8,10.8,39.2,43.2,4.0,2.6,14.6,12.2,,
2023-10-22,Atalanta,Genoa,2,0,H,0,0,D,13,15,8,4,8,4,17,9,17:00,-1.0,1.95,1.95,1.96,1.94,1.58,4.32,7.0,1.55,4.07,6.51,4,2,0,0,1.55,3.8,6.5,1.55,3.9,6.25,1.55,4.0,6.5,1.56,4.19,6.61,2.03,1.87,2.03,1.86,1.98,1.85,2023-24,Serie A,1.97081,1.04166,1777.15698242,1618.64208984,158.51489258000015,6.191084441130174,1.2393463089705834,15.06420756453541,8.041098725284286,1.67,1.286,1.286,1.67,2.2,1.6,6.4,3.2,8.0,5.8,17.2,13.2,50.8,50.2,1.6,3.0,11.6,11.2,,
2023-10-22,Milan,Juventus,0,1,A,0,0,D,7,14,1,4,6,3,12,16,19:45,-0.25,2.0,1.9,1.97,1.93,2.41,3.4,3.45,2.3,3.28,3.31,1,4,1,0,2.25,3.4,3.2,2.25,3.3,3.25,2.3,3.35,3.2,2.32,3.29,3.42,2.1,1.7,2.19,1.74,2.15,1.72,2023-24,Serie A,,,1863.66259766,1815.37548828,48.287109380000174,5.090195168455628,4.382697246541135,13.661323974961023,11.742882445936935,1.492,1.498,1.498,1.492,2.0,2.6,6.0,4.8,4.6,4.8,14.0,12.0,53.0,42.6,3.4,1.8,9.6,13.8,,
2023-10-23,Udinese,Lecce,1,1,D,0,0,D,12,12,6,1,2,7,11,15,17:30,-0.25,1.88,2.02,1.88,2.04,2.24,3.5,3.83,2.19,3.26,3.56,3,5,0,0,2.2,3.3,3.4,2.15,3.3,3.4,2.2,3.25,3.4,2.21,3.19,3.81,2.2,1.65,2.28,1.68,2.2,1.68,2023-24,Serie A,2.58184,0.808325,1630.65625,1612.5501709,18.106079099999988,5.987084342887275,2.078076749145122,14.196930828690348,5.503557022671982,1.574,1.048,1.048,1.574,2.8,2.0,4.4,3.0,3.4,3.6,12.2,13.8,35.4,41.0,2.4,5.4,13.8,15.2,,
2023-10-23,Fiorentina,Empoli,0,2,A,0,1,A,19,7,7,3,13,3,13,17,19:45,-1.25,1.96,1.94,1.98,1.93,1.48,5.0,8.0,1.44,4.76,7.25,1,3,0,0,1.44,4.33,8.0,1.44,4.8,6.5,1.43,4.8,7.0,1.43,4.89,7.67,1.62,2.25,1.66,2.3,1.65,2.27,2023-24,Serie A,0.764401,1.79488,1778.25244141,1594.07373047,184.17871093999997,4.366293257916128,5.104156529020087,14.6408703674117,11.92854394482194,1.154,0.68,0.68,1.154,1.4,0.8,3.4,3.6,3.4,2.4,15.2,7.8,56.8,43.4,3.2,4.4,13.2,13.8,,
2023-10-27,Genoa,Salernitana,1,0,H,1,0,H,8,7,4,2,7,0,11,19,19:45,-0.75,2.0,1.93,2.01,1.92,1.83,3.85,5.3,1.75,3.67,5.06,3,4,0,0,1.73,3.6,5.25,1.72,3.6,5.0,1.73,3.6,5.0,1.76,3.72,5.17,2.15,1.67,2.2,1.75,2.16,1.72,2023-24,Serie A,0.40726,0.778619,1610.19348145,1570.38146973,39.8120117200001,3.2267084399520933,4.5267884781526035,8.761873948390933,9.600623874048164,0.918,0.826,0.826,0.918,1.4,1.4,6.4,3.0,6.8,3.0,13.8,9.2,48.4,45.4,2.6,4.8,12.4,13.8,,
2023-10-28,Sassuolo,Bologna,1,1,D,1,1,D,17,9,6,5,6,2,11,10,14:00,0.0,1.97,1.96,1.98,1.93,2.76,3.64,2.73,2.67,3.48,2.64,1,4,0,0,2.6,3.4,2.63,2.55,3.5,2.6,2.6,3.5,2.6,2.76,3.41,2.69,1.7,2.1,1.76,2.15,1.73,2.15,2023-24,Serie A,0.864789,0.829724,1650.34436035,1723.47375488,-73.1293945299999,6.153090039627745,4.9765435569928345,13.40591043964571,9.52667799937284,1.334,1.424,1.424,1.334,1.2,2.4,5.2,3.2,5.0,1.8,14.8,11.0,46.4,63.2,3.2,3.0,10.0,14.6,,
2023-10-28,Lecce,Torino,0,1,A,0,1,A,11,10,6,2,3,0,17,19,17:00,0.0,1.91,2.02,1.91,2.0,2.85,3.12,2.94,2.77,3.02,2.85,3,5,0,0,2.75,3.0,2.8,2.65,3.0,2.8,2.75,3.05,2.8,2.8,3.03,2.94,2.5,1.5,2.66,1.52,2.54,1.53,2023-24,Serie A,0.462357,1.33241,1610.79321289,1677.14624023,-66.35302734000015,4.574216137298056,2.5141503009440376,14.504938263879474,9.621586551343306,1.176,0.754,0.754,1.176,1.8,0.8,4.4,2.6,5.4,5.0,13.8,10.6,43.8,50.8,2.6,3.4,11.6,15.4,,
2023-10-28,Juventus,Verona,1,0,H,0,0,D,30,7,6,1,5,1,13,8,19:45,-1.25,1.85,2.08,1.83,2.08,1.41,5.2,10.5,1.37,4.98,9.14,3,2,0,0,1.36,5.0,8.0,1.36,4.8,8.75,1.35,5.0,8.75,1.36,5.17,9.54,1.85,2.05,1.82,2.06,1.82,2.02,2023-24,Serie A,3.64831,0.318759,1822.42883301,1606.17053223,216.25830078000013,6.006726718245633,2.7268089807064904,15.96171769731824,10.81288031924674,1.674,,,1.674,3.0,,4.6,,5.0,,15.2,,43.2,,1.6,,13.0,,,
2023-10-29,Inter,Roma,1,0,H,0,0,D,19,3,3,1,8,0,14,9,17:00,-0.75,1.82,2.11,1.83,2.1,1.7,4.1,5.8,1.64,3.94,5.56,3,4,0,0,1.62,4.0,5.5,1.6,4.0,5.5,1.63,3.95,5.5,1.65,4.0,5.78,2.03,1.87,2.02,1.88,1.98,1.86,2023-24,Serie A,2.25314,0.495306,,1782.58532715,,6.18369758019357,4.727642883146718,15.58191350981348,12.353204277210422,2.53,0.784,0.784,2.53,3.4,2.2,9.2,3.6,8.2,3.4,18.2,9.0,63.0,51.0,2.2,1.6,9.8,12.6,,
2023-10-29,Napoli,Milan,2,2,D,0,2,A,17,20,4,6,6,4,14,10,19:45,-0.25,1.95,1.98,1.97,1.93,2.32,3.5,3.5,2.25,3.37,3.31,4,3,1,0,2.2,3.4,3.3,2.2,3.4,3.2,2.25,3.4,3.25,2.3,3.37,3.38,2.04,1.86,2.05,1.85,1.99,1.85,2023-24,Serie A,,,1884.40393066,1837.67443848,46.72949218000008,7.367297723244326,3.434015772688381,19.846097221837276,12.221922081157569,1.432,1.51,1.51,1.432,2.4,2.8,7.0,3.4,6.6,5.0,19.2,15.4,59.2,58.0,2.4,3.2,9.2,12.2,,
2023-10-29,Monza,Udinese,1,1,D,1,0,H,10,10,4,3,10,3,15,11,14:00,-0.25,1.75,2.05,1.85,2.07,2.17,3.65,3.76,2.1,3.52,3.54,2,1,0,0,2.0,3.6,3.6,2.05,3.5,3.5,2.05,3.55,3.5,2.14,3.54,3.58,1.92,1.98,1.94,1.94,1.88,1.94,2023-24,Serie A,0.40283,1.05616,1669.32202148,1625.49462891,43.82739257000003,6.778945235551878,5.175835138625581,15.423263810288637,11.40589978458381,0.676,0.942,0.942,0.676,0.8,1.6,4.6,2.4,4.2,2.4,10.2,9.8,54.8,33.6,3.0,3.2,12.2,11.4,,
2023-10-29,Cagliari,Frosinone,4,3,H,0,2,A,24,10,6,6,5,7,8,7,11:30,-0.25,2.04,1.89,2.03,1.88,2.38,3.6,3.22,2.33,3.4,3.12,1,4,0,0,2.3,3.3,3.2,2.3,3.4,2.95,2.35,3.35,3.05,2.37,3.42,3.2,1.99,1.91,2.0,1.89,1.94,1.88,2023-24,Serie A,4.07472,1.29593,1552.68762207,1615.56408691,-62.876464839999926,3.5297894647965267,4.703703703703704,13.891803582405927,10.666666666666668,1.79,1.148,1.148,1.79,3.2,1.6,6.8,4.8,10.6,3.4,17.0,11.8,47.2,52.8,2.0,2.4,13.0,11.6,,
2023-10-30,Empoli,Atalanta,0,3,A,0,2,A,9,18,2,6,3,6,10,13,17:30,0.75,2.02,1.91,2.0,1.9,5.25,4.1,1.77,4.92,3.96,1.7,4,0,0,0,5.25,3.75,1.67,4.8,3.9,1.68,4.9,3.9,1.7,5.03,4.08,1.7,1.75,2.05,1.83,2.06,1.79,2.05,2023-24,Serie A,0.271851,2.19175,1609.56005859,1775.88415527,-166.32409668000014,5.434247359203817,4.562230316334736,12.730404096987789,11.620897902826805,1.056,1.002,1.002,1.056,1.6,1.8,6.0,5.4,5.6,6.2,15.4,12.0,52.2,52.4,3.6,1.8,12.2,12.8,,
2023-10-30,Lazio,Fiorentina,1,0,H,0,0,D,11,9,4,5,0,4,12,17,19:45,-0.25,2.0,1.93,1.99,1.92,2.38,3.6,3.34,2.3,3.42,3.17,3,3,0,0,2.25,3.25,3.25,2.25,3.4,3.1,2.3,3.35,3.15,2.31,3.48,3.24,1.99,1.91,1.98,1.9,1.96,1.88,2023-24,Serie A,2.36178,0.389451,1770.97631836,1757.2019043,13.774414060000026,4.511903269678363,4.893382478256894,10.798162965210103,11.976415737795946,1.482,1.582,1.582,1.482,3.0,1.2,4.4,5.8,4.0,4.4,10.8,14.0,52.0,54.0,2.2,2.6,13.2,14.2,,
2023-11-03,Bologna,Lazio,1,0,H,0,0,D,6,11,2,1,2,6,12,8,19:45,0.0,1.93,2.0,1.93,2.0,2.78,3.2,2.88,2.72,3.15,2.79,2,5,0,0,2.63,3.2,2.75,2.7,3.1,2.75,2.7,3.15,2.75,2.76,3.17,2.86,2.2,1.65,2.3,1.68,2.25,1.66,2023-24,Serie A,0.698258,0.462021,1722.47314453,1777.66186523,-55.18872070000021,3.658071693143147,4.9652793325690485,13.99033450774391,14.375457106997954,0.972,1.626,1.626,0.972,1.6,2.0,2.4,7.6,1.4,3.8,9.6,14.0,54.0,55.6,2.6,2.8,12.8,11.6,,
2023-11-04,Salernitana,Napoli,0,2,A,0,1,A,10,21,3,8,8,9,15,10,14:00,1.25,1.96,1.97,1.93,1.97,8.0,5.1,1.47,6.94,4.9,1.44,1,1,0,0,7.0,4.75,1.44,6.5,4.8,1.44,6.75,4.9,1.43,7.02,4.99,1.44,1.53,2.4,1.58,2.48,1.57,2.43,2023-24,Serie A,0.322231,1.67658,1564.31433105,1882.03271484,-317.71838378999996,5.483203643878638,6.259798555774225,13.106968726679096,16.63167959050862,1.122,1.564,1.564,1.122,1.0,2.0,6.2,5.4,4.4,3.2,12.8,14.8,39.2,60.0,4.0,3.6,14.6,10.4,,
2023-11-04,Atalanta,Inter,1,2,A,0,1,A,14,10,4,4,6,1,13,9,17:00,0.25,2.04,1.89,2.01,1.89,3.51,3.6,2.23,3.35,3.5,2.17,4,1,1,0,3.3,3.5,2.15,3.2,3.5,2.15,3.2,3.5,2.2,3.46,3.47,2.19,1.83,2.07,1.85,2.04,1.81,2.03,2023-24,Serie A,1.36089,1.39642,1784.16357422,,,6.794056294086783,4.448970743909243,14.37613837635694,15.973042366152477,1.67,1.666,1.666,1.67,2.2,2.2,6.4,2.8,8.0,3.2,17.2,11.4,50.8,51.6,1.6,2.8,11.6,13.0,,
2023-11-04,Milan,Udinese,0,1,A,0,0,D,14,12,5,2,11,5,13,14,19:45,-1.25,2.07,1.86,2.05,1.86,1.5,4.8,8.0,1.46,4.56,7.22,1,2,0,0,1.45,4.5,7.0,1.47,4.5,6.75,1.45,4.5,7.0,1.46,4.66,7.3,1.75,2.05,1.81,2.07,1.78,2.06,2023-24,Serie A,,,1840.0456543,1627.78686523,212.25878906999992,5.393463445637085,4.450556759083721,11.440882649974018,10.937266523055872,1.492,0.942,0.942,1.492,2.0,1.6,6.0,2.4,4.6,2.4,14.0,9.8,53.0,33.6,3.4,3.2,9.6,11.4,,
2023-11-05,Verona,Monza,1,3,A,0,1,A,16,12,5,6,2,6,6,12,11:30,0.25,1.89,2.04,1.86,2.05,3.35,3.4,2.44,3.15,3.28,2.36,1,2,0,0,3.2,3.25,2.3,3.0,3.3,2.35,3.1,3.3,2.35,3.22,3.29,2.39,2.05,1.75,2.14,1.76,2.06,1.75,2023-24,Serie A,1.12724,1.39014,1603.43115234,1667.02978516,-63.59863282000015,3.756151493907964,3.7975732827333166,11.558808947936727,11.859660974362482,,0.996,0.996,,,1.0,,5.6,,5.0,,12.8,,52.2,,5.4,,13.4,,
2023-11-05,Cagliari,Genoa,2,1,H,0,0,D,12,8,4,2,1,1,14,11,14:00,0.0,1.96,1.97,1.96,1.94,2.83,3.34,2.8,2.75,3.21,2.7,4,2,0,0,2.7,3.2,2.7,2.8,3.2,2.6,2.7,3.2,2.7,2.8,3.18,2.77,2.15,1.67,2.28,1.68,2.18,1.7,2023-24,Serie A,1.26944,0.669834,1561.50354004,1616.26062012,-54.75708008000015,4.019859643197685,2.159564205980389,17.26120238827062,10.360732483522858,1.79,1.286,1.286,1.79,3.2,1.6,6.8,3.2,10.6,5.8,17.0,13.2,47.2,50.2,2.0,3.0,13.0,11.2,,
2023-11-05,Roma,Lecce,2,1,H,0,0,D,15,15,5,4,5,2,18,11,17:00,-1.0,2.08,1.85,2.04,1.87,1.61,4.1,6.8,1.57,3.93,6.35,3,5,0,0,1.57,3.8,6.5,1.57,3.9,6.0,1.55,3.95,6.25,1.57,3.99,6.63,2.1,1.7,2.18,1.74,2.14,1.72,2023-24,Serie A,2.55177,1.20256,1778.40637207,1603.28320312,175.12316895000004,6.263745762414841,3.718717832763415,15.976079762660772,7.669038015114655,1.56,1.048,1.048,1.56,2.8,2.0,5.0,3.0,5.8,3.6,13.8,13.8,50.2,41.0,3.4,5.4,14.0,15.2,,
2023-11-05,Fiorentina,Juventus,0,1,A,0,1,A,25,4,4,3,9,2,12,21,19:45,0.0,2.1,1.83,2.08,1.83,3.05,3.48,2.62,2.88,3.3,2.54,1,3,0,0,2.9,3.2,2.55,2.75,3.3,2.55,2.9,3.3,2.5,2.92,3.3,2.58,2.06,1.84,2.08,1.83,2.03,1.81,2023-24,Serie A,0.675388,0.855784,1750.51635742,1825.16821289,-74.65185546999987,7.244195505277419,3.921798164360758,16.093913578274467,12.495254963957958,1.154,1.498,1.498,1.154,1.4,2.6,3.4,4.8,3.4,4.8,15.2,12.0,56.8,42.6,3.2,1.8,13.2,13.8,,
2023-11-06,Torino,Sassuolo,2,1,H,1,1,D,21,5,9,2,9,2,9,6,19:45,-0.25,1.9,2.03,1.89,2.02,2.21,3.6,3.6,2.15,3.44,3.45,1,1,0,0,2.15,3.4,3.4,2.05,3.5,3.5,2.15,3.45,3.35,2.19,3.39,3.54,2.0,1.9,1.99,1.9,1.94,1.87,2023-24,Serie A,3.43408,0.499189,1684.65612793,1651.3449707,33.311157229999935,5.505084159008822,4.55926988666887,9.433148042138937,14.099537770972134,1.55,1.448,1.448,1.55,3.2,2.4,5.8,5.8,6.2,3.4,12.2,12.6,53.8,49.0,2.2,4.2,11.8,9.8,,
2023-11-06,Frosinone,Empoli,2,1,H,0,0,D,17,10,5,2,9,2,7,9,17:30,-0.25,1.84,2.09,1.85,2.07,2.16,3.64,3.6,2.11,3.55,3.45,3,2,0,0,2.0,3.6,3.6,2.1,3.5,3.3,2.1,3.55,3.4,2.13,3.58,3.52,1.88,2.02,1.88,2.01,1.86,1.96,2023-24,Serie A,0.80376,1.87117,1606.74816895,1601.28063965,5.467529300000024,4.271604938271606,4.402771019346725,10.555555555555555,10.285695963214629,0.902,0.68,0.68,0.902,1.8,0.8,5.2,3.6,2.2,2.4,11.6,7.8,56.8,43.4,2.0,4.4,7.8,13.8,,
2023-11-10,Genoa,Verona,1,0,H,1,0,H,16,7,6,1,6,7,9,16,19:45,-0.5,1.95,1.98,1.94,1.98,2.09,3.45,4.75,1.95,3.28,4.49,1,4,0,0,1.91,3.3,4.33,1.93,3.2,4.4,1.95,3.25,4.4,1.93,3.32,4.74,2.4,1.53,2.55,1.57,2.47,1.56,2023-24,Serie A,2.04226,0.2458,1607.72961426,1593.03259277,14.697021489999996,4.484472293301396,2.1512059871376605,8.507915965593956,9.541920212831162,0.918,,,0.918,1.4,,6.4,,6.8,,13.8,,48.4,,2.6,,12.4,,,
2023-11-10,Sassuolo,Salernitana,2,2,D,1,2,A,29,9,9,2,11,0,12,14,17:30,-0.75,1.89,2.04,1.89,2.03,1.75,4.32,5.0,1.69,4.14,4.8,2,1,0,0,1.65,4.2,4.75,1.66,4.0,4.8,1.67,4.2,4.7,1.7,4.17,4.92,1.62,2.25,1.66,2.35,1.64,2.3,2023-24,Serie A,2.4684,0.946956,1645.21740723,1561.20214844,84.01525878999996,6.102060026418497,3.0178589854350695,14.60394029309714,8.733749249365443,1.334,0.826,0.826,1.334,1.2,1.4,5.2,3.0,5.0,3.0,14.8,9.2,46.4,45.4,3.2,4.8,10.0,13.8,,
2023-11-11,Lecce,Milan,2,2,D,0,2,A,14,10,5,6,3,1,12,16,14:00,0.75,1.91,1.99,1.93,1.97,5.33,3.86,1.78,5.08,3.68,1.74,4,6,0,1,5.0,3.6,1.75,4.75,3.5,1.78,4.9,3.6,1.75,5.21,3.74,1.74,2.08,1.73,2.12,1.78,2.1,1.75,2023-24,Serie A,,,1600.02563477,1833.03039551,-233.00476074000017,4.049477424865371,3.6226771817922545,13.336625509252984,14.814614720771711,1.176,1.51,1.51,1.176,1.8,2.8,4.4,3.4,5.4,5.0,13.8,15.4,43.8,58.0,2.6,3.2,11.6,12.2,,
2023-11-11,Juventus,Cagliari,2,1,H,0,0,D,18,11,4,2,12,4,14,8,17:00,-1.25,1.89,2.01,1.88,2.02,1.41,5.2,10.0,1.38,4.91,8.69,3,1,0,0,1.36,5.0,8.0,1.38,4.75,8.5,1.37,4.9,8.25,1.38,5.01,8.82,1.75,2.05,1.81,2.07,1.78,2.06,2023-24,Serie A,3.04248,0.477922,1832.36450195,1570.27478027,262.0897216799999,5.67115114549709,4.392836055950062,20.641145131545493,10.721154631370158,1.674,0.942,0.942,1.674,3.0,1.4,4.6,4.4,5.0,4.6,15.2,10.8,43.2,43.2,1.6,2.6,13.0,12.2,,
2023-11-11,Monza,Torino,1,1,D,0,0,D,12,12,5,5,3,1,11,11,19:45,-0.25,2.13,1.78,2.14,1.79,2.55,3.28,3.2,2.48,3.16,3.07,2,2,0,0,2.5,3.1,3.0,2.45,3.1,3.0,2.5,3.15,3.0,2.51,3.17,3.13,2.25,1.62,2.32,1.66,2.28,1.64,2023-24,Serie A,1.16628,0.819686,1677.6685791,1691.02392578,-13.355346679999911,7.852630157034586,1.6761002006293586,13.615509206859093,9.747724367562205,0.676,0.754,0.754,0.676,0.8,0.8,4.6,2.6,4.2,5.0,10.2,10.6,54.8,50.8,3.0,3.4,12.2,15.4,,
2023-11-12,Napoli,Empoli,0,1,A,0,0,D,18,8,7,3,8,3,11,13,11:30,-1.75,1.84,2.06,1.83,2.07,1.26,7.4,13.0,1.23,6.73,11.96,1,1,0,0,1.22,7.0,11.0,1.23,6.5,12.0,1.25,6.75,11.0,1.22,7.07,11.78,1.4,2.88,1.43,2.9,1.42,2.85,2023-24,Serie A,1.06052,0.38859,1878.12854004,1594.40698242,283.7215576199999,6.911531815496218,3.6018473462311498,18.89739814789152,10.19046397547642,1.432,0.68,0.68,1.432,2.4,0.8,7.0,3.6,6.6,2.4,19.2,7.8,59.2,43.4,2.4,4.4,9.2,13.8,,
2023-11-12,Fiorentina,Bologna,2,1,H,1,1,D,12,11,4,4,0,3,19,15,14:00,-0.5,2.08,1.82,2.1,1.83,2.12,3.7,3.8,2.07,3.47,3.65,2,2,0,0,2.0,3.4,3.8,2.05,3.4,3.6,2.05,3.45,3.65,2.09,3.51,3.69,2.05,1.85,2.05,1.85,1.98,1.85,2023-24,Serie A,1.57435,2.31019,1744.80126953,1731.12573242,13.675537109999825,7.829463670184947,3.984362371328556,19.062609052182975,9.35111866624856,1.154,1.424,1.424,1.154,1.4,2.4,3.4,3.2,3.4,1.8,15.2,11.0,56.8,63.2,3.2,3.0,13.2,14.6,,
2023-11-12,Udinese,Atalanta,1,1,D,1,0,H,13,8,4,2,7,7,13,13,14:00,0.5,1.86,2.04,1.85,2.06,3.82,3.64,2.08,3.73,3.49,2.03,2,3,0,0,3.75,3.5,2.0,3.7,3.4,2.0,3.7,3.5,2.05,3.8,3.53,2.05,1.99,1.91,1.99,1.9,1.94,1.88,2023-24,Serie A,1.21433,0.575292,1641.87768555,1780.88977051,-139.01208496000004,4.6580562285915175,5.0414868775564905,13.464620552460232,13.747265268551203,1.574,1.002,1.002,1.574,2.8,1.8,4.4,5.4,3.4,6.2,12.2,12.0,35.4,52.4,2.4,1.8,13.8,12.8,,
2023-11-12,Lazio,Roma,0,0,D,0,0,D,7,8,2,1,4,1,12,13,17:00,0.0,2.08,1.82,2.1,1.82,3.13,3.25,2.68,2.96,3.11,2.61,3,4,0,0,3.0,3.0,2.63,2.87,3.1,2.6,2.95,3.05,2.6,3.0,3.16,2.61,2.35,1.57,2.4,1.62,2.34,1.61,2023-24,Serie A,0.398131,0.320262,1775.25891113,1768.44042969,6.818481439999914,3.0079355131189094,3.1517619220978124,10.865441976806736,9.235469518140285,1.482,0.784,0.784,1.482,3.0,2.2,4.4,3.6,4.0,3.4,10.8,9.0,52.0,51.0,2.2,1.6,13.2,12.6,,
2023-11-12,Inter,Frosinone,2,0,H,1,0,H,21,12,6,3,9,4,7,16,19:45,-2.0,1.88,2.02,1.87,2.02,1.21,8.3,15.0,1.19,7.53,14.11,0,1,0,0,1.18,8.0,13.0,1.19,7.25,14.5,1.2,7.25,13.0,1.19,7.86,13.84,1.36,3.1,1.38,3.13,1.37,3.08,2023-24,Serie A,3.2782,0.58612,,1613.86206055,,6.789131720129047,5.469135802469136,16.72127567320899,10.444444444444446,2.53,1.148,1.148,2.53,3.4,1.6,9.2,4.8,8.2,3.4,18.2,11.8,63.0,52.8,2.2,2.4,9.8,11.6,,
2023-11-25,Salernitana,Lazio,2,1,H,0,1,A,13,13,6,2,4,9,11,12,14:00,0.75,1.87,2.06,1.87,2.05,5.0,3.85,1.83,4.68,3.71,1.79,5,3,0,0,4.75,3.75,1.75,4.6,3.7,1.77,4.6,3.7,1.77,4.82,3.69,1.79,2.04,1.86,2.05,1.85,2.0,1.84,2023-24,Serie A,1.40102,1.83536,1564.59094238,1773.96411133,-209.37316895000004,6.322135762585759,5.3101862217127,12.071312484452733,13.250304737998636,1.122,1.626,1.626,1.122,1.0,2.0,6.2,7.6,4.4,3.8,12.8,14.0,39.2,55.6,4.0,2.8,14.6,11.6,,
2023-11-25,Atalanta,Napoli,1,2,A,0,1,A,16,11,5,4,5,4,15,9,17:00,0.0,1.99,1.94,1.97,1.93,2.77,3.66,2.73,2.68,3.43,2.66,2,2,0,0,2.7,3.4,2.63,2.6,3.5,2.55,2.65,3.4,2.65,2.72,3.42,2.68,1.88,2.02,1.87,2.03,1.81,2.02,2023-24,Serie A,0.880466,2.51076,1778.07275391,1862.80517578,-84.73242186999983,6.529370862724522,7.173199037182817,14.250758917571297,18.087786393672417,1.67,1.564,1.564,1.67,2.2,2.0,6.4,5.4,8.0,3.2,17.2,14.8,50.8,60.0,1.6,3.6,11.6,10.4,,
2023-11-25,Milan,Fiorentina,1,0,H,1,0,H,9,20,6,4,3,11,9,10,19:45,-0.25,1.85,2.08,1.85,2.06,2.17,3.62,3.75,2.12,3.42,3.6,1,2,0,0,2.1,3.3,3.5,2.05,3.4,3.6,2.1,3.4,3.55,2.15,3.46,3.59,2.06,1.84,2.08,1.81,2.04,1.8,2023-24,Serie A,,,1827.9666748,1751.5234375,76.44323729999996,7.262308963758057,4.59558831883793,12.293921766649346,10.984277158530633,1.492,1.582,1.582,1.492,2.0,1.2,6.0,5.8,4.6,4.4,14.0,14.0,53.0,54.0,3.4,2.6,9.6,14.2,,
2023-11-26,Juventus,Inter,1,1,D,1,1,D,4,8,1,4,1,0,12,13,19:45,0.25,1.96,1.97,1.94,1.96,3.54,3.36,2.38,3.38,3.26,2.28,2,1,0,0,3.3,3.25,2.25,3.3,3.3,2.2,3.25,3.25,2.3,3.5,3.21,2.29,2.1,1.7,2.15,1.76,2.13,1.74,2023-24,Serie A,0.488914,0.692636,1834.50341797,,,7.780767430331394,3.299313829272829,19.76076342103033,13.982028244101652,1.674,1.666,1.666,1.674,3.0,2.2,4.6,2.8,5.0,3.2,15.2,11.4,43.2,51.6,1.6,2.8,13.0,13.0,,
2023-11-26,Empoli,Sassuolo,3,4,A,2,2,D,11,17,9,9,6,5,20,15,14:00,0.0,2.07,1.86,2.07,1.85,2.82,3.85,2.55,2.74,3.63,2.48,4,2,0,0,2.75,3.6,2.4,2.7,3.5,2.5,2.75,3.6,2.45,2.8,3.6,2.51,1.65,2.2,1.67,2.29,1.65,2.27,2023-24,Serie A,1.47716,2.97603,1609.73034668,1641.82861328,-32.09826659999999,4.622831572802545,3.7061799244459137,11.486936064658527,11.066358513981424,1.056,1.448,1.448,1.056,1.6,2.4,6.0,5.8,5.6,3.4,15.4,12.6,52.2,49.0,3.6,4.2,12.2,9.8,,
2023-11-26,Frosinone,Genoa,2,1,H,1,1,D,9,13,5,3,4,2,5,14,14:00,-0.25,2.08,1.73,2.15,1.79,2.56,3.45,3.09,2.5,3.24,2.99,2,4,0,0,2.5,3.25,2.88,2.5,3.25,2.85,2.5,3.25,2.95,2.52,3.2,3.09,2.1,1.7,2.17,1.75,2.1,1.72,2023-24,Serie A,0.990501,1.82552,1611.58325195,1614.54638672,-2.9631347700001243,5.847736625514404,1.773042803986926,12.703703703703706,9.573821655681906,0.902,1.286,1.286,0.902,1.8,1.6,5.2,3.2,2.2,5.8,11.6,13.2,56.8,50.2,2.0,3.0,7.8,11.2,,
2023-11-26,Roma,Udinese,3,1,H,1,0,H,12,6,5,2,7,1,8,15,17:00,-0.75,1.83,2.1,1.83,2.1,1.67,4.05,6.2,1.64,3.88,5.76,1,3,0,0,1.62,3.8,5.75,1.62,3.8,5.5,1.63,3.85,5.75,1.63,3.89,5.99,2.05,1.75,2.1,1.79,2.06,1.78,2023-24,Serie A,1.25942,0.532293,1769.73522949,1644.69458008,125.04064941,5.842497174943228,4.633704506055814,15.65071984177385,11.291511015370585,1.56,0.942,0.942,1.56,2.8,1.6,5.0,2.4,5.8,2.4,13.8,9.8,50.2,33.6,3.4,3.2,14.0,11.4,,
2023-11-26,Cagliari,Monza,1,1,D,1,0,H,17,12,6,4,10,11,10,15,11:30,0.0,2.08,1.85,2.05,1.86,2.96,3.58,2.65,2.88,3.32,2.53,1,2,0,0,2.88,3.25,2.5,2.8,3.4,2.45,2.85,3.35,2.5,2.9,3.25,2.63,2.0,1.9,1.99,1.9,1.95,1.88,2023-24,Serie A,1.58663,0.802396,1568.13574219,1676.9263916,-108.79064941,3.01323976213179,4.531715521822211,15.50746825884708,11.90644064957499,1.79,0.996,0.996,1.79,3.2,1.0,6.8,5.6,10.6,5.0,17.0,12.8,47.2,52.2,2.0,5.4,13.0,13.4,,
2023-11-27,Verona,Lecce,2,2,D,1,1,D,19,14,11,5,4,2,15,17,17:30,0.0,1.87,2.06,1.88,2.03,2.77,3.23,3.05,2.7,3.01,2.94,1,2,0,0,2.75,3.0,2.88,2.55,3.1,2.9,2.7,3.0,2.9,2.76,3.0,2.97,2.5,1.5,2.61,1.54,2.51,1.54,2023-24,Serie A,1.94683,1.52186,1586.21594238,1605.08947754,-18.87353516000007,3.1707676626053094,3.145811888508943,13.039205965291153,10.112692010076437,,1.048,1.048,,,2.0,,3.0,,3.6,,13.8,,41.0,,5.4,,15.2,,
2023-11-27,Bologna,Torino,2,0,H,0,0,D,13,9,2,3,3,2,16,15,19:45,-0.25,2.03,1.9,2.04,1.88,2.42,3.33,3.45,2.34,3.18,3.31,3,4,0,0,2.3,3.25,3.2,2.25,3.2,3.3,2.3,3.2,3.25,2.39,3.16,3.34,2.3,1.6,2.48,1.58,2.38,1.59,2023-24,Serie A,1.34938,0.573292,1724.40368652,1691.76611328,32.637573240000165,3.1053811287620983,1.450733467086239,11.326889671829274,10.498482911708138,0.972,0.754,0.754,0.972,1.6,0.8,2.4,2.6,1.4,5.0,9.6,10.6,54.0,50.8,2.6,3.4,12.8,15.4,,
2023-12-01,Monza,Juventus,1,2,A,0,1,A,16,18,1,7,7,3,12,8,19:45,0.5,1.91,2.02,1.9,2.03,4.4,3.59,2.03,4.1,3.41,1.99,1,2,0,0,4.2,3.3,1.95,4.0,3.3,1.98,4.0,3.35,2.0,4.12,3.42,2.03,2.15,1.67,2.27,1.7,2.21,1.69,2023-24,Serie A,0.656513,2.95935,1668.23400879,1829.31567383,-161.08166503999996,6.235086771356391,3.281198776240505,13.077006137906062,9.663503309305309,0.676,1.498,1.498,0.676,0.8,2.6,4.6,4.8,4.2,4.8,10.2,12.0,54.8,42.6,3.0,1.8,12.2,13.8,,
2023-12-02,Genoa,Empoli,1,1,D,1,0,H,21,9,1,1,5,3,15,19,14:00,-0.5,2.0,1.93,1.99,1.92,2.07,3.6,4.33,1.96,3.44,4.15,3,1,0,0,1.91,3.6,3.8,1.93,3.4,4.0,1.95,3.5,4.0,1.98,3.37,4.28,2.1,1.7,2.19,1.73,2.13,1.74,2023-24,Serie A,0.832928,0.753276,1600.61633301,1594.83081055,5.785522460000038,4.989648195534264,3.4012315641541,11.005277310395972,9.46030931698428,0.918,0.68,0.68,0.918,1.4,0.8,6.4,3.6,6.8,2.4,13.8,7.8,48.4,43.4,2.6,4.4,12.4,13.8,,
2023-12-02,Lazio,Cagliari,1,0,H,1,0,H,10,9,5,2,4,3,11,12,17:00,-0.75,1.83,2.1,1.83,2.09,1.68,4.2,6.0,1.63,4.03,5.55,0,2,0,1,1.62,4.0,5.25,1.6,4.0,5.5,1.63,4.0,5.5,1.65,4.02,5.56,1.98,1.92,1.98,1.91,1.94,1.88,2023-24,Serie A,2.50417,0.613719,1759.24719238,1563.46508789,195.7821044899999,3.338623675412607,4.261890703966708,9.576961317871158,10.814103087580106,1.482,0.942,0.942,1.482,3.0,1.4,4.4,4.4,4.0,4.6,10.8,10.8,52.0,43.2,2.2,2.6,13.2,12.2,,
2023-12-02,Milan,Frosinone,3,1,H,1,0,H,10,15,3,3,6,7,11,6,19:45,-1.25,2.02,1.91,2.03,1.88,1.49,5.0,8.0,1.44,4.74,7.17,1,1,0,0,1.44,4.5,7.5,1.43,4.6,7.0,1.45,4.7,6.75,1.45,4.85,6.94,1.7,2.1,1.71,2.22,1.69,2.16,2023-24,Serie A,,,1813.14916992,1612.15026855,200.9989013700001,5.841539309172039,4.979423868312757,11.1959478444329,10.962962962962964,1.492,1.148,1.148,1.492,2.0,1.6,6.0,4.8,4.6,3.4,14.0,11.8,53.0,52.8,3.4,2.4,9.6,11.6,,
2023-12-03,Lecce,Bologna,1,1,D,0,0,D,14,11,4,4,6,3,12,18,11:30,0.25,1.8,2.14,1.78,2.16,3.19,3.37,2.58,3.05,3.17,2.5,3,2,0,0,3.0,3.2,2.45,3.0,3.2,2.45,2.95,3.2,2.5,3.16,3.09,2.55,2.2,1.65,2.32,1.66,2.26,1.65,2023-24,Serie A,1.65827,1.51659,1599.00158691,1726.67382812,-127.67224121000004,3.699651616576914,3.656241580885705,13.55775033950199,9.90074577749904,1.176,1.424,1.424,1.176,1.8,2.4,4.4,3.2,5.4,1.8,13.8,11.0,43.8,63.2,2.6,3.0,11.6,14.6,,
2023-12-03,Fiorentina,Salernitana,3,0,H,2,0,H,22,11,9,1,3,2,13,12,14:00,-1.25,2.03,1.9,2.01,1.9,1.5,4.9,7.5,1.45,4.72,6.96,1,0,0,0,1.45,4.75,7.0,1.46,4.6,6.5,1.47,4.7,6.5,1.45,4.79,7.14,1.67,2.15,1.71,2.22,1.67,2.24,2023-24,Serie A,3.06935,0.780756,1742.66271973,1570.39685059,172.26586913999995,5.219642446789965,2.0119059902900465,16.708406034788652,8.822499499576963,1.154,0.826,0.826,1.154,1.4,1.4,3.4,3.0,3.4,3.0,15.2,9.2,56.8,45.4,3.2,4.8,13.2,13.8,,
2023-12-03,Udinese,Verona,3,3,D,2,1,H,12,13,6,4,5,3,16,13,14:00,-0.75,1.98,1.95,1.96,1.94,1.79,3.83,5.5,1.73,3.67,5.15,2,5,0,0,1.7,3.6,5.25,1.75,3.6,4.8,1.73,3.65,5.0,1.72,3.69,5.38,2.1,1.7,2.18,1.74,2.15,1.72,2023-24,Serie A,2.14774,1.56674,1632.02075195,1578.94067383,53.08007812000005,5.438704152394346,3.7674706580917734,13.30974703497349,8.694613475220775,1.574,,,1.574,2.8,,4.4,,3.4,,12.2,,35.4,,2.4,,13.8,,,
2023-12-03,Sassuolo,Roma,1,2,A,1,0,H,8,15,2,7,1,11,10,11,17:00,0.5,1.96,1.97,1.94,1.96,4.1,3.91,1.99,3.87,3.73,1.94,4,1,1,0,3.8,3.75,1.91,3.75,3.7,1.9,3.7,3.7,1.95,3.91,3.75,1.95,1.75,2.05,1.79,2.1,1.76,2.09,2023-24,Serie A,0.916551,1.9994,1643.36499023,1764.16540527,-120.80041503999996,7.734706684278999,2.4345079480652085,19.40262686206476,8.823646345426855,1.334,0.784,0.784,1.334,1.2,2.2,5.2,3.6,5.0,3.4,14.8,9.0,46.4,51.0,3.2,1.6,10.0,12.6,,
2023-12-03,Napoli,Inter,0,3,A,0,1,A,15,11,4,4,6,4,2,13,19:45,0.25,1.81,2.13,1.81,2.12,3.0,3.66,2.53,2.89,3.49,2.44,2,2,0,0,2.8,3.5,2.4,2.85,3.4,2.4,2.85,3.45,2.45,2.95,3.51,2.44,1.75,2.05,1.82,2.07,1.79,2.06,2023-24,Serie A,0.787314,2.58503,1857.47387695,,,7.2743545436641455,2.199542552848553,18.59826543192768,11.988018829401105,1.432,1.666,1.666,1.432,2.4,2.2,7.0,2.8,6.6,3.2,19.2,11.4,59.2,51.6,2.4,2.8,9.2,13.0,,
2023-12-04,Torino,Atalanta,3,0,H,1,0,H,9,10,5,4,4,3,12,14,19:45,0.25,1.73,2.08,1.8,2.13,3.2,3.39,2.53,3.03,3.2,2.49,2,2,0,0,2.9,3.2,2.45,2.95,3.2,2.45,2.95,3.2,2.5,3.14,3.18,2.5,2.2,1.65,2.31,1.67,2.24,1.67,2023-24,Serie A,1.63866,0.345831,1676.1328125,1761.75695801,-85.62414551000006,6.670056106005882,5.694324585037661,13.28876536142596,11.831510179034137,1.55,1.002,1.002,1.55,3.2,1.8,5.8,5.4,6.2,6.2,12.2,12.0,53.8,52.4,2.2,1.8,11.8,12.8,,
2023-12-08,Juventus,Napoli,1,0,H,0,0,D,11,13,2,1,3,6,11,12,19:45,-0.25,1.98,1.95,1.98,1.93,2.5,3.42,3.45,2.31,3.26,3.3,2,4,0,0,2.25,3.25,3.25,2.3,3.1,3.2,2.3,3.25,3.3,2.31,3.32,3.4,2.1,1.7,2.17,1.76,2.12,1.74,2023-24,Serie A,0.662608,1.00524,1834.39819336,1844.37878418,-9.98059081999986,5.52051162022093,6.115466024788545,14.50717561402022,15.725190929114945,1.674,1.564,1.564,1.674,3.0,2.0,4.6,5.4,5.0,3.2,15.2,14.8,43.2,60.0,1.6,3.6,13.0,10.4,,
2023-12-09,Verona,Lazio,1,1,D,0,1,A,5,14,1,5,1,7,16,11,14:00,0.5,1.88,2.02,1.88,2.02,4.2,3.6,2.04,4.02,3.43,1.99,2,4,1,0,4.2,3.4,1.95,4.0,3.4,1.95,4.0,3.4,1.97,4.04,3.45,2.01,2.15,1.67,2.19,1.74,2.15,1.71,2023-24,Serie A,0.792676,1.01398,1581.49926758,1762.24230957,-180.74304199000017,3.447178441736873,6.540124147808466,15.026137310194102,13.166869825332428,,1.626,1.626,,,2.0,,7.6,,3.8,,14.0,,55.6,,2.8,,11.6,,
2023-12-09,Atalanta,Milan,3,2,H,1,1,D,19,14,7,4,6,4,11,11,17:00,0.0,1.83,2.07,1.85,2.06,2.65,3.45,3.0,2.53,3.29,2.91,1,5,0,1,2.5,3.2,3.0,2.45,3.3,2.85,2.5,3.25,2.95,2.61,3.29,2.89,2.05,1.75,2.09,1.8,2.05,1.8,2023-24,Serie A,,,1745.6072998,1817.24633789,-71.63903808999999,6.019580575149682,2.74845145452817,14.833839278380864,13.209743147181143,1.67,1.51,1.51,1.67,2.2,2.8,6.4,3.4,8.0,5.0,17.2,15.4,50.8,58.0,1.6,3.2,11.6,12.2,,
2023-12-09,Inter,Udinese,4,0,H,3,0,H,17,11,8,1,6,1,9,6,19:45,-1.75,2.03,1.78,2.05,1.85,1.31,6.5,15.0,1.27,6.04,10.9,0,1,0,0,1.29,6.5,9.0,1.29,5.75,10.0,1.27,6.0,10.0,1.27,6.14,10.46,1.57,2.35,1.61,2.39,1.59,2.37,2023-24,Serie A,3.34151,0.847308,,1629.4621582,,7.526087813419365,3.4224696707038764,18.14751711547266,9.527674010247056,2.53,0.942,0.942,2.53,3.4,1.6,9.2,2.4,8.2,2.4,18.2,9.8,63.0,33.6,2.2,3.2,9.8,11.4,,
2023-12-10,Frosinone,Torino,0,0,D,0,0,D,11,16,5,3,3,8,13,17,11:30,0.25,1.95,1.95,1.98,1.93,3.55,3.48,2.31,3.37,3.28,2.24,3,3,0,0,3.4,3.2,2.25,3.2,3.25,2.25,3.35,3.25,2.25,3.53,3.29,2.24,2.15,1.67,2.19,1.74,2.14,1.73,2023-24,Serie A,1.50797,1.06355,1608.05310059,1692.2824707,-84.22937010999999,5.231824417009603,1.633822311390826,11.469135802469138,9.998988607805426,0.902,0.754,0.754,0.902,1.8,0.8,5.2,2.6,2.2,5.0,11.6,10.6,56.8,50.8,2.0,3.4,7.8,15.4,,
2023-12-10,Monza,Genoa,1,0,H,0,0,D,6,16,3,1,2,3,11,13,14:00,-0.25,1.88,2.02,1.88,2.02,2.25,3.46,3.75,2.17,3.23,3.62,1,2,0,0,2.15,3.1,3.75,2.15,3.25,3.5,2.15,3.2,3.65,2.21,3.2,3.72,2.3,1.6,2.33,1.65,2.26,1.65,2023-24,Serie A,0.67177,1.74997,1663.15148926,1599.34985352,63.801635740000165,6.490057847570927,1.8486952026579504,14.05133742527071,10.715881103787938,0.676,1.286,1.286,0.676,0.8,1.6,4.6,3.2,4.2,5.8,10.2,13.2,54.8,50.2,3.0,3.0,12.2,11.2,,
2023-12-10,Salernitana,Bologna,1,2,A,0,2,A,9,10,2,5,5,1,20,15,17:00,0.25,2.05,1.75,2.11,1.82,3.98,3.46,2.18,3.71,3.32,2.11,7,2,0,0,3.75,3.3,2.05,3.6,3.3,2.1,3.6,3.3,2.1,3.87,3.29,2.12,2.1,1.7,2.2,1.73,2.13,1.73,2023-24,Serie A,0.601235,1.67302,1564.70678711,1724.14428711,-159.4375,5.548090508390507,3.4374943872571366,12.380874989635156,10.267163851666028,1.122,1.424,1.424,1.122,1.0,2.4,6.2,3.2,4.4,1.8,12.8,11.0,39.2,63.2,4.0,3.0,14.6,14.6,,
2023-12-10,Roma,Fiorentina,1,1,D,1,0,H,4,14,1,8,1,6,14,14,19:45,-0.25,1.84,2.06,1.85,2.06,2.18,3.52,3.9,2.12,3.32,3.65,5,3,2,1,2.1,3.3,3.5,2.05,3.3,3.7,2.15,3.3,3.55,2.16,3.33,3.71,2.15,1.67,2.24,1.7,2.18,1.7,2023-24,Serie A,0.702857,0.975261,1769.95812988,1748.35290527,21.605224609999823,6.228331449962152,6.73039221255862,14.433813227849232,13.989518105687088,1.56,1.582,1.582,1.56,2.8,1.2,5.0,5.8,5.8,4.4,13.8,14.0,50.2,54.0,3.4,2.6,14.0,14.2,,
2023-12-11,Empoli,Lecce,1,1,D,0,0,D,18,14,6,5,8,3,14,18,17:30,-0.25,2.1,1.7,2.2,1.74,2.6,3.49,3.01,2.5,3.28,2.92,2,2,0,0,2.55,3.2,3.0,2.45,3.3,2.9,2.5,3.25,2.95,2.57,3.26,2.97,2.08,1.73,2.13,1.78,2.07,1.77,2023-24,Serie A,1.8919,0.985028,1596.09729004,1601.53112793,-5.43383788999995,5.081887715201697,2.763874592339296,11.324624043105686,11.40846134005096,1.056,1.048,1.048,1.056,1.6,2.0,6.0,3.0,5.6,3.6,15.4,13.8,52.2,41.0,3.6,5.4,12.2,15.2,,
2023-12-11,Cagliari,Sassuolo,2,1,H,0,1,A,18,8,6,4,10,4,15,15,19:45,-0.25,2.04,1.86,2.04,1.87,2.6,3.83,3.11,2.34,3.57,2.95,1,7,0,1,2.3,3.5,3.0,2.35,3.6,2.8,2.35,3.55,2.95,2.35,3.56,3.06,1.7,2.1,1.7,2.25,1.69,2.19,2023-24,Serie A,1.2382,1.29012,1560.46984863,1637.57214355,-77.10229492000008,5.342159841421193,4.137453282963943,16.004978839231388,13.04423900932095,1.79,1.448,1.448,1.79,3.2,2.4,6.8,5.8,10.6,3.4,17.0,12.6,47.2,49.0,2.0,4.2,13.0,9.8,,
2023-12-15,Genoa,Juventus,1,1,D,0,1,A,11,11,3,4,6,8,14,12,19:45,0.5,1.99,1.94,1.99,1.93,5.0,3.42,1.96,4.77,3.21,1.92,2,3,0,0,4.75,3.2,1.91,4.6,3.1,1.9,4.7,3.2,1.9,4.97,3.23,1.93,2.7,1.44,2.78,1.49,2.72,1.47,2023-24,Serie A,0.844502,2.10424,1597.36242676,1845.21508789,-247.8526611299999,4.993098797022843,3.1874658508270035,14.336851540263982,12.442335539536872,0.918,1.498,1.498,0.918,1.4,2.6,6.4,4.8,6.8,4.8,13.8,12.0,48.4,42.6,2.6,1.8,12.4,13.8,,
2023-12-16,Lecce,Frosinone,2,1,H,1,1,D,18,11,6,5,5,4,8,14,14:00,-0.25,1.89,2.04,1.88,2.03,2.21,3.58,3.62,2.15,3.41,3.5,1,4,0,0,2.15,3.3,3.5,2.15,3.4,3.4,2.15,3.35,3.4,2.18,3.39,3.56,2.08,1.82,2.03,1.87,2.02,1.83,2023-24,Serie A,0.729342,1.84133,1606.09448242,1612.67993164,-6.585449219999873,4.466434411051276,5.652949245541839,13.705166893001326,12.308641975308644,1.176,1.148,1.148,1.176,1.8,1.6,4.4,4.8,5.4,3.4,13.8,11.8,43.8,52.8,2.6,2.4,11.6,11.6,,
2023-12-16,Napoli,Cagliari,2,1,H,0,0,D,21,9,5,3,5,3,9,10,17:00,-1.5,2.0,1.93,2.01,1.9,1.37,5.9,11.0,1.33,5.51,9.2,5,3,0,0,1.33,5.0,9.5,1.33,5.5,8.75,1.33,5.5,8.5,1.33,5.63,9.17,1.57,2.35,1.59,2.45,1.58,2.4,2023-24,Serie A,3.03273,1.83831,1844.32629395,1572.80822754,271.5180664100001,6.849569695776098,3.841260469311139,17.39884362128512,10.209402058386738,1.432,0.942,0.942,1.432,2.4,1.4,7.0,4.4,6.6,4.6,19.2,10.8,59.2,43.2,2.4,2.6,9.2,12.2,,
2023-12-16,Torino,Empoli,1,0,H,1,0,H,10,7,3,2,6,4,15,10,19:45,-1.0,2.11,1.82,2.1,1.83,1.66,4.11,6.5,1.61,3.94,5.97,4,2,0,0,1.6,3.8,6.0,1.6,3.9,5.75,1.6,3.9,6.0,1.61,3.96,6.07,2.05,1.85,2.05,1.85,1.98,1.84,2023-24,Serie A,2.11343,0.28927,1694.58459473,1598.4630127,96.1215820299999,5.780037404003922,3.267487709436067,11.859176907617307,9.30687287798952,1.55,0.68,0.68,1.55,3.2,0.8,5.8,3.6,6.2,2.4,12.2,7.8,53.8,43.4,2.2,4.4,11.8,13.8,,
2023-12-17,Fiorentina,Verona,1,0,H,0,0,D,5,19,3,7,1,6,11,12,14:00,-1.25,1.98,1.95,1.96,1.94,1.49,5.0,8.0,1.44,4.68,7.53,3,1,0,0,1.4,5.0,7.0,1.44,4.5,7.0,1.43,4.7,7.0,1.43,4.83,7.67,1.75,2.05,1.78,2.12,1.78,2.06,2023-24,Serie A,0.330363,2.92504,1747.95812988,1588.8137207,159.1444091799999,4.479761631193311,3.5116471053945157,18.4722706898591,10.12974231681385,1.154,,,1.154,1.4,,3.4,,3.4,,15.2,,56.8,,3.2,,13.2,,,
2023-12-17,Lazio,Inter,0,2,A,0,1,A,13,12,4,4,8,7,13,15,19:45,0.75,1.92,2.01,1.88,2.02,5.25,3.85,1.82,4.87,3.72,1.76,1,2,1,0,4.75,3.8,1.73,4.75,3.7,1.73,4.7,3.75,1.75,4.91,3.73,1.78,2.05,1.85,2.05,1.85,2.0,1.84,2023-24,Serie A,1.63799,1.69409,1757.00720215,,,3.5590824502750715,2.799695035232369,9.717974211914106,11.658679219600735,1.482,1.666,1.666,1.482,3.0,2.2,4.4,2.8,4.0,3.2,10.8,11.4,52.0,51.6,2.2,2.8,13.2,13.0,,
2023-12-17,Milan,Monza,3,0,H,2,0,H,17,21,9,4,4,5,8,8,11:30,-1.0,2.11,1.82,2.11,1.82,1.68,4.33,6.0,1.62,4.14,5.37,1,2,0,0,1.62,4.33,5.0,1.6,4.1,5.25,1.63,4.2,5.25,1.63,4.18,5.41,1.8,2.0,1.84,2.06,1.81,2.03,2023-24,Serie A,,,1822.81591797,1672.06799316,150.7479248100001,5.894359539448026,6.6878103478814745,10.797298562955266,11.93762709971666,1.492,0.996,0.996,1.492,2.0,1.0,6.0,5.6,4.6,5.0,14.0,12.8,53.0,52.2,3.4,5.4,9.6,13.4,,
2023-12-17,Udinese,Sassuolo,2,2,D,1,0,H,9,21,7,7,1,13,13,6,14:00,-0.25,2.02,1.91,1.98,1.93,2.3,3.83,3.21,2.26,3.59,3.1,3,1,1,0,2.25,3.5,3.1,2.25,3.6,3.0,2.25,3.55,3.05,2.27,3.6,3.17,1.7,2.1,1.72,2.2,1.71,2.16,2023-24,Serie A,0.750879,2.90114,1629.51574707,1632.16271973,-2.6469726599998467,5.292469434929564,4.091635521975962,12.873164689982328,11.362826006213968,1.574,1.448,1.448,1.574,2.8,2.4,4.4,5.8,3.4,3.4,12.2,12.6,35.4,49.0,2.4,4.2,13.8,9.8,,
2023-12-17,Bologna,Roma,2,0,H,1,0,H,8,8,2,3,0,4,16,16,17:00,-0.25,2.1,1.83,2.08,1.84,2.5,3.27,3.41,2.44,3.04,3.28,4,4,0,0,2.38,3.0,3.25,2.45,3.0,3.2,2.45,3.0,3.25,2.46,3.05,3.35,2.5,1.5,2.62,1.53,2.55,1.53,2023-24,Serie A,0.782175,0.566461,1732.7532959,1773.80883789,-41.05554198999994,3.070254085841399,5.289671965376805,11.88459311455285,10.882430896951238,0.972,0.784,0.784,0.972,1.6,2.2,2.4,3.6,1.4,3.4,9.6,9.0,54.0,51.0,2.6,1.6,12.8,12.6,,
2023-12-18,Atalanta,Salernitana,4,1,H,0,1,A,20,10,11,3,10,7,9,11,19:45,-1.5,1.93,2.0,1.9,2.01,1.33,6.0,10.6,1.31,5.61,9.8,1,2,0,0,1.3,5.5,10.0,1.31,5.5,9.25,1.33,5.5,9.0,1.3,5.82,9.99,1.57,2.35,1.63,2.38,1.6,2.35,2023-24,Serie A,2.34764,0.976758,1767.14428711,1563.0267334,204.11755371000004,6.013053716766455,2.007937326860031,16.222559518920576,9.548332999717976,1.67,0.826,0.826,1.67,2.2,1.4,6.4,3.0,8.0,3.0,17.2,9.2,50.8,45.4,1.6,4.8,11.6,13.8,,
2023-12-22,Empoli,Lazio,0,2,A,0,1,A,21,14,7,7,8,9,6,17,17:30,0.5,1.91,1.99,1.93,1.99,4.37,3.53,2.06,4.13,3.44,1.96,3,2,0,0,4.2,3.4,1.91,4.1,3.5,1.9,4.1,3.4,1.95,4.27,3.46,1.98,2.15,1.67,2.21,1.74,2.16,1.71,2023-24,Serie A,0.659249,1.95383,1593.75170898,1749.98364258,-156.23193359999982,6.054591810134465,6.693416098538978,13.549749362070456,13.444579883554953,1.056,1.626,1.626,1.056,1.6,2.0,6.0,7.6,5.6,3.8,15.4,14.0,52.2,55.6,3.6,2.8,12.2,11.6,,
2023-12-22,Sassuolo,Genoa,1,2,A,1,0,H,12,14,3,5,3,6,11,9,17:30,-0.25,1.99,1.91,1.99,1.93,2.35,3.5,3.32,2.28,3.38,3.22,2,1,0,0,2.25,3.3,3.25,2.25,3.3,3.1,2.3,3.35,3.15,2.3,3.44,3.3,2.02,1.88,2.0,1.91,1.96,1.87,2023-24,Serie A,2.17129,1.3709,1633.46655273,1602.63061523,30.8359375,5.4898044561859995,2.2324634684386337,15.601751241376508,12.47725406919196,1.334,1.286,1.286,1.334,1.2,1.6,5.2,3.2,5.0,5.8,14.8,13.2,46.4,50.2,3.2,3.0,10.0,11.2,,
2023-12-22,Monza,Fiorentina,0,1,A,0,1,A,7,14,2,5,1,4,12,16,19:45,0.0,2.06,1.84,2.09,1.85,3.0,3.3,2.66,2.9,3.25,2.55,3,4,0,0,2.88,3.2,2.55,2.75,3.2,2.6,2.85,3.25,2.55,2.96,3.26,2.61,2.1,1.7,2.13,1.79,2.1,1.76,2023-24,Serie A,0.659021,1.95676,1665.90075684,1751.32617188,-85.42541503999996,4.9933718983806195,6.486928141705747,11.367558283513809,13.99301207045806,0.676,1.582,1.582,0.676,0.8,1.2,4.6,5.8,4.2,4.4,10.2,14.0,54.8,54.0,3.0,2.6,12.2,14.2,,
2023-12-22,Salernitana,Milan,2,2,D,1,1,D,19,21,7,9,6,6,16,11,19:45,1.25,1.95,1.95,1.96,1.96,8.0,5.0,1.48,7.31,4.79,1.43,3,1,1,0,8.0,4.5,1.44,7.0,4.75,1.43,6.75,4.7,1.45,7.4,4.98,1.44,1.65,2.2,1.66,2.33,1.65,2.27,2023-24,Serie A,,,1558.46801758,1828.9831543,-270.5151367200001,5.365393672260338,3.16563430301878,11.253916659756772,13.473162098120763,1.122,1.51,1.51,1.122,1.0,2.8,6.2,3.4,4.4,5.0,12.8,15.4,39.2,58.0,4.0,3.2,14.6,12.2,,
2023-12-23,Verona,Cagliari,2,0,H,0,0,D,13,12,5,3,11,7,8,19,17:00,-0.25,2.06,1.84,2.06,1.85,2.44,3.42,3.25,2.39,3.29,3.1,3,4,0,1,2.38,3.25,3.1,2.4,3.3,2.9,2.4,3.3,3.05,2.4,3.29,3.2,2.08,1.73,2.15,1.76,2.07,1.77,2023-24,Serie A,0.986759,1.20911,1585.44555664,1570.88769531,14.557861329999923,2.631452294491249,3.560840312874093,11.6840915401294,9.806268038924491,,0.942,0.942,,,1.4,,4.4,,4.6,,10.8,,43.2,,2.6,,12.2,,
2023-12-23,Inter,Lecce,2,0,H,1,0,H,20,11,8,5,16,2,8,14,17:00,-1.75,1.95,1.95,1.95,1.93,1.25,7.0,17.0,1.23,6.48,13.23,1,3,0,1,1.22,7.0,11.0,1.22,6.5,13.0,1.25,6.25,12.0,1.23,6.54,12.85,1.65,2.2,1.68,2.24,1.66,2.25,2023-24,Serie A,3.28691,1.1279,,1613.23937988,,7.017391875612911,2.8425830615595307,17.765011410315108,12.272307560033973,2.53,1.048,1.048,2.53,3.4,2.0,9.2,3.0,8.2,3.6,18.2,13.8,63.0,41.0,2.2,5.4,9.8,15.2,,
2023-12-23,Roma,Napoli,2,0,H,0,0,D,17,7,4,2,4,0,19,12,19:45,0.0,2.11,1.79,2.14,1.79,3.15,3.3,2.63,3.01,3.18,2.52,7,4,0,2,3.0,3.1,2.5,2.87,3.2,2.5,2.95,3.2,2.5,3.05,3.17,2.57,2.15,1.67,2.18,1.74,2.13,1.73,2023-24,Serie A,2.06895,0.44093,1762.54846191,1846.24682617,-83.69836426000006,4.485554299974768,6.076977349859031,10.955875485232824,14.816793952743296,1.56,1.564,1.564,1.56,2.8,2.0,5.0,5.4,5.8,3.2,13.8,14.8,50.2,60.0,3.4,3.6,14.0,10.4,,
2023-12-23,Bologna,Atalanta,1,0,H,0,0,D,9,12,1,2,2,3,10,14,14:00,0.0,1.95,1.95,1.93,1.98,2.9,3.37,2.89,2.73,3.17,2.77,2,4,0,0,2.7,3.2,2.75,2.65,3.25,2.7,2.7,3.2,2.75,2.78,3.1,2.85,2.1,1.7,2.17,1.75,2.12,1.74,2023-24,Serie A,0.986587,1.59382,1744.01367188,1771.70300293,-27.689331049999964,2.0468360572276,4.796216390025108,10.589728743035234,11.22100678602276,0.972,1.002,1.002,0.972,1.6,1.8,2.4,5.4,1.4,6.2,9.6,12.0,54.0,52.4,2.6,1.8,12.8,12.8,,
2023-12-23,Frosinone,Juventus,1,2,A,0,1,A,10,13,3,3,8,8,6,12,11:30,0.75,2.06,1.84,2.04,1.87,6.0,4.0,1.71,5.68,3.83,1.64,0,2,0,0,6.0,3.75,1.62,5.25,3.8,1.63,5.75,3.8,1.63,5.87,3.76,1.67,2.08,1.82,2.09,1.8,2.03,1.81,2023-24,Serie A,0.495508,1.27523,1605.53515625,1839.94689941,-234.41174316,4.4878829446730695,4.791643900551335,11.312757201646091,11.961557026357916,0.902,1.498,1.498,0.902,1.8,2.6,5.2,4.8,2.2,4.8,11.6,12.0,56.8,42.6,2.0,1.8,7.8,13.8,,
2023-12-23,Torino,Udinese,1,1,D,0,0,D,14,10,4,4,8,2,10,11,14:00,-0.75,2.04,1.86,2.04,1.87,1.85,3.64,5.5,1.78,3.52,5.01,2,2,0,0,1.75,3.5,5.0,1.8,3.4,4.75,1.77,3.5,5.0,1.78,3.57,5.16,2.25,1.62,2.31,1.67,2.24,1.65,2023-24,Serie A,0.666821,0.919531,1699.29589844,1628.21191406,71.08398437999995,5.853358269335948,2.6149797804692514,11.239451271744873,10.018449340164704,1.55,0.942,0.942,1.55,3.2,1.6,5.8,2.4,6.2,2.4,12.2,9.8,53.8,33.6,2.2,3.2,11.8,11.4,,
2023-12-29,Fiorentina,Torino,1,0,H,0,0,D,12,6,3,3,4,2,11,15,17:30,-0.25,1.88,2.05,1.88,2.04,2.25,3.39,3.8,2.19,3.2,3.65,4,2,0,0,2.1,3.2,3.6,2.2,3.1,3.6,2.2,3.15,3.55,2.19,3.22,3.74,2.35,1.57,2.42,1.61,2.37,1.59,2023-24,Serie A,0.885643,0.439657,1758.4251709,1696.01269531,62.412475589999985,3.3198410874622075,3.7558815409272177,13.9815137932394,11.999325738536951,1.154,0.754,0.754,1.154,1.4,0.8,3.4,2.6,3.4,5.0,15.2,10.6,56.8,50.8,3.2,3.4,13.2,15.4,,
2023-12-29,Napoli,Monza,0,0,D,0,0,D,25,8,9,3,10,1,10,21,17:30,-1.0,2.09,1.84,2.07,1.85,1.66,4.32,6.0,1.63,4.1,5.43,4,4,0,0,1.62,4.0,5.5,1.62,4.0,5.25,1.63,4.0,5.25,1.62,4.18,5.52,1.73,2.08,1.74,2.17,1.74,2.07,2023-24,Serie A,2.37308,1.09674,1833.40100098,1658.80175781,174.5992431699999,6.233046463850732,6.125206898587651,18.599229080856748,14.958418066477774,1.432,0.996,0.996,1.432,2.4,1.0,7.0,5.6,6.6,5.0,19.2,12.8,59.2,52.2,2.4,5.4,9.2,13.4,,
2023-12-29,Genoa,Inter,1,1,D,1,1,D,13,16,4,6,8,2,13,15,19:45,0.75,2.05,1.88,2.01,1.9,6.25,3.9,1.7,5.85,3.73,1.66,2,2,0,0,5.5,3.8,1.65,5.75,3.6,1.65,5.75,3.7,1.65,5.92,3.67,1.68,2.3,1.6,2.34,1.65,2.28,1.64,2023-24,Serie A,0.410279,1.8593,1612.68823242,,,5.328732531348562,4.199796690154912,13.22456769350932,11.772452813067158,0.918,1.666,1.666,0.918,1.4,2.2,6.4,2.8,6.8,3.2,13.8,11.4,48.4,51.6,2.6,2.8,12.4,13.0,,
2023-12-29,Lazio,Frosinone,3,1,H,0,0,D,13,11,5,2,6,2,18,15,19:45,-0.75,1.86,2.07,1.86,2.05,1.71,4.01,6.0,1.66,3.88,5.44,3,2,0,0,1.67,3.8,5.25,1.66,3.75,5.25,1.67,3.8,5.25,1.67,3.93,5.5,2.05,1.85,2.04,1.85,2.01,1.83,2023-24,Serie A,1.74892,1.13132,1757.7121582,1601.74938965,155.96276854999996,5.039388300183381,5.101966163694559,10.811982807942735,11.872427983539096,1.482,1.148,1.148,1.482,3.0,1.6,4.4,4.8,4.0,3.4,10.8,11.8,52.0,52.8,2.2,2.4,13.2,11.6,,
2023-12-30,Atalanta,Lecce,1,0,H,0,0,D,17,15,4,2,5,6,10,16,11:30,-1.25,2.07,1.86,2.04,1.87,1.48,4.75,9.0,1.44,4.56,7.76,2,2,0,0,1.4,4.6,8.0,1.44,4.4,7.5,1.45,4.5,7.25,1.44,4.61,7.93,1.92,1.98,1.9,1.99,1.89,1.95,2023-24,Serie A,1.4919,1.38509,1764.26794434,1611.21582031,153.05212402999996,7.342035811177637,2.5617220410396873,17.481706345947053,11.848205040022648,1.67,1.048,1.048,1.67,2.2,2.0,6.4,3.0,8.0,3.6,17.2,13.8,50.8,41.0,1.6,5.4,11.6,15.2,,
2023-12-30,Cagliari,Empoli,0,0,D,0,0,D,15,5,3,1,8,6,18,18,14:00,-0.25,1.75,2.05,1.81,2.1,2.11,3.68,3.75,2.07,3.49,3.64,1,3,0,0,2.05,3.4,3.6,2.05,3.4,3.6,2.1,3.45,3.55,2.09,3.49,3.7,2.05,1.85,2.02,1.88,1.98,1.85,2023-24,Serie A,1.4357,0.222516,1561.58349609,1586.02319336,-24.439697270000124,6.894773227614129,3.511658472957378,16.669985892820925,8.537915251993013,1.79,0.68,0.68,1.79,3.2,0.8,6.8,3.6,10.6,2.4,17.0,7.8,47.2,43.4,2.0,4.4,13.0,13.8,,
2023-12-30,Udinese,Bologna,3,0,H,1,0,H,15,14,7,5,7,7,15,14,14:00,0.25,1.98,1.95,1.97,1.93,3.71,3.29,2.32,3.5,3.14,2.28,2,5,0,0,3.5,3.1,2.25,3.4,3.1,2.25,3.45,3.1,2.3,3.64,3.12,2.28,2.4,1.53,2.45,1.6,2.39,1.59,2023-24,Serie A,1.53169,0.766703,1631.49511719,1751.44873047,-119.95361328000013,3.8616462899530433,2.624996258171425,11.582109793321552,10.17810923444402,1.574,1.424,1.424,1.574,2.8,2.4,4.4,3.2,3.4,1.8,12.2,11.0,35.4,63.2,2.4,3.0,13.8,14.6,,
2023-12-30,Milan,Sassuolo,1,0,H,0,0,D,20,12,2,6,6,5,8,7,17:00,-1.25,2.01,1.92,2.0,1.9,1.5,5.1,7.5,1.46,4.88,6.56,0,1,0,0,1.45,4.75,6.5,1.47,4.75,6.0,1.47,4.8,6.25,1.45,4.99,6.64,1.5,2.5,1.51,2.66,1.5,2.58,2023-24,Serie A,,,1823.3470459,1623.40893555,199.93811035,5.262906359632018,7.061090347983974,12.864865708636843,14.57521733747598,1.492,1.448,1.448,1.492,2.0,2.4,6.0,5.8,4.6,3.4,14.0,12.6,53.0,49.0,3.4,4.2,9.6,9.8,,
2023-12-30,Verona,Salernitana,0,1,A,0,0,D,11,9,0,3,7,6,14,13,17:00,-0.5,1.95,1.98,1.97,1.93,2.01,3.68,4.4,1.94,3.5,4.14,2,2,0,0,1.91,3.4,4.2,1.93,3.5,4.0,1.95,3.5,4.1,1.96,3.47,4.22,2.08,1.73,2.12,1.78,2.06,1.78,2023-24,Serie A,0.812164,0.768493,1594.74987793,1564.10412598,30.645751949999976,5.420968196327499,3.6719582179066874,12.122727693419602,9.698888666478652,,0.826,0.826,,,1.4,,3.0,,3.0,,9.2,,45.4,,4.8,,13.8,,
2023-12-30,Juventus,Roma,1,0,H,0,0,D,13,11,4,2,2,2,15,14,19:45,-0.25,1.73,2.08,1.79,2.13,2.16,3.2,4.4,2.1,3.11,4.14,1,1,0,0,2.05,3.0,4.2,2.05,3.1,4.0,2.1,3.05,4.1,2.12,3.1,4.18,2.7,1.44,2.81,1.48,2.71,1.48,2023-24,Serie A,1.63273,0.39518,1843.73266602,1775.39428711,68.33837890999985,4.6803410801472864,4.859781310251204,13.338117076013482,9.921620597967491,1.674,0.784,0.784,1.674,3.0,2.2,4.6,3.6,5.0,3.4,15.2,9.0,43.2,51.0,1.6,1.6,13.0,12.6,,
2024-01-05,Bologna,Genoa,1,1,D,0,1,A,21,3,8,1,11,2,8,10,19:45,-0.5,2.08,1.82,2.1,1.82,2.13,3.19,4.75,2.06,3.07,4.3,3,3,0,0,2.05,3.0,4.33,2.05,3.0,4.2,,,,2.09,3.09,4.29,2.7,1.44,2.82,1.47,2.7,1.47,2023-24,Serie A,1.35919,0.153342,1734.38684082,1619.31726074,115.06958008000016,2.0312240381517332,3.4883089789590893,10.05981916202349,12.984836046127974,0.972,1.286,1.286,0.972,1.6,1.6,2.4,3.2,1.4,5.8,9.6,13.2,54.0,50.2,2.6,3.0,12.8,11.2,,
2024-01-06,Inter,Verona,2,1,H,1,0,H,15,8,6,3,7,0,16,15,11:30,-2.0,1.92,1.98,1.92,1.97,1.21,8.4,21.0,1.17,7.55,16.59,0,2,0,1,1.17,8.0,13.0,1.18,7.5,15.5,,,,1.17,7.94,16.21,1.5,2.5,1.52,2.6,1.52,2.53,2023-24,Serie A,2.12311,1.36479,,1584.61621094,,10.01159458374194,4.34109807026301,18.51000760687674,13.0864948778759,2.53,,,2.53,3.4,,9.2,,8.2,,18.2,,63.0,,2.2,,9.8,,,
2024-01-06,Frosinone,Monza,2,3,A,0,2,A,10,7,5,2,5,1,11,16,14:00,0.0,1.95,1.95,1.94,1.96,2.75,3.5,2.77,2.66,3.38,2.68,3,5,0,0,2.63,3.3,2.7,2.55,3.5,2.6,,,,2.71,3.36,2.73,1.93,1.97,1.91,1.98,1.87,1.96,2023-24,Serie A,1.14998,1.45289,1596.88134766,1664.47546387,-67.59411621000004,5.658588629782047,4.416804599058434,10.875171467764062,12.63894537765185,0.902,0.996,0.996,0.902,1.8,1.0,5.2,5.6,2.2,5.0,11.6,12.8,56.8,52.2,2.0,5.4,7.8,13.4,,
2024-01-06,Lecce,Cagliari,1,1,D,1,0,H,15,14,2,2,7,6,20,14,17:00,-0.25,1.92,1.98,1.93,1.98,2.27,3.48,3.55,2.22,3.32,3.42,1,1,0,0,2.2,3.25,3.4,2.2,3.3,3.3,,,,2.24,3.31,3.51,2.2,1.65,2.25,1.69,2.2,1.69,2023-24,Serie A,1.61147,0.994223,1607.77172852,1560.85302734,46.91870117999997,4.644289607367518,4.707226875249395,15.136777928667552,10.537512025949663,1.176,0.942,0.942,1.176,1.8,1.4,4.4,4.4,5.4,4.6,13.8,10.8,43.8,43.2,2.6,2.6,11.6,12.2,,
2024-01-06,Sassuolo,Fiorentina,1,0,H,1,0,H,7,9,1,3,1,8,10,14,19:45,0.25,1.97,1.93,1.98,1.93,3.38,3.75,2.27,3.24,3.55,2.2,3,2,0,0,3.25,3.5,2.15,3.1,3.6,2.2,,,,3.37,3.49,2.22,1.73,2.08,1.76,2.15,1.74,2.13,2023-24,Serie A,0.701861,1.4924,1620.74902344,1763.80981445,-143.06079101,4.659869637457334,5.657952094470499,14.401167494251007,13.995341380305373,1.334,1.582,1.582,1.334,1.2,1.2,5.2,5.8,5.0,4.4,14.8,14.0,46.4,54.0,3.2,2.6,10.0,14.2,,
2024-01-07,Salernitana,Juventus,1,2,A,1,0,H,8,18,3,3,2,8,9,15,17:00,1.25,1.91,1.99,1.95,1.95,9.0,4.9,1.45,8.27,4.61,1.41,3,5,1,0,7.5,4.5,1.4,7.75,4.5,1.43,,,,8.77,4.78,1.4,1.95,1.95,1.91,1.98,1.9,1.93,2023-24,Serie A,0.930992,1.82515,1574.23779297,1849.00183105,-274.76403807999986,5.576929114840226,5.8610959337008905,13.83594443983785,12.307704684238612,1.122,1.498,1.498,1.122,1.0,2.6,6.2,4.8,4.4,4.8,12.8,12.0,39.2,42.6,4.0,1.8,14.6,13.8,,
2024-01-07,Torino,Napoli,3,0,H,1,0,H,10,10,6,3,2,5,7,10,14:00,0.0,2.09,1.81,2.09,1.83,3.05,3.41,2.62,2.96,3.23,2.51,0,2,0,1,2.9,3.2,2.5,2.9,3.2,2.45,,,,2.98,3.19,2.61,2.2,1.65,2.28,1.68,2.19,1.69,2023-24,Serie A,2.13004,1.14787,1690.62817383,1827.72729492,-137.09912109000015,6.568905512890632,4.051318233239354,12.159634181163248,12.211195968495533,1.55,1.564,1.564,1.55,3.2,2.0,5.8,5.4,6.2,3.2,12.2,14.8,53.8,60.0,2.2,3.6,11.8,10.4,,
2024-01-07,Udinese,Lazio,1,2,A,0,1,A,13,7,2,2,4,4,16,22,14:00,0.25,1.98,1.92,2.0,1.9,3.64,3.32,2.33,3.48,3.22,2.23,5,3,0,0,3.5,3.2,2.2,3.4,3.2,2.2,,,,3.62,3.25,2.22,2.2,1.65,2.26,1.69,2.24,1.66,2023-24,Serie A,0.612027,0.498208,1648.55700684,1762.5802002,-114.02319336000004,4.907764193302029,7.462277399025986,12.721406528881037,13.629719922369969,1.574,1.626,1.626,1.574,2.8,2.0,4.4,7.6,3.4,3.8,12.2,14.0,35.4,55.6,2.4,2.8,13.8,11.6,,
2024-01-07,Empoli,Milan,0,3,A,0,2,A,17,13,2,6,6,6,9,13,11:30,0.75,2.04,1.86,2.08,1.83,5.5,4.26,1.7,5.1,4.07,1.65,1,2,0,0,5.25,3.8,1.67,4.8,4.0,1.66,,,,5.3,4.13,1.65,1.75,2.05,1.79,2.1,1.77,2.08,2023-24,Serie A,,,1586.75354004,1826.00695801,-239.2534179700001,6.70306120675631,4.110422868679187,16.033166241380307,15.982108065413843,1.056,1.51,1.51,1.056,1.6,2.8,6.0,3.4,5.6,5.0,15.4,15.4,52.2,58.0,3.6,3.2,12.2,12.2,,
2024-01-07,Roma,Atalanta,1,1,D,1,1,D,16,8,6,2,6,5,14,14,19:45,-0.25,2.05,1.85,2.06,1.85,2.43,3.39,3.33,2.38,3.23,3.16,1,6,0,0,2.4,3.2,3.1,2.35,3.25,3.1,,,,2.42,3.18,3.27,2.15,1.67,2.21,1.72,2.16,1.71,2023-24,Serie A,2.58182,1.11144,1770.12512207,1767.71191406,2.413208010000062,4.323702866649846,4.197477593350072,12.970583656821884,11.48067119068184,1.56,1.002,1.002,1.56,2.8,1.8,5.0,5.4,5.8,6.2,13.8,12.0,50.2,52.4,3.4,1.8,14.0,12.8,,
2024-01-13,Genoa,Torino,0,0,D,0,0,D,11,6,6,0,8,4,11,11,14:00,0.0,2.06,1.84,2.08,1.84,3.1,3.11,2.76,2.94,2.97,2.69,3,2,0,0,2.9,3.0,2.63,2.9,2.95,2.65,,,,3.06,2.95,2.72,2.7,1.44,2.82,1.47,2.69,1.47,2023-24,Serie A,0.575708,0.30855,1623.7677002,1708.76025391,-84.99255371000004,6.219155020899041,3.1705876939514783,13.149711795672882,9.999550492357969,0.918,0.754,0.754,0.918,1.4,0.8,6.4,2.6,6.8,5.0,13.8,10.6,48.4,50.8,2.6,3.4,12.4,15.4,,
2024-01-13,Napoli,Salernitana,2,1,H,1,1,D,20,6,7,2,8,3,15,10,14:00,-1.5,1.99,1.91,1.98,1.93,1.37,5.9,10.5,1.33,5.46,8.98,3,2,0,0,1.33,5.0,8.5,1.33,5.5,8.5,,,,1.32,5.65,9.39,1.57,2.35,1.57,2.5,1.55,2.44,2023-24,Serie A,2.73312,0.151576,1809.59521484,1571.09484863,238.50036621000004,7.488697642567155,4.447972145271125,20.732819387237832,9.465925777652435,1.432,0.826,0.826,1.432,2.4,1.4,7.0,3.0,6.6,3.0,19.2,9.2,59.2,45.4,2.4,4.8,9.2,13.8,,
2024-01-13,Verona,Empoli,2,1,H,1,0,H,12,14,7,1,5,9,20,17,17:00,-0.25,1.9,2.0,1.93,1.97,2.29,3.49,3.63,2.2,3.3,3.49,4,3,1,0,2.15,3.25,3.5,2.2,3.3,3.3,,,,2.26,3.2,3.58,2.1,1.7,2.2,1.72,2.14,1.73,2023-24,Serie A,1.25066,0.720625,1583.40283203,1580.25036621,3.152465819999861,5.947312130885,4.341105648638252,11.748485128946404,7.358610167995343,,0.68,0.68,,,0.8,,3.6,,2.4,,7.8,,43.4,,4.4,,13.8,,
2024-01-13,Monza,Inter,1,5,A,0,2,A,9,20,2,7,4,5,6,12,19:45,1.0,2.06,1.84,2.09,1.83,7.5,4.7,1.55,6.67,4.42,1.5,2,2,0,0,7.0,4.0,1.5,6.5,4.2,1.5,,,,6.57,4.57,1.5,1.88,2.02,1.84,2.06,1.83,2.01,2023-24,Serie A,1.07372,4.72502,1672.14587402,,,3.662247932253747,3.4665311267699415,9.91170552234254,13.18163520871144,0.676,1.666,1.666,0.676,0.8,2.2,4.6,2.8,4.2,3.2,10.2,11.4,54.8,51.6,3.0,2.8,12.2,13.0,,
2024-01-14,Lazio,Lecce,1,0,H,0,0,D,8,11,2,3,2,5,14,12,11:30,-0.75,1.88,2.02,1.88,2.02,1.71,3.91,6.0,1.66,3.74,5.65,4,4,0,0,1.65,3.6,5.75,1.65,3.75,5.5,,,,1.68,3.8,5.67,2.1,1.7,2.2,1.72,2.15,1.72,2023-24,Serie A,1.08287,0.971265,1769.02893066,1605.02990723,163.99902343000008,5.359592200122254,3.7078146940264585,11.541321871961824,12.8988033600151,1.482,1.048,1.048,1.482,3.0,2.0,4.4,3.0,4.0,3.6,10.8,13.8,52.0,41.0,2.2,5.4,13.2,15.2,,
2024-01-14,Cagliari,Bologna,2,1,H,1,1,D,4,11,2,4,2,5,12,8,14:00,0.25,1.77,2.14,1.78,2.17,3.17,3.27,2.56,3.07,3.08,2.51,3,2,0,0,3.0,3.1,2.5,3.0,3.1,2.5,,,,3.12,3.11,2.55,2.4,1.53,2.53,1.56,2.44,1.57,2023-24,Serie A,0.48909,0.738045,1563.5949707,1729.93640137,-166.34143067000014,7.263182151742754,4.08333083878095,16.113323928547285,11.45207282296268,1.79,1.424,1.424,1.79,3.2,2.4,6.8,3.2,10.6,1.8,17.0,11.0,47.2,63.2,2.0,3.0,13.0,14.6,,
2024-01-14,Fiorentina,Udinese,2,2,D,0,1,A,10,12,3,6,4,4,14,13,17:00,-0.75,1.88,2.02,1.87,2.04,1.73,4.0,5.7,1.67,3.85,5.36,1,1,0,0,1.67,3.75,5.5,1.63,3.9,5.25,,,,1.67,3.89,5.57,2.06,1.84,2.07,1.83,2.01,1.82,2023-24,Serie A,1.66667,1.16643,1753.43762207,1642.10827637,111.32934569999998,3.546560724974805,2.4099865203128346,13.321009195492936,10.012299560109804,1.154,0.942,0.942,1.154,1.4,1.6,3.4,2.4,3.4,2.4,15.2,9.8,56.8,33.6,3.2,3.2,13.2,11.4,,
2024-01-14,Milan,Roma,3,1,H,1,0,H,17,12,5,5,2,5,12,9,19:45,-0.25,1.85,2.05,1.87,2.04,2.21,3.35,3.83,2.16,3.24,3.63,2,3,0,0,2.2,3.2,3.5,2.15,3.25,3.5,,,,2.19,3.21,3.76,2.15,1.67,2.24,1.7,2.19,1.69,2023-24,Serie A,,,1832.51013184,1768.60168457,63.9084472699999,5.508604239754678,3.906520873500803,15.243243805757896,10.281080398644995,1.492,0.784,0.784,1.492,2.0,2.2,6.0,3.6,4.6,3.4,14.0,9.0,53.0,51.0,3.4,1.6,9.6,12.6,,
2024-01-15,Atalanta,Frosinone,5,0,H,3,0,H,21,8,9,5,8,2,11,8,19:45,-1.25,1.98,1.92,2.0,1.91,1.48,5.1,8.0,1.43,4.74,7.13,0,1,0,0,1.44,4.5,7.5,1.43,4.75,7.0,,,,1.45,4.86,7.03,1.62,2.25,1.65,2.32,1.64,2.28,2023-24,Serie A,4.91726,0.434507,1769.23547363,1589.21081543,180.02465819999998,6.561357207451758,4.06797744246304,17.321137563964704,11.581618655692733,1.67,1.148,1.148,1.67,2.2,1.6,6.4,4.8,8.0,3.4,17.2,11.8,50.8,52.8,1.6,2.4,11.6,11.6,,
2024-01-16,Juventus,Sassuolo,3,0,H,2,0,H,12,8,5,4,5,2,9,9,19:45,-1.25,1.93,1.97,1.94,1.96,1.46,5.0,8.8,1.41,4.71,7.94,0,2,0,0,1.4,4.2,8.5,1.44,4.6,7.0,,,,1.39,4.96,8.54,1.73,2.08,1.74,2.17,1.71,2.14,2023-24,Serie A,1.23237,0.29509,1852.14477539,1631.12121582,221.02355956999983,3.786894053431524,6.374060231989317,13.22541138400899,13.71681155831732,1.674,1.448,1.448,1.674,3.0,2.4,4.6,5.8,5.0,3.4,15.2,12.6,43.2,49.0,1.6,4.2,13.0,9.8,,
2024-01-20,Roma,Verona,2,1,H,2,0,H,9,12,2,3,1,2,14,12,17:00,-1.0,1.73,2.08,1.8,2.13,1.5,4.5,8.5,1.46,4.28,7.94,2,2,0,0,1.44,4.2,8.5,1.47,4.2,7.5,,,,1.46,4.34,8.03,2.08,1.73,2.12,1.78,2.11,1.75,2023-24,Serie A,1.4542,1.09599,1761.19116211,1590.1529541,171.03820801000006,4.882468577766565,2.8940653801753404,13.980389104547925,11.3909965852506,1.56,,,1.56,2.8,,5.0,,5.8,,13.8,,50.2,,3.4,,14.0,,,
2024-01-20,Udinese,Milan,2,3,A,1,1,D,11,15,6,7,5,7,12,9,19:45,0.5,1.99,1.91,2.0,1.91,4.3,3.83,1.93,4.07,3.71,1.89,6,1,0,0,4.0,3.8,1.85,3.9,3.6,1.88,,,,4.19,3.71,1.9,1.91,1.99,1.91,1.98,1.87,1.95,2023-24,Serie A,,,1646.52319336,1839.9206543,-193.39746093999997,4.6051761288680195,4.740281912452792,12.814271019254026,14.988072043609227,1.574,1.51,1.51,1.574,2.8,2.8,4.4,3.4,3.4,5.0,12.2,15.4,35.4,58.0,2.4,3.2,13.8,12.2,,
2024-01-21,Salernitana,Genoa,1,2,A,1,1,D,11,5,2,5,5,5,7,15,17:00,0.25,2.03,1.87,2.04,1.87,3.79,3.35,2.23,3.61,3.2,2.18,0,5,0,0,3.6,3.2,2.15,3.5,3.2,2.2,,,,3.73,3.24,2.19,2.4,1.53,2.51,1.57,2.43,1.56,2023-24,Serie A,1.1539,1.11078,1568.9005127,1624.72668457,-55.82617187000005,4.384619409893484,2.9922059859727264,11.890629626558567,9.656557364085318,1.122,1.286,1.286,1.122,1.0,1.6,6.2,3.2,4.4,5.8,12.8,13.2,39.2,50.2,4.0,3.0,14.6,11.2,,
2024-01-21,Lecce,Juventus,0,3,A,0,0,D,12,15,3,8,5,5,8,12,19:45,0.75,2.04,1.86,2.05,1.87,6.5,3.82,1.71,5.95,3.64,1.65,1,1,0,0,6.0,3.5,1.65,5.75,3.4,1.7,,,,6.23,3.69,1.65,2.35,1.57,2.38,1.63,2.36,1.59,2023-24,Serie A,0.493249,2.48407,1601.73657227,1856.2409668,-254.50439453000013,5.4295264049116785,6.574063955800594,15.09118528577837,14.205136456159076,1.176,1.498,1.498,1.176,1.8,2.6,4.4,4.8,5.4,4.8,13.8,12.0,43.8,42.6,2.6,1.8,11.6,13.8,,
2024-01-21,Empoli,Monza,3,0,H,2,0,H,9,15,5,5,1,7,15,10,14:00,0.0,2.06,1.84,2.07,1.85,2.87,3.54,2.63,2.81,3.36,2.54,1,3,0,0,2.8,3.3,2.55,2.75,3.4,2.5,,,,2.87,3.39,2.57,2.08,1.82,2.03,1.87,2.01,1.82,2023-24,Serie A,1.78103,0.868813,1573.50036621,1665.3873291,-91.88696288999996,6.468707471170874,3.277869732705623,16.355444160920207,10.759296918434568,1.056,0.996,0.996,1.056,1.6,1.0,6.0,5.6,5.6,5.0,15.4,12.8,52.2,52.2,3.6,5.4,12.2,13.4,,
2024-01-21,Frosinone,Cagliari,3,1,H,0,1,A,17,9,7,4,8,4,11,18,11:30,-0.25,2.06,1.84,2.06,1.85,2.44,3.6,3.09,2.38,3.45,2.98,3,5,0,0,2.4,3.4,2.9,2.4,3.4,2.85,,,,2.38,3.5,3.05,2.01,1.89,1.95,1.93,1.94,1.88,2023-24,Serie A,2.9278,0.599249,1582.80664062,1574.70471191,8.101928710000038,5.439059086521365,5.138151250166263,10.583447645176042,11.691674683966443,0.902,0.942,0.942,0.902,1.8,1.4,5.2,4.4,2.2,4.6,11.6,10.8,56.8,43.2,2.0,2.6,7.8,12.2,,
2024-01-26,Cagliari,Torino,1,2,A,0,2,A,25,16,10,6,8,2,12,12,19:45,0.25,1.98,1.92,1.99,1.92,3.75,3.25,2.32,3.56,3.17,2.23,2,4,0,0,3.5,3.2,2.2,3.5,3.1,2.2,,,,3.62,3.2,2.25,2.4,1.53,2.49,1.58,2.42,1.58,2023-24,Serie A,1.97593,2.42275,1565.6114502,1707.80126953,-142.18981932999986,5.508788101161837,3.4470584626343195,12.075549285698193,8.666366994905314,1.79,0.754,0.754,1.79,3.2,0.8,6.8,2.6,10.6,5.0,17.0,10.6,47.2,50.8,2.0,3.4,13.0,15.4,,
2024-01-27,Atalanta,Udinese,2,0,H,2,0,H,14,13,11,5,4,4,8,11,14:00,-1.0,1.85,2.05,1.85,2.06,1.54,4.61,7.5,1.5,4.45,6.44,2,1,0,0,1.5,4.5,6.0,1.51,4.33,6.25,,,,1.51,4.52,6.55,1.73,2.08,1.78,2.11,1.75,2.1,2023-24,Serie A,1.32201,0.616693,1775.63964844,1641.84765625,133.79199218999997,7.040904804967839,2.93999101354189,18.547425042643138,10.674866373406536,1.67,0.942,0.942,1.67,2.2,1.6,6.4,2.4,8.0,2.4,17.2,9.8,50.8,33.6,1.6,3.2,11.6,11.4,,
2024-01-27,Juventus,Empoli,1,1,D,0,0,D,9,16,3,5,6,7,11,6,17:00,-1.5,1.98,1.92,1.99,1.92,1.34,5.7,13.0,1.29,5.41,11.24,1,1,1,0,1.29,5.5,10.0,1.3,5.5,10.5,,,,1.29,5.55,11.88,1.87,2.03,1.89,2.0,1.85,1.98,2023-24,Serie A,0.990773,0.696403,1862.61962891,1589.2479248,273.3717041100001,4.191262702287683,5.894070432425502,12.81694092267266,9.572406778663565,1.674,0.68,0.68,1.674,3.0,0.8,4.6,3.6,5.0,2.4,15.2,7.8,43.2,43.4,1.6,4.4,13.0,13.8,,
2024-01-27,Milan,Bologna,2,2,D,1,1,D,14,15,4,4,4,1,16,12,19:45,-0.75,1.95,1.95,1.92,1.98,1.76,4.0,5.25,1.71,3.79,5.03,5,3,0,0,1.67,3.75,5.25,1.7,3.7,5.0,,,,1.7,3.93,5.11,2.08,1.73,2.08,1.8,2.07,1.78,2023-24,Serie A,,,1844.59619141,1718.82666016,125.76953125,4.339069493169786,4.388887225853967,15.828829203838598,11.301381881975122,1.492,1.424,1.424,1.492,2.0,2.4,6.0,3.2,4.6,1.8,14.0,11.0,53.0,63.2,3.4,3.0,9.6,14.6,,
2024-01-28,Genoa,Lecce,2,1,H,0,1,A,19,19,7,5,3,8,12,17,11:30,-0.5,2.09,1.81,2.11,1.82,2.13,3.34,4.3,2.08,3.12,4.07,0,2,0,0,2.1,3.1,4.0,2.05,3.1,4.1,,,,2.1,3.13,4.2,2.6,1.48,2.77,1.49,2.62,1.49,2023-24,Serie A,2.08542,2.29888,1632.95141602,1595.35791016,37.59350585999982,6.812770013932695,4.138543129350973,12.433141197115257,12.265868906676731,0.918,1.048,1.048,0.918,1.4,2.0,6.4,3.0,6.8,3.6,13.8,13.8,48.4,41.0,2.6,5.4,12.4,15.2,,
2024-01-28,Monza,Sassuolo,1,0,H,1,0,H,12,14,1,3,4,5,8,13,14:00,-0.25,2.02,1.88,2.05,1.86,2.38,3.77,3.2,2.28,3.52,3.06,1,3,0,0,2.25,3.4,3.2,2.25,3.5,3.0,,,,2.36,3.49,3.09,1.75,2.05,1.77,2.14,1.74,2.1,2023-24,Serie A,0.419129,0.725542,1649.63977051,1627.02502441,22.614746100000048,3.774831954835832,4.916040154659545,9.607803681561691,11.81120770554488,0.676,1.448,1.448,0.676,0.8,2.4,4.6,5.8,4.2,3.4,10.2,12.6,54.8,49.0,3.0,4.2,12.2,9.8,,
2024-01-28,Verona,Frosinone,1,1,D,1,0,H,15,11,5,6,1,9,17,12,14:00,-0.25,2.09,1.81,2.11,1.82,2.5,3.56,3.05,2.43,3.39,2.92,2,2,0,0,2.45,3.3,2.9,2.37,3.4,2.95,,,,2.44,3.44,3.01,2.03,1.87,1.97,1.92,1.97,1.85,2023-24,Serie A,2.29871,1.66579,1587.03076172,1591.89990234,-4.8691406199998255,5.6315414205900005,3.3786516283086936,11.832323419297602,10.387745770461825,,1.148,1.148,,,1.6,,4.8,,3.4,,11.8,,52.8,,2.4,,11.6,,
2024-01-28,Lazio,Napoli,0,0,D,0,0,D,10,5,1,0,4,3,11,11,17:00,-0.25,1.95,1.95,1.96,1.94,2.38,3.35,3.53,2.28,3.21,3.36,3,2,0,0,2.25,3.3,3.3,2.3,3.2,3.2,,,,2.3,3.18,3.52,2.25,1.62,2.35,1.65,2.28,1.64,2023-24,Serie A,0.414353,0.169707,1772.32214355,1811.78942871,-39.467285160000074,4.239728133414837,4.367545488826236,10.36088124797455,11.474130645663688,1.482,1.564,1.564,1.482,3.0,2.0,4.4,5.4,4.0,3.2,10.8,14.8,52.0,60.0,2.2,3.6,13.2,10.4,,
2024-01-28,Fiorentina,Inter,0,1,A,0,1,A,14,8,4,4,7,6,6,12,19:45,0.5,1.98,1.92,1.98,1.93,4.3,3.81,1.96,4.06,3.65,1.9,2,3,0,0,4.2,3.6,1.85,3.75,3.5,1.95,,,,4.13,3.69,1.92,1.97,1.93,1.95,1.93,1.91,1.91,2023-24,Serie A,1.89212,0.617311,1749.02282715,,,3.697707149983204,3.977687417846628,12.214006130328624,15.454423472474293,1.154,1.666,1.666,1.154,1.4,2.2,3.4,2.8,3.4,3.2,15.2,11.4,56.8,51.6,3.2,2.8,13.2,13.0,,
2024-01-29,Salernitana,Roma,1,2,A,0,0,D,15,5,7,2,5,1,12,12,19:45,0.75,2.05,1.85,2.08,1.83,6.0,4.0,1.7,5.46,3.8,1.66,2,3,0,0,5.25,3.8,1.67,5.25,3.7,1.68,,,,5.79,3.91,1.64,2.08,1.73,2.1,1.79,2.09,1.75,2023-24,Serie A,1.42906,1.48834,1560.67590332,1764.31335449,-203.63745116999985,4.589746273262323,4.2710139156672025,11.59375308437238,10.854053599096664,1.122,0.784,0.784,1.122,1.0,2.2,6.2,3.6,4.4,3.4,12.8,9.0,39.2,51.0,4.0,1.6,14.6,12.6,,
2024-02-02,Lecce,Fiorentina,3,2,H,1,0,H,16,10,8,3,1,3,13,14,19:45,0.25,2.1,1.83,2.09,1.85,3.87,3.42,2.18,3.71,3.3,2.13,3,3,0,0,3.75,3.2,2.1,3.6,3.25,2.1,,,,3.81,3.31,2.16,2.15,1.67,2.23,1.72,2.18,1.7,2023-24,Serie A,2.31602,1.07539,1589.52368164,1744.29272461,-154.7690429700001,5.286350936607786,6.438634729646999,14.060790190518912,12.33022758687025,1.176,1.582,1.582,1.176,1.8,1.2,4.4,5.8,5.4,4.4,13.8,14.0,43.8,54.0,2.6,2.6,11.6,14.2,,
2024-02-03,Bologna,Sassuolo,4,2,H,1,2,A,19,12,4,4,7,4,12,10,19:45,-0.75,2.0,1.93,1.97,1.93,1.8,3.89,5.5,1.75,3.76,4.88,1,3,0,0,1.7,3.75,5.0,1.73,3.7,4.75,,,,1.74,3.79,5.04,2.05,1.85,2.03,1.86,1.99,1.84,2023-24,Serie A,0.889471,0.898681,1723.66503906,1621.06945801,102.59558104999996,5.020816025434489,4.94402676977303,13.706546108015662,12.54080513702992,0.972,1.448,1.448,0.972,1.6,2.4,2.4,5.8,1.4,3.4,9.6,12.6,54.0,49.0,2.6,4.2,12.8,9.8,,
2024-02-03,Frosinone,Milan,2,3,A,1,1,D,7,13,4,5,2,4,10,13,17:00,0.75,2.08,1.85,2.09,1.83,5.25,4.4,1.71,4.85,4.26,1.66,1,3,0,0,5.0,4.2,1.62,4.6,4.2,1.66,,,,4.96,4.32,1.65,1.6,2.3,1.63,2.38,1.62,2.32,2023-24,Serie A,,,1593.36218262,1839.75769043,-246.3955078099998,6.29270605768091,5.493521274968527,12.722298430117362,14.99204802907282,0.902,1.51,1.51,0.902,1.8,2.8,5.2,3.4,2.2,5.0,11.6,15.4,56.8,58.0,2.0,3.2,7.8,12.2,,
2024-02-03,Udinese,Monza,0,0,D,0,0,D,21,3,6,2,7,4,12,13,14:00,-0.25,1.93,2.0,1.97,1.93,2.34,3.56,3.41,2.28,3.37,3.25,3,2,0,0,2.25,3.3,3.3,2.3,3.4,3.1,,,,2.3,3.29,3.4,2.04,1.86,2.04,1.85,1.96,1.84,2023-24,Serie A,0.780762,0.124799,1636.77441406,1655.59533691,-18.820922849999988,4.736784085912014,4.518579821803749,12.209514012836015,12.172864612289713,1.574,0.996,0.996,1.574,2.8,1.0,4.4,5.6,3.4,5.0,12.2,12.8,35.4,52.2,2.4,5.4,13.8,13.4,,
2024-02-03,Empoli,Genoa,0,0,D,0,0,D,15,10,4,2,6,6,11,12,14:00,0.0,2.14,1.8,2.1,1.83,3.06,3.35,2.71,2.97,3.07,2.62,2,3,0,1,3.0,3.0,2.6,2.95,3.1,2.55,,,,3.04,3.05,2.65,2.5,1.5,2.58,1.55,2.46,1.56,2023-24,Serie A,0.58479,0.577479,1596.65856934,1638.78552246,-42.12695312000005,4.645804980780583,3.661470657315151,13.903629440613472,8.104371576056879,1.056,1.286,1.286,1.056,1.6,1.6,6.0,3.2,5.6,5.8,15.4,13.2,52.2,50.2,3.6,3.0,12.2,11.2,,
2024-02-04,Torino,Salernitana,0,0,D,0,0,D,13,3,1,1,10,1,11,8,11:30,-1.0,1.92,2.01,1.92,1.99,1.55,4.33,7.8,1.5,4.12,7.28,2,1,0,0,1.5,4.0,7.5,1.47,4.1,7.5,,,,1.52,4.22,7.02,2.15,1.67,2.19,1.72,2.15,1.7,2023-24,Serie A,0.742534,0.0814573,1713.83874512,1556.21313477,157.62561035000022,5.045937008593755,3.965314763514084,11.4397561207755,8.310617185101624,1.55,0.826,0.826,1.55,3.2,1.4,5.8,3.0,6.2,3.0,12.2,9.2,53.8,45.4,2.2,4.8,11.8,13.8,,
2024-02-04,Napoli,Verona,2,1,H,0,0,D,19,12,8,2,9,2,11,14,14:00,-1.25,1.99,1.94,1.99,1.92,1.46,5.0,8.7,1.41,4.69,7.94,3,2,0,0,1.4,4.5,8.5,1.44,4.6,7.25,,,,1.4,4.82,8.48,1.87,2.03,1.85,2.04,1.82,2.01,2023-24,Serie A,1.97716,1.18484,1812.26611328,1585.56848145,226.69763182999984,7.659131761711437,2.5960435867835603,20.488546258158557,11.5939977235004,1.432,,,1.432,2.4,,7.0,,6.6,,19.2,,59.2,,2.4,,9.2,,,
2024-02-04,Atalanta,Lazio,3,1,H,2,0,H,19,7,5,1,6,1,13,14,17:00,-0.5,2.11,1.82,2.12,1.79,2.15,3.52,3.95,2.07,3.36,3.74,2,3,0,0,2.05,3.4,3.75,2.05,3.3,3.6,,,,2.12,3.32,3.83,2.15,1.67,2.26,1.69,2.18,1.69,2023-24,Serie A,2.87997,1.29656,1780.71289062,1771.84558105,8.867309570000089,6.02726986997856,6.308184932683991,17.031616695095426,11.41981328157998,1.67,1.626,1.626,1.67,2.2,2.0,6.4,7.6,8.0,3.8,17.2,14.0,50.8,55.6,1.6,2.8,11.6,11.6,,
2024-02-04,Inter,Juventus,1,0,H,1,0,H,15,12,3,1,6,4,8,8,19:45,-0.5,1.78,2.03,1.83,2.09,1.84,3.68,5.2,1.81,3.51,4.77,2,2,0,0,1.8,3.5,4.75,1.82,3.4,4.6,,,,1.83,3.59,4.77,2.2,1.65,2.32,1.66,2.26,1.65,2023-24,Serie A,1.64254,0.597312,,1855.20910645,,9.007729722494629,6.049375970533729,17.340005071251163,14.470090970772718,2.53,1.498,1.498,2.53,3.4,2.6,9.2,4.8,8.2,4.8,18.2,12.0,63.0,42.6,2.2,1.8,9.8,13.8,,
2024-02-05,Roma,Cagliari,4,0,H,2,0,H,20,12,6,3,7,5,8,12,19:45,-1.0,1.73,2.08,1.79,2.12,1.52,4.7,7.5,1.47,4.45,7.05,1,1,0,0,1.44,4.33,7.5,1.49,4.33,6.75,,,,1.48,4.54,7.13,1.87,2.03,1.86,2.03,1.84,1.98,2023-24,Serie A,3.35931,0.503174,1768.77600098,1559.57409668,209.2019043,3.5883123851777103,4.758767500110842,12.320259403031953,10.794449789310963,1.56,0.942,0.942,1.56,2.8,1.4,5.0,4.4,5.8,4.6,13.8,10.8,50.2,43.2,3.4,2.6,14.0,12.2,,
2024-02-09,Salernitana,Empoli,1,3,A,0,1,A,13,17,4,3,4,8,10,17,19:45,-0.25,2.07,1.86,2.08,1.86,2.47,3.32,3.32,2.41,3.19,3.2,3,2,0,0,2.38,3.2,3.2,2.4,3.1,3.1,,,,2.44,3.18,3.3,2.35,1.57,2.44,1.62,2.35,1.61,2023-24,Serie A,0.799924,2.14988,1561.70239258,1596.23168945,-34.52929687000005,4.726497515508216,6.262713621617001,12.72916872291492,11.714937852442375,1.122,0.68,0.68,1.122,1.0,0.8,6.2,3.6,4.4,2.4,12.8,7.8,39.2,43.4,4.0,4.4,14.6,13.8,,
2024-02-10,Cagliari,Lazio,1,3,A,0,1,A,13,12,6,5,7,8,6,9,14:00,0.25,2.04,1.89,2.02,1.89,3.75,3.32,2.24,3.6,3.25,2.18,1,3,0,0,3.5,3.3,2.15,3.5,3.25,2.15,,,,3.65,3.26,2.21,2.3,1.6,2.38,1.63,2.32,1.62,2023-24,Serie A,0.69339,1.60335,1554.47827148,1762.7644043,-208.28613281999992,6.339192067441225,4.538789955122661,16.383699523798796,9.946542187719988,1.79,1.626,1.626,1.79,3.2,2.0,6.8,7.6,10.6,3.8,17.0,14.0,47.2,55.6,2.0,2.8,13.0,11.6,,
2024-02-10,Roma,Inter,2,4,A,2,1,H,8,10,3,6,3,8,9,14,17:00,0.5,2.02,1.91,2.01,1.9,4.75,3.61,1.97,4.34,3.47,1.9,2,0,0,0,4.2,3.5,1.91,4.2,3.4,1.9,,,,4.49,3.52,1.89,2.15,1.67,2.24,1.7,2.2,1.69,2023-24,Serie A,1.00864,1.24183,1773.8717041,,,4.725541590118473,4.651791611897752,14.880172935354636,12.969615648316196,1.56,1.666,1.666,1.56,2.8,2.2,5.0,2.8,5.8,3.2,13.8,11.4,50.2,51.6,3.4,2.8,14.0,13.0,,
2024-02-10,Sassuolo,Torino,1,1,D,1,1,D,11,13,4,2,5,4,12,11,19:45,0.25,2.01,1.92,1.95,1.95,3.5,3.52,2.29,3.33,3.35,2.25,1,3,0,0,3.4,3.3,2.2,3.25,3.3,2.2,,,,3.4,3.36,2.26,2.05,1.75,2.08,1.81,2.05,1.78,2023-24,Serie A,0.803849,1.11139,1615.18664551,1708.3494873,-93.1628417899999,3.439913091638223,2.964705641756213,11.934111662834006,11.110911329936876,1.334,0.754,0.754,1.334,1.2,0.8,5.2,2.6,5.0,5.0,14.8,10.6,46.4,50.8,3.2,3.4,10.0,15.4,,
2024-02-11,Monza,Verona,0,0,D,0,0,D,11,10,1,1,5,2,19,15,14:00,-0.25,1.75,2.05,1.83,2.1,2.15,3.52,3.97,2.09,3.3,3.77,1,2,0,0,2.05,3.4,3.75,2.1,3.3,3.6,,,,2.14,3.24,3.88,2.2,1.65,2.31,1.67,2.19,1.69,2023-24,Serie A,0.831924,0.576842,1656.68884277,1583.25598145,73.43286132000003,3.8498879698905544,2.3973623911890405,10.405202454374464,11.729331815666937,0.676,,,0.676,0.8,,4.6,,4.2,,10.2,,54.8,,3.0,,12.2,,,
2024-02-11,Fiorentina,Frosinone,5,1,H,3,0,H,18,11,7,3,2,5,16,8,11:30,-1.0,1.91,2.02,1.91,2.0,1.56,4.55,6.5,1.52,4.39,6.16,3,1,0,0,1.5,4.33,6.5,1.51,4.4,6.0,,,,1.54,4.46,6.13,1.75,2.05,1.78,2.11,1.77,2.07,2023-24,Serie A,3.17846,1.2861,1733.53588867,1589.71655273,143.81933593999997,4.7984714333221365,5.252434418872463,12.809337420219084,10.591830513641217,1.154,1.148,1.148,1.154,1.4,1.6,3.4,4.8,3.4,3.4,15.2,11.8,56.8,52.8,3.2,2.4,13.2,11.6,,
2024-02-11,Milan,Napoli,1,0,H,1,0,H,10,12,6,2,1,2,9,12,19:45,-0.5,1.99,1.94,1.96,1.94,2.0,3.89,3.96,1.95,3.69,3.78,1,1,0,0,1.95,3.6,3.8,1.9,3.75,3.75,,,,1.95,3.74,3.94,1.8,2.0,1.82,2.06,1.79,2.04,2023-24,Serie A,,,1843.40332031,1814.57861328,28.824707030000127,4.226046328779858,3.911696992550824,15.219219469225733,9.316087097109126,1.492,1.564,1.564,1.492,2.0,2.0,6.0,5.4,4.6,3.2,14.0,14.8,53.0,60.0,3.4,3.6,9.6,10.4,,
2024-02-11,Bologna,Lecce,4,0,H,2,0,H,16,14,6,3,4,3,10,13,14:00,-0.75,1.92,1.98,1.93,1.97,1.76,3.78,5.8,1.71,3.59,5.36,1,2,0,0,1.73,3.6,5.25,1.72,3.6,5.25,,,,1.71,3.66,5.62,2.2,1.65,2.27,1.68,2.25,1.66,2023-24,Serie A,1.77523,1.10831,1729.54785156,1600.28051758,129.2673339800001,5.680544016956326,5.425695419567315,15.471030738677108,14.510579271117823,0.972,1.048,1.048,0.972,1.6,2.0,2.4,3.0,1.4,3.6,9.6,13.8,54.0,41.0,2.6,5.4,12.8,15.2,,
2024-02-11,Genoa,Atalanta,1,4,A,0,1,A,15,14,6,9,7,4,8,13,17:00,0.5,1.82,2.11,1.81,2.11,4.0,3.4,2.16,3.78,3.3,2.09,3,4,0,0,3.75,3.3,2.05,3.6,3.25,2.1,,,,3.93,3.29,2.1,2.2,1.65,2.32,1.66,2.23,1.66,2023-24,Serie A,0.906299,2.84643,1639.21240234,1789.79406738,-150.58166503999996,5.541846675955131,4.4649850622333815,14.622094131410172,10.32044746045456,0.918,1.002,1.002,0.918,1.4,1.8,6.4,5.4,6.8,6.2,13.8,12.0,48.4,52.4,2.6,1.8,12.4,12.8,,
2024-02-12,Juventus,Udinese,0,1,A,0,1,A,14,8,6,1,8,4,15,10,19:45,-1.25,2.05,1.88,2.03,1.88,1.46,4.75,9.0,1.42,4.51,8.25,3,3,0,0,1.44,4.5,8.0,1.41,4.6,8.0,,,,1.43,4.54,8.56,2.04,1.86,2.07,1.83,1.99,1.83,2023-24,Serie A,2.01527,1.13222,1850.62780762,1635.68078613,214.94702149000025,4.794175134858456,3.29332734236126,11.544627281781777,11.449910915604358,1.674,0.942,0.942,1.674,3.0,1.6,4.6,2.4,5.0,2.4,15.2,9.8,43.2,33.6,1.6,3.2,13.0,11.4,,
2024-02-14,Bologna,Fiorentina,2,0,H,1,0,H,18,12,7,3,2,3,11,8,18:00,-0.25,2.05,1.85,2.06,1.86,2.44,3.42,3.3,2.37,3.23,3.19,2,3,0,0,2.3,3.2,3.2,2.35,3.25,3.1,,,,2.41,3.2,3.28,2.2,1.65,2.28,1.68,2.23,1.67,2023-24,Serie A,2.65166,0.969673,1737.25268555,1740.49926758,-3.2465820299998995,5.120362677970885,5.292423153098,15.64735382578474,11.553485057913502,0.972,1.582,1.582,0.972,1.6,1.2,2.4,5.8,1.4,4.4,9.6,14.0,54.0,54.0,2.6,2.6,12.8,14.2,,
2024-02-16,Torino,Lecce,2,0,H,0,0,D,12,8,4,4,5,5,16,11,18:00,-0.5,1.83,2.07,1.84,2.1,1.87,3.62,5.17,1.82,3.44,4.9,1,4,0,1,1.8,3.4,4.75,1.83,3.4,4.6,,,,1.83,3.47,5.08,2.25,1.62,2.33,1.66,2.33,1.62,2023-24,Serie A,1.52802,0.415653,1711.43237305,1596.70629883,114.7260742200001,6.697291339062504,4.617130279711544,11.959837413850334,14.340386180745217,1.55,1.048,1.048,1.55,3.2,2.0,5.8,3.0,6.2,3.6,12.2,13.8,53.8,41.0,2.2,5.4,11.8,15.2,,
2024-02-16,Inter,Salernitana,4,0,H,3,0,H,26,1,10,0,18,0,9,9,20:00,-2.25,1.99,1.91,2.0,1.91,1.16,10.0,24.0,1.14,8.75,18.92,0,1,0,0,1.14,8.5,15.0,1.14,8.5,20.0,,,,1.15,9.0,17.0,1.44,2.7,1.47,2.76,1.46,2.72,2023-24,Serie A,4.48759,0.0464174,,1553.55212402,,8.005153148329752,2.9768765090093896,16.56000338083411,6.540411456734416,2.53,0.826,0.826,2.53,3.4,1.4,9.2,3.0,8.2,3.0,18.2,9.2,63.0,45.4,2.2,4.8,9.8,13.8,,
2024-02-17,Napoli,Genoa,1,1,D,0,0,D,25,6,7,4,7,2,9,13,14:00,-0.75,1.81,2.09,1.83,2.09,1.69,4.04,6.5,1.63,3.88,5.88,3,2,0,0,1.6,3.75,6.0,1.58,4.0,5.75,,,,1.64,3.84,6.02,2.1,1.7,2.16,1.74,2.11,1.74,2023-24,Serie A,1.18788,0.285006,1812.77783203,1633.56872559,179.2091064399999,8.106087841140958,4.440980438210101,19.992364172105702,8.736247717371253,1.432,1.286,1.286,1.432,2.4,1.6,7.0,3.2,6.6,5.8,19.2,13.2,59.2,50.2,2.4,3.0,9.2,11.2,,
2024-02-17,Verona,Juventus,2,2,D,1,1,D,14,18,9,4,5,4,8,10,17:00,0.75,2.0,1.9,1.98,1.93,6.5,3.75,1.76,5.72,3.63,1.68,0,0,0,0,5.75,3.5,1.67,5.75,3.7,1.65,,,,5.84,3.64,1.69,2.3,1.6,2.41,1.61,2.32,1.62,2023-24,Serie A,0.617246,1.80606,1590.91833496,1840.35803223,-249.4396972699999,4.087694280393334,5.366250647022486,12.888215612865068,13.64672731384848,,1.498,1.498,,,2.6,,4.8,,4.8,,12.0,,42.6,,1.8,,13.8,,
2024-02-17,Atalanta,Sassuolo,3,0,H,1,0,H,28,12,13,4,11,5,10,9,19:45,-1.5,1.99,1.91,1.99,1.92,1.4,5.7,9.5,1.36,5.44,8.04,0,0,0,0,1.36,5.5,8.0,1.37,5.25,7.5,,,,1.36,5.58,8.03,1.48,2.6,1.5,2.68,1.49,2.61,2023-24,Serie A,5.00929,1.81361,1803.69897461,1620.36499023,183.33398437999995,6.018179913319041,4.629351179848687,17.687744463396953,12.360536758019949,1.67,1.448,1.448,1.67,2.2,2.4,6.4,5.8,8.0,3.4,17.2,12.6,50.8,49.0,1.6,4.2,11.6,9.8,,
2024-02-18,Empoli,Fiorentina,1,1,D,0,1,A,5,9,4,4,0,3,15,14,14:00,0.25,2.09,1.81,2.06,1.85,3.75,3.6,2.17,3.62,3.37,2.11,3,2,0,0,3.75,3.3,2.05,3.5,3.4,2.1,,,,3.65,3.38,2.16,2.1,1.7,2.15,1.76,2.08,1.76,2023-24,Serie A,0.945067,0.920295,1612.64306641,1735.11328125,-122.47021483999993,5.097203320520389,4.528282102065334,14.269086293742316,11.702323371942336,1.056,1.582,1.582,1.056,1.6,1.2,6.0,5.8,5.6,4.4,15.4,14.0,52.2,54.0,3.6,2.6,12.2,14.2,,
2024-02-18,Udinese,Cagliari,1,1,D,1,1,D,17,5,3,2,3,4,14,10,14:00,-0.5,1.88,2.02,1.87,2.05,1.93,3.75,4.6,1.89,3.57,4.24,3,2,0,0,1.91,3.6,4.0,1.88,3.5,4.1,,,,1.85,3.65,4.48,2.05,1.75,2.07,1.83,2.04,1.79,2023-24,Serie A,1.17588,0.817344,1654.21166992,1552.3145752,101.89709472000004,5.4911893906080085,4.8391783334072285,15.139676008557348,11.196299859540645,1.574,0.942,0.942,1.574,2.8,1.4,4.4,4.4,3.4,4.6,12.2,10.8,35.4,43.2,2.4,2.6,13.8,12.2,,
2024-02-18,Frosinone,Roma,0,3,A,0,1,A,25,13,7,5,10,2,10,16,17:00,0.5,1.95,1.95,1.96,1.94,4.0,3.92,1.98,3.81,3.75,1.93,0,3,0,0,3.8,3.75,1.91,3.8,3.7,1.9,,,,3.88,3.83,1.93,1.73,2.08,1.75,2.17,1.74,2.11,2023-24,Serie A,1.62402,1.81853,1586.88378906,1772.8885498,-186.0047607399999,4.861804038453941,3.1806759437781356,10.814865620078244,8.902702399397777,0.902,0.784,0.784,0.902,1.8,2.2,5.2,3.6,2.2,3.4,11.6,9.0,56.8,51.0,2.0,1.6,7.8,12.6,,
2024-02-18,Lazio,Bologna,1,2,A,1,1,D,12,11,7,3,8,3,5,11,11:30,-0.25,2.01,1.89,2.03,1.88,2.43,3.29,3.45,2.33,3.11,3.36,2,3,0,0,2.3,3.1,3.4,2.25,3.1,3.4,,,,2.39,3.12,3.4,2.5,1.5,2.58,1.55,2.47,1.53,2023-24,Serie A,1.14123,1.16044,1777.3717041,1750.89978027,26.471923829999923,4.159818755609892,3.2592581505693117,10.2405874986497,12.534254587983416,1.482,1.424,1.424,1.482,3.0,2.4,4.4,3.2,4.0,1.8,10.8,11.0,52.0,63.2,2.2,3.0,13.2,14.6,,
2024-02-18,Monza,Milan,4,2,H,2,0,H,12,16,6,6,7,3,11,10,19:45,0.75,1.85,2.05,1.86,2.05,4.75,3.89,1.86,4.52,3.7,1.8,4,1,0,1,4.75,3.5,1.8,4.4,3.7,1.8,,,,4.63,3.78,1.8,1.97,1.93,1.94,1.94,1.91,1.9,2023-24,Serie A,,,1657.28771973,1860.11962891,-202.83190918000017,4.233258646593703,4.995680849979019,10.603468302916308,14.328032019381885,0.676,1.51,1.51,0.676,0.8,2.8,4.6,3.4,4.2,5.0,10.2,15.4,54.8,58.0,3.0,3.2,12.2,12.2,,
2024-02-22,Torino,Lazio,0,2,A,0,0,D,24,7,4,4,7,4,11,7,19:45,-0.25,2.09,1.81,2.11,1.81,2.55,3.1,3.41,2.47,2.94,3.29,3,2,0,1,2.4,2.9,3.25,2.45,2.95,3.2,,,,2.51,2.97,3.36,2.7,1.44,2.77,1.49,2.67,1.47,2023-24,Serie A,1.94911,0.352376,1717.43908691,1767.15942383,-49.72033691999991,6.131527559375003,5.6925266367484415,11.97322494256689,10.63102812514666,1.55,1.626,1.626,1.55,3.2,2.0,5.8,7.6,6.2,3.8,12.2,14.0,53.8,55.6,2.2,2.8,11.8,11.6,,
2024-02-23,Bologna,Verona,2,0,H,1,0,H,12,7,3,3,11,1,12,15,19:45,-1.0,2.06,1.84,2.08,1.85,1.62,4.12,7.0,1.57,3.91,6.62,2,2,0,0,1.55,3.8,7.0,1.57,3.8,6.25,,,,1.59,3.9,6.83,2.1,1.7,2.18,1.75,2.15,1.72,2023-24,Serie A,2.33279,0.701896,1760.25524902,1595.06896973,165.18627929000013,4.080241785313924,2.264908260792694,16.43156921718983,11.15288787711129,0.972,,,0.972,1.6,,2.4,,1.4,,9.6,,54.0,,2.6,,12.8,,,
2024-02-24,Sassuolo,Empoli,2,3,A,0,1,A,19,14,5,6,4,1,12,14,14:00,-0.25,1.95,1.95,1.96,1.94,2.31,3.5,3.41,2.24,3.4,3.29,1,3,0,0,2.2,3.4,3.3,2.2,3.4,3.25,,,,2.28,3.35,3.37,2.03,1.87,2.03,1.87,1.97,1.86,2023-24,Serie A,1.60152,2.52542,1614.72119141,1613.61987305,1.1013183600000502,3.959942061092149,6.841809081078001,11.622741108556005,13.476625234961585,1.334,0.68,0.68,1.334,1.2,0.8,5.2,3.6,5.0,2.4,14.8,7.8,46.4,43.4,3.2,4.4,10.0,13.8,,
2024-02-24,Salernitana,Monza,0,2,A,0,0,D,11,17,3,7,7,11,6,13,17:00,0.0,2.1,1.7,2.12,1.81,3.02,3.3,2.63,2.95,3.23,2.52,2,2,0,0,3.0,3.1,2.5,2.85,3.25,2.5,,,,2.99,3.27,2.55,2.1,1.7,2.12,1.78,2.11,1.75,2023-24,Serie A,0.728802,2.6089,1551.01831055,1673.15466309,-122.13635253999996,4.4843316770054775,4.3457198812025,12.819445815276616,9.11524307485981,1.122,0.996,0.996,1.122,1.0,1.0,6.2,5.6,4.4,5.0,12.8,12.8,39.2,52.2,4.0,5.4,14.6,13.4,,
2024-02-24,Genoa,Udinese,2,0,H,2,0,H,19,5,4,1,8,3,9,17,19:45,-0.25,1.95,1.95,2.0,1.91,2.39,3.1,3.77,2.31,3.0,3.57,1,4,0,1,2.25,3.0,3.6,2.25,3.1,3.4,,,,2.38,2.92,3.69,2.6,1.48,2.7,1.51,2.57,1.51,2023-24,Serie A,1.62322,0.322829,1638.54858398,1649.04309082,-10.494506839999984,6.027897783970087,3.528884894907507,14.74806275427345,10.299940610402906,0.918,0.942,0.942,0.918,1.4,1.6,6.4,2.4,6.8,2.4,13.8,9.8,48.4,33.6,2.6,3.2,12.4,11.4,,
2024-02-25,Juventus,Frosinone,3,2,H,2,2,D,22,7,5,3,8,3,12,6,11:30,-1.5,1.98,1.92,1.98,1.93,1.35,5.9,10.6,1.32,5.46,9.61,2,2,0,0,1.3,5.5,10.0,1.35,5.25,8.5,,,,1.32,5.62,9.58,1.67,2.15,1.69,2.24,1.69,2.19,2023-24,Serie A,1.74414,0.570671,1834.38598633,1577.72253418,256.66345215,5.862783423238971,5.168289612581642,12.363084854521183,10.727887009094143,1.674,1.148,1.148,1.674,3.0,1.6,4.6,4.8,5.0,3.4,15.2,11.8,43.2,52.8,1.6,2.4,13.0,11.6,,
2024-02-25,Cagliari,Napoli,1,1,D,0,0,D,8,9,3,4,4,3,12,12,14:00,0.5,2.02,1.88,2.03,1.88,4.33,3.92,1.91,4.15,3.71,1.87,4,1,0,0,4.2,3.75,1.83,3.9,3.7,1.9,,,,4.31,3.73,1.87,1.88,2.02,1.88,2.01,1.85,1.98,2023-24,Serie A,0.916353,1.46253,1555.66162109,1804.02575684,-248.3641357500001,6.55946137829415,3.2744646617005495,15.255799682532531,10.210724731406083,1.79,1.564,1.564,1.79,3.2,2.0,6.8,5.4,10.6,3.2,17.0,14.8,47.2,60.0,2.0,3.6,13.0,10.4,,
2024-02-25,Lecce,Inter,0,4,A,0,1,A,14,11,2,7,7,10,13,6,17:00,1.25,1.89,2.01,1.91,1.99,8.0,4.9,1.48,7.32,4.65,1.43,1,2,0,0,7.0,4.5,1.44,7.0,4.5,1.46,,,,7.69,4.77,1.43,1.73,2.08,1.77,2.12,1.75,2.09,2023-24,Serie A,0.928229,3.07379,1589.84265137,,,3.8575672910718577,5.7678610745985015,14.707193460345945,11.979743765544132,1.176,1.666,1.666,1.176,1.8,2.2,4.4,2.8,5.4,3.2,13.8,11.4,43.8,51.6,2.6,2.8,11.6,13.0,,
2024-02-25,Milan,Atalanta,1,1,D,1,1,D,20,8,7,3,5,3,12,16,19:45,-0.25,2.06,1.84,2.09,1.83,2.43,3.73,3.04,2.36,3.5,2.95,1,4,0,0,2.38,3.4,3.0,2.3,3.5,2.9,,,,2.41,3.51,3.01,1.75,2.05,1.78,2.12,1.77,2.07,2023-24,Serie A,,,1843.4609375,1807.52124023,35.9396972699999,3.1506975525199055,4.309990041488922,13.47947964615049,11.546964973636374,1.492,1.002,1.002,1.492,2.0,1.8,6.0,5.4,4.6,6.2,14.0,12.0,53.0,52.4,3.4,1.8,9.6,12.8,,
2024-02-26,Roma,Torino,3,2,H,1,1,D,6,14,3,6,0,4,12,16,17:30,-0.5,1.95,1.95,1.99,1.92,1.99,3.48,4.5,1.94,3.31,4.33,2,2,0,0,1.91,3.25,4.5,1.93,3.25,4.2,,,,1.98,3.29,4.43,2.4,1.53,2.48,1.58,2.39,1.58,2023-24,Serie A,1.52399,0.551839,1776.15539551,1704.52734375,71.62805176000006,4.150361060078982,3.3098037611708087,12.58678195690309,11.740607553291252,1.56,0.754,0.754,1.56,2.8,0.8,5.0,2.6,5.8,5.0,13.8,10.6,50.2,50.8,3.4,3.4,14.0,15.4,,
2024-02-26,Fiorentina,Lazio,2,1,H,0,1,A,22,5,7,1,13,2,15,12,19:45,-0.25,1.95,1.95,1.98,1.93,2.35,3.35,3.5,2.3,3.2,3.31,0,2,0,0,2.25,3.1,3.5,2.3,3.2,3.2,,,,2.32,3.19,3.46,2.2,1.65,2.27,1.68,2.2,1.67,2023-24,Serie A,3.86937,0.611852,1732.31506348,1778.14208984,-45.82702635999999,3.865647622214758,5.128351091165628,14.539558280146055,9.42068541676444,1.154,1.626,1.626,1.154,1.4,2.0,3.4,7.6,3.4,3.8,15.2,14.0,56.8,55.6,3.2,2.8,13.2,11.6,,
2024-02-28,Sassuolo,Napoli,1,6,A,1,3,A,5,27,2,9,5,10,3,5,17:00,0.75,1.86,2.04,1.87,2.04,4.5,4.1,1.86,4.25,3.93,1.8,0,0,0,0,4.0,3.8,1.8,4.1,3.9,1.8,,,,4.33,4.01,1.8,1.7,2.1,1.71,2.23,1.7,2.17,2023-24,Serie A,0.237572,2.7969,1605.25512695,1798.9005127,-193.6453857500001,3.973294707394766,3.1829764411337,14.081827405704004,9.80714982093739,1.334,1.564,1.564,1.334,1.2,2.0,5.2,5.4,5.0,3.2,14.8,14.8,46.4,60.0,3.2,3.6,10.0,10.4,,
2024-02-28,Inter,Atalanta,4,0,H,2,0,H,15,6,7,1,4,1,10,15,19:45,-0.75,1.81,2.09,1.81,2.11,1.67,4.3,5.75,1.63,4.09,5.35,2,6,0,0,1.62,4.0,5.5,1.66,4.0,5.0,,,,1.63,4.14,5.47,1.75,2.05,1.82,2.07,1.78,2.07,2023-24,Serie A,2.91852,0.258264,,1809.99072266,,11.336768765553169,3.873326694325948,19.706668920556076,10.364643315757585,2.53,1.002,1.002,2.53,3.4,1.8,9.2,5.4,8.2,6.2,18.2,12.0,63.0,52.4,2.2,1.8,9.8,12.8,,
2024-03-01,Lazio,Milan,0,1,A,0,0,D,11,14,3,5,2,5,17,19,19:45,0.25,2.03,1.87,2.03,1.89,3.74,3.52,2.35,3.49,3.27,2.22,5,6,3,0,3.5,3.2,2.2,3.4,3.2,2.2,,,,3.67,3.3,2.21,2.1,1.7,2.17,1.76,2.14,1.73,2023-24,Serie A,,,1770.1776123,1840.99157715,-70.81396485000005,5.439879170406595,4.330453899986013,10.827058332433134,14.885354679587923,1.482,1.51,1.51,1.482,3.0,2.8,4.4,3.4,4.0,5.0,10.8,15.4,52.0,58.0,2.2,3.2,13.2,12.2,,
2024-03-02,Torino,Fiorentina,0,0,D,0,0,D,8,14,2,3,4,5,13,13,19:45,0.0,1.85,2.05,1.89,2.01,2.79,3.27,3.05,2.67,3.07,2.89,2,4,1,0,2.63,3.0,2.9,2.55,3.1,2.87,,,,2.75,3.06,2.92,2.4,1.53,2.48,1.58,2.42,1.58,2023-24,Serie A,0.561691,0.697752,1699.34790039,1740.27941895,-40.931518560000086,6.421018372916669,4.018854734710223,15.98214996171126,10.801548914628224,1.55,1.582,1.582,1.55,3.2,1.2,5.8,5.8,6.2,4.4,12.2,14.0,53.8,54.0,2.2,2.6,11.8,14.2,,
2024-03-02,Monza,Roma,1,4,A,0,2,A,16,12,5,6,6,3,11,18,17:00,0.5,1.82,2.08,1.84,2.08,3.77,3.65,2.11,3.65,3.47,2.07,1,4,0,0,3.75,3.4,2.05,3.6,3.5,2.0,,,,3.72,3.55,2.07,2.03,1.87,2.0,1.89,1.99,1.84,2023-24,Serie A,1.01584,1.89657,1682.04003906,1781.33483887,-99.29479981000009,5.1555057643958015,2.7871172958520907,11.068978868610872,10.268468266265184,0.676,0.784,0.784,0.676,0.8,2.2,4.6,3.6,4.2,3.4,10.2,9.0,54.8,51.0,3.0,1.6,12.2,12.6,,
2024-03-02,Udinese,Salernitana,1,1,D,1,1,D,18,17,5,1,5,6,13,13,14:00,-0.75,1.86,2.04,1.88,2.03,1.72,4.02,6.0,1.67,3.83,5.43,6,1,1,0,1.65,3.8,5.75,1.66,3.75,5.25,,,,1.68,3.83,5.56,2.05,1.85,2.04,1.85,1.99,1.84,2023-24,Serie A,1.98278,0.839171,1639.10021973,1542.13293457,96.96728515999985,4.660792927072006,1.9845843393395932,15.759784005704898,4.693607637822945,1.574,0.826,0.826,1.574,2.8,1.4,4.4,3.0,3.4,3.0,12.2,9.2,35.4,45.4,2.4,4.8,13.8,13.8,,
2024-03-03,Verona,Sassuolo,1,0,H,0,0,D,10,13,5,2,2,10,23,10,11:30,-0.25,1.95,1.95,2.0,1.91,2.35,3.6,3.3,2.26,3.43,3.2,4,2,0,0,2.2,3.4,3.25,2.2,3.4,3.2,,,,2.31,3.46,3.21,2.03,1.87,2.0,1.88,1.96,1.86,2023-24,Serie A,0.504318,0.360012,1590.55712891,1595.22619629,-4.669067379999888,4.3917961869288895,4.7529007865657915,13.258810408576712,12.240357838679968,,1.448,1.448,,,2.4,,5.8,,3.4,,12.6,,49.0,,4.2,,9.8,,
2024-03-03,Empoli,Cagliari,0,1,A,0,0,D,16,8,3,4,9,2,11,15,14:00,-0.25,1.82,2.08,1.85,2.06,2.2,3.57,3.72,2.15,3.34,3.56,0,3,0,0,2.15,3.25,3.6,2.15,3.4,3.4,,,,2.16,3.34,3.69,2.1,1.7,2.15,1.76,2.11,1.74,2023-24,Serie A,1.50581,0.428646,1623.0859375,1560.78686523,62.2990722699999,3.3981355470135934,4.559452222271486,11.17939086249488,9.130866573027095,1.056,0.942,0.942,1.056,1.6,1.4,6.0,4.4,5.6,4.6,15.4,10.8,52.2,43.2,3.6,2.6,12.2,12.2,,
2024-03-03,Frosinone,Lecce,1,1,D,1,0,H,15,11,7,4,12,8,11,10,14:00,-0.25,1.97,1.93,2.01,1.9,2.36,3.64,3.3,2.28,3.43,3.17,1,1,0,0,2.25,3.3,3.3,2.25,3.5,3.1,,,,2.33,3.38,3.25,1.99,1.91,1.95,1.93,1.91,1.91,2023-24,Serie A,1.53511,1.29494,1575.70324707,1586.15478516,-10.451538089999984,6.574536025635961,4.744753519807697,15.54324374671883,12.226924120496813,0.902,1.048,1.048,0.902,1.8,2.0,5.2,3.0,2.2,3.6,11.6,13.8,56.8,41.0,2.0,5.4,7.8,15.2,,
2024-03-03,Atalanta,Bologna,1,2,A,1,0,H,11,11,2,6,6,2,11,12,17:00,-0.5,1.99,1.91,1.99,1.92,2.0,3.66,4.33,1.95,3.48,4.04,3,2,0,0,1.91,3.4,4.2,1.93,3.4,4.0,,,,1.98,3.51,4.09,2.08,1.73,2.12,1.78,2.07,1.77,2023-24,Serie A,1.20723,1.58258,1803.4119873,1764.76708984,38.64489746000004,7.678786608879362,3.172838767046208,21.125162975597966,12.022836391988944,1.67,1.424,1.424,1.67,2.2,2.4,6.4,3.2,8.0,1.8,17.2,11.0,50.8,63.2,1.6,3.0,11.6,14.6,,
2024-03-03,Napoli,Juventus,2,1,H,1,0,H,14,18,7,4,2,1,6,16,19:45,-0.25,2.03,1.87,2.07,1.85,2.45,3.32,3.33,2.39,3.13,3.22,1,4,0,0,2.38,3.1,3.3,2.37,3.1,3.1,,,,2.43,3.14,3.3,2.35,1.57,2.42,1.61,2.35,1.6,2023-24,Serie A,1.7764,2.0359,1808.92944336,1836.40527344,-27.475830079999923,7.737391894093973,4.910833764681658,21.661576114737137,15.09781820923232,1.432,1.498,1.498,1.432,2.4,2.6,7.0,4.8,6.6,4.8,19.2,12.0,59.2,42.6,2.4,1.8,9.2,13.8,,
2024-03-04,Inter,Genoa,2,1,H,2,0,H,16,10,5,2,4,5,5,17,19:45,-1.75,2.05,1.75,2.1,1.8,1.3,6.16,13.2,1.27,5.67,11.85,2,3,0,0,1.3,5.75,9.5,1.28,5.75,11.0,,,,1.27,5.96,11.92,1.75,2.05,1.79,2.09,1.76,2.07,2023-24,Serie A,2.90423,1.17046,,1648.49157715,,8.891179177035447,3.6273202921400673,18.13777928037072,7.824165144914169,2.53,1.286,1.286,2.53,3.4,1.6,9.2,3.2,8.2,5.8,18.2,13.2,63.0,50.2,2.2,3.0,9.8,11.2,,
2024-03-08,Napoli,Torino,1,1,D,0,0,D,22,11,8,2,13,7,9,13,19:45,-0.75,2.04,1.89,2.04,1.88,1.92,3.75,5.5,1.77,3.57,5.03,2,2,0,0,1.75,3.6,5.0,1.77,3.5,4.8,,,,1.78,3.65,5.14,2.2,1.65,2.27,1.7,2.23,1.68,2023-24,Serie A,1.61516,1.12784,1821.35961914,1703.95922852,117.40039062000004,5.824927929395983,3.539869174113873,19.10771740982476,12.493738368860836,1.432,0.754,0.754,1.432,2.4,0.8,7.0,2.6,6.6,5.0,19.2,10.6,59.2,50.8,2.4,3.4,9.2,15.4,,
2024-03-09,Cagliari,Salernitana,4,2,H,2,0,H,12,12,7,5,5,4,16,11,14:00,-0.5,1.87,2.06,1.85,2.06,1.92,3.79,4.6,1.86,3.66,4.3,1,2,0,0,1.83,3.6,4.33,1.87,3.6,4.1,,,,1.85,3.66,4.52,2.02,1.88,2.03,1.86,1.97,1.86,2023-24,Serie A,3.41823,1.17253,1576.64562988,1550.9473877,25.698242179999852,5.706307585529434,3.3230562262263956,12.837199788355022,8.795738425215296,1.79,0.826,0.826,1.79,3.2,1.4,6.8,3.0,10.6,3.0,17.0,9.2,47.2,45.4,2.0,4.8,13.0,13.8,,
2024-03-09,Sassuolo,Frosinone,1,0,H,0,0,D,10,11,4,1,1,2,14,9,14:00,-0.25,2.0,1.93,1.99,1.92,2.3,3.83,3.14,2.25,3.67,3.06,3,1,0,0,2.2,3.6,3.1,2.15,3.6,3.1,,,,2.27,3.67,3.11,1.65,2.2,1.7,2.24,1.66,2.25,2023-24,Serie A,0.596618,1.38509,1593.24108887,1579.4588623,13.782226570000148,4.315529804929844,4.445526408387762,11.05455160380267,9.485258006062764,1.334,1.148,1.148,1.334,1.2,1.6,5.2,4.8,5.0,3.4,14.8,11.8,46.4,52.8,3.2,2.4,10.0,11.6,,
2024-03-09,Bologna,Inter,0,1,A,0,1,A,19,5,3,4,7,2,17,12,17:00,0.25,2.03,1.9,1.98,1.92,3.8,3.5,2.28,3.47,3.34,2.19,2,1,0,0,3.5,3.3,2.15,3.4,3.3,2.15,,,,3.51,3.32,2.24,2.1,1.7,2.17,1.75,2.12,1.74,2023-24,Serie A,0.668681,0.81996,1779.87341309,,,6.38682785687595,7.178574049732335,14.954379478126553,11.653162510362757,0.972,1.666,1.666,0.972,1.6,2.2,2.4,2.8,1.4,3.2,9.6,11.4,54.0,51.6,2.6,2.8,12.8,13.0,,
2024-03-09,Genoa,Monza,2,3,A,0,2,A,22,9,6,5,10,1,11,10,19:45,-0.25,1.85,2.08,1.85,2.07,2.22,3.34,3.96,2.17,3.15,3.76,1,1,0,0,2.15,3.2,3.5,2.15,3.1,3.5,,,,2.18,3.11,3.94,2.4,1.53,2.53,1.57,2.47,1.56,2023-24,Serie A,1.81546,1.66208,1651.89538574,1675.10644531,-23.21105957000009,6.685265189313393,6.563813254135001,16.165375169515634,11.743495383239877,0.918,0.996,0.996,0.918,1.4,1.0,6.4,5.6,6.8,5.0,13.8,12.8,48.4,52.2,2.6,5.4,12.4,13.4,,
2024-03-10,Fiorentina,Roma,2,2,D,1,0,H,15,10,5,5,8,2,10,15,19:45,0.0,1.9,2.03,1.91,1.99,2.7,3.52,3.0,2.58,3.3,2.79,2,5,0,0,2.55,3.3,2.75,2.55,3.3,2.75,,,,2.69,3.27,2.81,2.07,1.83,2.07,1.83,2.01,1.8,2023-24,Serie A,2.47793,0.776614,1749.88244629,1812.61608887,-62.73364258000015,6.910431748143171,2.858078197234727,17.02637218676404,10.845645510843458,1.154,0.784,0.784,1.154,1.4,2.2,3.4,3.6,3.4,3.4,15.2,9.0,56.8,51.0,3.2,1.6,13.2,12.6,,
2024-03-10,Juventus,Atalanta,2,2,D,0,1,A,18,7,5,3,4,3,12,10,17:00,-0.25,1.98,1.95,1.99,1.92,2.33,3.45,3.5,2.25,3.31,3.31,0,1,0,0,2.2,3.3,3.3,2.2,3.3,3.3,,,,2.32,3.27,3.37,2.1,1.7,2.2,1.72,2.13,1.72,2023-24,Serie A,1.66716,0.470912,1833.66271973,1800.16796875,33.494750979999935,6.575188948825981,2.915551129550632,15.575389903014123,8.909762210505056,1.674,1.002,1.002,1.674,3.0,1.8,4.6,5.4,5.0,6.2,15.2,12.0,43.2,52.4,1.6,1.8,13.0,12.8,,
2024-03-10,Milan,Empoli,1,0,H,1,0,H,15,5,5,2,11,4,18,13,14:00,-1.25,2.03,1.9,2.04,1.88,1.49,5.0,8.0,1.44,4.69,7.17,1,4,0,0,1.44,5.0,6.5,1.44,4.6,7.0,,,,1.45,4.74,7.19,1.7,2.1,1.78,2.12,1.73,2.12,2023-24,Serie A,,,1857.47961426,1616.91467285,240.56494141000007,3.7671317016799377,4.8945393873853345,15.652986430766994,13.65108348997439,1.492,0.68,0.68,1.492,2.0,0.8,6.0,3.6,4.6,2.4,14.0,7.8,53.0,43.4,3.4,4.4,9.6,13.8,,
2024-03-10,Lecce,Verona,0,1,A,0,1,A,15,13,3,4,11,6,15,19,11:30,-0.25,1.94,1.99,1.98,1.93,2.37,3.4,3.6,2.26,3.18,3.47,3,3,0,1,2.2,3.25,3.4,2.2,3.2,3.4,,,,2.34,3.09,3.55,2.3,1.6,2.45,1.6,2.36,1.61,2023-24,Serie A,1.03517,0.556534,1592.08691406,1602.2298584,-10.142944339999984,4.905044860714572,1.843272173861796,14.471462306897298,9.768591918074192,1.176,,,1.176,1.8,,4.4,,5.4,,13.8,,43.8,,2.6,,11.6,,,
2024-03-11,Lazio,Udinese,1,2,A,0,0,D,18,14,6,5,9,5,9,15,19:45,-0.5,1.94,1.99,1.96,1.94,2.0,3.6,4.5,1.94,3.4,4.19,3,6,0,1,1.91,3.5,4.0,1.95,3.4,4.0,,,,1.95,3.38,4.42,2.15,1.67,2.25,1.69,2.2,1.68,2023-24,Serie A,2.15139,1.48854,1757.4597168,1639.97338867,117.48632812999996,4.293252780271064,3.3525899299383384,10.884705554955424,8.533293740268604,1.482,0.942,0.942,1.482,3.0,1.6,4.4,2.4,4.0,2.4,10.8,9.8,52.0,33.6,2.2,3.2,13.2,11.4,,
2024-03-15,Empoli,Bologna,0,1,A,0,0,D,10,20,1,9,7,6,19,12,19:45,0.5,1.85,2.08,1.84,2.1,4.21,3.36,2.1,4.02,3.24,2.05,4,0,0,0,4.0,3.2,2.0,3.9,3.2,2.05,,,,4.04,3.28,2.08,2.35,1.57,2.48,1.6,2.37,1.6,2023-24,Serie A,0.868895,2.30568,1613.72399902,1774.64001465,-160.91601562999995,5.265423698009062,2.7818925113641386,12.786260574996586,11.68189092799263,1.056,1.424,1.424,1.056,1.6,2.4,6.0,3.2,5.6,1.8,15.4,11.0,52.2,63.2,3.6,3.0,12.2,14.6,,
2024-03-16,Monza,Cagliari,1,0,H,1,0,H,15,10,3,0,3,7,11,9,14:00,-0.5,2.1,1.83,2.1,1.83,2.12,3.58,3.82,2.07,3.46,3.66,2,1,0,0,2.05,3.5,3.6,2.05,3.4,3.5,,,,2.09,3.46,3.75,2.0,1.9,1.98,1.9,1.95,1.88,2023-24,Serie A,1.4436,0.443858,1682.97192383,1584.61828613,98.35363770000004,5.437003842930535,3.706301481514324,12.712652579073916,8.753911048684731,0.676,0.942,0.942,0.676,0.8,1.4,4.6,4.4,4.2,4.6,10.2,10.8,54.8,43.2,3.0,2.6,12.2,12.2,,
2024-03-16,Udinese,Torino,0,2,A,0,1,A,12,12,1,5,3,4,11,17,14:00,0.0,2.01,1.92,1.99,1.91,2.95,3.04,2.88,2.87,2.95,2.8,3,2,0,0,2.8,2.9,2.8,2.75,3.0,2.75,,,,2.94,2.96,2.82,2.6,1.48,2.7,1.51,2.6,1.5,2023-24,Serie A,0.384805,1.54612,1651.3203125,1707.40771484,-56.087402339999926,4.773861951381337,4.693246116075915,16.506522670469934,11.995825579240558,1.574,0.754,0.754,1.574,2.8,0.8,4.4,2.6,3.4,5.0,12.2,10.6,35.4,50.8,2.4,3.4,13.8,15.4,,
2024-03-16,Salernitana,Lecce,0,1,A,0,1,A,15,17,6,4,7,1,9,18,17:00,0.0,2.14,1.8,2.12,1.81,3.06,3.31,2.6,2.95,3.2,2.53,4,3,0,0,2.9,3.2,2.5,2.85,3.25,2.5,,,,3.02,3.19,2.57,2.1,1.7,2.22,1.71,2.15,1.72,2023-24,Serie A,1.45145,2.01475,1541.12939453,1582.02734375,-40.8979492200001,5.322887784670318,5.829835679871798,12.212963876851076,11.81794941366454,1.122,1.048,1.048,1.122,1.0,2.0,6.2,3.0,4.4,3.6,12.8,13.8,39.2,41.0,4.0,5.4,14.6,15.2,,
2024-03-16,Frosinone,Lazio,2,3,A,1,1,D,14,22,5,7,9,4,10,15,19:45,0.25,2.06,1.87,2.03,1.88,3.5,3.65,2.21,3.37,3.51,2.16,1,3,0,0,3.5,3.4,2.15,3.3,3.5,2.1,,,,3.41,3.61,2.16,1.87,2.03,1.85,2.05,1.84,1.99,2023-24,Serie A,1.90054,3.30539,1572.15686035,1744.26745605,-172.11059569999998,8.38302401709064,4.085567394110419,15.362162497812552,7.947123611176295,0.902,1.626,1.626,0.902,1.8,2.0,5.2,7.6,2.2,3.8,11.6,14.0,56.8,55.6,2.0,2.8,7.8,11.6,,
2024-03-17,Juventus,Genoa,0,0,D,0,0,D,17,5,2,2,12,2,11,11,11:30,-1.0,1.95,1.98,1.93,1.98,1.58,4.2,8.0,1.52,3.99,7.24,4,1,1,0,1.5,4.0,7.0,1.55,3.9,6.75,,,,1.52,4.08,7.37,2.2,1.65,2.24,1.69,2.23,1.67,2023-24,Serie A,1.38709,0.175513,1830.51220703,1642.18457031,188.32763671999987,5.716792632550654,4.084880194760045,16.383593268676083,8.54944342994278,1.674,1.286,1.286,1.674,3.0,1.6,4.6,3.2,5.0,5.8,15.2,13.2,43.2,50.2,1.6,3.0,13.0,11.2,,
2024-03-17,Verona,Milan,1,3,A,0,1,A,15,18,4,6,3,5,9,8,14:00,0.75,1.98,1.95,1.95,1.95,5.3,3.91,1.78,5.01,3.73,1.73,1,3,0,0,5.25,3.75,1.7,4.8,3.7,1.72,,,,5.2,3.81,1.72,2.05,1.85,2.05,1.85,2.0,1.84,2023-24,Serie A,,,1610.4440918,1863.96594238,-253.52185057999984,3.5945307912859263,4.553635933324009,12.172540272384476,14.590236453058615,,1.51,1.51,,,2.8,,3.4,,5.0,,15.4,,58.0,,3.2,,12.2,,
2024-03-17,Roma,Sassuolo,1,0,H,0,0,D,10,8,4,2,4,7,11,10,17:00,-1.25,1.85,2.08,1.88,2.04,1.43,5.5,8.5,1.37,5.09,7.9,2,1,0,0,1.36,4.75,8.0,1.39,5.0,7.5,,,,1.4,5.15,7.67,1.6,2.3,1.64,2.35,1.59,2.37,2023-24,Serie A,0.858457,0.777601,1812.98242188,1598.69775391,214.28466796999987,2.766907373385988,6.501933857710528,10.391187971268728,12.493571892453314,1.56,1.448,1.448,1.56,2.8,2.4,5.0,5.8,5.8,3.4,13.8,12.6,50.2,49.0,3.4,4.2,14.0,9.8,,
2024-03-17,Inter,Napoli,1,1,D,1,0,H,19,11,6,3,5,7,19,6,19:45,-1.0,2.03,1.9,1.98,1.93,1.61,4.45,6.0,1.58,4.18,5.62,2,1,0,0,1.57,4.0,6.0,1.6,4.1,5.25,,,,1.57,4.33,5.89,1.73,2.08,1.76,2.14,1.73,2.12,2023-24,Serie A,1.37916,1.36148,,1805.98022461,,7.260786118023631,5.455317627422467,17.425186186913812,15.538099880624928,2.53,1.564,1.564,2.53,3.4,2.0,9.2,5.4,8.2,3.2,18.2,14.8,63.0,60.0,2.2,3.6,9.8,10.4,,
2024-03-30,Fiorentina,Milan,1,2,A,0,0,D,17,14,7,10,7,5,8,12,19:45,0.0,2.07,1.83,2.07,1.85,2.98,3.5,2.61,2.85,3.35,2.53,2,3,0,0,2.88,3.3,2.5,2.7,3.4,2.55,,,,2.89,3.34,2.58,2.01,1.89,2.01,1.88,1.94,1.87,2023-24,Serie A,,,1749.86865234,1868.69091797,-118.82226563000016,7.273621165428782,4.70242395554934,16.350914791176027,15.72682430203908,1.154,1.51,1.51,1.154,1.4,2.8,3.4,3.4,3.4,5.0,15.2,15.4,56.8,58.0,3.2,3.2,13.2,12.2,,
2024-03-30,Lazio,Juventus,1,0,H,0,0,D,16,9,4,3,7,2,12,10,17:00,0.25,1.8,2.1,1.81,2.12,3.23,3.29,2.56,3.11,3.09,2.51,1,2,0,0,3.1,3.1,2.45,2.95,3.1,2.5,,,,3.23,3.09,2.5,2.35,1.57,2.49,1.58,2.41,1.58,2023-24,Serie A,1.24248,0.479175,1749.07861328,1824.6940918,-75.61547852000012,5.86216852018071,3.607222509787772,13.256470369970284,16.065212139488217,1.482,1.498,1.498,1.482,3.0,2.6,4.4,4.8,4.0,4.8,10.8,12.0,52.0,42.6,2.2,1.8,13.2,13.8,,
2024-03-30,Torino,Monza,1,0,H,0,0,D,15,9,6,2,7,2,9,11,14:00,-0.5,1.84,2.06,1.85,2.06,1.93,3.63,5.0,1.85,3.46,4.66,0,3,0,1,1.83,3.4,4.75,1.85,3.4,4.5,,,,1.85,3.49,4.8,2.3,1.6,2.34,1.65,2.3,1.63,2023-24,Serie A,1.61585,0.560169,1718.5447998,1687.58605957,30.958740229999876,5.614012248611113,4.709208836090001,13.321433307807508,10.828996922159916,1.55,0.996,0.996,1.55,3.2,1.0,5.8,5.6,6.2,5.0,12.2,12.8,53.8,52.2,2.2,5.4,11.8,13.4,,
2024-03-30,Genoa,Frosinone,1,1,D,1,1,D,9,15,3,3,3,8,16,11,14:00,-0.5,1.98,1.92,1.96,1.94,2.01,3.73,4.3,1.95,3.54,4.01,2,1,0,0,1.95,3.6,3.8,1.9,3.5,4.0,,,,1.95,3.56,4.14,2.05,1.85,2.07,1.83,2.02,1.81,2023-24,Serie A,1.65796,1.00689,1648.00256348,1567.34558105,80.65698242999997,7.790176792875595,3.630350938925175,18.110250113010423,9.990172004041844,0.918,1.148,1.148,0.918,1.4,1.6,6.4,4.8,6.8,3.4,13.8,11.8,48.4,52.8,2.6,2.4,12.4,11.6,,
2024-03-30,Napoli,Atalanta,0,3,A,0,2,A,20,12,6,6,7,5,6,13,11:30,-0.25,1.85,2.05,1.85,2.06,2.15,3.77,3.53,2.11,3.59,3.43,2,2,0,0,2.1,3.6,3.4,2.05,3.6,3.4,,,,2.13,3.61,3.48,1.8,2.0,1.83,2.05,1.8,2.04,2023-24,Serie A,1.83498,1.55904,1811.44494629,1808.85888672,2.586059569999861,8.216618619597323,2.943700753033755,20.07181160654984,8.273174807003372,1.432,1.002,1.002,1.432,2.4,1.8,7.0,5.4,6.6,6.2,19.2,12.0,59.2,52.4,2.4,1.8,9.2,12.8,,
2024-04-01,Bologna,Salernitana,3,0,H,2,0,H,14,8,3,2,5,3,11,12,11:30,-1.5,1.93,1.97,1.95,1.95,1.32,5.8,13.0,1.29,5.44,11.25,0,3,0,0,1.3,5.5,10.0,1.3,5.5,10.5,,,,1.3,5.59,11.37,1.8,2.0,1.85,2.05,1.79,2.04,2023-24,Serie A,1.85322,0.702173,1779.81677246,1532.9564209,246.86035156000003,6.591218571250634,3.5487041508175974,16.30291965208437,9.863825616810198,0.972,0.826,0.826,0.972,1.6,1.4,2.4,3.0,1.4,3.0,9.6,9.2,54.0,45.4,2.6,4.8,12.8,13.8,,
2024-04-01,Cagliari,Verona,1,1,D,0,1,A,11,8,2,5,7,2,11,16,14:00,-0.25,1.88,2.02,1.88,2.04,2.25,3.52,3.76,2.18,3.26,3.54,0,2,0,0,2.15,3.2,3.6,2.15,3.3,3.4,,,,2.2,3.19,3.76,2.1,1.7,2.21,1.72,2.14,1.72,2023-24,Serie A,0.594452,1.09202,1580.00402832,1605.71911621,-25.71508788999995,5.470871723686289,3.228848115907864,12.558133192236683,10.845727945382796,1.79,,,1.79,3.2,,6.8,,10.6,,17.0,,47.2,,2.0,,13.0,,,
2024-04-01,Sassuolo,Udinese,1,1,D,1,1,D,14,12,5,3,10,1,7,10,14:00,0.0,2.07,1.83,2.08,1.84,2.97,3.52,2.65,2.87,3.27,2.54,1,2,0,0,2.75,3.25,2.6,2.8,3.3,2.5,,,,2.93,3.24,2.61,2.07,1.83,2.11,1.79,2.03,1.8,2023-24,Serie A,1.47611,1.72665,1596.15100098,1640.18322754,-44.032226560000026,3.210353203286563,3.901726619958892,10.703034402535112,10.35552916017907,1.334,0.942,0.942,1.334,1.2,1.6,5.2,2.4,5.0,2.4,14.8,9.8,46.4,33.6,3.2,3.2,10.0,11.4,,
2024-04-01,Lecce,Roma,0,0,D,0,0,D,27,10,6,3,8,4,9,12,17:00,0.5,2.02,1.88,1.98,1.93,4.5,3.73,1.95,4.33,3.52,1.88,3,2,0,0,4.5,3.5,1.83,4.33,3.6,1.83,,,,4.45,3.45,1.92,2.07,1.83,2.08,1.81,2.03,1.79,2023-24,Serie A,1.97592,1.69372,1590.20031738,1815.5291748,-225.32885742000008,6.936696573809715,2.5720521314898184,14.647641537931532,10.56376367389564,1.176,0.784,0.784,1.176,1.8,2.2,4.4,3.6,5.4,3.4,13.8,9.0,43.8,51.0,2.6,1.6,11.6,12.6,,
2024-04-01,Inter,Empoli,2,0,H,1,0,H,19,14,7,3,8,6,14,16,19:45,-1.75,1.78,2.03,1.79,2.1,1.25,8.0,15.0,1.2,7.04,13.25,0,2,0,0,1.22,7.0,12.0,1.22,6.5,12.5,,,,1.2,7.59,13.3,1.5,2.5,1.52,2.63,1.51,2.55,2023-24,Serie A,2.03375,0.560443,,1608.54724121,,6.507190745349089,4.596359591590224,17.95012412460921,10.76738899331626,2.53,0.68,0.68,2.53,3.4,0.8,9.2,3.6,8.2,2.4,18.2,7.8,63.0,43.4,2.2,4.4,9.8,13.8,,
2024-04-05,Salernitana,Sassuolo,2,2,D,0,2,A,5,16,2,5,4,9,10,13,19:45,0.25,1.98,1.95,1.96,1.96,3.46,3.56,2.27,3.28,3.46,2.23,4,3,0,0,3.25,3.5,2.2,3.2,3.4,2.2,,,,3.33,3.51,2.26,1.9,2.0,1.91,2.0,1.87,1.96,2023-24,Serie A,1.2795,1.88042,1529.1015625,1596.22045898,-67.1188964800001,5.881925189780212,6.667955905140352,13.14197591790072,10.995714594968875,1.122,1.448,1.448,1.122,1.0,2.4,6.2,5.8,4.4,3.4,12.8,12.6,39.2,49.0,4.0,4.2,14.6,9.8,,
2024-04-06,Milan,Lecce,3,0,H,2,0,H,16,12,8,7,5,1,8,8,14:00,-1.25,1.83,2.1,1.85,2.06,1.4,5.4,10.0,1.37,5.06,8.71,1,1,0,1,1.36,4.75,8.5,1.37,5.0,8.25,,,,1.38,5.19,8.25,1.7,2.1,1.73,2.18,1.73,2.13,2023-24,Serie A,,,1874.70458984,1595.04467773,279.6599121099998,6.1780878011199585,4.219890453247865,15.435324287177997,13.545299609109694,1.492,1.048,1.048,1.492,2.0,2.0,6.0,3.0,4.6,3.6,14.0,13.8,53.0,41.0,3.4,5.4,9.6,15.2,,
2024-04-06,Roma,Lazio,1,0,H,1,0,H,15,11,3,1,3,6,14,15,17:00,-0.25,1.91,2.02,1.91,2.0,2.28,3.25,3.85,2.23,3.15,3.61,6,3,0,0,2.2,3.1,3.6,2.2,3.2,3.4,,,,2.25,3.09,3.76,2.15,1.67,2.27,1.69,2.19,1.69,2023-24,Serie A,0.635152,0.480271,1810.68493652,1758.22216797,52.46276854999997,3.177938248923992,4.057044929406946,10.26079198084582,12.631415740784195,1.56,1.626,1.626,1.56,2.8,2.0,5.0,7.6,5.8,3.8,13.8,14.0,50.2,55.6,3.4,2.8,14.0,11.6,,
2024-04-06,Empoli,Torino,3,2,H,1,0,H,4,19,3,5,1,7,13,13,19:45,0.25,1.99,1.94,1.95,1.95,3.7,3.32,2.32,3.51,3.14,2.27,2,1,0,0,3.5,3.2,2.25,3.5,3.1,2.25,,,,3.59,3.12,2.3,2.5,1.5,2.62,1.53,2.5,1.54,2023-24,Serie A,0.487874,2.5343,1606.88452148,1724.90368652,-118.01916503999996,5.843615798672708,4.462164077383944,11.857507049997723,11.99721705282704,1.056,0.754,0.754,1.056,1.6,0.8,6.0,2.6,5.6,5.0,15.4,10.6,52.2,50.8,3.6,3.4,12.2,15.4,,
2024-04-07,Juventus,Fiorentina,1,0,H,1,0,H,7,13,2,2,5,6,16,8,19:45,-0.5,1.87,2.06,1.88,2.03,1.89,3.68,4.9,1.84,3.49,4.56,2,1,0,0,1.83,3.4,4.75,1.82,3.5,4.5,,,,1.87,3.5,4.64,2.15,1.67,2.26,1.69,2.18,1.7,2023-24,Serie A,2.46449,0.508961,1815.55065918,1743.85498047,71.69567870999981,7.811195088367104,4.345903156473482,16.58906217911739,11.867699276418817,1.674,1.582,1.582,1.674,3.0,1.2,4.6,5.8,5.0,4.4,15.2,14.0,43.2,54.0,1.6,2.6,13.0,14.2,,
2024-04-07,Monza,Napoli,2,4,A,1,0,H,7,19,2,8,1,6,10,8,14:00,0.5,2.05,1.88,2.04,1.87,4.4,3.92,1.92,4.1,3.72,1.88,3,1,0,0,4.0,3.8,1.85,3.9,3.7,1.88,,,,4.32,3.75,1.86,1.8,2.0,1.83,2.05,1.8,2.04,2023-24,Serie A,0.414034,2.70294,1681.22717285,1795.5144043,-114.28723145000004,4.624669228620357,5.970211751614978,13.475101719382613,14.025399920416618,0.676,1.564,1.564,0.676,0.8,2.0,4.6,5.4,4.2,3.2,10.2,14.8,54.8,60.0,3.0,3.6,12.2,10.4,,
2024-04-07,Cagliari,Atalanta,2,1,H,1,1,D,11,7,3,2,4,4,16,19,17:00,0.75,1.99,1.94,1.97,1.93,5.0,4.1,1.77,4.72,3.93,1.72,3,3,0,0,4.75,3.8,1.73,4.6,3.9,1.72,,,,4.86,3.98,1.72,1.75,2.05,1.79,2.09,1.76,2.09,2023-24,Serie A,0.715338,0.772446,1579.54650879,1824.78955078,-245.2430419899999,5.980581149124193,3.629133835355837,12.038755461491125,9.515449871335582,1.79,1.002,1.002,1.79,3.2,1.8,6.8,5.4,10.6,6.2,17.0,12.0,47.2,52.4,2.0,1.8,13.0,12.8,,
2024-04-07,Verona,Genoa,1,2,A,1,1,D,12,11,3,5,5,3,14,15,17:00,0.0,1.87,2.06,1.86,2.05,2.78,3.21,3.05,2.72,2.98,2.9,3,1,0,0,2.75,3.0,2.8,2.7,3.0,2.85,,,,2.74,2.97,3.02,2.5,1.5,2.67,1.52,2.55,1.52,2023-24,Serie A,0.961468,2.01327,1606.17663574,1644.6027832,-38.42614746000004,3.3963538608572845,3.38992012984003,13.11502684825632,7.366295619961853,,1.286,1.286,,,1.6,,3.2,,5.8,,13.2,,50.2,,3.0,,11.2,,
2024-04-07,Frosinone,Bologna,0,0,D,0,0,D,12,13,5,5,5,2,10,14,11:30,0.5,2.0,1.93,1.99,1.91,4.4,3.83,1.95,4.13,3.56,1.92,1,3,0,0,4.2,3.5,1.91,3.9,3.6,1.93,,,,4.32,3.59,1.9,1.95,1.95,1.93,1.96,1.91,1.91,2023-24,Serie A,0.568316,2.46415,1570.74536133,1783.67163086,-212.92626953000013,8.588682678060428,3.854595007576093,14.908108331875036,14.454593951995086,0.902,1.424,1.424,0.902,1.8,2.4,5.2,3.2,2.2,1.8,11.6,11.0,56.8,63.2,2.0,3.0,7.8,14.6,,
2024-04-08,Udinese,Inter,1,2,A,1,0,H,3,23,1,6,0,8,11,11,19:45,1.0,2.05,1.75,2.12,1.79,7.5,4.66,1.52,6.93,4.43,1.47,1,2,0,0,6.5,4.5,1.5,6.5,4.33,1.49,,,,7.1,4.53,1.48,1.75,2.05,1.79,2.1,1.76,2.07,2023-24,Serie A,0.0699579,3.41188,1640.1138916,,,4.182574634254225,5.452382699821557,15.004348446979956,9.43544167357517,1.574,1.666,1.666,1.574,2.8,2.2,4.4,2.8,3.4,3.2,12.2,11.4,35.4,51.6,2.4,2.8,13.8,13.0,,
2024-04-12,Lazio,Salernitana,4,1,H,3,1,H,17,8,6,5,9,0,15,10,19:45,-1.25,1.86,2.07,1.85,2.08,1.4,5.4,10.5,1.36,5.07,9.26,0,1,0,0,1.33,5.0,9.5,1.37,4.8,8.25,,,,1.35,5.28,9.85,1.8,2.0,1.8,2.1,1.78,2.06,2023-24,Serie A,2.50164,0.544591,1759.68029785,1537.07849121,222.60180663999995,6.241445680120473,3.365802767211732,14.170980246646856,9.2425504112068,1.482,0.826,0.826,1.482,3.0,1.4,4.4,3.0,4.0,3.0,10.8,9.2,52.0,45.4,2.2,4.8,13.2,13.8,,
2024-04-13,Lecce,Empoli,1,0,H,0,0,D,14,3,7,0,10,3,18,15,14:00,-0.25,1.93,1.97,1.93,1.97,2.32,3.2,3.79,2.25,3.09,3.63,1,0,0,0,2.25,3.1,3.6,2.2,3.1,3.6,,,,2.28,3.06,3.71,2.3,1.62,2.37,1.64,2.3,1.63,2023-24,Serie A,3.15126,0.136102,1598.98132324,1624.40734863,-25.42602538999995,7.291131049206477,5.064239727726816,18.76509435862102,11.844925995544171,1.176,0.68,0.68,1.176,1.8,0.8,4.4,3.6,5.4,2.4,13.8,7.8,43.8,43.4,2.6,4.4,11.6,13.8,,
2024-04-13,Torino,Juventus,0,0,D,0,0,D,13,8,2,3,6,2,18,11,17:00,0.25,2.0,1.9,2.02,1.88,3.92,3.19,2.25,3.75,3.06,2.21,3,2,1,0,3.75,3.0,2.2,3.7,3.1,2.15,,,,3.87,3.06,2.23,2.63,1.5,2.72,1.5,2.59,1.5,2023-24,Serie A,0.834792,1.25957,1721.82885742,1828.11352539,-106.28466796999987,6.076008165740742,3.0714816731918484,13.88095553853834,13.71014142632548,1.55,1.498,1.498,1.55,3.2,2.6,5.8,4.8,6.2,4.8,12.2,12.0,53.8,42.6,2.2,1.8,11.8,13.8,,
2024-04-13,Bologna,Monza,0,0,D,0,0,D,17,4,7,0,10,0,13,19,19:45,-1.0,1.98,1.92,1.97,1.93,1.6,4.2,7.5,1.55,4.07,6.55,4,4,0,0,1.55,4.0,6.5,1.55,4.0,6.25,,,,1.54,4.13,6.8,2.04,1.86,2.04,1.85,2.0,1.83,2023-24,Serie A,2.77216,0.409248,1786.30822754,1679.73364258,106.57458496000004,6.060812380833756,3.8061392240600007,15.535279768056249,10.219331281439946,0.972,0.996,0.996,0.972,1.6,1.0,2.4,5.6,1.4,5.0,9.6,12.8,54.0,52.2,2.6,5.4,12.8,13.4,,
2024-04-14,Napoli,Frosinone,2,2,D,1,0,H,20,13,9,6,6,2,11,14,11:30,-1.5,1.99,1.91,1.97,1.93,1.38,5.74,9.0,1.35,5.44,8.34,3,1,1,0,1.33,5.5,8.0,1.35,5.5,8.0,,,,1.35,5.56,8.42,1.53,2.5,1.55,2.56,1.51,2.54,2023-24,Serie A,2.7326,2.31434,1811.45593262,1582.5567627,228.89916992000008,7.811079079731549,5.086900625950117,20.04787440436656,11.66011466936123,1.432,1.148,1.148,1.432,2.4,1.6,7.0,4.8,6.6,3.4,19.2,11.8,59.2,52.8,2.4,2.4,9.2,11.6,,
2024-04-14,Sassuolo,Milan,3,3,D,2,1,H,10,23,5,7,2,6,12,9,14:00,0.75,1.9,2.0,1.88,2.03,4.75,4.12,1.83,4.44,3.92,1.76,3,1,0,0,4.5,3.8,1.75,4.4,3.9,1.73,,,,4.43,3.94,1.8,1.67,2.2,1.7,2.24,1.68,2.22,2023-24,Serie A,,,1602.69152832,1876.13635254,-273.4448242199999,5.473568802191043,4.8016159703662264,11.802022935023407,15.151216201359386,1.334,1.51,1.51,1.334,1.2,2.8,5.2,3.4,5.0,5.0,14.8,15.4,46.4,58.0,3.2,3.2,10.0,12.2,,
2024-04-14,Inter,Cagliari,2,2,D,1,0,H,12,11,7,6,7,0,5,10,19:45,-2.0,1.91,1.99,1.91,1.98,1.21,8.7,17.0,1.18,7.64,14.43,0,2,0,0,1.18,8.0,12.0,1.2,7.25,14.0,,,,1.18,8.14,14.02,1.44,2.75,1.43,2.9,1.42,2.83,2023-24,Serie A,1.95072,1.10904,,1599.75476074,,7.004793830232726,4.804200987676216,18.30008274973947,9.169274032456489,2.53,0.942,0.942,2.53,3.4,1.4,9.2,4.4,8.2,4.6,18.2,10.8,63.0,43.2,2.2,2.6,9.8,12.2,,
2024-04-15,Fiorentina,Genoa,1,1,D,0,1,A,20,7,3,3,6,2,8,19,17:30,-0.5,1.9,2.0,1.93,1.98,1.94,3.75,4.5,1.88,3.52,4.31,1,2,0,0,1.85,3.5,4.33,1.87,3.5,4.2,,,,1.92,3.49,4.42,2.1,1.73,2.11,1.79,2.05,1.78,2023-24,Serie A,1.78763,1.59509,1746.37402344,1660.13696289,86.23706055000002,7.182414110285855,3.259946753226687,16.567276527450687,8.577530413307903,1.154,1.286,1.286,1.154,1.4,1.6,3.4,3.2,3.4,5.8,15.2,13.2,56.8,50.2,3.2,3.0,13.2,11.2,,
2024-04-15,Atalanta,Verona,2,2,D,2,0,H,16,13,9,5,5,4,6,10,19:45,-1.25,2.05,1.85,2.09,1.83,1.5,4.9,7.5,1.45,4.63,6.98,0,2,0,0,1.45,4.5,7.0,1.46,4.5,6.75,,,,1.47,4.72,6.93,1.73,2.1,1.75,2.15,1.73,2.12,2023-24,Serie A,1.67088,1.10418,1841.48059082,1605.0904541,236.3901367200001,7.119191072586242,2.8192320772719093,17.750108650398648,9.89715196358853,1.67,,,1.67,2.2,,6.4,,8.0,,17.2,,50.8,,1.6,,11.6,,,
2024-04-19,Genoa,Lazio,0,1,A,0,0,D,8,13,2,1,2,9,7,13,17:30,0.25,1.81,2.09,1.83,2.11,3.28,3.31,2.5,3.15,3.13,2.47,1,2,0,0,3.1,3.1,2.45,3.1,3.0,2.5,,,,3.24,3.16,2.49,2.38,1.57,2.44,1.62,2.39,1.59,2023-24,Serie A,0.608539,0.952136,1664.98815918,1765.44567871,-100.45751953000013,6.193451195250398,4.704696619604631,15.073500075340284,12.087610493856133,0.918,1.626,1.626,0.918,1.4,2.0,6.4,7.6,6.8,3.8,13.8,14.0,48.4,55.6,2.6,2.8,12.4,11.6,,
2024-04-19,Cagliari,Juventus,2,2,D,2,0,H,9,11,4,3,4,3,16,15,19:45,0.75,1.85,2.05,1.87,2.06,5.5,3.71,1.81,5.06,3.52,1.78,2,3,0,0,5.0,3.5,1.75,5.0,3.4,1.77,,,,5.16,3.58,1.79,2.2,1.67,2.32,1.67,2.27,1.65,2023-24,Serie A,1.97822,0.595113,1609.49462891,1827.59082031,-218.09619139999995,5.320387432749462,2.714321115461233,11.692503640994085,11.806760950883652,1.79,1.498,1.498,1.79,3.2,2.6,6.8,4.8,10.6,4.8,17.0,12.0,47.2,42.6,2.0,1.8,13.0,13.8,,
2024-04-20,Verona,Udinese,1,0,H,0,0,D,16,18,4,1,10,6,18,12,19:45,0.0,1.81,2.09,1.81,2.12,2.64,3.34,3.14,2.58,3.13,2.97,2,2,0,0,2.55,3.1,3.0,2.5,3.2,2.87,,,,2.63,3.05,3.08,2.2,1.67,2.35,1.65,2.22,1.66,2023-24,Serie A,1.29522,1.97219,1613.06689453,1641.96618652,-28.899291990000165,3.9309025739048566,2.9344844133059285,12.74335123217088,10.903686106786049,,0.942,0.942,,,1.6,,2.4,,2.4,,9.8,,33.6,,3.2,,11.4,,
2024-04-20,Empoli,Napoli,1,0,H,1,0,H,7,9,1,1,2,8,14,12,17:00,0.75,2.0,1.9,2.03,1.88,5.25,4.19,1.74,4.85,4.0,1.7,2,2,0,0,4.75,4.0,1.7,4.5,4.0,1.72,,,,5.1,4.06,1.68,1.73,2.1,1.79,2.1,1.77,2.08,2023-24,Serie A,1.25351,0.891755,1617.95812988,1806.28710938,-188.3289795000001,4.229077199115139,5.980141167743319,9.238338033331818,15.683599946944412,1.056,1.564,1.564,1.056,1.6,2.0,6.0,5.4,5.6,3.2,15.4,14.8,52.2,60.0,3.6,3.6,12.2,10.4,,
2024-04-21,Sassuolo,Lecce,0,3,A,0,2,A,10,14,3,8,9,4,10,13,11:30,-0.25,2.01,1.89,2.02,1.89,2.38,3.58,3.31,2.32,3.37,3.15,1,0,0,0,2.3,3.3,3.2,2.3,3.4,3.1,,,,2.34,3.37,3.24,2.0,1.9,2.03,1.86,1.96,1.87,2023-24,Serie A,0.410145,2.36614,1609.87402344,1608.12316895,1.750854489999938,4.315712534794029,3.1465936354985775,11.20134862334894,13.030199739406465,1.334,1.048,1.048,1.334,1.2,2.0,5.2,3.0,5.0,3.6,14.8,13.8,46.4,41.0,3.2,5.4,10.0,15.2,,
2024-04-21,Torino,Frosinone,0,0,D,0,0,D,13,12,2,3,6,4,10,17,14:00,-0.75,1.87,2.03,1.88,2.03,1.73,4.04,5.5,1.69,3.86,5.11,2,2,0,0,1.67,3.8,5.25,1.72,3.75,4.8,,,,1.67,3.94,5.4,2.0,1.9,1.99,1.9,1.94,1.88,2023-24,Serie A,0.520991,0.57895,1725.04406738,1590.41809082,134.6259765599998,6.050672110493829,4.057933750633412,13.587303692358894,12.106743112907488,1.55,1.148,1.148,1.55,3.2,1.6,5.8,4.8,6.2,3.4,12.2,11.8,53.8,52.8,2.2,2.4,11.8,11.6,,
2024-04-21,Salernitana,Fiorentina,0,2,A,0,0,D,5,12,1,7,2,5,13,11,17:00,0.75,2.01,1.89,2.03,1.88,5.3,4.12,1.74,4.97,3.96,1.68,2,4,0,0,5.0,4.0,1.67,5.0,4.0,1.63,,,,5.17,4.04,1.68,1.8,2.0,1.83,2.05,1.8,2.02,2023-24,Serie A,0.32683,2.45106,1534.0057373,1749.40405273,-215.39831543000017,5.254616793186808,4.897268770982322,10.427983945267147,12.24513285094588,1.122,1.582,1.582,1.122,1.0,1.2,6.2,5.8,4.4,4.4,12.8,14.0,39.2,54.0,4.0,2.6,14.6,14.2,,
2024-04-21,Monza,Atalanta,1,2,A,0,1,A,17,12,2,6,2,8,8,13,19:45,0.5,1.99,1.91,1.97,1.93,4.33,3.85,1.96,4.03,3.69,1.89,3,2,0,0,4.0,3.8,1.85,3.9,3.7,1.9,,,,4.09,3.68,1.93,1.89,2.01,1.9,1.99,1.85,1.97,2023-24,Serie A,0.878869,2.19828,1685.07897949,1835.3371582,-150.25817871000004,3.416446152413572,3.752755890237225,11.316734479588408,8.676966580890388,0.676,1.002,1.002,0.676,0.8,1.8,4.6,5.4,4.2,6.2,10.2,12.0,54.8,52.4,3.0,1.8,12.2,12.8,,
2024-04-22,Roma,Bologna,1,3,A,0,2,A,14,11,5,3,8,2,8,12,17:30,-0.25,2.05,1.85,2.05,1.86,2.46,3.3,3.4,2.39,3.12,3.23,5,2,0,0,2.4,3.1,3.2,2.35,3.1,3.25,,,,2.41,3.16,3.31,2.38,1.57,2.48,1.58,2.4,1.58,2023-24,Serie A,1.83356,1.25682,1846.69177246,1783.65539551,63.036376949999976,3.1186254992826616,3.236396671717395,11.840527987230548,13.96972930133006,1.56,1.424,1.424,1.56,2.8,2.4,5.0,3.2,5.8,1.8,13.8,11.0,50.2,63.2,3.4,3.0,14.0,14.6,,
2024-04-22,Milan,Inter,1,2,A,0,1,A,15,11,6,3,5,3,19,10,19:45,0.5,1.91,1.99,1.93,1.97,4.0,3.92,2.02,3.73,3.66,1.98,3,2,2,1,3.75,3.6,2.0,3.5,3.7,1.98,,,,3.96,3.68,1.96,1.73,2.1,1.73,2.2,1.73,2.13,2023-24,Serie A,,,1863.5814209,,,5.785391867413306,6.301588466547705,15.623549524785332,13.95696111571678,1.492,1.666,1.666,1.492,2.0,2.2,6.0,2.8,4.6,3.2,14.0,11.4,53.0,51.6,3.4,2.8,9.6,13.0,,
2024-04-25,Udinese,Roma,1,2,A,1,0,H,9,19,3,5,5,8,15,10,19:00,0.25,1.95,1.95,1.93,1.97,3.56,3.4,2.31,3.41,3.27,2.22,3,2,0,0,3.3,3.4,2.15,3.4,3.4,2.15,,,,3.44,3.25,2.3,2.1,1.73,2.13,1.78,2.06,1.78,2023-24,Serie A,,,1634.09960938,1831.41442871,-197.3148193300001,2.7883830895028168,3.0480347543265456,11.002898964653308,10.37584244926376,1.574,0.784,0.784,1.574,2.8,2.2,4.4,3.6,3.4,3.4,12.2,9.0,35.4,51.0,2.4,1.6,13.8,12.6,,
2024-04-26,Frosinone,Salernitana,3,0,H,2,0,H,11,17,4,2,7,3,13,10,19:45,-1.25,1.93,2.0,1.92,2.01,1.48,5.2,8.0,1.42,4.96,7.34,2,2,0,0,1.4,4.75,7.5,1.42,4.8,7.0,,,,1.42,5.12,7.63,1.57,2.38,1.61,2.45,1.58,2.4,2023-24,Serie A,1.75172,1.03098,1595.03295898,1528.52685547,66.50610351,7.392455118706952,2.243868511474488,13.938738887916692,8.828366940804534,0.902,0.826,0.826,0.902,1.8,1.4,5.2,3.0,2.2,3.0,11.6,9.2,56.8,45.4,2.0,4.8,7.8,13.8,,
2024-04-27,Lecce,Monza,1,1,D,0,0,D,12,9,4,1,0,5,13,18,14:00,-0.5,2.08,1.85,2.07,1.85,2.15,3.35,4.2,2.05,3.27,3.97,2,3,0,0,2.0,3.25,4.0,2.05,3.3,3.75,,,,2.06,3.27,4.12,2.2,1.67,2.25,1.69,2.22,1.67,2023-24,Serie A,0.927644,1.09563,1623.92419434,1679.890625,-55.966430660000015,8.194087366137651,2.537426149373334,17.176729572414015,8.146220854293299,1.176,0.996,0.996,1.176,1.8,1.0,4.4,5.6,5.4,5.0,13.8,12.8,43.8,52.2,2.6,5.4,11.6,13.4,,
2024-04-27,Juventus,Milan,0,0,D,0,0,D,18,9,7,0,9,4,10,4,17:00,-0.25,1.84,2.09,1.8,2.11,2.2,3.53,3.82,2.1,3.4,3.65,0,1,0,0,2.1,3.3,3.6,2.1,3.4,3.5,,,,2.09,3.46,3.74,2.04,1.86,2.04,1.85,2.01,1.83,2023-24,Serie A,,,1822.87475586,1857.49963379,-34.62487792999991,6.874130058911403,5.201077313577485,13.392708119411594,17.767477467572924,1.674,1.51,1.51,1.674,3.0,2.8,4.6,3.4,5.0,5.0,15.2,15.4,43.2,58.0,1.6,3.2,13.0,12.2,,
2024-04-27,Lazio,Verona,1,0,H,0,0,D,17,7,5,1,4,2,13,18,19:45,-0.75,1.82,2.08,1.85,2.06,1.69,4.1,6.5,1.65,3.87,5.59,4,4,0,0,1.62,3.8,6.0,1.63,3.8,5.5,,,,1.66,3.96,5.53,2.1,1.73,2.1,1.79,2.06,1.78,2023-24,Serie A,1.31699,0.629309,1772.06396484,1620.93347168,151.13049316,7.160963786746983,3.2128213848479397,15.113986831097904,10.931434642392354,1.482,,,1.482,3.0,,4.4,,4.0,,10.8,,52.0,,2.2,,13.2,,,
2024-04-28,Fiorentina,Sassuolo,5,1,H,1,0,H,22,7,10,2,10,2,9,9,19:45,-0.75,1.93,2.0,1.93,1.97,1.78,4.12,5.0,1.72,3.92,4.75,2,2,0,0,1.7,3.8,5.0,1.7,3.9,4.75,,,,1.74,3.98,4.8,1.73,2.1,1.76,2.13,1.76,2.09,2023-24,Serie A,4.29626,0.268378,1754.88293457,1594.07287598,160.81005859000015,6.788276073523904,7.445303936760236,17.711517684967127,12.663809729979253,1.154,1.448,1.448,1.154,1.4,2.4,3.4,5.8,3.4,3.4,15.2,12.6,56.8,49.0,3.2,4.2,13.2,9.8,,
2024-04-28,Napoli,Roma,2,2,D,0,0,D,27,10,9,4,9,2,11,5,17:00,-0.5,2.0,1.93,2.01,1.9,2.02,3.79,4.0,1.97,3.61,3.8,2,0,0,0,1.95,3.6,4.0,1.9,3.6,3.8,,,,2.0,3.67,3.83,1.92,1.98,1.93,1.96,1.88,1.94,2023-24,Serie A,3.87555,1.78885,1794.38037109,1831.41442871,-37.03405762000011,7.207386053154367,4.698689836217698,20.031916269577707,13.250561632842508,1.432,0.784,0.784,1.432,2.4,2.2,7.0,3.6,6.6,3.4,19.2,9.0,59.2,51.0,2.4,1.6,9.2,12.6,,
2024-04-28,Atalanta,Empoli,2,0,H,1,0,H,17,11,5,2,8,1,19,14,17:00,-1.25,2.03,1.9,2.0,1.9,1.49,4.9,7.5,1.44,4.64,7.06,1,2,0,0,1.44,4.5,7.5,1.44,4.6,6.75,,,,1.45,4.77,7.14,1.73,2.1,1.72,2.2,1.69,2.18,2023-24,Serie A,2.13088,0.593896,1840.5255127,1629.86486816,210.66064454,6.412794048390829,4.3761598184845445,17.166739100265765,8.896617330362783,1.67,0.68,0.68,1.67,2.2,0.8,6.4,3.6,8.0,2.4,17.2,7.8,50.8,43.4,1.6,4.4,11.6,13.8,,
2024-04-28,Bologna,Udinese,1,1,D,0,1,A,15,11,4,4,10,3,11,21,14:00,-0.75,1.75,2.05,1.79,2.11,1.67,4.04,6.5,1.61,3.83,5.95,3,7,1,0,1.6,3.8,6.0,1.62,3.8,5.75,,,,1.62,3.85,6.27,2.1,1.73,2.15,1.75,2.09,1.75,2023-24,Serie A,0.709144,0.613931,1798.93286133,1634.09960938,164.83325194999998,7.373874920555838,3.956322942203952,16.02351984537083,13.2691240711907,0.972,0.942,0.942,0.972,1.6,1.6,2.4,2.4,1.4,2.4,9.6,9.8,54.0,33.6,2.6,3.2,12.8,11.4,,
2024-04-28,Inter,Torino,2,0,H,0,0,D,17,11,5,3,5,4,6,8,11:30,-1.0,1.98,1.95,1.94,1.96,1.58,4.3,7.5,1.53,4.07,6.8,0,0,0,1,1.53,3.8,7.0,1.5,4.2,6.75,,,,1.54,4.12,6.94,2.0,1.8,2.08,1.8,2.03,1.81,2023-24,Serie A,1.90101,0.45813,,1720.42919922,,7.003195886821818,5.308109384922629,16.200055166492984,14.331478035218026,2.53,0.754,0.754,2.53,3.4,0.8,9.2,2.6,8.2,5.0,18.2,10.6,63.0,50.8,2.2,3.4,9.8,15.4,,
2024-04-29,Genoa,Cagliari,3,0,H,2,0,H,12,12,5,1,2,4,12,14,19:45,-0.25,1.95,1.95,1.98,1.93,2.37,3.39,3.56,2.28,3.16,3.42,0,2,0,0,2.25,3.1,3.5,2.2,3.25,3.4,,,,2.33,3.11,3.53,2.3,1.62,2.41,1.61,2.3,1.62,2023-24,Serie A,1.09421,0.781529,1658.36975098,1614.21069336,44.159057619999885,4.795634130166933,3.202800658450811,12.715666716893525,9.77951602163766,0.918,0.942,0.942,0.918,1.4,1.4,6.4,4.4,6.8,4.6,13.8,10.8,48.4,43.2,2.6,2.6,12.4,12.2,,
2024-05-03,Torino,Bologna,0,0,D,0,0,D,8,5,1,1,2,4,14,11,19:45,0.0,1.95,1.98,1.94,1.98,2.94,3.05,2.91,2.85,2.95,2.84,2,2,0,0,2.88,2.8,2.88,2.85,2.9,2.75,,,,2.86,3.01,2.9,2.75,1.44,2.83,1.48,2.69,1.47,2023-24,Serie A,0.786625,0.169889,1716.16503906,1792.56604004,-76.40100097999994,6.033781406995886,2.824264447811597,13.39153579490593,12.97981953422004,1.55,1.424,1.424,1.55,3.2,2.4,5.8,3.2,6.2,1.8,12.2,11.0,53.8,63.2,2.2,3.0,11.8,14.6,,
2024-05-04,Monza,Lazio,2,2,D,0,1,A,17,9,7,5,5,4,8,13,17:00,0.5,2.07,1.86,2.05,1.86,4.75,3.75,1.9,4.39,3.63,1.84,1,7,0,0,4.33,3.75,1.83,4.33,3.6,1.83,,,,4.51,3.65,1.85,2.04,1.86,1.99,1.9,1.97,1.86,2023-24,Serie A,2.08077,1.57454,1678.17565918,1774.7310791,-96.55541992000008,2.9442974349423814,6.1364644130697545,13.211156319725609,12.391740329237422,0.676,1.626,1.626,0.676,0.8,2.0,4.6,7.6,4.2,3.8,10.2,14.0,54.8,55.6,3.0,2.8,12.2,11.6,,
2024-05-04,Sassuolo,Inter,1,0,H,1,0,H,6,14,2,1,2,5,10,10,19:45,1.25,1.85,2.08,1.86,2.05,6.5,4.9,1.54,6.01,4.68,1.5,1,1,0,0,6.0,4.5,1.5,5.75,4.6,1.51,,,,6.04,4.79,1.51,1.53,2.5,1.55,2.57,1.52,2.52,2023-24,Serie A,0.334967,1.63693,1586.01672363,,,5.877141689862686,5.20105897769847,10.800899082232627,12.971307410477854,1.334,1.666,1.666,1.334,1.2,2.2,5.2,2.8,5.0,3.2,14.8,11.4,46.4,51.6,3.2,2.8,10.0,13.0,,
2024-05-05,Cagliari,Lecce,1,1,D,1,0,H,9,16,3,3,3,10,9,15,11:30,-0.25,1.88,2.05,1.88,2.03,2.22,3.42,3.84,2.16,3.22,3.63,4,4,1,0,2.15,3.2,3.75,2.15,3.2,3.6,,,,2.2,3.18,3.77,2.2,1.67,2.27,1.68,2.2,1.68,2023-24,Serie A,0.923968,1.81298,1602.49475098,1623.35375977,-20.85900878999996,4.8802582884996415,3.4310624236657183,10.79500242732939,13.353466492937644,1.79,1.048,1.048,1.79,3.2,2.0,6.8,3.0,10.6,3.6,17.0,13.8,47.2,41.0,2.0,5.4,13.0,15.2,,
2024-05-05,Empoli,Frosinone,0,0,D,0,0,D,7,17,1,5,3,8,15,11,14:00,-0.25,2.08,1.85,2.08,1.84,2.48,3.5,3.25,2.39,3.31,3.05,2,3,0,0,2.38,3.3,3.1,2.4,3.4,2.87,,,,2.43,3.26,3.17,1.95,1.95,1.94,1.94,1.87,1.9,2023-24,Serie A,0.318217,0.947755,1624.83850098,1603.27001953,21.568481450000036,3.486051466076759,4.038622500422274,8.492225355554545,12.07116207527166,1.056,1.148,1.148,1.056,1.6,1.6,6.0,4.8,5.6,3.4,15.4,11.8,52.2,52.8,3.6,2.4,12.2,11.6,,
2024-05-05,Verona,Fiorentina,2,1,H,1,1,D,9,13,4,4,1,2,12,11,14:00,0.25,1.86,2.07,1.85,2.07,3.25,3.4,2.45,3.15,3.25,2.36,2,1,0,0,3.1,3.3,2.3,3.1,3.3,2.3,,,,3.2,3.26,2.42,2.1,1.73,2.18,1.74,2.13,1.72,2023-24,Serie A,1.49212,1.10741,1615.98095703,1763.77868652,-147.79772949000017,5.953935049269905,4.931512513988215,13.828900821447256,12.163421900630588,,1.582,1.582,,,1.2,,5.8,,4.4,,14.0,,54.0,,2.6,,14.2,,
2024-05-05,Milan,Genoa,3,3,D,1,1,D,26,6,7,2,7,1,8,10,17:00,-1.25,2.09,1.84,2.1,1.8,1.51,4.8,7.5,1.47,4.51,6.97,1,1,0,0,1.45,4.5,6.5,1.47,4.4,6.75,,,,1.49,4.59,6.64,1.73,2.1,1.78,2.11,1.76,2.07,2023-24,Serie A,,,1856.39819336,1667.80029297,188.59790038999995,5.523594578275538,2.839964502151125,15.415699683190224,8.051686942205269,1.492,1.286,1.286,1.492,2.0,1.6,6.0,3.2,4.6,5.8,14.0,13.2,53.0,50.2,3.4,3.0,9.6,11.2,,
2024-05-05,Roma,Juventus,1,1,D,1,1,D,19,16,5,6,9,6,7,11,19:45,0.0,2.03,1.9,2.0,1.91,2.98,3.2,2.81,2.84,3.1,2.68,1,2,0,0,2.88,3.1,2.7,2.8,3.1,2.55,,,,2.88,3.12,2.74,2.38,1.57,2.51,1.57,2.42,1.57,2023-24,Serie A,1.60597,0.95263,1822.36657715,1821.69067383,0.6759033200000886,4.745750332855108,2.8095474103074887,12.560351991487032,11.537840633922436,1.56,1.498,1.498,1.56,2.8,2.6,5.0,4.8,5.8,4.8,13.8,12.0,50.2,42.6,3.4,1.8,14.0,13.8,,
2024-05-06,Salernitana,Atalanta,1,2,A,1,0,H,9,17,2,4,1,7,12,10,17:00,1.5,1.9,2.03,1.89,2.01,9.0,5.66,1.39,8.17,5.33,1.35,1,0,0,0,7.5,5.5,1.36,7.5,5.0,1.38,,,,8.73,5.45,1.35,1.53,2.5,1.53,2.6,1.51,2.53,2023-24,Serie A,0.497067,2.26499,1518.00439453,1844.35693359,-326.35253906,4.169744528791206,5.168503926824817,8.618655963511433,9.78464438726026,1.122,1.002,1.002,1.122,1.0,1.8,6.2,5.4,4.4,6.2,12.8,12.0,39.2,52.4,4.0,1.8,14.6,12.8,,
2024-05-06,Udinese,Napoli,1,1,D,0,0,D,10,12,2,4,7,5,13,10,19:45,0.5,1.9,2.03,1.89,2.01,3.83,3.83,2.03,3.7,3.62,1.98,0,0,0,0,3.75,3.6,1.95,3.4,3.3,1.87,,,,3.74,3.73,2.0,1.88,2.02,1.86,2.03,1.81,1.98,2023-24,Serie A,0.521861,1.1157,1638.18103027,1793.25134277,-155.0703125,3.5255887263352115,6.6534274451622135,10.335265976435538,13.455733297962942,1.574,1.564,1.564,1.574,2.8,2.0,4.4,5.4,3.4,3.2,12.2,14.8,35.4,60.0,2.4,3.6,13.8,10.4,,
2024-05-10,Frosinone,Inter,0,5,A,0,1,A,17,14,8,5,8,4,4,8,19:45,0.75,1.92,1.98,1.93,1.99,4.75,4.2,1.79,4.54,4.03,1.74,0,0,0,0,4.5,4.0,1.73,4.4,3.9,1.73,,,,4.6,4.06,1.76,1.73,2.1,1.75,2.17,1.71,2.16,2023-24,Serie A,1.88809,2.05666,1609.54052734,,,7.261636745804635,5.134039318465647,12.959159258611129,13.31420494031857,0.902,1.666,1.666,0.902,1.8,2.2,5.2,2.8,2.2,3.2,11.6,11.4,56.8,51.6,2.0,2.8,7.8,13.0,,
2024-05-11,Milan,Cagliari,5,1,H,1,0,H,17,13,10,7,6,3,11,9,19:45,-1.25,1.95,1.95,1.9,1.95,1.47,5.25,8.0,1.42,4.97,7.17,2,1,0,0,1.4,5.25,6.5,1.43,4.8,7.0,,,,1.41,4.95,6.91,1.57,2.38,1.56,2.43,1.57,2.42,2023-24,Serie A,,,1855.06542969,1606.36535645,248.7000732399999,6.015729718850359,3.4685337723005407,18.943799788793484,10.51967734775844,1.492,0.942,0.942,1.492,2.0,1.4,6.0,4.4,4.6,4.6,14.0,10.8,53.0,43.2,3.4,2.6,9.6,12.2,,
2024-05-11,Napoli,Bologna,0,2,A,0,2,A,16,11,6,4,9,3,15,12,17:00,-0.25,1.86,2.04,1.85,2.01,2.19,3.66,3.6,2.13,3.51,3.44,2,1,0,0,2.1,3.4,3.5,2.1,3.5,3.4,,,,2.14,3.45,3.42,1.99,1.91,1.96,1.88,1.92,1.88,2023-24,Serie A,1.48316,1.74055,1794.60827637,1796.00048828,-1.3922119099997872,7.804924035436245,3.2161762985410647,22.35461084638514,10.319879689480029,1.432,1.424,1.424,1.432,2.4,2.4,7.0,3.2,6.6,1.8,19.2,11.0,59.2,63.2,2.4,3.0,9.2,14.6,,
2024-05-12,Lazio,Empoli,2,0,H,1,0,H,11,16,5,3,7,7,18,15,11:30,-1.0,2.07,1.83,2.05,1.82,1.65,4.14,6.2,1.6,3.97,5.77,3,1,0,0,1.57,4.0,5.75,1.6,3.9,5.5,,,,1.58,3.95,5.8,2.01,1.89,1.99,1.85,1.96,1.86,2023-24,Serie A,1.61078,1.10282,1777.59790039,1627.50720215,150.09069823999994,6.1073091911646555,3.25077321232303,15.742657887398604,9.597744886908522,1.482,0.68,0.68,1.482,3.0,0.8,4.4,3.6,4.0,2.4,10.8,7.8,52.0,43.4,2.2,4.4,13.2,13.8,,
2024-05-12,Genoa,Sassuolo,2,1,H,0,1,A,8,12,2,4,3,7,13,10,14:00,-0.25,1.95,1.95,1.92,1.93,2.3,3.65,3.4,2.23,3.47,3.22,1,2,0,0,2.2,3.5,3.2,2.2,3.4,3.2,,,,2.21,3.44,3.26,1.93,1.97,1.88,1.95,1.89,1.93,2023-24,Serie A,0.81296,1.69037,1678.07226562,1606.30444336,71.76782226,3.863756086777955,5.630202624506825,12.477111144595684,10.775873153319502,0.918,1.448,1.448,0.918,1.4,2.4,6.4,5.8,6.8,3.4,13.8,12.6,48.4,49.0,2.6,4.2,12.4,9.8,,
2024-05-12,Verona,Torino,1,2,A,0,0,D,13,6,5,2,7,4,19,15,14:00,0.0,2.1,1.8,2.12,1.76,3.15,3.16,2.64,3.03,3.02,2.59,3,2,1,0,3.0,3.0,2.55,2.9,3.0,2.6,,,,3.07,3.01,2.56,2.5,1.53,2.49,1.55,2.45,1.56,2023-24,Serie A,1.09252,0.956758,1631.32019043,1721.6697998,-90.34960937000004,4.302623366179937,4.872072923281753,12.219267214298172,13.22098535681202,,0.754,0.754,,,0.8,,2.6,,5.0,,10.6,,50.8,,3.4,,15.4,,
2024-05-12,Juventus,Salernitana,1,1,D,0,1,A,25,13,6,4,9,4,15,12,17:00,-2.25,2.02,1.88,1.98,1.86,1.15,10.0,23.0,1.14,8.56,19.17,2,5,0,0,1.14,8.5,17.0,1.15,8.5,18.0,,,,1.13,8.5,17.59,1.5,2.63,1.47,2.65,1.48,2.63,2023-24,Serie A,2.36999,0.921042,1827.37365723,1520.26538086,307.1082763699999,7.582753372607603,2.495912340982992,14.928472079607731,11.552244627203024,1.674,0.826,0.826,1.674,3.0,1.4,4.6,3.0,5.0,3.0,15.2,9.2,43.2,45.4,1.6,4.8,13.0,13.8,,
2024-05-12,Atalanta,Roma,2,1,H,2,0,H,24,9,7,6,6,1,11,11,19:45,-0.5,2.02,1.88,1.98,1.88,2.07,3.69,3.94,2.01,3.57,3.71,1,1,0,0,2.0,3.6,3.6,2.05,3.6,3.5,,,,1.97,3.56,3.8,1.88,2.02,1.85,1.98,1.85,1.97,2023-24,Serie A,2.85949,1.17185,1860.11938477,1824.70581055,35.41357421999987,6.9418626989272205,3.7991265574784654,17.11115940017718,12.167041088561676,1.67,0.784,0.784,1.67,2.2,2.2,6.4,3.6,8.0,3.4,17.2,9.0,50.8,51.0,1.6,1.6,11.6,12.6,,
2024-05-13,Lecce,Udinese,0,2,A,0,1,A,9,16,2,3,8,2,12,11,17:30,0.0,1.86,2.04,1.81,2.01,2.75,3.24,3.04,2.64,3.08,2.89,2,1,0,0,2.63,3.1,2.8,2.55,3.1,2.9,,,,2.65,2.93,2.93,2.3,1.62,2.32,1.6,2.29,1.63,2023-24,Serie A,0.3485,1.63735,1628.42224121,1645.76318359,-17.340942379999888,5.462724910758435,3.637548628135968,15.45115304827601,12.5127493807938,1.176,0.942,0.942,1.176,1.8,1.6,4.4,2.4,5.4,2.4,13.8,9.8,43.8,33.6,2.6,3.2,11.6,11.4,,
2024-05-13,Fiorentina,Monza,2,1,H,1,1,D,15,5,8,2,6,1,9,14,19:45,-1.0,1.97,1.93,1.94,1.91,1.61,4.5,6.0,1.56,4.29,5.68,1,1,0,0,1.55,4.2,5.75,1.58,4.2,5.5,,,,1.55,4.3,5.58,1.73,2.1,1.72,2.14,1.72,2.14,2023-24,Serie A,2.45011,1.19628,1763.61523438,1684.24804688,79.3671875,7.858850715682603,3.3582840995822227,19.141011789978087,8.4308139028622,1.154,0.996,0.996,1.154,1.4,1.0,3.4,5.6,3.4,5.0,15.2,12.8,56.8,52.2,3.2,5.4,13.2,13.4,,
2024-05-17,Fiorentina,Napoli,2,2,D,2,1,H,14,15,5,3,5,3,16,14,19:45,-0.25,2.02,1.88,2.02,1.9,2.39,3.6,3.21,2.31,3.5,3.08,1,2,0,0,2.25,3.4,3.1,2.3,3.4,3.0,,,,2.33,3.58,3.13,1.73,2.1,1.77,2.15,1.75,2.11,2023-24,Serie A,0.566509,1.32124,1768.68847656,1781.51757812,-12.829101560000026,7.23923381045507,6.102284963441477,17.76067452665206,12.97048886530863,1.154,1.564,1.564,1.154,1.4,2.0,3.4,5.4,3.4,3.2,15.2,14.8,56.8,60.0,3.2,3.6,13.2,10.4,,
2024-05-18,Lecce,Atalanta,0,2,A,0,0,D,11,19,3,9,2,5,7,20,17:00,0.75,1.88,2.02,1.88,2.0,4.75,3.95,1.82,4.56,3.8,1.78,0,4,0,0,4.5,3.8,1.75,4.33,3.7,1.8,,,,4.68,3.83,1.76,1.91,1.99,1.88,1.99,1.88,1.95,2023-24,Serie A,1.03049,2.22033,1615.85632324,1866.14465332,-250.28833008000015,6.308483273838957,5.7790026178832115,13.300768698850677,12.189762924840174,1.176,1.002,1.002,1.176,1.8,1.8,4.4,5.4,5.4,6.2,13.8,12.0,43.8,52.4,2.6,1.8,11.6,12.8,,
2024-05-18,Torino,Milan,3,1,H,2,0,H,11,16,5,4,3,8,15,14,19:45,0.0,2.02,1.88,2.01,1.88,2.88,3.35,2.72,2.81,3.25,2.63,1,1,0,0,2.8,3.2,2.6,2.8,3.2,2.55,,,,2.85,3.21,2.66,2.1,1.73,2.16,1.74,2.14,1.73,2023-24,Serie A,,,1728.71557617,1859.41894531,-130.70336913999995,4.689187604663925,4.800718209051657,11.594357196603957,14.84498497838195,1.55,1.51,1.51,1.55,3.2,2.8,5.8,3.4,6.2,5.0,12.2,15.4,53.8,58.0,2.2,3.2,11.8,12.2,,
2024-05-19,Inter,Lazio,1,1,D,0,1,A,19,8,7,3,8,0,10,15,17:00,-0.75,1.85,2.05,1.86,2.05,1.7,4.33,5.17,1.66,4.16,4.93,0,1,0,0,1.62,4.0,5.0,1.66,4.1,4.8,,,,1.68,4.28,4.85,1.73,2.1,1.75,2.16,1.73,2.13,2023-24,Serie A,1.61165,0.686603,,1782.87683105,,6.335463924547879,5.42430960871317,16.466703444328658,11.261160219491616,2.53,1.626,1.626,2.53,3.4,2.0,9.2,7.6,8.2,3.8,18.2,14.0,63.0,55.6,2.2,2.8,9.8,11.6,,
2024-05-19,Roma,Genoa,1,0,H,0,0,D,21,11,6,4,6,3,10,10,19:45,-1.0,1.83,2.07,1.83,2.09,1.55,4.6,7.1,1.5,4.34,6.65,3,0,1,0,1.48,4.2,7.0,1.52,4.2,6.25,,,,1.49,4.5,6.93,1.8,2.0,1.8,2.08,1.79,2.0,2023-24,Serie A,0.736827,0.508028,1818.68054199,1683.26367188,135.41687011,6.163833555236739,2.2266430014340837,14.706901327658024,7.367791294803513,1.56,1.286,1.286,1.56,2.8,1.6,5.0,3.2,5.8,5.8,13.8,13.2,50.2,50.2,3.4,3.0,14.0,11.2,,
2024-05-19,Udinese,Empoli,1,1,D,0,0,D,8,4,2,1,5,5,14,18,14:00,-0.5,2.04,1.86,2.07,1.85,2.1,3.5,4.1,2.04,3.32,3.9,1,7,0,1,2.0,3.4,3.8,1.93,3.1,3.6,,,,2.06,3.34,4.02,2.2,1.67,2.32,1.66,2.26,1.65,2023-24,Serie A,1.66873,0.82957,1658.32922363,1622.22827148,36.100952149999785,4.683725817556807,4.50051547488202,10.223510650957026,11.731829924605682,1.574,0.68,0.68,1.574,2.8,0.8,4.4,3.6,3.4,2.4,12.2,7.8,35.4,43.4,2.4,4.4,13.8,13.8,,
2024-05-19,Monza,Frosinone,0,1,A,0,1,A,14,16,2,5,3,4,14,13,14:00,0.25,1.85,2.05,1.85,2.06,3.03,3.68,2.43,2.94,3.55,2.35,1,2,0,0,3.0,3.4,2.3,2.8,3.5,2.35,,,,3.0,3.63,2.36,1.73,2.1,1.72,2.2,1.71,2.15,2023-24,Serie A,1.24886,2.22694,1679.17480469,1605.42382812,73.75097656999992,3.629531623294921,5.359081666948184,14.474104213150405,13.714108050181109,0.676,1.148,1.148,0.676,0.8,1.6,4.6,4.8,4.2,3.4,10.2,11.8,54.8,52.8,3.0,2.4,12.2,11.6,,
2024-05-19,Sassuolo,Cagliari,0,2,A,0,0,D,7,13,0,3,5,6,14,9,11:30,-0.25,2.05,1.85,2.06,1.85,2.43,3.54,3.11,2.37,3.42,3.02,4,2,1,0,2.35,3.3,3.1,2.3,3.4,3.0,,,,2.38,3.47,3.07,1.84,2.06,1.85,2.04,1.83,2.0,2023-24,Serie A,0.269648,1.47384,1601.11303711,1602.01184082,-0.8988037100000383,4.584761126575125,3.3123558482003608,9.200599388155084,11.346451565172297,1.334,0.942,0.942,1.334,1.2,1.4,5.2,4.4,5.0,4.6,14.8,10.8,46.4,43.2,3.2,2.6,10.0,12.2,,
2024-05-20,Salernitana,Verona,1,2,A,0,2,A,9,17,1,5,4,6,14,19,17:30,0.75,1.98,1.92,1.99,1.92,5.3,4.0,1.78,4.96,3.84,1.71,3,2,0,0,5.0,3.8,1.7,4.75,3.8,1.71,,,,5.1,3.98,1.69,1.91,1.99,1.9,1.99,1.88,1.94,2023-24,Serie A,0.900837,2.33362,1527.9050293,1624.27441406,-96.36938476,3.113163019194138,2.8085475898986267,8.745770642340956,9.62095642826157,1.122,,,1.122,1.0,,6.2,,4.4,,12.8,,39.2,,4.0,,14.6,,,
2024-05-20,Bologna,Juventus,3,3,D,2,0,H,10,11,5,4,3,2,8,21,19:45,-0.25,2.1,1.8,2.1,1.82,2.55,3.21,3.29,2.49,3.07,3.12,1,5,0,0,2.45,3.1,3.1,2.45,3.1,3.0,,,,2.48,3.1,3.26,2.3,1.62,2.48,1.59,2.39,1.58,2023-24,Serie A,1.379,1.27372,1809.09130859,1819.73413086,-10.642822270000124,8.249249947037224,3.8730316068716593,15.682346563580555,13.025227089281625,0.972,1.498,1.498,0.972,1.6,2.6,2.4,4.8,1.4,4.8,9.6,12.0,54.0,42.6,2.6,1.8,12.8,13.8,,
2024-05-23,Cagliari,Fiorentina,2,3,A,0,1,A,14,11,6,5,4,5,13,14,19:45,0.5,2.08,1.85,2.09,1.85,4.5,3.95,1.87,4.31,3.8,1.82,2,4,0,0,4.2,3.75,1.8,4.1,3.8,1.82,,,,4.42,3.85,1.84,1.73,2.1,1.74,2.2,1.71,2.17,2023-24,Serie A,2.08262,2.21632,1620.25720215,1773.26135254,-153.00415038999995,4.253505525666428,3.954341675992143,10.19666828488626,12.442281267087058,1.79,1.582,1.582,1.79,3.2,1.2,6.8,5.8,10.6,4.4,17.0,14.0,47.2,54.0,2.0,2.6,13.0,14.2,,
2024-05-24,Genoa,Bologna,2,0,H,1,0,H,14,11,3,1,3,6,11,11,19:45,0.25,2.02,1.88,2.0,1.89,3.6,3.5,2.26,3.45,3.31,2.21,1,2,0,0,3.4,3.4,2.15,3.4,3.2,2.2,,,,3.52,3.33,2.2,2.2,1.67,2.25,1.68,2.23,1.68,2023-24,Serie A,1.5757,0.450804,1684.73681641,1813.59741211,-128.86059569999998,3.575837391185304,3.1441175323607102,10.98474076306379,10.546586459653351,0.918,1.424,1.424,0.918,1.4,2.4,6.4,3.2,6.8,1.8,13.8,11.0,48.4,63.2,2.6,3.0,12.4,14.6,,
2024-05-25,Juventus,Monza,2,0,H,2,0,H,12,12,4,4,3,4,15,13,17:00,-1.5,1.97,1.93,1.97,1.92,1.36,5.8,10.0,1.33,5.45,8.86,1,3,0,1,1.33,5.5,8.5,1.35,5.25,8.25,,,,1.33,5.57,8.68,1.62,2.3,1.62,2.37,1.61,2.33,2023-24,Serie A,1.92843,1.13394,1826.03540039,1673.54040527,152.49499511999988,8.055168915071736,2.5721893997214824,18.28564805307182,7.2872092685748,1.674,0.996,0.996,1.674,3.0,1.0,4.6,5.6,5.0,5.0,15.2,12.8,43.2,52.2,1.6,5.4,13.0,13.4,,
2024-05-25,Milan,Salernitana,3,3,D,2,0,H,23,14,11,6,13,3,6,9,19:45,-2.25,1.98,1.92,1.95,1.92,1.19,9.2,16.0,1.17,8.34,13.58,0,1,0,0,1.18,8.0,12.0,1.19,7.75,13.0,,,,1.17,8.69,13.1,1.25,4.0,1.34,3.47,1.26,3.78,2023-24,Serie A,,,1849.98339844,1526.64562988,323.3377685600001,6.010486479233573,2.9972748939886618,18.295866525862323,12.034829751468685,1.492,0.826,0.826,1.492,2.0,1.4,6.0,3.0,4.6,3.0,14.0,9.2,53.0,45.4,3.4,4.8,9.6,13.8,,
2024-05-26,Lazio,Sassuolo,1,1,D,0,0,D,8,8,6,3,5,3,15,11,19:45,-1.5,2.01,1.89,1.99,1.9,1.39,5.7,9.0,1.36,5.37,7.87,3,1,0,0,1.36,5.25,7.5,1.37,5.25,7.75,,,,1.36,5.44,7.98,1.5,2.63,1.53,2.59,1.51,2.56,2023-24,Serie A,1.25146,1.11933,1794.20666504,1593.67529297,200.53137206999983,6.404872794109771,6.086801749671217,14.161771924932404,11.183915435546336,1.482,1.448,1.448,1.482,3.0,2.4,4.4,5.8,4.0,3.4,10.8,12.6,52.0,49.0,2.2,4.2,13.2,9.8,,
2024-05-26,Frosinone,Udinese,0,1,A,0,0,D,21,10,5,5,11,1,6,13,19:45,-0.25,2.08,1.82,2.09,1.81,2.57,3.3,3.33,2.42,3.17,3.13,0,2,0,0,2.38,3.25,3.0,2.37,3.25,3.0,,,,2.46,3.11,3.22,1.99,1.91,2.01,1.87,1.96,1.86,2023-24,Serie A,0.869244,0.895463,1621.86572266,1661.46679688,-39.60107421999987,7.507757830536423,3.091699085423979,14.30610617240742,13.675166253862535,0.902,0.942,0.942,0.902,1.8,1.6,5.2,2.4,2.2,2.4,11.6,9.8,56.8,33.6,2.0,3.2,7.8,11.4,,
2024-05-26,Verona,Inter,2,2,D,2,2,D,18,15,8,11,9,3,17,8,19:45,1.0,1.98,1.92,1.96,1.93,6.0,4.6,1.61,5.63,4.37,1.55,1,1,0,0,5.5,4.0,1.53,5.25,4.33,1.57,,,,5.69,4.47,1.55,1.62,2.3,1.65,2.31,1.64,2.28,2023-24,Serie A,1.63678,2.99853,1636.34130859,,,5.201748910786625,4.756026212310432,12.479511476198784,13.542803293545711,,1.666,1.666,,,2.2,,2.8,,3.2,,11.4,,51.6,,2.8,,13.0,,
2024-05-26,Napoli,Lecce,0,0,D,0,0,D,24,10,5,0,4,1,10,17,17:00,-1.25,1.95,1.95,1.94,1.94,1.48,5.1,7.5,1.43,4.89,6.87,0,0,0,0,1.42,5.0,6.25,1.44,4.75,6.75,,,,1.43,4.95,6.9,1.57,2.38,1.57,2.47,1.57,2.41,2023-24,Serie A,1.83014,0.622384,1787.75219727,1616.48205566,171.27014160999988,8.20328269029083,5.620708282443813,20.236407230923422,14.235644328625096,1.432,1.048,1.048,1.432,2.4,2.0,7.0,3.0,6.6,3.6,19.2,13.8,59.2,41.0,2.4,5.4,9.2,15.2,,
2024-05-26,Atalanta,Torino,3,0,H,2,0,H,18,8,7,1,2,5,18,10,17:00,0.25,2.04,1.86,2.04,1.85,3.62,3.66,2.25,3.42,3.46,2.14,1,1,0,0,3.3,3.5,2.1,3.25,3.4,2.15,,,,3.54,3.44,2.14,1.95,1.95,1.93,1.93,1.92,1.9,2023-24,Serie A,2.56869,1.69527,1893.70239258,1748.95849609,144.74389649,6.627908465951481,4.581381948854502,19.40743960011812,10.81399023787468,1.67,0.754,0.754,1.67,2.2,0.8,6.4,2.6,8.0,5.0,17.2,10.6,50.8,50.8,1.6,3.4,11.6,15.4,,
2024-05-26,Empoli,Roma,2,1,H,1,1,D,17,15,7,3,4,5,18,12,19:45,-0.5,2.0,1.9,2.0,1.88,2.05,3.86,3.79,1.99,3.71,3.63,4,1,0,0,1.95,3.6,3.6,1.98,3.6,3.6,,,,1.99,3.8,3.64,1.88,2.02,1.88,2.0,1.85,1.98,2023-24,Serie A,2.88989,1.45583,1629.89807129,1828.01477051,-198.1166992200001,3.3240343107178396,2.8660843716523106,7.994816903703031,11.111360725707785,1.056,0.784,0.784,1.056,1.6,2.2,6.0,3.6,5.6,3.4,15.4,9.0,52.2,51.0,3.6,1.6,12.2,12.6,,
2024-06-02,Atalanta,Fiorentina,2,3,A,2,3,A,12,8,3,4,4,4,5,9,17:00,-1.25,2.05,1.85,2.02,1.87,1.51,5.1,7.0,1.47,4.8,6.21,0,2,0,0,1.48,4.75,6.0,1.47,4.75,6.25,,,,1.47,4.86,6.26,1.53,2.5,1.56,2.53,1.54,2.48,2023-24,Serie A,1.69732,1.0071,1896.87683105,1763.97094727,132.90588378000007,5.085272310634322,4.302894450661429,18.938293066745416,11.961520844724706,1.67,1.582,1.582,1.67,2.2,1.2,6.4,5.8,8.0,4.4,17.2,14.0,50.8,54.0,1.6,2.6,11.6,14.2,,
2024-08-17,Genoa,Inter,2,2,D,1,1,D,10,14,6,9,1,4,15,14,17:30,1.0,1.97,1.93,1.95,1.95,6.8,4.35,1.6,6.31,4.18,1.54,1,2,0,0,6.5,4.0,1.53,6.0,4.1,1.55,,,,6.6,4.18,1.55,1.9,2.0,1.89,2.0,1.88,1.96,2024-25,Serie A,2.31286,2.00656,1696.19250488,,,3.3838915941235364,4.170684141540288,11.98982717537586,14.028535529030476,1.018,2.082,2.082,1.018,1.0,3.6,5.4,4.6,5.0,6.0,11.6,14.0,43.4,66.4,3.4,1.8,12.2,9.4,147.2,164.333
2024-08-17,Parma,Fiorentina,1,1,D,1,0,H,13,14,5,7,4,9,15,9,17:30,0.25,1.97,1.93,1.96,1.94,3.5,3.54,2.27,3.31,3.41,2.23,3,2,0,1,3.5,3.2,2.2,3.2,3.4,2.2,,,,3.37,3.43,2.25,1.9,2.0,1.9,1.99,1.88,1.95,2024-25,Serie A,,,,1776.37329102,,,4.201929633774286,,10.641013896483138,1.338,0.758,0.758,1.338,1.6,1.4,3.6,3.2,1.8,3.0,12.4,9.8,45.4,49.0,3.8,3.4,9.8,11.2,162.8,140.6
2024-08-17,Empoli,Monza,0,0,D,0,0,D,9,4,1,1,7,3,16,19,19:45,-0.25,2.1,1.7,2.15,1.79,2.58,3.25,3.2,2.48,3.16,3.07,0,2,0,0,2.5,3.2,3.0,2.4,3.2,3.0,,,,2.53,3.13,3.14,2.1,1.73,2.14,1.76,2.11,1.75,2024-25,Serie A,0.578573,0.327848,1638.60705566,1664.85754395,-26.25048829000002,3.5493562071452267,3.0481262664809883,10.996544602468688,8.8581395123832,0.584,1.126,1.126,0.584,0.8,2.4,4.8,4.2,2.2,3.8,8.2,8.2,42.2,49.6,2.6,2.2,12.0,14.4,191.6,167.0
2024-08-17,Milan,Torino,2,2,D,0,1,A,20,6,6,3,9,2,10,7,19:45,-0.75,1.81,2.09,1.79,2.11,1.68,4.19,5.9,1.64,3.97,5.51,2,4,0,0,1.62,3.8,5.75,1.68,3.75,5.0,,,,1.62,4.06,5.76,1.95,1.95,1.92,1.97,1.92,1.91,2024-25,Serie A,,,1838.72802734,1738.89416504,99.83386229999996,8.34032431948905,4.720921299236335,19.86391101724155,9.875993491916454,1.256,0.558,0.558,1.256,1.0,1.4,5.8,4.0,4.6,3.6,16.4,9.2,52.6,46.6,1.6,2.0,12.6,14.2,163.8,167.8
2024-08-18,Bologna,Udinese,1,1,D,0,0,D,22,4,7,2,7,5,15,13,17:30,-0.5,1.95,1.95,1.96,1.94,1.98,3.54,4.75,1.93,3.32,4.37,0,4,0,0,1.91,3.4,4.33,1.9,3.3,4.33,,,,1.95,3.29,4.57,2.3,1.62,2.37,1.63,2.34,1.61,2024-25,Serie A,3.3102,0.944621,1795.25170898,1666.17004395,129.08166503000007,6.499499964691483,2.39446605694932,13.78823104238704,12.450110835908358,2.048,0.926,0.926,2.048,4.6,1.0,5.2,4.4,6.2,4.4,17.8,12.6,61.6,48.2,1.8,2.4,12.2,13.8,177.0,174.2
2024-08-18,Verona,Napoli,3,0,H,0,0,D,8,15,5,5,1,5,15,13,17:30,0.75,1.85,2.05,1.89,2.02,5.1,3.91,1.85,4.63,3.67,1.79,4,1,0,0,4.75,3.6,1.75,4.4,3.6,1.8,,,,4.99,3.67,1.78,1.93,1.97,1.92,1.97,1.9,1.93,2024-25,Serie A,1.80536,0.975176,1639.8404541,1778.8536377,-139.01318360000005,6.467832607191084,5.068189975627652,14.319674317465855,13.64699257687242,,1.342,1.342,,,2.0,,5.0,,4.2,,11.8,,53.8,,2.6,,8.6,,159.8
2024-08-18,Cagliari,Roma,0,0,D,0,0,D,12,13,2,3,5,3,15,7,19:45,0.5,1.91,1.99,1.91,1.99,4.1,3.62,2.04,3.88,3.51,1.98,2,0,0,0,4.1,3.4,1.95,3.7,3.5,2.0,,,,4.04,3.53,1.99,1.99,1.91,1.99,1.9,1.94,1.86,2024-25,Serie A,1.30634,1.29639,1611.59204102,1812.41601562,-200.82397460000016,4.169003683777619,3.5773895811015404,11.464445523257508,12.407573817138523,1.232,0.948,0.948,1.232,3.2,1.8,5.4,3.2,5.6,2.6,13.2,10.4,46.0,56.2,2.0,3.6,12.8,11.2,178.4,161.2
2024-08-18,Lazio,Venezia,3,1,H,2,1,H,13,11,6,3,6,3,14,11,19:45,-1.25,2.09,1.81,2.1,1.83,1.52,4.61,7.5,1.47,4.41,7.05,1,2,0,0,1.48,4.1,7.5,1.49,4.2,6.5,,,,1.48,4.46,7.29,1.89,2.01,1.87,2.03,1.85,1.98,2024-25,Serie A,2.33223,0.789649,1784.74365234,1565.5637207,219.17993163999995,5.936581862739848,2.7451322482843703,12.107847949954936,6.989303335477439,1.616,0.558,0.558,1.616,3.2,1.4,3.6,2.8,3.8,3.0,14.2,6.0,55.4,40.0,1.2,5.0,10.2,13.2,159.4,149.6
2024-08-19,Lecce,Atalanta,0,4,A,0,2,A,19,10,5,6,5,3,10,24,17:30,0.5,2.01,1.89,2.03,1.88,4.5,3.83,1.92,4.23,3.64,1.87,0,2,0,0,4.2,3.7,1.85,4.1,3.6,1.87,,,,4.44,3.62,1.88,1.98,1.92,1.95,1.93,1.93,1.9,2024-25,Serie A,1.88414,2.45909,1618.49060059,1884.4744873,-265.98388671,4.872322182559305,5.519335078588808,12.533845799233784,14.459841949893452,1.398,1.924,1.924,1.398,1.8,4.8,3.4,4.8,4.6,6.4,12.8,14.2,48.0,54.6,2.4,3.6,11.6,10.0,148.8,164.2
2024-08-19,Juventus,Como,3,0,H,2,0,H,12,1,9,1,3,0,12,6,19:45,-1.5,2.05,1.85,2.05,1.86,1.37,5.4,11.0,1.34,5.06,9.57,2,4,0,0,1.33,5.0,9.5,1.34,5.0,9.25,,,,1.34,5.22,9.8,1.86,2.04,1.84,2.06,1.83,2.0,2024-25,Serie A,1.30582,0.171238,1827.82836914,,,6.3701126100478245,,16.190432035381214,,1.772,0.93,0.93,1.772,2.4,0.8,6.0,4.8,4.0,2.4,14.8,13.6,60.2,57.8,1.6,2.4,11.0,12.2,168.0,161.4
2024-08-24,Monza,Genoa,0,1,A,0,1,A,9,11,2,1,8,3,6,17,19:45,0.0,1.84,2.06,1.86,2.06,2.7,3.24,3.0,2.62,3.12,2.91,2,3,0,0,2.6,3.1,2.88,2.55,3.1,2.9,,,,2.68,3.11,2.96,2.3,1.62,2.38,1.63,2.31,1.63,2024-25,Serie A,0.401371,0.660299,1664.64343262,1701.26696777,-36.62353514999995,3.419687748863281,2.4844286676227227,14.316069475433604,8.578527529869008,1.188,1.07,1.07,1.188,1.6,1.4,5.2,4.2,6.8,4.8,16.2,10.8,50.6,44.4,4.4,3.2,13.2,12.0,171.0,144.0
2024-08-24,Inter,Lecce,2,0,H,1,0,H,11,10,3,4,10,6,9,12,19:45,-1.75,1.78,2.03,1.79,2.09,1.22,7.75,17.0,1.2,6.95,14.52,0,2,0,0,1.2,7.0,13.0,1.21,6.75,13.5,,,,1.2,7.01,15.07,1.57,2.38,1.58,2.44,1.58,2.39,2024-25,Serie A,2.48059,0.335346,,1611.53186035,,6.89030928303192,4.080472188295875,17.31113562955244,12.823762885750064,2.05,0.652,0.652,2.05,4.0,0.6,8.6,2.6,5.8,2.8,17.0,7.6,55.4,37.0,1.8,5.2,12.4,13.2,166.0,155.6
2024-08-24,Udinese,Lazio,2,1,H,1,0,H,8,17,3,5,4,13,15,10,17:30,0.25,1.86,2.04,1.87,2.04,3.41,3.23,2.45,3.27,3.1,2.39,0,0,1,0,3.3,3.1,2.35,3.1,3.1,2.4,,,,3.38,3.11,2.4,2.3,1.62,2.45,1.6,2.39,1.59,2024-25,Serie A,1.11581,1.68277,1670.06945801,1787.73181152,-117.66235351,4.789150545037872,3.616206405808781,9.482340433971352,10.174106812994411,0.864,1.91,1.91,0.864,1.2,3.0,5.0,5.8,3.2,4.4,9.0,14.2,44.4,54.6,2.6,1.2,14.0,13.0,157.4,166.4
2024-08-24,Parma,Milan,2,1,H,1,0,H,8,17,5,5,3,9,9,13,17:30,0.75,2.01,1.89,2.03,1.88,5.0,4.2,1.76,4.74,4.03,1.7,0,3,0,0,4.75,3.9,1.7,4.5,3.9,1.73,,,,4.9,4.16,1.69,1.73,2.1,1.7,2.24,1.71,2.17,2024-25,Serie A,,,,1834.20263672,,4.0,5.867145472701105,13.0,15.229989985587968,1.338,1.56,1.56,1.338,1.6,3.0,3.6,4.2,1.8,2.8,12.4,11.8,45.4,53.4,3.8,3.0,9.8,12.6,162.8,184.4
2024-08-25,Fiorentina,Venezia,0,0,D,0,0,D,12,7,8,4,7,3,13,19,17:30,-1.25,2.01,1.89,2.03,1.88,1.48,4.8,8.0,1.43,4.62,7.47,1,2,0,0,1.42,4.75,7.0,1.43,4.5,7.5,,,,1.44,4.65,7.64,1.88,2.02,1.89,2.0,1.85,1.98,2024-25,Serie A,0.660213,1.01295,1769.3059082,1561.25354004,208.05236816,6.492822540303381,2.8300881655229135,16.507116351101374,8.326202223651627,1.792,0.558,0.558,1.792,2.8,1.4,6.2,2.8,3.8,3.0,13.0,6.0,45.6,40.0,2.0,5.0,8.8,13.2,149.2,149.6
2024-08-25,Torino,Atalanta,2,1,H,1,1,D,13,24,6,8,4,6,8,13,17:30,0.25,1.87,2.03,1.89,2.01,3.36,3.37,2.46,3.17,3.23,2.37,3,4,0,0,3.2,3.1,2.38,3.1,3.2,2.37,,,,3.32,3.26,2.35,2.1,1.73,2.1,1.79,2.08,1.77,2024-25,Serie A,2.49919,3.08667,1742.09753418,1890.11132812,-148.01379394000014,4.12612506977595,4.679556719059206,11.396238131069303,12.973227966595635,0.702,1.924,1.924,0.702,1.4,4.8,3.4,4.8,3.8,6.4,8.0,14.2,45.8,54.6,4.2,3.6,14.4,10.0,154.6,164.2
2024-08-25,Napoli,Bologna,3,0,H,1,0,H,16,9,5,2,7,5,11,17,19:45,-0.5,1.95,1.95,1.95,1.95,1.97,3.74,4.24,1.92,3.58,4.08,2,2,0,0,1.9,3.5,4.1,1.9,3.5,4.0,,,,1.94,3.62,4.11,2.03,1.87,2.01,1.88,1.99,1.84,2024-25,Serie A,2.07052,0.544518,1759.74169922,1790.03015137,-30.288452150000012,6.802188460193888,4.0960783549071405,21.490938153948953,10.697724306435568,1.476,1.026,1.026,1.476,2.6,1.4,9.6,1.8,5.0,2.4,17.6,9.4,60.4,47.6,1.2,1.6,11.4,16.8,150.8,155.2
2024-08-25,Roma,Empoli,1,2,A,0,1,A,17,10,6,3,8,5,10,9,19:45,-1.0,1.85,2.05,1.85,2.06,1.55,4.5,7.0,1.5,4.35,6.5,0,3,0,0,1.5,4.33,6.5,1.51,4.2,6.5,,,,1.5,4.45,6.8,1.87,2.03,1.86,2.03,1.84,1.98,2024-25,Serie A,2.04246,3.0773,1807.47668457,1637.49926758,169.97741699000017,6.109222370157826,4.667010316588014,16.80460088510535,9.154553283070456,1.926,0.776,0.776,1.926,2.8,0.8,4.4,4.0,4.8,2.0,14.2,9.4,55.6,41.8,2.2,2.2,11.8,17.6,150.4,165.8
2024-08-26,Cagliari,Como,1,1,D,1,0,H,11,13,5,4,5,6,12,10,17:30,-0.25,1.85,2.05,1.84,2.08,2.15,3.65,3.73,2.11,3.45,3.52,2,2,0,0,2.1,3.4,3.4,2.05,3.4,3.5,,,,2.13,3.43,3.66,2.01,1.89,2.04,1.85,1.98,1.84,2024-25,Serie A,1.03532,2.08973,1615.20935059,,,4.446002455851747,0.0,11.642963682171672,1.0,1.232,0.93,0.93,1.232,3.2,0.8,5.4,4.8,5.6,2.4,13.2,13.6,46.0,57.8,2.0,2.4,12.8,12.2,178.4,161.4
2024-08-26,Verona,Juventus,0,3,A,0,2,A,7,7,1,5,4,1,8,8,19:45,0.75,1.95,1.95,1.94,1.96,5.5,3.95,1.77,5.06,3.74,1.72,2,0,0,0,5.25,3.75,1.67,5.25,3.7,1.7,,,,5.23,3.77,1.72,2.0,1.8,2.1,1.79,2.06,1.78,2024-25,Serie A,0.878611,1.36151,1657.63049316,1830.36291504,-172.73242187999995,4.64522173812739,3.2486877379144397,12.213116211643904,12.350151392854418,,1.394,1.394,,,2.4,,5.2,,2.6,,11.6,,57.6,,3.4,,12.8,,150.0
2024-08-30,Venezia,Torino,0,1,A,0,0,D,13,12,4,6,3,3,7,15,17:30,0.25,2.02,1.91,2.02,1.91,3.68,3.4,2.24,3.52,3.28,2.2,2,4,0,0,3.4,3.3,2.2,3.4,3.25,2.15,,,,3.63,3.3,2.23,2.15,1.67,2.25,1.7,2.19,1.69,2024-25,Serie A,0.635612,1.80895,1564.09069824,1749.45092773,-185.36022949000017,4.4846535981735345,3.813947532824224,10.983576248080162,8.583995661277637,1.622,0.558,0.558,1.622,2.8,1.4,4.6,4.0,3.4,3.6,13.2,9.2,50.2,46.6,2.8,2.0,9.6,14.2,162.0,167.8
2024-08-30,Inter,Atalanta,4,0,H,2,0,H,13,11,5,1,3,4,6,15,19:45,-1.0,1.95,1.98,1.96,1.96,1.62,4.56,5.8,1.58,4.35,5.54,0,2,0,0,1.57,4.33,5.5,1.57,4.33,5.5,,,,1.58,4.43,5.79,1.62,2.3,1.64,2.38,1.62,2.34,2024-25,Serie A,2.28876,1.17772,,1875.91186523,,7.926872855354613,5.119704479372804,15.20742375303496,16.648818644397092,2.05,1.924,1.924,2.05,4.0,4.8,8.6,4.8,5.8,6.4,17.0,14.2,55.4,54.6,1.8,3.6,12.4,10.0,166.0,164.2
2024-08-31,Lazio,Milan,2,2,D,0,1,A,7,10,5,4,5,7,12,9,19:45,0.25,1.8,2.1,1.8,2.13,3.01,3.65,2.53,2.89,3.44,2.45,4,2,0,0,2.9,3.4,2.4,2.75,3.4,2.45,,,,2.97,3.44,2.46,1.9,2.0,1.89,2.0,1.88,1.95,2024-25,Serie A,,,1774.28417969,1817.65258789,-43.368408199999976,5.957721241826565,6.91143031513407,12.405231966636624,15.819993323725312,1.616,1.56,1.56,1.616,3.2,3.0,3.6,4.2,3.8,2.8,14.2,11.8,55.4,53.4,1.2,3.0,10.2,12.6,159.4,184.4
2024-08-31,Napoli,Parma,2,1,H,0,1,A,29,13,7,2,6,4,12,6,19:45,-1.25,2.09,1.81,2.1,1.82,1.53,4.8,7.0,1.49,4.55,6.58,2,4,0,1,1.48,4.33,7.0,1.5,4.33,6.25,,,,1.5,4.66,6.48,1.73,2.1,1.72,2.19,1.7,2.17,2024-25,Serie A,,,1769.52844238,,,6.868125640129259,,19.66062543596597,,1.476,0.686,0.686,1.476,2.6,1.2,9.6,3.8,5.0,1.2,17.6,9.0,60.4,39.0,1.2,3.0,11.4,7.4,150.8,174.6
2024-08-31,Bologna,Empoli,1,1,D,1,1,D,14,4,3,2,6,3,15,18,17:30,-0.75,1.84,2.06,1.85,2.06,1.7,3.94,6.0,1.65,3.75,5.76,0,3,0,0,1.62,3.75,6.0,1.63,3.75,5.75,,,,1.66,3.79,5.89,2.1,1.73,2.17,1.74,2.15,1.72,2024-25,Serie A,1.35876,1.11428,1773.39746094,1647.46472168,125.93273926000006,6.6663333097943225,4.778006877725343,16.52548736159136,9.436368855380303,2.048,0.776,0.776,2.048,4.6,0.8,5.2,4.0,6.2,2.0,17.8,9.4,61.6,41.8,1.8,2.2,12.2,17.6,177.0,165.8
2024-08-31,Lecce,Cagliari,1,0,H,1,0,H,17,21,4,2,7,10,10,13,17:30,-0.25,1.95,1.95,1.99,1.92,2.35,3.35,3.55,2.28,3.2,3.4,1,3,1,0,2.25,3.2,3.4,2.2,3.2,3.4,,,,2.33,3.18,3.45,2.3,1.62,2.45,1.6,2.35,1.61,2024-25,Serie A,2.34113,2.09263,1606.30651855,1608.43579102,-2.1292724699999326,4.914881455039537,4.208237232133574,14.689230532822524,11.89763437678153,1.398,1.308,1.308,1.398,1.8,2.0,3.4,5.4,4.6,4.4,12.8,9.6,48.0,49.8,2.4,2.8,11.6,12.8,148.8,154.6
2024-09-01,Fiorentina,Monza,2,2,D,1,2,A,15,4,5,3,6,0,11,21,17:30,-0.75,1.91,1.99,1.93,1.98,1.74,4.0,5.4,1.69,3.86,5.09,2,4,0,0,1.67,3.9,5.0,1.68,3.8,5.0,,,,1.7,3.86,5.24,2.04,1.86,2.05,1.85,2.0,1.84,2024-25,Serie A,2.41541,0.489982,1749.06677246,1652.76599121,96.30078125,6.661881693535587,3.0320841776539926,15.004744234067584,7.238759674922134,1.792,1.126,1.126,1.792,2.8,2.4,6.2,4.2,3.8,3.8,13.0,8.2,45.6,49.6,2.0,2.2,8.8,14.4,149.2,167.0
2024-09-01,Genoa,Verona,0,2,A,0,0,D,11,10,1,3,3,1,8,16,17:30,-0.5,2.03,1.87,2.03,1.88,2.06,3.47,4.3,2.03,3.26,4.07,2,6,0,0,2.0,3.3,4.0,2.05,3.2,3.9,,,,2.02,3.29,4.25,2.3,1.62,2.39,1.63,2.35,1.61,2024-25,Serie A,1.34735,2.09653,1706.29833984,1645.48278809,60.81555174999994,2.5892610627490247,3.872365059932418,11.326551450250577,12.080637618841044,1.018,,,1.018,1.0,,5.4,,5.0,,11.6,,43.4,,3.4,,12.2,,147.2,
2024-09-01,Juventus,Roma,0,0,D,0,0,D,8,7,1,1,6,4,11,12,19:45,-0.75,2.01,1.89,2.01,1.9,1.82,3.83,5.1,1.77,3.68,4.82,2,2,0,0,1.75,3.6,5.0,1.8,3.6,4.5,,,,1.76,3.73,5.02,2.0,1.8,2.08,1.82,2.06,1.78,2024-25,Serie A,0.415282,0.382591,1835.66455078,1790.66516113,44.99938965000001,5.246741740031884,3.3849263874010274,14.793621356920813,12.605049211425683,1.772,0.948,0.948,1.772,2.4,1.8,6.0,3.2,4.0,2.6,14.8,10.4,60.2,56.2,1.6,3.6,11.0,11.2,168.0,161.2
2024-09-01,Udinese,Como,1,0,H,1,0,H,10,21,3,4,4,6,16,9,19:45,-0.5,2.07,1.83,2.08,1.84,2.12,3.56,3.9,2.07,3.38,3.77,3,0,0,0,2.05,3.4,3.75,2.0,3.3,3.8,,,,2.07,3.4,3.89,2.1,1.73,2.18,1.74,2.13,1.74,2024-25,Serie A,1.18455,1.65728,1676.67114258,,,4.526100363358582,2.0,8.988226955980902,5.0,0.864,0.93,0.93,0.864,1.2,0.8,5.0,4.8,3.2,2.4,9.0,13.6,44.4,57.8,2.6,2.4,14.0,12.2,157.4,161.4
2024-09-14,Como,Bologna,2,2,D,1,0,H,14,14,4,4,4,3,17,12,14:00,0.0,2.08,1.73,2.12,1.79,3.12,3.4,2.58,3.01,3.21,2.51,2,1,0,0,3.0,3.25,2.45,2.9,3.2,2.5,,,,3.03,3.15,2.57,2.2,1.67,2.26,1.68,2.24,1.67,2024-25,Serie A,1.45782,1.15087,,1768.72961426,,,4.397385569938094,,10.13181620429038,1.348,1.026,1.026,1.348,2.0,1.4,5.4,1.8,4.6,2.4,14.8,9.4,51.4,47.6,1.8,1.6,14.2,16.8,205.6,155.2
2024-09-14,Empoli,Juventus,0,0,D,0,0,D,8,15,3,3,4,8,11,10,17:00,0.75,1.95,1.95,1.96,1.93,5.7,3.81,1.77,5.22,3.68,1.72,1,2,0,0,5.25,3.6,1.7,5.0,3.6,1.73,,,,5.54,3.68,1.7,2.2,1.67,2.21,1.7,2.19,1.7,2024-25,Serie A,0.601249,0.726024,1652.13244629,1833.0625,-180.93005371000004,4.699570804763484,2.499125158609627,10.331029734979126,10.56676759523628,0.584,1.394,1.394,0.584,0.8,2.4,4.8,5.2,2.2,2.6,8.2,11.6,42.2,57.6,2.6,3.4,12.0,12.8,191.6,150.0
2024-09-14,Milan,Venezia,4,0,H,4,0,H,12,6,8,1,6,1,12,12,19:45,-1.5,1.86,2.04,1.86,2.02,1.33,6.17,10.5,1.3,5.82,9.76,1,3,0,1,1.3,5.75,9.0,1.31,5.5,9.5,,,,1.3,5.83,9.65,1.53,2.5,1.55,2.53,1.53,2.5,2024-25,Serie A,,,1817.8392334,1559.29370117,258.54553222999994,8.5602162129927,2.8867254436819425,19.909274011494368,7.884134815767752,1.256,0.558,0.558,1.256,1.0,1.4,5.8,2.8,4.6,3.0,16.4,6.0,52.6,40.0,1.6,5.0,12.6,13.2,163.8,149.6
2024-09-15,Atalanta,Fiorentina,3,2,H,3,2,H,13,13,7,5,4,2,16,15,14:00,-0.75,2.07,1.83,2.07,1.81,1.89,3.98,4.5,1.83,3.81,4.24,2,3,0,0,1.8,3.6,4.5,1.8,3.75,4.2,,,,1.83,3.85,4.29,1.73,2.1,1.74,2.14,1.74,2.12,2024-25,Serie A,2.4507,1.96392,1866.28833008,1745.14819336,121.14013671999987,4.723514873756215,5.801286422516191,16.62552871116361,11.76067593098876,1.608,0.758,0.758,1.608,3.6,1.4,5.2,3.2,4.8,3.0,15.6,9.8,58.8,49.0,2.2,3.4,10.4,11.2,163.0,140.6
2024-09-15,Torino,Lecce,0,0,D,0,0,D,5,20,0,6,2,7,13,13,14:00,-0.5,1.83,2.07,1.84,2.05,1.91,3.56,5.2,1.84,3.4,4.8,1,3,0,0,1.8,3.5,4.75,1.82,3.4,4.75,,,,1.84,3.34,5.07,2.3,1.62,2.42,1.6,2.37,1.6,2024-25,Serie A,0.447368,1.6617,1754.2479248,1613.19934082,141.04858397999988,4.084083379850634,4.72031479219725,11.93082542071287,11.882508590500043,0.702,0.652,0.652,0.702,1.4,0.6,3.4,2.6,3.8,2.8,8.0,7.6,45.8,37.0,4.2,5.2,14.4,13.2,154.6,155.6
2024-09-15,Cagliari,Napoli,0,4,A,0,1,A,16,12,3,5,7,4,22,11,17:00,0.5,2.07,1.83,2.06,1.83,4.6,3.89,1.88,4.33,3.74,1.83,1,2,0,0,4.33,3.75,1.8,4.2,3.75,1.8,,,,4.43,3.73,1.83,1.89,2.01,1.88,1.99,1.86,1.97,2024-25,Serie A,0.881581,1.42805,1601.54296875,1772.47460938,-170.93164062999995,4.630668303901165,5.045459983751768,11.428642454781116,14.09799505124828,1.232,1.342,1.342,1.232,3.2,2.0,5.4,5.0,5.6,4.2,13.2,11.8,46.0,53.8,2.0,2.6,12.8,8.6,178.4,159.8
2024-09-15,Genoa,Roma,1,1,D,0,1,A,20,16,8,6,4,5,9,12,11:30,0.25,1.91,1.99,1.93,1.96,3.42,3.44,2.35,3.3,3.29,2.28,1,3,0,0,3.25,3.3,2.25,3.3,3.3,2.2,,,,3.37,3.28,2.29,2.2,1.67,2.22,1.7,2.19,1.69,2024-25,Serie A,1.59603,2.65805,1690.64916992,1793.26733398,-102.61816406000004,2.7261740418326834,3.5899509249340182,11.217700966833718,10.736699474283787,1.018,0.948,0.948,1.018,1.0,1.8,5.4,3.2,5.0,2.6,11.6,10.4,43.4,56.2,3.4,3.6,12.2,11.2,147.2,161.2
2024-09-15,Monza,Inter,1,1,D,0,0,D,5,16,2,2,1,8,11,19,19:45,1.25,1.99,1.91,1.97,1.92,8.0,5.1,1.46,7.54,4.87,1.41,1,2,0,0,8.0,4.75,1.4,7.25,4.8,1.42,,,,7.58,4.97,1.41,1.67,2.2,1.68,2.25,1.68,2.22,2024-25,Serie A,0.217777,1.8081,1656.68457031,,,4.946458499242187,4.113789427693526,12.544046316955738,14.01902368602032,1.188,2.082,2.082,1.188,1.6,3.6,5.2,4.6,6.8,6.0,16.2,14.0,50.6,66.4,4.4,1.8,13.2,9.4,171.0,164.333
2024-09-16,Parma,Udinese,2,3,A,2,0,H,9,18,3,6,5,6,8,18,17:30,-0.25,1.99,1.91,1.97,1.91,2.35,3.56,3.35,2.28,3.38,3.22,2,3,1,0,2.25,3.4,3.2,2.25,3.3,3.1,,,,2.29,3.36,3.29,2.04,1.86,2.02,1.86,2.0,1.83,2024-25,Serie A,,,,1680.51281738,,3.666666666666667,3.262977371299547,11.333333333333334,9.633407223938908,1.338,0.926,0.926,1.338,1.6,1.0,3.6,4.4,1.8,4.4,12.4,12.6,45.4,48.2,3.8,2.4,9.8,13.8,162.8,174.2
2024-09-16,Lazio,Verona,2,1,H,2,1,H,14,7,7,2,9,6,13,10,19:45,-0.75,1.82,2.08,1.8,2.1,1.67,4.1,6.0,1.62,3.93,5.71,2,2,0,0,1.62,3.8,6.0,1.63,3.8,5.5,,,,1.62,3.97,5.78,2.06,1.84,2.02,1.85,2.01,1.82,2024-25,Serie A,1.79243,0.533276,1774.09753418,1661.13208008,112.9654541,5.638480827884377,2.914910039954946,10.603487977757752,11.387091745894033,1.616,,,1.616,3.2,,3.6,,3.8,,14.2,,55.4,,1.2,,10.2,,159.4,
2024-09-20,Verona,Torino,2,3,A,1,2,A,8,16,2,3,5,6,10,8,19:45,0.0,1.94,1.99,1.94,1.98,3.0,3.11,2.92,2.8,3.01,2.84,3,1,1,0,2.7,3.0,2.8,2.75,2.95,2.8,,,,2.85,3.02,2.9,2.63,1.5,2.64,1.54,2.57,1.52,2024-25,Serie A,0.777792,1.96682,1655.125,1747.54431152,-92.41931152000006,4.43014782541826,3.542631688549483,10.475410807762604,9.722663774185092,,0.558,0.558,,,1.4,,4.0,,3.6,,9.2,,46.6,,2.0,,14.2,,167.8
2024-09-20,Cagliari,Empoli,0,2,A,0,1,A,21,9,2,4,10,4,15,21,17:30,-0.25,1.87,2.06,1.87,2.07,2.23,3.4,3.75,2.17,3.3,3.59,1,2,0,0,2.15,3.4,3.4,2.15,3.25,3.5,,,,2.17,3.35,3.72,2.2,1.67,2.24,1.72,2.2,1.69,2024-25,Serie A,1.68655,1.02688,1589.88134766,1654.08569336,-64.20434569999998,5.42044553593411,4.185337918483562,12.95242830318741,7.62424590358687,1.232,0.776,0.776,1.232,3.2,0.8,5.4,4.0,5.6,2.0,13.2,9.4,46.0,41.8,2.0,2.2,12.8,17.6,178.4,165.8
2024-09-21,Venezia,Genoa,2,0,H,0,0,D,12,9,4,0,3,4,9,12,14:00,0.25,1.86,2.07,1.86,2.05,3.28,3.42,2.45,3.17,3.23,2.37,2,3,0,0,3.25,3.2,2.35,3.0,3.25,2.37,,,,3.24,3.26,2.39,2.2,1.67,2.25,1.7,2.21,1.68,2024-25,Serie A,2.33503,0.388857,1553.64575195,1690.45727539,-136.81152343999997,3.989769065449023,2.656285778415149,11.655717498720108,9.385685019912671,1.622,1.07,1.07,1.622,2.8,1.4,4.6,4.2,3.4,4.8,13.2,10.8,50.2,44.4,2.8,3.2,9.6,12.0,162.0,144.0
2024-09-21,Juventus,Napoli,0,0,D,0,0,D,9,8,1,1,4,3,10,13,17:00,-0.25,1.94,1.99,1.93,1.97,2.29,3.48,3.55,2.22,3.29,3.44,1,0,0,0,2.2,3.4,3.3,2.15,3.3,3.5,,,,2.26,3.28,3.49,2.2,1.67,2.24,1.7,2.2,1.69,2024-25,Serie A,0.419301,0.233773,1835.07641602,1780.70849609,54.36791992999997,5.497827826687923,4.696973322501179,12.529080904613874,13.398663367498855,1.772,1.342,1.342,1.772,2.4,2.0,6.0,5.0,4.0,4.2,14.8,11.8,60.2,53.8,1.6,2.6,11.0,8.6,168.0,159.8
2024-09-21,Lecce,Parma,2,2,D,1,0,H,14,24,3,10,2,12,12,11,19:45,-0.25,1.93,2.0,1.93,1.98,2.25,3.66,3.5,2.2,3.47,3.32,4,0,1,1,2.2,3.5,3.25,2.25,3.4,3.1,,,,2.22,3.46,3.39,1.91,1.99,1.91,1.98,1.89,1.94,2024-25,Serie A,,,1616.47521973,,,5.609920970026359,4.0,15.459487021881683,13.0,1.398,0.686,0.686,1.398,1.8,1.2,3.4,3.8,4.6,1.2,12.8,9.0,48.0,39.0,2.4,3.0,11.6,7.4,148.8,174.6
2024-09-22,Roma,Udinese,3,0,H,1,0,H,14,9,6,3,2,1,15,11,17:00,-0.75,1.83,2.1,1.83,2.1,1.7,4.2,5.8,1.63,3.99,5.45,2,2,0,0,1.62,4.2,5.25,1.63,3.75,5.5,,,,1.63,4.07,5.59,2.05,1.85,2.02,1.87,2.01,1.83,2024-25,Serie A,2.5658,0.525078,1790.03137207,1685.6126709,104.41870117000008,6.739481580105219,4.175318247533031,16.86973392340357,12.422271482625938,1.926,0.926,0.926,1.926,2.8,1.0,4.4,4.4,4.8,4.4,14.2,12.6,55.6,48.2,2.2,2.4,11.8,13.8,150.4,174.2
2024-09-22,Inter,Milan,1,2,A,1,1,D,13,16,4,8,6,2,13,4,19:45,-0.75,1.85,2.08,1.84,2.08,1.71,4.25,5.3,1.66,4.08,5.02,4,1,0,0,1.65,4.0,5.25,1.66,4.0,5.0,,,,1.66,4.11,5.25,1.67,2.2,1.66,2.31,1.65,2.26,2024-25,Serie A,,,,1808.62548828,,6.284581903569743,6.940953543422713,14.47161583535664,13.879995549150207,2.05,1.56,1.56,2.05,4.0,3.0,8.6,4.2,5.8,2.8,17.0,11.8,55.4,53.4,1.8,3.0,12.4,12.6,166.0,184.4
2024-09-22,Monza,Bologna,1,2,A,1,1,D,6,15,3,8,2,2,20,16,14:00,0.25,1.84,2.09,1.84,2.08,3.3,3.38,2.44,3.19,3.19,2.39,3,2,0,0,3.3,3.1,2.4,3.1,3.2,2.35,,,,3.21,3.23,2.43,2.3,1.62,2.33,1.65,2.28,1.64,2024-25,Serie A,0.707402,1.45302,1661.31872559,1755.67907715,-94.36035156000004,3.630972332828125,3.9315903799587297,10.029364211303823,11.421210802860251,1.188,1.026,1.026,1.188,1.6,1.4,5.2,1.8,6.8,2.4,16.2,9.4,50.6,47.6,4.4,1.6,13.2,16.8,171.0,155.2
2024-09-22,Fiorentina,Lazio,2,1,H,0,1,A,14,20,5,6,3,10,11,15,11:30,-0.25,2.02,1.91,2.0,1.91,2.36,3.54,3.3,2.3,3.39,3.16,3,4,0,0,2.25,3.4,3.2,2.25,3.3,3.1,,,,2.32,3.43,3.23,2.06,1.84,2.06,1.84,2.04,1.81,2024-25,Serie A,2.85634,1.14467,1739.48571777,1776.67687988,-37.19116210999982,6.441254462357059,6.74413760387252,15.003162822711724,12.449404541996277,1.792,1.91,1.91,1.792,2.8,3.0,6.2,5.8,3.8,4.4,13.0,14.2,45.6,54.6,2.0,1.2,8.8,13.0,149.2,166.4
2024-09-24,Atalanta,Como,2,3,A,1,0,H,8,14,5,7,6,2,12,17,19:45,-1.25,2.0,1.81,2.09,1.83,1.52,4.82,7.0,1.47,4.64,6.6,1,3,0,0,1.44,4.5,7.0,1.44,4.6,6.75,,,,1.5,4.69,6.4,1.67,2.2,1.66,2.31,1.64,2.27,2024-25,Serie A,1.31694,0.579703,1868.74499512,,,4.48234324917081,3.3333333333333335,15.417019140775745,10.333333333333334,1.608,0.93,0.93,1.608,3.6,0.8,5.2,4.8,4.8,2.4,15.6,13.6,58.8,57.8,2.2,2.4,10.4,12.2,163.0,161.4
2024-09-27,Milan,Lecce,3,0,H,3,0,H,15,16,6,7,4,7,5,8,19:45,-1.5,1.95,1.95,1.97,1.95,1.35,5.87,9.55,1.33,5.58,8.96,1,1,1,0,1.33,5.75,8.0,1.35,5.5,8.0,,,,1.33,5.73,9.55,1.5,2.63,1.54,2.61,1.52,2.52,2024-25,Serie A,,,1823.25891113,1615.66162109,207.59729003999996,7.706810808661801,5.480209861464834,17.272849340996245,14.588339060333364,1.256,0.652,0.652,1.256,1.0,0.6,5.8,2.6,4.6,2.8,16.4,7.6,52.6,37.0,1.6,5.2,12.6,13.2,163.8,155.6
2024-09-28,Udinese,Inter,2,3,A,1,2,A,10,16,3,7,7,3,13,6,14:00,1.0,2.09,1.81,2.12,1.79,7.3,4.66,1.53,6.73,4.45,1.5,1,0,0,0,7.0,4.33,1.48,6.25,4.33,1.51,,,,7.07,4.52,1.48,1.73,2.1,1.77,2.12,1.76,2.1,2024-25,Serie A,0.984798,2.30465,1679.58312988,,,4.350733575572388,5.409192951795684,9.325484637320605,14.679349124013548,0.864,2.082,2.082,0.864,1.2,3.6,5.0,4.6,3.2,6.0,9.0,14.0,44.4,66.4,2.6,1.8,14.0,9.4,157.4,164.333
2024-09-28,Genoa,Juventus,0,3,A,0,0,D,7,12,2,3,5,3,8,14,17:00,0.75,1.95,1.95,1.93,1.98,5.9,3.71,1.78,5.47,3.58,1.72,2,1,0,0,5.5,3.5,1.7,5.25,3.5,1.7,,,,5.56,3.6,1.73,2.3,1.62,2.4,1.62,2.35,1.61,2024-25,Serie A,0.385259,2.91803,1677.25744629,1833.94689941,-156.68945312000005,3.1507826945551223,4.332750105739751,14.145133977889143,12.04451173015752,1.018,1.394,1.394,1.018,1.0,2.4,5.4,5.2,5.0,2.6,11.6,11.6,43.4,57.6,3.4,3.4,12.2,12.8,147.2,150.0
2024-09-28,Bologna,Atalanta,1,1,D,0,0,D,5,23,1,5,2,9,16,12,19:45,0.25,1.81,2.09,1.78,2.15,3.1,3.56,2.54,2.97,3.33,2.46,3,3,1,0,3.0,3.3,2.4,2.85,3.3,2.45,,,,3.03,3.28,2.52,2.02,1.88,2.05,1.85,1.99,1.85,2024-25,Serie A,0.176428,2.47751,1764.26269531,1854.48522949,-90.22253417999993,6.444222206529549,4.746469652915203,15.683658241060908,14.76587909626473,2.048,1.924,1.924,2.048,4.6,4.8,5.2,4.8,6.2,6.4,17.8,14.2,61.6,54.6,1.8,3.6,12.2,10.0,177.0,164.2
2024-09-29,Torino,Lazio,2,3,A,0,1,A,12,13,7,7,3,1,10,13,11:30,0.0,2.06,1.84,2.06,1.85,2.98,3.4,2.65,2.9,3.21,2.58,2,3,0,0,2.9,3.1,2.55,2.85,3.2,2.55,,,,2.91,3.24,2.63,2.2,1.67,2.25,1.7,2.22,1.68,2024-25,Serie A,0.494815,2.24735,1756.27050781,1778.87097168,-22.600463869999885,3.389388919900423,7.829425069248347,9.620550280475246,14.966269694664184,0.702,1.91,1.91,0.702,1.4,3.0,3.4,5.8,3.8,4.4,8.0,14.2,45.8,54.6,4.2,1.2,14.4,13.0,154.6,166.4
2024-09-29,Como,Verona,3,2,H,1,0,H,24,6,11,3,9,1,10,19,14:00,-0.25,1.83,2.07,1.84,2.08,2.2,3.54,3.73,2.14,3.38,3.58,2,5,0,1,2.1,3.4,3.6,2.15,3.3,3.5,,,,2.13,3.39,3.7,2.1,1.73,2.17,1.74,2.14,1.73,2024-25,Serie A,2.47493,1.5544,,1649.72387695,,4.0,3.943273359969964,14.0,9.924727830596025,1.348,,,1.348,2.0,,5.4,,4.6,,14.8,,51.4,,1.8,,14.2,,205.6,
2024-09-29,Roma,Venezia,2,1,H,0,1,A,22,18,5,7,6,3,8,13,14:00,-1.25,1.92,1.98,1.94,1.96,1.45,5.1,8.2,1.41,4.84,7.69,1,2,0,0,1.4,4.75,8.0,1.41,4.75,7.5,,,,1.41,4.89,7.88,1.73,2.1,1.75,2.15,1.73,2.15,2024-25,Serie A,1.99001,2.02845,1796.20275879,1570.1706543,226.0321044899999,5.159654386736813,2.2578169624546285,15.913155948935714,7.256089877178502,1.926,0.558,0.558,1.926,2.8,1.4,4.4,2.8,4.8,3.0,14.2,6.0,55.6,40.0,2.2,5.0,11.8,13.2,150.4,149.6
2024-09-29,Empoli,Fiorentina,0,0,D,0,0,D,8,13,1,0,2,4,15,12,17:00,0.25,1.95,1.95,1.96,1.94,3.56,3.47,2.28,3.43,3.29,2.23,0,1,0,0,3.4,3.3,2.2,3.4,3.3,2.2,,,,3.48,3.27,2.27,2.2,1.67,2.26,1.69,2.2,1.69,2024-25,Serie A,0.44778,1.25438,1666.68933105,1748.93225098,-82.24291992999997,4.466380536508989,4.534190948344128,9.554019823319418,12.173783953992508,0.584,0.758,0.758,0.584,0.8,1.4,4.8,3.2,2.2,3.0,8.2,9.8,42.2,49.0,2.6,3.4,12.0,11.2,191.6,140.6
2024-09-29,Napoli,Monza,2,0,H,2,0,H,11,5,2,1,1,3,16,8,19:45,-1.25,1.78,2.03,1.81,2.08,1.39,5.4,9.8,1.36,5.06,8.99,1,2,0,0,1.36,5.0,8.5,1.37,5.0,8.25,,,,1.36,5.16,9.29,1.73,2.1,1.78,2.12,1.75,2.1,2024-25,Serie A,1.35886,0.298287,1785.16308594,1656.06018066,129.10290527999996,6.57875042675284,2.0213894517693287,22.77375029064398,6.159173116614756,1.476,1.126,1.126,1.476,2.6,2.4,9.6,4.2,5.0,3.8,17.6,8.2,60.4,49.6,1.2,2.2,11.4,14.4,150.8,167.0
2024-09-30,Parma,Cagliari,2,3,A,0,1,A,18,11,4,4,5,3,10,16,19:45,-0.25,1.86,2.04,1.86,2.05,2.17,3.78,3.5,2.11,3.64,3.38,3,2,0,0,2.1,3.6,3.4,2.1,3.5,3.3,,,,2.13,3.62,3.45,1.73,2.1,1.77,2.14,1.76,2.09,2024-25,Serie A,,,,1580.6027832,,4.111111111111112,6.138824821422382,10.555555555555555,14.931756251187688,1.338,1.308,1.308,1.338,1.6,2.0,3.6,5.4,1.8,4.4,12.4,9.6,45.4,49.8,3.8,2.8,9.8,12.8,162.8,154.6
2024-10-04,Verona,Venezia,2,1,H,1,1,D,13,11,4,2,13,6,10,7,19:45,-0.25,2.1,1.7,2.15,1.81,2.55,3.31,3.19,2.48,3.19,3.06,3,0,0,0,2.5,3.2,2.9,2.45,3.2,3.0,,,,2.52,3.18,3.16,2.1,1.73,2.21,1.74,2.16,1.72,2024-25,Serie A,2.10738,1.43755,1642.18432617,1569.47705078,72.70727539000018,4.62009855027884,2.505211308303086,9.650273871841735,10.837393251452337,,0.558,0.558,,,1.4,,2.8,,3.0,,6.0,,40.0,,5.0,,13.2,,149.6
2024-10-04,Napoli,Como,3,1,H,1,1,D,9,11,6,2,4,1,7,10,17:30,-1.25,2.04,1.86,2.06,1.87,1.47,4.97,8.0,1.45,4.58,7.38,1,1,0,0,1.45,4.33,7.0,1.44,4.6,7.0,,,,1.46,4.58,7.73,1.73,2.1,1.81,2.08,1.77,2.09,2024-25,Serie A,1.91407,0.638474,1792.59350586,,,4.71916695116856,2.8888888888888893,18.849166860429325,11.555555555555555,1.476,0.93,0.93,1.476,2.6,0.8,9.6,4.8,5.0,2.4,17.6,13.6,60.4,57.8,1.2,2.4,11.4,12.2,150.8,161.4
2024-10-05,Udinese,Lecce,1,0,H,0,0,D,13,9,4,3,5,0,12,16,14:00,-0.25,1.95,1.95,1.96,1.94,2.3,3.48,3.55,2.24,3.3,3.39,2,2,0,0,2.2,3.3,3.3,2.2,3.25,3.3,,,,2.3,3.22,3.47,2.1,1.73,2.22,1.71,2.15,1.72,2024-25,Serie A,1.56312,0.645952,1678.27416992,1612.75427246,65.51989746000004,5.233822383714925,5.98680657430989,9.55032309154707,15.058892706888912,0.864,0.652,0.652,0.864,1.2,0.6,5.0,2.6,3.2,2.8,9.0,7.6,44.4,37.0,2.6,5.2,14.0,13.2,157.4,155.6
2024-10-05,Atalanta,Genoa,5,1,H,1,0,H,23,7,8,2,4,2,9,15,17:00,-1.25,2.07,1.83,2.08,1.84,1.51,4.75,7.5,1.47,4.53,6.9,0,0,0,0,1.45,4.75,6.5,1.47,4.4,6.75,,,,1.47,4.63,7.16,1.8,2.0,1.81,2.07,1.8,2.04,2024-25,Serie A,4.0137,0.543171,1861.17150879,1669.53820801,191.6333007799999,4.988228832780541,3.1041905189434327,12.944679427183829,9.257123346608449,1.608,1.07,1.07,1.608,3.6,1.4,5.2,4.2,4.8,4.8,15.6,10.8,58.8,44.4,2.2,3.2,10.4,12.0,163.0,144.0
2024-10-05,Inter,Torino,3,2,H,2,1,H,29,7,8,5,14,0,6,9,19:45,-1.5,1.95,1.95,1.96,1.94,1.35,5.77,11.0,1.32,5.42,9.86,1,2,0,1,1.3,5.0,11.0,1.35,5.0,8.75,,,,1.32,5.52,9.87,1.67,2.2,1.69,2.25,1.69,2.21,2024-25,Serie A,3.44641,1.29026,,1749.20239258,,6.189721269046496,4.361754459032989,13.981077223571097,11.815109182790062,2.05,0.558,0.558,2.05,4.0,1.4,8.6,4.0,5.8,3.6,17.0,9.2,55.4,46.6,1.8,2.0,12.4,14.2,166.0,167.8
2024-10-06,Juventus,Cagliari,1,1,D,1,0,H,21,9,9,2,8,3,13,10,11:30,-1.25,1.9,2.0,1.91,2.0,1.42,5.0,10.0,1.38,4.82,9.07,5,2,1,0,1.38,5.0,8.0,1.38,4.75,8.5,,,,1.38,4.94,9.15,1.99,1.91,1.98,1.91,1.95,1.88,2024-25,Serie A,3.21709,1.045,1855.86633301,1591.55908203,264.30725098000016,4.998551884458616,5.092549880948256,11.352720603075918,13.621170834125126,1.772,1.308,1.308,1.772,2.4,2.0,6.0,5.4,4.0,4.4,14.8,9.6,60.2,49.8,1.6,2.8,11.0,12.8,168.0,154.6
2024-10-06,Bologna,Parma,0,0,D,0,0,D,19,13,3,2,13,6,15,16,14:00,-0.5,1.85,2.05,1.88,2.04,1.89,3.93,4.5,1.84,3.76,4.24,1,0,0,1,1.8,3.7,4.33,1.77,3.8,4.33,,,,1.87,3.8,4.23,1.87,2.03,1.86,2.03,1.84,2.0,2024-25,Serie A,,,1763.43823242,,,4.962814804353034,6.666666666666667,12.12243882737394,16.666666666666668,2.048,0.686,0.686,2.048,4.6,1.2,5.2,3.8,6.2,1.2,17.8,9.0,61.6,39.0,1.8,3.0,12.2,7.4,177.0,174.6
2024-10-06,Lazio,Empoli,2,1,H,1,1,D,16,7,6,2,5,3,10,17,14:00,-1.0,2.04,1.86,2.05,1.86,1.64,4.2,6.5,1.58,4.04,6.1,2,4,0,0,1.57,4.0,6.0,1.55,4.0,6.0,,,,1.59,3.99,6.38,2.02,1.88,2.02,1.88,2.0,1.84,2024-25,Serie A,2.0459,0.912844,1796.70996094,1669.54174805,127.16821288999996,6.758987218589585,4.123558612322375,11.735658651838502,8.082830602391248,1.616,0.776,0.776,1.616,3.2,0.8,3.6,4.0,3.8,2.0,14.2,9.4,55.4,41.8,1.2,2.2,10.2,17.6,159.4,165.8
2024-10-06,Monza,Roma,1,1,D,0,0,D,3,15,3,4,1,3,16,13,17:00,0.5,1.87,1.91,1.92,1.99,4.34,3.55,2.01,4.15,3.41,1.96,3,1,0,0,4.2,3.4,1.91,4.1,3.3,1.95,,,,4.29,3.38,1.98,2.1,1.73,2.22,1.71,2.16,1.71,2024-25,Serie A,1.11968,1.47893,1652.13500977,1787.15551758,-135.02050781000003,3.0873148885520836,4.059967283289346,8.686242807535884,12.49113298285586,1.188,0.948,0.948,1.188,1.6,1.8,5.2,3.2,6.8,2.6,16.2,10.4,50.6,56.2,4.4,3.6,13.2,11.2,171.0,161.2
2024-10-06,Fiorentina,Milan,2,1,H,1,0,H,12,16,3,8,0,7,11,21,19:45,0.25,1.98,1.92,1.99,1.92,3.4,3.67,2.27,3.23,3.55,2.2,2,3,0,1,3.1,3.6,2.2,3.1,3.5,2.2,,,,3.35,3.55,2.21,1.73,2.1,1.75,2.17,1.73,2.13,2024-25,Serie A,,,1749.81665039,1826.27441406,-76.45776367000008,5.294169641571373,5.293969028948476,14.66877521514115,14.586663699433473,1.792,1.56,1.56,1.792,2.8,3.0,6.2,4.2,3.8,2.8,13.0,11.8,45.6,53.4,2.0,3.0,8.8,12.6,149.2,184.4
2024-10-19,Como,Parma,1,1,D,1,1,D,11,9,3,3,7,4,14,10,14:00,-0.5,1.94,1.84,2.03,1.88,2.05,3.85,3.9,2.0,3.72,3.64,1,2,0,0,1.95,3.6,3.8,1.93,3.75,3.6,,,,2.02,3.72,3.71,1.67,2.2,1.65,2.33,1.65,2.27,2024-25,Serie A,,,,,,5.666666666666667,6.4444444444444455,17.333333333333336,15.444444444444446,1.348,0.686,0.686,1.348,2.0,1.2,5.4,3.8,4.6,1.2,14.8,9.0,51.4,39.0,1.8,3.0,14.2,7.4,205.6,174.6
2024-10-19,Genoa,Bologna,2,2,D,0,1,A,10,12,4,7,1,7,20,12,14:00,0.25,2.05,1.85,2.05,1.86,3.95,3.33,2.26,3.74,3.15,2.18,2,0,0,0,3.75,3.1,2.15,3.6,3.1,2.15,,,,3.85,3.16,2.19,2.3,1.62,2.35,1.64,2.33,1.62,2024-25,Serie A,0.450285,1.15682,1663.70910645,1757.47924805,-93.7701416,3.767188463036749,3.287726919972487,11.7634226519261,12.61414053524017,1.018,1.026,1.026,1.018,1.0,1.4,5.4,1.8,5.0,2.4,11.6,9.4,43.4,47.6,3.4,1.6,12.2,16.8,147.2,155.2
2024-10-19,Milan,Udinese,1,0,H,1,0,H,10,13,5,1,8,4,3,14,17:00,-1.25,1.85,2.05,1.84,2.08,1.43,5.3,9.0,1.39,5.07,8.0,2,3,1,0,1.38,4.75,8.5,1.39,5.0,7.5,,,,1.38,5.23,8.24,1.57,2.38,1.6,2.45,1.59,2.39,2024-25,Serie A,,,1817.4095459,1683.6986084,133.7109375,6.471207205774534,3.116878831688688,16.5152328939975,11.281514321750626,1.256,0.926,0.926,1.256,1.0,1.0,5.8,4.4,4.6,4.4,16.4,12.6,52.6,48.2,1.6,2.4,12.6,13.8,163.8,174.2
2024-10-19,Juventus,Lazio,1,0,H,0,0,D,16,2,3,1,7,1,16,9,19:45,-0.5,2.06,1.84,2.06,1.85,2.11,3.44,4.17,2.05,3.31,3.94,4,2,0,1,2.05,3.3,3.8,2.05,3.25,3.8,,,,2.05,3.34,4.05,2.2,1.67,2.27,1.68,2.22,1.68,2024-25,Serie A,1.49305,0.0648311,1848.74035645,1800.80310059,47.93725586000005,5.999034589639077,5.552950046165565,14.568480402050612,14.310846463109456,1.772,1.91,1.91,1.772,2.4,3.0,6.0,5.8,4.0,4.4,14.8,14.2,60.2,54.6,1.6,1.2,11.0,13.0,168.0,166.4
2024-10-20,Cagliari,Torino,3,2,H,1,1,D,18,17,5,5,9,12,9,8,17:00,0.0,1.99,1.91,2.0,1.91,2.89,3.33,2.73,2.8,3.19,2.66,1,3,0,0,2.8,3.1,2.7,2.75,3.25,2.6,,,,2.85,3.18,2.72,2.1,1.73,2.15,1.76,2.12,1.74,2024-25,Serie A,1.51181,1.23394,1598.68505859,1746.46020508,-147.77514649,6.9469636906227406,2.9078363060219927,15.63495220212494,10.210072788526707,1.232,0.558,0.558,1.232,3.2,1.4,5.4,4.0,5.6,3.6,13.2,9.2,46.0,46.6,2.0,2.0,12.8,14.2,178.4,167.8
2024-10-20,Lecce,Fiorentina,0,6,A,0,3,A,5,19,2,11,1,3,8,14,14:00,0.25,1.8,1.98,1.89,2.02,3.33,3.44,2.42,3.16,3.29,2.35,0,5,1,0,3.2,3.3,2.3,2.95,3.25,2.4,,,,3.3,3.27,2.35,2.04,1.86,2.05,1.85,2.02,1.82,2024-25,Serie A,0.223823,2.21676,1607.32983398,1758.68151855,-151.35168456999986,4.406613980017573,4.3561272988960855,14.972991347921123,12.449189302661672,1.398,0.758,0.758,1.398,1.8,1.4,3.4,3.2,4.6,3.0,12.8,9.8,48.0,49.0,2.4,3.4,11.6,11.2,148.8,140.6
2024-10-20,Venezia,Atalanta,0,2,A,0,1,A,12,16,4,7,2,5,12,6,14:00,0.75,2.01,1.77,2.1,1.8,5.5,4.29,1.68,5.22,4.11,1.63,1,1,0,0,5.5,4.0,1.62,5.0,4.0,1.65,,,,5.4,4.18,1.63,1.73,2.1,1.75,2.15,1.74,2.12,2024-25,Serie A,0.881872,1.83371,1564.32836914,1867.00048828,-302.67211913999995,3.6598460436326823,6.164313101943469,11.770478332480073,17.510586064176486,1.622,1.924,1.924,1.622,2.8,4.8,4.6,4.8,3.4,6.4,13.2,14.2,50.2,54.6,2.8,3.6,9.6,10.0,162.0,164.2
2024-10-20,Empoli,Napoli,0,1,A,0,0,D,11,9,4,1,7,7,14,13,11:30,0.75,2.01,1.89,2.01,1.89,6.0,3.96,1.72,5.5,3.75,1.67,2,2,0,0,6.0,3.5,1.67,5.25,3.8,1.66,,,,5.58,3.79,1.68,2.1,1.73,2.11,1.78,2.07,1.77,2024-25,Serie A,1.00465,1.31758,1665.44848633,1796.08740234,-130.63891601,3.644253691005993,4.13131554833412,9.03601321554628,11.599108911665905,0.584,1.342,1.342,0.584,0.8,2.0,4.8,5.0,2.2,4.2,8.2,11.8,42.2,53.8,2.6,2.6,12.0,8.6,191.6,159.8
2024-10-20,Roma,Inter,0,1,A,0,0,D,14,11,3,6,3,3,12,13,19:45,0.5,2.06,1.84,2.07,1.84,4.45,3.96,1.87,4.2,3.8,1.83,2,3,0,0,4.2,3.7,1.85,4.1,3.75,1.83,,,,4.31,3.86,1.83,1.73,2.1,1.78,2.13,1.74,2.1,2024-25,Serie A,0.78742,0.796917,1784.64147949,,,5.439769591157876,4.606128634530457,17.942103965957145,15.1195660826757,1.926,2.082,2.082,1.926,2.8,3.6,4.4,4.6,4.8,6.0,14.2,14.0,55.6,66.4,2.2,1.8,11.8,9.4,150.4,164.333
2024-10-21,Verona,Monza,0,3,A,0,1,A,16,10,4,4,9,6,8,13,19:45,-0.25,1.99,1.91,2.01,1.9,2.45,3.2,3.61,2.35,3.03,3.44,3,2,0,0,2.3,3.0,3.5,2.3,3.2,3.25,,,,2.38,3.01,3.56,2.3,1.62,2.36,1.64,2.3,1.63,2024-25,Serie A,0.81446,1.56377,1647.33312988,1654.64916992,-7.316040040000189,7.413399033519227,2.3475929678462193,10.766849247894491,5.772782077743171,,1.126,1.126,,,2.4,,4.2,,3.8,,8.2,,49.6,,2.2,,14.4,,167.0
2024-10-25,Udinese,Cagliari,2,0,H,1,0,H,13,3,4,0,2,4,13,9,17:30,-0.25,1.95,1.98,1.95,1.97,2.31,3.32,3.61,2.26,3.19,3.49,2,3,0,1,2.2,3.3,3.3,2.25,3.1,3.4,,,,2.29,3.21,3.58,2.1,1.73,2.15,1.77,2.1,1.76,2024-25,Serie A,1.12881,0.160634,1678.37109375,1608.18811035,70.18298340000001,5.155881589143283,4.395033253965504,10.700215394364712,12.080780556083418,0.864,1.308,1.308,0.864,1.2,2.0,5.0,5.4,3.2,4.4,9.0,9.6,44.4,49.8,2.6,2.8,14.0,12.8,157.4,154.6
2024-10-25,Torino,Como,1,0,H,0,0,D,8,20,2,6,1,3,13,12,19:45,0.0,1.88,2.05,1.88,2.05,2.8,3.15,3.02,2.7,3.03,2.93,3,3,0,0,2.63,3.0,2.9,2.6,3.0,2.87,,,,2.75,3.03,3.0,2.2,1.67,2.33,1.67,2.25,1.67,2024-25,Serie A,1.56007,1.59554,1734.04699707,,,3.259592613266949,2.25925925925926,10.413700186983498,11.370370370370372,0.702,0.93,0.93,0.702,1.4,0.8,3.4,4.8,3.8,2.4,8.0,13.6,45.8,57.8,4.2,2.4,14.4,12.2,154.6,161.4
2024-10-26,Napoli,Lecce,1,0,H,0,0,D,24,11,8,2,16,5,13,7,14:00,-1.5,1.88,2.02,1.93,1.97,1.32,6.0,12.0,1.29,5.62,10.86,3,2,0,0,1.25,6.0,12.0,1.31,5.5,9.75,,,,1.29,5.73,11.33,1.73,2.1,1.78,2.11,1.74,2.12,2024-25,Serie A,2.53236,0.57038,1800.50305176,1592.57226562,207.93078614,4.479444634112374,3.991204382873261,15.566111240286215,13.03926180459261,1.476,0.652,0.652,1.476,2.6,0.6,9.6,2.6,5.0,2.8,17.6,7.6,60.4,37.0,1.2,5.2,11.4,13.2,150.8,155.6
2024-10-26,Atalanta,Verona,6,1,H,5,1,H,19,4,10,2,4,2,3,15,19:45,-1.25,1.87,2.03,1.87,2.04,1.45,5.4,8.0,1.4,5.06,7.57,0,1,0,0,1.38,4.75,8.0,1.39,5.0,7.25,,,,1.4,5.17,7.65,1.53,2.5,1.54,2.59,1.52,2.52,2024-25,Serie A,3.84122,0.22446,1862.15783691,1630.33862305,231.81921386,4.658819221853694,2.9621822399799767,16.296452951455887,8.61648522039735,1.608,,,1.608,3.6,,5.2,,4.8,,15.6,,58.8,,2.2,,10.4,,163.0,
2024-10-27,Parma,Empoli,1,1,D,0,1,A,17,6,4,2,9,3,12,17,11:30,-0.25,1.89,2.01,1.89,2.02,2.25,3.53,3.55,2.19,3.42,3.4,4,5,0,0,2.15,3.3,3.5,2.2,3.4,3.25,,,,2.19,3.45,3.49,2.0,1.9,1.99,1.9,1.96,1.87,2024-25,Serie A,,,,1658.12280273,,4.407407407407408,3.749039074881584,13.037037037037038,7.721887068260832,1.338,0.776,0.776,1.338,1.6,0.8,3.6,4.0,1.8,2.0,12.4,9.4,45.4,41.8,3.8,2.2,9.8,17.6,162.8,165.8
2024-10-27,Lazio,Genoa,3,0,H,1,0,H,18,6,4,2,7,4,12,6,14:00,-1.0,1.9,2.0,1.89,2.01,1.58,4.46,7.0,1.53,4.26,6.31,3,1,0,0,1.53,4.2,6.25,1.53,4.1,6.0,,,,1.52,4.36,6.57,1.88,2.02,1.87,2.03,1.84,2.0,2024-25,Serie A,2.9799,0.261739,1801.7097168,1663.68444824,138.0252685600001,6.172658145726391,2.7361270126289554,13.157105767892336,8.504748897738967,1.616,1.07,1.07,1.616,3.2,1.4,3.6,4.2,3.8,4.8,14.2,10.8,55.4,44.4,1.2,3.2,10.2,12.0,159.4,144.0
2024-10-27,Monza,Venezia,2,2,D,2,2,D,13,6,2,2,4,3,17,16,14:00,-0.25,1.86,2.04,1.87,2.04,2.24,3.35,3.75,2.17,3.23,3.61,4,2,1,0,2.15,3.25,3.6,2.15,3.2,3.5,,,,2.19,3.24,3.74,2.2,1.67,2.31,1.66,2.26,1.65,2024-25,Serie A,0.903007,0.459902,1668.73352051,1559.34509277,109.38842774,2.391543259034723,3.670140872202057,6.790828538357256,10.891595500968224,1.188,0.558,0.558,1.188,1.6,1.4,5.2,2.8,6.8,3.0,16.2,6.0,50.6,40.0,4.4,5.0,13.2,13.2,171.0,149.6
2024-10-27,Inter,Juventus,4,4,D,3,2,H,18,10,9,5,13,5,11,16,17:00,-0.75,2.03,1.87,2.01,1.89,1.82,3.64,5.4,1.77,3.51,5.04,2,1,0,0,1.72,3.5,5.0,1.77,3.5,5.0,,,,1.76,3.58,5.3,2.2,1.67,2.24,1.7,2.2,1.69,2024-25,Serie A,2.82542,2.36179,,1841.35510254,,8.793147512697665,3.888500070493168,18.987384815714066,12.02967448677168,2.05,1.394,1.394,2.05,4.0,2.4,8.6,5.2,5.8,2.6,17.0,11.6,55.4,57.6,1.8,3.4,12.4,12.8,166.0,150.0
2024-10-27,Fiorentina,Roma,5,1,H,3,1,H,21,14,10,5,6,2,13,11,19:45,0.0,1.85,2.05,1.83,2.08,2.69,3.4,2.95,2.58,3.27,2.83,2,5,0,1,2.55,3.4,2.75,2.5,3.3,2.75,,,,2.6,3.24,2.95,2.07,1.83,2.07,1.83,2.04,1.8,2024-25,Serie A,4.56893,0.657353,1774.75085449,1780.37097168,-5.620117189999974,3.529446427714249,3.706644855526231,13.779183476760767,13.327421988570574,1.792,0.948,0.948,1.792,2.8,1.8,6.2,3.2,3.8,2.6,13.0,10.4,45.6,56.2,2.0,3.6,8.8,11.2,149.2,161.2
2024-10-29,Milan,Napoli,0,2,A,0,2,A,13,9,5,4,5,1,14,6,19:45,0.0,1.83,2.07,1.86,2.07,2.59,3.6,2.93,2.51,3.39,2.86,0,1,0,0,2.45,3.4,2.8,2.45,3.3,2.85,,,,2.59,3.4,2.88,1.95,1.95,1.95,1.95,1.91,1.93,2024-25,Serie A,,,1824.44030762,1803.30859375,21.131713870000112,6.98080480384969,5.087543698889414,14.343488595998334,10.732739274443936,1.256,1.342,1.342,1.256,1.0,2.0,5.8,5.0,4.6,4.2,16.4,11.8,52.6,53.8,1.6,2.6,12.6,8.6,163.8,159.8
2024-10-29,Lecce,Verona,1,0,H,0,0,D,14,7,6,1,3,4,14,21,17:30,-0.25,1.99,1.91,2.0,1.93,2.38,3.33,3.45,2.32,3.21,3.32,1,3,0,2,2.25,3.25,3.25,2.37,3.1,3.1,,,,2.34,3.25,3.41,2.2,1.67,2.29,1.68,2.24,1.67,2024-25,Serie A,1.35273,0.211464,1589.76660156,1625.0111084,-35.244506839999985,3.2710759866783823,2.6414548266533178,11.648660898614082,7.077656813598233,1.398,,,1.398,1.8,,3.4,,4.6,,12.8,,48.0,,2.4,,11.6,,148.8,
2024-10-29,Cagliari,Bologna,0,2,A,0,1,A,14,11,2,4,7,2,17,18,17:30,0.25,1.82,2.08,1.84,2.1,3.29,3.44,2.5,3.12,3.21,2.44,2,2,0,0,3.0,3.25,2.35,2.95,3.1,2.5,,,,3.25,3.19,2.46,2.1,1.73,2.2,1.74,2.16,1.72,2024-25,Serie A,1.18569,0.872307,1600.63500977,1748.33374023,-147.6987304600002,7.631309127081828,4.5251512799816584,16.423301468083295,12.409427023493448,1.232,1.026,1.026,1.232,3.2,1.4,5.4,1.8,5.6,2.4,13.2,9.4,46.0,47.6,2.0,1.6,12.8,16.8,178.4,155.2
2024-10-30,Empoli,Inter,0,3,A,0,0,D,6,15,1,5,1,4,12,13,17:30,1.25,1.85,2.05,1.87,2.04,7.8,4.8,1.49,7.35,4.56,1.45,1,1,1,0,7.5,4.33,1.44,7.0,4.6,1.43,,,,7.59,4.64,1.45,1.8,2.0,1.84,2.06,1.79,2.04,2024-25,Serie A,0.319674,1.68832,1657.0213623,,,4.762835794003996,4.070752423020305,9.690675477030856,13.746377388450467,0.584,2.082,2.082,0.584,0.8,3.6,4.8,4.6,2.2,6.0,8.2,14.0,42.2,66.4,2.6,1.8,12.0,9.4,191.6,164.333
2024-10-30,Venezia,Udinese,3,2,H,1,2,A,18,15,7,5,2,6,9,13,17:30,0.0,1.95,1.95,1.97,1.93,2.88,3.25,2.81,2.76,3.18,2.73,3,4,0,1,2.7,3.25,2.65,2.7,3.2,2.7,,,,2.82,3.16,2.77,2.2,1.67,2.22,1.71,2.17,1.71,2024-25,Serie A,2.55368,1.30701,1563.48510742,1685.92407227,-122.43896484999982,3.1065640290884553,3.411252554459126,11.846985554986716,11.854342881167083,1.622,0.926,0.926,1.622,2.8,1.0,4.6,4.4,3.4,4.4,13.2,12.6,50.2,48.2,2.8,2.4,9.6,13.8,162.0,174.2
2024-10-30,Atalanta,Monza,2,0,H,0,0,D,16,4,6,3,5,1,14,11,19:45,-1.5,1.92,1.98,1.91,1.99,1.33,5.94,11.0,1.31,5.53,9.78,2,3,0,0,1.3,5.0,10.0,1.32,5.5,9.0,,,,1.31,5.69,10.11,1.62,2.3,1.63,2.37,1.61,2.35,2024-25,Serie A,1.65221,0.0805941,1867.48522949,1664.59350586,202.8917236299999,4.43921281456913,3.565061978564146,17.197635300970592,7.1818547184954475,1.608,1.126,1.126,1.608,3.6,2.4,5.2,4.2,4.8,3.8,15.6,8.2,58.8,49.6,2.2,2.2,10.4,14.4,163.0,167.0
2024-10-30,Juventus,Parma,2,2,D,1,2,A,24,13,6,5,10,6,7,5,19:45,-1.25,1.91,1.99,1.93,1.98,1.44,5.2,8.3,1.4,4.9,7.87,2,0,0,0,1.4,4.75,8.0,1.38,5.0,7.75,,,,1.41,4.95,7.98,1.73,2.1,1.73,2.18,1.73,2.14,2024-25,Serie A,,,1845.85241699,,,6.332689726426052,5.629629629629631,15.045653601367077,13.2962962962963,1.772,0.686,0.686,1.772,2.4,1.2,6.0,3.8,4.0,1.2,14.8,9.0,60.2,39.0,1.6,3.0,11.0,7.4,168.0,174.6
2024-10-31,Genoa,Fiorentina,0,1,A,0,0,D,14,12,4,4,4,4,13,10,17:30,0.75,1.84,2.06,1.85,2.07,4.64,3.9,1.85,4.43,3.71,1.81,4,2,0,0,4.2,3.9,1.8,4.33,3.6,1.82,,,,4.64,3.74,1.81,2.02,1.88,1.98,1.91,1.98,1.85,2024-25,Serie A,0.848655,0.909048,1656.93896484,1788.93139648,-131.99243164000018,2.844792308691166,3.904084865930724,11.175615101284066,14.632792868441117,1.018,0.758,0.758,1.018,1.0,1.4,5.4,3.2,5.0,3.0,11.6,9.8,43.4,49.0,3.4,3.4,12.2,11.2,147.2,140.6
2024-10-31,Como,Lazio,1,5,A,0,2,A,14,14,2,7,3,5,14,18,19:45,0.0,2.1,1.8,2.13,1.8,2.98,3.56,2.54,2.9,3.34,2.48,2,5,1,1,2.88,3.3,2.45,2.8,3.3,2.5,,,,2.98,3.32,2.52,2.01,1.89,2.0,1.89,1.98,1.86,2024-25,Serie A,1.16312,2.96686,,1808.4552002,,6.111111111111112,4.0353000307770435,15.222222222222223,10.207230975406304,1.348,1.91,1.91,1.348,2.0,3.0,5.4,5.8,4.6,4.4,14.8,14.2,51.4,54.6,1.8,1.2,14.2,13.0,205.6,166.4
2024-10-31,Roma,Torino,1,0,H,1,0,H,10,4,3,2,3,5,11,15,19:45,-0.75,1.92,1.98,1.92,1.99,1.75,4.02,5.4,1.7,3.85,5.0,2,2,0,0,1.7,3.8,5.0,1.72,3.75,4.75,,,,1.69,3.88,5.28,1.99,1.91,1.97,1.92,1.95,1.88,2024-25,Serie A,0.436341,0.189286,1766.19030762,1737.41625977,28.774047850000215,4.626513060771917,5.938557537347995,16.628069310638097,12.473381859017806,1.926,0.558,0.558,1.926,2.8,1.4,4.4,4.0,4.8,3.6,14.2,9.2,55.6,46.6,2.2,2.0,11.8,14.2,150.4,167.8
2024-11-02,Bologna,Lecce,1,0,H,0,0,D,20,6,4,0,9,1,9,14,14:00,-0.75,1.85,2.05,1.87,2.01,1.76,3.87,6.5,1.66,3.69,5.87,2,2,0,0,1.62,3.5,6.5,1.63,3.7,5.75,,,,1.65,3.58,5.9,2.2,1.67,2.24,1.68,2.22,1.68,2024-25,Serie A,2.06051,0.771878,1756.14355469,1597.61877441,158.52478027999996,7.6418765362353565,4.327469588582174,14.414959218249294,12.359507869728407,2.048,0.652,0.652,2.048,4.6,0.6,5.2,2.6,6.2,2.8,17.8,7.6,61.6,37.0,1.8,5.2,12.2,13.2,177.0,155.6
2024-11-02,Udinese,Juventus,0,2,A,0,2,A,11,11,2,5,10,3,12,14,17:00,0.5,1.88,2.02,1.85,2.03,4.5,3.33,2.07,4.23,3.21,2.01,2,2,0,0,4.2,3.2,1.95,4.1,3.2,1.98,,,,4.24,3.14,2.01,2.3,1.62,2.37,1.61,2.35,1.61,2024-25,Serie A,0.573076,1.55533,1675.82885742,1838.68823242,-162.859375,4.103921059428856,4.259000046995445,11.46681026290981,11.353116324514456,0.864,1.394,1.394,0.864,1.2,2.4,5.0,5.2,3.2,2.6,9.0,11.6,44.4,57.6,2.6,3.4,14.0,12.8,157.4,150.0
2024-11-02,Monza,Milan,0,1,A,0,1,A,12,18,2,7,3,5,18,15,19:45,0.75,1.97,1.93,1.93,1.93,5.3,4.04,1.76,4.97,3.78,1.72,2,1,0,0,5.0,3.6,1.7,5.0,3.7,1.71,,,,4.96,3.75,1.71,1.9,2.0,1.91,1.94,1.88,1.96,2024-25,Serie A,,,1660.75012207,1810.71972656,-149.96960448999994,2.9276955060231487,5.862646019298984,8.860552358904837,15.057775799622316,1.188,1.56,1.56,1.188,1.6,3.0,5.2,4.2,6.8,2.8,16.2,11.8,50.6,53.4,4.4,3.0,13.2,12.6,171.0,184.4
2024-11-03,Inter,Venezia,1,0,H,0,0,D,20,7,8,2,9,3,14,15,19:45,-2.0,1.84,2.06,1.78,2.06,1.18,9.0,18.0,1.16,8.01,15.57,2,1,0,0,1.17,7.0,15.0,1.17,8.0,15.0,,,,1.15,8.29,14.32,1.44,2.75,1.39,2.96,1.4,2.89,2024-25,Serie A,3.34539,1.14021,,1573.58044434,,10.195431675131776,3.4467605814680384,18.65825654380938,9.26106366731215,2.05,0.558,0.558,2.05,4.0,1.4,8.6,2.8,5.8,3.0,17.0,6.0,55.4,40.0,1.8,5.0,12.4,13.2,166.0,149.6
2024-11-03,Verona,Roma,3,2,H,2,1,H,7,14,3,3,2,2,16,11,17:00,0.5,2.03,1.78,2.08,1.78,5.0,3.77,1.85,4.59,3.6,1.81,2,2,1,0,5.0,3.5,1.8,4.4,3.6,1.82,,,,4.69,3.58,1.78,2.04,1.86,1.98,1.86,1.98,1.85,2024-25,Serie A,1.51701,2.38413,1617.15893555,1772.50878906,-155.34985351,7.942266022346152,3.1377632370174875,12.51123283192966,13.55161465904705,,0.948,0.948,,,1.8,,3.2,,2.6,,10.4,,56.2,,3.6,,11.2,,161.2
2024-11-03,Napoli,Atalanta,0,3,A,0,2,A,13,12,3,3,4,3,10,8,11:30,-0.25,1.75,2.05,1.81,2.05,2.15,3.71,3.8,2.09,3.44,3.6,1,3,0,0,2.05,3.4,3.7,2.05,3.5,3.5,,,,2.11,3.31,3.64,1.92,1.98,1.93,1.91,1.89,1.94,2024-25,Serie A,0.611112,1.50982,1817.02905273,1871.32873535,-54.299682619999885,8.319629756074916,5.77620873462898,18.377407493524142,17.007057376117658,1.476,1.924,1.924,1.476,2.6,4.8,9.6,4.8,5.0,6.4,17.6,14.2,60.4,54.6,1.2,3.6,11.4,10.0,150.8,164.2
2024-11-03,Torino,Fiorentina,0,1,A,0,1,A,9,8,1,3,1,3,16,12,14:00,0.25,1.92,1.98,1.88,1.98,3.4,3.41,2.36,3.27,3.25,2.3,2,1,0,0,3.2,3.3,2.25,3.2,3.3,2.25,,,,3.33,3.15,2.32,2.1,1.73,2.09,1.76,2.1,1.75,2024-25,Serie A,0.590362,0.523302,1731.09790039,1794.70324707,-63.60534668000014,2.5063950755113,3.9360565772871494,9.609133457989,13.75519524562741,0.702,0.758,0.758,0.702,1.4,1.4,3.4,3.2,3.8,3.0,8.0,9.8,45.8,49.0,4.2,3.4,14.4,11.2,154.6,140.6
2024-11-04,Empoli,Como,1,0,H,0,0,D,9,12,4,2,3,6,17,9,17:30,0.0,1.95,1.95,1.91,1.94,2.8,3.35,2.84,2.74,3.16,2.72,1,0,0,0,2.7,3.1,2.63,2.75,3.2,2.6,,,,2.75,3.04,2.8,2.3,1.62,2.32,1.63,2.26,1.65,2024-25,Serie A,0.723897,0.41675,1652.45202637,,,3.5085571960026645,2.5061728395061733,8.46045031802057,14.246913580246916,0.584,0.93,0.93,0.584,0.8,0.8,4.8,4.8,2.2,2.4,8.2,13.6,42.2,57.8,2.6,2.4,12.0,12.2,191.6,161.4
2024-11-04,Parma,Genoa,0,1,A,0,0,D,13,15,0,7,3,7,5,18,17:30,-0.5,1.9,2.0,1.86,1.99,1.95,3.89,4.6,1.88,3.64,4.14,2,5,0,0,1.85,3.4,4.33,1.9,3.6,3.9,,,,1.85,3.55,4.31,1.85,2.05,1.81,2.02,1.82,2.01,2024-25,Serie A,,,,1651.16711426,,5.938271604938272,3.157418008419304,14.358024691358024,7.669832598492645,1.338,1.07,1.07,1.338,1.6,1.4,3.6,4.2,1.8,4.8,12.4,10.8,45.4,44.4,3.8,3.2,9.8,12.0,162.8,144.0
2024-11-04,Lazio,Cagliari,2,1,H,1,1,D,20,6,5,1,2,3,12,17,19:45,-1.0,1.88,2.02,1.86,2.0,1.56,4.6,7.5,1.51,4.23,6.56,3,8,0,2,1.5,3.75,7.5,1.52,4.2,6.5,,,,1.51,4.14,6.57,1.84,2.06,1.81,2.03,1.81,2.01,2024-25,Serie A,3.39964,0.274214,1815.30029297,1592.82507324,222.47521973000016,6.448438763817594,4.26335550264367,14.771403845261558,9.053853704055614,1.616,1.308,1.308,1.616,3.2,2.0,3.6,5.4,3.8,4.4,14.2,9.6,55.4,49.8,1.2,2.8,10.2,12.8,159.4,154.6
2024-11-07,Genoa,Como,1,1,D,0,1,A,8,18,4,8,8,5,17,15,19:45,0.0,2.1,1.8,2.14,1.74,3.17,3.3,2.58,3.04,3.14,2.48,4,3,0,0,2.88,3.3,2.45,2.95,3.2,2.45,,,,3.11,3.0,2.54,2.2,1.67,2.23,1.67,2.24,1.67,2024-25,Serie A,1.03893,1.37361,1667.03417969,,,3.229861539127444,3.670781893004116,12.11707673418938,13.497942386831278,1.018,0.93,0.93,1.018,1.0,0.8,5.4,4.8,5.0,2.4,11.6,13.6,43.4,57.8,3.4,2.4,12.2,12.2,147.2,161.4
2024-11-08,Lecce,Empoli,1,1,D,0,1,A,18,11,3,6,4,3,7,24,19:45,-0.25,2.07,1.86,2.08,1.85,2.53,3.0,3.53,2.44,2.93,3.4,0,3,0,0,2.4,3.0,3.3,2.4,2.95,3.3,,,,2.48,2.97,3.48,2.75,1.44,2.82,1.48,2.74,1.46,2024-25,Serie A,1.41905,0.610497,1598.67724609,1661.78601074,-63.10876465000001,3.1807173244522553,3.4993593832543897,12.432440599076056,7.1479247121738885,1.398,0.776,0.776,1.398,1.8,0.8,3.4,4.0,4.6,2.0,12.8,9.4,48.0,41.8,2.4,2.2,11.6,17.6,148.8,165.8
2024-11-09,Venezia,Parma,1,2,A,1,1,D,12,10,6,3,6,6,9,10,14:00,0.0,1.87,2.03,1.87,2.04,2.63,3.56,2.88,2.56,3.43,2.75,1,2,0,0,2.55,3.4,2.7,2.55,3.5,2.6,,,,2.61,3.33,2.85,1.67,2.2,1.72,2.21,1.69,2.2,2024-25,Serie A,,,1577.27929688,,,2.737709352725637,5.753086419753087,13.897990369991144,13.197530864197535,1.622,0.686,0.686,1.622,2.8,1.2,4.6,3.8,3.4,1.2,13.2,9.0,50.2,39.0,2.8,3.0,9.6,7.4,162.0,174.6
2024-11-09,Cagliari,Milan,3,3,D,1,2,A,16,13,7,6,6,3,7,11,17:00,1.0,1.86,2.04,1.85,2.07,5.7,4.35,1.67,5.31,4.14,1.61,0,2,0,0,5.5,4.1,1.6,5.0,4.1,1.63,,,,5.61,4.15,1.62,1.67,2.2,1.74,2.17,1.68,2.2,2024-25,Serie A,,,1594.92480469,1839.45556641,-244.5307617200001,7.420872751387885,5.575097346199323,15.61553431205553,16.038517199748213,1.232,1.56,1.56,1.232,3.2,3.0,5.4,4.2,5.6,2.8,13.2,11.8,46.0,53.4,2.0,3.0,12.8,12.6,178.4,184.4
2024-11-09,Juventus,Torino,2,0,H,1,0,H,13,6,4,1,5,5,7,14,19:45,-1.0,2.04,1.86,2.04,1.87,1.62,4.04,7.0,1.58,3.89,6.5,1,3,0,0,1.57,3.8,6.5,1.58,3.8,6.25,,,,1.57,3.95,6.84,2.2,1.67,2.25,1.69,2.24,1.67,2024-25,Serie A,1.57325,0.273931,1851.79736328,1728.14685059,123.65051268999991,7.555126484284035,5.6257050248986635,18.03043573424472,9.648921239345206,1.772,0.558,0.558,1.772,2.4,1.4,6.0,4.0,4.0,3.6,14.8,9.2,60.2,46.6,1.6,2.0,11.0,14.2,168.0,167.8
2024-11-10,Atalanta,Udinese,2,1,H,0,1,A,11,11,4,6,4,5,10,12,11:30,-1.25,1.85,2.05,1.85,2.07,1.44,5.2,9.5,1.38,4.99,8.11,1,1,0,0,1.38,5.0,7.5,1.38,5.0,7.75,,,,1.37,5.13,8.64,1.62,2.3,1.66,2.3,1.64,2.27,2024-25,Serie A,1.60488,0.90914,1900.41369629,1673.18322754,227.23046875,4.62614187637942,4.274168369639417,16.798423533980397,12.90289525411139,1.608,0.926,0.926,1.608,3.6,1.0,5.2,4.4,4.8,4.4,15.6,12.6,58.8,48.2,2.2,2.4,10.4,13.8,163.0,174.2
2024-11-10,Fiorentina,Verona,3,1,H,1,1,D,11,8,6,2,8,3,1,19,14:00,-1.25,2.03,1.87,2.05,1.86,1.51,4.75,7.5,1.45,4.58,7.14,1,2,0,0,1.44,4.5,7.0,1.44,4.6,7.0,,,,1.46,4.65,7.21,1.8,2.0,1.79,2.09,1.78,2.05,2024-25,Serie A,2.77034,0.53544,1791.17541504,1632.82580566,158.34960937999995,4.352964285142833,3.0943032177688785,16.186122317840514,7.051771209065489,1.792,,,1.792,2.8,,6.2,,3.8,,13.0,,45.6,,2.0,,8.8,,149.2,
2024-11-10,Roma,Bologna,2,3,A,0,1,A,15,15,5,4,4,3,16,21,14:00,-0.25,1.82,2.08,1.83,2.09,2.15,3.52,3.82,2.11,3.32,3.66,2,3,0,0,2.05,3.4,3.6,2.05,3.3,3.6,,,,2.14,3.31,3.78,2.2,1.67,2.22,1.71,2.18,1.7,2024-25,Serie A,1.06974,2.16772,1763.91943359,1754.76208496,9.157348629999888,4.084342040514612,3.683434186654439,14.418712873758732,11.9396180156623,1.926,1.026,1.026,1.926,2.8,1.4,4.4,1.8,4.8,2.4,14.2,9.4,55.6,47.6,2.2,1.6,11.8,16.8,150.4,155.2
2024-11-10,Monza,Lazio,0,1,A,0,1,A,12,14,2,6,6,6,13,10,17:00,0.5,2.03,1.87,2.02,1.89,5.0,3.8,1.93,4.42,3.53,1.85,5,1,0,0,4.1,3.8,1.83,4.33,3.5,1.83,,,,4.58,3.49,1.88,2.1,1.73,2.19,1.73,2.14,1.72,2024-25,Serie A,0.747377,1.17083,1660.02062988,1828.03503418,-168.01440430000002,2.9517970040154324,4.356866687184696,9.90703490593656,11.471487316937536,1.188,1.91,1.91,1.188,1.6,3.0,5.2,5.8,6.8,4.4,16.2,14.2,50.6,54.6,4.4,1.2,13.2,13.0,171.0,166.4
2024-11-10,Inter,Napoli,1,1,D,1,1,D,13,5,4,2,4,2,15,12,19:45,-0.5,1.83,1.95,1.89,2.02,1.94,3.85,4.3,1.88,3.66,4.11,2,0,0,0,1.85,3.7,4.1,1.87,3.6,4.1,,,,1.88,3.72,4.25,1.9,2.0,1.87,2.02,1.87,1.96,2024-25,Serie A,1.47373,1.00611,,1808.29052734,,9.796954450087853,3.725029132592943,19.105504362539588,10.155159516295958,2.05,1.342,1.342,2.05,4.0,2.0,8.6,5.0,5.8,4.2,17.0,11.8,55.4,53.8,1.8,2.6,12.4,8.6,166.0,159.8
2024-11-23,Verona,Inter,0,5,A,0,5,A,9,12,2,7,4,2,14,5,14:00,1.5,1.78,2.03,1.84,2.08,8.65,5.5,1.4,7.99,5.16,1.38,2,1,0,0,7.0,5.25,1.38,7.75,5.0,1.38,,,,8.24,5.24,1.38,1.57,2.38,1.61,2.41,1.59,2.39,2024-25,Serie A,0.554633,2.79774,1627.9519043,,,5.961510681564102,4.047168282013537,10.67415522128644,14.164251592300312,,2.082,2.082,,,3.6,,4.6,,6.0,,14.0,,66.4,,1.8,,9.4,,164.333
2024-11-23,Milan,Juventus,0,0,D,0,0,D,6,7,1,2,2,4,9,12,17:00,-0.25,1.89,2.01,1.89,2.02,2.25,3.42,3.69,2.2,3.27,3.53,3,2,0,0,2.15,3.3,3.5,2.15,3.25,3.4,,,,2.21,3.27,3.63,2.2,1.67,2.21,1.72,2.17,1.71,2024-25,Serie A,,,1834.16882324,1857.90979004,-23.740966800000024,6.3205365358997945,3.8393333646636303,13.895659063998892,11.23541088300964,1.256,1.394,1.394,1.256,1.0,2.4,5.8,5.2,4.6,2.6,16.4,11.6,52.6,57.6,1.6,3.4,12.6,12.8,163.8,150.0
2024-11-23,Parma,Atalanta,1,3,A,0,2,A,9,15,3,6,2,5,6,8,19:45,1.0,1.83,2.07,1.84,2.08,5.3,4.48,1.69,4.95,4.27,1.64,0,2,0,0,5.0,4.2,1.62,4.8,4.1,1.65,,,,5.17,4.27,1.64,1.57,2.38,1.56,2.52,1.54,2.46,2024-25,Serie A,,,,1902.84887695,,4.958847736625515,4.850805823085987,13.905349794238685,15.338038250745106,1.338,1.924,1.924,1.338,1.6,4.8,3.6,4.8,1.8,6.4,12.4,14.2,45.4,54.6,3.8,3.6,9.8,10.0,162.8,164.2
2024-11-24,Genoa,Cagliari,2,2,D,1,1,D,20,17,6,6,6,8,11,7,11:30,0.0,1.85,2.05,1.87,2.04,2.71,3.29,2.96,2.63,3.17,2.87,2,2,0,0,2.63,3.1,2.9,2.55,3.25,2.8,,,,2.68,3.15,2.92,2.2,1.67,2.25,1.7,2.2,1.69,2024-25,Serie A,2.1978,2.81223,1659.13208008,1600.21142578,58.920654300000024,4.819907692751629,3.8422370017624465,10.74471782279292,8.03590246937041,1.018,1.308,1.308,1.018,1.0,2.0,5.4,5.4,5.0,4.4,11.6,9.6,43.4,49.8,3.4,2.8,12.2,12.8,147.2,154.6
2024-11-24,Como,Fiorentina,0,2,A,0,1,A,10,8,4,4,3,4,11,15,14:00,0.25,1.89,2.01,1.88,2.03,3.4,3.37,2.42,3.2,3.23,2.35,2,1,1,0,3.3,3.1,2.3,3.1,3.25,2.35,,,,3.29,3.27,2.36,2.1,1.73,2.15,1.76,2.14,1.73,2024-25,Serie A,1.27005,0.947266,,1796.04919434,,5.074074074074075,3.6240377181914334,14.814814814814817,11.836796830418274,1.348,0.758,0.758,1.348,2.0,1.4,5.4,3.2,4.6,3.0,14.8,9.8,51.4,49.0,1.8,3.4,14.2,11.2,205.6,140.6
2024-11-24,Torino,Monza,1,1,D,0,0,D,12,9,5,6,7,3,17,13,14:00,-0.5,2.07,1.83,2.1,1.82,2.13,3.19,4.51,2.06,3.03,4.3,1,2,0,0,2.0,3.0,4.33,2.0,3.1,4.2,,,,2.09,2.99,4.51,2.75,1.44,2.81,1.48,2.71,1.46,2024-25,Serie A,1.45433,0.916564,1722.03442383,1655.12487793,66.90954590000001,2.0042633836742003,2.710041319042765,9.406088971992666,6.121236478996965,0.702,1.126,1.126,0.702,1.4,2.4,3.4,4.2,3.8,3.8,8.0,8.2,45.8,49.6,4.2,2.2,14.4,14.4,154.6,167.0
2024-11-24,Napoli,Roma,1,0,H,0,0,D,14,6,2,1,8,2,8,9,17:00,-0.75,1.98,1.92,1.99,1.92,1.81,3.83,5.2,1.75,3.61,4.98,0,3,0,0,1.73,3.6,5.0,1.75,3.6,4.8,,,,1.75,3.66,5.2,2.0,1.8,2.09,1.79,2.06,1.78,2024-25,Serie A,2.02389,0.592582,1813.7043457,1754.34143066,59.36291503999996,6.879753170716611,2.758508824678325,16.584938329016097,13.701076439364702,1.476,0.948,0.948,1.476,2.6,1.8,9.6,3.2,5.0,2.6,17.6,10.4,60.4,56.2,1.2,3.6,11.4,11.2,150.8,161.2
2024-11-24,Lazio,Bologna,3,0,H,0,0,D,13,3,4,1,3,0,14,14,19:45,-0.5,1.92,1.98,1.92,1.98,1.99,3.66,4.7,1.91,3.42,4.35,3,3,0,1,1.9,3.5,4.2,1.9,3.4,4.2,,,,1.91,3.35,4.68,2.1,1.73,2.17,1.74,2.12,1.74,2024-25,Serie A,2.59912,0.0932634,1832.93066406,1764.34020996,68.59045409999999,4.965625842545064,3.4556227911029596,16.51426923017437,12.959745343774866,1.616,1.026,1.026,1.616,3.2,1.4,3.6,1.8,3.8,2.4,14.2,9.4,55.4,47.6,1.2,1.6,10.2,16.8,159.4,155.2
2024-11-25,Empoli,Udinese,1,1,D,1,0,H,4,16,2,3,1,8,8,13,17:30,0.0,1.95,1.95,1.96,1.94,2.97,2.95,2.97,2.85,2.86,2.87,3,2,0,0,2.8,2.9,2.8,2.7,2.95,2.87,,,,2.94,2.85,2.92,2.75,1.44,2.86,1.46,2.74,1.45,2024-25,Serie A,0.166889,1.09285,1661.12963867,1670.74804688,-9.61840820999987,3.339038130668443,4.516112246426278,8.640300212013713,12.26859683607426,0.584,0.926,0.926,0.584,0.8,1.0,4.8,4.4,2.2,4.4,8.2,12.6,42.2,48.2,2.6,2.4,12.0,13.8,191.6,174.2
2024-11-25,Venezia,Lecce,0,1,A,0,0,D,16,7,6,2,6,2,12,16,19:45,-0.25,2.04,1.86,2.05,1.86,2.4,3.39,3.4,2.33,3.27,3.18,1,3,0,0,2.3,3.25,3.2,2.3,3.3,3.1,,,,2.39,3.29,3.22,2.1,1.73,2.13,1.77,2.09,1.76,2024-25,Serie A,2.88235,0.624722,1568.34875488,1599.33361816,-30.984863280000127,3.825139568483758,3.218313059054783,13.265326913327431,10.239671913152272,1.622,0.652,0.652,1.622,2.8,0.6,4.6,2.6,3.4,2.8,13.2,7.6,50.2,37.0,2.8,5.2,9.6,13.2,162.0,155.6
2024-11-29,Cagliari,Verona,1,0,H,0,0,D,19,11,6,2,7,1,10,12,19:45,-0.5,1.99,1.94,1.97,1.93,2.02,3.56,4.33,1.96,3.45,4.08,1,2,0,0,1.91,3.4,4.1,1.95,3.4,3.9,,,,1.96,3.49,4.19,1.89,2.01,1.91,1.98,1.89,1.93,2024-25,Serie A,2.64816,0.606166,1602.02941895,1622.65991211,-20.630493160000015,6.947248500925258,3.0628688118459193,15.743689541370356,7.367847472710327,1.232,,,1.232,3.2,,5.4,,5.6,,13.2,,46.0,,2.0,,12.8,,178.4,
2024-11-30,Como,Monza,1,1,D,1,0,H,17,9,3,3,11,4,16,11,14:00,-0.5,2.08,1.82,2.09,1.83,2.13,3.42,4.1,2.06,3.29,3.9,3,0,0,0,2.0,3.25,3.9,2.05,3.25,3.9,,,,2.08,3.31,3.98,2.2,1.67,2.23,1.7,2.18,1.7,2024-25,Serie A,1.38648,1.75565,,1657.15441895,,4.382716049382717,2.8066942126951764,13.20987654320988,7.0808243193313105,1.348,1.126,1.126,1.348,2.0,2.4,5.4,4.2,4.6,3.8,14.8,8.2,51.4,49.6,1.8,2.2,14.2,14.4,205.6,167.0
2024-11-30,Milan,Empoli,3,0,H,2,0,H,20,9,4,0,7,3,12,16,17:00,-1.25,1.85,2.05,1.87,2.04,1.4,5.3,9.5,1.37,4.97,8.81,2,2,0,0,1.36,4.75,9.0,1.37,5.0,8.5,,,,1.37,5.1,8.92,1.73,2.1,1.79,2.1,1.75,2.11,2024-25,Serie A,,,1834.55480957,1659.3614502,175.19335937000005,4.880357690599864,3.3329062555029267,11.263772709332596,8.431949808115926,1.256,0.776,0.776,1.256,1.0,0.8,5.8,4.0,4.6,2.0,16.4,9.4,52.6,41.8,1.6,2.2,12.6,17.6,163.8,165.8
2024-11-30,Bologna,Venezia,3,0,H,1,0,H,16,5,9,1,1,0,14,15,19:45,-0.75,1.87,2.03,1.86,2.05,1.71,4.06,5.7,1.67,3.89,5.31,0,2,0,0,1.65,3.9,5.25,1.62,3.9,5.5,,,,1.67,3.91,5.53,1.95,1.95,1.97,1.92,1.93,1.9,2024-25,Serie A,4.16965,0.357302,1744.86401367,1558.98046875,185.88354492000008,8.094584357490238,3.2978403876453593,16.276639478832863,8.5073757782081,2.048,0.558,0.558,2.048,4.6,1.4,5.2,2.8,6.2,3.0,17.8,6.0,61.6,40.0,1.8,5.0,12.2,13.2,177.0,149.6
2024-12-01,Udinese,Genoa,0,2,A,0,1,A,4,15,2,5,6,4,13,11,11:30,-0.5,2.04,1.86,2.05,1.86,2.07,3.54,4.11,2.02,3.33,3.98,2,3,1,0,2.0,3.3,4.0,1.95,3.3,4.1,,,,2.04,3.33,4.1,2.2,1.67,2.27,1.68,2.22,1.67,2024-25,Serie A,0.156386,1.7171,1670.71276855,1655.51062012,15.202148429999852,6.0692807062859035,4.4382786722795355,11.311206841939876,10.11322173232843,0.864,1.07,1.07,0.864,1.2,1.4,5.0,4.2,3.2,4.8,9.0,10.8,44.4,44.4,2.6,3.2,14.0,12.0,157.4,144.0
2024-12-01,Parma,Lazio,3,1,H,1,0,H,12,23,4,8,4,10,17,13,14:00,0.75,1.83,2.07,1.85,2.06,4.33,4.12,1.88,4.1,3.87,1.83,4,3,0,0,4.2,3.8,1.8,3.9,3.7,1.88,,,,4.29,3.94,1.82,1.67,2.2,1.66,2.33,1.65,2.26,2024-25,Serie A,,,,1833.08361816,,3.9725651577503434,4.9045777914564646,12.270233196159124,12.31432487795836,1.338,1.91,1.91,1.338,1.6,3.0,3.6,5.8,1.8,4.4,12.4,14.2,45.4,54.6,3.8,1.2,9.8,13.0,162.8,166.4
2024-12-01,Torino,Napoli,0,1,A,0,1,A,5,16,1,6,4,7,15,9,14:00,0.75,1.83,2.07,1.85,2.07,5.5,3.64,1.84,4.91,3.45,1.8,4,1,0,0,5.0,3.4,1.8,4.75,3.3,1.83,,,,5.07,3.52,1.81,2.3,1.62,2.39,1.63,2.34,1.61,2024-25,Serie A,0.442989,1.64196,1718.20129395,1818.44104004,-100.23974608999993,3.6695089224494666,3.1500194217286293,10.270725981328445,8.436773010863973,0.702,1.342,1.342,0.702,1.4,2.0,3.4,5.0,3.8,4.2,8.0,11.8,45.8,53.8,4.2,2.6,14.4,8.6,154.6,159.8
2024-12-01,Lecce,Juventus,1,1,D,0,0,D,10,14,6,3,2,7,8,9,19:45,0.75,1.97,1.93,1.96,1.94,6.0,3.73,1.77,5.44,3.6,1.7,1,4,0,0,5.25,3.6,1.7,5.25,3.5,1.71,,,,5.67,3.64,1.7,2.3,1.62,2.36,1.63,2.3,1.63,2024-25,Serie A,1.10419,1.03998,1606.8984375,1857.96936035,-251.07092285,3.453811549634837,3.8928889097757535,14.288293732717372,9.82360725533976,1.398,1.394,1.394,1.398,1.8,2.4,3.4,5.2,4.6,2.6,12.8,11.6,48.0,57.6,2.4,3.4,11.6,12.8,148.8,150.0
2024-12-02,Roma,Atalanta,0,2,A,0,0,D,5,18,1,7,2,4,17,13,19:45,0.25,1.95,1.95,1.97,1.93,3.34,3.65,2.32,3.19,3.46,2.24,2,3,0,0,3.2,3.5,2.2,3.0,3.4,2.3,,,,3.33,3.51,2.23,1.87,2.03,1.86,2.03,1.84,1.99,2024-25,Serie A,0.667881,1.76696,1752.42272949,1909.46923828,-157.04650878999996,4.056228027009741,4.900537215390658,14.612475249172489,15.225358833830072,1.926,1.924,1.924,1.926,2.8,4.8,4.4,4.8,4.8,6.4,14.2,14.2,55.6,54.6,2.2,3.6,11.8,10.0,150.4,164.2
2024-12-06,Inter,Parma,3,1,H,1,0,H,18,5,5,2,10,1,8,3,17:30,-2.0,1.85,2.08,1.83,2.09,1.2,8.8,15.0,1.18,7.93,13.75,1,1,0,0,1.18,7.0,15.0,1.18,7.75,14.0,,,,1.18,8.4,14.27,1.33,3.4,1.33,3.41,1.33,3.33,2024-25,Serie A,,,,,,7.864636300058569,5.835390946502058,17.07033624169306,12.131687242798357,2.05,0.686,0.686,2.05,4.0,1.2,8.6,3.8,5.8,1.2,17.0,9.0,55.4,39.0,1.8,3.0,12.4,7.4,166.0,174.6
2024-12-06,Atalanta,Milan,2,1,H,1,1,D,17,6,8,2,7,0,14,13,19:45,-0.25,1.91,2.02,1.91,2.01,2.23,3.6,3.55,2.16,3.48,3.39,2,0,0,0,2.15,3.4,3.3,2.1,3.5,3.4,,,,2.21,3.53,3.43,1.73,2.1,1.77,2.16,1.75,2.12,2024-25,Serie A,,,1916.62585449,1840.24365234,76.38220215000001,4.417427917586281,4.716731564132882,14.865615689320263,15.025678133165478,1.608,1.56,1.56,1.608,3.6,3.0,5.2,4.2,4.8,2.8,15.6,11.8,58.8,53.4,2.2,3.0,10.4,12.6,163.0,184.4
2024-12-07,Genoa,Torino,0,0,D,0,0,D,5,10,1,3,4,4,12,15,14:00,-0.25,2.1,1.7,2.15,1.79,2.55,3.13,3.26,2.49,3.07,3.13,2,1,0,0,2.5,3.1,3.0,2.45,3.1,3.1,,,,2.54,3.08,3.18,2.5,1.53,2.51,1.57,2.45,1.56,2024-25,Serie A,0.327249,0.70601,1669.14941406,1711.63500977,-42.48559570999987,5.213271795167753,5.417136683265776,13.829811881861946,8.432614159563471,1.018,0.558,0.558,1.018,1.0,1.4,5.4,4.0,5.0,3.6,11.6,9.2,43.4,46.6,3.4,2.0,12.2,14.2,147.2,167.8
2024-12-07,Juventus,Bologna,2,2,D,0,1,A,10,10,3,4,1,4,18,14,17:00,-0.75,1.92,1.98,1.93,1.97,1.73,3.72,5.9,1.7,3.6,5.51,3,4,0,0,1.7,3.6,5.25,1.71,3.5,5.25,,,,1.7,3.63,5.78,2.3,1.62,2.34,1.64,2.32,1.62,2024-25,Serie A,0.856802,0.784689,1852.5267334,1750.20739746,102.31933593999996,6.703417656189357,2.3037485274019733,16.353623822829814,9.639830229183245,1.772,1.026,1.026,1.772,2.4,1.4,6.0,1.8,4.0,2.4,14.8,9.4,60.2,47.6,1.6,1.6,11.0,16.8,168.0,155.2
2024-12-07,Roma,Lecce,4,1,H,1,1,D,23,3,9,1,8,1,5,14,19:45,-1.0,2.03,1.87,2.06,1.85,1.6,4.2,6.5,1.57,4.03,6.2,2,3,0,0,1.57,4.0,6.25,1.55,4.0,6.0,,,,1.59,4.0,6.29,2.0,1.8,2.08,1.8,2.03,1.81,2024-25,Serie A,2.38077,0.826928,1745.26599121,1612.34106445,132.92492676000006,3.3708186846731607,2.812208706036522,11.40831683278166,9.159781275434849,1.926,0.652,0.652,1.926,2.8,0.6,4.4,2.6,4.8,2.8,14.2,7.6,55.6,37.0,2.2,5.2,11.8,13.2,150.4,155.6
2024-12-08,Fiorentina,Cagliari,1,0,H,1,0,H,8,8,3,1,6,4,9,20,11:30,-1.0,1.86,2.04,1.88,2.04,1.55,4.6,6.5,1.51,4.45,6.03,3,2,0,0,1.5,4.5,6.0,1.49,4.5,6.0,,,,1.53,4.54,6.18,1.67,2.2,1.68,2.26,1.66,2.24,2024-25,Serie A,0.412045,1.00073,1800.94128418,1609.52416992,191.41711425999983,5.568642856761889,5.228158001174965,14.457414878560344,11.023934979580272,1.792,1.308,1.308,1.792,2.8,2.0,6.2,5.4,3.8,4.4,13.0,9.6,45.6,49.8,2.0,2.8,8.8,12.8,149.2,154.6
2024-12-08,Verona,Empoli,1,4,A,1,4,A,12,15,3,5,5,8,15,16,14:00,-0.25,2.2,1.65,2.17,1.78,2.64,2.96,3.4,2.57,2.84,3.24,2,2,0,0,2.63,2.75,3.25,2.5,2.95,3.1,,,,2.61,2.81,3.4,2.5,1.53,2.48,1.59,2.42,1.57,2024-25,Serie A,0.895085,1.2903,1615.16516113,1653.67260742,-38.50744629000019,5.307673787709401,3.221937503668618,10.116103480857628,8.621299872077284,,0.776,0.776,,,0.8,,4.0,,2.0,,9.4,,41.8,,2.2,,17.6,,165.8
2024-12-08,Venezia,Como,2,2,D,1,0,H,8,10,4,4,5,9,12,10,17:00,0.0,2.01,1.89,,,2.81,3.45,2.68,2.76,3.32,2.6,1,1,0,0,2.75,3.3,2.6,2.65,3.4,2.6,,,,2.8,3.32,2.67,2.0,1.9,,,1.96,1.86,2024-25,Serie A,0.303457,0.779392,1553.63708496,,,4.550093045655839,4.113854595336077,14.176884608884954,14.99862825788752,1.622,0.93,0.93,1.622,2.8,0.8,4.6,4.8,3.4,2.4,13.2,13.6,50.2,57.8,2.8,2.4,9.6,12.2,162.0,161.4
2024-12-08,Napoli,Lazio,0,1,A,0,0,D,12,7,1,3,6,2,16,12,19:45,-0.5,1.91,1.99,1.94,1.96,1.96,3.6,4.4,1.9,3.47,4.26,2,3,0,0,1.9,3.4,4.33,1.88,3.5,4.2,,,,1.93,3.47,4.35,2.1,1.73,2.18,1.74,2.14,1.72,2024-25,Serie A,1.14465,0.243674,1825.00744629,1814.55578613,10.451660160000074,7.253168780477742,6.603051860970977,15.723292219344064,15.876216585305574,1.476,1.91,1.91,1.476,2.6,3.0,9.6,5.8,5.0,4.4,17.6,14.2,60.4,54.6,1.2,1.2,11.4,13.0,150.8,166.4
2024-12-09,Monza,Udinese,1,2,A,0,1,A,27,10,4,3,10,1,12,16,19:45,0.0,1.89,2.01,1.89,2.01,2.8,3.1,2.92,2.7,3.04,2.85,1,2,0,0,2.7,3.0,2.88,2.65,3.1,2.75,,,,2.74,3.07,2.92,2.38,1.57,2.5,1.58,2.42,1.57,2024-25,Serie A,1.92222,1.40496,1655.28088379,1657.07397461,-1.7930908200000886,3.967864669343622,5.677408164284186,10.60468993729104,13.512397890716176,1.188,0.926,0.926,1.188,1.6,1.0,5.2,4.4,6.8,4.4,16.2,12.6,50.6,48.2,4.4,2.4,13.2,13.8,171.0,174.2
2024-12-13,Empoli,Torino,0,1,A,0,0,D,10,14,4,4,12,3,7,15,19:45,0.0,1.82,2.11,1.83,2.11,2.8,3.01,3.17,2.7,2.86,3.06,2,3,0,0,2.7,2.88,3.0,2.7,2.8,3.0,,,,2.75,2.89,3.15,3.0,1.4,3.04,1.41,2.86,1.41,2024-25,Serie A,0.953691,1.36089,1673.76647949,1717.28320312,-43.516723630000115,2.5593587537789624,4.944757788843851,7.093533474675809,8.955076106375648,0.584,0.558,0.558,0.584,0.8,1.4,4.8,4.0,2.2,3.6,8.2,9.2,42.2,46.6,2.6,2.0,12.0,14.2,191.6,167.8
2024-12-14,Cagliari,Atalanta,0,1,A,0,0,D,12,12,8,2,2,5,16,10,14:00,1.0,1.98,1.92,1.99,1.92,6.01,4.56,1.62,5.63,4.36,1.55,3,3,0,0,5.5,4.33,1.55,5.25,4.2,1.58,,,,6.01,4.43,1.55,1.62,2.3,1.63,2.37,1.62,2.32,2024-25,Serie A,1.90937,2.37449,1612.29504395,1917.68347168,-305.3884277299999,6.964832333950172,4.600358143593772,16.82912636091357,16.15023922255338,1.232,1.924,1.924,1.232,3.2,4.8,5.4,4.8,5.6,6.4,13.2,14.2,46.0,54.6,2.0,3.6,12.8,10.0,178.4,164.2
2024-12-14,Udinese,Napoli,1,3,A,1,0,H,7,17,3,4,3,9,14,8,17:00,0.75,1.89,2.01,1.9,2.01,5.31,3.75,1.82,5.06,3.51,1.76,1,1,0,0,5.25,3.5,1.73,5.25,3.4,1.75,,,,5.31,3.6,1.75,2.2,1.67,2.23,1.7,2.21,1.68,2024-25,Serie A,1.48544,1.96425,1671.90356445,1821.14306641,-149.2395019600001,6.046187137523936,4.433346281152419,8.874137894626584,10.957848673909316,0.864,1.342,1.342,0.864,1.2,2.0,5.0,5.0,3.2,4.2,9.0,11.8,44.4,53.8,2.6,2.6,14.0,8.6,157.4,159.8
2024-12-14,Juventus,Venezia,2,2,D,1,0,H,12,8,4,2,7,4,9,8,19:45,-1.5,2.02,1.88,2.03,1.88,1.36,5.41,11.0,1.32,5.09,10.12,1,3,0,0,1.3,5.25,9.0,1.33,5.0,9.75,,,,1.33,5.34,10.19,1.85,2.05,1.84,2.06,1.84,1.99,2024-25,Serie A,2.18951,0.586788,1867.83410645,1558.11083984,309.7232666100001,4.802278437459572,2.19856025843024,14.235749215219876,7.338250518805401,1.772,0.558,0.558,1.772,2.4,1.4,6.0,2.8,4.0,3.0,14.8,6.0,60.2,40.0,1.6,5.0,11.0,13.2,168.0,149.6
2024-12-15,Lecce,Monza,2,1,H,2,1,H,11,10,4,1,2,7,15,16,11:30,-0.25,2.13,1.78,2.19,1.75,2.6,3.26,3.2,2.51,3.07,3.08,1,5,0,0,2.45,3.0,3.2,2.45,3.1,3.1,,,,2.6,3.08,3.1,2.38,1.57,2.5,1.57,2.43,1.56,2024-25,Serie A,1.57794,0.790408,1610.94189453,1651.78881836,-40.84692383000015,2.9692076997565584,3.204462808463451,12.858862488478248,7.720549546220874,1.398,1.126,1.126,1.398,1.8,2.4,3.4,4.2,4.6,3.8,12.8,8.2,48.0,49.6,2.4,2.2,11.6,14.4,148.8,167.0
2024-12-15,Bologna,Fiorentina,1,0,H,0,0,D,16,10,6,4,1,3,16,10,14:00,0.0,1.91,1.99,1.93,1.97,2.83,3.37,2.85,2.71,3.11,2.77,2,2,0,0,2.7,3.1,2.75,2.65,3.1,2.8,,,,2.79,3.11,2.83,2.1,1.73,2.21,1.72,2.14,1.71,2024-25,Serie A,2.32266,1.14307,1763.47094727,1811.56005859,-48.08911132000003,5.729722904993492,3.7493584787942895,16.18442631922191,10.557864553612184,2.048,0.758,0.758,2.048,4.6,1.4,5.2,3.2,6.2,3.0,17.8,9.8,61.6,49.0,1.8,3.4,12.2,11.2,177.0,140.6
2024-12-15,Parma,Verona,2,3,A,1,1,D,19,17,8,6,5,2,5,16,14:00,-0.5,1.88,2.02,1.89,2.02,1.93,3.75,4.55,1.87,3.64,4.18,1,3,0,0,1.85,3.75,4.0,1.85,3.7,4.1,,,,1.88,3.56,4.49,1.73,2.1,1.72,2.2,1.7,2.15,2024-25,Serie A,,,,1606.40869141,,3.981710105166896,2.375245874563946,12.180155464106084,8.578564981806885,1.338,,,1.338,1.6,,3.6,,1.8,,12.4,,45.4,,3.8,,9.8,,162.8,
2024-12-15,Como,Roma,2,0,H,0,0,D,18,6,7,1,6,5,18,17,17:00,0.25,1.95,1.95,1.94,1.96,3.5,3.46,2.3,3.32,3.3,2.24,6,1,0,0,3.25,3.4,2.2,3.4,3.25,2.2,,,,3.44,3.27,2.29,2.02,1.88,1.99,1.9,1.98,1.84,2024-25,Serie A,1.1153,0.650738,,1764.13378906,,6.588477366255145,2.50567254978555,14.473251028806589,11.134050959576468,1.348,0.948,0.948,1.348,2.0,1.8,5.4,3.2,4.6,2.6,14.8,10.4,51.4,56.2,1.8,3.6,14.2,11.2,205.6,161.2
2024-12-15,Milan,Genoa,0,0,D,0,0,D,22,5,4,0,9,2,11,12,19:45,-1.5,2.05,1.85,2.07,1.85,1.4,5.5,9.5,1.35,5.08,8.68,0,2,0,0,1.33,5.25,8.0,1.35,5.25,8.75,,,,1.36,5.27,8.67,1.67,2.2,1.71,2.21,1.68,2.19,2024-25,Serie A,,,1842.90979004,1674.83874512,168.07104491999985,5.586905127066576,4.292185781519691,14.175848472888395,11.742147821552289,1.256,1.07,1.07,1.256,1.0,1.4,5.8,4.2,4.6,4.8,16.4,10.8,52.6,44.4,1.6,3.2,12.6,12.0,163.8,144.0
2024-12-16,Lazio,Inter,0,6,A,0,2,A,9,12,2,7,4,2,7,14,19:45,0.25,2.06,1.84,2.06,1.85,3.7,3.56,2.17,3.54,3.37,2.12,2,4,0,0,3.6,3.4,2.1,3.4,3.4,2.1,,,,3.66,3.38,2.15,1.99,1.91,1.98,1.91,1.94,1.87,2024-25,Serie A,0.634641,2.33306,1838.68041992,,,4.310417228363376,3.3647788546756914,15.342846153449582,13.442834394866876,1.616,2.082,2.082,1.616,3.2,3.6,3.6,4.6,3.8,6.0,14.2,14.0,55.4,66.4,1.2,1.8,10.2,9.4,159.4,164.333
2024-12-20,Verona,Milan,0,1,A,0,0,D,10,14,2,6,3,8,21,9,19:45,1.0,1.87,2.03,1.88,2.05,5.9,4.25,1.65,5.49,4.1,1.61,1,1,0,0,5.5,4.1,1.57,5.25,4.1,1.62,,,,5.76,4.18,1.62,1.73,2.1,1.75,2.18,1.72,2.14,2024-25,Serie A,,,1614.45690918,1836.57739258,-222.1204834,5.205115858472935,3.1444877094219215,10.74406898723842,12.017118755443652,,1.56,1.56,,,3.0,,4.2,,2.8,,11.8,,53.4,,3.0,,12.6,,184.4
2024-12-21,Genoa,Napoli,1,2,A,0,2,A,11,12,3,2,5,6,8,8,17:00,0.75,1.97,1.93,1.97,1.93,5.54,3.81,1.77,5.26,3.67,1.7,2,1,0,0,5.25,3.6,1.7,5.25,3.6,1.68,,,,5.53,3.72,1.7,2.2,1.67,2.22,1.71,2.17,1.7,2024-25,Serie A,0.707336,1.42377,1679.15771484,1827.76928711,-148.61157227000012,4.808847863445169,5.9555641874349465,10.886541254574633,12.971899115939545,1.018,1.342,1.342,1.018,1.0,2.0,5.4,5.0,5.0,4.2,11.6,11.8,43.4,53.8,3.4,2.6,12.2,8.6,147.2,159.8
2024-12-21,Torino,Bologna,0,2,A,0,0,D,6,8,0,5,4,0,11,17,14:00,0.25,1.81,2.09,1.82,2.11,3.46,3.03,2.53,3.32,2.9,2.48,0,2,0,0,3.3,2.9,2.45,3.2,2.87,2.5,,,,3.43,2.91,2.51,2.63,1.5,2.68,1.51,2.61,1.49,2024-25,Serie A,0.270606,1.79816,1724.51013184,1770.81188965,-46.301757810000026,3.7796726149663114,2.869165684934649,8.51381732088563,9.759886819455495,0.702,1.026,1.026,0.702,1.4,1.4,3.4,1.8,3.8,2.4,8.0,9.4,45.8,47.6,4.2,1.6,14.4,16.8,154.6,155.2
2024-12-21,Lecce,Lazio,1,2,A,0,1,A,11,13,2,7,6,6,13,12,19:45,0.75,1.9,2.0,1.9,2.01,5.25,3.75,1.81,4.93,3.62,1.75,3,1,1,0,5.0,3.6,1.73,4.6,3.6,1.77,,,,5.08,3.67,1.76,2.0,1.8,2.08,1.83,2.04,1.78,2024-25,Serie A,1.09129,1.95023,1618.2331543,1824.10046387,-205.8673095700001,2.646138466504373,5.068701240647319,12.2392416589855,12.91747772353705,1.398,1.91,1.91,1.398,1.8,3.0,3.4,5.8,4.6,4.4,12.8,14.2,48.0,54.6,2.4,1.2,11.6,13.0,148.8,166.4
2024-12-22,Atalanta,Empoli,3,2,H,2,1,H,16,7,7,3,6,3,11,15,17:00,-1.5,1.86,2.04,1.87,2.04,1.31,6.08,13.0,1.28,5.62,10.84,1,1,0,0,1.29,5.5,11.0,1.28,5.75,10.5,,,,1.28,5.97,11.28,1.67,2.2,1.69,2.27,1.67,2.2,2024-25,Serie A,2.08379,1.21827,1919.12023926,1664.52624512,254.59399413999995,5.278285278390854,4.814625002445745,15.57707712621351,10.747533248051525,1.608,0.776,0.776,1.608,3.6,0.8,5.2,4.0,4.8,2.0,15.6,9.4,58.8,41.8,2.2,2.2,10.4,17.6,163.0,165.8
2024-12-22,Monza,Juventus,1,2,A,1,2,A,17,16,5,9,3,7,7,13,19:45,0.75,2.02,1.88,2.03,1.88,6.6,3.81,1.72,5.83,3.6,1.66,1,1,0,0,6.25,3.5,1.65,5.5,3.6,1.68,,,,5.98,3.71,1.67,2.3,1.62,2.35,1.65,2.3,1.63,2024-25,Serie A,0.983171,2.58556,1642.48425293,1859.18273926,-216.69848633000015,5.978576446229081,4.928592606517169,16.06979329152736,11.215738170226505,1.188,1.394,1.394,1.188,1.6,2.4,5.2,5.2,6.8,2.6,16.2,11.6,50.6,57.6,4.4,3.4,13.2,12.8,171.0,150.0
2024-12-22,Venezia,Cagliari,2,1,H,1,0,H,12,14,6,7,4,8,6,11,14:00,0.0,1.82,2.08,1.81,2.11,2.63,3.5,3.02,2.5,3.31,2.9,1,2,0,0,2.5,3.3,2.88,2.4,3.4,2.85,,,,2.57,3.24,2.98,1.92,1.98,1.91,1.98,1.88,1.93,2024-25,Serie A,1.55318,2.62545,1564.7487793,1608.8449707,-44.09619139999995,4.700062030437226,4.81877200078331,12.11792307258997,10.015956653053514,1.622,1.308,1.308,1.622,2.8,2.0,4.6,5.4,3.4,4.4,13.2,9.6,50.2,49.8,2.8,2.8,9.6,12.8,162.0,154.6
2024-12-22,Roma,Parma,5,0,H,2,0,H,19,9,9,3,5,2,10,9,11:30,-1.0,1.88,2.02,1.89,2.02,1.57,4.66,6.72,1.53,4.31,6.0,1,2,0,0,1.53,4.2,6.25,1.53,4.33,5.75,,,,1.55,4.1,6.72,1.62,2.3,1.63,2.36,1.61,2.32,2024-25,Serie A,,,1745.78613281,,,4.913879123115441,4.223593964334706,15.27221122185444,9.754458161865571,1.926,0.686,0.686,1.926,2.8,1.2,4.4,3.8,4.8,1.2,14.2,9.0,55.6,39.0,2.2,3.0,11.8,7.4,150.4,174.6
2024-12-23,Fiorentina,Udinese,1,2,A,1,0,H,14,11,3,4,10,2,10,14,17:30,-1.0,2.06,1.84,2.08,1.84,1.66,4.24,6.0,1.6,3.98,5.64,2,5,0,0,1.6,3.8,6.0,1.6,4.0,5.5,,,,1.62,4.04,5.83,1.91,1.99,1.9,1.99,1.87,1.94,2024-25,Serie A,1.55716,0.858846,1798.89904785,1663.26391602,135.6351318300001,5.712428571174593,4.118272109522791,12.304943252373562,12.341598593810788,1.792,0.926,0.926,1.792,2.8,1.0,6.2,4.4,3.8,4.4,13.0,12.6,45.6,48.2,2.0,2.4,8.8,13.8,149.2,174.2
2024-12-23,Inter,Como,2,0,H,0,0,D,17,8,5,4,7,1,13,15,19:45,-1.75,1.9,2.0,1.88,2.01,1.26,7.02,15.0,1.23,6.4,12.33,2,2,0,0,1.2,6.5,15.0,1.24,6.25,12.0,,,,1.23,6.63,12.79,1.53,2.5,1.53,2.57,1.52,2.48,2024-25,Serie A,1.89916,0.367536,,,,8.576424200039046,5.7425697302240515,17.38022416112871,13.332418838591682,2.05,0.93,0.93,2.05,4.0,0.8,8.6,4.8,5.8,2.4,17.0,13.6,55.4,57.8,1.8,2.4,12.4,12.2,166.0,161.4
2024-12-28,Empoli,Genoa,1,2,A,0,0,D,12,14,8,5,7,4,16,13,14:00,-0.25,2.1,1.7,2.16,1.78,2.64,2.96,3.35,2.55,2.9,3.2,1,2,0,0,2.55,2.9,3.1,2.5,2.9,3.2,,,,2.57,2.9,3.34,2.63,1.5,2.75,1.49,2.65,1.47,2024-25,Serie A,1.42691,2.01725,1662.33508301,1673.78601074,-11.450927729999876,5.7062391691859755,3.5281238543464606,8.062355649783873,9.494765214368192,0.584,1.07,1.07,0.584,0.8,1.4,4.8,4.2,2.2,4.8,8.2,10.8,42.2,44.4,2.6,3.2,12.0,12.0,191.6,144.0
2024-12-28,Parma,Monza,2,1,H,0,0,D,9,10,3,4,4,6,16,21,14:00,-0.25,2.03,1.87,2.02,1.88,2.39,3.6,3.16,2.3,3.47,3.04,3,7,0,1,2.3,3.5,3.0,2.3,3.4,3.0,,,,2.33,3.57,3.09,1.73,2.1,1.76,2.15,1.74,2.1,2024-25,Serie A,,,,1638.52661133,,4.321140070111264,4.4696418723089675,14.453436976070725,8.48036636414725,1.338,1.126,1.126,1.338,1.6,2.4,3.6,4.2,1.8,3.8,12.4,8.2,45.4,49.6,3.8,2.2,9.8,14.4,162.8,167.0
2024-12-28,Cagliari,Inter,0,3,A,0,0,D,5,20,1,5,5,7,14,5,17:00,1.25,1.91,1.99,1.9,2.01,7.54,4.92,1.49,6.91,4.73,1.44,0,0,0,0,6.5,4.75,1.44,6.25,4.8,1.44,,,,7.54,4.82,1.43,1.62,2.3,1.68,2.28,1.64,2.26,2024-25,Serie A,0.302293,3.1724,1600.62451172,,,5.3098882226334485,2.9098525697837943,15.219417573942382,12.96188959657792,1.232,2.082,2.082,1.232,3.2,3.6,5.4,4.6,5.6,6.0,13.2,14.0,46.0,66.4,2.0,1.8,12.8,9.4,178.4,164.333
2024-12-28,Lazio,Atalanta,1,1,D,1,0,H,11,14,5,4,2,7,6,11,19:45,0.25,1.81,2.09,1.8,2.14,3.06,3.5,2.51,2.93,3.37,2.43,2,3,0,0,3.0,3.3,2.4,2.85,3.4,2.4,,,,2.99,3.39,2.48,1.8,2.0,1.87,2.03,1.83,1.99,2024-25,Serie A,0.564499,2.98315,1828.20593262,1921.31152344,-93.10559081999986,4.206944818908918,4.733572095729182,13.228564102299725,14.766826148368922,1.616,1.924,1.924,1.616,3.2,4.8,3.6,4.8,3.8,6.4,14.2,14.2,55.4,54.6,1.2,3.6,10.2,10.0,159.4,164.2
2024-12-29,Udinese,Torino,2,2,D,1,0,H,10,12,3,6,4,3,17,12,11:30,-0.25,1.93,1.97,1.93,1.97,2.28,3.31,3.65,2.23,3.12,3.52,1,0,0,0,2.25,3.1,3.5,2.2,3.1,3.5,,,,2.27,3.13,3.64,2.5,1.53,2.54,1.56,2.47,1.54,2024-25,Serie A,1.23954,0.603591,1675.60961914,1713.1628418,-37.553222660000074,5.030791425015958,4.2965051925625675,8.24942526308439,10.636717404250431,0.864,0.558,0.558,0.864,1.2,1.4,5.0,4.0,3.2,3.6,9.0,9.2,44.4,46.6,2.6,2.0,14.0,14.2,157.4,167.8
2024-12-29,Napoli,Venezia,1,0,H,0,0,D,25,4,8,2,14,4,10,12,14:00,-1.75,2.03,1.78,2.06,1.84,1.29,6.41,12.2,1.27,5.84,10.81,0,3,0,0,1.27,5.5,11.0,1.28,5.75,10.5,,,,1.27,6.14,10.88,1.62,2.3,1.63,2.35,1.62,2.3,2024-25,Serie A,2.55505,0.462133,1833.14099121,1572.96923828,260.17175293000014,6.835445853651828,2.7990401722868268,14.482194812896044,7.558833679203602,1.476,0.558,0.558,1.476,2.6,1.4,9.6,2.8,5.0,3.0,17.6,6.0,60.4,40.0,1.2,5.0,11.4,13.2,150.8,149.6
2024-12-29,Juventus,Fiorentina,2,2,D,1,1,D,15,11,5,4,7,2,14,9,17:00,-0.5,1.97,1.93,1.97,1.93,1.98,3.66,4.45,1.93,3.4,4.14,3,1,0,0,1.95,3.3,4.2,1.95,3.4,3.9,,,,1.96,3.32,4.45,2.1,1.73,2.16,1.75,2.12,1.72,2024-25,Serie A,1.74742,1.02946,1863.14038086,1786.5534668,76.58691406000003,5.534852291639714,3.499572319196193,13.490499476813252,10.371909702408123,1.772,0.758,0.758,1.772,2.4,1.4,6.0,3.2,4.0,3.0,14.8,9.8,60.2,49.0,1.6,3.4,11.0,11.2,168.0,140.6
2024-12-29,Milan,Roma,1,1,D,1,1,D,21,12,7,5,6,5,17,8,19:45,-0.25,1.95,1.95,1.96,1.94,2.31,3.65,3.35,2.22,3.44,3.21,4,4,0,0,2.25,3.4,3.2,2.15,3.5,3.3,,,,2.26,3.51,3.27,1.93,1.97,1.92,1.97,1.88,1.92,2024-25,Serie A,,,1840.24963379,1754.20727539,86.04235840000001,6.724603418044384,3.3371150331903667,16.7838989819256,9.422700639717648,1.256,0.948,0.948,1.256,1.0,1.8,5.8,3.2,4.6,2.6,16.4,10.4,52.6,56.2,1.6,3.6,12.6,11.2,163.8,161.2
2024-12-30,Bologna,Verona,2,3,A,1,2,A,23,8,7,4,11,5,9,24,19:45,-1.0,1.87,2.03,1.88,2.04,1.55,4.4,7.3,1.5,4.15,6.73,2,5,1,0,1.5,4.1,7.0,1.55,4.0,6.25,,,,1.51,4.28,6.99,2.01,1.89,1.99,1.9,1.97,1.84,2024-25,Serie A,2.86482,0.798964,1782.15917969,1610.78466797,171.37451171999987,4.1531486033289955,2.2501639163759646,16.122950879481273,11.385709987871255,2.048,,,2.048,4.6,,5.2,,6.2,,17.8,,61.6,,1.8,,12.2,,177.0,
2024-12-30,Como,Lecce,2,0,H,0,0,D,15,11,8,1,4,4,12,15,17:30,-0.75,1.95,1.95,1.96,1.94,1.77,3.87,5.3,1.73,3.7,4.95,3,2,0,0,1.7,3.7,5.0,1.77,3.6,4.75,,,,1.73,3.74,5.26,2.0,1.8,2.08,1.82,2.03,1.78,2024-25,Serie A,2.25936,0.436266,,1614.12768555,,6.392318244170097,2.2081391373576817,15.648834019204392,7.1065208502898995,1.348,0.652,0.652,1.348,2.0,0.6,5.4,2.6,4.6,2.8,14.8,7.6,51.4,37.0,1.8,5.2,14.2,13.2,205.6,155.6
2025-01-04,Verona,Udinese,0,0,D,0,0,D,13,15,3,6,7,3,14,16,19:45,0.25,1.7,2.1,1.79,2.15,3.26,3.1,2.6,3.08,3.02,2.52,3,2,1,0,3.0,3.0,2.55,3.1,3.0,2.45,,,,3.21,3.06,2.53,2.1,1.73,2.12,1.78,2.1,1.74,2024-25,Serie A,0.745287,0.655965,1623.94848633,1675.56884766,-51.62036133000015,4.470077238981957,3.4121814063485276,10.49604599149228,11.894399062540526,,0.926,0.926,,,1.0,,4.4,,4.4,,12.6,,48.2,,2.4,,13.8,,174.2
2025-01-04,Fiorentina,Napoli,0,3,A,0,1,A,14,10,2,4,4,2,17,15,17:00,0.0,2.06,1.84,2.09,1.83,3.12,3.25,2.63,2.92,3.19,2.53,0,1,0,0,2.88,3.25,2.55,2.9,3.2,2.5,,,,2.97,3.2,2.6,2.1,1.73,2.22,1.71,2.12,1.72,2024-25,Serie A,0.877617,1.59728,1789.76196289,1835.23181152,-45.469848630000115,7.141619047449729,5.970376124956632,12.869962168249042,12.647932743959698,1.792,1.342,1.342,1.792,2.8,2.0,6.2,5.0,3.8,4.2,13.0,11.8,45.6,53.8,2.0,2.6,8.8,8.6,149.2,159.8
2025-01-04,Venezia,Empoli,1,1,D,1,1,D,8,18,3,6,2,8,15,14,14:00,-0.25,2.0,1.9,2.0,1.91,2.39,3.26,3.44,2.33,3.14,3.29,1,2,0,0,2.3,3.1,3.4,2.35,3.1,3.25,,,,2.34,3.16,3.44,2.2,1.67,2.3,1.67,2.22,1.66,2024-25,Serie A,0.455526,1.52251,1570.87841797,1653.36743164,-82.48901366999985,4.466708020291485,4.209750001630497,12.078615381726648,9.498355498701017,1.622,0.776,0.776,1.622,2.8,0.8,4.6,4.0,3.4,2.0,13.2,9.4,50.2,41.8,2.8,2.2,9.6,17.6,162.0,165.8
2025-01-05,Monza,Cagliari,1,2,A,1,1,D,6,13,2,4,1,3,16,19,11:30,-0.25,2.1,1.8,2.13,1.8,2.54,3.32,3.13,2.44,3.22,3.01,2,2,1,0,2.4,3.25,3.0,2.4,3.25,3.0,,,,2.49,3.26,3.08,2.03,1.87,2.03,1.86,2.0,1.82,2024-25,Serie A,1.55837,0.781523,1630.19128418,1597.95153809,32.239746089999926,4.985717630819387,5.8791813338555405,16.379862194351574,11.343971102035676,1.188,1.308,1.308,1.188,1.6,2.0,5.2,5.4,6.8,4.4,16.2,9.6,50.6,49.8,4.4,2.8,13.2,12.8,171.0,154.6
2025-01-05,Lecce,Genoa,0,0,D,0,0,D,10,4,3,1,9,4,11,15,14:00,0.0,1.86,2.04,1.86,2.05,2.78,3.1,3.01,2.65,2.99,2.93,0,1,0,0,2.63,3.0,2.9,2.65,2.95,2.9,,,,2.72,3.02,2.99,2.38,1.57,2.47,1.58,2.4,1.57,2024-25,Serie A,0.545634,1.06752,1602.65246582,1682.75366211,-80.10119628999996,3.764092311002915,3.685415902897641,11.826161105990334,10.996510142912127,1.398,1.07,1.07,1.398,1.8,1.4,3.4,4.2,4.6,4.8,12.8,10.8,48.0,44.4,2.4,3.2,11.6,12.0,148.8,144.0
2025-01-05,Torino,Parma,0,0,D,0,0,D,12,10,4,3,8,7,9,9,17:00,-0.5,1.89,2.01,1.89,2.01,1.95,3.62,4.6,1.88,3.5,4.25,2,1,0,0,1.85,3.4,4.5,1.9,3.5,4.1,,,,1.88,3.58,4.42,2.01,1.89,2.0,1.89,1.96,1.84,2024-25,Serie A,,,1713.20361328,,,3.853115076644208,3.4823959762231373,7.675878213923754,9.50297210791038,0.702,0.686,0.686,0.702,1.4,1.2,3.4,3.8,3.8,1.2,8.0,9.0,45.8,39.0,4.2,3.0,14.4,7.4,154.6,174.6
2025-01-05,Roma,Lazio,2,0,H,2,0,H,7,17,5,6,3,10,12,18,19:45,0.0,1.82,2.08,1.82,2.11,2.64,3.29,3.0,2.52,3.17,2.92,4,5,0,1,2.55,3.1,3.0,2.5,3.25,2.85,,,,2.58,3.21,2.99,2.04,1.86,2.05,1.85,1.99,1.82,2024-25,Serie A,1.23422,1.31957,1757.65783691,1829.7479248,-72.09008788999995,4.942586082076961,5.379134160431546,16.514807481236296,12.944985149024705,1.926,1.91,1.91,1.926,2.8,3.0,4.4,5.8,4.8,4.4,14.2,14.2,55.6,54.6,2.2,1.2,11.8,13.0,150.4,166.4
2025-01-10,Lazio,Como,1,1,D,1,0,H,12,17,4,4,7,7,14,15,19:45,-0.5,1.95,1.98,1.95,1.95,1.99,3.7,4.56,1.92,3.47,4.11,4,3,1,0,1.9,3.4,4.2,1.9,3.5,4.0,,,,1.94,3.43,4.38,2.1,1.73,2.13,1.76,2.08,1.75,2024-25,Serie A,1.03936,1.9019,1816.91894531,,,3.4712965459392784,4.161713153482701,12.48570940153315,11.554945892394455,1.616,0.93,0.93,1.616,3.2,0.8,3.6,4.8,3.8,2.4,14.2,13.6,55.4,57.8,1.2,2.4,10.2,12.2,159.4,161.4
2025-01-11,Udinese,Atalanta,0,0,D,0,0,D,12,4,3,2,5,3,4,16,14:00,0.75,2.06,1.84,2.07,1.85,5.33,4.25,1.69,5.03,4.0,1.65,1,2,0,0,5.25,3.8,1.65,4.8,3.9,1.68,,,,5.24,4.1,1.66,1.85,2.05,1.82,2.06,1.79,2.03,2024-25,Serie A,2.05217,0.233045,1675.2232666,1919.76953125,-244.54626465,4.687194283343972,5.489048063819455,8.832950175389595,14.51121743224595,0.864,1.924,1.924,0.864,1.2,4.8,5.0,4.8,3.2,6.4,9.0,14.2,44.4,54.6,2.6,3.6,14.0,10.0,157.4,164.2
2025-01-11,Torino,Juventus,1,1,D,1,1,D,11,15,2,9,9,1,18,9,17:00,0.5,2.03,1.87,2.02,1.89,5.1,3.44,1.94,4.8,3.23,1.87,4,1,0,0,5.0,3.2,1.8,4.75,3.25,1.85,,,,5.1,3.25,1.88,2.63,1.5,2.65,1.52,2.53,1.51,2024-25,Serie A,0.411274,0.94701,1709.06176758,1859.93188477,-150.87011718999997,5.235410051096139,5.619061737678113,9.117252142615836,12.810492113484337,0.702,1.394,1.394,0.702,1.4,2.4,3.4,5.2,3.8,2.6,8.0,11.6,45.8,57.6,4.2,3.4,14.4,12.8,154.6,150.0
2025-01-11,Milan,Cagliari,1,1,D,0,0,D,24,6,11,2,9,1,9,11,19:45,-1.5,1.98,1.92,1.97,1.93,1.37,5.67,10.5,1.33,5.31,8.99,1,2,0,0,1.33,5.0,9.5,1.35,5.25,8.0,,,,1.32,5.67,9.6,1.62,2.3,1.61,2.4,1.6,2.34,2024-25,Serie A,,,1836.79907227,1607.84460449,228.95446777999996,6.483068945362923,4.91945422257036,18.1892659879504,11.895980734690452,1.256,1.308,1.308,1.256,1.0,2.0,5.8,5.4,4.6,4.4,16.4,9.6,52.6,49.8,1.6,2.8,12.6,12.8,163.8,154.6
2025-01-11,Empoli,Lecce,1,3,A,0,2,A,15,14,5,6,9,2,11,21,14:00,-0.5,2.06,1.84,2.09,1.83,2.12,3.25,4.33,2.04,3.12,4.13,0,3,0,0,2.0,3.1,4.33,2.05,3.1,4.0,,,,2.08,3.12,4.3,2.5,1.53,2.54,1.56,2.45,1.55,2024-25,Serie A,2.31529,1.57649,1652.1394043,1603.83862305,48.30078125,6.137492779457317,2.805426091571788,9.374903766522582,8.4043472335266,0.584,0.652,0.652,0.584,0.8,0.6,4.8,2.6,2.2,2.8,8.2,7.6,42.2,37.0,2.6,5.2,12.0,13.2,191.6,155.6
2025-01-12,Genoa,Parma,1,0,H,0,0,D,14,9,4,3,6,9,10,10,11:30,-0.5,1.99,1.91,2.01,1.9,2.0,3.81,4.0,1.96,3.54,3.81,2,3,0,0,1.91,3.5,4.0,1.95,3.5,3.75,,,,2.0,3.55,3.97,1.91,1.99,1.93,1.96,1.88,1.93,2024-25,Serie A,,,1681.56750488,,,4.87256524229678,4.654930650815425,10.924360836383087,9.668648071940254,1.018,0.686,0.686,1.018,1.0,1.2,5.4,3.8,5.0,1.2,11.6,9.0,43.4,39.0,3.4,3.0,12.2,7.4,147.2,174.6
2025-01-12,Venezia,Inter,0,1,A,0,1,A,7,17,2,6,4,5,12,11,14:00,1.5,2.03,1.78,2.08,1.84,11.2,6.17,1.31,10.35,5.73,1.28,4,1,0,0,11.0,5.25,1.29,10.5,5.75,1.28,,,,10.6,6.05,1.28,1.57,2.38,1.58,2.47,1.56,2.42,2024-25,Serie A,0.668042,2.35271,1572.10644531,,,3.6444720135276567,4.2732350465225295,10.7190769211511,15.307926397718614,1.622,2.082,2.082,1.622,2.8,3.6,4.6,4.6,3.4,6.0,13.2,14.0,50.2,66.4,2.8,1.8,9.6,9.4,162.0,164.333
2025-01-12,Bologna,Roma,2,2,D,0,0,D,14,11,8,4,5,4,18,10,17:00,0.0,2.01,1.89,2.0,1.91,2.86,3.44,2.69,2.77,3.23,2.61,4,1,0,0,2.8,3.2,2.6,2.75,3.2,2.65,,,,2.81,3.27,2.69,2.1,1.73,2.18,1.74,2.15,1.71,2024-25,Serie A,2.28949,1.58872,1768.99536133,1770.48669434,-1.491333010000062,6.43543240221933,3.891410022126911,18.41530058632085,10.281800426478432,2.048,0.948,0.948,2.048,4.6,1.8,5.2,3.2,6.2,2.6,17.8,10.4,61.6,56.2,1.8,3.6,12.2,11.2,177.0,161.2
2025-01-12,Napoli,Verona,2,0,H,1,0,H,14,6,3,2,8,1,6,5,19:45,-1.75,1.99,1.91,1.97,1.92,1.29,6.5,14.0,1.24,6.06,12.0,0,0,0,0,1.25,5.5,13.0,1.25,6.0,12.5,,,,1.24,6.38,12.18,1.67,2.2,1.65,2.31,1.64,2.25,2024-25,Serie A,1.59033,0.23211,1848.99194336,1624.29406738,224.69787598000016,9.223630569101218,3.1667759442506433,17.98812987526403,10.25713999191417,1.476,,,1.476,2.6,,9.6,,5.0,,17.6,,60.4,,1.2,,11.4,,150.8,
2025-01-13,Monza,Fiorentina,2,1,H,1,0,H,10,11,3,2,2,4,26,9,19:45,0.5,2.01,1.89,2.01,1.9,4.35,3.77,1.92,4.14,3.57,1.87,4,1,0,0,4.2,3.5,1.85,4.0,3.5,1.9,,,,4.28,3.68,1.88,2.04,1.86,2.04,1.85,1.99,1.82,2024-25,Serie A,0.988429,1.60714,1620.29821777,1776.00183105,-155.7036132799999,3.657145087212925,2.999714879464129,12.919908129567718,10.58127313493875,1.188,0.758,0.758,1.188,1.6,1.4,5.2,3.2,6.8,3.0,16.2,9.8,50.6,49.0,4.4,3.4,13.2,11.2,171.0,140.6
2025-01-14,Como,Milan,1,2,A,0,0,D,12,12,4,6,2,4,11,17,17:30,0.5,2.0,1.9,2.0,1.93,4.26,3.83,2.01,4.02,3.57,1.93,1,6,0,0,4.2,3.5,1.9,4.0,3.5,1.93,,,,4.26,3.66,1.92,1.84,2.06,1.84,2.06,1.81,2.01,2024-25,Serie A,,,,1830.3359375,,5.594878829446731,4.762991806281281,15.432556012802928,12.678079170295767,1.348,1.56,1.56,1.348,2.0,3.0,5.4,4.2,4.6,2.8,14.8,11.8,51.4,53.4,1.8,3.0,14.2,12.6,205.6,184.4
2025-01-14,Atalanta,Juventus,1,1,D,0,0,D,17,17,6,9,3,3,10,7,19:45,-0.25,1.82,2.08,1.83,2.11,2.16,3.37,3.98,2.11,3.2,3.81,1,1,0,0,2.1,3.25,3.7,2.1,3.1,3.8,,,,2.15,3.22,3.98,2.3,1.62,2.36,1.64,2.29,1.63,2024-25,Serie A,1.5823,2.27956,1914.44262695,1856.79821777,57.64440917999991,5.518856852260569,4.0793744917854085,15.718051417475674,13.540328075656223,1.608,1.394,1.394,1.608,3.6,2.4,5.2,5.2,4.8,2.6,15.6,11.6,58.8,57.6,2.2,3.4,10.4,12.8,163.0,150.0
2025-01-15,Inter,Bologna,2,2,D,2,1,H,12,14,6,6,3,3,19,13,19:45,-1.25,2.09,1.81,2.1,1.81,1.5,4.71,7.5,1.47,4.45,6.85,0,0,0,0,1.48,4.2,7.0,1.46,4.5,6.75,,,,1.49,4.5,6.91,1.73,2.1,1.81,2.08,1.77,2.06,2024-25,Serie A,1.79382,0.914393,,1767.97021484,,8.050949466692698,1.9127771232897663,17.253482774085807,9.173257879637,2.05,1.026,1.026,2.05,4.0,1.4,8.6,1.8,5.8,2.4,17.0,9.4,55.4,47.6,1.8,1.6,12.4,16.8,166.0,155.2
2025-01-17,Roma,Genoa,3,1,H,1,1,D,16,7,7,3,3,2,12,12,19:45,-1.0,1.88,2.05,1.89,2.04,1.55,4.35,8.57,1.49,4.18,7.13,1,1,0,0,1.5,4.1,6.5,1.49,4.2,7.0,,,,1.51,4.22,7.57,2.02,1.88,2.04,1.87,1.98,1.84,2024-25,Serie A,1.79725,0.494153,1771.51184082,1686.84191895,84.66992187000005,4.295057388051307,3.790277268598427,13.343204987490864,8.664340095274754,1.926,1.07,1.07,1.926,2.8,1.4,4.4,4.2,4.8,4.8,14.2,10.8,55.6,44.4,2.2,3.2,11.8,12.0,150.4,144.0
2025-01-18,Bologna,Monza,3,1,H,2,1,H,18,3,7,1,4,0,16,18,14:00,-1.0,2.08,1.82,2.09,1.83,1.65,4.12,6.24,1.61,3.88,5.85,1,3,0,0,1.6,3.75,6.0,1.63,3.8,5.5,,,,1.61,3.91,6.24,2.07,1.83,2.05,1.85,2.01,1.81,2024-25,Serie A,2.33675,0.410907,1774.38305664,1631.40112305,142.98193358999993,5.956954934812888,4.979761248205978,16.9435337242139,8.9869109094315,2.048,1.126,1.126,2.048,4.6,2.4,5.2,4.2,6.2,3.8,17.8,8.2,61.6,49.6,1.8,2.2,12.2,14.4,177.0,167.0
2025-01-18,Juventus,Milan,2,0,H,0,0,D,15,13,6,3,5,5,19,11,17:00,-0.25,1.89,2.01,1.9,2.01,2.25,3.42,3.75,2.2,3.24,3.47,0,2,0,0,2.15,3.3,3.4,2.2,3.2,3.4,,,,2.22,3.25,3.64,2.1,1.73,2.2,1.72,2.14,1.7,2024-25,Serie A,,,1859.47875977,1833.82739258,25.651367189999977,6.023234861093143,4.508661204187521,13.993666317875505,12.45205278019718,1.772,1.56,1.56,1.772,2.4,3.0,6.0,4.2,4.0,2.8,14.8,11.8,60.2,53.4,1.6,3.0,11.0,12.6,168.0,184.4
2025-01-18,Atalanta,Napoli,2,3,A,1,2,A,15,6,6,3,3,1,18,9,19:45,-0.25,2.01,1.89,2.03,1.88,2.4,3.39,3.3,2.32,3.24,3.21,4,2,0,0,2.25,3.25,3.25,2.25,3.25,3.25,,,,2.37,3.26,3.28,2.1,1.73,2.15,1.76,2.1,1.73,2024-25,Serie A,0.709505,1.2536,1911.76196289,1852.60327148,59.15869140999985,4.679237901507046,4.646917416637755,16.14536761165045,11.765288495973136,1.608,1.342,1.342,1.608,3.6,2.0,5.2,5.0,4.8,4.2,15.6,11.8,58.8,53.8,2.2,2.6,10.4,8.6,163.0,159.8
2025-01-19,Fiorentina,Torino,1,1,D,1,0,H,20,6,6,3,9,2,16,11,11:30,-0.75,1.99,1.91,1.98,1.93,1.78,3.64,5.61,1.74,3.46,5.34,3,3,0,1,1.73,3.4,5.5,1.73,3.5,5.25,,,,1.74,3.53,5.61,2.2,1.67,2.26,1.68,2.2,1.67,2024-25,Serie A,1.81758,0.540016,1764.89880371,1712.19543457,52.70336913999995,6.09441269829982,3.864336795041712,13.246641445499362,11.091144936166955,1.792,0.558,0.558,1.792,2.8,1.4,6.2,4.0,3.8,3.6,13.0,9.2,45.6,46.6,2.0,2.0,8.8,14.2,149.2,167.8
2025-01-19,Cagliari,Lecce,4,1,H,0,1,A,19,7,7,2,6,1,11,10,14:00,-0.5,1.98,1.92,1.97,1.93,1.99,3.66,4.25,1.95,3.44,4.03,3,1,0,1,1.95,3.3,4.1,1.93,3.4,4.0,,,,1.96,3.5,4.19,2.05,1.85,2.03,1.86,2.0,1.82,2024-25,Serie A,3.36227,0.388374,1614.30773926,1618.78967285,-4.481933589999926,5.206592148422299,2.5369507277145256,11.81294504929492,10.269564822351068,1.232,0.652,0.652,1.232,3.2,0.6,5.4,2.6,5.6,2.8,13.2,7.6,46.0,37.0,2.0,5.2,12.8,13.2,178.4,155.6
2025-01-19,Parma,Venezia,1,1,D,0,1,A,19,7,8,2,8,2,13,16,14:00,-0.25,1.93,1.97,1.95,1.95,2.25,3.79,3.3,2.18,3.56,3.18,2,3,0,0,2.15,3.7,3.1,2.15,3.6,3.2,,,,2.24,3.54,3.27,1.73,2.1,1.75,2.16,1.72,2.12,2024-25,Serie A,,,,1570.8449707,,4.214093380074177,3.1993601148578845,12.635624650713815,6.3725557861357345,1.338,0.558,0.558,1.338,1.6,1.4,3.6,2.8,1.8,3.0,12.4,6.0,45.4,40.0,3.8,5.0,9.8,13.2,162.8,149.6
2025-01-19,Verona,Lazio,0,3,A,0,2,A,16,14,3,5,5,6,10,8,17:00,0.75,1.87,2.03,1.88,2.03,5.0,3.9,1.82,4.62,3.67,1.77,6,2,1,0,5.0,3.5,1.75,4.5,3.7,1.77,,,,4.83,3.74,1.78,2.05,1.85,2.05,1.85,1.99,1.82,2024-25,Serie A,1.48598,1.99415,1620.68286133,1810.43811035,-189.7552490200001,5.313384825987971,6.919422773621031,11.330697327661522,14.296656766016469,,1.91,1.91,,,3.0,,5.8,,4.4,,14.2,,54.6,,1.2,,13.0,,166.4
2025-01-19,Inter,Empoli,3,1,H,0,0,D,18,5,7,1,7,3,11,9,19:45,-1.75,1.92,1.98,1.93,1.95,1.25,7.12,16.0,1.22,6.46,12.56,0,0,0,0,1.25,5.75,13.0,1.23,6.5,12.0,,,,1.22,6.93,12.09,1.57,2.38,1.6,2.41,1.57,2.39,2024-25,Serie A,1.6401,0.412045,,1637.18835449,,6.3672996444617995,5.473166667753665,15.50232184939054,12.332236999134013,2.05,0.776,0.776,2.05,4.0,0.8,8.6,4.0,5.8,2.0,17.0,9.4,55.4,41.8,1.8,2.2,12.4,17.6,166.0,165.8
2025-01-20,Como,Udinese,4,1,H,2,0,H,11,6,8,2,3,2,10,16,19:45,-0.25,1.87,2.03,1.86,2.05,2.22,3.5,3.7,2.14,3.36,3.49,2,4,1,1,2.15,3.4,3.4,2.1,3.3,3.6,,,,2.16,3.44,3.58,2.0,1.8,2.11,1.79,2.03,1.78,2024-25,Serie A,1.81904,0.847427,,1680.5501709,,4.396585886297822,3.274787604232352,14.288370675201952,12.929599375027015,1.348,0.926,0.926,1.348,2.0,1.0,5.4,4.4,4.6,4.4,14.8,12.6,51.4,48.2,1.8,2.4,14.2,13.8,205.6,174.2
2025-01-24,Torino,Cagliari,2,0,H,1,0,H,18,6,6,1,6,3,11,10,19:45,-0.25,1.91,2.02,1.92,2.01,2.34,3.25,3.73,2.25,3.13,3.53,0,1,0,0,2.2,3.2,3.6,2.25,3.1,3.4,,,,2.25,3.21,3.69,2.3,1.62,2.35,1.66,2.29,1.63,2024-25,Serie A,2.23206,0.270772,1717.53161621,1629.76586914,87.76574707000009,6.490273367397426,3.612969481713574,9.744834761743892,9.930653823126969,0.702,1.308,1.308,0.702,1.4,2.0,3.4,5.4,3.8,4.4,8.0,9.6,45.8,49.8,4.2,2.8,14.4,12.8,154.6,154.6
2025-01-25,Como,Atalanta,1,2,A,1,0,H,15,5,5,3,4,5,15,10,14:00,0.5,1.98,1.83,2.03,1.88,4.35,3.85,1.93,4.13,3.67,1.87,2,3,0,0,4.2,3.6,1.85,4.0,3.6,1.87,,,,4.31,3.7,1.88,1.8,2.0,1.81,2.08,1.78,2.04,2024-25,Serie A,0.704371,1.04831,,1906.51879883,,3.9310572575318816,4.659365375879637,13.192247116801305,11.007478288163968,1.348,1.924,1.924,1.348,2.0,4.8,5.4,4.8,4.6,6.4,14.8,14.2,51.4,54.6,1.8,3.6,14.2,10.0,205.6,164.2
2025-01-25,Napoli,Juventus,2,1,H,0,1,A,14,5,3,2,9,1,9,15,17:00,-0.25,1.84,2.09,1.83,2.09,2.21,3.21,4.0,2.14,3.1,3.82,0,0,0,0,2.15,3.1,3.8,2.15,3.1,3.7,,,,2.16,3.12,3.99,2.45,1.49,2.56,1.55,2.49,1.53,2024-25,Serie A,2.33562,1.02538,1866.01782227,1870.67834473,-4.660522460000038,8.815753712734146,3.719582994523606,16.65875325017602,14.693552050437484,1.476,1.394,1.394,1.476,2.6,2.4,9.6,5.2,5.0,2.6,17.6,11.6,60.4,57.6,1.2,3.4,11.4,12.8,150.8,150.0
2025-01-25,Empoli,Bologna,1,1,D,1,1,D,5,9,1,8,2,4,25,13,19:45,0.25,2.08,1.73,2.15,1.78,4.08,3.32,2.15,3.83,3.24,2.08,0,0,0,0,3.8,3.3,2.0,3.6,3.25,2.1,,,,4.03,3.28,2.08,2.3,1.62,2.35,1.65,2.31,1.61,2024-25,Serie A,0.83399,0.898773,1638.16186523,1788.49609375,-150.3342285199999,7.091661852971545,2.2751847488598447,11.24993584434839,10.782171919758,0.584,1.026,1.026,0.584,0.8,1.4,4.8,1.8,2.2,2.4,8.2,9.4,42.2,47.6,2.6,1.6,12.0,16.8,191.6,155.2
2025-01-26,Milan,Parma,3,2,H,1,1,D,14,12,5,5,7,4,14,7,11:30,-1.5,1.78,2.03,1.81,2.07,1.31,6.45,10.4,1.29,5.93,9.23,2,5,0,0,1.3,6.0,8.5,1.3,6.0,8.75,,,,1.29,6.09,9.43,1.44,2.75,1.43,2.88,1.42,2.81,2024-25,Serie A,,,1830.88049316,,,7.322045963575283,6.103287100543617,20.12617732530027,9.445765381293503,1.256,0.686,0.686,1.256,1.0,1.2,5.8,3.8,4.6,1.2,16.4,9.0,52.6,39.0,1.6,3.0,12.6,7.4,163.8,174.6
2025-01-26,Udinese,Roma,1,2,A,1,0,H,10,16,3,10,1,5,15,12,14:00,0.25,1.99,1.94,1.95,1.95,3.46,3.42,2.31,3.3,3.29,2.25,2,2,0,0,3.3,3.3,2.25,3.2,3.25,2.25,,,,3.39,3.35,2.27,2.1,1.73,2.12,1.78,2.08,1.75,2024-25,Serie A,0.805147,2.6168,1667.0657959,1772.04858398,-104.98278808000008,4.791462855562648,3.9276066814179416,9.88863345025973,10.521200284318954,0.864,0.948,0.948,0.864,1.2,1.8,5.0,3.2,3.2,2.6,9.0,10.4,44.4,56.2,2.6,3.6,14.0,11.2,157.4,161.2
2025-01-26,Lecce,Inter,0,4,A,0,2,A,17,9,4,5,7,0,13,12,17:00,1.5,1.93,2.0,1.92,1.98,11.0,5.58,1.37,9.16,5.27,1.33,0,2,0,0,9.5,5.25,1.33,8.75,5.25,1.34,,,,9.34,5.47,1.34,1.67,2.2,1.66,2.3,1.65,2.24,2024-25,Serie A,0.719003,2.58246,1608.94116211,,,5.509394874001943,4.51549003101502,11.21744073732689,15.87195093181241,1.398,2.082,2.082,1.398,1.8,3.6,3.4,4.6,4.6,6.0,12.8,14.0,48.0,66.4,2.4,1.8,11.6,9.4,148.8,164.333
2025-01-26,Lazio,Fiorentina,1,2,A,0,2,A,22,7,3,3,14,2,9,12,19:45,-0.5,2.04,1.89,2.01,1.89,2.07,3.6,4.0,2.0,3.47,3.78,1,4,0,1,2.0,3.5,3.8,2.05,3.4,3.6,,,,2.0,3.53,3.97,2.04,1.86,2.04,1.85,1.99,1.83,2024-25,Serie A,2.01121,1.20023,1826.26757812,1765.17224121,61.095336910000015,4.647531030626185,3.333143252976086,12.323806267688768,10.720848756625834,1.616,0.758,0.758,1.616,3.2,1.4,3.6,3.2,3.8,3.0,14.2,9.8,55.4,49.0,1.2,3.4,10.2,11.2,159.4,140.6
2025-01-27,Venezia,Verona,1,1,D,1,0,H,9,21,1,5,7,9,16,14,17:30,-0.25,1.92,2.01,1.92,1.99,2.3,3.54,3.47,2.19,3.38,3.34,1,1,0,0,2.15,3.5,3.25,2.2,3.4,3.25,,,,2.22,3.41,3.45,2.0,1.8,2.1,1.79,2.04,1.78,2024-25,Serie A,0.709709,2.17206,1575.47180176,1615.98461914,-40.51281737999989,3.762981342351772,2.444517296167096,9.479384614100734,8.838093327942781,1.622,,,1.622,2.8,,4.6,,3.4,,13.2,,50.2,,2.8,,9.6,,162.0,
2025-01-27,Genoa,Monza,2,0,H,0,0,D,18,5,6,1,9,6,13,19,19:45,-0.25,1.95,1.98,1.93,1.97,2.35,3.25,3.77,2.25,3.06,3.59,0,4,0,0,2.25,3.0,3.6,2.2,3.2,3.5,,,,2.28,3.08,3.7,2.5,1.53,2.52,1.56,2.43,1.56,2024-25,Serie A,3.31745,0.311849,1682.29711914,1628.68054199,53.61657715000001,5.248376828197854,3.319840832137319,11.94957389092206,6.991273939621001,1.018,1.126,1.126,1.018,1.0,2.4,5.4,4.2,5.0,3.8,11.6,8.2,43.4,49.6,3.4,2.2,12.2,14.4,147.2,167.0
2025-01-31,Parma,Lecce,1,3,A,1,1,D,19,6,7,3,3,2,8,14,19:45,-0.25,1.87,2.06,1.85,2.08,2.22,3.52,3.64,2.15,3.4,3.45,1,2,0,0,2.15,3.4,3.5,2.15,3.3,3.4,,,,2.13,3.51,3.64,1.86,2.04,1.88,2.03,1.84,1.99,2024-25,Serie A,,,,1596.37133789,,5.476062253382785,2.024633818476351,14.757083100475878,9.17970988156738,1.338,0.652,0.652,1.338,1.6,0.6,3.6,2.6,1.8,2.8,12.4,7.6,45.4,37.0,3.8,5.2,9.8,13.2,162.8,155.6
2025-02-01,Atalanta,Torino,1,1,D,1,1,D,22,5,10,3,8,0,6,11,17:00,-1.25,2.03,1.87,2.07,1.85,1.47,4.75,8.5,1.43,4.51,7.73,0,3,0,0,1.42,4.5,7.5,1.41,4.6,8.0,,,,1.45,4.57,7.66,1.95,1.95,1.95,1.93,1.9,1.92,2024-25,Serie A,3.35128,0.629596,1901.89807129,1715.37658691,186.52148437999995,4.119491934338031,3.2428911966944747,15.763578407766968,9.394096624111304,1.608,0.558,0.558,1.608,3.6,1.4,5.2,4.0,4.8,3.6,15.6,9.2,58.8,46.6,2.2,2.0,10.4,14.2,163.0,167.8
2025-02-01,Bologna,Como,2,0,H,1,0,H,15,8,4,1,4,2,16,18,19:45,-0.5,1.91,1.99,1.91,2.0,1.94,3.77,4.33,1.89,3.55,4.16,3,4,0,1,1.9,3.5,4.2,1.88,3.5,4.2,,,,1.9,3.62,4.29,2.03,1.87,2.04,1.85,2.0,1.83,2024-25,Serie A,1.681,0.640061,1779.26367188,,,5.304636623208593,5.107808768988468,17.295689149475933,13.36996392826297,2.048,0.93,0.93,2.048,4.6,0.8,5.2,4.8,6.2,2.4,17.8,13.6,61.6,57.8,1.8,2.4,12.2,12.2,177.0,161.4
2025-02-01,Monza,Verona,0,1,A,0,1,A,9,12,2,4,7,3,12,23,14:00,-0.25,2.0,1.9,2.02,1.89,2.4,3.24,3.55,2.31,3.1,3.38,2,3,0,0,2.3,3.0,3.5,2.25,3.2,3.4,,,,2.38,3.09,3.46,2.2,1.67,2.28,1.68,2.21,1.67,2024-25,Serie A,0.279515,0.854806,1611.0168457,1606.54919434,4.467651359999991,3.1047633914752835,4.629678197444731,11.946605419711812,12.89206221862852,1.188,,,1.188,1.6,,5.2,,6.8,,16.2,,50.6,,4.4,,13.2,,171.0,
2025-02-01,Udinese,Venezia,3,2,H,0,0,D,13,14,5,3,4,6,20,9,14:00,-0.5,1.86,2.04,1.86,2.05,1.9,3.78,4.66,1.84,3.53,4.41,3,3,0,0,1.83,3.4,4.5,1.85,3.5,4.33,,,,1.85,3.55,4.66,2.08,1.82,2.05,1.85,2.03,1.8,2024-25,Serie A,0.940092,1.36255,1651.41723633,1566.22521973,85.19201659999999,3.527641903708433,2.7995734099052565,9.925755633506489,6.581703857423824,0.864,0.558,0.558,0.864,1.2,1.4,5.0,2.8,3.2,3.0,9.0,6.0,44.4,40.0,2.6,5.0,14.0,13.2,157.4,149.6
2025-02-02,Milan,Inter,1,1,D,1,0,H,10,16,4,6,8,11,5,9,17:00,0.5,1.95,1.95,1.95,1.95,4.2,3.75,1.99,3.88,3.59,1.94,0,2,0,0,4.0,3.5,1.91,3.75,3.6,1.95,,,,4.03,3.67,1.94,1.8,2.0,1.81,2.07,1.81,2.0,2024-25,Serie A,,,1810.90563965,,,7.214697309050189,3.0103266873433467,18.084118216866848,13.581300621208277,1.256,2.082,2.082,1.256,1.0,3.6,5.8,4.6,4.6,6.0,16.4,14.0,52.6,66.4,1.6,1.8,12.6,9.4,163.8,164.333
2025-02-02,Roma,Napoli,1,1,D,0,1,A,12,5,2,2,2,3,9,13,19:45,0.25,1.83,2.07,1.82,2.1,3.3,3.32,2.5,3.1,3.19,2.42,2,1,0,0,3.1,3.2,2.38,3.1,3.2,2.35,,,,3.16,3.23,2.46,2.0,1.8,2.1,1.8,2.05,1.77,2024-25,Serie A,0.364702,0.384749,1775.73596191,1863.95800781,-88.22204590000001,3.863371592034205,3.4312782777585036,14.228803324993912,9.84352566398209,1.926,1.342,1.342,1.926,2.8,2.0,4.4,5.0,4.8,4.2,14.2,11.8,55.6,53.8,2.2,2.6,11.8,8.6,150.4,159.8
2025-02-02,Fiorentina,Genoa,2,1,H,2,0,H,7,17,6,3,1,8,17,14,14:00,-0.75,1.87,2.03,1.89,2.02,1.72,3.96,6.0,1.66,3.8,5.36,3,1,0,0,1.65,3.9,5.25,1.65,3.8,5.25,,,,1.68,3.84,5.52,2.0,1.8,2.12,1.78,2.05,1.78,2024-25,Serie A,0.695448,1.96523,1766.5032959,1681.27893066,85.22436524,7.0629417988665475,3.1935181790656184,15.49776096366624,8.109560063516504,1.792,1.07,1.07,1.792,2.8,1.4,6.2,4.2,3.8,4.8,13.0,10.8,45.6,44.4,2.0,3.2,8.8,12.0,149.2,144.0
2025-02-02,Juventus,Empoli,4,1,H,0,1,A,23,10,8,3,8,6,14,13,11:30,-1.25,1.89,2.01,1.9,2.01,1.42,4.95,9.5,1.37,4.74,8.93,0,3,0,1,1.36,4.75,9.0,1.37,4.8,8.75,,,,1.38,4.89,9.12,2.0,1.9,1.97,1.92,1.95,1.87,2024-25,Serie A,2.00759,0.94947,1835.28723145,1631.90405273,203.38317871999993,5.6821565740620965,4.648777778502444,14.32911087858367,9.888157999422674,1.772,0.776,0.776,1.772,2.4,0.8,6.0,4.0,4.0,2.0,14.8,9.4,60.2,41.8,1.6,2.2,11.0,17.6,168.0,165.8
2025-02-03,Cagliari,Lazio,1,2,A,0,1,A,15,11,5,6,7,7,14,9,19:45,0.5,1.87,2.03,1.87,2.04,3.9,3.74,2.08,3.67,3.52,2.02,0,0,0,0,3.9,3.4,2.0,3.5,3.6,2.05,,,,3.83,3.55,2.04,1.91,1.99,1.92,1.97,1.89,1.92,2024-25,Serie A,1.82889,1.9337,1613.2388916,1792.00354004,-178.76464843999997,5.471061432281533,6.612948515747354,14.20863003286328,14.197771177344311,1.232,1.91,1.91,1.232,3.2,3.0,5.4,5.8,5.6,4.4,13.2,14.2,46.0,54.6,2.0,1.2,12.8,13.0,178.4,166.4
2025-02-06,Fiorentina,Inter,3,0,H,0,0,D,10,11,6,2,1,8,11,10,17:00,0.5,1.84,2.06,1.87,2.04,3.82,3.81,2.08,3.67,3.55,2.02,0,0,0,0,3.6,3.5,2.05,3.7,3.5,2.0,,,,3.82,3.56,2.03,1.8,2.0,1.82,2.07,1.79,2.02,2024-25,Serie A,1.05274,0.589261,1771.62426758,,,5.041961199244366,5.673551124895565,12.665173975777495,14.387533747472183,1.792,2.082,2.082,1.792,2.8,3.6,6.2,4.6,3.8,6.0,13.0,14.0,45.6,66.4,2.0,1.8,8.8,9.4,149.2,164.333
2025-02-07,Como,Juventus,1,2,A,1,1,D,16,8,6,3,9,1,15,15,19:45,0.5,1.84,2.09,1.83,2.08,4.0,3.63,2.1,3.83,3.41,2.04,3,1,0,0,3.7,3.4,2.05,3.75,3.3,2.05,,,,3.87,3.41,2.07,2.0,1.8,2.11,1.79,2.07,1.78,2024-25,Serie A,0.935692,1.32392,,1840.41577148,,3.954038171687922,2.8130553296824043,13.79483141120087,11.46236803362499,1.348,1.394,1.394,1.348,2.0,2.4,5.4,5.2,4.6,2.6,14.8,11.6,51.4,57.6,1.8,3.4,14.2,12.8,205.6,150.0
2025-02-08,Verona,Atalanta,0,5,A,0,4,A,18,17,7,7,7,2,10,6,14:00,1.0,1.97,1.93,1.97,1.93,6.5,4.5,1.6,6.01,4.3,1.54,2,1,0,0,6.25,4.1,1.53,5.75,4.33,1.55,,,,6.08,4.38,1.55,1.73,2.1,1.76,2.13,1.75,2.1,2024-25,Serie A,1.78844,2.14751,1615.66821289,1896.23828125,-280.57006836000005,5.208923217325314,4.772910250586425,12.887131551774347,9.004985525442645,,1.924,1.924,,,4.8,,4.8,,6.4,,14.2,,54.6,,3.6,,10.0,,164.2
2025-02-08,Empoli,Milan,0,2,A,0,0,D,8,16,0,5,2,6,17,10,17:00,0.75,2.04,1.86,2.07,1.85,6.2,3.8,1.71,5.64,3.71,1.67,2,4,1,1,5.5,3.8,1.65,5.25,3.7,1.68,,,,6.15,3.7,1.65,1.95,1.95,1.93,1.95,1.92,1.91,2024-25,Serie A,,,1626.77563477,1814.82214355,-188.04650878000007,5.394441235314364,4.672440802791681,9.16662389623226,12.634701853464788,0.584,1.56,1.56,0.584,0.8,3.0,4.8,4.2,2.2,2.8,8.2,11.8,42.2,53.4,2.6,3.0,12.0,12.6,191.6,184.4
2025-02-08,Torino,Genoa,1,1,D,1,0,H,10,6,3,2,4,2,11,10,19:45,-0.25,1.92,1.98,1.94,1.96,2.35,3.16,3.8,2.27,3.0,3.66,2,2,0,0,2.2,3.1,3.6,2.15,3.0,3.75,,,,2.31,2.98,3.77,2.63,1.5,2.72,1.5,2.61,1.48,2024-25,Serie A,0.647236,0.308682,1721.03637695,1676.15795898,44.87841796999987,6.326848911598285,4.795678786043746,12.49655650782926,11.073040042344337,0.702,1.07,1.07,0.702,1.4,1.4,3.4,4.2,3.8,4.8,8.0,10.8,45.8,44.4,4.2,3.2,14.4,12.0,154.6,144.0
2025-02-09,Venezia,Roma,0,1,A,0,0,D,12,13,3,5,4,6,13,21,11:30,0.75,1.98,1.92,1.98,1.93,5.0,4.1,1.76,4.78,3.88,1.71,2,3,0,0,5.0,3.7,1.73,4.75,3.8,1.72,,,,4.97,3.97,1.71,1.8,2.0,1.82,2.06,1.79,2.04,2024-25,Serie A,0.905188,2.14236,1561.12353516,1777.18554688,-216.06201171999987,4.841987561567848,4.285071120945295,9.319589742733823,12.347466856212638,1.622,0.948,0.948,1.622,2.8,1.8,4.6,3.2,3.4,2.6,13.2,10.4,50.2,56.2,2.8,3.6,9.6,11.2,162.0,161.2
2025-02-09,Cagliari,Parma,2,1,H,0,0,D,14,9,3,1,7,6,14,12,14:00,-0.5,1.89,2.01,1.9,2.01,1.92,3.99,4.25,1.88,3.71,3.99,0,0,0,0,1.85,3.6,4.1,1.9,3.7,3.9,,,,1.89,3.74,4.18,1.73,2.1,1.75,2.17,1.74,2.12,2024-25,Serie A,,,1608.57714844,,,5.980707621521022,5.402191400362412,14.472420021908857,10.297176920862336,1.232,0.686,0.686,1.232,3.2,1.2,5.4,3.8,5.6,1.2,13.2,9.0,46.0,39.0,2.0,3.0,12.8,7.4,178.4,174.6
2025-02-09,Lazio,Monza,5,1,H,1,0,H,26,3,9,1,8,1,10,12,14:00,-1.25,1.85,2.05,1.81,2.09,1.39,5.34,9.5,1.36,4.97,8.72,0,1,0,0,1.38,4.75,8.5,1.38,5.0,7.75,,,,1.36,5.16,8.94,1.73,2.1,1.75,2.15,1.74,2.11,2024-25,Serie A,4.42993,0.87219,1796.6652832,1601.89782715,194.76745604999996,7.765020687084123,4.21322722142488,15.54920417845918,6.327515959747334,1.616,1.126,1.126,1.616,3.2,2.4,3.6,4.2,3.8,3.8,14.2,8.2,55.4,49.6,1.2,2.2,10.2,14.4,159.4,167.0
2025-02-09,Lecce,Bologna,0,0,D,0,0,D,6,8,1,2,6,5,14,16,17:00,0.5,1.99,1.91,1.99,1.92,4.75,3.61,1.95,4.34,3.42,1.9,0,2,0,0,4.2,3.5,1.91,4.33,3.3,1.9,,,,4.51,3.44,1.91,2.2,1.67,2.31,1.67,2.24,1.66,2024-25,Serie A,0.844895,0.8506,1608.88525391,1783.78088379,-174.8956298799999,6.006263249334629,2.850123165906563,13.14496049155126,10.188114613172,1.398,1.026,1.026,1.398,1.8,1.4,3.4,1.8,4.6,2.4,12.8,9.4,48.0,47.6,2.4,1.6,11.6,16.8,148.8,155.2
2025-02-09,Napoli,Udinese,1,1,D,1,1,D,18,8,4,4,6,6,11,10,19:45,-1.25,2.04,1.86,2.05,1.86,1.48,4.66,8.5,1.43,4.45,7.76,0,1,0,0,1.44,4.5,7.5,1.44,4.4,7.5,,,,1.44,4.51,8.04,2.01,1.89,1.98,1.91,1.95,1.88,2024-25,Serie A,2.07882,1.28733,1862.50842285,1656.5189209,205.98950195,8.877169141822765,2.8498584028215683,15.772502166784014,10.61973291668468,1.476,0.926,0.926,1.476,2.6,1.0,9.6,4.4,5.0,4.4,17.6,12.6,60.4,48.2,1.2,2.4,11.4,13.8,150.8,174.2
2025-02-10,Inter,Fiorentina,2,1,H,1,1,D,22,7,8,2,8,1,16,15,19:45,-1.25,2.07,1.83,2.11,1.79,1.53,4.9,7.5,1.47,4.57,6.59,4,3,0,0,1.48,4.75,6.5,1.47,4.6,6.5,,,,1.5,4.6,6.54,1.67,2.2,1.73,2.19,1.69,2.18,2024-25,Serie A,1.87526,1.03291,,1793.31298828,,6.578199762974533,2.8887621686507243,16.334881232927025,9.480565837750556,2.05,0.758,0.758,2.05,4.0,1.4,8.6,3.2,5.8,3.0,17.0,9.8,55.4,49.0,1.8,3.4,12.4,11.2,166.0,140.6
2025-02-14,Bologna,Torino,3,2,H,1,1,D,23,8,7,5,8,2,7,17,19:45,-0.75,2.1,1.83,2.09,1.85,1.84,3.47,5.6,1.8,3.37,5.25,0,4,0,0,1.8,3.4,5.0,,,,,,,1.81,3.4,5.47,2.5,1.53,2.57,1.56,2.49,1.55,2024-25,Serie A,3.46262,1.64846,1779.22888184,1717.77258301,61.45629882999992,4.869757748805728,2.1619274644629836,16.530459432983957,7.929397749407537,2.048,0.558,0.558,2.048,4.6,1.4,5.2,4.0,6.2,3.6,17.8,9.2,61.6,46.6,1.8,2.0,12.2,14.2,177.0,167.8
2025-02-15,Atalanta,Cagliari,0,0,D,0,0,D,9,3,2,0,8,2,7,11,14:00,-1.25,2.0,1.9,1.97,1.93,1.47,5.02,7.4,1.44,4.82,6.89,1,1,0,0,1.44,4.75,6.5,,,,,,,1.44,4.9,7.12,1.62,2.3,1.63,2.37,1.62,2.33,2024-25,Serie A,0.473748,0.123294,1898.12756348,1613.88244629,284.24511719,5.412994622892021,3.408646321142383,17.84238560517798,8.620435882084646,1.608,1.308,1.308,1.608,3.6,2.0,5.2,5.4,4.8,4.4,15.6,9.6,58.8,49.8,2.2,2.8,10.4,12.8,163.0,154.6
2025-02-15,Lazio,Napoli,2,2,D,1,1,D,12,6,5,3,7,1,9,19,17:00,0.0,1.9,2.0,1.9,2.01,2.73,3.44,2.89,2.66,3.18,2.79,2,2,0,0,2.63,3.2,2.8,,,,,,,2.71,3.19,2.85,2.1,1.73,2.18,1.74,2.13,1.74,2024-25,Serie A,0.883377,0.558588,1801.73327637,1855.58300781,-53.849731439999914,7.843347124722749,3.287518851839003,19.032802785639458,8.229017109321394,1.616,1.342,1.342,1.616,3.2,2.0,3.6,5.0,3.8,4.2,14.2,11.8,55.4,53.8,1.2,2.6,10.2,8.6,159.4,159.8
2025-02-15,Milan,Verona,1,0,H,0,0,D,18,7,3,2,10,7,11,18,19:45,-1.5,2.0,1.9,1.98,1.93,1.36,5.88,10.0,1.33,5.37,9.17,0,0,0,0,1.33,4.75,9.5,,,,,,,1.33,5.52,9.32,1.57,2.38,1.61,2.42,1.58,2.38,2024-25,Serie A,,,1816.74768066,1608.60693359,208.1407470700001,7.476464872700127,4.086452131629821,15.3894121445779,12.594708145752348,1.256,,,1.256,1.0,,5.8,,4.6,,16.4,,52.6,,1.6,,12.6,,163.8,
2025-02-16,Fiorentina,Como,0,2,A,0,1,A,5,8,3,4,2,1,14,24,11:30,-0.5,2.05,1.85,2.09,1.83,2.09,3.75,3.98,2.03,3.53,3.68,3,2,0,0,2.0,3.5,3.75,,,,,,,2.08,3.52,3.73,1.97,1.93,1.97,1.92,1.92,1.91,2024-25,Serie A,0.431215,0.875449,1789.2487793,,,3.694640799496245,4.071872512658979,11.776782650518332,11.579975952175314,1.792,0.93,0.93,1.792,2.8,0.8,6.2,4.8,3.8,2.4,13.0,13.6,45.6,57.8,2.0,2.4,8.8,12.2,149.2,161.4
2025-02-16,Monza,Lecce,0,0,D,0,0,D,8,19,3,5,3,7,10,18,14:00,0.0,1.95,1.95,1.95,1.95,2.81,3.35,2.8,2.73,3.13,2.74,2,2,0,0,2.7,3.2,2.7,,,,,,,2.8,3.14,2.8,2.3,1.62,2.38,1.63,2.31,1.63,2024-25,Serie A,0.278072,1.10949,1595.14880371,1611.75622559,-16.607421879999947,4.403175594316856,2.016422545650901,10.964403613141208,8.119806587711587,1.188,0.652,0.652,1.188,1.6,0.6,5.2,2.6,6.8,2.8,16.2,7.6,50.6,37.0,4.4,5.2,13.2,13.2,171.0,155.6
2025-02-16,Udinese,Empoli,3,0,H,1,0,H,17,16,9,4,9,5,12,17,14:00,-0.5,1.82,2.08,1.81,2.09,1.86,3.77,5.0,1.81,3.49,4.73,0,0,0,0,1.8,3.5,4.75,,,,,,,1.81,3.54,4.95,2.1,1.73,2.17,1.75,2.16,1.72,2024-25,Serie A,2.90516,2.47474,1661.76330566,1619.54406738,42.21923828000013,3.685094602472288,5.099185185668296,10.950503755670992,9.925438666281783,0.864,0.776,0.776,0.864,1.2,0.8,5.0,4.0,3.2,2.0,9.0,9.4,44.4,41.8,2.6,2.2,14.0,17.6,157.4,165.8
2025-02-16,Parma,Roma,0,1,A,0,1,A,5,16,1,4,1,10,11,5,17:00,0.5,1.84,2.06,1.83,2.1,3.85,3.69,2.15,3.62,3.56,2.04,0,0,0,0,3.6,3.5,2.05,,,,,,,3.65,3.57,2.09,1.73,2.1,1.78,2.13,1.75,2.11,2024-25,Serie A,,,,1782.31542969,,4.650708168921857,4.856714080630197,16.171388733650588,12.56497790414176,1.338,0.948,0.948,1.338,1.6,1.8,3.6,3.2,1.8,2.6,12.4,10.4,45.4,56.2,3.8,3.6,9.8,11.2,162.8,161.2
2025-02-16,Juventus,Inter,1,0,H,0,0,D,16,17,8,2,7,5,17,10,19:45,0.25,1.97,1.93,1.98,1.93,3.55,3.52,2.32,3.38,3.25,2.24,1,1,0,0,3.4,3.2,2.25,,,,,,,3.54,3.26,2.25,2.1,1.73,2.14,1.76,2.1,1.75,2024-25,Serie A,1.3662,2.08504,1845.25415039,,,6.454771049374731,6.44903408326371,17.219407252389114,13.258355831648124,1.772,2.082,2.082,1.772,2.4,3.6,6.0,4.6,4.0,6.0,14.8,14.0,60.2,66.4,1.6,1.8,11.0,9.4,168.0,164.333
2025-02-17,Genoa,Venezia,2,0,H,0,0,D,14,7,5,3,4,5,14,15,19:45,-0.5,1.89,2.01,1.88,2.02,1.94,3.75,4.6,1.89,3.47,4.33,1,1,0,0,1.85,3.4,4.5,,,,,,,1.88,3.53,4.56,2.1,1.73,2.11,1.78,2.09,1.75,2024-25,Serie A,1.60036,0.341183,1677.74084473,1556.40100098,121.33984375,6.498917885465236,3.866382273270171,13.96638259394804,9.05446923828255,1.018,0.558,0.558,1.018,1.0,1.4,5.4,2.8,5.0,3.0,11.6,6.0,43.4,40.0,3.4,5.0,12.2,13.2,147.2,149.6
2025-02-21,Lecce,Udinese,0,1,A,0,1,A,10,12,1,5,11,8,15,11,19:45,0.0,2.11,1.82,2.1,1.84,3.1,3.15,2.67,2.99,3.05,2.61,1,3,0,0,3.0,3.0,2.6,,,,,,,3.03,3.1,2.67,2.3,1.62,2.36,1.65,2.3,1.64,2024-25,Serie A,0.484479,1.52436,1599.44396973,1659.05847168,-59.614501949999976,6.00417549955642,3.899905601881046,10.763306994367507,9.74648861112312,1.398,0.926,0.926,1.398,1.8,1.0,3.4,4.4,4.6,4.4,12.8,12.6,48.0,48.2,2.4,2.4,11.6,13.8,148.8,174.2
2025-02-22,Torino,Milan,2,1,H,1,0,H,9,26,3,8,4,11,14,5,17:00,0.5,1.85,2.05,1.87,2.04,4.1,3.62,2.06,3.86,3.39,2.03,1,1,0,0,3.9,3.3,2.0,,,,,,,4.0,3.43,2.03,2.1,1.73,2.13,1.77,2.11,1.75,2024-25,Serie A,,,1699.03198242,1796.88684082,-97.8548584,5.5512326077321905,5.114960535194454,11.664371005219508,13.756467902309858,0.702,1.56,1.56,0.702,1.4,3.0,3.4,4.2,3.8,2.8,8.0,11.8,45.8,53.4,4.2,3.0,14.4,12.6,154.6,184.4
2025-02-22,Inter,Genoa,1,0,H,0,0,D,18,11,5,2,6,7,7,14,19:45,-1.5,1.84,2.06,1.81,2.07,1.29,6.5,13.0,1.26,5.9,11.5,0,2,0,0,1.27,5.25,13.0,,,,,,,1.26,6.13,11.46,1.67,2.2,1.69,2.23,1.67,2.23,2024-25,Serie A,1.3989,1.51356,,1670.60644531,,7.0521331753163565,3.8637858573624975,18.223254155284685,9.382026694896224,2.05,1.07,1.07,2.05,4.0,1.4,8.6,4.2,5.8,4.8,17.0,10.8,55.4,44.4,1.8,3.2,12.4,12.0,166.0,144.0
2025-02-22,Venezia,Lazio,0,0,D,0,0,D,9,9,2,3,6,6,21,12,14:00,0.75,2.06,1.84,2.07,1.84,5.4,4.2,1.71,5.08,4.06,1.66,4,2,0,0,5.0,4.0,1.67,,,,,,,5.32,4.11,1.65,1.8,2.0,1.81,2.08,1.79,2.06,2024-25,Serie A,0.995737,0.790887,1537.40600586,1789.02807617,-251.62207031000003,4.561325041045232,6.741965677164903,10.213059828489216,13.131847451562876,1.622,1.91,1.91,1.622,2.8,3.0,4.6,5.8,3.4,4.4,13.2,14.2,50.2,54.6,2.8,1.2,9.6,13.0,162.0,166.4
2025-02-22,Parma,Bologna,2,0,H,1,0,H,4,16,3,1,0,4,14,13,14:00,0.5,1.97,1.93,1.97,1.93,4.34,3.77,1.95,4.03,3.63,1.92,2,1,0,0,4.0,3.5,1.91,,,,,,,4.06,3.71,1.93,1.91,1.99,1.89,1.99,1.88,1.96,2024-25,Serie A,,,,1771.84008789,,3.433805445947905,3.5667487772710422,12.447592489100392,9.458743075448002,1.338,1.026,1.026,1.338,1.6,1.4,3.6,1.8,1.8,2.4,12.4,9.4,45.4,47.6,3.8,1.6,9.8,16.8,162.8,155.2
2025-02-23,Como,Napoli,2,1,H,1,1,D,8,13,3,4,4,6,17,14,11:30,0.25,1.98,1.92,1.98,1.93,3.67,3.36,2.28,3.54,3.17,2.22,1,3,0,0,3.6,3.0,2.25,,,,,,,3.6,3.2,2.26,2.2,1.67,2.26,1.69,2.2,1.69,2024-25,Serie A,0.466603,1.10277,,1842.15881348,,5.636025447791948,2.525012567892669,14.529887607467249,7.486011406214263,1.348,1.342,1.342,1.348,2.0,2.0,5.4,5.0,4.6,4.2,14.8,11.8,51.4,53.8,1.8,2.6,14.2,8.6,205.6,159.8
2025-02-23,Verona,Fiorentina,1,0,H,0,0,D,7,8,3,3,4,1,19,8,14:00,0.5,1.99,1.91,1.99,1.92,4.33,3.77,1.95,4.16,3.54,1.9,3,3,0,0,4.33,3.4,1.9,,,,,,,4.29,3.61,1.91,2.03,1.87,2.03,1.86,1.99,1.85,2024-25,Serie A,0.450798,1.15567,1592.84057617,1756.85351562,-164.01293944999998,5.805948811550209,2.259174779100483,14.591421034516234,8.653710558500372,,0.758,0.758,,,1.4,,3.2,,3.0,,9.8,,49.0,,3.4,,11.2,,140.6
2025-02-23,Empoli,Atalanta,0,5,A,0,3,A,10,14,1,8,3,4,4,17,17:00,1.0,1.91,1.99,1.93,1.97,6.5,4.4,1.61,5.82,4.16,1.56,0,1,0,0,6.25,3.9,1.57,,,,,,,5.89,4.27,1.58,1.8,2.0,1.81,2.08,1.79,2.05,2024-25,Serie A,0.775943,2.50618,1596.11938477,1851.36938477,-255.25,4.26296082354291,3.848606833724283,8.77774926415484,11.669990350295098,0.584,1.924,1.924,0.584,0.8,4.8,4.8,4.8,2.2,6.4,8.2,14.2,42.2,54.6,2.6,3.6,12.0,10.0,191.6,164.2
2025-02-23,Cagliari,Juventus,0,1,A,0,1,A,8,14,2,7,3,4,9,15,19:45,0.5,1.95,1.95,1.92,1.98,4.4,3.75,2.0,4.0,3.51,1.94,0,1,0,0,4.1,3.5,1.9,,,,,,,4.08,3.53,1.97,2.03,1.87,2.05,1.85,2.01,1.83,2024-25,Serie A,0.225637,2.20526,1608.15698242,1828.37426758,-220.21728515999985,6.320471747680681,2.208703553121603,14.31494668127257,10.308245355749994,1.232,1.394,1.394,1.232,3.2,2.4,5.4,5.2,5.6,2.6,13.2,11.6,46.0,57.6,2.0,3.4,12.8,12.8,178.4,150.0
2025-02-24,Roma,Monza,4,0,H,2,0,H,23,5,6,2,6,3,6,7,19:45,-1.5,1.98,1.92,1.98,1.93,1.34,5.71,11.0,1.32,5.26,9.74,0,1,0,0,1.33,4.75,11.0,,,,,,,1.33,5.42,9.88,1.73,2.1,1.73,2.19,1.72,2.14,2024-25,Serie A,2.16209,0.332233,1779.54077148,1581.33166504,198.20910644000017,3.2422477280228037,3.1421514809499205,13.485868883329276,5.21834397316489,1.926,1.126,1.126,1.926,2.8,2.4,4.4,4.2,4.8,3.8,14.2,8.2,55.6,49.6,2.2,2.2,11.8,14.4,150.4,167.0
2025-02-27,Bologna,Milan,2,1,H,0,1,A,14,8,4,4,4,5,13,15,19:45,0.0,2.06,1.84,2.08,1.84,2.94,3.42,2.63,2.84,3.28,2.54,1,2,0,0,2.88,3.3,2.5,,,,,,,2.91,3.33,2.58,1.96,1.82,2.02,1.87,1.99,1.84,2024-25,Serie A,,,1754.00708008,1787.34301758,-33.3359375,5.913171832537152,7.076640356796303,18.68697295532264,17.837645268206572,2.048,1.56,1.56,2.048,4.6,3.0,5.2,4.2,6.2,2.8,17.8,11.8,61.6,53.4,1.8,3.0,12.2,12.6,177.0,184.4
2025-02-28,Fiorentina,Lecce,1,0,H,1,0,H,10,8,3,3,5,2,10,12,19:45,-0.75,2.07,1.86,2.08,1.85,1.84,3.87,5.34,1.8,3.51,4.93,3,2,0,0,1.75,3.4,5.0,,,,,,,1.81,3.56,5.08,2.3,1.62,2.34,1.66,2.27,1.65,2024-25,Serie A,1.43821,1.11638,1745.79711914,1591.70727539,154.08984375,3.1297605329974965,3.677615030433934,9.517855100345557,11.746537725141058,1.792,0.652,0.652,1.792,2.8,0.6,6.2,2.6,3.8,2.8,13.0,7.6,45.6,37.0,2.0,5.2,8.8,13.2,149.2,155.6
2025-03-01,Napoli,Inter,1,1,D,0,1,A,19,6,4,1,12,3,7,15,17:00,0.25,1.86,2.07,1.86,2.05,3.35,3.29,2.44,3.2,3.16,2.39,1,0,0,0,3.1,3.2,2.38,,,,,,,3.31,3.18,2.4,2.2,1.67,2.22,1.71,2.16,1.71,2024-25,Serie A,1.72874,0.452597,1829.08410645,,,7.918112761215178,5.966022722175808,16.515001444522674,14.505570554432085,1.476,2.082,2.082,1.476,2.6,3.6,9.6,4.6,5.0,6.0,17.6,14.0,60.4,66.4,1.2,1.8,11.4,9.4,150.8,164.333
2025-03-01,Atalanta,Venezia,0,0,D,0,0,D,18,8,3,2,3,2,12,14,14:00,-1.75,1.84,2.09,1.79,2.09,1.23,7.7,16.0,1.2,6.85,13.99,1,2,0,0,1.2,6.5,15.0,,,,,,,1.2,7.1,14.07,1.53,2.5,1.54,2.55,1.52,2.51,2024-25,Serie A,3.34552,0.359199,1858.71936035,1542.77563477,315.9437255800001,6.275329748594681,4.244254848846781,14.89492373678532,8.369646158855033,1.608,0.558,0.558,1.608,3.6,1.4,5.2,2.8,4.8,3.0,15.6,6.0,58.8,40.0,2.2,5.0,10.4,13.2,163.0,149.6
2025-03-01,Udinese,Parma,1,0,H,1,0,H,20,9,6,4,7,7,15,7,19:45,-0.5,1.78,2.03,1.81,2.09,1.87,3.75,4.81,1.81,3.59,4.54,1,1,0,0,1.8,3.6,4.5,,,,,,,1.81,3.62,4.81,1.91,1.99,1.92,1.97,1.87,1.95,2024-25,Serie A,,,1666.79516602,,,5.456729734981526,5.601460933574941,12.967002503780662,9.864784613908224,0.864,0.686,0.686,0.864,1.2,1.2,5.0,3.8,3.2,1.2,9.0,9.0,44.4,39.0,2.6,3.0,14.0,7.4,157.4,174.6
2025-03-02,Monza,Torino,0,2,A,0,1,A,9,13,2,7,1,4,10,20,11:30,0.5,1.91,2.02,1.91,2.0,4.4,3.52,2.02,4.06,3.33,1.98,2,2,0,0,4.1,3.3,1.95,,,,,,,4.24,3.39,1.99,2.3,1.62,2.38,1.63,2.33,1.62,2024-25,Serie A,0.582104,1.43219,1575.59082031,1708.57580566,-132.98498535,3.935450396211238,2.1079516429753227,9.976269075427473,7.952931832938358,1.188,0.558,0.558,1.188,1.6,1.4,5.2,4.0,6.8,3.6,16.2,9.2,50.6,46.6,4.4,2.0,13.2,14.2,171.0,167.8
2025-03-02,Roma,Como,2,1,H,0,1,A,11,10,4,3,1,2,6,18,17:00,-0.5,1.94,1.99,1.94,1.96,1.97,3.77,4.2,1.92,3.59,4.0,2,7,0,1,1.87,3.6,4.0,,,,,,,1.93,3.7,4.05,2.03,1.87,2.02,1.87,1.99,1.85,2024-25,Serie A,1.59518,1.29634,1785.28161621,,,4.161498485348536,3.04791500843932,16.657245922219516,10.386650634783544,1.926,0.93,0.93,1.926,2.8,0.8,4.4,4.8,4.8,2.4,14.2,13.6,55.6,57.8,2.2,2.4,11.8,12.2,150.4,161.4
2025-03-02,Genoa,Empoli,1,1,D,0,1,A,5,7,1,1,3,6,12,18,14:00,-0.5,1.99,1.94,1.99,1.92,2.03,3.34,4.75,1.95,3.23,4.35,1,3,0,0,1.91,3.1,4.75,,,,,,,1.98,3.3,4.4,2.3,1.62,2.38,1.63,2.32,1.62,2024-25,Serie A,0.229571,1.00977,1668.66809082,1588.76940918,79.89868164000018,5.6659452569768245,5.066123457112198,13.97758839596536,11.950292444187856,1.018,0.776,0.776,1.018,1.0,0.8,5.4,4.0,5.0,2.0,11.6,9.4,43.4,41.8,3.4,2.2,12.2,17.6,147.2,165.8
2025-03-02,Bologna,Cagliari,2,1,H,0,1,A,15,2,5,1,4,1,15,24,14:00,-1.0,2.05,1.88,2.02,1.89,1.63,4.2,6.6,1.57,3.98,6.16,1,2,0,0,1.57,3.75,6.5,,,,,,,1.56,4.07,6.55,2.0,1.8,2.08,1.83,2.04,1.8,2024-25,Serie A,2.25801,0.68032,1761.85327148,1604.19030762,157.66296386,5.2754478883581015,2.9390975474282555,17.12464863688176,6.746957254723098,2.048,1.308,1.308,2.048,4.6,2.0,5.2,5.4,6.2,4.4,17.8,9.6,61.6,49.8,1.8,2.8,12.2,12.8,177.0,154.6
2025-03-02,Milan,Lazio,1,2,A,0,1,A,15,21,4,8,3,5,14,6,19:45,-0.5,2.09,1.84,2.08,1.84,2.11,3.77,3.63,2.05,3.59,3.5,2,1,1,0,2.05,3.6,3.5,,,,,,,2.07,3.65,3.61,1.86,2.04,1.85,2.04,1.83,2.01,2024-25,Serie A,,,1779.49682617,1783.65856934,-4.161743169999909,8.317643248466752,6.494643784776603,16.259608096385268,11.754564967708584,1.256,1.91,1.91,1.256,1.0,3.0,5.8,5.8,4.6,4.4,16.4,14.2,52.6,54.6,1.6,1.2,12.6,13.0,163.8,166.4
2025-03-03,Juventus,Verona,2,0,H,0,0,D,27,5,9,2,6,0,14,8,19:45,-1.5,1.94,1.99,1.93,1.97,1.33,5.79,12.0,1.29,5.37,10.71,1,0,0,0,1.3,5.0,12.0,,,,,,,1.3,5.57,10.96,1.8,2.0,1.81,2.07,1.8,2.03,2024-25,Serie A,1.97535,0.269838,1832.34082031,1603.89697266,228.44384764999995,6.636514032916487,5.057634754419881,16.81293816825941,10.729805430501568,1.772,,,1.772,2.4,,6.0,,4.0,,14.8,,60.2,,1.6,,11.0,,168.0,
2025-03-07,Cagliari,Genoa,1,1,D,1,0,H,9,8,1,2,2,5,16,15,19:45,-0.25,2.08,1.82,2.09,1.83,2.52,3.19,3.32,2.45,3.06,3.2,2,2,0,0,2.45,3.0,3.2,,,,,,,2.47,3.08,3.29,2.5,1.53,2.5,1.57,2.44,1.56,2024-25,Serie A,0.809829,1.43054,1602.75402832,1667.24255371,-64.48852538999995,5.213647831787122,4.909190571574998,12.209964454181714,9.921351129930816,1.232,1.07,1.07,1.232,3.2,1.4,5.4,4.2,5.6,4.8,13.2,10.8,46.0,44.4,2.0,3.2,12.8,12.0,178.4,144.0
2025-03-08,Lecce,Milan,2,3,A,1,0,H,11,16,3,9,2,7,13,7,17:00,0.75,1.89,2.01,1.9,2.01,4.9,3.81,1.82,4.64,3.69,1.78,2,1,0,0,4.75,3.6,1.75,,,,,,,4.83,3.77,1.78,1.88,2.02,1.87,2.02,1.84,1.99,2024-25,Serie A,,,1590.15722656,1772.41552734,-182.2583007799999,7.669450333037615,6.384426904530869,10.50887132957834,14.558430178804382,1.398,1.56,1.56,1.398,1.8,3.0,3.4,4.2,4.6,2.8,12.8,11.8,48.0,53.4,2.4,3.0,11.6,12.6,148.8,184.4
2025-03-08,Inter,Monza,3,2,H,1,2,A,30,8,9,4,13,1,8,7,19:45,-2.25,2.05,1.85,2.08,1.83,1.15,11.0,23.0,1.13,8.77,19.43,0,1,0,0,1.14,7.0,21.0,,,,,,,1.13,9.61,18.68,1.5,2.63,1.52,2.6,1.5,2.57,2024-25,Serie A,3.0629,0.779109,,1569.25708008,,6.701422116877572,3.094767653966614,18.148836103523124,5.145562648776593,2.05,1.126,1.126,2.05,4.0,2.4,8.6,4.2,5.8,3.8,17.0,8.2,55.4,49.6,1.8,2.2,12.4,14.4,166.0,167.0
2025-03-08,Como,Venezia,1,1,D,0,0,D,12,11,7,6,3,5,11,14,14:00,-1.0,2.02,1.88,2.03,1.88,1.61,4.1,6.6,1.58,3.92,6.19,2,3,0,0,1.57,3.8,6.5,,,,,,,1.59,3.99,6.38,2.03,1.87,2.03,1.87,1.99,1.85,2024-25,Serie A,1.2727,1.80606,,1552.5645752,,5.090683631861299,3.4961698992311874,12.353258404978169,8.246430772570022,1.348,0.558,0.558,1.348,2.0,1.4,5.4,2.8,4.6,3.0,14.8,6.0,51.4,40.0,1.8,5.0,14.2,13.2,205.6,149.6
2025-03-08,Parma,Torino,2,2,D,0,1,A,12,6,4,2,7,4,16,15,14:00,0.25,1.8,2.1,1.83,2.1,3.19,3.31,2.48,3.07,3.23,2.43,4,2,0,0,3.0,3.25,2.4,,,,,,,3.16,3.23,2.46,2.1,1.73,2.17,1.74,2.12,1.74,2024-25,Serie A,,,,1718.95495605,,2.289203630631937,2.738634428650215,9.63172832606693,9.635287888625571,1.338,0.558,0.558,1.338,1.6,1.4,3.6,4.0,1.8,3.6,12.4,9.2,45.4,46.6,3.8,2.0,9.8,14.2,162.8,167.8
2025-03-09,Empoli,Roma,0,1,A,0,1,A,3,16,1,7,1,9,12,10,17:00,0.5,1.88,2.02,1.91,2.0,4.08,3.6,2.07,3.9,3.44,1.99,0,0,0,0,3.9,3.3,2.0,,,,,,,4.01,3.53,1.99,2.05,1.85,2.08,1.82,2.04,1.8,2024-25,Serie A,0.0771894,2.99912,1594.24035645,1794.01928711,-199.77893066,3.84197388236194,6.571142720420131,9.185166176103229,13.70998526942784,0.584,0.948,0.948,0.584,0.8,1.8,4.8,3.2,2.2,2.6,8.2,10.4,42.2,56.2,2.6,3.6,12.0,11.2,191.6,161.2
2025-03-09,Juventus,Atalanta,0,4,A,0,1,A,9,19,2,9,2,5,12,11,19:45,0.0,1.84,2.06,1.83,2.09,2.64,3.33,2.98,2.52,3.25,2.88,1,1,0,0,2.5,3.25,2.88,,,,,,,2.57,3.31,2.92,2.04,1.86,2.04,1.85,1.99,1.84,2024-25,Serie A,0.940693,3.93513,1837.85766602,1852.97583008,-15.118164060000026,6.424342688610992,3.899071222482856,20.208625445506275,12.446660233530066,1.772,1.924,1.924,1.772,2.4,4.8,6.0,4.8,4.0,6.4,14.8,14.2,60.2,54.6,1.6,3.6,11.0,10.0,168.0,164.2
2025-03-09,Verona,Bologna,1,2,A,0,1,A,7,12,2,6,1,3,23,11,11:30,0.75,1.85,2.05,1.86,2.05,5.3,3.6,1.84,5.01,3.45,1.79,2,1,1,0,5.25,3.3,1.75,,,,,,,5.18,3.54,1.78,2.3,1.62,2.32,1.65,2.29,1.63,2024-25,Serie A,1.28101,1.38177,1602.42553711,1767.33508301,-164.9095459,5.203965874366807,3.711165851514029,12.060947356344158,11.639162050298667,,1.026,1.026,,,1.4,,1.8,,2.4,,9.4,,47.6,,1.6,,16.8,,155.2
2025-03-09,Napoli,Fiorentina,2,1,H,1,0,H,19,7,11,2,4,4,10,5,14:00,-1.0,2.0,1.9,2.0,1.9,1.63,4.25,6.6,1.57,3.99,6.22,1,2,0,0,1.55,4.0,6.25,,,,,,,1.57,4.06,6.52,2.05,1.68,2.11,1.78,2.08,1.76,2024-25,Serie A,2.93764,1.05617,1833.2097168,1747.37573242,85.83398437999995,9.27874184081012,1.8394498527336551,17.343334296348452,8.435807039000249,1.476,0.758,0.758,1.476,2.6,1.4,9.6,3.2,5.0,3.0,17.6,9.8,60.4,49.0,1.2,3.4,11.4,11.2,150.8,140.6
2025-03-10,Lazio,Udinese,1,1,D,1,1,D,10,15,5,4,4,9,9,11,19:45,-0.75,2.0,1.9,2.0,1.91,1.78,3.87,5.4,1.74,3.69,4.88,2,4,0,0,1.73,3.5,5.25,,,,,,,1.77,3.73,4.93,1.95,1.95,1.94,1.94,1.9,1.92,2024-25,Serie A,1.01458,1.23859,1798.0222168,1673.34765625,124.67456055000002,7.562231416481833,5.266603734587364,16.688535190426304,10.49765907408208,1.616,0.926,0.926,1.616,3.2,1.0,3.6,4.4,3.8,4.4,14.2,12.6,55.4,48.2,1.2,2.4,10.2,13.8,159.4,174.2
2025-03-14,Genoa,Lecce,2,1,H,2,0,H,8,15,2,2,3,3,12,10,19:45,-0.5,2.08,1.73,2.13,1.79,2.18,3.15,4.4,2.11,2.99,4.22,3,2,0,0,2.15,2.9,4.2,,,,,,,2.13,3.01,4.3,2.63,1.5,2.74,1.49,2.65,1.48,2024-25,Serie A,1.06034,1.20452,1665.31689453,1584.03588867,81.28100585999982,4.77729683798455,3.1184100202892893,10.985058930643577,10.497691816760709,1.018,0.652,0.652,1.018,1.0,0.6,5.4,2.6,5.0,2.8,11.6,7.6,43.4,37.0,3.4,5.2,12.2,13.2,147.2,155.6
2025-03-15,Milan,Como,2,1,H,0,1,A,9,15,3,6,0,5,21,7,17:00,-0.75,2.05,1.85,2.04,1.88,1.87,4.0,4.7,1.8,3.79,4.41,3,3,0,1,1.8,3.6,4.5,,,,,,,1.8,3.87,4.52,1.73,2.1,1.76,2.15,1.75,2.1,2024-25,Serie A,,,1775.86364746,,,6.545095498977835,2.6986100056262137,15.839738730923512,10.257767089855696,1.256,0.93,0.93,1.256,1.0,0.8,5.8,4.8,4.6,2.4,16.4,13.6,52.6,57.8,1.6,2.4,12.6,12.2,163.8,161.4
2025-03-15,Torino,Empoli,1,0,H,0,0,D,13,16,3,2,5,5,9,12,19:45,-0.5,1.85,2.05,1.85,2.06,1.89,3.5,5.0,1.84,3.38,4.77,1,0,0,0,1.8,3.3,5.0,,,,,,,1.85,3.4,4.99,2.3,1.62,2.34,1.65,2.29,1.62,2024-25,Serie A,0.701071,1.73375,1714.58898926,1588.54516602,126.04382324000017,5.034155071821461,5.377415638074799,10.776247336813006,10.300194962791904,0.702,0.776,0.776,0.702,1.4,0.8,3.4,4.0,3.8,2.0,8.0,9.4,45.8,41.8,4.2,2.2,14.4,17.6,154.6,165.8
2025-03-15,Udinese,Verona,0,1,A,0,0,D,11,7,3,2,2,1,21,16,14:00,-0.75,1.99,1.91,2.01,1.9,1.82,3.67,5.4,1.76,3.55,4.97,5,2,0,0,1.73,3.5,5.0,,,,,,,1.76,3.59,5.23,2.1,1.73,2.15,1.76,2.11,1.74,2024-25,Serie A,0.318009,0.542985,1676.47814941,1596.03527832,80.44287108999993,5.971153156654351,3.371756502946588,15.311335002520442,8.819870287001045,0.864,,,0.864,1.2,,5.0,,3.2,,9.0,,44.4,,2.6,,14.0,,157.4,
2025-03-15,Monza,Parma,1,1,D,0,0,D,12,14,4,6,6,3,14,16,14:00,0.0,2.1,1.7,2.12,1.81,3.15,3.35,2.64,3.04,3.08,2.54,0,3,0,0,3.1,3.0,2.45,,,,,,,3.06,3.09,2.61,2.1,1.73,2.15,1.76,2.1,1.75,2024-25,Serie A,,,1566.89929199,,,2.9569669308074924,6.067640622383294,9.650846050284985,9.576523075938816,1.188,0.686,0.686,1.188,1.6,1.2,5.2,3.8,6.8,1.2,16.2,9.0,50.6,39.0,4.4,3.0,13.2,7.4,171.0,174.6
2025-03-16,Venezia,Napoli,0,0,D,0,0,D,13,15,4,7,3,8,19,8,11:30,1.0,1.95,1.95,1.95,1.95,7.0,4.33,1.57,6.57,4.12,1.52,2,1,0,0,5.75,4.33,1.53,,,,,,,6.94,4.15,1.53,2.07,1.83,2.08,1.83,2.03,1.81,2024-25,Serie A,1.04696,1.2665,1554.00488281,1836.70129395,-282.69641114,5.040883360696822,3.6833417119284464,9.808706552326145,9.324007604142842,1.622,1.342,1.342,1.622,2.8,2.0,4.6,5.0,3.4,4.2,13.2,11.8,50.2,53.8,2.8,2.6,9.6,8.6,162.0,159.8
2025-03-16,Bologna,Lazio,5,0,H,1,0,H,13,7,7,2,7,1,18,16,14:00,-0.25,2.04,1.86,2.04,1.87,2.45,3.35,3.35,2.39,3.12,3.23,2,3,0,0,2.4,3.1,3.25,,,,,,,2.4,3.15,3.34,2.2,1.67,2.24,1.7,2.19,1.69,2024-25,Serie A,2.85431,0.600718,1771.05212402,1792.6907959,-21.638671879999947,4.850298592238735,5.996429189851069,16.41643242458784,14.836376645139058,2.048,1.91,1.91,2.048,4.6,3.0,5.2,5.8,6.2,4.4,17.8,14.2,61.6,54.6,1.8,1.2,12.2,13.0,177.0,166.4
2025-03-16,Roma,Cagliari,1,0,H,0,0,D,13,11,1,5,8,3,4,12,15:00,-1.0,1.98,1.92,1.98,1.93,1.59,4.3,6.52,1.55,4.11,6.18,0,2,0,0,1.55,4.2,5.75,,,,,,,1.56,4.19,6.39,2.0,1.9,1.98,1.9,1.94,1.88,2024-25,Serie A,1.61105,1.10046,1783.35437012,1602.00646973,181.34790039000015,3.107665656899025,2.292731698285504,14.77149728147968,5.164638169815399,1.926,1.308,1.308,1.926,2.8,2.0,4.4,5.4,4.8,4.4,14.2,9.6,55.6,49.8,2.2,2.8,11.8,12.8,150.4,154.6
2025-03-16,Fiorentina,Juventus,3,0,H,2,0,H,9,11,3,2,1,6,9,13,17:00,0.25,1.95,1.95,1.93,1.97,3.54,3.25,2.35,3.41,3.16,2.28,2,3,0,0,3.4,3.2,2.25,,,,,,,3.48,3.18,2.32,2.3,1.62,2.33,1.65,2.28,1.64,2024-25,Serie A,0.508254,0.597644,1748.38842773,1818.78649902,-70.39807128999996,3.753173688664998,2.8058023687477354,9.678570066897038,11.538830237166664,1.792,1.394,1.394,1.792,2.8,2.4,6.2,5.2,3.8,2.6,13.0,11.6,45.6,57.6,2.0,3.4,8.8,12.8,149.2,150.0
2025-03-16,Atalanta,Inter,0,2,A,0,0,D,16,14,3,5,2,6,11,14,19:45,0.0,1.87,2.03,1.85,2.07,2.65,3.54,2.87,2.55,3.34,2.79,3,3,1,1,2.55,3.3,2.8,,,,,,,2.57,3.38,2.87,1.95,1.95,1.94,1.94,1.91,1.92,2024-25,Serie A,0.682065,2.28143,1869.37390137,,,5.183553165729788,4.977348481450539,15.929949157856882,11.67038036962139,1.608,2.082,2.082,1.608,3.6,3.6,5.2,4.6,4.8,6.0,15.6,14.0,58.8,66.4,2.2,1.8,10.4,9.4,163.0,164.333
2025-03-29,Como,Empoli,1,1,D,0,0,D,16,14,5,4,4,1,5,22,14:00,-0.75,2.03,1.87,2.03,1.88,1.82,3.6,5.72,1.76,3.41,5.32,2,5,0,1,1.75,3.3,5.25,,,,,,,1.78,3.35,5.66,2.1,1.73,2.18,1.73,2.12,1.73,2024-25,Serie A,1.93663,1.78514,,1584.33508301,,4.393789087907533,5.2516104253832,12.23550560331878,12.200129975194605,1.348,0.776,0.776,1.348,2.0,0.8,5.4,4.0,4.6,2.0,14.8,9.4,51.4,41.8,1.8,2.2,14.2,17.6,205.6,165.8
2025-03-29,Venezia,Bologna,0,1,A,0,0,D,6,13,3,4,2,3,14,21,14:00,0.5,2.03,1.78,2.08,1.84,5.0,3.71,1.86,4.73,3.5,1.8,4,1,0,0,5.0,3.5,1.75,,,,,,,4.86,3.51,1.83,2.2,1.67,2.27,1.68,2.19,1.68,2024-25,Serie A,0.683347,1.29589,1560.00146484,1787.96337891,-227.96191407000015,4.3605889071312145,3.474110567676019,10.872471034884096,11.75944136686578,1.622,1.026,1.026,1.622,2.8,1.4,4.6,1.8,3.4,2.4,13.2,9.4,50.2,47.6,2.8,1.6,9.6,16.8,162.0,155.2
2025-03-29,Juventus,Genoa,1,0,H,1,0,H,9,9,6,3,4,3,13,11,17:00,-1.0,1.98,1.92,1.96,1.94,1.58,4.23,7.5,1.54,3.97,6.82,3,2,0,0,1.53,3.9,7.0,,,,,,,1.54,4.06,7.08,2.1,1.73,2.17,1.74,2.14,1.71,2024-25,Serie A,1.50908,0.263169,1803.27697754,1670.5625,132.71447753999996,4.949561792407329,4.939460381049999,16.472416963670852,9.280900753287211,1.772,1.07,1.07,1.772,2.4,1.4,6.0,4.2,4.0,4.8,14.8,10.8,60.2,44.4,1.6,3.2,11.0,12.0,168.0,144.0
2025-03-29,Lecce,Roma,0,1,A,0,0,D,17,16,4,6,6,6,6,11,19:45,0.75,1.85,2.05,1.85,2.06,5.15,3.63,1.83,4.84,3.52,1.78,1,3,0,0,4.75,3.5,1.75,,,,,,,5.02,3.58,1.79,2.2,1.67,2.18,1.74,2.15,1.7,2024-25,Serie A,0.694403,1.90759,1578.7902832,1786.45495605,-207.66467285,5.77963355535841,7.380761813613421,10.67258088638556,14.473323512951891,1.398,0.948,0.948,1.398,1.8,1.8,3.4,3.2,4.6,2.6,12.8,10.4,48.0,56.2,2.4,3.6,11.6,11.2,148.8,161.2
2025-03-30,Cagliari,Monza,3,0,H,0,0,D,11,12,4,3,4,6,17,11,11:30,-0.75,1.88,2.02,1.88,2.02,1.75,3.85,6.23,1.68,3.64,5.56,2,2,0,0,1.67,3.5,5.5,,,,,,,1.68,3.75,5.78,2.1,1.73,2.15,1.75,2.11,1.73,2024-25,Serie A,1.95839,0.962993,1598.90588379,1565.71618652,33.1896972699999,4.1424318878580815,2.3965117693110765,11.13997630278781,6.0970417658510625,1.232,1.126,1.126,1.232,3.2,2.4,5.4,4.2,5.6,3.8,13.2,8.2,46.0,49.6,2.0,2.2,12.8,14.4,178.4,167.0
2025-03-30,Fiorentina,Atalanta,1,0,H,1,0,H,12,9,4,0,2,4,7,16,14:00,0.5,1.82,2.08,1.83,2.09,3.8,3.71,2.1,3.61,3.5,2.05,0,3,0,0,3.75,3.3,2.05,,,,,,,3.68,3.54,2.08,1.95,1.95,1.94,1.94,1.9,1.92,2024-25,Serie A,1.92673,0.918743,1763.89794922,1859.57702637,-95.67907715,2.8354491257766656,4.266047481655238,9.452380044598026,14.631106822353376,1.792,1.924,1.924,1.792,2.8,4.8,6.2,4.8,3.8,6.4,13.0,14.2,45.6,54.6,2.0,3.6,8.8,10.0,149.2,164.2
2025-03-30,Inter,Udinese,2,1,H,2,0,H,13,11,3,4,2,4,8,14,17:00,-1.25,1.91,1.99,1.92,1.99,1.42,5.06,9.0,1.38,4.76,8.37,2,0,0,0,1.4,4.33,8.5,,,,,,,1.4,4.86,8.55,1.8,2.0,1.81,2.06,1.8,2.02,2024-25,Serie A,2.33787,1.3398,,1665.24182129,,8.800948077918381,6.511069156391576,22.099224069015417,11.998439382721386,2.05,0.926,0.926,2.05,4.0,1.0,8.6,4.4,5.8,4.4,17.0,12.6,55.4,48.2,1.8,2.4,12.4,13.8,166.0,174.2
2025-03-30,Napoli,Milan,2,1,H,2,0,H,8,17,3,4,2,6,10,5,19:45,-0.5,2.0,1.9,1.99,1.91,2.03,3.71,4.1,1.96,3.57,3.82,2,2,0,0,1.91,3.7,3.75,,,,,,,1.98,3.64,3.91,2.02,1.88,2.03,1.87,1.98,1.85,2024-25,Serie A,,,1830.70471191,1779.07421875,51.630493160000015,7.519161227206747,6.589617936353913,17.895556197565636,15.038953452536257,1.476,1.56,1.56,1.476,2.6,3.0,9.6,4.2,5.0,2.8,17.6,11.8,60.4,53.4,1.2,3.0,11.4,12.6,150.8,184.4
2025-03-31,Lazio,Torino,1,1,D,0,0,D,16,7,6,2,5,3,9,20,19:45,-0.75,2.02,1.88,2.01,1.89,1.82,3.75,5.5,1.76,3.56,4.94,3,4,0,0,1.75,3.3,5.25,,,,,,,1.76,3.64,5.16,2.08,1.82,2.09,1.79,2.02,1.8,2024-25,Serie A,1.93778,0.632735,1775.77966309,1718.79919434,56.98046875,6.374820944321222,3.1590896191001434,14.459023460284204,8.423525259083716,1.616,0.558,0.558,1.616,3.2,1.4,3.6,4.0,3.8,3.6,14.2,9.2,55.4,46.6,1.2,2.0,10.2,14.2,159.4,167.8
2025-03-31,Verona,Parma,0,0,D,0,0,D,6,10,0,1,5,5,11,9,17:30,-0.25,2.09,1.81,2.11,1.81,2.55,3.4,3.3,2.42,3.11,3.17,2,1,0,0,2.4,3.1,3.1,,,,,,,2.5,3.03,3.3,2.1,1.73,2.18,1.74,2.11,1.73,2024-25,Serie A,,,1607.27172852,,,3.8026439162445382,5.04509374825553,10.37396490422944,11.05101538395921,,0.686,0.686,,,1.2,,3.8,,1.2,,9.0,,39.0,,3.0,,7.4,,174.6
2025-04-04,Genoa,Udinese,1,0,H,0,0,D,13,5,7,2,1,2,16,14,19:45,-0.25,2.1,1.83,2.13,1.82,2.58,3.05,3.4,2.49,2.96,3.26,2,2,0,0,2.45,2.88,3.4,,,,,,,2.52,3.01,3.35,2.75,1.44,2.77,1.49,2.66,1.47,2024-25,Serie A,1.65486,1.11114,1666.51013184,1663.5513916,2.958740239999998,4.184864558656367,5.674046104261051,9.990039287095716,11.665626255147592,1.018,0.926,0.926,1.018,1.0,1.0,5.4,4.4,5.0,4.4,11.6,12.6,43.4,48.2,3.4,2.4,12.2,13.8,147.2,174.2
2025-04-05,Monza,Como,1,3,A,1,2,A,8,17,4,7,2,2,19,21,14:00,0.75,2.0,1.9,2.01,1.89,5.5,4.0,1.75,5.18,3.8,1.69,2,1,0,0,5.0,3.8,1.7,,,,,,,5.47,3.88,1.68,2.02,1.88,2.01,1.88,1.97,1.85,2024-25,Serie A,1.05971,2.27029,1555.03601074,,,3.971311287204995,3.4657400037508093,10.433897366856655,11.83851139323713,1.188,0.93,0.93,1.188,1.6,0.8,5.2,4.8,6.8,2.4,16.2,13.6,50.6,57.8,4.4,2.4,13.2,12.2,171.0,161.4
2025-04-05,Parma,Inter,2,2,D,0,2,A,8,20,4,4,2,4,9,7,17:00,1.0,2.06,1.84,2.07,1.85,7.0,4.64,1.54,6.44,4.45,1.49,2,3,0,0,6.5,4.5,1.48,,,,,,,6.73,4.5,1.5,1.73,2.1,1.75,2.15,1.7,2.14,2024-25,Serie A,,,,,,3.859469087087958,5.318232320967026,10.421152217377957,12.44692024641426,1.338,2.082,2.082,1.338,1.6,3.6,3.6,4.6,1.8,6.0,12.4,14.0,45.4,66.4,3.8,1.8,9.8,9.4,162.8,164.333
2025-04-05,Milan,Fiorentina,2,2,D,1,2,A,19,15,6,8,7,4,12,12,19:45,-0.5,1.92,1.98,1.92,1.98,1.96,3.77,4.2,1.91,3.65,4.01,4,3,0,0,1.9,3.5,4.2,,,,,,,1.91,3.75,4.08,1.73,2.1,1.78,2.1,1.75,2.08,2024-25,Serie A,,,1773.37255859,1773.0625,0.3100585899999259,4.3633969993185575,2.5596332351557702,13.559825820615677,7.957204692666833,1.256,0.758,0.758,1.256,1.0,1.4,5.8,3.2,4.6,3.0,16.4,9.8,52.6,49.0,1.6,3.4,12.6,11.2,163.8,140.6
2025-04-06,Lecce,Venezia,1,1,D,0,0,D,23,13,4,3,8,3,10,14,11:30,-0.25,2.0,1.9,2.0,1.91,2.41,3.3,3.53,2.33,3.06,3.41,2,4,0,0,2.3,3.1,3.4,,,,,,,2.36,3.07,3.53,2.3,1.62,2.39,1.63,2.33,1.61,2024-25,Serie A,1.50136,0.898847,1574.56567383,1556.18444824,18.381225589999985,5.853089036905607,3.9974465994874584,12.781720590923708,9.164287181713348,1.398,0.558,0.558,1.398,1.8,1.4,3.4,2.8,4.6,3.0,12.8,6.0,48.0,40.0,2.4,5.0,11.6,13.2,148.8,149.6
2025-04-06,Empoli,Cagliari,0,0,D,0,0,D,7,7,1,1,2,3,9,15,14:00,0.0,1.7,2.1,1.79,2.14,2.64,3.18,3.11,2.54,3.07,3.01,0,4,0,0,2.45,3.0,3.1,,,,,,,2.6,3.09,3.08,2.2,1.67,2.21,1.72,2.16,1.69,2024-25,Serie A,0.386589,0.162801,1586.04125977,1609.58618164,-23.544921870000053,2.8946492549079608,2.528487798857003,7.123444117402152,7.109758779876933,0.584,1.308,1.308,0.584,0.8,2.0,4.8,5.4,2.2,4.4,8.2,9.6,42.2,49.8,2.6,2.8,12.0,12.8,191.6,154.6
2025-04-06,Torino,Verona,1,1,D,0,0,D,7,13,3,1,1,5,9,19,14:00,-0.75,2.03,1.78,2.1,1.81,1.87,3.5,5.35,1.81,3.35,4.96,1,1,1,0,1.8,3.2,5.25,,,,,,,1.82,3.39,5.21,2.38,1.57,2.44,1.6,2.35,1.59,2024-25,Serie A,0.963942,1.32441,1721.65454102,1604.90600586,116.74853515999985,5.022770047880974,2.5811710019643925,11.517498224542004,8.213246858000698,0.702,,,0.702,1.4,,3.4,,3.8,,8.0,,45.8,,4.2,,14.4,,154.6,
2025-04-06,Atalanta,Lazio,0,1,A,0,0,D,10,8,2,3,11,4,6,6,17:00,-0.75,1.93,1.97,1.93,1.97,1.75,4.18,5.0,1.71,3.94,4.78,1,2,0,0,1.7,3.8,5.0,,,,,,,1.72,4.04,4.81,1.8,2.0,1.84,2.06,1.79,2.03,2024-25,Serie A,1.04022,0.523108,1850.41247559,1772.92419434,77.48828125,4.122368777153192,4.330952793234046,15.953299438571255,12.224251096759374,1.608,1.91,1.91,1.608,3.6,3.0,5.2,5.8,4.8,4.4,15.6,14.2,58.8,54.6,2.2,1.2,10.4,13.0,163.0,166.4
2025-04-06,Roma,Juventus,1,1,D,0,1,A,11,11,4,7,4,4,11,15,19:45,0.0,1.79,2.11,1.78,2.16,2.59,3.25,3.13,2.51,3.13,3.01,1,1,0,0,2.5,3.1,3.0,,,,,,,2.55,3.15,3.09,2.2,1.67,2.28,1.68,2.2,1.67,2024-25,Serie A,1.37162,0.994645,1790.67956543,1807.3293457,-16.649780270000065,4.738443771266017,3.8705349124984902,14.18099818765312,11.35922015811111,1.926,1.394,1.394,1.926,2.8,2.4,4.4,5.2,4.8,2.6,14.2,11.6,55.6,57.6,2.2,3.4,11.8,12.8,150.4,150.0
2025-04-07,Bologna,Napoli,1,1,D,0,1,A,12,6,4,2,8,3,11,18,19:45,0.0,2.05,1.85,2.08,1.84,3.06,3.13,2.71,2.92,3.04,2.64,1,3,0,0,2.9,3.0,2.7,,,,,,,3.01,3.07,2.67,2.5,1.53,2.55,1.55,2.45,1.54,2024-25,Serie A,1.11047,0.99857,1791.78039551,1836.40637207,-44.625976560000026,5.566865728159156,5.122227807952298,15.277621616391894,11.216005069428562,2.048,1.342,1.342,2.048,4.6,2.0,5.2,5.0,6.2,4.2,17.8,11.8,61.6,53.8,1.8,2.6,12.2,8.6,177.0,159.8
2025-04-11,Udinese,Milan,0,4,A,0,2,A,14,14,5,7,5,7,10,9,19:45,0.5,1.96,1.97,1.96,1.96,4.18,3.63,2.0,4.0,3.56,1.95,1,1,0,0,4.0,3.6,1.91,,,,,,,4.17,3.61,1.95,1.89,2.01,1.88,2.02,1.86,1.98,2024-25,Serie A,,,1655.9597168,1771.41625977,-115.45654296999987,4.647435437769568,6.393078624235943,13.874223335013628,15.692635635024171,0.864,1.56,1.56,0.864,1.2,3.0,5.0,4.2,3.2,2.8,9.0,11.8,44.4,53.4,2.6,3.0,14.0,12.6,157.4,184.4
2025-04-12,Venezia,Monza,1,0,H,0,0,D,9,10,4,3,3,4,20,20,14:00,-0.75,1.99,1.91,2.0,1.91,1.82,3.77,5.05,1.74,3.67,4.89,5,3,1,0,1.73,3.6,5.0,,,,,,,1.75,3.77,5.01,2.1,1.73,2.08,1.81,2.07,1.76,2024-25,Serie A,1.62268,0.590462,1557.26025391,1542.7479248,14.51232911000011,3.5737259380874766,3.5976745128740513,9.248314023256064,8.064694510567374,1.622,1.126,1.126,1.622,2.8,2.4,4.6,4.2,3.4,3.8,13.2,8.2,50.2,49.6,2.8,2.2,9.6,14.4,162.0,167.0
2025-04-12,Inter,Cagliari,3,1,H,2,0,H,13,8,4,4,5,6,6,12,17:00,-1.5,2.04,1.86,2.06,1.86,1.36,5.5,10.0,1.33,5.28,9.06,0,1,0,0,1.33,5.25,8.0,,,,,,,1.35,5.42,8.93,1.73,2.1,1.76,2.13,1.72,2.13,2024-25,Serie A,1.71603,0.914283,,1609.47265625,,6.533965385278922,2.6856585325713356,19.066149379343617,7.073172519917955,2.05,1.308,1.308,2.05,4.0,2.0,8.6,5.4,5.8,4.4,17.0,9.6,55.4,49.8,1.8,2.8,12.4,12.8,166.0,154.6
2025-04-12,Juventus,Lecce,2,1,H,2,0,H,22,14,7,3,9,4,7,10,19:45,-1.5,2.03,1.78,2.09,1.83,1.35,5.35,11.2,1.33,4.92,10.05,0,1,0,0,1.33,4.5,10.0,,,,,,,1.34,5.15,10.15,1.95,1.95,1.93,1.95,1.91,1.91,2024-25,Serie A,1.95569,0.940466,1807.41345215,1572.15710449,235.25634766000007,4.63304119493822,3.0789400135261933,13.981611309113903,11.998461211173804,1.772,0.652,0.652,1.772,2.4,0.6,6.0,2.6,4.0,2.8,14.8,7.6,60.2,37.0,1.6,5.2,11.0,13.2,168.0,155.6
2025-04-13,Atalanta,Bologna,2,0,H,2,0,H,4,12,2,5,4,5,17,12,11:30,-0.5,2.04,1.86,2.05,1.86,2.04,3.69,3.95,1.99,3.52,3.78,4,1,0,0,1.95,3.5,3.9,,,,,,,2.04,3.59,3.77,2.05,1.85,2.07,1.83,2.0,1.82,2024-25,Serie A,1.15847,0.546815,1838.71411133,1791.16271973,47.55139159999999,6.4149125181021285,3.316073711784013,13.968866292380838,12.172960911243852,1.608,1.026,1.026,1.608,3.6,1.4,5.2,1.8,4.8,2.4,15.6,9.4,58.8,47.6,2.2,1.6,10.4,16.8,163.0,155.2
2025-04-13,Fiorentina,Parma,0,0,D,0,0,D,9,7,3,3,2,2,10,19,14:00,-0.75,1.95,1.95,1.93,1.97,1.75,3.9,5.33,1.71,3.74,4.99,0,5,0,0,1.73,3.8,4.75,,,,,,,1.72,3.74,5.33,1.98,1.92,1.95,1.93,1.9,1.92,2024-25,Serie A,,,1773.98254395,,,2.5569660838511106,5.030062498837021,10.301586696398685,10.700676922639474,1.792,0.686,0.686,1.792,2.8,1.2,6.2,3.8,3.8,1.2,13.0,9.0,45.6,39.0,2.0,3.0,8.8,7.4,149.2,174.6
2025-04-13,Verona,Genoa,0,0,D,0,0,D,14,4,2,1,6,2,19,11,14:00,0.0,2.07,1.83,2.07,1.85,3.07,3.15,2.75,2.98,2.91,2.68,3,1,0,0,3.0,2.9,2.63,,,,,,,3.07,2.92,2.74,2.75,1.44,2.82,1.46,2.7,1.45,2024-25,Serie A,1.00077,0.111761,1608.53344727,1672.76904297,-64.2355957000002,4.201762610829692,4.292973587366666,8.915976602819626,9.187267168858142,,1.07,1.07,,,1.4,,4.2,,4.8,,10.8,,44.4,,3.2,,12.0,,144.0
2025-04-13,Como,Torino,1,0,H,1,0,H,15,10,7,4,7,4,9,16,17:00,-0.5,1.93,1.97,1.93,1.97,1.97,3.66,4.34,1.92,3.46,4.12,1,3,0,0,1.91,3.5,4.1,,,,,,,1.93,3.49,4.34,2.1,1.73,2.19,1.74,2.12,1.72,2024-25,Serie A,1.23079,1.04165,,1716.69433594,,4.262526058605022,3.1060597460667627,13.490337068879189,7.949016839389144,1.348,0.558,0.558,1.348,2.0,1.4,5.4,4.0,4.6,3.6,14.8,9.2,51.4,46.6,1.8,2.0,14.2,14.2,205.6,167.8
2025-04-13,Lazio,Roma,1,1,D,0,0,D,12,9,7,4,10,5,12,12,19:45,0.0,2.04,1.86,2.05,1.86,2.92,3.39,2.65,2.83,3.2,2.6,4,2,0,0,2.8,3.2,2.63,,,,,,,2.91,3.24,2.63,2.1,1.73,2.17,1.75,2.12,1.73,2024-25,Serie A,1.92122,0.221733,1773.6784668,1789.26269531,-15.584228510000004,5.916547296214148,6.920507875742281,14.972682306856136,14.982215675301262,1.616,0.948,0.948,1.616,3.2,1.8,3.6,3.2,3.8,2.6,14.2,10.4,55.4,56.2,1.2,3.6,10.2,11.2,159.4,161.2
2025-04-14,Napoli,Empoli,3,0,H,1,0,H,17,12,6,1,5,5,8,15,19:45,-1.5,2.06,1.84,2.08,1.84,1.35,5.29,11.5,1.32,5.01,10.01,1,1,0,0,1.33,5.0,9.5,,,,,,,1.34,5.2,10.04,1.95,1.95,1.96,1.93,1.89,1.92,2024-25,Serie A,2.13717,1.37277,1835.69128418,1584.82202148,250.8692626999998,5.679440818137833,3.834406950255467,14.597037465043758,12.800086650129735,1.476,0.776,0.776,1.476,2.6,0.8,9.6,4.0,5.0,2.0,17.6,9.4,60.4,41.8,1.2,2.2,11.4,17.6,150.8,165.8
2025-04-19,Lecce,Como,0,3,A,0,1,A,14,11,7,6,9,4,18,14,14:00,0.5,1.84,2.06,1.83,2.09,3.85,3.61,2.15,3.67,3.37,2.07,3,5,0,0,3.75,3.3,2.05,,,,,,,3.85,3.42,2.08,2.1,1.73,2.13,1.77,2.09,1.75,2024-25,Serie A,0.666737,1.65387,1571.17077637,,,6.5687260246037384,2.97716000250054,16.187813727282474,13.55900759549142,1.398,0.93,0.93,1.398,1.8,0.8,3.4,4.8,4.6,2.4,12.8,13.6,48.0,57.8,2.4,2.4,11.6,12.2,148.8,161.4
2025-04-19,Monza,Napoli,0,1,A,0,0,D,8,16,0,5,6,7,18,11,17:00,1.5,2.0,1.9,2.02,1.89,16.5,6.1,1.29,12.96,5.47,1.26,4,2,0,0,13.0,5.0,1.29,,,,,,,13.36,5.77,1.27,1.87,2.03,1.88,2.01,1.82,2.01,2024-25,Serie A,0.874819,1.66648,1537.56213379,1840.97900391,-303.4168701200001,3.3142075248033303,4.414818538634865,9.622598244571105,9.477336712952376,1.188,1.342,1.342,1.188,1.6,2.0,5.2,5.0,6.8,4.2,16.2,11.8,50.6,53.8,4.4,2.6,13.2,8.6,171.0,159.8
2025-04-19,Roma,Verona,1,0,H,1,0,H,6,8,3,2,4,6,5,17,19:45,-1.25,1.98,1.92,2.0,1.9,1.44,4.7,9.5,1.4,4.48,8.8,0,2,0,0,1.4,4.5,8.5,,,,,,,1.41,4.64,8.71,2.08,1.82,2.09,1.79,2.02,1.8,2024-25,Serie A,1.24696,0.330349,1791.52490234,1610.59899902,180.92590331999983,4.492295847510678,3.3874473346429284,13.120665458435417,9.808831238667132,1.926,,,1.926,2.8,,4.4,,4.8,,14.2,,55.6,,2.2,,11.8,,150.4,
2025-04-20,Empoli,Venezia,2,2,D,0,0,D,11,13,4,7,2,5,18,15,14:00,-0.25,1.95,1.95,1.95,1.95,2.37,3.13,3.66,2.3,3.03,3.48,2,1,0,0,2.25,3.0,3.6,,,,,,,2.31,3.06,3.66,2.3,1.62,2.41,1.61,2.32,1.6,2024-25,Serie A,1.14666,1.48453,1582.46398926,1565.37585449,17.088134770000124,2.5964328366053073,3.664964399658306,7.082296078268102,10.442858121142232,0.584,0.558,0.558,0.584,0.8,1.4,4.8,2.8,2.2,3.0,8.2,6.0,42.2,40.0,2.6,5.0,12.0,13.2,191.6,149.6
2025-04-20,Bologna,Inter,1,0,H,0,0,D,12,8,3,1,5,6,12,21,17:00,0.25,1.89,2.01,1.87,2.04,3.5,3.24,2.42,3.28,3.13,2.34,2,3,0,0,3.4,3.1,2.3,,,,,,,3.32,3.19,2.39,2.2,1.67,2.24,1.7,2.17,1.69,2024-25,Serie A,1.0878,0.661137,1784.47680664,,,6.377910485439438,4.878821547311351,14.185081077594598,14.964613497609507,2.048,2.082,2.082,2.048,4.6,3.6,5.2,4.6,6.2,6.0,17.8,14.0,61.6,66.4,1.8,1.8,12.2,9.4,177.0,164.333
2025-04-20,Milan,Atalanta,0,1,A,0,0,D,12,11,1,2,7,5,8,7,19:45,0.0,1.89,2.01,1.89,2.02,2.66,3.6,2.79,2.53,3.47,2.7,0,1,0,0,2.5,3.4,2.75,,,,,,,2.58,3.55,2.75,1.67,2.2,1.7,2.25,1.67,2.2,2024-25,Serie A,,,1785.18078613,1848.32983398,-63.149047850000215,5.242264666212371,4.177364987770159,15.373217213743786,12.754071214902252,1.256,1.924,1.924,1.256,1.0,4.8,5.8,4.8,4.6,6.4,16.4,14.2,52.6,54.6,1.6,3.6,12.6,10.0,163.8,164.2
2025-04-23,Parma,Juventus,1,0,H,1,0,H,6,16,3,2,4,9,9,10,17:30,0.75,1.88,2.05,1.88,2.03,5.0,3.91,1.8,4.68,3.7,1.76,2,3,0,0,4.75,3.6,1.75,,,,,,,4.79,3.76,1.78,2.0,1.9,2.04,1.85,1.95,1.87,2024-25,Serie A,,,,1811.32958984,,3.239646058058639,3.9136899416656608,9.614101478251971,11.239480105407408,1.338,1.394,1.394,1.338,1.6,2.4,3.6,5.2,1.8,2.6,12.4,11.6,45.4,57.6,3.8,3.4,9.8,12.8,162.8,150.0
2025-04-23,Cagliari,Fiorentina,1,2,A,1,1,D,8,8,2,4,4,4,15,15,17:30,0.25,1.82,2.11,1.8,2.13,3.18,3.34,2.55,3.04,3.18,2.46,2,2,0,0,3.1,3.1,2.45,,,,,,,3.12,3.21,2.5,2.2,1.67,2.21,1.71,2.15,1.7,2024-25,Serie A,0.367407,0.701424,1609.20288086,1769.62390137,-160.42102051000006,4.094954591905388,3.039755490103847,11.093317535191874,10.304803128444556,1.232,0.758,0.758,1.232,3.2,1.4,5.4,3.2,5.6,3.0,13.2,9.8,46.0,49.0,2.0,3.4,12.8,11.2,178.4,140.6
2025-04-23,Torino,Udinese,2,0,H,1,0,H,10,10,4,6,8,7,11,13,17:30,-0.25,2.1,1.83,2.06,1.86,2.52,3.13,3.49,2.42,3.01,3.26,2,2,0,0,2.4,2.9,3.3,,,,,,,2.43,3.08,3.38,2.5,1.53,2.54,1.56,2.47,1.54,2024-25,Serie A,0.949162,0.949917,1708.40356445,1645.125,63.278564449999976,3.6818466985873166,4.449364069507368,10.011665483028004,9.443750836765062,0.702,0.926,0.926,0.702,1.4,1.0,3.4,4.4,3.8,4.4,8.0,12.6,45.8,48.2,4.2,2.4,14.4,13.8,154.6,174.2
2025-04-23,Genoa,Lazio,0,2,A,0,1,A,8,15,4,6,6,8,16,10,17:30,0.25,1.92,2.01,1.93,1.98,3.49,3.28,2.36,3.37,3.14,2.29,3,1,1,1,3.3,3.2,2.3,,,,,,,3.48,3.18,2.32,2.3,1.62,2.42,1.6,2.35,1.59,2024-25,Serie A,0.470637,1.33679,1673.63330078,1778.0411377,-104.40783692000014,3.1232430391042447,4.220635195489365,10.99335952473048,10.816167397839584,1.018,1.91,1.91,1.018,1.0,3.0,5.4,5.8,5.0,4.4,11.6,14.2,43.4,54.6,3.4,1.2,12.2,13.0,147.2,166.4
2025-04-27,Como,Genoa,1,0,H,0,0,D,14,4,3,1,6,3,19,15,11:30,-0.5,1.87,2.03,1.87,2.04,1.88,3.79,4.75,1.85,3.48,4.5,2,1,0,0,1.85,3.4,4.75,,,,,,,1.86,3.52,4.66,2.2,1.67,2.27,1.68,2.2,1.67,2024-25,Serie A,1.80373,1.04585,,1664.35253906,,5.175017372403348,3.5286490582444445,13.99355804591946,7.458178112572095,1.348,1.07,1.07,1.348,2.0,1.4,5.4,4.2,4.6,4.8,14.8,10.8,51.4,44.4,1.8,3.2,14.2,12.0,205.6,144.0
2025-04-27,Venezia,Milan,0,2,A,0,1,A,15,12,2,2,7,2,14,13,11:30,0.75,1.98,1.92,1.99,1.92,5.0,4.23,1.74,4.71,3.98,1.7,1,0,0,0,4.75,4.0,1.7,,,,,,,4.9,4.04,1.71,1.73,2.1,1.76,2.13,1.75,2.09,2024-25,Serie A,,,1567.09985352,1777.75317383,-210.65332031000003,3.382483958724985,6.595385749490629,9.16554268217071,15.128423756682782,1.622,1.56,1.56,1.622,2.8,3.0,4.6,4.2,3.4,2.8,13.2,11.8,50.2,53.4,2.8,3.0,9.6,12.6,162.0,184.4
2025-04-27,Fiorentina,Empoli,2,1,H,2,0,H,6,8,3,5,1,6,16,18,14:00,-0.5,1.84,2.06,1.85,2.07,1.88,3.61,4.89,1.82,3.51,4.61,3,2,0,0,1.83,3.5,4.5,,,,,,,1.84,3.55,4.75,2.2,1.67,2.24,1.69,2.19,1.68,2024-25,Serie A,0.655092,0.465943,1774.7310791,1580.73999023,193.99108886999988,2.371310722567407,4.222937966836978,9.867724464265793,12.533391100086492,1.792,0.776,0.776,1.792,2.8,0.8,6.2,4.0,3.8,2.0,13.0,9.4,45.6,41.8,2.0,2.2,8.8,17.6,149.2,165.8
2025-04-27,Inter,Roma,0,1,A,0,1,A,17,19,2,7,4,3,11,9,14:00,-0.75,2.01,1.89,2.03,1.88,1.8,3.94,4.9,1.76,3.73,4.65,1,2,0,0,1.73,3.8,4.75,,,,,,,1.78,3.78,4.76,2.02,1.88,2.01,1.88,1.97,1.85,2024-25,Serie A,1.10299,2.79826,,1794.62646484,,6.0226435901859485,6.280338583828188,17.044099586229077,12.988143783534175,2.05,0.948,0.948,2.05,4.0,1.8,8.6,3.2,5.8,2.6,17.0,10.4,55.4,56.2,1.8,3.6,12.4,11.2,166.0,161.2
2025-04-27,Juventus,Monza,2,0,H,2,0,H,10,12,5,3,0,5,17,5,17:00,-2.0,2.04,1.86,2.02,1.87,1.2,7.8,18.0,1.18,7.11,15.31,3,3,1,0,1.2,7.5,12.0,,,,,,,1.18,7.48,15.62,1.53,2.5,1.57,2.46,1.55,2.43,2024-25,Serie A,1.14678,0.621764,1798.48010254,1534.92932129,263.55078125,6.088694129958814,3.731783008582701,16.65440753940927,8.70979634037825,1.772,1.126,1.126,1.772,2.4,2.4,6.0,4.2,4.0,3.8,14.8,8.2,60.2,49.6,1.6,2.2,11.0,14.4,168.0,167.0
2025-04-27,Atalanta,Lecce,1,1,D,0,1,A,21,10,6,3,12,3,10,8,19:45,-1.75,1.95,1.95,1.92,1.97,1.25,7.01,14.8,1.23,6.32,12.23,1,1,0,0,1.25,6.0,11.0,,,,,,,1.23,6.63,12.53,1.57,2.38,1.58,2.44,1.56,2.41,2024-25,Serie A,2.45836,1.45404,1855.75744629,1557.19116211,298.5662841799999,5.609941678734753,3.385960009017462,10.645910861587229,12.665640807449204,1.608,0.652,0.652,1.608,3.6,0.6,5.2,2.6,4.8,2.8,15.6,7.6,58.8,37.0,2.2,5.2,10.4,13.2,163.0,155.6
2025-04-27,Napoli,Torino,2,0,H,2,0,H,8,9,2,0,2,5,5,13,19:45,-1.25,2.04,1.86,2.05,1.86,1.46,4.64,9.0,1.42,4.43,8.17,0,3,0,0,1.42,4.33,8.0,,,,,,,1.43,4.53,8.36,2.07,1.83,2.07,1.83,2.01,1.81,2024-25,Serie A,1.23274,0.660531,1843.61181641,1716.25073242,127.36108399,5.452960545425222,3.404039830711175,15.39802497669584,8.632677892926097,1.476,0.558,0.558,1.476,2.6,1.4,9.6,4.0,5.0,3.6,17.6,9.2,60.4,46.6,1.2,2.0,11.4,14.2,150.8,167.8
2025-04-28,Udinese,Bologna,0,0,D,0,0,D,13,12,4,1,5,6,21,10,17:30,0.5,2.03,1.87,2.04,1.87,4.69,3.58,1.91,4.47,3.44,1.86,3,2,0,0,4.5,3.5,1.85,,,,,,,4.69,3.51,1.86,2.2,1.67,2.29,1.68,2.26,1.64,2024-25,Serie A,0.387188,1.17741,1637.27783203,1795.98620605,-158.70837402000006,4.764956958513046,3.8773824745226753,13.916148890009088,12.11530727416257,0.864,1.026,1.026,0.864,1.2,1.4,5.0,1.8,3.2,2.4,9.0,9.4,44.4,47.6,2.6,1.6,14.0,16.8,157.4,155.2
2025-04-28,Lazio,Parma,2,2,D,0,1,A,14,7,7,5,5,1,12,11,19:45,-1.0,1.89,2.01,1.86,2.05,1.55,4.59,6.64,1.51,4.4,6.17,1,3,0,0,1.53,4.5,5.75,,,,,,,1.52,4.51,6.36,1.73,2.1,1.78,2.13,1.74,2.09,2024-25,Serie A,,,1787.32189941,,,7.277698197476099,4.020041665891347,13.981788204570758,9.467117948426315,1.616,0.686,0.686,1.616,3.2,1.2,3.6,3.8,3.8,1.2,14.2,9.0,55.4,39.0,1.2,3.0,10.2,7.4,159.4,174.6
2025-04-28,Verona,Cagliari,0,2,A,0,1,A,6,6,2,4,2,3,14,9,19:45,-0.25,2.1,1.8,2.23,1.72,2.7,2.96,3.5,2.6,2.79,3.24,2,1,1,0,2.5,2.75,3.5,,,,,,,2.7,2.76,3.33,2.63,1.5,2.61,1.53,2.52,1.51,2024-25,Serie A,0.27029,1.87448,1607.49731445,1604.09558105,3.401733400000012,4.801175073886462,3.790439021714224,10.610651068546415,7.382115013278637,,1.308,1.308,,,2.0,,5.4,,4.4,,9.6,,49.8,,2.8,,12.8,,154.6
2025-05-02,Torino,Venezia,1,1,D,0,1,A,19,7,4,3,5,1,7,18,19:45,-0.25,2.09,1.81,2.12,1.83,2.56,3.04,3.4,2.48,2.96,3.28,1,0,0,0,2.5,2.88,3.25,,,,,,,2.51,3.03,3.35,2.32,1.53,2.48,1.59,2.42,1.57,2024-25,Serie A,1.74541,1.07484,1710.1829834,1561.08691406,149.09606934,5.121231132391545,4.109976266438871,10.007776988685336,11.295238747428156,0.702,0.558,0.558,0.702,1.4,1.4,3.4,2.8,3.8,3.0,8.0,6.0,45.8,40.0,4.2,5.0,14.4,13.2,154.6,149.6
2025-05-03,Inter,Verona,1,0,H,1,0,H,9,6,2,1,4,3,6,11,19:45,-1.5,2.03,1.87,2.06,1.86,1.37,5.42,10.9,1.33,5.03,9.61,1,3,0,0,1.3,5.25,10.0,,,,,,,1.37,5.09,8.88,1.85,2.05,1.88,2.01,1.84,1.98,2024-25,Serie A,1.59903,0.303341,,1593.97143555,,5.348429060123966,4.258298223095286,17.029399724152718,9.205887492444756,2.05,,,2.05,4.0,,8.6,,5.8,,17.0,,55.4,,1.8,,12.4,,166.0,
2025-05-03,Lecce,Napoli,0,1,A,0,1,A,9,8,1,2,5,2,11,4,17:00,1.0,1.93,1.97,1.92,1.99,7.0,4.28,1.59,6.55,4.08,1.53,2,0,0,0,7.0,3.8,1.55,,,,,,,6.82,4.11,1.54,2.0,1.8,2.08,1.8,2.01,1.81,2024-25,Serie A,0.276702,0.845058,1564.53796387,1849.24682617,-284.70886229999996,7.37915068306916,5.276545692423243,15.458542484854984,11.651557808634918,1.398,1.342,1.342,1.398,1.8,2.0,3.4,5.0,4.6,4.2,12.8,11.8,48.0,53.8,2.4,2.6,11.6,8.6,148.8,159.8
2025-05-03,Parma,Como,0,1,A,0,0,D,13,13,3,4,5,5,16,14,14:00,0.25,1.88,2.02,1.89,2.02,3.3,3.59,2.35,3.1,3.38,2.31,1,1,0,0,3.1,3.3,2.3,,,,,,,3.2,3.41,2.34,1.91,1.99,1.91,1.98,1.88,1.93,2024-25,Serie A,,,,,,3.4930973720390925,3.3181066683336935,8.409400985501314,12.706005063660948,1.338,0.93,0.93,1.338,1.6,0.8,3.6,4.8,1.8,2.4,12.4,13.6,45.4,57.8,3.8,2.4,9.8,12.2,162.8,161.4
2025-05-03,Cagliari,Udinese,1,2,A,1,1,D,8,11,2,3,5,4,5,15,14:00,-0.25,1.9,2.0,1.92,1.98,2.28,3.3,3.7,2.21,3.16,3.53,1,2,0,0,2.2,3.2,3.5,,,,,,,2.25,3.18,3.64,2.3,1.62,2.4,1.62,2.34,1.6,2024-25,Serie A,0.954534,1.92066,1617.18884277,1640.25073242,-23.061889650000012,4.063303061270259,5.299576046338245,10.062211690127915,9.62916722451004,1.232,0.926,0.926,1.232,3.2,1.0,5.4,4.4,5.6,4.4,13.2,12.6,46.0,48.2,2.0,2.4,12.8,13.8,178.4,174.2
2025-05-04,Empoli,Lazio,0,1,A,0,1,A,7,9,2,3,2,7,16,8,11:30,0.5,2.06,1.84,2.09,1.83,4.74,3.75,1.87,4.42,3.62,1.82,5,5,1,1,4.33,3.6,1.83,,,,,,,4.63,3.68,1.83,2.0,1.78,2.06,1.84,2.01,1.81,2024-25,Serie A,0.18325,1.12653,1577.6204834,1781.25073242,-203.6302490200001,2.397621891070205,5.4804234636595766,8.388197385512068,12.21077826522639,0.584,1.91,1.91,0.584,0.8,3.0,4.8,5.8,2.2,4.4,8.2,14.2,42.2,54.6,2.6,1.2,12.0,13.0,191.6,166.4
2025-05-04,Monza,Atalanta,0,4,A,0,2,A,13,15,7,5,3,7,9,10,14:00,1.75,2.03,1.87,2.04,1.86,14.8,7.36,1.23,12.68,6.51,1.22,1,2,0,0,13.0,6.0,1.22,,,,,,,13.54,6.69,1.22,1.5,2.63,1.5,2.62,1.47,2.59,2024-25,Serie A,0.827428,3.05078,1531.80493164,1847.97790527,-316.1729736300001,4.209471683202221,4.4515766585134395,9.081732163047404,12.169380809934836,1.188,1.924,1.924,1.188,1.6,4.8,5.2,4.8,6.8,6.4,16.2,14.2,50.6,54.6,4.4,3.6,13.2,10.0,171.0,164.2
2025-05-04,Roma,Fiorentina,1,0,H,1,0,H,12,13,4,5,7,4,9,8,17:00,-0.75,1.84,2.06,1.87,2.04,1.71,4.02,5.6,1.65,3.85,5.32,2,2,0,1,1.65,3.7,5.5,,,,,,,1.66,3.9,5.58,2.03,1.87,2.03,1.86,1.98,1.84,2024-25,Serie A,1.00134,0.760529,1807.54223633,1773.9753418,33.5668945299999,4.328197231673785,3.359836993402565,10.747110305623613,9.536535418963036,1.926,0.758,0.758,1.926,2.8,1.4,4.4,3.2,4.8,3.0,14.2,9.8,55.6,49.0,2.2,3.4,11.8,11.2,150.4,140.6
2025-05-04,Bologna,Juventus,1,1,D,0,1,A,9,6,2,3,10,3,6,19,19:45,-0.25,2.07,1.83,2.09,1.83,2.5,3.28,3.3,2.43,3.1,3.15,1,3,0,0,2.4,3.1,3.2,,,,,,,2.46,3.13,3.26,2.3,1.62,2.39,1.63,2.34,1.6,2024-25,Serie A,0.390379,0.681163,1792.58044434,1801.17199707,-8.591552730000103,5.918606990292959,5.6091266277771075,13.4567207183964,12.826320070271606,2.048,1.394,1.394,2.048,4.6,2.4,5.2,5.2,6.2,2.6,17.8,11.6,61.6,57.6,1.8,3.4,12.2,12.8,177.0,150.0
2025-05-05,Genoa,Milan,1,2,A,0,0,D,11,10,4,5,8,7,14,12,19:45,0.75,1.8,1.98,1.85,2.07,4.75,3.81,1.85,4.48,3.7,1.79,1,5,0,0,4.75,3.7,1.8,,,,,,,4.59,3.76,1.81,1.99,1.91,1.97,1.92,1.93,1.88,2024-25,Serie A,,,1656.31262207,1783.33337402,-127.02075194999998,4.082162026069497,5.06359049966042,9.995573016486986,14.085615837788522,1.018,1.56,1.56,1.018,1.0,3.0,5.4,4.2,5.0,2.8,11.6,11.8,43.4,53.4,3.4,3.0,12.2,12.6,147.2,184.4
2025-05-09,Milan,Bologna,3,1,H,0,0,D,10,10,5,4,3,4,5,14,19:45,-0.25,2.04,1.86,2.05,1.88,2.45,3.48,3.17,2.35,3.38,3.05,2,2,0,0,2.3,3.4,3.0,,,,,,,2.36,3.45,3.13,1.99,1.91,2.01,1.9,1.96,1.87,2024-25,Serie A,,,1789.51538086,1791.75195312,-2.236572260000002,5.828176444141581,4.5849216496817835,14.248811475829193,12.07687151610838,1.256,1.026,1.026,1.256,1.0,1.4,5.8,1.8,4.6,2.4,16.4,9.4,52.6,47.6,1.6,1.6,12.6,16.8,163.8,155.2
2025-05-10,Como,Cagliari,3,1,H,2,1,H,19,9,5,3,5,1,9,15,14:00,-0.75,1.99,1.91,2.01,1.9,1.8,3.96,5.0,1.75,3.76,4.66,1,3,0,0,1.73,3.8,4.75,,,,,,,1.77,3.83,4.78,1.97,1.93,1.95,1.93,1.9,1.92,2024-25,Serie A,1.93276,1.22492,,1608.64099121,,5.450011581602232,3.5269593478094827,13.995705363946309,6.921410008852425,1.348,1.308,1.308,1.348,2.0,2.0,5.4,5.4,4.6,4.4,14.8,9.6,51.4,49.8,1.8,2.8,14.2,12.8,205.6,154.6
2025-05-10,Lazio,Juventus,1,1,D,0,0,D,19,8,6,3,3,3,14,10,17:00,-0.25,2.1,1.8,2.1,1.83,2.52,3.28,3.2,2.46,3.2,3.03,5,4,0,1,2.45,3.2,3.0,,,,,,,2.45,3.25,3.15,2.2,1.67,2.28,1.68,2.19,1.67,2024-25,Serie A,1.51119,1.17931,1785.62536621,1802.28759766,-16.662231450000036,6.518465464984066,4.739417751851406,13.987858803047173,10.55088004684774,1.616,1.394,1.394,1.616,3.2,2.4,3.6,5.2,3.8,2.6,14.2,11.6,55.4,57.6,1.2,3.4,10.2,12.8,159.4,150.0
2025-05-10,Empoli,Parma,2,1,H,1,0,H,15,3,4,1,4,0,21,16,19:45,-0.25,1.85,2.0,1.87,2.04,2.2,3.61,3.6,2.14,3.39,3.48,2,2,0,1,2.15,3.3,3.5,,,,,,,2.17,3.42,3.58,2.03,1.87,2.05,1.85,2.0,1.82,2024-25,Serie A,,,1573.53308105,,,2.2650812607134703,3.013361110594232,7.925464923674713,8.644745298950879,0.584,0.686,0.686,0.584,0.8,1.2,4.8,3.8,2.2,1.2,8.2,9.0,42.2,39.0,2.6,3.0,12.0,7.4,191.6,174.6
2025-05-11,Udinese,Monza,1,2,A,0,0,D,21,5,5,2,7,0,21,8,11:30,-1.0,1.83,2.07,1.83,2.09,1.52,4.64,7.5,1.48,4.35,6.8,2,3,0,0,1.48,4.2,7.0,,,,,,,1.5,4.37,7.06,1.89,2.01,1.88,2.02,1.85,1.97,2024-25,Serie A,1.45767,1.63169,1649.08569336,1527.15539551,121.93029785,4.843304639008697,4.154522005721801,13.610765926672729,9.8065308935855,0.864,1.126,1.126,0.864,1.2,2.4,5.0,4.2,3.2,3.8,9.0,8.2,44.4,49.6,2.6,2.2,14.0,14.4,157.4,167.0
2025-05-11,Verona,Lecce,1,1,D,1,1,D,6,11,2,3,3,6,17,15,14:00,-0.25,1.87,2.03,1.9,2.01,2.45,3.15,4.0,2.22,3.03,3.72,4,0,0,0,2.15,3.0,3.75,,,,,,,2.24,3.07,3.82,2.2,1.67,2.32,1.66,2.25,1.64,2024-25,Serie A,0.480962,1.24972,1592.87695312,1561.75488281,31.122070310000023,3.867450049257642,3.2573066726783084,9.073767379030944,11.777093871632804,,0.652,0.652,,,0.6,,2.6,,2.8,,7.6,,37.0,,5.2,,13.2,,155.6
2025-05-11,Torino,Inter,0,2,A,0,1,A,17,12,3,7,9,3,14,6,17:00,1.0,1.87,2.03,1.87,2.05,6.5,4.33,1.61,5.93,4.1,1.56,1,3,0,0,5.75,4.0,1.57,,,,,,,6.08,4.24,1.57,1.99,1.91,1.99,1.9,1.95,1.87,2024-25,Serie A,1.76692,2.48918,1705.27270508,,,5.0808207549276965,5.252547698207568,13.005184659123556,12.643075665073006,0.702,2.082,2.082,0.702,1.4,3.6,3.4,4.6,3.8,6.0,8.0,14.0,45.8,66.4,4.2,1.8,14.4,9.4,154.6,164.333
2025-05-11,Napoli,Genoa,2,2,D,1,1,D,22,8,11,2,8,0,12,14,19:45,-1.5,2.0,1.9,2.0,1.91,1.31,5.52,13.6,1.29,5.08,11.88,1,2,0,0,1.3,5.25,11.0,,,,,,,1.3,5.34,12.49,2.06,1.84,2.05,1.85,2.01,1.81,2024-25,Serie A,2.35243,0.648382,1852.3170166,1650.41772461,201.8992919899999,4.3019736969501485,3.352432705496297,12.93201665113056,6.305452075048064,1.476,1.07,1.07,1.476,2.6,1.4,9.6,4.2,5.0,4.8,17.6,10.8,60.4,44.4,1.2,3.2,11.4,12.0,150.8,144.0
2025-05-12,Atalanta,Roma,2,1,H,1,1,D,16,10,3,4,8,7,14,14,19:45,-0.5,2.0,1.9,2.02,1.89,2.05,3.66,3.94,1.99,3.54,3.71,1,0,0,0,1.95,3.6,3.75,,,,,,,2.01,3.56,3.91,1.8,2.0,1.83,2.05,1.81,2.01,2024-25,Serie A,2.87542,0.572288,1852.91455078,1813.85095215,39.06359862999989,7.7399611191565025,5.186892389218793,14.09727390772482,14.992095855689453,1.608,0.948,0.948,1.608,3.6,1.8,5.2,3.2,4.8,2.6,15.6,10.4,58.8,56.2,2.2,3.6,10.4,11.2,163.0,161.2
2025-05-12,Venezia,Fiorentina,2,1,H,0,0,D,4,5,4,1,1,5,21,17,17:30,0.25,1.81,2.09,1.82,2.11,3.18,3.3,2.52,3.06,3.2,2.41,1,4,0,0,3.1,3.2,2.38,,,,,,,3.11,3.28,2.46,2.2,1.67,2.27,1.68,2.23,1.65,2024-25,Serie A,2.25991,0.994541,1566.28442383,1760.79638672,-194.51196289000015,4.58832263914999,3.5732246622683768,11.110361788113806,10.691023612642024,1.622,0.758,0.758,1.622,2.8,1.4,4.6,3.2,3.4,3.0,13.2,9.8,50.2,49.0,2.8,3.4,9.6,11.2,162.0,140.6
2025-05-17,Genoa,Atalanta,2,3,A,1,0,H,12,13,5,6,7,0,10,14,19:45,0.75,1.82,1.96,1.88,2.03,4.75,3.95,1.82,4.54,3.79,1.76,0,0,0,0,4.5,3.9,1.75,,,,,,,4.68,3.81,1.79,1.87,2.03,1.88,2.01,1.84,1.98,2024-25,Serie A,1.44057,1.56926,1656.54724121,1858.89831543,-202.35107421999987,5.388108017379665,5.301051105675626,10.330382010991324,13.112920539956558,1.018,1.924,1.924,1.018,1.0,4.8,5.4,4.8,5.0,6.4,11.6,14.2,43.4,54.6,3.4,3.6,12.2,10.0,147.2,164.2
2025-05-18,Cagliari,Venezia,3,0,H,2,0,H,20,10,5,1,8,8,7,9,19:45,0.0,1.78,2.1,1.8,2.13,2.65,3.22,3.12,2.58,3.01,3.02,1,1,0,0,2.6,3.0,3.0,,,,,,,2.65,2.98,3.12,2.2,1.67,2.24,1.7,2.16,1.7,2024-25,Serie A,2.75115,0.773148,1600.26635742,1578.15441895,22.11193847000004,4.375535374180173,3.0733175109592477,9.374807793418611,9.86349249828544,1.232,0.558,0.558,1.232,3.2,1.4,5.4,2.8,5.6,3.0,13.2,6.0,46.0,40.0,2.0,5.0,12.8,13.2,178.4,149.6
2025-05-18,Fiorentina,Bologna,3,2,H,1,0,H,6,15,5,3,2,4,21,17,19:45,0.0,1.98,1.92,1.97,1.93,2.88,3.25,2.78,2.77,3.12,2.71,4,1,0,1,2.75,3.0,2.75,,,,,,,2.82,3.16,2.77,2.3,1.62,2.38,1.63,2.29,1.63,2024-25,Serie A,1.43018,1.51953,1748.92626953,1781.91027832,-32.98400879000019,1.9142071483782712,4.389947766454522,8.578482976177195,11.384581010738923,1.792,1.026,1.026,1.792,2.8,1.4,6.2,1.8,3.8,2.4,13.0,9.4,45.6,47.6,2.0,1.6,8.8,16.8,149.2,155.2
2025-05-18,Inter,Lazio,2,2,D,1,0,H,10,12,3,4,5,1,14,10,19:45,-0.75,1.81,2.09,1.84,2.07,1.69,4.28,5.5,1.63,4.13,5.06,1,3,0,0,1.62,4.2,5.0,,,,,,,1.65,4.17,5.17,1.73,2.1,1.8,2.09,1.76,2.07,2024-25,Serie A,1.59363,2.33497,,1784.81408691,,4.898952706749311,5.986948975773052,14.352933149435149,11.14051884348426,2.05,1.91,1.91,2.05,4.0,3.0,8.6,5.8,5.8,4.4,17.0,14.2,55.4,54.6,1.8,1.2,12.4,13.0,166.0,166.4
2025-05-18,Juventus,Udinese,2,0,H,0,0,D,24,7,7,2,12,3,9,13,19:45,-1.25,1.89,2.01,1.88,2.04,1.4,5.1,9.65,1.36,4.82,9.02,0,3,0,0,1.38,4.75,8.5,,,,,,,1.36,5.03,9.57,1.95,1.95,1.92,1.97,1.9,1.92,2024-25,Serie A,2.61362,0.358909,1803.09875488,1636.79089355,166.30786132999992,4.059129419972543,4.8663840308921635,14.436271692939512,10.086111483006697,1.772,0.926,0.926,1.772,2.4,1.0,6.0,4.4,4.0,4.4,14.8,12.6,60.2,48.2,1.6,2.4,11.0,13.8,168.0,174.2
2025-05-18,Lecce,Torino,1,0,H,0,0,D,10,10,4,4,3,4,13,8,19:45,-0.5,1.87,2.03,1.89,2.01,1.91,3.5,4.89,1.86,3.38,4.58,1,1,0,0,1.83,3.4,4.6,,,,,,,1.88,3.46,4.62,2.3,1.62,2.33,1.65,2.29,1.62,2024-25,Serie A,0.970765,0.476384,1563.94006348,1700.23876953,-136.29870604999996,6.586100455379441,3.9360265538074506,13.305694989903325,8.755118595284065,1.398,0.558,0.558,1.398,1.8,1.4,3.4,4.0,4.6,3.6,12.8,9.2,48.0,46.6,2.4,2.0,11.6,14.2,148.8,167.8
2025-05-18,Monza,Empoli,1,3,A,1,0,H,12,9,4,4,2,6,8,16,19:45,0.75,1.9,2.0,1.88,1.98,5.1,3.77,1.8,4.88,3.63,1.74,0,1,0,0,5.0,3.6,1.73,,,,,,,4.86,3.68,1.74,2.2,1.67,2.18,1.69,2.16,1.69,2024-25,Serie A,1.03178,1.95845,1539.45019531,1581.09472656,-41.64453125,3.806314455468147,4.815291977891319,10.387821442031605,11.022260733390995,1.188,0.776,0.776,1.188,1.6,0.8,5.2,4.0,6.8,2.0,16.2,9.4,50.6,41.8,4.4,2.2,13.2,17.6,171.0,165.8
2025-05-18,Parma,Napoli,0,0,D,0,0,D,6,7,4,2,3,2,13,16,19:45,1.0,1.99,1.91,1.97,1.93,6.7,4.38,1.57,6.32,4.19,1.52,2,2,0,0,6.25,4.2,1.5,,,,,,,6.54,4.24,1.54,1.95,1.95,1.97,1.92,1.93,1.89,2024-25,Serie A,,,,1846.1875,,3.9953982480260617,4.184363794948829,9.939600657000875,10.43437187242328,1.338,1.342,1.342,1.338,1.6,2.0,3.6,5.0,1.8,4.2,12.4,11.8,45.4,53.8,3.8,2.6,9.8,8.6,162.8,159.8
2025-05-18,Roma,Milan,3,1,H,1,1,D,15,12,6,3,4,2,12,16,19:45,-0.25,2.04,1.86,2.05,1.86,2.41,3.63,3.25,2.31,3.54,2.97,3,2,0,1,2.3,3.6,2.9,,,,,,,2.36,3.6,3.02,1.73,2.1,1.75,2.17,1.73,2.12,2024-25,Serie A,,,1807.86706543,1799.35705566,8.510009769999897,5.218798154449191,5.709060333106947,11.164740203749076,12.723743891859016,1.926,1.56,1.56,1.926,2.8,3.0,4.4,4.2,4.8,2.8,14.2,11.8,55.6,53.4,2.2,3.0,11.8,12.6,150.4,184.4
2025-05-18,Verona,Como,1,1,D,0,1,A,16,12,3,5,5,5,13,10,19:45,0.25,2.02,1.88,2.03,1.88,3.61,3.53,2.21,3.48,3.32,2.16,2,3,0,0,3.5,3.3,2.15,,,,,,,3.61,3.33,2.19,2.1,1.73,2.11,1.79,2.06,1.77,2024-25,Serie A,1.55405,1.12443,1590.69177246,,,3.578300032838428,3.8787377788891297,8.049178252687298,12.804003375773966,,0.93,0.93,,,0.8,,4.8,,2.4,,13.6,,57.8,,2.4,,12.2,,161.4
2025-05-23,Como,Inter,0,2,A,0,1,A,18,11,4,7,1,4,10,9,19:45,0.75,2.05,1.8,2.09,1.85,5.1,4.5,1.68,4.82,4.3,1.65,1,3,1,0,5.0,4.2,1.65,,,,,,,4.88,4.41,1.67,1.57,2.38,1.61,2.42,1.59,2.38,2024-25,Serie A,1.49032,2.27789,,,,5.300007721068155,4.501698465471712,15.663803575964206,12.428717110048671,1.348,2.082,2.082,1.348,2.0,3.6,5.4,4.6,4.6,6.0,14.8,14.0,51.4,66.4,1.8,1.8,14.2,9.4,205.6,164.333
2025-05-23,Napoli,Cagliari,2,0,H,1,0,H,18,4,6,1,8,3,14,14,19:45,-2.0,2.05,1.8,2.06,1.85,1.21,7.65,18.0,1.19,6.94,14.74,2,1,0,0,1.2,7.0,12.0,,,,,,,1.2,7.2,15.68,1.53,2.5,1.55,2.54,1.52,2.5,2024-25,Serie A,2.16118,0.0969696,1840.71459961,1611.41821289,229.2963867200001,5.5346491313001,2.6846395652063224,15.954677767420376,7.614273339234951,1.476,1.308,1.308,1.476,2.6,2.0,9.6,5.4,5.0,4.4,17.6,9.6,60.4,49.8,1.2,2.8,11.4,12.8,150.8,154.6
2025-05-24,Milan,Monza,2,0,H,0,0,D,21,6,6,2,4,6,8,9,19:45,-2.0,2.0,1.85,2.0,1.88,1.24,7.6,12.6,1.22,7.1,11.13,0,1,0,0,1.22,7.0,11.0,,,,,,,1.22,7.48,11.05,1.33,3.4,1.32,3.41,1.31,3.31,2024-25,Serie A,,,1789.86682129,1527.67346191,262.19335937999995,4.8854509627610545,2.7696813371478677,12.83254098388613,8.204353929057001,1.256,1.126,1.126,1.256,1.0,2.4,5.8,4.2,4.6,3.8,16.4,8.2,52.6,49.6,1.6,2.2,12.6,14.4,163.8,167.0
2025-05-24,Bologna,Genoa,1,3,A,0,3,A,16,5,5,3,13,1,13,23,17:00,-1.0,1.83,2.03,1.84,2.08,1.55,4.64,6.56,1.5,4.45,6.3,5,2,0,0,1.5,4.5,6.0,,,,,,,1.5,4.55,6.56,1.73,2.1,1.73,2.17,1.72,2.13,2024-25,Serie A,0.628377,1.17343,1774.10900879,1652.25146484,121.85754395000004,7.279071326861973,2.2349551369975313,11.9711471455976,6.870301383365376,2.048,1.07,1.07,2.048,4.6,1.4,5.2,4.2,6.2,4.8,17.8,10.8,61.6,44.4,1.8,3.2,12.2,12.0,177.0,144.0
2025-05-25,Atalanta,Parma,2,3,A,2,0,H,11,18,5,10,5,6,7,7,19:45,-0.75,1.98,1.88,2.0,1.91,1.83,3.75,5.2,1.76,3.63,4.84,1,1,0,0,1.75,3.5,5.0,,,,,,,1.78,3.6,5.1,1.73,2.1,1.73,2.17,1.69,2.17,2024-25,Serie A,,,1863.1940918,,,7.826640746104335,2.008907407062822,14.731515938483213,6.76316353263392,1.608,0.686,0.686,1.608,3.6,1.2,5.2,3.8,4.8,1.2,15.6,9.0,58.8,39.0,2.2,3.0,10.4,7.4,163.0,174.6
2025-05-25,Empoli,Verona,1,2,A,1,1,D,14,5,5,2,13,1,10,29,19:45,-0.5,1.98,1.88,2.01,1.9,2.04,3.4,4.35,1.98,3.24,4.21,2,2,0,0,1.95,3.2,4.33,,,,,,,2.0,3.29,4.33,2.38,1.57,2.46,1.58,2.39,1.57,2024-25,Serie A,1.23351,0.833807,1592.87145996,1591.36132812,1.5101318399999857,2.843387507142314,3.838865482063525,10.283643282449807,8.137258328296504,0.584,,,0.584,0.8,,4.8,,2.2,,8.2,,42.2,,2.6,,12.0,,191.6,
2025-05-25,Lazio,Lecce,0,1,A,0,1,A,26,9,7,3,14,4,11,11,19:45,-1.0,1.9,1.95,1.94,1.96,1.64,3.86,8.0,1.56,3.72,7.09,2,3,1,1,1.53,3.7,7.5,,,,,,,1.55,3.74,7.99,1.83,2.03,1.85,2.04,1.82,2.01,2024-25,Serie A,1.73521,0.708667,1790.39416504,1574.55175781,215.8424072299999,5.3456436433227115,4.171537781785539,15.658572535364785,11.518062581088536,1.616,0.652,0.652,1.616,3.2,0.6,3.6,2.6,3.8,2.8,14.2,7.6,55.4,37.0,1.2,5.2,10.2,13.2,159.4,155.6
2025-05-25,Torino,Roma,0,2,A,0,1,A,11,15,4,5,2,1,15,11,19:45,1.0,1.88,1.98,1.9,2.01,6.33,4.33,1.6,5.74,4.16,1.57,1,1,0,0,5.5,4.2,1.57,,,,,,,5.91,4.27,1.58,1.9,1.95,1.93,1.96,1.9,1.91,2024-25,Serie A,0.381059,2.64436,1689.6270752,1817.3572998,-127.73022459999991,6.387213836618464,5.791261592812528,14.33678977274904,13.32806390379297,0.702,0.948,0.948,0.702,1.4,1.8,3.4,3.2,3.8,2.6,8.0,10.4,45.8,56.2,4.2,3.6,14.4,11.2,154.6,161.2
2025-05-25,Udinese,Fiorentina,2,3,A,1,0,H,12,25,3,11,2,8,15,6,19:45,0.5,1.85,2.0,1.89,2.02,3.81,3.75,2.06,3.68,3.64,1.99,3,2,1,0,3.7,3.6,2.0,,,,,,,3.71,3.75,2.01,1.98,1.88,1.97,1.92,1.95,1.87,2024-25,Serie A,1.61711,3.06465,1631.99121094,1756.72753906,-124.73632812000004,5.5622030926724655,4.048816441512251,16.07384395111515,8.794015741761351,0.864,0.758,0.758,0.864,1.2,1.4,5.0,3.2,3.2,3.0,9.0,9.8,44.4,49.0,2.6,3.4,14.0,11.2,157.4,140.6
2025-05-25,Venezia,Juventus,2,3,A,1,2,A,12,15,5,5,6,6,10,18,19:45,1.0,1.9,1.95,1.92,1.99,6.12,4.43,1.6,5.8,4.23,1.55,1,2,0,0,5.75,4.33,1.53,,,,,,,5.97,4.33,1.56,1.88,1.98,1.88,2.01,1.85,1.97,2024-25,Serie A,1.01327,1.66948,1567.00256348,1807.8984375,-240.8958740200001,3.3922150927666603,4.159611834567604,8.740241192075873,9.700586697898494,1.622,1.394,1.394,1.622,2.8,2.4,4.6,5.2,3.4,2.6,13.2,11.6,50.2,57.6,2.8,3.4,9.6,12.8,162.0,150.0
2025-08-23,Genoa,Lecce,0,0,D,0,0,D,5,7,2,0,3,7,16,13,17:30,-0.5,1.9,1.95,1.93,1.97,1.95,3.4,4.5,1.91,3.28,4.29,2,3,0,0,1.9,3.3,4.5,1.95,3.25,4.2,,,,1.93,3.43,4.47,2.38,1.57,2.44,1.58,2.36,1.55,2025-26,Serie A,,,1664.47741699,1583.48083496,80.9965820299999,5.925405344919777,4.1143585211903595,10.886921340660884,10.67870838739236,1.13,0.686,0.686,1.13,1.8,1.0,2.8,3.0,6.4,2.8,9.6,8.2,45.6,36.2,3.0,4.6,11.8,13.4,140.0,158.8
2025-08-23,Sassuolo,Napoli,0,2,A,0,1,A,7,13,2,4,1,2,17,17,17:30,1.0,1.85,2.0,1.87,2.05,6.5,4.2,1.58,6.08,4.02,1.54,3,1,1,0,6.0,4.0,1.57,5.75,4.0,1.57,,,,6.35,3.93,1.6,1.98,1.88,2.02,1.88,1.92,1.83,2025-26,Serie A,,,1597.31958008,1838.78845215,-241.4688720700001,4.723174084383417,3.456242529965886,8.467066258770057,9.289581248282186,1.04,1.348,1.348,1.04,2.0,2.2,4.2,5.0,5.4,4.0,13.2,10.8,54.0,56.6,2.2,2.0,13.0,11.6,169.8,162.6
2025-08-23,Milan,Cremonese,1,2,A,1,1,D,24,4,6,3,9,2,10,14,19:45,-1.5,2.0,1.85,2.03,1.88,1.36,5.3,9.5,1.34,5.09,8.57,1,4,0,0,1.33,5.25,9.0,1.36,5.0,8.25,,,,1.36,5.42,8.57,1.67,2.2,1.66,2.31,1.61,2.25,2025-26,Serie A,,,1787.33337402,1542.28308105,245.0502929700001,4.590300641840703,2.471877260471891,15.555027322590757,8.897600908763504,2.042,1.042,1.042,2.042,3.6,1.8,5.6,4.4,5.0,4.4,15.4,9.6,52.4,45.8,2.6,5.2,9.4,16.4,153.8,179.8
2025-08-23,Roma,Bologna,1,0,H,0,0,D,14,10,4,2,2,4,15,13,19:45,-0.25,1.8,2.05,1.83,2.09,2.15,3.4,3.65,2.1,3.28,3.56,1,1,0,0,2.1,3.3,3.5,2.1,3.3,3.5,,,,2.13,3.32,3.79,2.1,1.73,2.16,1.75,2.11,1.69,2025-26,Serie A,,,1820.65856934,1751.24255371,69.41601562999995,4.812532102966127,4.2599651776363485,12.443160135832716,12.58972067382595,1.116,1.538,1.538,1.116,2.0,2.8,5.6,3.2,3.6,3.8,13.8,13.0,57.6,54.8,3.0,4.2,12.8,16.8,151.8,160.8
2025-08-24,Atalanta,Pisa,1,1,D,0,1,A,21,11,6,2,10,4,9,10,19:45,-1.5,2.08,1.73,2.15,1.76,1.41,5.1,8.0,1.38,4.86,7.63,2,0,0,0,1.4,5.0,7.0,1.4,4.8,7.5,,,,1.42,4.94,7.54,1.67,2.2,1.68,2.27,1.61,2.24,2025-26,Serie A,,,1842.6574707,,,6.884427164069557,,13.487677292322145,,1.532,1.29,1.29,1.532,2.6,2.0,4.8,3.6,3.4,4.4,14.4,10.2,53.0,40.2,2.0,2.8,12.2,12.2,160.6,166.2
2025-08-24,Juventus,Parma,2,0,H,0,0,D,25,8,8,2,6,6,9,13,19:45,-1.25,1.98,1.88,2.0,1.91,1.44,4.75,8.0,1.42,4.58,7.26,1,2,1,0,1.42,4.75,7.5,1.43,4.6,7.0,,,,1.43,4.8,7.58,1.73,2.1,1.78,2.11,1.72,2.06,2025-26,Serie A,,,1806.27502441,,,6.706086279981696,3.339271604708548,17.624181128626343,10.508775688422611,2.282,1.042,1.042,2.282,3.8,2.2,5.4,2.8,6.0,2.0,19.8,10.4,59.8,39.8,2.0,2.6,11.4,8.2,139.0,156.6
2025-08-24,Cagliari,Fiorentina,1,1,D,0,0,D,14,4,6,1,3,2,18,14,17:30,0.25,1.93,1.93,1.95,1.95,3.33,3.33,2.3,3.17,3.27,2.25,4,2,0,0,3.25,3.3,2.25,3.0,3.3,2.3,,,,3.38,3.32,2.29,2.1,1.73,2.09,1.8,2.03,1.74,2025-26,Serie A,,,1602.70385742,1757.98181152,-155.2779541,5.583690249453449,5.365877627674834,12.91653852894574,14.196010494507568,1.046,1.26,1.26,1.046,1.6,2.0,4.2,4.8,4.6,5.0,10.8,12.8,49.6,53.0,2.4,3.8,17.0,14.2,184.8,155.8
2025-08-24,Como,Lazio,2,0,H,0,0,D,19,5,6,1,6,0,15,12,17:30,-0.25,2.1,1.78,2.14,1.79,2.5,3.35,3.0,2.44,3.29,2.86,2,3,0,0,2.4,3.25,3.0,2.5,3.3,2.8,,,,2.49,3.37,3.0,2.03,1.83,2.03,1.86,1.98,1.78,2025-26,Serie A,,,,1770.82458496,,3.8666718140454375,4.324632650515368,16.44253571730947,11.42701256232284,1.696,0.77,0.77,1.696,2.6,2.2,5.2,3.2,4.0,3.0,15.2,11.4,67.8,53.6,3.0,3.0,12.4,11.4,178.0,166.4
2025-08-25,Udinese,Verona,1,1,D,0,0,D,14,9,4,3,5,1,14,14,17:30,-0.5,1.98,1.88,1.98,1.92,2.0,3.5,4.1,1.95,3.33,3.95,3,2,0,0,1.95,3.3,4.1,1.98,3.3,4.0,,,,1.98,3.46,4.17,2.2,1.67,2.21,1.72,2.14,1.67,2025-26,Serie A,,,1620.68286133,1595.49523926,25.18762206999986,4.3748020617816445,2.89257698804235,14.715895967410102,7.09150555219767,1.068,,,1.068,1.8,,4.8,,4.4,,15.8,,45.8,,1.4,,16.8,,183.0,
2025-08-25,Inter,Torino,5,0,H,2,0,H,20,12,9,4,6,5,14,6,19:45,-1.25,1.93,1.93,1.97,1.93,1.44,4.9,8.0,1.41,4.67,7.28,0,0,0,0,1.42,4.75,7.5,1.43,4.6,7.25,,,,1.44,4.83,7.32,1.73,2.1,1.72,2.2,1.68,2.12,2025-26,Serie A,,,,1675.68530273,,4.932635137832874,3.9573510358716337,12.901955432956765,9.17007906352271,1.99,1.216,1.216,1.99,4.4,2.2,7.4,4.2,6.6,3.6,15.8,12.4,57.2,41.6,2.4,2.4,16.0,14.0,143.4,159.4
2025-08-29,Cremonese,Sassuolo,3,2,H,2,0,H,11,9,6,6,5,4,12,17,17:30,0.0,1.85,2.0,1.88,2.05,2.6,3.25,2.9,2.55,3.2,2.82,2,2,0,0,2.6,3.2,2.75,2.5,3.25,2.85,,,,2.66,3.25,2.9,2.1,1.73,2.14,1.78,2.04,1.74,2025-26,Serie A,,,1556.94213867,1592.54626465,-35.604125979999935,3.1635213541842395,5.057867833114146,12.040874735460884,10.122610290364223,1.018,1.168,1.168,1.018,2.0,2.6,2.6,3.6,2.8,3.4,8.8,9.6,46.4,41.2,3.6,3.6,11.2,13.4,189.4,175.2
2025-08-29,Lecce,Milan,0,2,A,0,0,D,7,14,2,6,4,5,10,8,19:45,1.0,1.8,2.05,1.85,2.09,6.5,4.0,1.6,6.03,3.94,1.57,1,0,0,0,6.0,3.9,1.57,5.75,4.0,1.58,,,,6.32,3.93,1.62,2.0,1.85,2.03,1.88,1.96,1.81,2025-26,Serie A,,,1586.96606445,1772.91723633,-185.95117187999995,5.390733636919628,4.4727068887379655,12.203796659935552,12.482495927906012,1.122,1.322,1.322,1.122,1.6,2.2,6.4,3.8,5.2,3.4,12.0,10.2,47.4,48.6,2.4,4.0,12.6,7.8,172.2,130.2
2025-08-30,Bologna,Como,1,0,H,0,0,D,15,13,2,2,7,4,13,19,17:30,-0.25,2.1,1.78,2.15,1.79,2.57,3.25,3.1,2.42,3.14,3.04,4,3,0,0,2.45,3.1,3.1,2.45,3.1,3.0,,,,2.53,3.13,3.14,2.3,1.62,2.33,1.66,2.23,1.61,2025-26,Serie A,,,1745.97021484,,,9.186047551241316,4.252491852592753,13.314098097065068,12.53600225051598,1.1,1.416,1.416,1.1,1.8,2.6,5.2,3.8,6.4,4.0,15.6,13.6,57.2,57.4,2.2,4.0,13.2,14.0,174.2,155.6
2025-08-30,Parma,Atalanta,1,1,D,0,0,D,7,11,3,3,1,2,8,15,17:30,0.5,1.9,1.95,1.92,1.99,4.1,3.55,2.08,3.82,3.49,1.96,2,2,0,0,4.1,3.5,1.91,3.8,3.5,1.98,,,,3.99,3.57,1.98,1.93,1.93,1.91,1.97,1.86,1.89,2025-26,Serie A,,,,1835.11791992,,3.663598832017375,3.5340340704504176,8.626400438000585,13.07528035997104,1.076,1.042,1.042,1.076,1.6,1.2,3.8,6.4,4.6,5.0,14.0,13.4,43.6,63.0,3.2,3.6,12.0,11.4,168.4,159.4
2025-08-30,Napoli,Cagliari,1,0,H,0,0,D,20,10,6,1,13,0,16,12,19:45,-1.5,1.98,1.88,2.01,1.9,1.33,5.6,11.0,1.3,5.23,10.34,2,1,0,0,1.3,5.0,11.0,1.31,5.25,10.5,,,,1.32,5.39,10.32,1.85,2.0,1.88,2.0,1.78,1.98,2025-26,Serie A,,,1843.80493164,1606.01550293,237.78942871000004,6.356432754200067,2.7897597101375484,16.63645184494692,6.409515559489968,1.328,0.8,0.8,1.328,2.2,1.6,5.2,3.4,4.4,2.8,11.2,8.6,50.4,40.4,1.6,5.2,11.6,15.4,148.0,152.6
2025-08-30,Pisa,Roma,0,1,A,0,0,D,7,10,3,5,1,7,14,10,19:45,0.75,1.9,1.95,1.93,1.97,5.33,3.9,1.75,4.96,3.69,1.7,2,1,0,0,5.25,3.6,1.7,4.75,3.7,1.73,,,,5.15,3.76,1.74,2.03,1.83,2.04,1.85,1.97,1.79,2025-26,Serie A,,,,1826.17407227,,,4.194174395208353,,13.88537593586198,1.148,1.286,1.286,1.148,2.2,1.2,3.8,4.6,8.4,3.8,11.0,12.4,43.6,56.0,3.2,5.0,13.0,14.6,191.8,151.4
2025-08-31,Torino,Fiorentina,0,0,D,0,0,D,7,16,4,4,7,3,21,13,17:30,0.25,1.8,2.05,1.82,2.11,3.2,3.25,2.41,3.13,3.15,2.36,2,2,0,0,3.2,3.1,2.4,3.1,3.2,2.4,,,,3.21,3.16,2.47,2.3,1.62,2.42,1.61,2.24,1.6,2025-26,Serie A,,,1670.96398926,1755.30151367,-84.33752441000001,4.924809224412311,4.24391841844989,13.224526515166026,10.797340329671712,1.186,1.26,1.26,1.186,2.4,2.0,4.2,4.8,4.8,5.0,14.0,12.8,47.4,53.0,2.0,3.8,14.0,14.2,170.2,155.8
2025-08-31,Inter,Udinese,1,2,A,1,2,A,16,10,4,5,13,2,17,5,19:45,-1.5,1.93,1.93,1.95,1.95,1.33,5.5,10.0,1.31,5.31,9.22,1,3,0,0,1.3,5.25,9.5,1.32,5.5,9.25,,,,1.32,5.63,9.47,1.62,2.3,1.65,2.34,1.61,2.24,2025-26,Serie A,,,,1618.92456055,,5.288423425221916,4.244256020594776,15.267970288637844,9.057407655337798,1.99,0.922,0.922,1.99,4.4,1.4,7.4,4.6,6.6,3.2,15.8,9.2,57.2,41.8,2.4,3.2,16.0,13.8,143.4,185.2
2025-08-31,Lazio,Verona,4,0,H,3,0,H,22,12,6,4,8,1,8,19,19:45,-1.25,2.05,1.75,2.12,1.78,1.48,4.75,7.5,1.45,4.41,6.9,0,0,0,0,1.48,4.33,7.0,1.46,4.4,7.0,,,,1.48,4.47,7.12,1.93,1.93,1.94,1.94,1.84,1.91,2025-26,Serie A,,,1756.54846191,1597.49658203,159.05187988000012,8.230429095548473,2.2617179920282338,19.10571502357652,7.727670368131781,0.912,,,0.912,1.0,,5.4,,4.4,,11.2,,51.4,,2.8,,10.4,,171.0,
2025-08-31,Genoa,Juventus,0,1,A,0,0,D,10,13,1,3,3,4,14,15,17:30,0.5,2.0,1.85,2.0,1.91,4.5,3.5,1.91,4.38,3.36,1.86,1,2,0,0,4.5,3.4,1.85,4.4,3.3,1.87,,,,4.51,3.48,1.9,2.3,1.62,2.41,1.62,2.28,1.59,2025-26,Serie A,,,1661.23522949,1810.46948242,-149.23425293000014,4.950270229946518,4.773074556378403,8.924614227107256,11.467057798598995,1.13,1.448,1.448,1.13,1.8,2.2,2.8,3.6,6.4,1.6,9.6,13.0,45.6,53.2,3.0,1.8,11.8,14.0,140.0,161.2
2025-09-13,Cagliari,Parma,2,0,H,1,0,H,12,17,5,5,4,5,15,18,14:00,-0.25,1.85,2.0,1.88,2.03,2.25,3.3,3.6,2.17,3.21,3.49,3,1,0,0,2.15,3.2,3.6,2.15,3.2,3.5,,,,2.2,3.24,3.7,2.2,1.67,2.32,1.66,2.21,1.63,2025-26,Serie A,,,1603.64465332,,,4.7224601663023,4.226181069805699,13.277692352630494,9.672517125615077,1.046,1.042,1.042,1.046,1.6,2.2,4.2,2.8,4.6,2.0,10.8,10.4,49.6,39.8,2.4,2.6,17.0,8.2,184.8,156.6
2025-09-13,Juventus,Inter,4,3,H,2,1,H,12,18,4,4,5,9,14,10,17:00,0.0,1.93,1.93,1.96,1.94,2.83,3.35,2.85,2.72,3.03,2.77,2,1,0,0,2.75,3.0,2.75,2.7,3.0,2.75,,,,2.84,3.07,2.82,2.2,1.67,2.26,1.69,2.2,1.63,2025-26,Serie A,,,1816.04064941,,,6.470724186654464,4.334465643647809,20.082787419084227,11.952478073365782,2.282,1.486,1.486,2.282,3.8,2.8,5.4,6.2,6.0,6.8,19.8,16.6,59.8,61.8,2.0,1.0,11.4,12.2,139.0,163.8
2025-09-13,Fiorentina,Napoli,1,3,A,0,2,A,19,14,3,9,8,5,14,14,19:45,0.25,1.93,1.93,1.95,1.95,3.65,3.45,2.3,3.43,3.14,2.22,0,0,0,0,3.5,3.1,2.25,3.4,3.1,2.25,,,,3.56,3.17,2.29,2.38,1.57,2.48,1.58,2.32,1.57,2025-26,Serie A,,,1754.09472656,1846.17578125,-92.08105468999996,1.9428047655855143,2.9708283533105906,7.718988650784797,10.526387498854792,1.802,1.348,1.348,1.802,3.0,2.2,5.6,5.0,4.4,4.0,17.6,10.8,59.4,56.6,2.4,2.0,11.0,11.6,156.6,162.6
2025-09-14,Roma,Torino,0,1,A,0,0,D,22,8,5,4,7,4,11,17,11:30,-1.0,1.88,1.98,1.92,1.99,1.53,4.2,7.0,1.51,4.08,6.65,2,3,0,0,1.5,4.1,7.0,1.52,4.1,6.5,,,,1.52,4.24,6.88,2.05,1.8,2.07,1.81,1.99,1.77,2025-26,Serie A,,,1828.97351074,1672.17089844,156.80261229999996,3.8750214019774183,4.304900690581089,12.962106757221813,10.113386042348472,1.116,1.216,1.216,1.116,2.0,2.2,5.6,4.2,3.6,3.6,13.8,12.4,57.6,41.6,3.0,2.4,12.8,14.0,151.8,159.4
2025-09-14,Atalanta,Lecce,4,1,H,1,0,H,19,12,8,3,8,2,12,7,14:00,-1.25,1.9,1.95,1.94,1.96,1.45,4.8,8.5,1.4,4.56,7.85,0,0,0,0,1.4,4.5,8.5,1.41,4.75,7.75,,,,1.41,5.07,7.5,1.8,2.0,1.81,2.06,1.75,2.02,2025-26,Serie A,,,1830.04406738,1580.47741699,249.56665038999995,7.922951442713038,5.076239014126907,15.991784861548096,9.452472258261572,1.532,0.686,0.686,1.532,2.6,1.0,4.8,3.0,3.4,2.8,14.4,8.2,53.0,36.2,2.0,4.6,12.2,13.4,160.6,158.8
2025-09-14,Pisa,Udinese,0,1,A,0,1,A,12,13,2,3,8,6,13,15,14:00,0.0,1.93,1.93,1.98,1.93,2.95,3.2,2.75,2.78,3.08,2.64,1,2,0,0,2.75,3.1,2.75,2.8,3.1,2.6,,,,2.85,3.11,2.77,2.3,1.62,2.39,1.63,2.28,1.59,2025-26,Serie A,,,,1634.84472656,,1.0,3.496170680396517,7.0,9.371605103558531,1.148,0.922,0.922,1.148,2.2,1.4,3.8,4.6,8.4,3.2,11.0,9.2,43.6,41.8,3.2,3.2,13.0,13.8,191.8,185.2
2025-09-14,Sassuolo,Lazio,1,0,H,0,0,D,10,13,3,3,3,7,15,11,17:00,0.5,1.8,2.05,1.82,2.11,3.66,3.6,2.12,3.49,3.49,2.04,6,3,0,0,3.5,3.6,2.05,3.5,3.5,2.05,,,,3.69,3.5,2.1,1.9,1.95,1.94,1.94,1.84,1.92,2025-26,Serie A,,,1584.65576172,1763.54992676,-178.89416503999996,3.4821160562556117,2.8830884336769125,7.978044172513371,9.28467504154856,1.04,0.77,0.77,1.04,2.0,2.2,4.2,3.2,5.4,3.0,13.2,11.4,54.0,53.6,2.2,3.0,13.0,11.4,169.8,166.4
2025-09-14,Milan,Bologna,1,0,H,0,0,D,14,5,3,0,7,4,17,16,19:45,-0.5,1.93,1.93,1.92,1.99,1.93,3.7,4.33,1.89,3.48,4.04,3,2,0,0,1.91,3.4,4.2,1.93,3.5,3.9,,,,1.91,3.52,4.42,2.0,1.85,2.0,1.88,1.91,1.84,2025-26,Serie A,,,1779.40600586,1751.06591797,28.34008788999995,6.060200427893802,4.173310118424233,18.370018215060504,11.726480449217302,2.042,1.538,1.538,2.042,3.6,2.8,5.6,3.2,5.0,3.8,15.4,13.0,52.4,54.8,2.6,4.2,9.4,16.8,153.8,160.8
2025-09-15,Verona,Cremonese,0,0,D,0,0,D,20,6,9,2,10,1,18,3,17:30,-0.25,2.05,1.8,2.11,1.82,2.4,3.3,3.3,2.34,3.13,3.16,2,1,0,0,2.38,3.1,3.2,2.3,3.2,3.25,,,,2.48,3.13,3.23,2.3,1.62,2.41,1.61,2.24,1.61,2025-26,Serie A,,,1590.49511719,1564.8326416,25.662475589999985,4.052200021892285,2.314584840314594,10.6994521684582,7.265067272509003,,1.042,1.042,,,1.8,,4.4,,4.4,,9.6,,45.8,,5.2,,16.4,,179.8
2025-09-15,Como,Genoa,1,1,D,1,0,H,13,13,4,6,0,8,13,17,19:45,-0.75,1.83,2.03,1.87,2.04,1.7,3.8,6.0,1.64,3.68,5.5,2,2,1,0,1.62,3.75,6.0,1.65,3.7,5.75,,,,1.67,3.75,5.86,2.1,1.73,2.19,1.73,2.08,1.71,2025-26,Serie A,,,,1655.6640625,,4.577781209363625,1.823303424665021,17.29502381153965,6.246867588910252,1.696,1.472,1.472,1.696,2.6,2.8,5.2,2.6,4.0,4.8,15.2,12.4,67.8,42.2,3.0,4.0,12.4,12.6,178.0,155.8
2025-09-19,Lecce,Cagliari,1,2,A,1,1,D,11,15,5,6,4,7,10,19,19:45,0.0,1.98,1.88,1.97,1.93,2.88,3.0,2.83,2.8,2.9,2.78,2,3,0,0,2.88,2.9,2.75,2.8,2.9,2.8,,,,2.91,2.96,2.85,2.5,1.53,2.67,1.5,2.55,1.49,2025-26,Serie A,,,1574.14477539,1611.09790039,-36.953125,4.927155757946419,1.859839806758366,10.469197773290368,7.606343706326646,1.122,0.8,0.8,1.122,1.6,1.6,6.4,3.4,5.2,2.8,12.0,8.6,47.4,40.4,2.4,5.2,12.6,15.4,172.2,152.6
2025-09-20,Bologna,Genoa,2,1,H,0,0,D,14,7,6,4,8,2,12,15,14:00,-0.5,1.85,2.0,1.88,2.04,1.88,3.4,5.25,1.82,3.3,4.78,1,5,0,0,1.83,3.2,5.25,1.82,3.3,4.8,,,,1.87,3.37,4.93,2.5,1.53,2.51,1.55,2.39,1.54,2025-26,Serie A,,,1742.30371094,1654.44604492,87.8576660199999,8.457365034160878,3.882202283110014,13.876065398043378,8.497911725940169,1.1,1.472,1.472,1.1,1.8,2.8,5.2,2.6,6.4,4.8,15.6,12.4,57.2,42.2,2.2,4.0,13.2,12.6,174.2,155.8
2025-09-20,Verona,Juventus,1,1,D,1,1,D,14,10,4,4,5,3,18,10,17:00,1.0,1.88,1.98,1.9,2.01,7.0,4.0,1.57,6.5,3.85,1.55,3,3,0,0,6.5,3.9,1.55,6.5,3.9,1.57,,,,6.7,3.98,1.57,2.2,1.67,2.26,1.68,2.18,1.64,2025-26,Serie A,,,1586.05053711,1820.71765137,-234.6671142600001,6.0348000145948575,4.515383037585602,13.799634778972134,11.978038532399331,,1.448,1.448,,,2.2,,3.6,,1.6,,13.0,,53.2,,1.8,,14.0,,161.2
2025-09-20,Udinese,Milan,0,3,A,0,1,A,10,13,4,6,1,4,9,7,19:45,0.5,2.03,1.83,2.04,1.88,4.5,3.8,1.85,4.31,3.57,1.82,2,0,0,0,4.33,3.6,1.83,4.33,3.6,1.82,,,,4.47,3.63,1.86,2.1,1.73,2.12,1.78,1.99,1.78,2025-26,Serie A,,,1638.97143555,1783.15356445,-144.18212889999995,4.583201374521097,4.648471259158644,14.477263978273404,12.988330618604008,1.068,1.322,1.322,1.068,1.8,2.2,4.8,3.8,4.4,3.4,15.8,10.2,45.8,48.6,1.4,4.0,16.8,7.8,183.0,130.2
2025-09-21,Cremonese,Parma,0,0,D,0,0,D,3,15,1,3,3,3,16,8,14:00,0.0,1.83,2.03,1.83,2.1,2.6,3.2,2.9,2.52,3.13,2.87,1,0,0,0,2.55,3.2,2.88,2.55,3.1,2.87,,,,2.6,3.2,2.98,2.2,1.67,2.3,1.67,2.24,1.61,2025-26,Serie A,,,1564.26257324,,,3.7756809027894938,4.4841207132038,11.693916490307256,12.11501141707672,1.018,1.042,1.042,1.018,2.0,2.2,2.6,2.8,2.8,2.0,8.8,10.4,46.4,39.8,3.6,2.6,11.2,8.2,189.4,156.6
2025-09-21,Inter,Sassuolo,2,1,H,1,0,H,20,9,6,5,7,3,15,8,19:45,-1.75,2.03,1.83,2.04,1.85,1.29,6.0,12.0,1.27,5.65,10.36,2,1,0,0,1.29,5.5,12.0,1.28,5.75,10.5,,,,1.3,5.67,10.37,1.57,2.38,1.6,2.41,1.54,2.36,2025-26,Serie A,,,,1593.39550781,,7.858948950147944,4.705245222076098,15.51198019242523,9.748406860242817,1.99,1.168,1.168,1.99,4.4,2.6,7.4,3.6,6.6,3.4,15.8,9.6,57.2,41.2,2.4,3.6,16.0,13.4,143.4,175.2
2025-09-21,Lazio,Roma,0,1,A,0,1,A,10,13,2,6,3,6,14,22,11:30,0.0,2.0,1.85,2.06,1.85,2.9,3.2,2.63,2.81,3.13,2.58,1,1,2,0,2.8,3.1,2.63,2.8,3.2,2.6,,,,2.96,3.12,2.67,2.3,1.62,2.33,1.65,2.19,1.64,2025-26,Serie A,,,1749.79553223,1813.23474121,-63.4392089800001,8.153619397032315,5.129449596805568,20.07047668238435,12.590250623907988,0.912,1.286,1.286,0.912,1.0,1.2,5.4,4.6,4.4,3.8,11.2,12.4,51.4,56.0,2.8,5.0,10.4,14.6,171.0,151.4
2025-09-21,Torino,Atalanta,0,3,A,0,3,A,11,9,5,5,1,0,11,9,14:00,0.25,1.95,1.9,1.95,1.95,3.5,3.4,2.2,3.39,3.28,2.14,0,0,0,0,3.25,3.4,2.2,3.5,3.3,2.15,,,,3.38,3.36,2.27,2.2,1.67,2.29,1.68,2.15,1.66,2025-26,Serie A,,,1682.89489746,1825.72595215,-142.83105468999997,5.6165394829415405,3.0226893803002786,11.14968434344402,12.383520239980694,1.186,1.042,1.042,1.186,2.4,1.2,4.2,6.4,4.8,5.0,14.0,13.4,47.4,63.0,2.0,3.6,14.0,11.4,170.2,159.4
2025-09-21,Fiorentina,Como,1,2,A,1,0,H,8,19,1,7,2,6,16,19,17:00,0.0,1.85,2.0,1.88,2.04,2.63,3.3,2.83,2.59,3.2,2.73,4,3,0,0,2.6,3.2,2.8,2.6,3.25,2.7,,,,2.64,3.28,2.87,2.1,1.73,2.12,1.78,2.09,1.7,2025-26,Serie A,,,1741.9432373,,,3.961869843723676,4.168327901728502,11.479325767189865,12.690668167010651,1.802,1.416,1.416,1.802,3.0,2.6,5.6,3.8,4.4,4.0,17.6,13.6,59.4,57.4,2.4,4.0,11.0,14.0,156.6,155.6
2025-09-22,Napoli,Pisa,3,2,H,1,0,H,18,15,6,6,5,3,10,18,19:45,-1.75,2.03,1.78,2.07,1.83,1.27,6.25,15.0,1.24,5.73,12.86,1,2,0,0,1.27,5.75,12.0,1.26,5.75,12.0,,,,1.26,6.13,12.94,1.83,2.03,1.82,2.05,1.78,1.98,2025-26,Serie A,,,1847.81677246,,,8.57095516946671,4.0,17.757634563297948,11.0,1.328,1.29,1.29,1.328,2.2,2.0,5.2,3.6,4.4,4.4,11.2,10.2,50.4,40.2,1.6,2.8,11.6,12.2,148.0,166.2
2025-09-27,Como,Cremonese,1,1,D,1,0,H,14,9,6,2,4,3,16,17,14:00,-1.25,2.0,1.85,2.02,1.89,1.48,4.6,8.0,1.44,4.41,7.45,3,4,1,0,1.45,4.33,8.0,1.47,4.33,7.0,,,,1.47,4.63,7.03,1.88,1.98,1.87,2.02,1.85,1.9,2025-26,Serie A,,,,1564.77258301,,3.05185413957575,1.8763898935430627,15.8633492076931,6.843378181672669,1.696,1.042,1.042,1.696,2.6,1.8,5.2,4.4,4.0,4.4,15.2,9.6,67.8,45.8,3.0,5.2,12.4,16.4,178.0,179.8
2025-09-27,Juventus,Atalanta,1,1,D,0,1,A,24,12,10,2,14,5,6,7,17:00,-0.5,1.85,2.0,1.89,2.02,1.91,3.7,4.2,1.86,3.55,4.16,0,3,0,1,1.85,3.6,4.2,1.88,3.5,4.2,,,,1.88,3.71,4.28,2.03,1.83,2.03,1.86,1.97,1.79,2025-26,Serie A,,,1816.52819824,1836.15588379,-19.627685550000024,5.980482791102977,2.0151262535335195,17.38852494605615,11.255680159987133,2.282,1.042,1.042,2.282,3.8,1.2,5.4,6.4,6.0,5.0,19.8,13.4,59.8,63.0,2.0,3.6,11.4,11.4,139.0,159.4
2025-09-27,Cagliari,Inter,0,2,A,0,1,A,6,20,0,5,4,4,13,14,19:45,1.0,1.93,1.93,1.93,1.97,6.0,4.25,1.57,5.85,4.16,1.54,0,2,0,0,6.0,4.2,1.53,5.75,4.2,1.55,,,,5.98,4.42,1.55,1.8,2.0,1.78,2.11,1.76,2.01,2025-26,Serie A,,,1620.37670898,,,4.4816401108682005,5.889643762431873,12.851794901753664,13.968318715577189,1.046,1.486,1.486,1.046,1.6,2.8,4.2,6.2,4.6,6.8,10.8,16.6,49.6,61.8,2.4,1.0,17.0,12.2,184.8,163.8
2025-09-28,Sassuolo,Udinese,3,1,H,2,0,H,11,12,5,5,1,5,5,22,11:30,-0.25,1.98,1.88,2.04,1.88,2.3,3.4,3.3,2.27,3.25,3.15,0,3,0,0,2.3,3.2,3.3,2.3,3.25,3.1,,,,2.37,3.33,3.22,2.1,1.73,2.16,1.75,2.07,1.71,2025-26,Serie A,,,1592.81384277,1630.29199219,-37.47814941999991,3.321410704170408,4.330780453597678,8.652029448342248,10.581070069039022,1.04,0.922,0.922,1.04,2.0,1.4,4.2,4.6,5.4,3.2,13.2,9.2,54.0,41.8,2.2,3.2,13.0,13.8,169.8,185.2
2025-09-28,Pisa,Fiorentina,0,0,D,0,0,D,11,14,1,2,4,6,15,15,14:00,0.25,1.93,1.93,1.97,1.93,3.4,3.33,2.3,3.31,3.2,2.24,0,1,0,0,3.3,3.25,2.25,3.25,3.2,2.3,,,,3.47,3.33,2.25,2.2,1.67,2.32,1.66,2.25,1.61,2025-26,Serie A,,,,1731.52612305,,3.333333333333333,3.82927894563326,8.666666666666668,12.531560219781142,1.148,1.26,1.26,1.148,2.2,2.0,3.8,4.8,8.4,5.0,11.0,12.8,43.6,53.0,3.2,3.8,13.0,14.2,191.8,155.8
2025-09-28,Roma,Verona,2,0,H,1,0,H,10,12,5,3,8,1,11,19,14:00,-1.25,2.03,1.83,2.04,1.87,1.47,4.33,8.5,1.42,4.21,8.09,0,4,0,0,1.42,4.2,8.5,1.44,4.2,8.0,,,,1.47,4.41,7.5,2.1,1.73,2.1,1.79,2.08,1.71,2025-26,Serie A,,,1828.11401367,1591.9375,236.17651367000008,4.9166809346516125,1.8411453280188224,15.974737838147874,9.151780245421188,1.116,,,1.116,2.0,,5.6,,3.6,,13.8,,57.6,,3.0,,12.8,,151.8,
2025-09-28,Lecce,Bologna,2,2,D,1,1,D,12,14,4,5,3,9,13,13,17:00,0.5,1.8,2.05,1.83,2.09,4.2,3.2,2.1,3.94,3.07,2.06,4,2,0,0,4.2,3.0,2.05,4.0,3.0,2.1,,,,4.17,3.19,2.08,2.5,1.53,2.56,1.53,2.52,1.49,2025-26,Serie A,,,1566.56359863,1744.31738281,-177.75378418000014,4.6181038386309465,4.115540078949489,10.646131848860248,9.484320299478204,1.122,1.538,1.538,1.122,1.6,2.8,6.4,3.2,5.2,3.8,12.0,13.0,47.4,54.8,2.4,4.2,12.6,16.8,172.2,160.8
2025-09-28,Milan,Napoli,2,1,H,2,0,H,6,19,3,7,1,7,7,7,19:45,-0.25,2.0,1.85,2.01,1.9,2.4,3.25,3.2,2.36,3.19,3.08,1,0,1,0,2.35,3.1,3.2,2.4,3.2,3.0,,,,2.34,3.3,3.3,2.1,1.73,2.19,1.73,2.12,1.68,2025-26,Serie A,,,1793.53051758,1850.19458008,-56.6640625,6.373466951929202,3.6472189022070607,16.913345476707004,11.68425833256986,2.042,1.348,1.348,2.042,3.6,2.2,5.6,5.0,5.0,4.0,15.4,10.8,52.4,56.6,2.6,2.0,9.4,11.6,153.8,162.6
2025-09-29,Parma,Torino,2,1,H,1,0,H,13,15,2,4,4,3,10,12,17:30,-0.25,1.95,1.9,2.0,1.91,2.33,3.25,3.4,2.24,3.13,3.35,3,3,0,0,2.3,3.1,3.4,2.15,3.25,3.4,,,,2.34,3.19,3.42,2.2,1.67,2.24,1.7,2.19,1.64,2025-26,Serie A,,,,1674.16259766,,2.7757325546782505,4.20326712705406,8.084266958667058,9.408924028232317,1.076,1.216,1.216,1.076,1.6,2.2,3.8,4.2,4.6,3.6,14.0,12.4,43.6,41.6,3.2,2.4,12.0,14.0,168.4,159.4
2025-09-29,Genoa,Lazio,0,3,A,0,2,A,17,10,5,6,6,0,18,16,19:45,0.0,2.05,1.8,2.1,1.83,3.1,3.15,2.6,2.97,3.06,2.5,5,1,0,0,3.0,3.0,2.6,2.95,3.1,2.5,,,,3.02,3.12,2.63,2.3,1.62,2.4,1.62,2.29,1.58,2025-26,Serie A,,,1650.26623535,1743.17907715,-92.91284180000002,4.30018015329768,4.255392289117942,9.283076151404838,10.523116694365708,1.13,0.77,0.77,1.13,1.8,2.2,2.8,3.2,6.4,3.0,9.6,11.4,45.6,53.6,3.0,3.0,11.8,11.4,140.0,166.4
2025-10-03,Verona,Sassuolo,0,1,A,0,0,D,17,11,9,3,4,2,14,12,19:45,-0.25,2.1,1.7,2.27,1.7,2.54,3.2,3.1,2.45,3.12,2.99,2,2,0,0,2.5,3.1,3.0,2.45,3.1,3.0,,,,2.68,3.15,2.92,2.3,1.62,2.3,1.67,2.22,1.62,2025-26,Serie A,,,1588.28723145,1604.01953125,-15.732299799999964,5.689866676396573,4.136830148050732,13.866423185981423,9.498937906828544,,1.168,1.168,,,2.6,,3.6,,3.4,,9.6,,41.2,,3.6,,13.4,,175.2
2025-10-04,Lazio,Torino,3,3,D,2,1,H,9,16,4,8,3,5,13,22,14:00,-0.75,1.95,1.9,1.94,1.96,1.75,3.65,5.66,1.71,3.56,5.11,3,3,0,0,1.7,3.6,5.25,1.73,3.6,5.0,,,,1.72,3.53,5.74,2.1,1.73,2.15,1.75,2.06,1.72,2025-26,Serie A,,,1754.8536377,1664.63659668,90.21704102000012,6.435746264688211,3.802178084702707,16.713651121589567,11.272616018821545,0.912,1.216,1.216,0.912,1.0,2.2,5.4,4.2,4.4,3.6,11.2,12.4,51.4,41.6,2.8,2.4,10.4,14.0,171.0,159.4
2025-10-04,Parma,Lecce,0,1,A,0,1,A,10,7,2,3,4,9,16,16,14:00,-0.5,1.85,2.0,1.86,2.05,1.87,3.7,4.5,1.83,3.54,4.33,1,2,0,0,1.85,3.7,4.1,1.82,3.5,4.4,,,,1.85,3.68,4.45,2.2,1.67,2.25,1.69,2.14,1.67,2025-26,Serie A,,,,1570.18725586,,3.183821703118834,4.050826009417938,9.722844639111372,10.301648172174382,1.076,0.686,0.686,1.076,1.6,1.0,3.8,3.0,4.6,2.8,14.0,8.2,43.6,36.2,3.2,4.6,12.0,13.4,168.4,158.8
2025-10-04,Inter,Cremonese,4,1,H,2,0,H,27,3,9,2,13,1,9,8,17:00,-2.0,1.98,1.88,1.97,1.92,1.2,7.5,16.0,1.18,6.95,14.36,1,1,0,0,1.2,6.5,15.0,1.2,7.0,14.0,,,,1.21,7.35,12.7,1.5,2.63,1.48,2.66,1.47,2.58,2025-26,Serie A,,,,1568.43847656,,7.572632633431963,2.2509265956953755,17.007986794950156,7.5622521211151135,1.99,1.042,1.042,1.99,4.4,1.8,7.4,4.4,6.6,4.4,15.8,9.6,57.2,45.8,2.4,5.2,16.0,16.4,143.4,179.8
2025-10-04,Atalanta,Como,1,1,D,1,1,D,16,12,4,4,8,3,10,19,19:45,-0.25,1.93,1.93,1.95,1.95,2.25,3.55,3.33,2.18,3.43,3.21,1,3,0,0,2.2,3.4,3.25,2.2,3.4,3.2,,,,2.27,3.4,3.35,1.73,2.1,1.81,2.08,1.74,2.03,2025-26,Serie A,,,1840.61987305,,,7.948634295142027,4.7788852678190015,16.994523241032066,14.793778778007102,1.532,1.416,1.416,1.532,2.6,2.6,4.8,3.8,3.4,4.0,14.4,13.6,53.0,57.4,2.0,4.0,12.2,14.0,160.6,155.6
2025-10-05,Udinese,Cagliari,1,1,D,0,1,A,23,8,4,2,7,2,14,16,11:30,-0.25,1.83,2.03,1.87,2.05,2.2,3.25,3.75,2.17,3.19,3.51,1,2,0,0,2.15,3.2,3.6,2.2,3.2,3.5,,,,2.19,3.16,3.83,2.3,1.62,2.43,1.61,2.26,1.6,2025-26,Serie A,,,1618.72253418,1616.5255127,2.1970214799998757,3.388800916347398,3.5732265378389103,12.98484265218227,10.070895804217765,1.068,0.8,0.8,1.068,1.8,1.6,4.8,3.4,4.4,2.8,15.8,8.6,45.8,40.4,1.4,5.2,16.8,15.4,183.0,152.6
2025-10-05,Bologna,Pisa,4,0,H,3,0,H,24,2,7,0,2,2,16,12,14:00,-0.75,1.78,2.1,1.83,2.09,1.62,4.0,6.0,1.6,3.77,5.86,0,1,0,1,1.6,3.9,5.75,1.6,3.8,6.0,,,,1.63,3.83,6.17,2.2,1.67,2.23,1.7,2.18,1.64,2025-26,Serie A,,,1736.39709473,,,8.30491002277392,3.666666666666667,13.91737693202892,12.333333333333334,1.1,1.29,1.29,1.1,1.8,2.0,5.2,3.6,6.4,4.4,15.6,10.2,57.2,40.2,2.2,2.8,13.2,12.2,174.2,166.2
2025-10-05,Fiorentina,Roma,1,2,A,1,2,A,11,8,3,3,3,4,19,21,14:00,0.0,2.08,1.73,2.17,1.76,3.0,3.35,2.45,2.94,3.26,2.39,2,3,0,0,3.0,3.3,2.4,2.9,3.3,2.4,,,,3.07,3.26,2.5,2.0,1.8,2.2,1.72,2.02,1.74,2025-26,Serie A,,,1728.10656738,1819.60583496,-91.49926758000016,3.3079132291491176,5.419633064537045,10.31955051145991,12.726833749271991,1.802,1.286,1.286,1.802,3.0,1.2,5.6,4.6,4.4,3.8,17.6,12.4,59.4,56.0,2.4,5.0,11.0,14.6,156.6,151.4
2025-10-05,Napoli,Genoa,2,1,H,0,1,A,12,6,5,1,7,5,16,15,17:00,-1.0,1.85,2.0,1.89,2.01,1.5,4.1,8.0,1.47,4.0,7.55,1,3,0,0,1.48,4.0,8.0,1.49,4.0,7.25,,,,1.5,4.04,8.09,2.2,1.67,2.32,1.65,2.22,1.63,2025-26,Serie A,,,1846.20202637,1638.22790527,207.97412110000005,7.380636779644474,3.254801522073343,17.838423042198635,7.998607817293446,1.328,1.472,1.472,1.328,2.2,2.8,5.2,2.6,4.4,4.8,11.2,12.4,50.4,42.2,1.6,4.0,11.6,12.6,148.0,155.8
2025-10-05,Juventus,Milan,0,0,D,0,0,D,12,13,3,4,6,0,15,8,19:45,0.0,1.93,1.93,1.96,1.94,2.71,3.3,2.8,2.63,3.19,2.71,2,2,0,0,2.7,3.2,2.7,2.6,3.25,2.7,,,,2.78,3.21,2.76,2.1,1.73,2.12,1.78,2.05,1.72,2025-26,Serie A,,,1817.69970703,1801.97998047,15.7197265599998,8.653655194068651,4.432314172772429,19.592349964037435,12.992220412402672,2.282,1.322,1.322,2.282,3.8,2.2,5.4,3.8,6.0,3.4,19.8,10.2,59.8,48.6,2.0,4.0,11.4,7.8,139.0,130.2
2025-10-18,Lecce,Sassuolo,0,0,D,0,0,D,11,9,2,2,6,4,16,14,14:00,0.0,2.1,1.78,2.11,1.81,3.0,3.2,2.6,2.91,3.14,2.51,2,2,0,0,2.9,3.2,2.5,2.95,3.2,2.5,,,,3.03,3.12,2.62,2.2,1.67,2.35,1.65,2.18,1.64,2025-26,Serie A,,,1580.21166992,1612.69177246,-32.48010253999996,4.078735892420632,3.4245534320338216,11.0974212325735,9.999291937885696,1.122,1.168,1.168,1.122,1.6,2.6,6.4,3.6,5.2,3.4,12.0,9.6,47.4,41.2,2.4,3.6,12.6,13.4,172.2,175.2
2025-10-18,Pisa,Verona,0,0,D,0,0,D,7,15,0,3,3,8,8,14,14:00,0.0,1.8,2.05,1.84,2.08,2.6,3.15,3.05,2.52,3.08,2.94,4,2,0,0,2.55,3.1,2.9,2.5,3.1,2.95,,,,2.64,3.15,2.97,2.38,1.57,2.47,1.58,2.33,1.56,2025-26,Serie A,,,,1579.61486816,,3.5555555555555554,1.5607635520125485,9.444444444444446,10.101186830280792,1.148,,,1.148,2.2,,3.8,,8.4,,11.0,,43.6,,3.2,,13.0,,191.8,
2025-10-18,Torino,Napoli,1,0,H,1,0,H,12,22,2,5,3,11,9,9,17:00,0.75,1.8,2.05,1.84,2.08,5.5,3.5,1.8,4.98,3.41,1.77,1,2,0,0,5.25,3.3,1.8,4.8,3.5,1.75,,,,5.69,3.25,1.81,2.2,1.67,2.27,1.68,2.14,1.67,2025-26,Serie A,,,1668.24743652,1849.0447998,-180.7973632799999,4.077692988627694,4.764812601471373,11.099789562296014,14.122838888379908,1.186,1.348,1.348,1.186,2.4,2.2,4.2,5.0,4.8,4.0,14.0,10.8,47.4,56.6,2.0,2.0,14.0,11.6,170.2,162.6
2025-10-18,Roma,Inter,0,1,A,0,1,A,15,12,5,3,4,5,18,29,19:45,0.25,1.9,1.95,1.93,1.97,3.4,3.3,2.33,3.24,3.22,2.27,4,3,0,0,3.3,3.25,2.25,3.25,3.25,2.25,,,,3.45,3.22,2.31,2.1,1.73,2.15,1.76,2.06,1.72,2025-26,Serie A,,,1826.38391113,,,5.944453956434408,5.259762508287915,13.98315855876525,15.978879143718126,1.116,1.486,1.486,1.116,2.0,2.8,5.6,6.2,3.6,6.8,13.8,16.6,57.6,61.8,3.0,1.0,12.8,12.2,151.8,163.8
2025-10-19,Cagliari,Bologna,0,2,A,0,1,A,4,10,3,7,2,7,15,22,14:00,0.25,2.03,1.83,2.05,1.86,3.6,3.35,2.16,3.54,3.22,2.13,1,3,0,0,3.6,3.3,2.1,3.6,3.2,2.15,,,,3.72,3.27,2.18,2.3,1.62,2.35,1.65,2.24,1.61,2025-26,Serie A,,,1617.73352051,1742.01660156,-124.28308104999996,4.321093407245467,5.743693385966326,10.567863267835778,10.9895468663188,1.046,1.538,1.538,1.046,1.6,2.8,4.2,3.2,4.6,3.8,10.8,13.0,49.6,54.8,2.4,4.2,17.0,16.8,184.8,160.8
2025-10-19,Milan,Fiorentina,2,1,H,0,0,D,14,5,4,1,1,3,14,12,19:45,-1.0,1.93,1.93,1.95,1.95,1.55,4.33,6.5,1.52,4.16,6.06,3,3,0,0,1.5,4.33,6.5,1.53,4.1,6.25,,,,1.56,4.33,6.09,1.88,1.98,1.9,1.99,1.83,1.93,2025-26,Serie A,,,1803.56958008,1721.32849121,82.24108886999988,4.5823113012861345,4.552852630422174,13.275563651138004,13.02104014652076,2.042,1.26,1.26,2.042,3.6,2.0,5.6,4.8,5.0,5.0,15.4,12.8,52.4,53.0,2.6,3.8,9.4,14.2,153.8,155.8
2025-10-19,Como,Juventus,2,0,H,1,0,H,12,15,6,3,4,1,17,15,11:30,0.25,1.73,2.08,1.76,2.17,3.0,3.33,2.5,2.92,3.24,2.43,3,1,0,0,2.88,3.25,2.5,2.95,3.3,2.4,,,,3.01,3.25,2.54,2.1,1.73,2.21,1.72,2.07,1.71,2025-26,Serie A,,,,1816.11010742,,3.3679027597171673,4.010255358390402,15.242232805128737,11.318692354932889,1.696,1.448,1.448,1.696,2.6,2.2,5.2,3.6,4.0,1.6,15.2,13.0,67.8,53.2,3.0,1.8,12.4,14.0,178.0,161.2
2025-10-19,Genoa,Parma,0,0,D,0,0,D,23,1,7,0,3,0,15,13,14:00,-0.25,1.8,2.05,1.82,2.11,2.15,3.15,4.0,2.1,3.07,3.83,2,5,0,1,2.1,3.0,4.0,2.1,3.1,3.8,,,,2.14,3.15,4.03,2.5,1.53,2.56,1.55,2.45,1.52,2025-26,Serie A,,,1635.38513184,,,4.86678676886512,3.9894138088025337,11.855384100936558,13.076674278051147,1.13,1.042,1.042,1.13,1.8,2.2,2.8,2.8,6.4,2.0,9.6,10.4,45.6,39.8,3.0,2.6,11.8,8.2,140.0,156.6
2025-10-19,Atalanta,Lazio,0,0,D,0,0,D,16,4,6,1,7,1,10,5,17:00,-0.75,1.93,1.93,1.94,1.96,1.73,4.1,4.75,1.7,3.88,4.59,4,0,0,0,1.73,4.0,4.5,1.73,3.8,4.6,,,,1.71,4.2,4.67,1.8,2.0,1.82,2.06,1.78,1.99,2025-26,Serie A,,,1835.03137207,1751.24279785,83.7885742200001,7.965756196761351,2.8369281927452947,16.66301549402138,10.348744462910473,1.532,0.77,0.77,1.532,2.6,2.2,4.8,3.2,3.4,3.0,14.4,11.4,53.0,53.6,2.0,3.0,12.2,11.4,160.6,166.4
2025-10-20,Cremonese,Udinese,1,1,D,1,0,H,11,8,4,1,5,4,15,14,19:45,0.25,1.78,2.1,1.79,2.15,3.0,3.25,2.5,2.96,3.15,2.44,4,2,0,0,3.0,3.25,2.4,2.87,3.2,2.5,,,,3.08,3.23,2.51,2.2,1.67,2.31,1.67,2.18,1.65,2025-26,Serie A,,,1566.36914062,1617.51452637,-51.14538575000006,3.5171206018596624,4.553853635731786,8.795944326871505,11.05404671269268,1.018,0.922,0.922,1.018,2.0,1.4,2.6,4.6,2.8,3.2,8.8,9.2,46.4,41.8,3.6,3.2,11.2,13.8,189.4,185.2
2025-10-24,Milan,Pisa,2,2,D,1,0,H,20,8,7,2,6,2,8,21,19:45,-1.5,1.93,1.93,2.0,1.93,1.33,5.5,11.0,1.3,5.19,10.14,1,3,0,0,1.3,5.5,10.0,1.32,5.25,9.75,,,,1.3,5.66,10.97,1.8,2.05,1.83,2.06,1.77,2.01,2025-26,Serie A,,,1802.06433105,,,3.388207534190757,3.1111111111111116,13.517042434092003,8.88888888888889,2.042,1.29,1.29,2.042,3.6,2.0,5.6,3.6,5.0,4.4,15.4,10.2,52.4,40.2,2.6,2.8,9.4,12.2,153.8,166.2
2025-10-25,Parma,Como,0,0,D,0,0,D,10,6,3,2,3,3,7,14,14:00,0.5,1.88,1.98,1.92,1.99,3.9,3.6,2.02,3.8,3.46,1.97,0,1,0,0,3.9,3.5,1.95,3.7,3.4,2.0,,,,4.06,3.53,1.98,2.05,1.75,2.11,1.79,1.99,1.78,2025-26,Serie A,,,,,,3.4558811354125565,4.185923511879334,9.815229759407584,13.86251918533807,1.076,1.416,1.416,1.076,1.6,2.6,3.8,3.8,4.6,4.0,14.0,13.6,43.6,57.4,3.2,4.0,12.0,14.0,168.4,155.6
2025-10-25,Udinese,Lecce,3,2,H,2,0,H,8,13,4,3,4,9,12,12,14:00,-0.5,1.83,2.03,1.87,2.04,1.83,3.55,4.75,1.8,3.45,4.64,2,2,0,0,1.8,3.4,4.75,1.8,3.5,4.5,,,,1.86,3.42,4.86,2.2,1.67,2.26,1.69,2.18,1.65,2025-26,Serie A,,,1610.7713623,1573.42175293,37.34960937000005,4.592533944231599,5.700550672945292,16.32322843478818,9.201098781449588,1.068,0.686,0.686,1.068,1.8,1.0,4.8,3.0,4.4,2.8,15.8,8.2,45.8,36.2,1.4,4.6,16.8,13.4,183.0,158.8
2025-10-25,Napoli,Inter,3,1,H,1,0,H,7,15,3,3,1,4,15,10,17:00,0.0,2.1,1.7,2.11,1.81,3.05,3.25,2.54,2.96,3.17,2.45,2,1,0,0,3.0,3.1,2.4,2.95,3.2,2.5,,,,3.02,3.15,2.6,2.1,1.73,2.18,1.74,2.08,1.7,2025-26,Serie A,,,1815.13598633,,,7.2537578530963165,5.173175005525277,15.892282028132424,14.652586095812085,1.328,1.486,1.486,1.328,2.2,2.8,5.2,6.2,4.4,6.8,11.2,16.6,50.4,61.8,1.6,1.0,11.6,12.2,148.0,163.8
2025-10-25,Cremonese,Atalanta,1,1,D,0,0,D,9,20,5,6,2,10,6,8,19:45,0.75,2.05,1.75,2.11,1.81,5.5,4.2,1.63,5.24,4.01,1.62,3,1,0,0,5.0,4.2,1.62,5.25,4.0,1.62,,,,5.41,4.18,1.63,1.88,1.98,1.91,1.98,1.81,1.94,2025-26,Serie A,,,1560.12109375,1818.82678223,-258.70568847999994,4.011413734573108,3.0100841690223463,9.53062955124767,11.503786773324755,1.018,1.042,1.042,1.018,2.0,1.2,2.6,6.4,2.8,5.0,8.8,13.4,46.4,63.0,3.6,3.6,11.2,11.4,189.4,159.4
2025-10-26,Sassuolo,Roma,0,1,A,0,1,A,11,15,1,8,6,6,18,16,14:00,0.5,2.0,1.85,2.02,1.88,4.6,3.7,1.88,4.33,3.53,1.83,3,2,0,0,4.5,3.5,1.85,4.2,3.5,1.87,,,,4.5,3.56,1.88,2.1,1.73,2.18,1.74,2.06,1.72,2025-26,Serie A,,,1606.49047852,1797.48840332,-190.9979248000002,2.547607136113606,4.946422043024697,9.434686298894832,11.151222499514663,1.04,1.286,1.286,1.04,2.0,1.2,4.2,4.6,5.4,3.8,13.2,12.4,54.0,56.0,2.2,5.0,13.0,14.6,169.8,151.4
2025-10-26,Verona,Cagliari,2,2,D,1,0,H,10,7,6,3,3,2,16,12,14:00,-0.25,1.9,1.95,1.9,2.0,2.3,3.1,3.75,2.24,3.06,3.47,3,4,0,0,2.25,3.0,3.6,2.3,3.1,3.3,,,,2.24,3.1,3.76,2.5,1.53,2.5,1.56,2.45,1.51,2025-26,Serie A,,,1572.79675293,1602.73657227,-29.939819339999985,5.1265777842643825,3.048817691892607,14.910948790654285,9.380597202811844,,0.8,0.8,,,1.6,,3.4,,2.8,,8.6,,40.4,,5.2,,15.4,,152.6
2025-10-26,Fiorentina,Bologna,2,2,D,0,1,A,19,6,7,3,5,6,13,20,17:00,0.0,1.88,1.98,1.91,2.0,2.75,3.2,2.8,2.66,3.13,2.73,3,5,0,1,2.7,3.1,2.75,2.65,3.2,2.75,,,,2.72,3.18,2.85,2.2,1.67,2.32,1.66,2.24,1.61,2025-26,Serie A,,,1715.60339355,1747.14282227,-31.539428719999933,3.205275486099412,6.162462257310884,10.54636700763994,10.6596979108792,1.802,1.538,1.538,1.802,3.0,2.8,5.6,3.2,4.4,3.8,17.6,13.0,59.4,54.8,2.4,4.2,11.0,16.8,156.6,160.8
2025-10-26,Torino,Genoa,2,1,H,0,1,A,13,11,6,3,9,1,14,9,11:30,-0.25,1.95,1.9,1.97,1.93,2.38,3.0,3.6,2.3,2.94,3.47,2,2,0,0,2.25,2.9,3.5,2.3,3.0,3.5,,,,2.35,2.96,3.71,2.75,1.44,2.78,1.46,2.63,1.45,2025-26,Serie A,,,1673.44506836,1626.45959473,46.985473630000115,3.718461992418463,3.8365343480488954,11.399859708197344,7.332405211528965,1.186,1.472,1.472,1.186,2.4,2.8,4.2,2.6,4.8,4.8,14.0,12.4,47.4,42.2,2.0,4.0,14.0,12.6,170.2,155.8
2025-10-26,Lazio,Juventus,1,0,H,1,0,H,13,14,3,5,2,5,11,18,19:45,0.25,1.88,1.98,1.88,2.02,3.33,3.25,2.38,3.2,3.14,2.31,2,4,0,0,3.2,3.25,2.3,3.2,3.2,2.3,,,,3.42,3.12,2.38,2.2,1.67,2.32,1.66,2.2,1.63,2025-26,Serie A,,,1748.24609375,1791.22338867,-42.97729492000008,5.290497509792141,3.0068369055936017,14.142434081059712,12.545794903288591,0.912,1.448,1.448,0.912,1.0,2.2,5.4,3.6,4.4,1.6,11.2,13.0,51.4,53.2,2.8,1.8,10.4,14.0,171.0,161.2
2025-10-28,Atalanta,Milan,1,1,D,1,1,D,17,6,3,1,9,4,9,8,19:45,0.0,1.9,1.95,1.93,2.0,2.63,3.4,2.8,2.61,3.26,2.68,1,3,0,0,2.63,3.2,2.75,2.6,3.4,2.65,,,,2.71,3.3,2.81,2.0,1.85,2.03,1.88,1.91,1.85,2025-26,Serie A,,,1813.30297852,1794.73193359,18.57104492999997,7.643837464507568,2.95487611518162,16.44201032934759,12.994813608268451,1.532,1.322,1.322,1.532,2.6,2.2,4.8,3.8,3.4,3.4,14.4,10.2,53.0,48.6,2.0,4.0,12.2,7.8,160.6,130.2
2025-10-28,Lecce,Napoli,0,1,A,0,0,D,7,14,2,3,3,5,10,14,17:30,1.0,1.85,2.0,1.92,2.01,7.0,4.0,1.57,6.71,3.81,1.54,2,1,0,0,6.5,3.75,1.55,6.5,3.9,1.55,,,,7.2,3.94,1.56,2.2,1.67,2.3,1.68,2.17,1.66,2025-26,Serie A,,,1567.21850586,1829.47839355,-262.2598876899999,4.719157261613755,6.843208400980916,11.064947488382334,16.74855925891994,1.122,1.348,1.348,1.122,1.6,2.2,6.4,5.0,5.2,4.0,12.0,10.8,47.4,56.6,2.4,2.0,12.6,11.6,172.2,162.6
2025-10-29,Como,Verona,3,1,H,1,1,D,15,13,5,9,1,3,11,21,17:30,-0.75,1.75,2.05,1.85,2.07,1.65,3.95,6.6,1.6,3.7,6.03,1,4,0,0,1.6,3.6,6.5,1.62,3.75,5.75,,,,1.66,3.59,6.37,2.1,1.73,2.17,1.74,2.12,1.72,2025-26,Serie A,,,,1572.36816406,,3.578601839811445,3.707175701341699,14.161488536752492,11.734124553520529,1.696,,,1.696,2.6,,5.2,,4.0,,15.2,,67.8,,3.0,,12.4,,178.0,
2025-10-29,Juventus,Udinese,3,1,H,1,1,D,25,8,11,2,8,4,12,13,17:30,-1.25,2.05,1.8,2.12,1.79,1.48,4.6,8.5,1.44,4.32,7.42,1,4,0,0,1.44,4.1,8.5,1.46,4.33,7.25,,,,1.47,4.5,7.44,1.98,1.88,1.98,1.91,1.91,1.86,2025-26,Serie A,,,1783.07836914,1616.97473145,166.1036376899999,7.769103462712435,4.369235757154524,17.061566642691623,10.03603114179512,2.282,0.922,0.922,2.282,3.8,1.4,5.4,4.6,6.0,3.2,19.8,9.2,59.8,41.8,2.0,3.2,11.4,13.8,139.0,185.2
2025-10-29,Roma,Parma,2,1,H,0,0,D,18,8,6,5,9,2,8,9,17:30,-1.0,1.93,1.93,1.98,1.93,1.53,4.2,7.5,1.5,4.04,6.86,0,3,0,0,1.53,3.75,7.5,1.51,4.1,6.5,,,,1.54,4.08,6.92,2.1,1.73,2.16,1.74,2.05,1.72,2025-26,Serie A,,,1802.00805664,,,5.296302637622939,2.6596092058683563,14.322105705843502,9.051116185367434,1.116,1.042,1.042,1.116,2.0,2.2,5.6,2.8,3.6,2.0,13.8,10.4,57.6,39.8,3.0,2.6,12.8,8.2,151.8,156.6
2025-10-29,Bologna,Torino,0,0,D,0,0,D,11,8,2,2,3,3,11,20,19:45,-0.75,2.03,1.83,2.07,1.85,1.81,3.55,5.0,1.77,3.45,4.86,2,3,0,0,1.75,3.5,5.0,1.78,3.5,4.75,,,,1.81,3.46,5.16,2.2,1.67,2.3,1.67,2.22,1.62,2025-26,Serie A,,,1747.5255127,1679.42041016,68.10510253999996,6.203273348515947,4.201452056468471,17.27825128801928,12.848410679214364,1.1,1.216,1.216,1.1,1.8,2.2,5.2,4.2,6.4,3.6,15.6,12.4,57.2,41.6,2.2,2.4,13.2,14.0,174.2,159.4
2025-10-29,Genoa,Cremonese,0,2,A,0,1,A,16,12,1,4,7,3,16,13,19:45,-0.5,1.85,2.0,1.88,2.03,1.88,3.4,5.0,1.84,3.28,4.72,3,1,0,0,1.85,3.25,4.75,1.85,3.4,4.5,,,,1.87,3.3,5.08,2.5,1.53,2.57,1.53,2.44,1.52,2025-26,Serie A,,,1620.48425293,1565.64477539,54.83947753999996,4.2445245125767475,1.833951063796917,15.57025606729104,6.041501414076743,1.13,1.042,1.042,1.13,1.8,1.8,2.8,4.4,6.4,4.4,9.6,9.6,45.6,45.8,3.0,5.2,11.8,16.4,140.0,179.8
2025-10-29,Inter,Fiorentina,3,0,H,0,0,D,22,10,8,2,8,5,11,16,19:45,-1.25,1.88,1.98,1.93,1.97,1.4,5.0,8.5,1.38,4.77,8.1,1,2,0,1,1.38,4.5,8.5,1.39,4.8,7.75,,,,1.41,5.02,7.67,1.73,2.1,1.75,2.16,1.69,2.1,2025-26,Serie A,,,,1715.22070312,,9.381755088954645,4.035235086948116,20.338657863300103,10.347360097680507,1.99,1.26,1.26,1.99,4.4,2.0,7.4,4.8,6.6,5.0,15.8,12.8,57.2,53.0,2.4,3.8,16.0,14.2,143.4,155.8
2025-10-30,Cagliari,Sassuolo,1,2,A,0,0,D,8,12,1,4,6,7,20,21,17:30,0.0,1.83,2.03,1.87,2.04,2.66,3.25,2.9,2.54,3.17,2.83,4,4,0,0,2.6,3.1,2.88,2.55,3.2,2.85,,,,2.66,3.19,2.91,2.2,1.67,2.24,1.7,2.16,1.66,2025-26,Serie A,,,1603.1652832,1601.9708252,1.1944579999999403,3.5473956048303115,3.6163689546892144,8.378575511890519,9.666194625257132,1.046,1.168,1.168,1.046,1.6,2.6,4.2,3.6,4.6,3.4,10.8,9.6,49.6,41.2,2.4,3.6,17.0,13.4,184.8,175.2
2025-10-30,Pisa,Lazio,0,0,D,0,0,D,10,11,2,6,3,1,16,12,19:45,0.25,2.03,1.83,2.06,1.85,3.85,3.3,2.15,3.64,3.22,2.09,2,2,0,0,3.7,3.25,2.1,3.5,3.25,2.15,,,,3.78,3.24,2.17,2.2,1.67,2.33,1.65,2.2,1.63,2025-26,Serie A,,,,1756.39111328,,3.3703703703703707,2.22461879516353,8.629629629629632,8.232496308606983,1.148,0.77,0.77,1.148,2.2,2.2,3.8,3.2,8.4,3.0,11.0,11.4,43.6,53.6,3.2,3.0,13.0,11.4,191.8,166.4
2025-11-01,Udinese,Atalanta,1,0,H,1,0,H,11,5,5,0,5,4,14,11,14:00,0.75,1.78,2.03,1.85,2.07,4.5,3.8,1.84,4.3,3.69,1.8,1,3,0,0,4.5,3.6,1.8,4.33,3.7,1.82,,,,4.45,3.87,1.81,1.85,2.0,1.87,2.03,1.82,1.93,2025-26,Serie A,,,1612.24108887,1811.46472168,-199.2236328099998,4.395022629487733,5.340056112681564,13.548818956525457,14.33585784888317,1.068,1.042,1.042,1.068,1.8,1.2,4.8,6.4,4.4,5.0,15.8,13.4,45.8,63.0,1.4,3.6,16.8,11.4,183.0,159.4
2025-11-01,Napoli,Como,0,0,D,0,0,D,13,13,8,2,4,2,15,16,17:00,-0.5,1.98,1.88,2.01,1.89,2.0,3.35,4.75,1.93,3.21,4.35,3,2,0,0,1.95,3.1,4.5,1.93,3.3,4.2,,,,2.0,3.1,4.71,2.2,1.67,2.27,1.68,2.16,1.66,2025-26,Serie A,,,1832.79589844,,,5.169171902064211,3.790615674586223,12.928188018754952,11.241679456892047,1.328,1.416,1.416,1.328,2.2,2.6,5.2,3.8,4.4,4.0,11.2,13.6,50.4,57.4,1.6,4.0,11.6,14.0,148.0,155.6
2025-11-01,Cremonese,Juventus,1,2,A,0,1,A,9,15,2,5,2,3,10,14,19:45,1.0,2.0,1.85,2.02,1.88,7.5,4.33,1.51,6.8,4.2,1.48,1,0,0,0,6.5,4.33,1.5,6.5,4.2,1.5,,,,6.84,4.32,1.52,1.98,1.88,1.96,1.93,1.91,1.85,2025-26,Serie A,,,1581.04614258,1787.81201172,-206.76586914000015,3.3409424897154056,3.671224603729068,9.353753034165114,13.03052993552573,1.018,1.448,1.448,1.018,2.0,2.2,2.6,3.6,2.8,1.6,8.8,13.0,46.4,53.2,3.6,1.8,11.2,14.0,189.4,161.2
2025-11-02,Torino,Pisa,2,2,D,2,2,D,15,11,3,3,4,2,14,8,14:00,-0.5,1.98,1.88,2.02,1.89,1.97,3.4,4.33,1.93,3.29,4.16,2,1,0,0,1.95,3.25,4.33,1.95,3.25,4.2,,,,2.01,3.32,4.26,2.3,1.62,2.42,1.61,2.25,1.6,2025-26,Serie A,,,1682.58886719,,,5.478974661612309,2.740740740740742,11.933239805464895,8.592592592592593,1.186,1.29,1.29,1.186,2.4,2.0,4.2,3.6,4.8,4.4,14.0,10.2,47.4,40.2,2.0,2.8,14.0,12.2,170.2,166.2
2025-11-02,Verona,Inter,1,2,A,1,1,D,8,21,2,6,4,8,15,4,11:30,1.25,1.88,1.98,1.93,1.97,8.0,5.0,1.44,7.59,4.7,1.39,2,1,0,0,7.5,4.5,1.42,7.0,4.75,1.42,,,,7.61,5.11,1.41,1.8,2.0,1.84,2.06,1.76,2.01,2025-26,Serie A,,,1565.98168945,,,4.417718522842922,4.7821166703501845,13.273965860436189,14.768390730541393,,1.486,1.486,,,2.8,,6.2,,6.8,,16.6,,61.8,,1.0,,12.2,,163.8
2025-11-02,Milan,Roma,1,0,H,1,0,H,17,20,8,6,7,8,12,13,19:45,-0.25,1.85,2.0,1.84,2.08,2.22,3.2,3.85,2.13,3.12,3.68,1,5,0,0,2.2,3.0,3.7,2.1,3.2,3.75,,,,2.16,3.21,3.87,2.2,1.67,2.27,1.68,2.21,1.63,2025-26,Serie A,,,1796.57019043,1804.70092773,-8.130737300000192,4.2588050227938385,5.2976146953497985,15.67802828939467,12.434148333009777,2.042,1.286,1.286,2.042,3.6,1.2,5.6,4.6,5.0,3.8,15.4,12.4,52.4,56.0,2.6,5.0,9.4,14.6,153.8,151.4
2025-11-02,Fiorentina,Lecce,0,1,A,0,1,A,15,11,4,4,4,4,14,21,14:00,-0.75,1.83,2.03,1.86,2.05,1.65,3.8,6.0,1.62,3.73,5.62,4,1,0,0,1.62,3.8,5.75,1.63,3.8,5.5,,,,1.66,3.85,5.74,2.2,1.67,2.21,1.72,2.12,1.68,2025-26,Serie A,,,1710.70361328,1563.90087891,146.80273436999985,3.8035169907329416,6.800367115296861,13.36424467175996,10.46739918763306,1.802,0.686,0.686,1.802,3.0,1.0,5.6,3.0,4.4,2.8,17.6,8.2,59.4,36.2,2.4,4.6,11.0,13.4,156.6,158.8
2025-11-02,Parma,Bologna,1,3,A,1,1,D,7,22,1,6,1,5,16,15,17:00,0.5,1.8,2.05,1.79,2.13,4.35,3.2,2.1,4.02,3.08,2.05,3,2,1,0,4.2,3.0,2.05,3.9,3.1,2.1,,,,4.24,3.05,2.13,2.5,1.53,2.55,1.55,2.4,1.53,2025-26,Serie A,,,,1744.35717773,,3.3039207569417046,6.10830817154059,9.876819839605057,9.106465273919468,1.076,1.538,1.538,1.076,1.6,2.8,3.8,3.2,4.6,3.8,14.0,13.0,43.6,54.8,3.2,4.2,12.0,16.8,168.4,160.8
2025-11-03,Sassuolo,Genoa,1,2,A,0,1,A,13,16,4,5,3,7,13,13,17:30,-0.25,2.1,1.78,2.08,1.83,2.5,3.1,3.25,2.42,3.02,3.12,1,3,0,0,2.45,3.0,3.2,2.45,3.0,3.1,,,,2.45,3.1,3.3,2.5,1.53,2.53,1.54,2.4,1.53,2025-26,Serie A,,,1611.18029785,1605.08288574,6.09741211000005,3.6984047574090706,2.891022898699264,9.956457532596556,8.554936807685976,1.04,1.472,1.472,1.04,2.0,2.8,4.2,2.6,5.4,4.8,13.2,12.4,54.0,42.2,2.2,4.0,13.0,12.6,169.8,155.8
2025-11-03,Lazio,Cagliari,2,0,H,0,0,D,8,17,3,5,7,5,8,18,19:45,-1.0,2.0,1.85,2.04,1.87,1.58,4.0,7.0,1.55,3.95,6.05,0,2,0,0,1.53,3.8,7.0,1.58,4.0,5.75,,,,1.58,4.15,6.08,1.98,1.88,1.97,1.92,1.93,1.83,2025-26,Serie A,,,1751.53735352,1593.95581055,157.58154296999987,4.193665006528095,2.6992117945950715,13.761622720706477,8.587064801874563,0.912,0.8,0.8,0.912,1.0,1.6,5.4,3.4,4.4,2.8,11.2,8.6,51.4,40.4,2.8,5.2,10.4,15.4,171.0,152.6
2025-11-07,Pisa,Cremonese,1,0,H,0,0,D,14,13,6,3,4,5,11,17,19:45,-0.25,1.95,1.9,1.97,1.94,2.3,3.1,3.66,2.26,3.03,3.49,4,2,0,0,2.25,3.1,3.4,2.25,3.1,3.5,,,,2.34,3.05,3.68,2.38,1.57,2.47,1.58,2.35,1.57,2025-26,Serie A,,,,1575.10131836,,3.2469135802469142,2.2226340425312783,9.08641975308642,8.027667609384496,1.148,1.042,1.042,1.148,2.2,1.8,3.8,4.4,8.4,4.4,11.0,9.6,43.6,45.8,3.2,5.2,13.0,16.4,191.8,179.8
2025-11-08,Como,Cagliari,0,0,D,0,0,D,10,4,6,2,10,0,21,15,14:00,-1.0,1.83,2.03,1.85,2.06,1.5,4.5,7.0,1.48,4.27,6.69,3,1,0,0,1.48,4.5,6.5,1.5,4.2,6.5,,,,1.5,4.51,6.65,1.9,1.95,1.93,1.96,1.86,1.9,2025-26,Serie A,,,,1587.39941406,,2.7190678932076304,3.4661411963967144,14.440992357834997,11.391376534583042,1.696,0.8,0.8,1.696,2.6,1.6,5.2,3.4,4.0,2.8,15.2,8.6,67.8,40.4,3.0,5.2,12.4,15.4,178.0,152.6
2025-11-08,Lecce,Verona,0,0,D,0,0,D,11,5,6,2,7,2,10,18,14:00,0.0,1.85,2.0,1.89,2.02,2.85,3.0,3.0,2.73,2.86,2.91,1,4,0,0,2.75,2.9,2.9,2.65,3.0,2.85,,,,2.83,2.88,3.02,2.63,1.5,2.7,1.49,2.57,1.48,2025-26,Serie A,,,1575.23913574,1562.38537598,12.853759760000004,4.146104841075837,3.471450467561133,9.70996499225489,12.156083035680354,1.122,,,1.122,1.6,,6.4,,5.2,,12.0,,47.4,,2.4,,12.6,,172.2,
2025-11-08,Juventus,Torino,0,0,D,0,0,D,22,8,6,3,6,2,9,4,17:00,-1.0,1.85,2.0,1.88,2.03,1.53,4.2,7.5,1.49,4.07,7.02,0,1,0,0,1.5,4.1,7.0,1.49,4.2,7.0,,,,1.51,4.16,7.34,2.05,1.8,2.06,1.84,2.0,1.76,2025-26,Serie A,,,1788.18383789,1675.74694824,112.43688965,7.846068975141623,3.800968037645648,19.70771109512775,11.23227378614291,2.282,1.216,1.216,2.282,3.8,2.2,5.4,4.2,6.0,3.6,19.8,12.4,59.8,41.6,2.0,2.4,11.4,14.0,139.0,159.4
2025-11-08,Parma,Milan,2,2,D,1,2,A,14,10,4,5,4,3,14,10,19:45,1.0,1.8,2.05,1.83,2.09,6.25,4.1,1.62,5.89,3.87,1.58,1,1,0,0,5.75,4.0,1.57,5.75,3.7,1.62,,,,6.27,3.93,1.6,2.1,1.73,2.16,1.74,2.07,1.71,2025-26,Serie A,,,,1802.04553223,,2.5359471712944703,3.3032507434544134,8.917879893070037,10.663209072178969,1.076,1.322,1.322,1.076,1.6,2.2,3.8,3.8,4.6,3.4,14.0,10.2,43.6,48.6,3.2,4.0,12.0,7.8,168.4,130.2
2025-11-09,Atalanta,Sassuolo,0,3,A,0,1,A,14,8,2,4,4,1,9,8,11:30,-1.25,2.0,1.85,2.01,1.9,1.48,5.0,7.2,1.43,4.61,6.8,0,2,0,0,1.44,4.5,7.0,1.46,4.5,6.75,,,,1.44,4.89,7.09,1.67,2.2,1.71,2.22,1.65,2.17,2025-26,Serie A,,,1807.09985352,1600.02502441,207.07482910999988,8.095891643005046,4.744245969792809,16.628006886231727,10.444129750171422,1.532,1.168,1.168,1.532,2.6,2.6,4.8,3.6,3.4,3.4,14.4,9.6,53.0,41.2,2.0,3.6,12.2,13.4,160.6,175.2
2025-11-09,Bologna,Napoli,2,0,H,0,0,D,11,4,4,1,5,4,14,15,14:00,0.0,2.1,1.78,2.13,1.8,3.1,3.1,2.6,2.97,3.01,2.55,1,3,0,0,3.0,3.1,2.55,2.9,3.1,2.55,,,,3.08,3.07,2.61,2.5,1.53,2.52,1.55,2.45,1.52,2025-26,Serie A,,,1743.38635254,1821.25939941,-77.87304687000005,5.135515565677299,6.228805600653944,15.18550085867952,15.83237283927996,1.1,1.348,1.348,1.1,1.8,2.2,5.2,5.0,6.4,4.0,15.6,10.8,57.2,56.6,2.2,2.0,13.2,11.6,174.2,162.6
2025-11-09,Genoa,Fiorentina,2,2,D,1,1,D,10,7,6,3,3,7,20,15,14:00,0.0,1.93,1.93,1.94,1.96,2.85,3.0,2.83,2.78,2.97,2.73,2,3,0,0,2.75,3.0,2.75,2.8,3.0,2.7,,,,2.84,3.01,2.87,2.5,1.53,2.56,1.53,2.47,1.51,2025-26,Serie A,,,1612.83874512,1689.46166992,-76.62292479999996,5.163016341717832,4.356823391298745,15.713504044860697,10.231573398453673,1.13,1.26,1.26,1.13,1.8,2.0,2.8,4.8,6.4,5.0,9.6,12.8,45.6,53.0,3.0,3.8,11.8,14.2,140.0,155.8
2025-11-09,Roma,Udinese,2,0,H,1,0,H,13,10,4,4,3,4,13,14,17:00,-1.0,1.98,1.88,2.02,1.89,1.58,4.0,6.5,1.55,3.94,6.05,2,1,0,0,1.55,4.0,6.25,1.55,4.0,6.0,,,,1.57,4.08,6.47,2.03,1.83,2.08,1.83,1.99,1.77,2025-26,Serie A,,,1801.03637695,1622.52368164,178.51269531000003,6.53086842508196,4.24615717143635,15.548070470562337,9.35735409453008,1.116,0.922,0.922,1.116,2.0,1.4,5.6,4.6,3.6,3.2,13.8,9.2,57.6,41.8,3.0,3.2,12.8,13.8,151.8,185.2
2025-11-09,Inter,Lazio,2,0,H,1,0,H,8,8,3,5,3,1,26,11,19:45,-1.5,2.03,1.78,2.07,1.85,1.4,5.5,9.0,1.35,5.02,8.09,3,1,0,0,1.36,5.0,8.0,1.37,5.0,8.0,,,,1.36,5.69,7.78,1.67,2.2,1.7,2.23,1.65,2.16,2025-26,Serie A,,,,1754.69445801,,8.921170059303096,1.81641253010902,20.892438575533404,9.154997539071324,1.99,0.77,0.77,1.99,4.4,2.2,7.4,3.2,6.6,3.0,15.8,11.4,57.2,53.6,2.4,3.0,16.0,11.4,143.4,166.4
2025-11-22,Cagliari,Genoa,3,3,D,2,2,D,11,13,5,8,6,2,22,16,14:00,0.0,1.98,1.88,2.01,1.89,2.92,3.0,2.75,2.84,2.93,2.72,4,3,0,1,2.88,3.0,2.75,2.8,3.0,2.7,,,,2.98,2.92,2.81,2.75,1.44,2.81,1.45,2.64,1.45,2025-26,Serie A,,,1591.34521484,1613.65893555,-22.313720710000094,4.3649304032202085,4.260681932466175,8.25238367459368,11.036624538457318,1.046,1.472,1.472,1.046,1.6,2.8,4.2,2.6,4.6,4.8,10.8,12.4,49.6,42.2,2.4,4.0,17.0,12.6,184.8,155.8
2025-11-22,Udinese,Bologna,0,3,A,0,0,D,12,10,3,5,7,2,19,16,14:00,0.25,2.05,1.8,2.08,1.84,3.95,3.25,2.12,3.74,3.19,2.08,0,1,0,0,3.75,3.2,2.1,3.7,3.2,2.1,,,,3.91,3.16,2.16,2.3,1.62,2.38,1.63,2.24,1.61,2025-26,Serie A,,,1618.09228516,1756.13500977,-138.04272460999982,4.596681752991822,5.738872114360394,12.699212637683637,13.40431018261298,1.068,1.538,1.538,1.068,1.8,2.8,4.8,3.2,4.4,3.8,15.8,13.0,45.8,54.8,1.4,4.2,16.8,16.8,183.0,160.8
2025-11-22,Fiorentina,Juventus,1,1,D,0,1,A,11,17,2,4,7,3,11,18,17:00,0.5,1.83,2.03,1.87,2.04,4.0,3.45,2.05,3.8,3.38,2.0,2,3,0,0,3.9,3.4,2.0,3.7,3.4,2.05,,,,3.94,3.47,2.03,2.1,1.73,2.15,1.76,2.08,1.71,2025-26,Serie A,,,1688.64147949,1783.89367676,-95.25219727000012,3.8690113271552944,3.4474830691527125,13.909496447839976,13.687019957017156,1.802,1.448,1.448,1.802,3.0,2.2,5.6,3.6,4.4,1.6,17.6,13.0,59.4,53.2,2.4,1.8,11.0,14.0,156.6,161.2
2025-11-22,Napoli,Atalanta,3,1,H,3,0,H,11,14,6,3,5,3,11,12,19:45,-0.25,1.9,1.95,1.94,1.96,2.25,3.35,3.55,2.19,3.25,3.4,1,2,0,0,2.25,3.25,3.4,2.2,3.3,3.4,,,,2.27,3.22,3.54,2.1,1.73,2.15,1.76,2.05,1.73,2025-26,Serie A,,,1808.51074219,1782.88598633,25.62475586000005,4.7794479347094745,4.8933707417877095,12.952125345836636,11.22390523258878,1.328,1.042,1.042,1.328,2.2,1.2,5.2,6.4,4.4,5.0,11.2,13.4,50.4,63.0,1.6,3.6,11.6,11.4,148.0,159.4
2025-11-23,Verona,Parma,1,2,A,0,1,A,10,15,2,7,4,4,24,6,11:30,-0.25,1.93,1.93,1.95,1.95,2.38,3.1,3.6,2.29,3.05,3.36,4,3,0,0,2.25,3.0,3.6,2.25,3.1,3.4,,,,2.3,3.13,3.59,2.5,1.53,2.53,1.54,2.48,1.5,2025-26,Serie A,,,1564.0892334,,,4.278479015228615,2.439739470578904,11.515977240290791,8.70074412357829,,1.042,1.042,,,2.2,,2.8,,2.0,,10.4,,39.8,,2.6,,8.2,,156.6
2025-11-23,Cremonese,Roma,1,3,A,0,1,A,9,12,4,6,3,5,12,16,14:00,0.75,2.03,1.83,2.07,1.85,6.0,3.8,1.67,5.62,3.74,1.62,2,2,0,0,6.0,3.75,1.62,5.5,3.75,1.63,,,,5.79,3.9,1.65,2.1,1.73,2.14,1.76,2.07,1.71,2025-26,Serie A,,,1567.14135742,1805.46777344,-238.3264160199999,2.8939616598102704,6.198409796899866,9.235835356110076,14.956098888673186,1.018,1.286,1.286,1.018,2.0,1.2,2.6,4.6,2.8,3.8,8.8,12.4,46.4,56.0,3.6,5.0,11.2,14.6,189.4,151.4
2025-11-23,Lazio,Lecce,2,0,H,1,0,H,19,5,9,1,8,2,8,13,17:00,-0.75,1.8,2.05,1.83,2.08,1.63,3.8,6.25,1.61,3.7,5.83,1,1,0,0,1.62,3.7,6.25,1.62,3.8,5.75,,,,1.63,3.75,6.34,2.2,1.67,2.27,1.68,2.15,1.65,2025-26,Serie A,,,1750.28051758,1573.53527832,176.74523925999983,5.1291100043520625,5.866911410197908,11.84108181380432,10.644932791755371,0.912,0.686,0.686,0.912,1.0,1.0,5.4,3.0,4.4,2.8,11.2,8.2,51.4,36.2,2.8,4.6,10.4,13.4,171.0,158.8
2025-11-23,Inter,Milan,0,1,A,0,0,D,20,7,6,3,9,1,7,9,19:45,-0.5,1.95,1.9,2.0,1.91,1.95,3.5,4.25,1.91,3.44,3.95,1,2,0,0,1.9,3.5,4.0,1.9,3.5,4.0,,,,1.99,3.48,4.09,1.88,1.98,1.89,1.99,1.85,1.9,2025-26,Serie A,,,,1797.33935547,,6.947446706202064,3.2021671623029424,16.594959050355605,10.442139381452646,1.99,1.322,1.322,1.99,4.4,2.2,7.4,3.8,6.6,3.4,15.8,10.2,57.2,48.6,2.4,4.0,16.0,7.8,143.4,130.2
2025-11-24,Torino,Como,1,5,A,1,1,D,10,15,2,7,3,4,6,9,17:30,0.25,1.93,1.93,1.96,1.94,3.6,3.25,2.2,3.42,3.19,2.18,0,1,0,0,3.5,3.25,2.2,3.3,3.25,2.2,,,,3.52,3.24,2.27,2.3,1.62,2.37,1.63,2.26,1.6,2025-26,Serie A,,,1680.03710938,,,4.985983107741539,3.1937437830574824,12.955493203643265,11.8277863045947,1.186,1.416,1.416,1.186,2.4,2.6,4.2,3.8,4.8,4.0,14.0,13.6,47.4,57.4,2.0,4.0,14.0,14.0,170.2,155.6
2025-11-24,Sassuolo,Pisa,2,2,D,1,1,D,22,10,7,3,5,2,10,10,19:45,-0.5,2.08,1.73,2.11,1.81,2.1,3.3,4.0,2.04,3.22,3.8,2,1,0,0,2.1,3.2,3.75,2.05,3.3,3.8,,,,2.1,3.24,4.01,2.3,1.62,2.33,1.65,2.22,1.62,2025-26,Serie A,,,1624.2388916,,,3.4656031716060474,2.4938271604938276,10.970971688397704,9.395061728395063,1.04,1.29,1.29,1.04,2.0,2.0,4.2,3.6,5.4,4.4,13.2,10.2,54.0,40.2,2.2,2.8,13.0,12.2,169.8,166.2
2025-11-28,Como,Sassuolo,2,0,H,1,0,H,18,12,13,5,4,4,11,7,19:45,-0.75,1.98,1.88,1.99,1.93,1.75,3.95,5.1,1.69,3.76,4.93,2,1,0,0,1.73,3.6,5.0,1.68,3.8,5.0,,,,1.76,3.79,5.06,1.91,1.91,1.99,1.92,1.89,1.86,2025-26,Serie A,,,,1624.40393066,,5.14604526213842,3.496163979861873,12.960661571889997,9.629419833447615,1.696,1.168,1.168,1.696,2.6,2.6,5.2,3.6,4.0,3.4,15.2,9.6,67.8,41.2,3.0,3.6,12.4,13.4,178.0,175.2
2025-11-29,Parma,Udinese,0,2,A,0,1,A,17,14,2,5,5,9,6,19,14:00,0.0,1.88,1.98,1.93,1.98,2.75,3.2,2.88,2.64,3.09,2.8,1,2,1,1,2.7,3.0,2.8,2.6,3.2,2.75,,,,2.77,3.12,2.85,2.3,1.62,2.4,1.62,2.25,1.6,2025-26,Serie A,,,,1611.73681641,,3.0239647808629804,4.164104780957567,10.61191992871336,9.571569396353388,1.076,0.922,0.922,1.076,1.6,1.4,3.8,4.6,4.6,3.2,14.0,9.2,43.6,41.8,3.2,3.2,12.0,13.8,168.4,185.2
2025-11-29,Juventus,Cagliari,2,1,H,2,1,H,14,5,6,3,1,6,16,16,17:00,-1.5,2.03,1.83,2.05,1.87,1.35,5.5,11.0,1.31,4.92,10.14,1,5,0,0,1.3,5.5,10.0,1.35,4.8,9.75,,,,1.33,5.44,9.97,1.93,1.93,1.93,1.95,1.91,1.85,2025-26,Serie A,,,1792.95483398,1594.27258301,198.68225097000004,7.230712650094416,2.3107607975978097,20.471807396751835,8.927584356388696,2.282,0.8,0.8,2.282,3.8,1.6,5.4,3.4,6.0,2.8,19.8,8.6,59.8,40.4,2.0,5.2,11.4,15.4,139.0,152.6
2025-11-29,Milan,Lazio,1,0,H,0,0,D,16,9,4,4,1,4,10,12,19:45,-0.75,1.8,2.05,1.83,2.09,1.64,3.9,6.0,1.61,3.78,5.72,3,3,0,0,1.62,3.8,5.75,1.61,3.75,5.75,,,,1.63,4.03,5.67,2.1,1.73,2.2,1.72,2.1,1.69,2025-26,Serie A,,,1813.58374023,1758.49755859,55.08618164000018,5.172536681862558,1.5442750200726802,16.118685526263114,8.769998359380882,2.042,0.77,0.77,2.042,3.6,2.2,5.6,3.2,5.0,3.0,15.4,11.4,52.4,53.6,2.6,3.0,9.4,11.4,153.8,166.4
2025-11-29,Genoa,Verona,2,1,H,1,1,D,15,13,4,5,2,3,9,19,14:00,-0.5,2.05,1.8,2.09,1.83,2.1,3.1,4.33,2.04,3.01,4.13,1,3,0,0,2.05,3.0,4.2,2.05,3.0,4.1,,,,2.08,3.08,4.38,2.75,1.44,2.78,1.47,2.69,1.44,2025-26,Serie A,,,1618.04931641,1558.84375,59.205566410000074,4.442010894478555,2.980966978374089,13.8090026965738,9.770722023786902,1.13,,,1.13,1.8,,2.8,,6.4,,9.6,,45.6,,3.0,,11.8,,140.0,
2025-11-30,Roma,Napoli,0,1,A,0,1,A,8,8,2,5,4,2,14,13,19:45,0.0,1.78,2.1,1.82,2.11,2.63,3.0,3.2,2.54,2.89,3.08,4,3,0,0,2.6,2.88,3.1,2.5,2.95,3.1,,,,2.7,2.92,3.12,2.5,1.53,2.53,1.54,2.46,1.52,2025-26,Serie A,,,1817.35986328,1823.52990723,-6.170043950000036,5.353912283387974,5.485870400435963,14.698713647041558,11.888248559519976,1.116,1.348,1.348,1.116,2.0,2.2,5.6,5.0,3.6,4.0,13.8,10.8,57.6,56.6,3.0,2.0,12.8,11.6,151.8,162.6
2025-11-30,Atalanta,Fiorentina,2,0,H,1,0,H,21,15,9,3,4,5,15,10,17:00,-0.75,1.93,1.93,1.95,1.95,1.75,4.0,4.75,1.71,3.78,4.65,1,3,0,0,1.73,3.75,4.75,1.73,3.75,4.6,,,,1.74,3.9,4.91,1.91,1.91,1.9,1.98,1.85,1.9,2025-26,Serie A,,,1795.22802734,1680.2076416,115.02038573999994,6.730594428670031,5.237882260865829,15.752004590821151,9.154382265635782,1.532,1.26,1.26,1.532,2.6,2.0,4.8,4.8,3.4,5.0,14.4,12.8,53.0,53.0,2.0,3.8,12.2,14.2,160.6,155.8
2025-11-30,Pisa,Inter,0,2,A,0,0,D,10,14,2,3,4,6,13,15,14:00,1.5,1.88,1.98,1.93,1.97,10.0,5.75,1.35,9.34,5.16,1.31,2,1,0,0,8.0,5.75,1.3,9.0,5.0,1.34,,,,9.18,5.73,1.32,1.73,2.1,1.75,2.16,1.72,2.06,2025-26,Serie A,,,,,,3.4979423868312765,5.854744446900123,10.724279835390949,16.84559382036093,1.148,1.486,1.486,1.148,2.2,2.8,3.8,6.2,8.4,6.8,11.0,16.6,43.6,61.8,3.2,1.0,13.0,12.2,191.8,163.8
2025-11-30,Lecce,Torino,2,1,H,2,0,H,10,15,2,6,6,6,16,22,11:30,0.0,2.05,1.8,2.1,1.82,3.1,3.05,2.7,2.95,2.95,2.61,2,3,0,0,3.0,2.88,2.7,2.95,2.95,2.6,,,,3.08,2.99,2.67,2.75,1.44,2.73,1.48,2.59,1.47,2025-26,Serie A,,,1572.63623047,1664.87744141,-92.24121093999996,5.097403227383891,3.200645358430432,10.13997666150326,10.15484919076194,1.122,1.216,1.216,1.122,1.6,2.2,6.4,4.2,5.2,3.6,12.0,12.4,47.4,41.6,2.4,2.4,12.6,14.0,172.2,159.4
2025-12-01,Bologna,Cremonese,1,3,A,1,2,A,29,10,7,5,13,8,13,12,19:45,-1.0,1.8,2.05,1.82,2.11,1.48,4.33,8.0,1.45,4.15,7.53,0,2,0,0,1.48,4.0,8.0,1.46,4.33,7.25,,,,1.47,4.36,7.83,2.0,1.8,2.13,1.77,2.01,1.76,2025-26,Serie A,,,1772.62145996,1565.51184082,207.10961913999995,5.090343710451533,3.1484226950208525,13.790333905786348,9.685111739589663,1.1,1.042,1.042,1.1,1.8,1.8,5.2,4.4,6.4,4.4,15.6,9.6,57.2,45.8,2.2,5.2,13.2,16.4,174.2,179.8
2025-12-06,Sassuolo,Fiorentina,3,1,H,2,1,H,13,9,5,1,7,1,15,15,14:00,0.0,2.05,1.8,2.15,1.77,3.0,3.3,2.55,2.87,3.21,2.5,2,3,0,0,2.88,3.25,2.5,2.75,3.3,2.55,,,,3.04,3.26,2.51,2.1,1.73,2.16,1.75,2.06,1.72,2025-26,Serie A,,,1617.29882812,1674.3404541,-57.041625979999935,3.9770687810706984,5.1585881739105535,14.647314458931804,11.102921510423856,1.04,1.26,1.26,1.04,2.0,2.0,4.2,4.8,5.4,5.0,13.2,12.8,54.0,53.0,2.2,3.8,13.0,14.2,169.8,155.8
2025-12-06,Inter,Como,4,0,H,1,0,H,11,15,7,3,7,4,16,13,17:00,-1.0,1.88,1.98,1.91,2.0,1.55,4.33,6.5,1.52,4.21,6.04,1,2,0,0,1.53,4.33,6.0,1.55,4.33,5.75,,,,1.53,4.43,6.34,1.8,2.0,1.79,2.1,1.76,2.0,2025-26,Serie A,,,,,,7.631631137468044,3.462495855371655,17.72997270023707,12.8851908697298,1.99,1.416,1.416,1.99,4.4,2.6,7.4,3.8,6.6,4.0,15.8,13.6,57.2,57.4,2.4,4.0,16.0,14.0,143.4,155.6
2025-12-06,Verona,Atalanta,3,1,H,2,0,H,12,12,7,5,5,5,14,7,19:45,0.75,2.03,1.83,2.06,1.85,5.5,4.0,1.7,5.08,3.85,1.66,2,1,0,0,5.0,4.0,1.67,4.8,3.8,1.7,,,,5.3,4.18,1.64,1.93,1.93,1.95,1.93,1.91,1.85,2025-26,Serie A,,,1553.25610352,1801.09521484,-247.83911132000003,4.1856526768190765,4.262247161191807,11.010651493527195,12.149270155059188,,1.042,1.042,,,1.2,,6.4,,5.0,,13.4,,63.0,,3.6,,11.4,,159.4
2025-12-07,Cremonese,Lecce,2,0,H,0,0,D,11,9,4,1,5,5,15,12,11:30,-0.25,2.05,1.8,2.1,1.82,2.5,3.1,3.25,2.43,3.01,3.15,1,2,0,0,2.4,3.1,3.2,2.4,3.0,3.2,,,,2.49,3.05,3.3,2.5,1.53,2.59,1.54,2.47,1.51,2025-26,Serie A,,,1585.37182617,1582.12536621,3.2464599600000383,2.929307773206847,4.577940940131939,9.157223570740053,8.763288527836917,1.018,0.686,0.686,1.018,2.0,1.0,2.6,3.0,2.8,2.8,8.8,8.2,46.4,36.2,3.6,4.6,11.2,13.4,189.4,158.8
2025-12-07,Cagliari,Roma,1,0,H,0,0,D,15,6,8,2,4,1,18,16,14:00,0.75,1.98,1.88,1.98,1.93,5.5,3.7,1.71,5.26,3.6,1.68,2,1,0,1,5.25,3.6,1.67,5.25,3.6,1.68,,,,5.5,3.76,1.7,2.2,1.67,2.27,1.68,2.16,1.65,2025-26,Serie A,,,1591.42590332,1808.10949707,-216.68359375,4.909953602146806,5.798939864599911,9.168255783062454,13.970732592448792,1.046,1.286,1.286,1.046,1.6,1.2,4.2,4.6,4.6,3.8,10.8,12.4,49.6,56.0,2.4,5.0,17.0,14.6,184.8,151.4
2025-12-07,Lazio,Bologna,1,1,D,1,1,D,16,13,9,6,7,3,13,18,17:00,0.0,1.8,2.05,1.83,2.09,2.7,3.1,3.0,2.6,3.02,2.87,4,3,1,0,2.6,3.1,2.9,2.65,3.0,2.8,,,,2.65,3.1,3.01,2.5,1.53,2.6,1.53,2.43,1.52,2025-26,Serie A,,,1752.91162109,1752.76147461,0.1501464799998757,6.086073336234708,4.492581409573597,14.227387875869546,12.269540121741986,0.912,1.538,1.538,0.912,1.0,2.8,5.4,3.2,4.4,3.8,11.2,13.0,51.4,54.8,2.8,4.2,10.4,16.8,171.0,160.8
2025-12-07,Napoli,Juventus,2,1,H,1,0,H,9,5,4,2,9,0,6,15,19:45,-0.25,2.05,1.8,2.1,1.83,2.45,3.1,3.4,2.37,2.97,3.28,2,1,0,0,2.35,3.0,3.2,2.3,3.0,3.4,,,,2.49,2.97,3.38,2.5,1.53,2.55,1.55,2.44,1.52,2025-26,Serie A,,,1832.78027344,1795.80163574,36.97863770000003,4.852965289806317,3.298322046101809,12.301416897224424,14.791346638011436,1.328,1.448,1.448,1.328,2.2,2.2,5.2,3.6,4.4,1.6,11.2,13.0,50.4,53.2,1.6,1.8,11.6,14.0,148.0,161.2
2025-12-08,Udinese,Genoa,1,2,A,0,1,A,23,12,6,6,6,2,16,12,17:00,-0.25,2.05,1.8,2.12,1.81,2.48,3.1,3.3,2.42,3.02,3.13,1,0,0,0,2.4,3.0,3.3,2.4,3.1,3.1,,,,2.51,3.0,3.32,2.5,1.53,2.52,1.55,2.43,1.53,2025-26,Serie A,,,1624.28356934,1623.63708496,0.6464843799999471,5.397787835327881,3.507121288310784,12.46614175845576,11.691083025638212,1.068,1.472,1.472,1.068,1.8,2.8,4.8,2.6,4.4,4.8,15.8,12.4,45.8,42.2,1.4,4.0,16.8,12.6,183.0,155.8
2025-12-08,Pisa,Parma,0,1,A,0,1,A,14,9,2,2,6,0,15,7,14:00,-0.25,2.05,1.8,2.1,1.82,2.45,3.05,3.33,2.38,2.99,3.23,2,2,1,0,2.4,3.0,3.3,2.37,3.0,3.2,,,,2.5,2.97,3.38,2.5,1.53,2.52,1.55,2.43,1.52,2025-26,Serie A,,,,,,3.6652949245541846,2.9598263137192697,10.482853223593969,10.800496082385528,1.148,1.042,1.042,1.148,2.2,2.2,3.8,2.8,8.4,2.0,11.0,10.4,43.6,39.8,3.2,2.6,13.0,8.2,191.8,156.6
2025-12-08,Torino,Milan,2,3,A,2,1,H,8,17,4,6,2,4,16,7,19:45,0.5,2.03,1.78,2.11,1.8,4.8,3.6,1.83,4.53,3.5,1.79,2,1,0,0,4.5,3.6,1.8,4.33,3.5,1.83,,,,4.89,3.61,1.8,2.0,1.8,2.14,1.77,2.02,1.75,2025-26,Serie A,,,1655.38818359,1819.16967773,-163.78149414000018,4.32398873849436,2.4681114415352954,11.970328802428844,9.2947595876351,1.186,1.322,1.322,1.186,2.4,2.2,4.2,3.8,4.8,3.4,14.0,10.2,47.4,48.6,2.0,4.0,14.0,7.8,170.2,130.2
2025-12-12,Lecce,Pisa,1,0,H,0,0,D,21,5,3,0,12,1,17,6,19:45,-0.25,2.1,1.78,2.13,1.82,2.55,2.9,3.4,2.47,2.83,3.3,2,1,0,0,2.5,2.88,3.3,2.45,2.87,3.3,,,,2.54,2.9,3.45,2.75,1.44,2.9,1.44,2.7,1.43,2025-26,Serie A,,,1575.4519043,,,5.398268818255928,2.329218106995885,10.093317774335508,9.596707818930042,1.122,1.29,1.29,1.122,1.6,2.0,6.4,3.6,5.2,4.4,12.0,10.2,47.4,40.2,2.4,2.8,12.6,12.2,172.2,166.2
2025-12-13,Torino,Cremonese,1,0,H,1,0,H,18,10,6,3,6,6,20,13,14:00,-0.5,2.0,1.85,2.02,1.88,2.0,3.3,4.33,1.96,3.21,4.15,1,2,0,0,1.95,3.25,4.2,1.95,3.25,4.1,,,,2.01,3.2,4.43,2.2,1.67,2.29,1.68,2.19,1.64,2025-26,Serie A,,,1653.16320801,1598.15246582,55.010742189999974,3.5493258256629066,4.765615130013902,10.646885868285898,9.790074493059777,1.186,1.042,1.042,1.186,2.4,1.8,4.2,4.4,4.8,4.4,14.0,9.6,47.4,45.8,2.0,5.2,14.0,16.4,170.2,179.8
2025-12-13,Parma,Lazio,0,1,A,0,0,D,19,15,5,5,4,4,14,8,17:00,0.25,2.05,1.8,2.11,1.82,3.8,3.33,2.14,3.62,3.25,2.09,2,1,0,2,3.6,3.3,2.1,3.6,3.3,2.1,,,,3.83,3.34,2.11,2.3,1.62,2.36,1.64,2.24,1.61,2025-26,Serie A,,,,1754.58483887,,3.682643187241987,2.362850013381787,12.741279952475573,8.846665572920589,1.076,0.77,0.77,1.076,1.6,2.2,3.8,3.2,4.6,3.0,14.0,11.4,43.6,53.6,3.2,3.0,12.0,11.4,168.4,166.4
2025-12-13,Atalanta,Cagliari,2,1,H,1,0,H,17,8,8,1,5,4,13,15,19:45,-1.5,2.0,1.85,2.04,1.87,1.36,5.4,10.0,1.32,5.14,9.23,1,2,0,0,1.33,5.0,9.5,1.35,5.25,8.5,,,,1.35,5.48,8.72,1.73,2.1,1.74,2.18,1.67,2.13,2025-26,Serie A,,,1794.18249512,1607.00292969,187.17956543000017,5.820396285780021,3.54050719839854,17.50133639388077,7.618389570925798,1.532,0.8,0.8,1.532,2.6,1.6,4.8,3.4,3.4,2.8,14.4,8.6,53.0,40.4,2.0,5.2,12.2,15.4,160.6,152.6
2025-12-14,Milan,Sassuolo,2,2,D,1,1,D,13,8,5,3,7,3,12,12,11:30,-1.25,1.98,1.88,1.97,1.93,1.44,4.75,8.7,1.4,4.54,7.72,1,3,0,0,1.42,4.33,8.0,1.43,4.6,7.25,,,,1.42,4.78,8.05,1.83,2.03,1.85,2.05,1.77,1.98,2025-26,Serie A,,,1827.50170898,1632.05737305,195.44433593000008,3.7816911212417064,3.664109319907916,16.07912368417541,10.41961322229841,2.042,1.168,1.168,2.042,3.6,2.6,5.6,3.6,5.0,3.4,15.4,9.6,52.4,41.2,2.6,3.6,9.4,13.4,153.8,175.2
2025-12-14,Fiorentina,Verona,1,2,A,0,1,A,20,13,4,3,9,4,10,22,14:00,-0.5,1.8,2.05,1.81,2.09,1.86,3.6,4.75,1.82,3.42,4.51,1,5,0,0,1.8,3.4,4.75,1.85,3.4,4.33,,,,1.81,3.62,4.83,2.2,1.67,2.25,1.69,2.17,1.65,2025-26,Serie A,,,1667.35742188,1574.93688965,92.42053222999994,4.912674218103529,2.9873113189160594,12.939664298559984,10.847148015857936,1.802,,,1.802,3.0,,5.6,,4.4,,17.6,,59.4,,2.4,,11.0,,156.6,
2025-12-14,Udinese,Napoli,1,0,H,0,0,D,18,7,5,0,1,3,16,9,14:00,0.5,2.0,1.85,2.04,1.87,4.5,3.4,1.91,4.38,3.33,1.86,1,0,0,0,4.5,3.4,1.85,4.5,3.3,1.88,,,,4.6,3.55,1.86,2.3,1.62,2.41,1.62,2.29,1.58,2025-26,Serie A,,,1617.85595703,1831.56359863,-213.7076416,5.5985252235519205,4.323913600290642,15.977427838970506,10.592165706346652,1.068,1.348,1.348,1.068,1.8,2.2,4.8,5.0,4.4,4.0,15.8,10.8,45.8,56.6,1.4,2.0,16.8,11.6,183.0,162.6
2025-12-14,Genoa,Inter,1,2,A,0,2,A,5,18,3,8,1,6,10,20,17:00,1.0,1.98,1.88,2.03,1.88,6.75,6.8,4.0,6.37,4.2,1.67,2,3,0,0,6.5,4.2,1.5,6.25,4.0,1.55,,,,6.67,4.38,1.52,2.0,1.8,2.02,1.87,1.97,1.77,2025-26,Serie A,,,1636.17175293,,,3.628007262985704,5.9031629646000825,14.206001797715867,15.897062546907286,1.13,1.486,1.486,1.13,1.8,2.8,2.8,6.2,6.4,6.8,9.6,16.6,45.6,61.8,3.0,1.0,11.8,12.2,140.0,163.8
2025-12-14,Bologna,Juventus,0,1,A,0,0,D,11,13,4,3,3,4,10,11,19:45,0.0,2.05,1.8,2.07,1.84,3.05,3.25,2.6,2.87,3.16,2.51,3,1,1,0,2.88,3.25,2.5,2.85,3.25,2.5,,,,2.95,3.2,2.62,2.2,1.67,2.28,1.68,2.2,1.63,2025-26,Serie A,,,1765.92675781,1795.43005371,-29.503295900000012,7.726895806967689,2.198881364067873,18.860222603857565,11.52756442534096,1.1,1.448,1.448,1.1,1.8,2.2,5.2,3.6,6.4,1.6,15.6,13.0,57.2,53.2,2.2,1.8,13.2,14.0,174.2,161.2
2025-12-15,Roma,Como,1,0,H,0,0,D,14,13,4,1,6,3,16,8,19:45,-0.25,1.85,2.0,1.89,2.01,2.2,3.3,3.7,2.15,3.17,3.53,3,3,0,0,2.1,3.3,3.6,2.2,3.2,3.5,,,,2.22,3.19,3.7,2.2,1.67,2.28,1.68,2.19,1.64,2025-26,Serie A,,,1808.26367188,,,4.902608188925316,3.641663903581104,12.465809098027703,13.590127246486537,1.116,1.416,1.416,1.116,2.0,2.6,5.6,3.8,3.6,4.0,13.8,13.6,57.6,57.4,3.0,4.0,12.8,14.0,151.8,155.6
2025-12-20,Lazio,Cremonese,0,0,D,0,0,D,8,9,2,2,3,0,13,21,17:00,-0.75,1.83,2.03,1.86,2.05,1.65,3.9,6.0,1.61,3.76,5.69,4,3,0,1,1.62,3.8,5.75,1.63,3.9,5.5,,,,1.66,3.74,6.0,2.1,1.73,2.09,1.79,2.0,1.76,2025-26,Serie A,,,1756.47387695,1589.13330078,167.34057617000008,6.390715557489806,5.177076753342602,14.818258583913032,9.860049662039852,0.912,1.042,1.042,0.912,1.0,1.8,5.4,4.4,4.4,4.4,11.2,9.6,51.4,45.8,2.8,5.2,10.4,16.4,171.0,179.8
2025-12-20,Juventus,Roma,2,1,H,1,0,H,13,14,9,5,2,4,14,13,19:45,-0.5,1.98,1.88,2.0,1.9,2.05,3.3,4.33,1.97,3.22,4.12,2,3,0,0,1.95,3.2,4.33,2.05,3.2,4.0,,,,1.99,3.31,4.34,2.3,1.62,2.39,1.63,2.27,1.59,2025-26,Serie A,,,1800.70141602,1809.43664551,-8.735229490000165,5.153808433396278,4.199293243066608,18.314538264501223,11.313821728299196,2.282,1.286,1.286,2.282,3.8,1.2,5.4,4.6,6.0,3.8,19.8,12.4,59.8,56.0,2.0,5.0,11.4,14.6,139.0,151.4
2025-12-21,Cagliari,Pisa,2,2,D,0,1,A,14,15,5,3,2,6,15,20,11:30,-0.25,1.85,2.0,1.88,2.04,2.2,3.25,3.75,2.17,3.14,3.53,3,2,0,0,2.15,3.1,3.75,2.15,3.25,3.5,,,,2.2,3.19,3.77,2.38,1.57,2.5,1.57,2.35,1.56,2025-26,Serie A,,,1600.65576172,,,4.606635734764538,1.8861454046639232,11.112170522041636,8.064471879286696,1.046,1.29,1.29,1.046,1.6,2.0,4.2,3.6,4.6,4.4,10.8,10.2,49.6,40.2,2.4,2.8,17.0,12.2,184.8,166.2
2025-12-21,Sassuolo,Torino,0,1,A,0,0,D,7,10,1,5,2,3,15,17,14:00,-0.25,2.0,1.85,2.07,1.85,2.4,3.2,3.35,2.34,3.1,3.19,3,1,0,0,2.3,3.2,3.3,2.35,3.2,3.1,,,,2.44,3.05,3.38,2.2,1.67,2.29,1.68,2.18,1.64,2025-26,Serie A,,,1634.69335938,1655.36376953,-20.670410149999952,4.984712520713799,4.133763572286956,14.09820963928787,11.76989946050796,1.04,1.216,1.216,1.04,2.0,2.2,4.2,4.2,5.4,3.6,13.2,12.4,54.0,41.6,2.2,2.4,13.0,14.0,169.8,159.4
2025-12-21,Fiorentina,Udinese,5,1,H,3,0,H,20,11,7,4,1,4,10,8,17:00,-0.25,1.9,1.95,1.95,1.95,2.2,3.3,3.55,2.16,3.26,3.4,3,1,0,1,2.2,3.3,3.4,2.2,3.3,3.3,,,,2.27,3.31,3.42,2.1,1.73,2.17,1.75,2.1,1.69,2025-26,Serie A,,,1640.89135742,1626.88330078,14.008056640000175,6.275116145402353,5.776069853971712,15.293109532373323,11.047712930902255,1.802,0.922,0.922,1.802,3.0,1.4,5.6,4.6,4.4,3.2,17.6,9.2,59.4,41.8,2.4,3.2,11.0,13.8,156.6,185.2
2025-12-21,Genoa,Atalanta,0,1,A,0,0,D,6,16,3,4,6,10,11,19,19:45,0.5,1.9,1.95,1.92,1.99,4.2,3.45,2.0,3.99,3.35,1.94,1,2,1,0,4.0,3.4,1.95,3.9,3.4,1.95,,,,4.12,3.48,1.98,2.1,1.73,2.12,1.78,2.07,1.71,2025-26,Serie A,,,1629.78466797,1793.71105957,-163.9263916,2.7520048419904697,4.508164774127872,11.13733453181058,12.099513436706127,1.13,1.042,1.042,1.13,1.8,1.2,2.8,6.4,6.4,5.0,9.6,13.4,45.6,63.0,3.0,3.6,11.8,11.4,140.0,159.4
2025-12-27,Pisa,Juventus,0,2,A,0,0,D,8,15,0,7,2,8,10,12,19:45,1.0,2.05,1.8,2.11,1.81,7.5,4.5,1.5,6.91,4.19,1.46,4,1,0,0,7.5,4.5,1.4,6.75,4.2,1.49,,,,7.05,4.61,1.47,1.91,1.91,2.0,1.89,1.92,1.83,2025-26,Serie A,,,,1808.01159668,,4.44352994970279,2.7992542427119154,11.65523548239598,12.01837628356064,1.148,1.448,1.448,1.148,2.2,2.2,3.8,3.6,8.4,1.6,11.0,13.0,43.6,53.2,3.2,1.8,13.0,14.0,191.8,161.2
2025-12-27,Udinese,Lazio,1,1,D,0,0,D,15,14,4,2,5,6,19,14,17:00,0.25,1.78,2.1,1.77,2.17,3.15,3.2,2.5,3.06,3.05,2.43,3,4,0,0,3.1,3.0,2.45,3.0,3.1,2.45,,,,3.14,3.08,2.56,2.3,1.62,2.37,1.63,2.24,1.61,2025-26,Serie A,,,1613.90820312,1750.99169922,-137.08349610000005,4.065683482367947,2.908566675587858,16.651618559313672,10.897777048613726,1.068,0.77,0.77,1.068,1.8,2.2,4.8,3.2,4.4,3.0,15.8,11.4,45.8,53.6,1.4,3.0,16.8,11.4,183.0,166.4
2025-12-27,Torino,Cagliari,1,2,A,1,1,D,19,9,10,4,6,2,14,13,14:00,-0.5,1.98,1.88,2.0,1.91,2.0,3.4,4.25,1.94,3.28,4.09,3,0,0,0,1.91,3.2,4.2,1.98,3.25,4.0,,,,1.99,3.36,4.26,2.2,1.67,2.27,1.68,2.14,1.66,2025-26,Serie A,,,1664.17578125,1597.43945312,66.73632812999995,4.366217217108605,3.693671465599027,13.097923912190598,7.745593047283865,1.186,0.8,0.8,1.186,2.4,1.6,4.2,3.4,4.8,2.8,14.0,8.6,47.4,40.4,2.0,5.2,14.0,15.4,170.2,152.6
2025-12-27,Lecce,Como,0,3,A,0,1,A,11,12,5,6,4,6,10,23,14:00,0.5,2.03,1.83,2.07,1.85,4.75,3.4,1.87,4.58,3.35,1.82,2,4,0,0,4.75,3.3,1.8,4.4,3.4,1.87,,,,4.88,3.49,1.84,2.3,1.62,2.37,1.63,2.25,1.6,2025-26,Serie A,,,1578.26379395,,,7.598845878837285,3.427775935720736,13.728878516223672,13.39341816432436,1.122,1.416,1.416,1.122,1.6,2.6,6.4,3.8,5.2,4.0,12.0,13.6,47.4,57.4,2.4,4.0,12.6,14.0,172.2,155.6
2025-12-27,Parma,Fiorentina,1,0,H,0,0,D,13,23,2,4,5,6,10,15,11:30,0.25,1.9,1.95,1.93,1.98,3.5,3.2,2.3,3.33,3.1,2.27,2,2,0,0,3.5,3.0,2.25,3.25,3.2,2.3,,,,3.54,3.09,2.34,2.2,1.67,2.3,1.67,2.2,1.64,2025-26,Serie A,,,,1653.86657715,,3.788428791494658,3.7723921159403697,14.827519968317048,10.401947673615904,1.076,1.26,1.26,1.076,1.6,2.0,3.8,4.8,4.6,5.0,14.0,12.8,43.6,53.0,3.2,3.8,12.0,14.2,168.4,155.8
2025-12-28,Milan,Verona,3,0,H,1,0,H,11,9,5,1,7,3,5,15,11:30,-1.25,1.88,1.98,1.92,1.99,1.4,5.0,9.0,1.37,4.7,8.4,0,1,0,0,1.38,4.75,8.5,1.39,5.0,7.5,,,,1.38,4.98,8.81,1.8,2.0,1.86,2.03,1.81,1.94,2025-26,Serie A,,,1818.04711914,1583.20947266,234.83764647999988,4.854460747494471,3.3248742126107063,15.05274912278361,11.564765343905291,2.042,,,2.042,3.6,,5.6,,5.0,,15.4,,52.4,,2.6,,9.4,,153.8,
2025-12-28,Cremonese,Napoli,0,2,A,0,2,A,6,22,2,8,1,10,13,8,14:00,1.0,1.88,1.98,1.9,2.0,6.5,4.0,1.58,6.21,3.84,1.55,2,2,0,0,6.25,3.9,1.55,6.0,3.9,1.58,,,,6.28,4.16,1.57,2.1,1.73,2.09,1.79,2.04,1.73,2025-26,Serie A,,,1594.61547852,1815.71765137,-221.10217285000024,3.6195385154712314,3.882609066860428,9.771482380493367,9.394777137564436,1.018,1.348,1.348,1.018,2.0,2.2,2.6,5.0,2.8,4.0,8.8,10.8,46.4,56.6,3.6,2.0,11.2,11.6,189.4,162.6
2025-12-28,Bologna,Sassuolo,1,1,D,0,0,D,16,8,6,5,2,3,18,19,17:00,-0.75,2.0,1.85,2.0,1.9,1.8,3.7,5.1,1.74,3.58,4.73,2,3,0,0,1.75,3.6,4.75,1.78,3.6,4.6,,,,1.74,3.75,5.1,2.0,1.8,2.03,1.87,1.98,1.77,2025-26,Serie A,,,1753.83691406,1625.88134766,127.95556639999997,6.1512638713117935,3.4427395466052775,16.240148402571712,9.613075481532274,1.1,1.168,1.168,1.1,1.8,2.6,5.2,3.6,6.4,3.4,15.6,9.6,57.2,41.2,2.2,3.6,13.2,13.4,174.2,175.2
2025-12-28,Atalanta,Inter,0,1,A,0,0,D,7,15,0,4,4,7,8,12,19:45,0.5,1.8,2.05,1.84,2.07,3.5,3.66,2.1,3.39,3.52,2.05,2,1,0,0,3.5,3.5,2.0,3.3,3.5,2.1,,,,3.64,3.64,2.07,1.73,2.1,1.78,2.13,1.74,2.02,2025-26,Serie A,,,1798.89697266,,,5.54693085718668,5.935441976400055,17.33422426258718,16.598041697938193,1.532,1.486,1.486,1.532,2.6,2.8,4.8,6.2,3.4,6.8,14.4,16.6,53.0,61.8,2.0,1.0,12.2,12.2,160.6,163.8
2025-12-29,Roma,Genoa,3,1,H,3,0,H,16,10,8,2,6,1,13,13,19:45,-0.75,1.8,2.05,1.85,2.07,1.65,3.66,6.75,1.6,3.58,6.05,0,1,0,0,1.6,3.6,6.25,1.65,3.6,5.75,,,,1.64,3.73,6.32,2.38,1.57,2.42,1.6,2.32,1.56,2025-26,Serie A,,,1802.12646484,1624.59863281,177.5278320299999,5.268405459283544,3.0047475255405227,12.977206065351805,11.794055350425475,1.116,1.472,1.472,1.116,2.0,2.8,5.6,2.6,3.6,4.8,13.8,12.4,57.6,42.2,3.0,4.0,12.8,12.6,151.8,155.8
2026-01-02,Cagliari,Milan,0,1,A,0,0,D,6,11,1,4,6,7,10,8,19:45,1.0,1.8,2.05,1.85,2.09,6.75,4.0,1.6,6.21,3.9,1.55,2,1,0,0,6.0,3.9,1.6,5.75,4.0,1.57,,,,6.25,4.01,1.61,2.1,1.73,2.13,1.78,2.03,1.74,2025-26,Serie A,,,1608.60229492,1822.04968262,-213.44738770000004,3.737757156509692,2.9787409610235303,12.074780348027758,11.8631730584234,1.046,1.322,1.322,1.046,1.6,2.2,4.2,3.8,4.6,3.4,10.8,10.2,49.6,48.6,2.4,4.0,17.0,7.8,184.8,130.2
2026-01-03,Como,Udinese,1,0,H,1,0,H,15,4,3,1,3,2,12,15,11:30,-0.75,1.95,1.9,1.98,1.93,1.75,3.8,5.4,1.71,3.65,4.94,1,3,0,0,1.73,3.8,4.75,1.71,3.75,4.8,,,,1.75,3.62,5.26,2.0,1.8,2.07,1.83,1.98,1.78,2025-26,Serie A,,,,1616.45800781,,4.764030174758947,5.184046569314475,14.640441047926666,11.031808620601506,1.696,0.922,0.922,1.696,2.6,1.4,5.2,4.6,4.0,3.2,15.2,9.2,67.8,41.8,3.0,3.2,12.4,13.8,178.0,185.2
2026-01-03,Genoa,Pisa,1,1,D,1,1,D,12,10,4,2,2,7,9,17,14:00,-0.5,1.88,1.98,1.92,1.99,1.91,3.25,5.0,1.87,3.15,4.74,1,3,0,0,1.9,3.1,4.75,1.88,3.1,4.8,,,,1.91,3.2,5.05,2.63,1.5,2.61,1.53,2.5,1.49,2025-26,Serie A,,,1620.06188965,,,3.8346698946603137,3.2574302697759494,9.42488968787372,10.376314586191132,1.13,1.29,1.29,1.13,1.8,2.0,2.8,3.6,6.4,4.4,9.6,10.2,45.6,40.2,3.0,2.8,11.8,12.2,140.0,166.2
2026-01-03,Sassuolo,Parma,1,1,D,1,1,D,11,16,3,5,4,7,12,7,14:00,-0.5,1.93,1.93,1.95,1.95,1.95,3.45,4.5,1.9,3.33,4.2,2,1,0,0,1.91,3.3,4.33,1.93,3.4,4.1,,,,1.94,3.27,4.67,2.1,1.73,2.18,1.74,2.05,1.72,2025-26,Serie A,,,1630.54138184,,,3.989808347142533,1.9732175424795133,11.732139759525246,10.200330721590351,1.04,1.042,1.042,1.04,2.0,2.2,4.2,2.8,5.4,2.0,13.2,10.4,54.0,39.8,2.2,2.6,13.0,8.2,169.8,156.6
2026-01-03,Juventus,Lecce,1,1,D,0,1,A,25,6,5,1,10,1,6,7,17:00,-1.5,1.83,2.03,1.85,2.07,1.29,5.8,13.0,1.26,5.52,11.91,0,3,0,0,1.27,5.5,13.0,1.27,5.75,11.5,,,,1.28,5.77,12.37,1.8,2.0,1.83,2.05,1.78,1.96,2025-26,Serie A,,,1812.42370605,1567.40063477,245.02307128000007,4.102538955597519,4.718627293421293,16.543025509667483,8.842192351891278,2.282,0.686,0.686,2.282,3.8,1.0,5.4,3.0,6.0,2.8,19.8,8.2,59.8,36.2,2.0,4.6,11.4,13.4,139.0,158.8
2026-01-03,Atalanta,Roma,1,0,H,1,0,H,13,10,2,4,7,5,16,15,19:45,-0.25,1.95,1.9,1.98,1.93,2.3,3.3,3.4,2.23,3.22,3.28,1,2,0,0,2.3,3.2,3.3,2.2,3.3,3.3,,,,2.32,3.17,3.48,2.1,1.73,2.12,1.78,2.04,1.72,2025-26,Serie A,,,1792.70251465,1806.66320801,-13.96069336000005,5.031287238124454,4.132862162044406,13.889482841724789,12.209214485532796,1.532,1.286,1.286,1.532,2.6,1.2,4.8,4.6,3.4,3.8,14.4,12.4,53.0,56.0,2.0,5.0,12.2,14.6,160.6,151.4
2026-01-04,Verona,Torino,0,3,A,0,1,A,7,21,3,5,4,7,13,7,17:00,0.0,1.83,2.03,1.85,2.06,2.7,3.1,2.95,2.6,3.0,2.86,0,2,0,0,2.7,3.0,2.9,2.6,3.0,2.9,,,,2.71,3.02,3.0,2.5,1.53,2.5,1.57,2.41,1.52,2025-26,Serie A,,,1579.20690918,1653.01293945,-73.80603027000006,4.457101784546051,3.7558423815246376,11.34043432901813,11.179932973671974,,1.216,1.216,,,2.2,,4.2,,3.6,,12.4,,41.6,,2.4,,14.0,,159.4
2026-01-04,Inter,Bologna,3,1,H,1,0,H,19,6,10,2,7,1,20,21,19:45,-1.25,1.95,1.9,1.93,1.98,1.42,5.33,8.0,1.38,4.75,7.63,3,3,0,0,1.42,4.75,7.5,1.42,4.8,7.0,,,,1.39,5.18,8.05,1.73,2.1,1.72,2.19,1.69,2.09,2025-26,Serie A,,,,1749.17687988,,7.421087424978696,3.995054273049065,15.486648466824716,12.513026747827992,1.99,1.538,1.538,1.99,4.4,2.8,7.4,3.2,6.6,3.8,15.8,13.0,57.2,54.8,2.4,4.2,16.0,16.8,143.4,160.8
2026-01-04,Fiorentina,Cremonese,1,0,H,0,0,D,22,6,8,2,7,3,10,19,14:00,-0.5,1.75,2.05,1.79,2.12,1.84,3.66,5.0,1.75,3.55,4.65,1,2,0,0,1.8,3.4,5.0,1.77,3.6,4.6,,,,1.79,3.73,4.76,2.0,1.8,2.05,1.85,1.99,1.76,2025-26,Serie A,,,1645.16540527,1588.92358398,56.24182128999996,4.516744096934902,3.451384502228402,16.862073021582216,9.573366441359902,1.802,1.042,1.042,1.802,3.0,1.8,5.6,4.4,4.4,4.4,17.6,9.6,59.4,45.8,2.4,5.2,11.0,16.4,156.6,179.8
2026-01-04,Lazio,Napoli,0,2,A,0,2,A,5,14,0,3,2,6,10,13,11:30,0.25,1.88,1.98,1.89,2.01,3.5,3.1,2.38,3.34,3.01,2.31,5,1,2,1,3.4,3.1,2.3,3.3,3.0,2.35,,,,3.5,3.05,2.38,2.63,1.5,2.66,1.52,2.52,1.49,2025-26,Serie A,,,1748.44189453,1821.4095459,-72.96765137000011,5.260477038326537,5.9217393779069525,12.545505722608688,13.596518091709624,0.912,1.348,1.348,0.912,1.0,2.2,5.4,5.0,4.4,4.0,11.2,10.8,51.4,56.6,2.8,2.0,10.4,11.6,171.0,162.6
2026-01-06,Pisa,Como,0,3,A,0,0,D,10,15,4,7,1,5,9,13,14:00,0.75,1.9,1.95,1.93,2.0,5.5,3.6,1.8,5.15,3.43,1.74,2,2,0,0,5.5,3.4,1.7,5.0,3.4,1.78,,,,5.45,3.5,1.78,2.2,1.67,2.25,1.7,2.18,1.64,2025-26,Serie A,,,,,,3.629019966468527,4.285183957147158,10.436823654930652,12.928945442882908,1.148,1.416,1.416,1.148,2.2,2.6,3.8,3.8,8.4,4.0,11.0,13.6,43.6,57.4,3.2,4.0,13.0,14.0,191.8,155.6
2026-01-06,Lecce,Roma,0,2,A,0,1,A,6,10,1,3,2,2,10,20,17:00,0.75,1.88,1.98,1.92,2.01,5.5,3.5,1.8,5.22,3.4,1.74,3,1,0,0,5.25,3.5,1.73,5.0,3.3,1.78,,,,5.49,3.51,1.77,2.2,1.67,2.36,1.65,2.26,1.6,2025-26,Serie A,,,1574.25500488,1799.29650879,-225.04150391000007,6.399230585891524,4.421908108029604,12.819252344149117,11.472809657021866,1.122,1.286,1.286,1.122,1.6,1.2,6.4,4.6,5.2,3.8,12.0,12.4,47.4,56.0,2.4,5.0,12.6,14.6,172.2,151.4
2026-01-06,Sassuolo,Juventus,0,3,A,0,1,A,7,17,2,10,5,5,3,12,19:45,0.75,1.98,1.88,2.01,1.92,5.3,3.9,1.73,5.04,3.74,1.68,0,0,0,0,5.0,3.9,1.67,5.0,3.7,1.71,,,,5.3,3.74,1.73,1.98,1.88,2.01,1.9,1.92,1.84,2025-26,Serie A,,,1628.1920166,1805.56933594,-177.37731934,3.9932055647616886,4.532836161807944,11.488093173016832,13.012250855707094,1.04,1.448,1.448,1.04,2.0,2.2,4.2,3.6,5.4,1.6,13.2,13.0,54.0,53.2,2.2,1.8,13.0,14.0,169.8,161.2
2026-01-07,Bologna,Atalanta,0,2,A,0,1,A,11,11,2,5,6,6,16,15,17:30,0.0,1.98,1.88,2.01,1.89,2.75,3.4,2.66,2.71,3.3,2.57,0,0,0,0,2.75,3.3,2.6,2.7,3.4,2.55,,,,2.84,3.25,2.68,2.0,1.85,2.03,1.86,1.92,1.83,2025-26,Serie A,,,1744.68347168,1800.06921387,-55.3857421900002,4.767509247541197,6.3387765160852485,16.16009893504781,13.399675624470753,1.1,1.042,1.042,1.1,1.8,1.2,5.2,6.4,6.4,5.0,15.6,13.4,57.2,63.0,2.2,3.6,13.2,11.4,174.2,159.4
2026-01-07,Napoli,Verona,2,2,D,0,2,A,15,11,4,4,6,1,7,15,17:30,-1.25,1.85,2.0,1.88,2.03,1.38,5.5,11.0,1.34,4.72,9.56,0,3,0,0,1.36,5.5,7.5,1.36,4.8,8.75,,,,1.36,5.19,8.85,2.0,1.8,2.08,1.83,2.01,1.75,2025-26,Serie A,,,1831.97229004,1566.29248047,265.67980956999986,6.235310193204212,3.216582808407138,11.200944598149617,10.709843562603528,1.328,,,1.328,2.2,,5.2,,4.4,,11.2,,50.4,,1.6,,11.6,,148.0,
2026-01-07,Lazio,Fiorentina,2,2,D,0,0,D,17,8,9,5,8,2,11,15,19:45,-0.25,2.05,1.8,2.12,1.81,2.45,3.2,3.25,2.39,3.1,3.12,3,5,0,0,2.4,3.1,3.2,2.37,3.1,3.1,,,,2.51,3.0,3.32,2.3,1.62,2.39,1.63,2.23,1.62,2025-26,Serie A,,,1737.87915039,1650.68310547,87.19604491999985,4.173651358884359,4.514928077293581,10.030337148405792,14.60129844907727,0.912,1.26,1.26,0.912,1.0,2.0,5.4,4.8,4.4,5.0,11.2,12.8,51.4,53.0,2.8,3.8,10.4,14.2,171.0,155.8
2026-01-07,Parma,Inter,0,2,A,0,1,A,4,26,0,8,1,3,4,20,19:45,1.5,1.75,2.05,1.81,2.09,8.9,5.33,1.4,7.96,4.96,1.36,0,3,0,0,7.5,5.0,1.4,7.5,4.8,1.4,,,,8.16,5.1,1.39,1.67,2.2,1.66,2.3,1.61,2.24,2025-26,Serie A,,,,,,4.192285860996439,6.290294650933371,14.2183466455447,16.065361131958795,1.076,1.486,1.486,1.076,1.6,2.8,3.8,6.2,4.6,6.8,14.0,16.6,43.6,61.8,3.2,1.0,12.0,12.2,168.4,163.8
2026-01-07,Torino,Udinese,1,2,A,0,0,D,10,9,4,4,3,6,16,8,19:45,-0.25,1.98,1.88,2.01,1.89,2.38,3.2,3.6,2.3,3.04,3.36,2,1,0,0,2.3,3.0,3.4,2.3,3.1,3.3,,,,2.39,2.95,3.61,2.3,1.62,2.42,1.61,2.28,1.59,2025-26,Serie A,,,1665.92736816,1611.859375,54.067993160000015,4.910811478072404,4.122697712876318,15.065282608127069,8.687872413734338,1.186,0.922,0.922,1.186,2.4,1.4,4.2,4.6,4.8,3.2,14.0,9.2,47.4,41.8,2.0,3.2,14.0,13.8,170.2,185.2
2026-01-08,Cremonese,Cagliari,2,2,D,2,0,H,12,21,5,5,2,4,16,12,17:30,-0.25,2.05,1.8,2.1,1.82,2.4,3.25,3.25,2.35,3.12,3.12,2,2,0,0,2.4,3.1,3.2,2.35,3.2,3.1,,,,2.48,3.1,3.26,2.3,1.62,2.38,1.63,2.24,1.61,2025-26,Serie A,,,1583.40588379,1604.5324707,-21.126586910000015,2.746359010314155,3.1291143103993515,8.514321586995578,8.163728698189244,1.018,0.8,0.8,1.018,2.0,1.6,2.6,3.4,2.8,2.8,8.8,8.6,46.4,40.4,3.6,5.2,11.2,15.4,189.4,152.6
2026-01-08,Milan,Genoa,1,1,D,0,1,A,32,7,8,2,12,1,12,8,19:45,-1.25,2.03,1.83,2.08,1.84,1.44,4.5,8.5,1.41,4.34,8.0,4,1,0,0,1.44,4.5,7.5,1.43,4.5,7.25,,,,1.44,4.47,8.31,2.0,1.8,2.09,1.79,1.98,1.77,2025-26,Serie A,,,1826.11950684,1616.3536377,209.76586913999995,5.5696404983296475,2.336498350360349,13.701832748522406,11.196036900283652,2.042,1.472,1.472,2.042,3.6,2.8,5.6,2.6,5.0,4.8,15.4,12.4,52.4,42.2,2.6,4.0,9.4,12.6,153.8,155.8
2026-01-10,Atalanta,Torino,2,0,H,1,0,H,18,10,5,3,5,4,14,17,19:45,-1.0,2.03,1.83,2.03,1.88,1.63,4.0,6.0,1.6,3.9,5.54,1,2,0,0,1.6,3.9,6.0,1.62,3.8,5.75,,,,1.61,4.13,5.7,1.8,2.0,1.85,2.04,1.81,1.94,2025-26,Serie A,,,1810.99450684,1655.0690918,155.92541503999996,5.687524825416303,4.837228254349759,13.59298856114986,14.45328864911465,1.532,1.216,1.216,1.532,2.6,2.2,4.8,4.2,3.4,3.6,14.4,12.4,53.0,41.6,2.0,2.4,12.2,14.0,160.6,159.4
2026-01-10,Roma,Sassuolo,2,0,H,0,0,D,26,5,6,3,5,2,15,16,17:00,-1.0,1.93,1.93,1.96,1.94,1.57,4.2,6.5,1.54,3.97,6.3,2,2,0,0,1.53,4.0,6.5,1.57,4.0,6.0,,,,1.54,4.2,6.6,2.03,1.83,2.06,1.83,1.97,1.78,2025-26,Serie A,,,1804.98413086,1619.8326416,185.1514892600001,5.51227030618903,3.295159697736852,13.98480404356787,9.07538365435485,1.116,1.168,1.168,1.116,2.0,2.6,5.6,3.6,3.6,3.4,13.8,9.6,57.6,41.2,3.0,3.6,12.8,13.4,151.8,175.2
2026-01-10,Como,Bologna,1,1,D,0,0,D,12,7,3,2,4,2,14,3,14:00,-0.5,1.98,1.88,2.01,1.89,1.95,3.4,4.2,1.93,3.34,4.02,3,3,0,1,1.95,3.3,4.2,1.95,3.3,4.0,,,,2.0,3.34,4.24,2.1,1.73,2.11,1.79,2.07,1.71,2025-26,Serie A,,,,1733.75817871,,4.176020116505965,2.996702848699377,14.760294031951112,10.34201783188533,1.696,1.538,1.538,1.696,2.6,2.8,5.2,3.2,4.0,3.8,15.2,13.0,67.8,54.8,3.0,4.2,12.4,16.8,178.0,160.8
2026-01-10,Udinese,Pisa,2,2,D,2,1,H,11,14,2,7,3,8,13,16,14:00,-0.5,1.83,2.03,1.87,2.05,1.91,3.4,4.75,1.86,3.32,4.49,1,4,0,0,1.83,3.4,4.6,1.9,3.3,4.33,,,,1.85,3.41,4.91,2.3,1.62,2.33,1.66,2.27,1.59,2025-26,Serie A,,,1622.71777344,,,4.377122321578632,4.504953513183967,16.101079039542448,10.250876390794089,1.068,1.29,1.29,1.068,1.8,2.0,4.8,3.6,4.4,4.4,15.8,10.2,45.8,40.2,1.4,2.8,16.8,12.2,183.0,166.2
2026-01-11,Lecce,Parma,1,2,A,1,0,H,10,12,1,2,3,3,16,17,11:30,0.0,1.88,1.98,1.9,2.0,2.75,3.1,3.1,2.66,2.95,2.88,3,1,2,0,2.75,3.0,2.88,2.65,3.0,2.85,,,,2.8,2.98,2.94,2.63,1.5,2.68,1.49,2.58,1.47,2025-26,Serie A,,,1568.56738281,,,4.93282039059435,3.648811694986342,10.546168229432745,12.133553814393569,1.122,1.042,1.042,1.122,1.6,2.2,6.4,2.8,5.2,2.0,12.0,10.4,47.4,39.8,2.4,2.6,12.6,8.2,172.2,156.6
2026-01-11,Fiorentina,Milan,1,1,D,0,0,D,20,13,7,3,8,5,10,14,14:00,0.5,1.83,2.03,1.87,2.04,3.8,3.5,2.07,3.67,3.4,2.01,2,3,0,0,3.8,3.4,2.0,3.6,3.5,2.0,,,,3.89,3.5,2.03,2.03,1.83,2.05,1.85,1.96,1.79,2025-26,Serie A,,,1654.28503418,1819.93688965,-165.6518554700001,5.344496064623268,4.3191606406823535,18.57471534772148,11.5754487056156,1.802,1.322,1.322,1.802,3.0,2.2,5.6,3.8,4.4,3.4,17.6,10.2,59.4,48.6,2.4,4.0,11.0,7.8,156.6,130.2
2026-01-11,Verona,Lazio,0,1,A,0,0,D,10,11,2,2,2,1,12,7,17:00,0.25,1.88,1.98,1.88,2.03,3.45,3.1,2.4,3.35,2.99,2.31,2,1,0,0,3.4,3.0,2.35,3.3,3.1,2.3,,,,3.45,3.07,2.4,2.5,1.53,2.58,1.53,2.48,1.51,2025-26,Serie A,,,1573.41052246,1734.27722168,-160.86669921999987,4.304734523030701,3.9390444503919055,9.893622886012087,11.931851365742483,,0.77,0.77,,,2.2,,3.2,,3.0,,11.4,,53.6,,3.0,,11.4,,166.4
2026-01-11,Inter,Napoli,2,2,D,1,1,D,13,7,4,3,4,1,12,11,19:45,-0.75,1.95,1.9,1.99,1.92,1.77,3.6,5.25,1.73,3.54,4.91,0,1,0,0,1.7,3.5,5.25,1.75,3.6,4.8,,,,1.75,3.64,5.22,2.1,1.73,2.1,1.79,2.04,1.73,2025-26,Serie A,,,,1824.85424805,,7.280724949985798,5.947826251937968,16.657765644549812,13.73101206113975,1.99,1.348,1.348,1.99,4.4,2.2,7.4,5.0,6.6,4.0,15.8,10.8,57.2,56.6,2.4,2.0,16.0,11.6,143.4,162.6
2026-01-12,Genoa,Cagliari,3,0,H,1,0,H,11,15,7,3,2,3,17,20,17:30,-0.5,2.08,1.73,2.13,1.81,2.15,3.1,4.25,2.09,2.98,3.96,2,5,0,0,2.1,3.0,4.2,2.15,3.0,3.8,,,,2.12,2.97,4.44,2.63,1.5,2.6,1.52,2.57,1.47,2025-26,Serie A,,,1622.53625488,1605.10803223,17.428222649999952,3.2231132631068755,3.4194095402662343,10.283259791915814,12.44248579879283,1.13,0.8,0.8,1.13,1.8,1.6,2.8,3.4,6.4,2.8,9.6,8.6,45.6,40.4,3.0,5.2,11.8,15.4,140.0,152.6
2026-01-12,Juventus,Cremonese,5,0,H,3,0,H,18,9,11,2,4,5,16,8,19:45,-1.75,1.95,1.9,1.95,1.93,1.26,6.0,13.0,1.24,5.77,11.91,0,1,0,0,1.25,6.0,13.0,1.26,6.0,11.0,,,,1.25,6.33,11.48,1.67,2.2,1.65,2.29,1.65,2.17,2025-26,Serie A,,,1813.92858887,1582.83032227,231.09826660000024,6.068359303731679,3.3009230014856015,19.362017006444987,8.382244294239936,2.282,1.042,1.042,2.282,3.8,1.8,5.4,4.4,6.0,4.4,19.8,9.6,59.8,45.8,2.0,5.2,11.4,16.4,139.0,179.8
2026-01-14,Napoli,Parma,0,0,D,0,0,D,16,4,4,1,7,1,11,12,17:30,-1.5,2.0,1.85,2.05,1.86,1.35,5.25,12.5,1.31,4.98,10.2,1,3,0,0,1.3,5.25,10.5,1.34,5.25,8.75,,,,1.33,5.33,10.3,1.88,1.98,1.93,1.96,1.87,1.87,2025-26,Serie A,,,1828.88745117,,,6.156873462136142,3.432541129990895,12.467296398766411,12.08903587626238,1.328,1.042,1.042,1.328,2.2,2.2,5.2,2.8,4.4,2.0,11.2,10.4,50.4,39.8,1.6,2.6,11.6,8.2,148.0,156.6
2026-01-14,Inter,Lecce,1,0,H,0,0,D,21,10,7,1,11,3,11,14,19:45,-2.25,1.95,1.9,2.02,1.88,1.15,9.0,25.0,1.13,8.06,20.69,2,1,0,0,1.13,9.0,19.0,1.15,8.25,19.0,,,,1.14,9.03,20.01,1.5,2.63,1.5,2.67,1.49,2.52,2025-26,Serie A,,,,1559.77490234,,6.1871499666571985,3.4790848622808626,15.438510429699877,7.894794901260853,1.99,0.686,0.686,1.99,4.4,1.0,7.4,3.0,6.6,2.8,15.8,8.2,57.2,36.2,2.4,4.6,16.0,13.4,143.4,158.8
2026-01-15,Verona,Bologna,2,3,A,1,3,A,15,14,5,5,4,5,13,14,17:30,0.25,2.03,1.83,2.05,1.86,3.7,3.3,2.12,3.58,3.23,2.1,1,2,0,0,3.6,3.3,2.1,3.6,3.3,2.1,,,,3.68,3.32,2.17,2.3,1.62,2.3,1.67,2.24,1.61,2025-26,Serie A,,,1568.21862793,1734.66015625,-166.4415283200001,3.5364896820204677,2.664468565799585,9.92908192400806,9.228011887923554,,1.538,1.538,,,2.8,,3.2,,3.8,,13.0,,54.8,,4.2,,16.8,,160.8
2026-01-15,Como,Milan,1,3,A,1,1,D,18,7,8,4,8,4,7,5,19:45,0.0,2.1,1.78,2.12,1.81,2.9,3.33,2.54,2.86,3.22,2.47,1,0,0,0,2.9,3.25,2.5,2.85,3.25,2.5,,,,2.99,3.27,2.55,2.0,1.8,2.1,1.79,2.03,1.74,2025-26,Serie A,,,,1816.54406738,,4.11734674433731,4.546107093788236,13.840196021300743,12.050299137077069,1.696,1.322,1.322,1.696,2.6,2.2,5.2,3.8,4.0,3.4,15.2,10.2,67.8,48.6,3.0,4.0,12.4,7.8,178.0,130.2
2026-01-16,Pisa,Atalanta,1,1,D,0,0,D,14,9,6,4,10,1,12,11,19:45,1.0,1.93,1.93,,,6.5,4.1,1.6,6.08,3.98,1.55,1,2,0,0,6.5,3.9,1.55,5.75,3.9,1.6,,,,,,,1.85,2.0,,,1.86,1.89,2025-26,Serie A,,,,1816.09460449,,2.752679977645685,6.2258510107235,10.29121576995377,12.59978374964717,1.148,1.042,1.042,1.148,2.2,1.2,3.8,6.4,8.4,5.0,11.0,13.4,43.6,63.0,3.2,3.6,13.0,11.4,191.8,159.4
2026-01-17,Cagliari,Juventus,1,0,H,0,0,D,3,21,1,5,1,18,16,12,19:45,1.0,1.95,1.9,,,7.0,4.2,1.53,6.65,4.03,1.5,0,1,0,0,6.25,4.2,1.5,6.5,4.1,1.51,,,,,,,2.0,1.8,,,2.02,1.74,2025-26,Serie A,,,1593.71350098,1819.40637207,-225.69287109000015,4.491838104339795,4.688557441205296,10.04985356535184,14.341500570471396,1.046,1.448,1.448,1.046,1.6,2.2,4.2,3.6,4.6,1.6,10.8,13.0,49.6,53.2,2.4,1.8,17.0,14.0,184.8,161.2
2026-01-17,Napoli,Sassuolo,1,0,H,1,0,H,11,21,4,4,5,4,10,11,17:00,-1.25,2.05,1.75,,,1.48,4.6,8.0,1.44,4.26,7.48,0,3,0,0,1.48,4.33,7.5,1.46,4.2,7.5,,,,,,,2.03,1.83,,,1.97,1.78,2025-26,Serie A,,,1822.35681152,1615.45007324,206.90673828000013,6.437915641424095,2.8634397984912345,13.644864265844276,7.716922436236567,1.328,1.168,1.168,1.328,2.2,2.6,5.2,3.6,4.4,3.4,11.2,9.6,50.4,41.2,1.6,3.6,11.6,13.4,148.0,175.2
2026-01-17,Udinese,Inter,0,1,A,0,1,A,5,14,1,5,2,5,17,11,14:00,1.25,1.88,1.98,,,8.0,4.8,1.45,7.18,4.61,1.41,0,1,0,0,7.0,4.75,1.42,6.75,4.75,1.44,,,,,,,1.73,2.1,,,1.71,2.06,2025-26,Serie A,,,1618.97705078,,,3.918081547719088,5.193529767288914,14.400719359694966,19.376907421305862,1.068,1.486,1.486,1.068,1.8,2.8,4.8,6.2,4.4,6.8,15.8,16.6,45.8,61.8,1.4,1.0,16.8,12.2,183.0,163.8
2026-01-18,Parma,Genoa,0,0,D,0,0,D,14,11,2,3,7,3,13,18,11:30,0.0,1.9,1.95,,,2.9,2.87,3.0,2.83,2.74,2.87,3,2,0,0,2.9,2.55,3.0,2.8,2.87,2.8,,,,,,,2.63,1.5,,,2.52,1.49,2025-26,Serie A,,,,1633.93078613,,3.1281905739976263,1.8909989002402328,10.812231097029802,9.797357933522434,1.076,1.472,1.472,1.076,1.6,2.8,3.8,2.6,4.6,4.8,14.0,12.4,43.6,42.2,3.2,4.0,12.0,12.6,168.4,155.8
2026-01-18,Bologna,Fiorentina,1,2,A,0,2,A,18,11,3,4,7,1,14,13,14:00,-0.25,1.88,1.98,,,2.2,3.4,3.6,2.14,3.3,3.41,3,0,0,0,2.2,3.3,3.4,2.15,3.3,3.4,,,,,,,2.0,1.85,,,1.97,1.79,2025-26,Serie A,,,1739.72387695,1657.67785645,82.04602049999994,5.178339498360798,3.6766187181957206,14.44006595669854,12.40086563271818,1.1,1.26,1.26,1.1,1.8,2.0,5.2,4.8,6.4,5.0,15.6,12.8,57.2,53.0,2.2,3.8,13.2,14.2,174.2,155.8
2026-01-18,Torino,Roma,0,2,A,0,1,A,8,14,4,5,2,1,13,9,17:00,0.25,2.03,1.83,,,3.75,3.3,2.2,3.53,3.18,2.13,2,1,0,0,3.75,3.1,2.15,3.4,3.2,2.2,,,,,,,2.2,1.67,,,2.2,1.63,2025-26,Serie A,,,1649.96887207,1809.36682129,-159.39794921999987,4.273874318714936,3.6146054053530694,13.376855072084712,10.981873104681243,1.186,1.286,1.286,1.186,2.4,1.2,4.2,4.6,4.8,3.8,14.0,12.4,47.4,56.0,2.0,5.0,14.0,14.6,170.2,151.4
2026-01-18,Milan,Lecce,1,0,H,0,0,D,20,4,6,0,10,2,9,11,19:45,-1.5,1.93,1.93,,,1.3,5.5,13.0,1.27,5.21,11.59,1,1,0,0,1.29,5.0,13.0,1.3,5.5,10.5,,,,,,,1.91,1.91,,,1.85,1.9,2025-26,Serie A,,,1826.22375488,1558.63452148,267.5892333999998,7.713093665553099,3.319389908187242,19.801221832348272,8.596529934173901,2.042,0.686,0.686,2.042,3.6,1.0,5.6,3.0,5.0,2.8,15.4,8.2,52.4,36.2,2.6,4.6,9.4,13.4,153.8,158.8
2026-01-19,Cremonese,Verona,0,0,D,0,0,D,7,11,1,4,3,6,13,13,17:30,-0.25,2.15,1.68,,,2.63,3.1,3.1,2.49,2.99,3.03,3,0,0,0,2.63,2.9,3.1,2.5,3.1,3.0,,,,,,,2.38,1.57,,,2.35,1.55,2025-26,Serie A,,,1577.35253906,1563.15490723,14.197631830000091,2.49757267354277,2.4777218722714256,9.676214391330388,10.80656237506902,1.018,,,1.018,2.0,,2.6,,2.8,,8.8,,46.4,,3.6,,11.2,,189.4,
2026-01-19,Lazio,Como,0,3,A,0,2,A,8,11,4,6,3,2,14,9,19:45,0.0,1.83,2.03,,,2.75,3.1,3.0,2.65,2.94,2.87,4,3,0,0,2.7,2.9,3.0,2.65,3.0,2.85,,,,,,,2.38,1.57,,,2.34,1.56,2025-26,Serie A,,,1739.46911621,,,5.449100905922906,4.523455971431439,12.353558098937196,13.61929696192194,0.912,1.416,1.416,0.912,1.0,2.6,5.4,3.8,4.4,4.0,11.2,13.6,51.4,57.4,2.8,4.0,10.4,14.0,171.0,155.6
2026-01-23,Inter,Pisa,6,2,H,3,2,H,34,8,14,3,7,5,8,11,19:45,-2.0,1.93,1.93,,,1.2,7.5,20.0,1.17,7.18,15.69,2,3,0,0,1.18,7.5,15.0,1.2,7.25,13.5,,,,,,,1.5,2.63,,,1.49,2.51,2025-26,Serie A,,,,,,7.7914333111048,5.6699690087893115,17.292340286466583,11.500584260529394,1.99,1.29,1.29,1.99,4.4,2.0,7.4,3.6,6.6,4.4,15.8,10.2,57.2,40.2,2.4,2.8,16.0,12.2,143.4,166.2
2026-01-24,Como,Torino,6,0,H,2,0,H,17,7,7,1,2,1,9,15,14:00,-0.75,1.83,2.03,,,1.66,3.8,6.0,1.63,3.72,5.51,0,1,0,0,1.62,3.75,6.0,1.65,3.8,5.25,,,,,,,2.1,1.73,,,2.02,1.74,2025-26,Serie A,,,,1636.88220215,,5.411564496224874,4.558152169566506,15.22679734753383,12.96885909940977,1.696,1.216,1.216,1.696,2.6,2.2,5.2,4.2,4.0,3.6,15.2,12.4,67.8,41.6,3.0,2.4,12.4,14.0,178.0,159.4
2026-01-24,Fiorentina,Cagliari,1,2,A,0,1,A,15,10,3,6,8,3,11,17,17:00,-0.75,1.8,2.05,,,1.66,4.0,5.75,1.62,3.81,5.44,2,3,0,0,1.62,3.8,5.75,1.63,3.8,5.5,,,,,,,2.0,1.8,,,1.96,1.79,2025-26,Serie A,,,1663.25537109,1600.89660645,62.35876463999989,6.229664043082179,3.27960636017749,19.04981023181432,13.294990532528557,1.802,0.8,0.8,1.802,3.0,1.6,5.6,3.4,4.4,2.8,17.6,8.6,59.4,40.4,2.4,5.2,11.0,15.4,156.6,152.6
2026-01-24,Lecce,Lazio,0,0,D,0,0,D,15,6,2,1,4,1,16,6,19:45,0.25,2.05,1.8,,,4.0,3.1,2.16,3.91,3.02,2.11,2,1,0,0,4.0,3.0,2.1,3.9,3.1,2.1,,,,,,,2.63,1.5,,,2.61,1.47,2025-26,Serie A,,,1550.93444824,1716.85327148,-165.91882324000017,4.2885469270629,2.9593629669279373,10.364112152955164,11.621234243828324,1.122,0.77,0.77,1.122,1.6,2.2,6.4,3.2,5.2,3.0,12.0,11.4,47.4,53.6,2.4,3.0,12.6,11.4,172.2,166.4
2026-01-25,Roma,Milan,1,1,D,0,0,D,15,5,7,2,5,3,15,11,19:45,0.0,1.85,2.0,,,2.7,3.1,3.0,2.62,3.0,2.87,0,4,0,0,2.63,3.1,2.88,2.65,3.1,2.8,,,,,,,2.2,1.67,,,2.17,1.65,2025-26,Serie A,,,1817.51159668,1822.61804199,-5.106445310000026,5.341513537459353,4.364071395858824,17.98986936237858,10.366866091384711,1.116,1.322,1.322,1.116,2.0,2.2,5.6,3.8,3.6,3.4,13.8,10.2,57.6,48.6,3.0,4.0,12.8,7.8,151.8,130.2
2026-01-25,Juventus,Napoli,3,0,H,1,0,H,12,9,6,1,2,2,21,11,17:00,-0.5,2.05,1.8,,,2.1,3.2,4.1,2.06,3.08,3.9,1,2,0,0,2.05,3.2,4.0,2.1,3.1,3.7,,,,,,,2.63,1.5,,,2.53,1.49,2025-26,Serie A,,,1809.66516113,1815.57177734,-5.906616210000038,5.378906202487786,4.2985508346253125,18.908011337629993,11.48734137409317,2.282,1.348,1.348,2.282,3.8,2.2,5.4,5.0,6.0,4.0,19.8,10.8,59.8,56.6,2.0,2.0,11.4,11.6,139.0,162.6
2026-01-25,Genoa,Bologna,3,2,H,0,1,A,8,13,6,3,5,2,14,17,14:00,0.0,2.1,1.78,,,3.1,3.1,2.65,2.93,3.0,2.56,2,2,0,1,3.0,3.0,2.6,2.9,3.1,2.5,,,,,,,2.38,1.57,,,2.38,1.55,2025-26,Serie A,,,1628.72192383,1716.43835449,-87.71643066000001,2.81540884207125,3.44297904386639,10.522173194610543,10.818674591949035,1.13,1.538,1.538,1.13,1.8,2.8,2.8,3.2,6.4,3.8,9.6,13.0,45.6,54.8,3.0,4.2,11.8,16.8,140.0,160.8
2026-01-25,Atalanta,Parma,4,0,H,2,0,H,21,15,9,2,6,9,14,8,14:00,-1.25,1.95,1.9,,,1.43,4.75,8.5,1.4,4.54,7.65,1,0,0,0,1.42,4.5,7.5,1.43,4.6,7.0,,,,,,,1.73,2.1,,,1.71,2.08,2025-26,Serie A,,,1791.26306152,,,5.458349883610869,2.621694086660597,15.061992374099908,9.392690584174922,1.532,1.042,1.042,1.532,2.6,2.2,4.8,2.8,3.4,2.0,14.4,10.4,53.0,39.8,2.0,2.6,12.2,8.2,160.6,156.6
2026-01-25,Sassuolo,Cremonese,1,0,H,1,0,H,13,10,7,4,3,5,13,14,11:30,-0.5,1.93,1.93,,,1.95,3.4,4.25,1.91,3.31,4.13,1,2,0,0,1.91,3.4,4.2,1.93,3.3,4.1,,,,,,,2.2,1.67,,,2.11,1.69,2025-26,Serie A,,,1607.06933594,1570.16967773,36.89965820999987,4.328803709841126,3.867282000990401,9.992062115344556,8.588162862826625,1.04,1.042,1.042,1.04,2.0,1.8,4.2,4.4,5.4,4.4,13.2,9.6,54.0,45.8,2.2,5.2,13.0,16.4,169.8,179.8
2026-01-26,Verona,Udinese,1,3,A,1,1,D,7,20,4,7,3,8,8,11,19:45,0.0,1.93,1.93,,,2.8,3.2,2.82,2.72,2.99,2.75,2,0,0,0,2.8,3.0,2.8,2.65,3.2,2.7,,,,,,,2.63,1.5,,,2.49,1.51,2025-26,Serie A,,,1559.03186035,1610.81811523,-51.786254880000115,3.6909931213469784,4.748465141917546,11.619387949338709,8.791914942489559,,0.922,0.922,,,1.4,,4.6,,3.2,,9.2,,41.8,,3.2,,13.8,,185.2
2026-01-30,Lazio,Genoa,3,2,H,0,0,D,14,16,4,4,5,3,12,12,19:45,-0.25,1.85,2.0,,,2.2,3.0,4.25,2.14,2.93,3.94,2,3,0,0,2.2,2.88,4.0,2.15,2.95,4.0,,,,,,,3.0,1.4,,,2.77,1.42,2025-26,Serie A,,,1712.12561035,1636.84033203,75.28527832000009,4.632733937281937,2.2606659334934887,10.902372065958131,10.19823862234829,0.912,1.472,1.472,0.912,1.0,2.8,5.4,2.6,4.4,4.8,11.2,12.4,51.4,42.2,2.8,4.0,10.4,12.6,171.0,155.8
2026-01-31,Pisa,Sassuolo,1,3,A,0,2,A,15,21,6,5,2,5,13,8,14:00,0.0,2.05,1.8,,,3.0,3.2,2.7,2.85,3.06,2.59,3,3,0,0,2.9,3.1,2.55,2.8,3.1,2.6,,,,,,,2.2,1.67,,,2.2,1.64,2025-26,Serie A,,,,1611.95166016,,5.168453318430457,3.2422931989941564,11.52747717996918,12.144614957491044,1.148,1.168,1.168,1.148,2.2,2.6,3.8,3.6,8.4,3.4,11.0,9.6,43.6,41.2,3.2,3.6,13.0,13.4,191.8,175.2
2026-01-31,Napoli,Fiorentina,2,1,H,1,0,H,19,15,6,5,4,4,21,13,17:00,-0.75,2.05,1.8,,,1.83,3.7,5.33,1.78,3.46,4.78,1,1,0,0,1.8,3.4,5.0,1.77,3.7,4.5,,,,,,,2.0,1.8,,,2.0,1.77,2025-26,Serie A,,,1793.74023438,1651.20983887,142.53039550999983,5.958610427616064,2.7844124787971474,12.763242843896183,11.93391042181212,1.328,1.26,1.26,1.328,2.2,2.0,5.2,4.8,4.4,5.0,11.2,12.8,50.4,53.0,1.6,3.8,11.6,14.2,148.0,155.8
2026-01-31,Cagliari,Verona,4,0,H,2,0,H,13,9,7,3,6,3,9,14,19:45,-0.25,1.85,2.0,,,2.2,3.13,4.0,2.18,2.99,3.71,0,2,0,1,2.2,3.0,3.8,2.2,3.0,3.6,,,,,,,2.5,1.53,,,2.49,1.51,2025-26,Serie A,,,1610.46594238,1546.74536133,63.72058104999997,3.327892069559864,3.651814581514284,7.699902376901228,10.871041583379348,1.046,,,1.046,1.6,,4.2,,4.6,,10.8,,49.6,,2.4,,17.0,,184.8,
2026-02-01,Torino,Lecce,1,0,H,1,0,H,17,14,5,2,3,8,14,12,11:30,-0.5,1.98,1.88,,,2.0,3.13,4.75,1.95,3.05,4.43,2,2,0,0,1.95,3.1,4.5,1.95,3.1,4.5,,,,,,,2.63,1.5,,,2.52,1.5,2025-26,Serie A,,,1623.32495117,1553.18591309,70.13903808000009,3.515916212476625,2.8795932721248283,11.584570048056475,7.064353289449268,1.186,0.686,0.686,1.186,2.4,1.0,4.2,3.0,4.8,2.8,14.0,8.2,47.4,36.2,2.0,4.6,14.0,13.4,170.2,158.8
2026-02-01,Como,Atalanta,0,0,D,0,0,D,28,6,9,2,7,1,9,11,14:00,-0.25,2.03,1.83,,,2.38,3.4,3.2,2.32,3.27,3.06,4,3,0,1,2.35,3.25,3.2,2.25,3.4,3.1,,,,,,,1.91,1.91,,,1.91,1.85,2025-26,Serie A,,,,1787.92016602,,4.274376330816583,4.483900673815667,15.817864898355888,11.399855833098114,1.696,1.042,1.042,1.696,2.6,1.2,5.2,6.4,4.0,5.0,15.2,13.4,67.8,63.0,3.0,3.6,12.4,11.4,178.0,159.4
2026-02-01,Cremonese,Inter,0,2,A,0,2,A,9,15,3,4,1,6,19,14,17:00,1.5,1.98,1.88,,,11.0,5.8,1.31,10.14,5.38,1.28,3,0,0,0,11.0,5.0,1.3,9.5,5.5,1.31,,,,,,,1.67,2.2,,,1.63,2.2,2025-26,Serie A,,,1562.81115723,,,2.6650484490285136,5.129019844859276,8.784142927553592,17.584604947537244,1.018,1.486,1.486,1.018,2.0,2.8,2.6,6.2,2.8,6.8,8.8,16.6,46.4,61.8,3.6,1.0,11.2,12.2,189.4,163.8
2026-02-01,Parma,Juventus,1,4,A,0,2,A,10,15,4,8,5,3,10,13,19:45,1.0,2.08,1.73,,,7.5,4.5,1.5,7.14,4.3,1.44,1,3,0,0,7.5,4.33,1.45,6.5,4.2,1.5,,,,,,,1.91,1.91,,,1.91,1.84,2025-26,Serie A,,,,1819.59423828,,4.418793715998417,9.125704960803532,11.874820731353202,16.561000380314265,1.076,1.448,1.448,1.076,1.6,2.2,3.8,3.6,4.6,1.6,14.0,13.0,43.6,53.2,3.2,1.8,12.0,14.0,168.4,161.2
2026-02-02,Udinese,Roma,1,0,H,0,0,D,8,10,4,3,4,7,18,17,19:45,0.5,1.95,1.9,,,4.35,3.4,2.0,4.11,3.32,1.91,5,4,0,0,4.33,3.4,1.91,3.9,3.25,2.0,,,,,,,2.2,1.67,,,2.17,1.65,2025-26,Serie A,,,1620.62841797,1810.52856445,-189.90014647999988,3.278721031812726,2.74307027023538,11.267146239796643,11.98791540312083,1.068,1.286,1.286,1.068,1.8,1.2,4.8,4.6,4.4,3.8,15.8,12.4,45.8,56.0,1.4,5.0,16.8,14.6,183.0,151.4
2026-02-03,Bologna,Milan,0,3,A,0,2,A,13,10,2,3,5,0,14,10,19:45,0.0,2.05,1.8,,,3.0,3.25,2.6,2.94,3.12,2.5,3,0,0,0,2.9,3.25,2.5,2.9,3.2,2.5,,,,,,,2.1,1.73,,,2.1,1.69,2025-26,Serie A,,,1711.93200684,1822.3762207,-110.44421386,5.7855596655738655,3.9093809305725498,15.626710637799029,8.577910727589808,1.1,1.322,1.322,1.1,1.8,2.2,5.2,3.8,6.4,3.4,15.6,10.2,57.2,48.6,2.2,4.0,13.2,7.8,174.2,130.2
2026-02-06,Verona,Pisa,0,0,D,0,0,D,4,11,0,3,8,4,13,16,19:45,-0.25,2.15,1.68,,,2.6,3.1,3.25,2.49,2.97,3.1,1,2,0,0,2.55,3.0,3.0,2.45,3.0,3.1,,,,,,,2.38,1.57,,,2.37,1.55,2025-26,Serie A,,,1535.74230957,,,3.4606620808979858,5.446646005859542,10.079591966225806,10.33372284035293,,1.29,1.29,,,2.0,,3.6,,4.4,,10.2,,40.2,,2.8,,12.2,,166.2
2026-02-07,Fiorentina,Torino,2,2,D,0,1,A,21,12,5,4,9,4,6,23,19:45,-0.75,1.98,1.88,,,1.8,3.75,4.9,1.75,3.63,4.7,2,5,0,0,1.75,3.75,4.75,1.77,3.6,4.6,,,,,,,1.93,1.93,,,1.9,1.86,2025-26,Serie A,,,1647.40991211,1628.74987793,18.66003418000014,6.819776028721453,3.3721014463776715,17.699873487876214,10.979239399606511,1.802,1.216,1.216,1.802,3.0,2.2,5.6,4.2,4.4,3.6,17.6,12.4,59.4,41.6,2.4,2.4,11.0,14.0,156.6,159.4
2026-02-07,Genoa,Napoli,2,3,A,1,2,A,12,14,3,5,4,3,16,12,17:00,0.5,1.9,1.95,,,4.6,3.3,1.95,4.42,3.21,1.91,2,4,0,1,4.5,3.2,1.95,4.33,3.3,1.9,,,,,,,2.63,1.5,,,2.52,1.5,2025-26,Serie A,,,1631.53295898,1797.54016113,-166.00720214999978,3.543605894714167,3.5323672230835417,9.681448796407029,10.65822758272878,1.13,1.348,1.348,1.13,1.8,2.2,2.8,5.0,6.4,4.0,9.6,10.8,45.6,56.6,3.0,2.0,11.8,11.6,140.0,162.6
2026-02-08,Bologna,Parma,0,1,A,0,0,D,16,5,2,1,4,5,10,14,11:30,-1.0,2.1,1.78,,,1.62,4.1,6.0,1.59,3.91,5.63,1,3,1,1,1.6,3.9,5.75,1.6,4.0,5.75,,,,,,,2.03,1.83,,,1.95,1.8,2025-26,Serie A,,,1700.98901367,,,5.523706443715911,4.747796057773732,14.751140425199353,11.26179372278328,1.1,1.042,1.042,1.1,1.8,2.2,5.2,2.8,6.4,2.0,15.6,10.4,57.2,39.8,2.2,2.6,13.2,8.2,174.2,156.6
2026-02-08,Lecce,Udinese,2,1,H,1,1,D,16,6,5,1,7,0,9,21,14:00,0.0,2.1,1.78,,,3.1,3.0,2.75,3.04,2.86,2.59,1,2,0,0,3.1,2.88,2.63,3.1,2.87,2.55,,,,,,,2.75,1.44,,,2.75,1.42,2025-26,Serie A,,,1547.76098633,1632.56469727,-84.80371093999997,4.192364618041934,5.832310094611698,11.90940810197011,12.52794329499304,1.122,0.922,0.922,1.122,1.6,1.4,6.4,4.6,5.2,3.2,12.0,9.2,47.4,41.8,2.4,3.2,12.6,13.8,172.2,185.2
2026-02-08,Sassuolo,Inter,0,5,A,0,2,A,7,23,2,11,5,6,6,10,17:00,1.25,1.83,2.03,,,7.5,4.6,1.48,6.87,4.42,1.44,2,1,1,0,7.5,4.5,1.44,6.5,4.5,1.47,,,,,,,1.8,2.0,,,1.76,2.01,2025-26,Serie A,,,1621.72827148,,,3.885869139894084,5.419346563239518,10.994708076896371,16.72306996502483,1.04,1.486,1.486,1.04,2.0,2.8,4.2,6.2,5.4,6.8,13.2,16.6,54.0,61.8,2.2,1.0,13.0,12.2,169.8,163.8
2026-02-08,Juventus,Lazio,2,2,D,0,1,A,34,9,8,2,8,1,10,4,19:45,-1.0,1.8,2.05,,,1.48,4.33,8.0,1.45,4.09,7.57,0,2,0,0,1.48,4.2,7.5,1.47,4.1,7.25,,,,,,,2.1,1.73,,,2.1,1.7,2025-26,Serie A,,,1826.46862793,1717.4329834,109.0356445299999,4.252604134991858,2.3062419779519585,16.60534089175333,9.74748949588555,2.282,0.77,0.77,2.282,3.8,2.2,5.4,3.2,6.0,3.0,19.8,11.4,59.8,53.6,2.0,3.0,11.4,11.4,139.0,166.4
2026-02-09,Atalanta,Cremonese,2,1,H,2,0,H,29,12,9,2,13,2,11,11,17:30,-1.25,1.83,2.03,,,1.39,5.1,9.0,1.34,4.88,8.42,2,0,0,0,1.36,5.0,8.5,1.39,5.0,7.5,,,,,,,1.73,2.1,,,1.68,2.13,2025-26,Serie A,,,1787.71850586,1560.19360352,227.52490234000015,5.638899922407246,4.244854667326934,17.04132824939994,9.058775241884415,1.532,1.042,1.042,1.532,2.6,1.8,4.8,4.4,3.4,4.4,14.4,9.6,53.0,45.8,2.0,5.2,12.2,16.4,160.6,179.8
2026-02-09,Roma,Cagliari,2,0,H,1,0,H,15,3,5,1,7,1,18,14,19:45,-1.0,1.83,2.03,,,1.5,4.35,8.5,1.45,4.08,7.68,2,4,0,0,1.48,4.1,7.5,1.49,4.1,7.0,,,,,,,2.1,1.73,,,2.01,1.75,2025-26,Serie A,,,1798.59228516,1621.46911621,177.12316895000004,5.227675691639569,3.186404240118327,16.993246241585723,12.196660355019038,1.116,0.8,0.8,1.116,2.0,1.6,5.6,3.4,3.6,2.8,13.8,8.6,57.6,40.4,3.0,5.2,12.8,15.4,151.8,152.6
2026-02-13,Pisa,Milan,1,2,A,0,1,A,7,7,2,2,3,1,14,9,19:45,1.0,2.0,1.85,,,7.5,4.33,1.52,6.42,4.21,1.49,1,3,0,1,6.5,4.2,1.5,6.5,4.2,1.5,,,,,,,1.93,1.93,,,1.87,1.89,2025-26,Serie A,,,,1833.31921387,,4.112302212286972,2.6062539537150333,12.68498478664612,9.051940485059871,1.148,1.322,1.322,1.148,2.2,2.2,3.8,3.8,8.4,3.4,11.0,10.2,43.6,48.6,3.2,4.0,13.0,7.8,191.8,130.2
2026-02-14,Como,Fiorentina,1,2,A,0,1,A,16,7,3,3,4,2,14,12,14:00,-0.75,1.93,1.93,,,1.76,4.0,4.75,1.72,3.77,4.55,4,2,1,0,1.73,3.75,4.75,1.73,3.8,4.6,,,,,,,1.8,2.0,,,1.79,1.96,2025-26,Serie A,,,,1645.61450195,,5.182917553877722,3.1896083191980984,19.878576598903926,12.95594028120808,1.696,1.26,1.26,1.696,2.6,2.0,5.2,4.8,4.0,5.0,15.2,12.8,67.8,53.0,3.0,3.8,12.4,14.2,178.0,155.8
2026-02-14,Lazio,Atalanta,0,2,A,0,1,A,18,12,5,5,5,4,10,16,17:00,0.25,2.0,1.85,,,3.66,3.33,2.2,3.46,3.26,2.13,1,4,0,0,3.5,3.25,2.15,3.4,3.25,2.2,,,,,,,2.1,1.73,,,2.05,1.72,2025-26,Serie A,,,1721.56140137,1790.18835449,-68.62695311999983,4.7551559581879586,3.322600449210445,11.934914710638754,9.599903888732076,0.912,1.042,1.042,0.912,1.0,1.2,5.4,6.4,4.4,5.0,11.2,13.4,51.4,63.0,2.8,3.6,10.4,11.4,171.0,159.4
2026-02-14,Inter,Juventus,3,2,H,1,1,D,21,11,9,8,4,1,15,7,19:45,-0.5,1.93,1.93,,,2.0,3.5,4.1,1.94,3.41,3.92,4,2,0,1,1.95,3.4,4.1,2.0,3.4,3.75,,,,,,,1.98,1.88,,,1.93,1.83,2025-26,Serie A,,,,1822.34020996,,7.5276222074032,7.083803307202355,22.86156019097772,16.04066692020951,1.99,1.448,1.448,1.99,4.4,2.2,7.4,3.6,6.6,1.6,15.8,13.0,57.2,53.2,2.4,1.8,16.0,14.0,143.4,161.2
2026-02-15,Napoli,Roma,2,2,D,1,1,D,11,9,7,2,2,1,14,14,19:45,-0.25,1.98,1.88,,,2.32,3.2,3.6,2.27,3.0,3.43,1,1,0,0,2.3,3.0,3.5,2.25,3.2,3.3,,,,,,,2.5,1.53,,,2.45,1.51,2025-26,Serie A,,,1802.6505127,1803.15795898,-0.5074462800000674,5.305740285077376,4.1620468468235865,14.84216189593079,11.325276935413887,1.328,1.286,1.286,1.328,2.2,1.2,5.2,4.6,4.4,3.8,11.2,12.4,50.4,56.0,1.6,5.0,11.6,14.6,148.0,151.4
2026-02-15,Torino,Bologna,1,2,A,0,0,D,7,14,2,6,4,2,14,10,17:00,0.25,1.85,2.0,,,3.3,3.3,2.38,3.18,3.23,2.27,3,1,0,0,3.3,3.25,2.25,3.2,3.3,2.25,,,,,,,2.1,1.73,,,2.02,1.74,2025-26,Serie A,,,1630.54528809,1688.95690918,-58.411621089999926,3.3439441416510833,2.96198602924426,13.389713365370984,11.54578306129936,1.186,1.538,1.538,1.186,2.4,2.8,4.2,3.2,4.8,3.8,14.0,13.0,47.4,54.8,2.0,4.2,14.0,16.8,170.2,160.8
2026-02-15,Parma,Verona,2,1,H,1,1,D,27,4,8,1,12,1,7,14,14:00,-0.25,1.98,1.88,,,2.4,3.0,3.5,2.33,2.94,3.38,2,1,0,1,2.3,3.0,3.5,2.37,3.0,3.25,,,,,,,2.5,1.53,,,2.47,1.52,2025-26,Serie A,,,,1533.97619629,,4.612529143998945,3.434543054342856,11.249880487568802,10.247361055586232,1.076,,,1.076,1.6,,3.8,,4.6,,14.0,,43.6,,3.2,,12.0,,168.4,
2026-02-15,Udinese,Sassuolo,1,2,A,1,0,H,8,10,2,3,7,6,14,14,11:30,-0.25,2.03,1.83,,,2.45,3.13,3.5,2.37,2.98,3.26,3,3,0,0,2.4,3.0,3.3,2.35,3.1,3.2,,,,,,,2.2,1.67,,,2.22,1.62,2025-26,Serie A,,,1623.22961426,1616.17126465,7.05834961000005,3.5191473545418175,3.828195465996104,10.178097493197765,15.096409971660698,1.068,1.168,1.168,1.068,1.8,2.6,4.8,3.6,4.4,3.4,15.8,9.6,45.8,41.2,1.4,3.6,16.8,13.4,183.0,175.2
2026-02-15,Cremonese,Genoa,0,0,D,0,0,D,19,19,8,6,6,11,10,12,14:00,0.25,1.78,2.1,,,3.2,3.1,2.54,3.11,2.96,2.46,2,0,0,0,3.2,3.0,2.45,3.1,3.1,2.4,,,,,,,2.63,1.5,,,2.52,1.5,2025-26,Serie A,,,1557.72375488,1626.42260742,-68.69885254000019,2.110032299352343,2.5071106223289927,8.856095285035728,12.132159081565527,1.018,1.472,1.472,1.018,2.0,2.8,2.6,2.6,2.8,4.8,8.8,12.4,46.4,42.2,3.6,4.0,11.2,12.6,189.4,155.8
2026-02-16,Cagliari,Lecce,0,2,A,0,0,D,11,13,0,4,8,2,16,14,19:45,-0.25,1.83,2.03,,,2.2,3.1,3.9,2.15,3.0,3.73,0,0,0,0,2.2,3.0,3.75,2.15,3.1,3.7,,,,,,,2.63,1.5,,,2.57,1.47,2025-26,Serie A,,,1616.90344238,1557.09594727,59.80749510999999,4.218594713039909,4.586395514749886,9.46660158460082,9.376235526299512,1.046,0.686,0.686,1.046,1.6,1.0,4.2,3.0,4.6,2.8,10.8,8.2,49.6,36.2,2.4,4.6,17.0,13.4,184.8,158.8
2026-02-18,Milan,Como,1,1,D,0,1,A,6,10,4,4,4,4,11,12,19:45,-0.25,1.95,1.9,,,2.3,3.4,3.33,2.25,3.3,3.16,2,3,0,0,2.25,3.3,3.25,2.25,3.3,3.1,,,,,,,2.0,1.85,,,1.92,1.83,2025-26,Serie A,,,1829.13244629,,,8.475395777035398,3.682303980954293,19.867481221565516,12.746197974614628,2.042,1.416,1.416,2.042,3.6,2.6,5.6,3.8,5.0,4.0,15.4,13.6,52.4,57.4,2.6,4.0,9.4,14.0,153.8,155.6
2026-02-20,Sassuolo,Verona,3,0,H,2,0,H,8,12,4,1,6,5,12,14,19:45,-0.75,2.0,1.85,,,1.78,3.5,5.4,1.74,3.39,5.12,2,3,0,1,1.75,3.3,5.25,1.75,3.4,5.25,,,,,,,2.2,1.67,,,2.22,1.62,2025-26,Serie A,,,1619.40905762,1522.42175293,96.9873046900002,4.257246093262723,2.6230287028952377,9.663138717930916,8.164907370390823,1.04,,,1.04,2.0,,4.2,,5.4,,13.2,,54.0,,2.2,,13.0,,169.8,
2026-02-21,Juventus,Como,0,2,A,0,1,A,11,11,3,2,7,2,10,15,14:00,-0.25,1.75,2.05,,,2.1,3.5,3.7,2.05,3.4,3.56,1,0,0,0,2.0,3.4,3.7,2.05,3.5,3.5,,,,,,,2.0,1.8,,,1.98,1.78,2025-26,Serie A,,,1796.21008301,,,5.501736089994573,3.788202653969528,22.403560594502217,11.830798649743087,2.282,1.416,1.416,2.282,3.8,2.6,5.4,3.8,6.0,4.0,19.8,13.6,59.8,57.4,2.0,4.0,11.4,14.0,139.0,155.6
2026-02-21,Lecce,Inter,0,2,A,0,0,D,3,24,0,9,2,10,10,8,17:00,1.25,1.73,2.08,,,9.2,4.33,1.48,8.06,4.22,1.42,1,2,0,0,7.0,4.33,1.48,7.25,4.33,1.46,,,,,,,2.1,1.73,,,2.03,1.73,2025-26,Serie A,,,1566.48168945,,,5.128243078694622,5.612897708826345,13.27293873464674,18.81537997668322,1.122,1.486,1.486,1.122,1.6,2.8,6.4,6.2,5.2,6.8,12.0,16.6,47.4,61.8,2.4,1.0,12.6,12.2,172.2,163.8
2026-02-21,Cagliari,Lazio,0,0,D,0,0,D,11,10,2,3,3,6,12,15,19:45,0.25,1.88,1.98,,,3.4,3.2,2.37,3.3,3.05,2.3,3,2,1,0,3.4,3.0,2.35,3.2,3.1,2.35,,,,,,,2.38,1.57,,,2.33,1.56,2025-26,Serie A,,,1595.42041016,1705.07446289,-109.65405272999988,5.4790631420266065,1.8708279853013057,9.97773438973388,9.498326330590366,1.046,0.77,0.77,1.046,1.6,2.2,4.2,3.2,4.6,3.0,10.8,11.4,49.6,53.6,2.4,3.0,17.0,11.4,184.8,166.4
2026-02-22,Genoa,Torino,3,0,H,2,0,H,16,7,5,3,1,3,9,14,11:30,-0.25,1.93,1.93,,,2.3,3.2,3.65,2.23,3.04,3.47,0,1,0,1,2.25,3.0,3.6,2.3,3.1,3.4,,,,,,,2.3,1.62,,,2.26,1.6,2025-26,Serie A,,,1619.61376953,1616.8671875,2.7465820299998995,3.695737263142778,3.581400964251781,10.454299197604689,11.31949293307101,1.13,1.216,1.216,1.13,1.8,2.2,2.8,4.2,6.4,3.6,9.6,12.4,45.6,41.6,3.0,2.4,11.8,14.0,140.0,159.4
2026-02-22,Atalanta,Napoli,2,1,H,0,1,A,10,10,7,4,6,1,10,9,14:00,-0.25,2.1,1.78,,,2.5,3.25,3.05,2.42,3.16,2.98,1,1,0,0,2.45,3.2,3.0,2.45,3.2,3.0,,,,,,,2.1,1.73,,,2.07,1.71,2025-26,Serie A,,,1788.18945312,1795.40649414,-7.217041019999897,8.092599948271499,3.354911482055695,21.027552166266627,11.772151721819188,1.532,1.348,1.348,1.532,2.6,2.2,4.8,5.0,3.4,4.0,14.4,10.8,53.0,56.6,2.0,2.0,12.2,11.6,160.6,162.6
2026-02-22,Milan,Parma,0,1,A,0,0,D,25,9,6,3,5,2,13,10,17:00,-1.5,2.03,1.83,,,1.35,5.33,10.0,1.32,4.95,9.48,2,1,0,0,1.33,5.0,9.5,1.35,5.0,8.75,,,,,,,1.8,2.0,,,1.78,1.97,2025-26,Serie A,,,1825.65991211,,,6.983597184690266,4.831864038515821,15.244987481043678,9.174529148522188,2.042,1.042,1.042,2.042,3.6,2.2,5.6,2.8,5.0,2.0,15.4,10.4,52.4,39.8,2.6,2.6,9.4,8.2,153.8,156.6
2026-02-22,Roma,Cremonese,3,0,H,0,0,D,23,2,5,0,9,1,12,11,19:45,-1.25,1.85,2.0,,,1.39,4.8,10.0,1.35,4.62,9.29,1,1,0,0,1.36,4.5,10.0,1.39,4.6,8.5,,,,,,,1.98,1.88,,,1.91,1.84,2025-26,Serie A,,,1798.3046875,1552.43530273,245.8693847699999,5.818450461093047,3.4965697782179563,16.328830827723817,10.039183494589611,1.116,1.042,1.042,1.116,2.0,1.8,5.6,4.4,3.6,4.4,13.8,9.6,57.6,45.8,3.0,5.2,12.8,16.4,151.8,179.8
2026-02-23,Bologna,Udinese,1,0,H,0,0,D,11,10,6,3,4,7,10,13,19:45,-0.5,1.85,2.0,,,1.9,3.55,4.5,1.85,3.46,4.23,1,1,0,0,1.85,3.5,4.5,1.85,3.5,4.33,,,,,,,2.1,1.73,,,2.1,1.7,2025-26,Serie A,,,1694.40429688,1607.89453125,86.50976562999995,5.015804295810607,3.888206729741132,15.167426950132905,10.351962196662027,1.1,0.922,0.922,1.1,1.8,1.4,5.2,4.6,6.4,3.2,15.6,9.2,57.2,41.8,2.2,3.2,13.2,13.8,174.2,185.2
2026-02-23,Fiorentina,Pisa,1,0,H,1,0,H,15,7,5,1,4,3,8,19,17:30,-0.75,1.85,2.0,,,1.67,4.0,5.25,1.64,3.88,5.0,3,3,0,0,1.67,4.0,5.0,1.65,4.0,5.0,,,,,,,1.8,2.0,,,1.76,2.01,2025-26,Serie A,,,1658.49743652,,,7.546517352480969,4.964430670573028,18.799915658584144,10.555815226901954,1.802,1.29,1.29,1.802,3.0,2.0,5.6,3.6,4.4,4.4,17.6,10.2,59.4,40.2,2.4,2.8,11.0,12.2,156.6,166.2
2026-02-27,Parma,Cagliari,1,1,D,0,0,D,18,11,4,5,6,3,14,8,19:45,-0.25,1.93,1.93,,,2.33,3.0,3.7,2.28,2.92,3.52,2,4,0,0,2.25,3.0,3.7,2.25,2.95,3.6,,,,,,,2.38,1.57,,,2.43,1.53,2025-26,Serie A,,,,1595.02893066,,7.07501942933263,2.4576028267455516,16.49992032504587,9.131106903346026,1.076,0.8,0.8,1.076,1.6,1.6,3.8,3.4,4.6,2.8,14.0,8.6,43.6,40.4,3.2,5.2,12.0,15.4,168.4,152.6
2026-02-28,Como,Lecce,3,1,H,3,1,H,12,5,7,2,5,1,15,12,14:00,-1.25,1.88,1.98,,,1.39,4.75,10.0,1.37,4.49,9.12,0,1,0,0,1.38,4.5,9.5,1.39,4.6,8.5,,,,,,,2.03,1.83,,,1.96,1.8,2025-26,Serie A,,,,1561.37133789,,4.788611702585149,3.724263676499924,18.585717732602618,10.584157017533007,1.696,0.686,0.686,1.696,2.6,1.0,5.2,3.0,4.0,2.8,15.2,8.2,67.8,36.2,3.0,4.6,12.4,13.4,178.0,158.8
2026-02-28,Verona,Napoli,1,2,A,0,1,A,8,9,2,5,2,5,11,11,17:00,1.0,1.93,1.93,,,7.5,4.0,1.53,7.14,3.87,1.5,3,4,0,0,7.5,4.0,1.5,6.75,4.0,1.52,,,,,,,2.3,1.62,,,2.23,1.62,2025-26,Serie A,,,1511.8347168,1785.59240723,-273.7576904299999,4.973774720598657,2.5699409880371302,8.053061310817204,11.181434481212792,,1.348,1.348,,,2.2,,5.0,,4.0,,10.8,,56.6,,2.0,,11.6,,162.6
2026-02-28,Inter,Genoa,2,0,H,1,0,H,14,6,6,2,10,2,13,8,19:45,-1.5,1.98,1.88,,,1.33,5.5,11.0,1.3,5.13,9.77,2,1,0,0,1.33,5.5,9.0,1.33,5.25,9.0,,,,,,,1.73,2.1,,,1.7,2.09,2025-26,Serie A,,,,1629.63427734,,6.351748138268801,5.338073748219329,22.24104012731848,14.421439387710354,1.99,1.472,1.472,1.99,4.4,2.8,7.4,2.6,6.6,4.8,15.8,12.4,57.2,42.2,2.4,4.0,16.0,12.6,143.4,155.8
2026-03-01,Cremonese,Milan,0,2,A,0,0,D,15,20,3,6,6,7,14,10,11:30,1.0,2.03,1.83,,,7.25,4.33,1.52,6.63,4.14,1.49,2,0,0,0,6.5,4.33,1.5,6.5,4.2,1.52,,,,,,,1.91,1.91,,,1.88,1.87,2025-26,Serie A,,,1545.92077637,1809.0526123,-263.13183592999985,3.4066881995682285,2.070835969143356,12.237396856690486,8.36796032337325,1.018,1.322,1.322,1.018,2.0,2.2,2.6,3.8,2.8,3.4,8.8,10.2,46.4,48.6,3.6,4.0,11.2,7.8,189.4,130.2
2026-03-01,Sassuolo,Atalanta,2,1,H,1,0,H,7,26,5,7,3,9,3,13,14:00,0.5,1.88,1.98,,,3.8,3.6,2.0,3.7,3.51,1.95,2,2,1,0,3.8,3.6,1.95,3.7,3.5,1.98,,,,,,,1.88,1.98,,,1.82,1.93,2025-26,Serie A,,,1625.16589355,1812.15490723,-186.98901367999997,4.838164062175149,3.54840029947363,9.108759145287276,10.399935925821383,1.04,1.042,1.042,1.04,2.0,1.2,4.2,6.4,5.4,5.0,13.2,13.4,54.0,63.0,2.2,3.6,13.0,11.4,169.8,159.4
2026-03-01,Torino,Lazio,2,0,H,1,0,H,13,12,5,3,6,9,13,5,17:00,0.0,1.98,1.88,,,3.0,3.0,2.8,2.81,2.89,2.73,4,1,0,0,2.88,3.0,2.7,2.75,3.0,2.75,,,,,,,2.5,1.53,,,2.41,1.53,2025-26,Serie A,,,1602.01647949,1700.63574219,-98.61926270000004,3.562629427767389,3.2472186568675374,11.259808910247322,9.665550887060244,1.186,0.77,0.77,1.186,2.4,2.2,4.2,3.2,4.8,3.0,14.0,11.4,47.4,53.6,2.0,3.0,14.0,11.4,170.2,166.4
2026-03-01,Roma,Juventus,3,3,D,1,0,H,11,13,5,5,4,1,7,12,19:45,0.0,1.85,2.0,,,2.71,3.1,2.95,2.57,3.06,2.84,1,0,0,0,2.63,3.1,2.88,2.6,3.1,2.87,,,,,,,2.3,1.62,,,2.25,1.6,2025-26,Serie A,,,1799.9888916,1775.01647949,24.97241211000005,6.878966974062031,5.0558688714682365,18.552553885149212,14.360444613473009,1.116,1.448,1.448,1.116,2.0,2.2,5.6,3.6,3.6,1.6,13.8,13.0,57.6,53.2,3.0,1.8,12.8,14.0,151.8,161.2
2026-03-02,Pisa,Bologna,0,1,A,0,0,D,6,8,3,1,7,4,15,11,17:30,0.5,1.85,2.0,,,4.2,3.5,2.0,3.8,3.32,1.98,0,2,0,0,4.2,3.2,2.0,3.7,3.4,2.0,,,,,,,2.1,1.73,,,2.08,1.71,2025-26,Serie A,,,,1699.64868164,,3.741534808191315,2.6413240194961736,10.78998985776408,12.363855374199574,1.148,1.538,1.538,1.148,2.2,2.8,3.8,3.2,8.4,3.8,11.0,13.0,43.6,54.8,3.2,4.2,13.0,16.8,191.8,160.8
2026-03-02,Udinese,Fiorentina,3,0,H,1,0,H,10,10,7,0,5,2,16,12,19:45,0.25,1.83,2.03,,,3.25,3.5,2.38,3.07,3.27,2.3,1,4,0,0,3.25,3.2,2.35,3.1,3.25,2.35,,,,,,,2.05,1.8,,,2.0,1.76,2025-26,Serie A,,,1600.3939209,1657.24389648,-56.84997558000009,4.679431569694545,2.7930722127987324,9.452064995465175,10.970626854138722,1.068,1.26,1.26,1.068,1.8,2.0,4.8,4.8,4.4,5.0,15.8,12.8,45.8,53.0,1.4,3.8,16.8,14.2,183.0,155.8
2026-03-06,Napoli,Torino,2,1,H,1,0,H,14,7,9,4,11,2,9,11,19:45,-1.0,2.03,1.83,,,1.61,3.8,6.75,1.56,3.75,6.32,0,3,0,0,1.57,3.8,6.25,1.6,3.8,6.0,,,,,,,2.2,1.67,,,2.15,1.67,2025-26,Serie A,,,1788.51879883,1615.81481934,172.70397948999994,4.203826856718251,3.387600642834521,13.56144126395386,9.879661955380673,1.328,1.216,1.216,1.328,2.2,2.2,5.2,4.2,4.4,3.6,11.2,12.4,50.4,41.6,1.6,2.4,11.6,14.0,148.0,159.4
2026-03-07,Cagliari,Como,1,2,A,0,1,A,8,8,3,2,2,3,17,18,14:00,0.75,2.08,1.73,,,6.0,4.0,1.65,5.58,3.84,1.6,3,1,0,0,5.75,4.0,1.57,5.25,3.8,1.65,,,,,,,2.0,1.8,,,2.01,1.76,2025-26,Serie A,,,1596.56152344,,,4.652708761351072,3.1921351026463523,10.31848959315592,11.553865766495392,1.046,1.416,1.416,1.046,1.6,2.6,4.2,3.8,4.6,4.0,10.8,13.6,49.6,57.4,2.4,4.0,17.0,14.0,184.8,155.6
2026-03-07,Atalanta,Udinese,2,2,D,0,1,A,22,8,4,2,11,3,7,10,17:00,-0.75,1.88,1.98,,,1.68,3.8,5.8,1.65,3.7,5.28,1,2,0,0,1.67,3.7,5.5,1.66,3.8,5.0,,,,,,,1.91,1.91,,,1.88,1.87,2025-26,Serie A,,,1800.2746582,1615.23449707,185.0401611299999,7.395066632181,4.925471153160755,17.351701444177753,10.234641464441353,1.532,0.922,0.922,1.532,2.6,1.4,4.8,4.6,3.4,3.2,14.4,9.2,53.0,41.8,2.0,3.2,12.2,13.8,160.6,185.2
2026-03-07,Juventus,Pisa,4,0,H,0,0,D,25,7,7,2,4,4,7,7,19:45,-1.75,1.95,1.9,,,1.25,6.25,14.0,1.23,5.94,12.02,1,3,0,0,1.25,6.25,11.0,1.25,6.25,10.5,,,,,,,1.62,2.3,,,1.6,2.27,2025-26,Serie A,,,1776.73461914,,,6.0011573933297155,4.309620447048686,18.602373729668148,9.370543484601304,2.282,1.29,1.29,2.282,3.8,2.0,5.4,3.6,6.0,4.4,19.8,10.2,59.8,40.2,2.0,2.8,11.4,12.2,139.0,166.2
2026-03-08,Bologna,Verona,1,2,A,0,0,D,19,15,2,5,5,3,5,20,14:00,-1.0,1.98,1.88,,,1.58,4.1,6.5,1.54,3.89,6.2,1,2,0,0,1.55,3.9,6.5,1.55,4.1,6.0,,,,,,,2.0,1.8,,,1.99,1.77,2025-26,Serie A,,,1703.95935059,1508.9083252,195.05102538999995,4.677202863873738,3.4153524685968253,13.778284633421936,9.44327158026055,1.1,,,1.1,1.8,,5.2,,6.4,,15.6,,57.2,,2.2,,13.2,,174.2,
2026-03-08,Milan,Inter,1,0,H,1,0,H,9,11,2,2,1,6,8,12,19:45,0.25,1.95,1.9,,,3.66,3.25,2.25,3.41,3.14,2.19,2,2,0,0,3.6,3.0,2.25,3.3,3.25,2.2,,,,,,,2.0,1.8,,,1.95,1.8,2025-26,Serie A,,,1813.37609863,,,6.322398123126845,7.075265139217564,18.496658320695783,20.543586651122148,2.042,1.486,1.486,2.042,3.6,2.8,5.6,6.2,5.0,6.8,15.4,16.6,52.4,61.8,2.6,1.0,9.4,12.2,153.8,163.8
2026-03-08,Lecce,Cremonese,2,1,H,2,0,H,9,10,3,5,4,4,19,27,11:30,-0.25,1.8,2.05,,,2.15,3.0,4.25,2.11,2.96,3.89,1,4,0,1,2.1,3.0,4.0,2.15,2.95,3.9,,,,,,,2.75,1.44,,,2.64,1.45,2025-26,Serie A,,,1556.5723877,1541.59729004,14.975097660000074,4.085495385796415,2.664379852145305,9.848625823097828,7.359455663059742,1.122,1.042,1.042,1.122,1.6,1.8,6.4,4.4,5.2,4.4,12.0,9.6,47.4,45.8,2.4,5.2,12.6,16.4,172.2,179.8
2026-03-08,Fiorentina,Parma,0,0,D,0,0,D,12,8,1,0,7,1,12,14,14:00,-0.75,1.93,1.93,,,1.75,3.75,5.5,1.7,3.64,4.89,2,0,0,0,1.7,3.6,5.25,1.72,3.75,4.75,,,,,,,1.93,1.93,,,1.86,1.88,2025-26,Serie A,,,1642.40319824,,,6.36434490165398,3.887909359010547,17.533277105722764,9.11635276568146,1.802,1.042,1.042,1.802,3.0,2.2,5.6,2.8,4.4,2.0,17.6,10.4,59.4,39.8,2.4,2.6,11.0,8.2,156.6,156.6
2026-03-08,Genoa,Roma,2,1,H,0,0,D,11,8,5,1,3,6,11,17,17:00,0.5,1.95,1.9,,,4.33,3.6,1.93,4.22,3.32,1.89,1,3,0,0,4.2,3.4,1.91,4.1,3.4,1.93,,,,,,,2.3,1.62,,,2.32,1.56,2025-26,Serie A,,,1626.80151367,1798.27062988,-171.4691162099998,2.7971581754285193,3.1080312312157248,12.302866131736458,10.550184623609258,1.13,1.286,1.286,1.13,1.8,1.2,2.8,4.6,6.4,3.8,9.6,12.4,45.6,56.0,3.0,5.0,11.8,14.6,140.0,151.4
2026-03-09,Lazio,Sassuolo,2,1,H,1,1,D,13,7,5,4,1,6,7,8,19:45,-0.25,1.88,1.98,,,2.2,3.3,3.55,2.16,3.18,3.42,0,4,0,0,2.15,3.25,3.5,2.15,3.2,3.5,,,,,,,2.2,1.67,,,2.17,1.65,2025-26,Serie A,,,1686.83728027,1637.04614258,49.79113769000014,4.836770638791973,4.5521303106640705,13.956609807092503,13.3976066477738,0.912,1.168,1.168,0.912,1.0,2.6,5.4,3.6,4.4,3.4,11.2,9.6,51.4,41.2,2.8,3.6,10.4,13.4,171.0,175.2
2026-03-13,Torino,Parma,4,1,H,1,1,D,15,6,6,3,2,7,17,13,19:45,-0.25,1.85,2.0,,,2.2,3.1,4.0,2.13,2.98,3.84,1,3,0,0,2.2,3.0,3.8,2.15,3.0,3.9,,,,,,,2.38,1.57,,,2.29,1.58,2025-26,Serie A,,,1611.37805176,,,4.375086285178259,2.925272906007032,11.839872606831548,8.744235177120974,1.186,1.042,1.042,1.186,2.4,2.2,4.2,2.8,4.8,2.0,14.0,10.4,47.4,39.8,2.0,2.6,14.0,8.2,170.2,156.6
2026-03-14,Inter,Atalanta,1,1,D,1,0,H,16,8,3,3,2,3,11,5,14:00,-1.0,1.93,1.93,,,1.55,4.33,6.0,1.53,4.23,5.79,2,2,0,0,1.55,4.33,5.75,1.55,4.33,5.5,,,,,,,1.73,2.1,,,1.7,2.09,2025-26,Serie A,,,,1787.89758301,,7.5678320921792,5.365600199649087,19.494026751545658,15.599957283880924,1.99,1.042,1.042,1.99,4.4,1.2,7.4,6.4,6.6,5.0,15.8,13.4,57.2,63.0,2.4,3.6,16.0,11.4,143.4,159.4
2026-03-14,Napoli,Lecce,2,1,H,0,1,A,12,12,4,2,7,7,11,7,17:00,-1.25,1.88,1.98,,,1.38,4.75,11.0,1.34,4.53,9.86,0,1,0,0,1.33,4.75,10.0,1.38,4.5,9.25,,,,,,,2.2,1.67,,,2.14,1.67,2025-26,Serie A,,,1790.74890137,1562.34765625,228.4012451200001,6.4692179044788345,2.816175784333283,13.707627509302574,8.722771345022007,1.328,0.686,0.686,1.328,2.2,1.0,5.2,3.0,4.4,2.8,11.2,8.2,50.4,36.2,1.6,4.6,11.6,13.4,148.0,158.8
2026-03-14,Udinese,Juventus,0,1,A,0,1,A,10,22,2,8,2,6,12,14,19:45,1.0,1.88,1.98,,,6.5,4.2,1.57,6.03,4.02,1.53,3,1,0,0,5.75,4.2,1.55,5.75,4.0,1.57,,,,,,,1.91,1.91,,,1.92,1.83,2025-26,Serie A,,,1619.80639648,1779.48901367,-159.68261718999997,4.786287713129697,3.703912580978825,9.634709996976785,13.906963075648672,1.068,1.448,1.448,1.068,1.8,2.2,4.8,3.6,4.4,1.6,15.8,13.0,45.8,53.2,1.4,1.8,16.8,14.0,183.0,161.2
2026-03-15,Pisa,Cagliari,3,1,H,1,0,H,10,14,6,4,1,5,14,16,14:00,-0.25,2.1,1.7,,,2.6,3.0,3.2,2.49,2.96,3.04,1,4,1,1,2.55,3.0,3.1,2.55,3.0,3.0,,,,,,,2.5,1.53,,,2.44,1.52,2025-26,Serie A,,,,1590.02026367,,4.827689872127543,2.6384018844970347,9.193326571842722,9.754071268897352,1.148,0.8,0.8,1.148,2.2,1.6,3.8,3.4,8.4,2.8,11.0,8.6,43.6,40.4,3.2,5.2,13.0,15.4,191.8,152.6
2026-03-15,Sassuolo,Bologna,0,1,A,0,1,A,9,16,3,3,7,4,16,11,14:00,0.0,1.7,2.1,,,2.57,3.3,3.0,2.47,3.23,2.84,1,2,0,0,2.4,3.3,3.0,2.45,3.3,2.85,,,,,,,2.0,1.8,,,1.99,1.77,2025-26,Serie A,,,1630.10766602,1687.71972656,-57.61206054000013,4.225442708116766,3.094216012997449,8.405839430191518,10.90923691613305,1.04,1.538,1.538,1.04,2.0,2.8,4.2,3.2,5.4,3.8,13.2,13.0,54.0,54.8,2.2,4.2,13.0,16.8,169.8,160.8
2026-03-15,Como,Roma,2,1,H,0,1,A,22,3,7,1,7,1,16,18,17:00,-0.25,1.8,2.05,,,2.3,3.4,3.75,2.08,3.29,3.51,2,3,0,1,2.1,3.3,3.6,2.1,3.4,3.5,,,,,,,2.1,1.73,,,2.1,1.69,2025-26,Serie A,,,,1787.13000488,,4.8590744683901,4.072020820810483,16.390478488401747,9.700123082406172,1.696,1.286,1.286,1.696,2.6,1.2,5.2,4.6,4.0,3.8,15.2,12.4,67.8,56.0,3.0,5.0,12.4,14.6,178.0,151.4
2026-03-15,Verona,Genoa,0,2,A,0,0,D,8,11,1,3,4,2,22,9,11:30,0.25,1.83,2.03,,,3.25,3.25,2.4,3.14,3.06,2.37,2,1,0,0,3.25,3.0,2.4,3.1,3.1,2.4,,,,,,,2.63,1.5,,,2.5,1.5,2025-26,Serie A,,,1521.43029785,1637.24633789,-115.81604003999996,3.982516480399105,4.225382498812887,8.03537420721147,11.614292925140235,,1.472,1.472,,,2.8,,2.6,,4.8,,12.4,,42.2,,4.0,,12.6,,155.8
2026-03-15,Lazio,Milan,1,0,H,1,0,H,7,17,2,3,1,9,7,19,19:45,0.5,1.9,1.95,,,4.2,3.4,2.0,3.98,3.32,1.93,4,1,0,0,4.1,3.3,1.95,3.9,3.3,1.98,,,,,,,2.2,1.67,,,2.16,1.66,2025-26,Serie A,,,1691.56896973,1821.59802246,-130.0290527300001,3.5578470925279824,3.7138906460955705,13.637739871395002,12.245306882248832,0.912,1.322,1.322,0.912,1.0,2.2,5.4,3.8,4.4,3.4,11.2,10.2,51.4,48.6,2.8,4.0,10.4,7.8,171.0,130.2
2026-03-16,Cremonese,Fiorentina,1,4,A,0,2,A,13,13,3,6,4,6,17,16,19:45,0.5,1.93,1.93,,,4.0,3.6,1.95,3.78,3.52,1.92,1,0,0,0,3.9,3.6,1.91,3.8,3.5,1.95,,,,,,,1.91,1.91,,,1.88,1.87,2025-26,Serie A,,,1533.61523438,1641.15087891,-107.53564453000013,4.27112546637882,2.5287148085324884,13.158264571126992,10.647084569425814,1.018,1.26,1.26,1.018,2.0,2.0,2.6,4.8,2.8,5.0,8.8,12.8,46.4,53.0,3.6,3.8,11.2,14.2,189.4,155.8
2026-03-20,Cagliari,Napoli,0,1,A,0,1,A,7,17,0,5,2,7,12,16,17:30,0.75,1.85,2.0,,,5.5,3.5,1.78,5.23,3.37,1.73,2,2,0,0,5.25,3.4,1.75,5.0,3.4,1.78,,,,,,,2.5,1.53,,,2.43,1.53,2025-26,Serie A,,,1577.82922363,1794.2376709,-216.40844727000012,3.768472507567381,3.37996065869142,9.545659728770614,10.454289654141864,1.046,1.348,1.348,1.046,1.6,2.2,4.2,5.0,4.6,4.0,10.8,10.8,49.6,56.6,2.4,2.0,17.0,11.6,184.8,162.6
2026-03-20,Genoa,Udinese,0,2,A,0,0,D,18,6,2,4,7,1,5,13,19:45,-0.25,1.83,2.03,,,2.2,3.13,3.8,2.14,3.1,3.65,1,5,0,0,2.15,3.1,3.75,2.15,3.1,3.7,,,,,,,2.5,1.53,,,2.45,1.52,2025-26,Serie A,,,1647.11828613,1615.6315918,31.486694329999864,2.8647721169523463,4.283647435440503,11.86857742115764,9.489760976294235,1.13,0.922,0.922,1.13,1.8,1.4,2.8,4.6,6.4,3.2,9.6,9.2,45.6,41.8,3.0,3.2,11.8,13.8,140.0,185.2
2026-03-21,Parma,Cremonese,0,2,A,0,0,D,8,7,1,4,3,1,20,15,14:00,-0.5,2.05,1.8,,,2.12,3.25,4.25,2.06,3.11,3.88,3,3,0,0,2.05,3.2,4.0,2.05,3.2,3.9,,,,,,,2.2,1.67,,,2.15,1.67,2025-26,Serie A,,,,1523.5300293,,6.716679619555087,3.10958656809687,16.999946883363915,8.239637108706495,1.076,1.042,1.042,1.076,1.6,1.8,3.8,4.4,4.6,4.4,14.0,9.6,43.6,45.8,3.2,5.2,12.0,16.4,168.4,179.8
2026-03-21,Milan,Torino,3,2,H,1,1,D,15,19,6,7,4,6,9,10,17:00,-1.25,1.9,1.95,,,1.4,5.0,9.0,1.36,4.71,8.23,3,1,0,0,1.4,4.75,7.5,1.4,4.8,7.75,,,,,,,1.8,2.0,,,1.76,2.0,2025-26,Serie A,,,1812.26403809,1624.69140625,187.57263184,4.548265415417897,2.9250670952230142,15.331105547130525,8.91977463692045,2.042,1.216,1.216,2.042,3.6,2.2,5.6,4.2,5.0,3.6,15.4,12.4,52.4,41.6,2.6,2.4,9.4,14.0,153.8,159.4
2026-03-21,Juventus,Sassuolo,1,1,D,1,0,H,18,7,8,1,9,4,7,7,19:45,-1.5,1.95,1.9,,,1.34,5.5,10.25,1.31,5.19,9.25,1,2,0,0,1.33,5.25,9.0,1.34,5.5,8.0,,,,,,,1.62,2.3,,,1.62,2.22,2025-26,Serie A,,,1785.66186523,1623.4284668,162.23339843000008,5.334104928886477,5.034753540442714,20.734915819778763,11.265071098515868,2.282,1.168,1.168,2.282,3.8,2.6,5.4,3.6,6.0,3.4,19.8,9.6,59.8,41.2,2.0,3.6,11.4,13.4,139.0,175.2
2026-03-22,Como,Pisa,5,0,H,2,0,H,14,7,7,0,7,1,5,6,11:30,-1.75,2.03,1.83,,,1.27,6.0,12.5,1.24,5.63,11.81,0,2,0,0,1.25,6.0,11.0,1.27,5.75,11.0,,,,,,,1.73,2.1,,,1.68,2.11,2025-26,Serie A,,,,,,5.5727163122600665,4.206413631365791,18.26031899226783,8.580362323067536,1.696,1.29,1.29,1.696,2.6,2.0,5.2,3.6,4.0,4.4,15.2,10.2,67.8,40.2,3.0,2.8,12.4,12.2,178.0,166.2
2026-03-22,Atalanta,Verona,1,0,H,1,0,H,11,12,3,3,2,4,12,16,14:00,-1.25,1.93,1.93,,,1.41,4.75,9.0,1.37,4.56,8.19,1,3,0,0,1.38,4.75,8.5,1.41,4.75,7.5,,,,,,,1.91,1.91,,,1.86,1.88,2025-26,Serie A,,,1789.99743652,1513.55627441,276.44116211000005,8.596711088120667,3.276901645731217,18.901134296118503,11.295514386840368,1.532,,,1.532,2.6,,4.8,,3.4,,14.4,,53.0,,2.0,,12.2,,160.6,
2026-03-22,Bologna,Lazio,0,2,A,0,0,D,15,9,4,5,2,1,13,8,14:00,-0.25,2.03,1.83,,,2.4,3.13,3.45,2.3,3.04,3.28,1,1,0,0,2.35,3.0,3.4,2.3,3.1,3.25,,,,,,,2.3,1.62,,,2.3,1.58,2025-26,Serie A,,,1711.75390625,1702.90087891,8.853027339999926,4.784801909249159,5.164812437911692,15.518856422281292,10.443700591373496,1.1,0.77,0.77,1.1,1.8,2.2,5.2,3.2,6.4,3.0,15.6,11.4,57.2,53.6,2.2,3.0,13.2,11.4,174.2,166.4
2026-03-22,Roma,Lecce,1,0,H,0,0,D,14,8,2,3,10,2,14,17,17:00,-1.0,1.88,1.98,,,1.53,4.2,8.0,1.47,3.96,7.33,2,2,0,0,1.53,3.75,8.0,1.49,4.2,7.0,,,,,,,2.1,1.73,,,2.07,1.71,2025-26,Serie A,,,1764.66418457,1560.85668945,203.8074951200001,5.919311316041354,4.210783856222188,16.035035923432808,9.81518089668134,1.116,0.686,0.686,1.116,2.0,1.0,5.6,3.0,3.6,2.8,13.8,8.2,57.6,36.2,3.0,4.6,12.8,13.4,151.8,158.8
2026-03-22,Fiorentina,Inter,1,1,D,0,1,A,16,12,6,4,3,5,16,12,19:45,0.75,2.05,1.75,,,5.25,4.33,1.65,5.03,4.03,1.61,3,3,0,0,5.0,4.33,1.62,5.25,4.0,1.62,,,,,,,1.73,2.1,,,1.74,2.03,2025-26,Serie A,,,1659.62902832,,,6.576229934435987,6.716843426145043,15.688851403815177,17.362391100748102,1.802,1.486,1.486,1.802,3.0,2.8,5.6,6.2,4.4,6.8,17.6,16.6,59.4,61.8,2.4,1.0,11.0,12.2,156.6,163.8
2026-04-04,Sassuolo,Cagliari,2,1,H,0,1,A,9,11,2,3,2,2,14,11,14:00,-0.5,2.0,1.85,,,2.05,3.25,4.75,1.97,3.12,4.24,1,0,0,0,1.95,3.1,4.5,2.0,3.2,4.1,,,,,,,2.1,1.73,,,2.12,1.68,2025-26,Serie A,,,1628.82312012,1573.74328613,55.079833990000225,5.150295138744511,3.4256012563313565,8.603892953461013,11.169380845931569,1.04,0.8,0.8,1.04,2.0,1.6,4.2,3.4,5.4,2.8,13.2,8.6,54.0,40.4,2.2,5.2,13.0,15.4,169.8,152.6
2026-04-04,Verona,Fiorentina,0,1,A,0,0,D,21,5,8,1,9,1,15,7,17:00,0.5,1.95,1.9,,,4.25,3.5,1.94,4.13,3.4,1.89,3,1,1,1,4.2,3.5,1.9,4.1,3.4,1.9,,,,,,,2.2,1.67,,,2.17,1.65,2025-26,Serie A,,,1511.71875,1664.45092773,-152.7321777300001,3.98834432026607,3.685809872354993,8.023582804807647,11.431389712950544,,1.26,1.26,,,2.0,,4.8,,5.0,,12.8,,53.0,,3.8,,14.2,,155.8
2026-04-04,Lazio,Parma,1,1,D,0,1,A,7,7,3,4,7,2,12,8,19:45,-0.75,2.05,1.8,,,1.8,3.5,5.33,1.77,3.4,4.91,1,2,0,0,1.8,3.4,5.0,1.8,3.5,4.6,,,,,,,2.2,1.67,,,2.26,1.6,2025-26,Serie A,,,1716.48986816,,,2.7052313950186555,4.283515270671355,11.425159914263336,7.82949011808065,0.912,1.042,1.042,0.912,1.0,2.2,5.4,2.8,4.4,2.0,11.2,10.4,51.4,39.8,2.8,2.6,10.4,8.2,171.0,156.6
2026-04-05,Cremonese,Bologna,1,2,A,0,2,A,9,14,3,7,2,4,15,15,14:00,0.25,2.05,1.8,,,3.75,3.5,2.1,3.55,3.37,2.05,2,3,1,1,3.6,3.4,2.05,3.7,3.4,2.05,,,,,,,2.03,1.83,,,1.98,1.78,2025-26,Serie A,,,1539.58117676,1698.16479492,-158.58361816,4.180750310919214,3.396144008664966,13.10550971408466,12.6061579440887,1.018,1.538,1.538,1.018,2.0,2.8,2.6,3.2,2.8,3.8,8.8,13.0,46.4,54.8,3.6,4.2,11.2,16.8,189.4,160.8
2026-04-05,Pisa,Torino,0,1,A,0,0,D,7,13,1,2,1,2,12,12,17:00,0.25,1.78,2.1,,,3.2,3.1,2.6,3.05,2.96,2.49,1,0,0,0,3.2,3.0,2.45,3.0,3.1,2.45,,,,,,,2.3,1.62,,,2.26,1.6,2025-26,Serie A,,,,1621.71166992,,3.551793248085029,3.950044730148676,9.462217714561817,12.279849757946966,1.148,1.216,1.216,1.148,2.2,2.2,3.8,4.2,8.4,3.6,11.0,12.4,43.6,41.6,3.2,2.4,13.0,14.0,191.8,159.4
2026-04-05,Inter,Roma,5,2,H,2,1,H,17,9,9,3,7,4,11,10,19:45,-0.75,1.85,2.0,,,1.67,4.0,5.6,1.63,3.84,5.22,0,1,0,0,1.67,4.0,5.25,1.66,3.8,5.25,,,,,,,1.91,1.91,,,1.9,1.84,2025-26,Serie A,,,,1767.47290039,,5.711888061452801,3.0480138805403225,18.329351167697105,7.466748721604115,1.99,1.286,1.286,1.99,4.4,1.2,7.4,4.6,6.6,3.8,15.8,12.4,57.2,56.0,2.4,5.0,16.0,14.6,143.4,151.4
2026-04-06,Udinese,Como,0,0,D,0,0,D,14,12,4,4,6,2,10,12,11:30,0.75,1.95,1.9,,,5.3,4.0,1.73,4.97,3.71,1.67,2,3,0,0,5.0,3.75,1.7,5.0,3.6,1.73,,,,,,,2.03,1.83,,,1.98,1.78,2025-26,Serie A,,,1629.91040039,,,3.857525142086465,3.1280900684309016,9.756473331317856,10.369243844330262,1.068,1.416,1.416,1.068,1.8,2.6,4.8,3.8,4.4,4.0,15.8,13.6,45.8,57.4,1.4,4.0,16.8,14.0,183.0,155.6
2026-04-06,Lecce,Atalanta,0,3,A,0,1,A,11,16,0,6,2,5,10,18,14:00,0.75,1.88,1.98,,,5.0,3.8,1.8,4.73,3.64,1.72,0,2,0,0,5.0,3.75,1.75,4.6,3.7,1.75,,,,,,,2.03,1.83,,,1.97,1.78,2025-26,Serie A,,,1558.04797363,1791.83496094,-233.7869873100001,4.056996923864277,4.577066799766058,9.565750548731886,13.06663818925395,1.122,1.042,1.042,1.122,1.6,1.2,6.4,6.4,5.2,5.0,12.0,13.4,47.4,63.0,2.4,3.6,12.6,11.4,172.2,159.4
2026-04-06,Juventus,Genoa,2,0,H,2,0,H,16,12,5,3,5,5,10,8,17:00,-1.25,1.88,1.98,,,1.41,4.75,10.0,1.36,4.52,8.82,4,1,0,0,1.38,4.5,9.5,1.41,4.6,8.0,,,,,,,1.91,1.91,,,1.93,1.83,2025-26,Serie A,,,1780.26721191,1632.83935547,147.4278564399999,6.556069952590985,3.483588332541925,19.823277213185843,11.40952861676016,2.282,1.472,1.472,2.282,3.8,2.8,5.4,2.6,6.0,4.8,19.8,12.4,59.8,42.2,2.0,4.0,11.4,12.6,139.0,155.8
2026-04-06,Napoli,Milan,1,0,H,0,0,D,10,7,3,1,4,3,7,6,19:45,0.0,1.78,2.1,,,2.6,3.1,3.1,2.52,2.98,2.98,2,0,0,0,2.55,3.0,3.0,2.55,3.1,2.87,,,,,,,2.3,1.62,,,2.26,1.6,2025-26,Serie A,,,1798.3236084,1815.24365234,-16.920043939999914,6.646145269652557,5.475927097397047,13.13841833953505,13.83020458816589,1.328,1.322,1.322,1.328,2.2,2.2,5.2,3.8,4.4,3.4,11.2,10.2,50.4,48.6,1.6,4.0,11.6,7.8,148.0,130.2
2026-04-10,Roma,Pisa,3,0,H,2,0,H,8,9,3,5,1,3,11,12,19:45,-1.5,2.03,1.83,,,1.35,5.0,10.0,1.32,4.89,9.35,1,1,0,0,1.33,5.0,9.0,1.35,5.0,9.0,,,,,,,1.83,2.03,,,1.8,1.96,2025-26,Serie A,,,1756.89611816,,,7.279540877360903,3.1376090875771947,15.356690615621872,8.053574882045025,1.116,1.29,1.29,1.116,2.0,2.0,5.6,3.6,3.6,4.4,13.8,10.2,57.6,40.2,3.0,2.8,12.8,12.2,151.8,166.2
2026-04-11,Torino,Verona,2,1,H,1,1,D,11,18,2,4,3,6,13,17,14:00,-0.5,1.9,1.95,,,1.92,3.33,4.6,1.88,3.28,4.38,1,4,0,0,1.9,3.3,4.33,1.9,3.3,4.33,,,,,,,2.38,1.57,,,2.37,1.56,2025-26,Serie A,,,1624.61474609,1502.94787598,121.66687011,3.583390856785506,3.517934430487478,12.893248404554368,11.530342924560244,1.186,,,1.186,2.4,,4.2,,4.8,,14.0,,47.4,,2.0,,14.0,,170.2,
2026-04-11,Milan,Udinese,0,3,A,0,2,A,20,12,3,6,4,3,9,14,17:00,-1.25,1.98,1.88,,,1.44,4.75,8.5,1.41,4.43,7.77,1,1,0,0,1.42,4.5,8.0,1.43,4.75,7.0,,,,,,,1.83,2.03,,,1.79,1.97,2025-26,Serie A,,,1804.56030273,1628.87536621,175.68493652000006,4.365510276945265,3.1890982902936695,15.22073703142035,8.32650731752949,2.042,0.922,0.922,2.042,3.6,1.4,5.6,4.6,5.0,3.2,15.4,9.2,52.4,41.8,2.6,3.2,9.4,13.8,153.8,185.2
2026-04-11,Atalanta,Juventus,0,1,A,0,0,D,22,7,3,2,13,2,7,11,19:45,0.25,1.85,2.0,,,3.1,3.5,2.37,3.04,3.34,2.29,1,3,0,0,3.1,3.3,2.35,3.1,3.4,2.25,,,,,,,1.8,2.0,,,1.8,1.95,2025-26,Serie A,,,1795.17626953,1782.03112793,13.145141599999988,6.397807392080446,4.469275053985884,16.267422864079002,16.60464205043245,1.532,1.448,1.448,1.532,2.6,2.2,4.8,3.6,3.4,1.6,14.4,13.0,53.0,53.2,2.0,1.8,12.2,14.0,160.6,161.2
2026-04-11,Cagliari,Cremonese,1,0,H,0,0,D,17,5,5,2,6,5,9,17,14:00,-0.25,1.85,2.0,,,2.2,3.2,4.0,2.14,3.11,3.61,1,1,0,0,2.15,3.1,3.6,2.2,3.2,3.4,,,,,,,2.3,1.62,,,2.28,1.6,2025-26,Serie A,,,1564.90319824,1530.90161133,34.001586910000015,3.1789816717115875,2.406391045397914,8.697106485847076,7.826424739137663,1.046,1.042,1.042,1.046,1.6,1.8,4.2,4.4,4.6,4.4,10.8,9.6,49.6,45.8,2.4,5.2,17.0,16.4,184.8,179.8
2026-04-12,Bologna,Lecce,2,0,H,1,0,H,12,6,4,1,8,6,15,19,17:00,-0.5,1.8,2.05,,,1.83,3.5,5.33,1.78,3.37,4.8,0,2,0,0,1.8,3.4,4.75,1.82,3.4,4.6,,,,,,,2.2,1.67,,,2.17,1.65,2025-26,Serie A,,,1695.52978516,1548.02124023,147.50854492999997,3.8565346061661065,3.4738559041481256,15.345904281520864,9.21012059778756,1.1,0.686,0.686,1.1,1.8,1.0,5.2,3.0,6.4,2.8,15.6,8.2,57.2,36.2,2.2,4.6,13.2,13.4,174.2,158.8
2026-04-12,Como,Inter,3,4,A,2,1,H,24,7,8,5,1,1,12,17,19:45,0.25,1.88,1.98,,,3.2,3.5,2.28,3.11,3.38,2.23,3,7,0,0,3.1,3.5,2.25,3.2,3.4,2.25,,,,,,,1.91,1.91,,,1.85,1.9,2025-26,Serie A,,,,,,6.048477541506712,6.144562284096695,16.84021266151189,15.574927400498735,1.696,1.486,1.486,1.696,2.6,2.8,5.2,6.2,4.0,6.8,15.2,16.6,67.8,61.8,3.0,1.0,12.4,12.2,178.0,163.8
2026-04-12,Parma,Napoli,1,1,D,1,0,H,3,20,2,6,3,7,4,8,14:00,0.75,2.1,1.78,,,6.25,4.0,1.67,5.87,3.75,1.59,1,0,0,0,6.0,3.8,1.6,5.5,3.75,1.63,,,,,,,2.2,1.67,,,2.17,1.66,2025-26,Serie A,,,,1802.32165527,,5.477786413036726,4.586640439127613,13.999964588909275,12.636193102761244,1.076,1.348,1.348,1.076,1.6,2.2,3.8,5.0,4.6,4.0,14.0,10.8,43.6,56.6,3.2,2.0,12.0,11.6,168.4,162.6
2026-04-12,Genoa,Sassuolo,2,1,H,1,0,H,14,15,7,6,5,3,9,14,11:30,-0.25,1.85,2.0,,,2.2,3.33,3.5,2.15,3.24,3.41,2,3,1,1,2.15,3.3,3.5,2.2,3.25,3.4,,,,,,,2.1,1.73,,,2.12,1.68,2025-26,Serie A,,,1624.39001465,1630.9777832,-6.587768549999964,4.243181411301564,4.689835693628476,13.912384947438426,9.843380732343912,1.13,1.168,1.168,1.13,1.8,2.6,2.8,3.6,6.4,3.4,9.6,9.6,45.6,41.2,3.0,3.6,11.8,13.4,140.0,175.2
2026-04-13,Fiorentina,Lazio,1,0,H,1,0,H,8,13,2,6,5,6,10,10,19:45,-0.25,1.98,1.88,,,2.38,3.2,3.5,2.28,3.05,3.31,3,2,0,0,2.25,3.2,3.4,2.3,3.1,3.3,,,,,,,2.2,1.67,,,2.18,1.65,2025-26,Serie A,,,1659.83666992,1708.36218262,-48.52551270000003,5.384153289623992,3.776541625274462,15.792567602543452,9.962467060915666,1.802,0.77,0.77,1.802,3.0,2.2,5.6,3.2,4.4,3.0,17.6,11.4,59.4,53.6,2.4,3.0,11.0,11.4,156.6,166.4
2026-04-17,Sassuolo,Como,2,1,H,2,1,H,11,12,4,3,5,8,14,11,17:30,1.0,1.95,1.9,,,6.0,4.33,1.67,5.7,4.17,1.54,3,3,0,0,5.75,4.33,1.53,5.75,4.2,1.57,,,,,,,1.67,2.2,,,1.66,2.17,2025-26,Serie A,,,1622.37280273,,,4.1001967591630075,2.7520600456206012,8.735928635640676,10.912829229553507,1.04,1.416,1.416,1.04,2.0,2.6,4.2,3.8,5.4,4.0,13.2,13.6,54.0,57.4,2.2,4.0,13.0,14.0,169.8,155.6
2026-04-17,Inter,Cagliari,3,0,H,0,0,D,18,10,5,1,4,9,17,6,19:45,-1.75,1.93,1.93,,,1.25,6.5,13.0,1.23,6.04,11.88,0,2,0,0,1.25,6.0,12.0,1.25,6.25,11.0,,,,,,,1.57,2.38,,,1.56,2.35,2025-26,Serie A,,,,1569.28100586,,6.141258707635201,2.9504008375542377,17.88623411179807,11.11292056395438,1.99,0.8,0.8,1.99,4.4,1.6,7.4,3.4,6.6,2.8,15.8,8.6,57.2,40.4,2.4,5.2,16.0,15.4,143.4,152.6
2026-04-18,Udinese,Parma,0,1,A,0,0,D,16,10,3,1,10,5,11,8,14:00,-0.25,1.83,2.03,,,2.25,3.1,4.0,2.16,2.99,3.77,2,0,0,0,2.15,3.0,3.9,2.2,3.1,3.6,,,,,,,2.3,1.62,,,2.27,1.6,2025-26,Serie A,,,1650.62402344,,,4.571683428057644,3.5223435137809034,11.170982220878573,7.552993412053767,1.068,1.042,1.042,1.068,1.8,2.2,4.8,2.8,4.4,2.0,15.8,10.4,45.8,39.8,1.4,2.6,16.8,8.2,183.0,156.6
2026-04-18,Napoli,Lazio,0,2,A,0,1,A,12,14,0,7,12,0,11,9,17:00,-1.0,1.9,1.95,,,1.67,4.0,7.1,1.54,3.83,6.58,1,3,0,0,1.53,3.9,7.0,1.57,3.8,6.5,,,,,,,2.2,1.67,,,2.17,1.66,2025-26,Serie A,,,1796.20458984,1698.6529541,97.55163573999994,5.764096846435038,4.517694416849642,12.09227889302337,10.974978040610443,1.328,0.77,0.77,1.328,2.2,2.2,5.2,3.2,4.4,3.0,11.2,11.4,50.4,53.6,1.6,3.0,11.6,11.4,148.0,166.4
2026-04-18,Roma,Atalanta,1,1,D,1,1,D,19,8,9,2,7,6,4,14,19:45,0.0,1.8,2.05,,,2.54,3.4,3.25,2.4,3.25,2.94,1,2,0,0,2.45,3.25,2.9,2.37,3.25,3.0,,,,,,,2.0,1.8,,,1.98,1.78,2025-26,Serie A,,,1758.6739502,1783.91101074,-25.237060539999906,5.186360584907269,4.718044533177372,12.904460410414584,14.044425459502634,1.116,1.042,1.042,1.116,2.0,1.2,5.6,6.4,3.6,5.0,13.8,13.4,57.6,63.0,3.0,3.6,12.8,11.4,151.8,159.4
2026-04-19,Cremonese,Torino,0,0,D,0,0,D,14,4,4,1,6,1,11,12,11:30,0.0,2.05,1.8,,,3.0,3.2,2.6,2.86,3.08,2.54,0,3,0,0,2.88,3.1,2.6,2.9,3.1,2.55,,,,,,,2.2,1.67,,,2.18,1.65,2025-26,Serie A,,,1523.25744629,1627.05737305,-103.79992676000006,3.453833540612809,3.300029820099118,11.73700647605644,12.51989983863131,1.018,1.216,1.216,1.018,2.0,2.2,2.6,4.2,2.8,3.6,8.8,12.4,46.4,41.6,3.6,2.4,11.2,14.0,189.4,159.4
2026-04-19,Verona,Milan,0,1,A,0,1,A,13,6,2,3,6,1,13,6,14:00,1.0,1.83,2.03,,,6.5,4.0,1.62,6.12,3.83,1.56,2,0,0,0,6.25,3.9,1.57,5.75,3.75,1.62,,,,,,,2.05,1.8,,,2.0,1.76,2025-26,Serie A,,,1497.23913574,1779.54541016,-282.30627442000014,5.6588962135107135,4.650618064931365,12.3490552032051,11.553469725443929,,1.322,1.322,,,2.2,,3.8,,3.4,,10.2,,48.6,,4.0,,7.8,,130.2
2026-04-19,Pisa,Genoa,1,2,A,1,1,D,12,13,4,5,5,5,21,16,17:00,0.25,1.83,2.03,,,3.4,3.25,2.38,3.24,3.12,2.29,3,1,0,0,3.25,3.1,2.35,3.2,3.25,2.3,,,,,,,2.5,1.53,,,2.38,1.54,2025-26,Serie A,,,,1629.72888184,,2.701195498723353,3.989058888361283,8.641478476374544,11.60635241117344,1.148,1.472,1.472,1.148,2.2,2.8,3.8,2.6,8.4,4.8,11.0,12.4,43.6,42.2,3.2,4.0,13.0,12.6,191.8,155.8
2026-04-19,Juventus,Bologna,2,0,H,1,0,H,14,7,4,0,6,1,10,5,19:45,-1.25,2.05,1.75,,,1.5,4.5,7.0,1.45,4.38,6.58,1,0,0,0,1.5,4.5,6.5,1.47,4.5,6.25,,,,,,,1.73,2.1,,,1.71,2.08,2025-26,Serie A,,,1790.03015137,1694.50744629,95.52270508000016,6.03737996839399,3.5974293391099774,18.54885147545723,13.0707719627258,2.282,1.538,1.538,2.282,3.8,2.8,5.4,3.2,6.0,3.8,19.8,13.0,59.8,54.8,2.0,4.2,11.4,16.8,139.0,160.8
2026-04-20,Lecce,Fiorentina,1,1,D,0,1,A,14,5,4,3,5,2,8,13,19:45,0.25,2.0,1.85,,,3.55,3.4,2.2,3.42,3.28,2.13,2,4,0,0,3.4,3.4,2.15,3.5,3.25,2.15,,,,,,,2.1,1.73,,,2.1,1.69,2025-26,Serie A,,,1541.22668457,1665.29052734,-124.06384276999984,3.371331282576185,2.790539914903329,10.043833699154591,9.28759314196703,1.122,1.26,1.26,1.122,1.6,2.0,6.4,4.8,5.2,5.0,12.0,12.8,47.4,53.0,2.4,3.8,12.6,14.2,172.2,155.8
2026-04-24,Napoli,Cremonese,4,0,H,3,0,H,25,7,9,4,7,5,7,11,19:45,-1.5,2.08,1.73,,,1.35,5.25,10.0,1.32,4.85,9.45,0,0,0,0,1.33,5.25,9.0,1.35,5.0,8.75,,,,,,,1.91,1.91,,,1.87,1.87,2025-26,Serie A,,,1779.31811523,1524.81311035,254.50500488000012,7.842731230956693,3.27092736359861,12.06151926201558,6.8842831594251095,1.328,1.042,1.042,1.328,2.2,1.8,5.2,4.4,4.4,4.4,11.2,9.6,50.4,45.8,1.6,5.2,11.6,16.4,148.0,179.8
2026-04-25,Parma,Pisa,1,0,H,0,0,D,15,12,5,3,7,4,10,19,14:00,-0.5,2.08,1.73,,,2.12,3.3,3.9,2.05,3.2,3.73,1,2,0,0,2.1,3.2,3.8,2.05,3.2,3.8,,,,,,,2.3,1.62,,,2.26,1.59,2025-26,Serie A,,,,,,4.6518576086911505,3.09173939171813,10.33330972593952,8.36904992136335,1.076,1.29,1.29,1.076,1.6,2.0,3.8,3.6,4.6,4.4,14.0,10.2,43.6,40.2,3.2,2.8,12.0,12.2,168.4,166.2
2026-04-25,Bologna,Roma,0,2,A,0,2,A,10,7,2,2,7,7,10,16,17:00,0.25,1.83,2.03,,,3.1,3.3,2.45,2.98,3.21,2.38,0,3,0,0,3.1,3.2,2.4,2.87,3.25,2.45,,,,,,,2.1,1.73,,,2.05,1.72,2025-26,Serie A,,,1688.11804199,1757.9074707,-69.78942871000004,5.237689737444072,3.3653425870268823,14.230602854347245,7.97783248106941,1.1,1.286,1.286,1.1,1.8,1.2,5.2,4.6,6.4,3.8,15.6,12.4,57.2,56.0,2.2,5.0,13.2,14.6,174.2,151.4
2026-04-25,Verona,Lecce,0,0,D,0,0,D,6,12,3,2,2,4,15,19,19:45,0.0,1.88,1.98,,,2.7,3.1,2.88,2.66,2.98,2.8,2,5,0,0,2.7,3.0,2.88,2.65,3.1,2.8,,,,,,,2.75,1.44,,,2.66,1.44,2025-26,Serie A,,,1494.24768066,1543.34667969,-49.09899902999996,5.772597475673809,4.315903936098751,12.566036802136733,8.14008039852504,,0.686,0.686,,,1.0,,3.0,,2.8,,8.2,,36.2,,4.6,,13.4,,158.8
2026-04-26,Fiorentina,Sassuolo,0,0,D,0,0,D,22,11,5,1,7,4,13,12,11:30,-0.5,1.93,1.93,,,1.95,3.5,4.33,1.9,3.34,4.08,2,1,0,0,1.91,3.3,4.33,1.93,3.4,4.1,,,,,,,1.88,1.98,,,1.84,1.91,2025-26,Serie A,,,1663.17053223,1632.1809082,30.98962402999996,5.256102193082661,4.126557129085651,13.195045068362305,11.56225382156261,1.802,1.168,1.168,1.802,3.0,2.6,5.6,3.6,4.4,3.4,17.6,9.6,59.4,41.2,2.4,3.6,11.0,13.4,156.6,175.2
2026-04-26,Genoa,Como,0,2,A,0,1,A,9,8,1,2,2,3,12,15,14:00,0.75,1.83,2.03,,,4.75,4.0,1.8,4.52,3.63,1.75,1,3,0,0,4.5,3.8,1.75,4.5,3.6,1.78,,,,,,,2.0,1.8,,,1.98,1.77,2025-26,Serie A,,,1635.51098633,,,4.495454274201043,4.501373363747067,13.94158996495895,11.275219486369007,1.13,1.416,1.416,1.13,1.8,2.6,2.8,3.8,6.4,4.0,9.6,13.6,45.6,57.4,3.0,4.0,11.8,14.0,140.0,155.6
2026-04-26,Torino,Inter,2,2,D,0,1,A,14,14,2,5,5,5,10,8,17:00,1.25,1.93,1.93,,,7.6,5.0,1.44,7.17,4.61,1.4,1,2,0,0,7.5,5.0,1.4,6.75,4.8,1.43,,,,,,,1.67,2.2,,,1.64,2.19,2025-26,Serie A,,,1625.50170898,,,3.388927237857005,4.429708189397797,12.262165603036244,12.71661826699916,1.186,1.486,1.486,1.186,2.4,2.8,4.2,6.2,4.8,6.8,14.0,16.6,47.4,61.8,2.0,1.0,14.0,12.2,170.2,163.8
2026-04-26,Milan,Juventus,0,0,D,0,0,D,8,10,1,5,1,3,12,8,19:45,0.0,2.1,1.7,,,3.1,3.2,2.6,2.93,3.11,2.45,2,3,0,0,3.1,3.1,2.45,2.9,3.2,2.5,,,,,,,1.98,1.88,,,1.94,1.81,2025-26,Serie A,,,1782.53686523,1796.41943359,-13.882568359999825,4.2436735179635106,3.6461833693239223,16.813824687613568,13.4030947002883,2.042,1.448,1.448,2.042,3.6,2.2,5.6,3.6,5.0,1.6,15.4,13.0,52.4,53.2,2.6,1.8,9.4,14.0,153.8,161.2
2026-04-27,Cagliari,Atalanta,3,2,H,2,2,D,9,12,4,6,4,6,8,11,17:30,0.75,1.83,2.03,,,4.75,3.8,1.8,4.51,3.64,1.74,0,0,0,0,4.5,3.6,1.8,4.75,3.6,1.75,,,,,,,1.91,1.91,,,1.9,1.84,2025-26,Serie A,,,1566.92785645,1784.67749023,-217.74963378000007,4.119321114474392,5.145363022118248,11.464737657231383,12.029616973001756,1.046,1.042,1.042,1.046,1.6,1.2,4.2,6.4,4.6,5.0,10.8,13.4,49.6,63.0,2.4,3.6,17.0,11.4,184.8,159.4
2026-04-27,Lazio,Udinese,3,3,D,0,1,A,13,16,5,7,4,5,17,14,19:45,-0.5,2.0,1.85,,,2.05,3.33,4.2,1.97,3.26,3.87,3,1,0,0,1.95,3.3,4.2,2.0,3.3,3.8,,,,,,,2.2,1.67,,,2.18,1.64,2025-26,Serie A,,,1715.53955078,1639.46594238,76.07360840000001,4.136820930012437,3.1260655268624467,9.950106609508891,9.551004878352996,0.912,0.922,0.922,0.912,1.0,1.4,5.4,4.6,4.4,3.2,11.2,9.2,51.4,41.8,2.8,3.2,10.4,13.8,171.0,185.2
2026-05-01,Pisa,Lecce,1,2,A,0,0,D,17,7,7,4,6,1,15,13,19:45,0.25,1.9,1.95,,,3.6,3.1,2.3,3.42,2.99,2.27,4,2,0,0,3.5,3.0,2.3,3.5,2.95,2.3,,,,,,,2.63,1.5,,,2.51,1.49,2025-26,Serie A,,,,1543.39367676,,3.467463665815569,4.210602624065834,9.760985650916364,9.42672026568336,1.148,0.686,0.686,1.148,2.2,1.0,3.8,3.0,8.4,2.8,11.0,8.2,43.6,36.2,3.2,4.6,13.0,13.4,191.8,158.8
2026-05-02,Udinese,Torino,2,0,H,1,0,H,19,9,8,1,5,2,11,18,14:00,-0.25,1.98,1.88,,,2.3,3.3,3.33,2.25,3.19,3.2,1,1,0,0,2.3,3.2,3.3,2.3,3.25,3.1,,,,,,,2.1,1.73,,,2.09,1.69,2025-26,Serie A,,,1642.95617676,1631.0859375,11.870239260000062,6.381122285371763,2.5333532133994123,12.780654813919048,9.679933225754208,1.068,1.216,1.216,1.068,1.8,2.2,4.8,4.2,4.4,3.6,15.8,12.4,45.8,41.6,1.4,2.4,16.8,14.0,183.0,159.4
2026-05-02,Como,Napoli,0,0,D,0,0,D,16,8,5,1,3,2,11,10,17:00,-0.25,1.95,1.9,,,2.3,3.3,3.33,2.24,3.26,3.18,1,1,0,0,2.25,3.3,3.3,2.25,3.3,3.2,,,,,,,2.2,1.67,,,2.12,1.68,2025-26,Serie A,,,,1783.48364258,,4.365651694337808,5.391093626085075,19.22680844100793,15.090795401840827,1.696,1.348,1.348,1.696,2.6,2.2,5.2,5.0,4.0,4.0,15.2,10.8,67.8,56.6,3.0,2.0,12.4,11.6,178.0,162.6
2026-05-02,Atalanta,Genoa,0,0,D,0,0,D,21,7,7,2,6,2,14,10,19:45,-1.0,2.0,1.85,,,1.62,4.2,6.0,1.57,3.99,5.54,2,1,0,0,1.57,4.1,5.75,1.62,4.0,5.25,,,,,,,1.8,2.0,,,1.79,1.95,2025-26,Serie A,,,1772.26403809,1625.93908691,146.32495117999997,8.598538261386963,4.326039258907523,18.178281909386,12.07090160744896,1.532,1.472,1.472,1.532,2.6,2.8,4.8,2.6,3.4,4.8,14.4,12.4,53.0,42.2,2.0,4.0,12.2,12.6,160.6,155.8
2026-05-03,Juventus,Verona,1,1,D,0,1,A,29,7,7,3,14,1,9,19,17:00,-1.75,1.88,1.98,,,1.25,6.5,14.0,1.21,6.02,12.75,1,4,0,0,1.22,6.5,12.0,1.24,6.25,12.0,,,,,,,1.67,2.2,,,1.62,2.21,2025-26,Serie A,,,1797.48547363,1494.20068359,303.28479003999996,6.0249199789293275,4.345289620324985,17.03256765030482,13.686895283040164,2.282,,,2.282,3.8,,5.4,,6.0,,19.8,,59.8,,2.0,,11.4,,139.0,
2026-05-03,Inter,Parma,2,0,H,1,0,H,12,4,5,0,8,3,9,7,19:45,-1.75,1.83,2.03,,,1.25,6.5,13.0,1.21,6.25,11.94,1,0,0,0,1.22,6.0,13.0,1.24,6.5,11.5,,,,,,,1.5,2.63,,,1.48,2.55,2025-26,Serie A,,,,,,5.427505805090134,4.014895675853936,17.92415607453205,8.368662274702512,1.99,1.042,1.042,1.99,4.4,2.2,7.4,2.8,6.6,2.0,15.8,10.4,57.2,39.8,2.4,2.6,16.0,8.2,143.4,156.6
2026-05-03,Sassuolo,Milan,2,0,H,1,0,H,13,7,4,1,2,3,16,16,14:00,0.75,1.93,1.93,,,4.75,4.2,1.73,4.49,3.98,1.68,4,4,0,1,4.5,4.1,1.73,4.4,4.1,1.7,,,,,,,1.73,2.1,,,1.69,2.1,2025-26,Serie A,,,1634.49951172,1781.47094727,-146.9714355499998,4.400131172775339,3.4337453766209105,9.490619090427115,9.702313150295954,1.04,1.322,1.322,1.04,2.0,2.2,4.2,3.8,5.4,3.4,13.2,10.2,54.0,48.6,2.2,4.0,13.0,7.8,169.8,130.2
2026-05-03,Bologna,Cagliari,0,0,D,0,0,D,13,8,4,2,7,2,13,12,11:30,-0.75,2.05,1.75,,,1.83,3.6,4.9,1.78,3.43,4.55,2,1,0,0,1.8,3.5,4.75,1.8,3.5,4.5,,,,,,,2.1,1.73,,,2.09,1.69,2025-26,Serie A,,,1677.44104004,1579.34130859,98.09973145000004,5.825126491629382,4.966933891702825,12.820401902898162,10.741947042636252,1.1,0.8,0.8,1.1,1.8,1.6,5.2,3.4,6.4,2.8,15.6,8.6,57.2,40.4,2.2,5.2,13.2,15.4,174.2,152.6
2026-05-04,Cremonese,Lazio,1,2,A,1,0,H,13,8,5,3,3,3,16,13,17:30,0.0,2.1,1.78,,,3.0,3.3,2.5,2.88,3.21,2.42,1,2,0,0,2.9,3.25,2.5,2.9,3.25,2.45,,,,,,,2.1,1.73,,,2.1,1.69,2025-26,Serie A,,,1520.64746094,1712.04931641,-191.4018554700001,4.302555693741873,3.0117962778997613,12.491337650704295,11.983318693740298,1.018,0.77,0.77,1.018,2.0,2.2,2.6,3.2,2.8,3.0,8.8,11.4,46.4,53.6,3.6,3.0,11.2,11.4,189.4,166.4
2026-05-04,Roma,Fiorentina,4,0,H,3,0,H,14,4,7,1,4,5,12,10,19:45,-0.75,1.8,2.05,,,1.66,4.2,5.4,1.61,3.94,5.08,2,2,0,0,1.62,4.2,5.0,1.65,4.0,5.0,,,,,,,1.9,1.95,,,1.84,1.91,2025-26,Serie A,,,1768.58447266,1660.85192871,107.73254395000004,5.790907056604846,2.527026609935553,14.936306940276388,7.858395427978021,1.116,1.26,1.26,1.116,2.0,2.0,5.6,4.8,3.6,5.0,13.8,12.8,57.6,53.0,3.0,3.8,12.8,14.2,151.8,155.8
2026-05-08,Torino,Sassuolo,2,1,H,0,0,D,18,13,4,7,7,5,13,9,19:45,0.0,1.83,2.03,,,2.6,3.33,3.0,2.49,3.23,2.81,4,2,0,0,2.6,3.2,2.8,2.5,3.25,2.85,,,,,,,1.91,1.91,,,1.86,1.88,2025-26,Serie A,,,1622.01342773,1649.1673584,-27.15393066999991,3.92595149190467,4.084371419390434,12.841443735357498,11.37483588104174,1.186,1.168,1.168,1.186,2.4,2.6,4.2,3.6,4.8,3.4,14.0,9.6,47.4,41.2,2.0,3.6,14.0,13.4,170.2,175.2
2026-05-09,Cagliari,Udinese,0,2,A,0,0,D,22,9,5,6,8,4,10,13,14:00,0.0,1.78,2.1,,,2.55,3.2,2.94,2.5,3.12,2.89,1,1,0,0,2.5,3.2,2.9,2.55,3.1,2.85,,,,,,,2.2,1.67,,,2.2,1.64,2025-26,Serie A,,,1583.46813965,1652.02868652,-68.56054687000005,4.079547409649595,3.750710351241631,10.643158438154256,11.700669918901998,1.046,0.922,0.922,1.046,1.6,1.4,4.2,4.6,4.6,3.2,10.8,9.2,49.6,41.8,2.4,3.2,17.0,13.8,184.8,185.2
2026-05-09,Lazio,Inter,0,3,A,0,2,A,9,14,5,5,5,1,10,8,17:00,0.75,1.83,2.03,,,4.6,3.8,1.8,4.37,3.72,1.75,2,1,1,0,4.5,3.7,1.8,4.4,3.75,1.77,,,,,,,1.8,2.0,,,1.75,2.01,2025-26,Serie A,,,1716.85656738,,,4.091213953341625,4.619805459598531,10.966737739672595,13.14441217799944,0.912,1.486,1.486,0.912,1.0,2.8,5.4,6.2,4.4,6.8,11.2,16.6,51.4,61.8,2.8,1.0,10.4,12.2,171.0,163.8
2026-05-09,Lecce,Juventus,0,1,A,0,1,A,8,15,3,6,1,7,7,18,19:45,1.25,1.83,2.03,,,7.1,4.5,1.48,6.74,4.42,1.44,1,1,0,0,6.25,4.5,1.45,6.5,4.5,1.47,,,,,,,1.73,2.1,,,1.67,2.12,2025-26,Serie A,,,1551.2722168,1789.74865723,-238.4764404299999,3.9142208550507904,3.430788912882615,11.362555799436397,12.2687298001922,1.122,1.448,1.448,1.122,1.6,2.2,6.4,3.6,5.2,1.6,12.0,13.0,47.4,53.2,2.4,1.8,12.6,14.0,172.2,161.2
2026-05-10,Cremonese,Pisa,3,0,H,1,0,H,10,0,6,0,7,1,10,12,14:00,-0.75,1.93,1.93,,,1.73,3.75,5.1,1.69,3.62,4.97,0,4,0,2,1.7,3.75,5.0,1.72,3.6,5.0,,,,,,,2.1,1.73,,,2.09,1.69,2025-26,Serie A,,,1515.84020996,,,3.8683704624945823,3.3944929278120872,12.6608917671362,9.579366614242234,1.018,1.29,1.29,1.018,2.0,2.0,2.6,3.6,2.8,4.4,8.8,10.2,46.4,40.2,3.6,2.8,11.2,12.2,189.4,166.2
2026-05-10,Milan,Atalanta,2,3,A,0,2,A,20,9,9,5,2,2,8,17,19:45,-0.5,2.05,1.75,,,2.1,3.6,3.8,2.05,3.42,3.47,3,3,0,0,2.1,3.3,3.5,2.1,3.4,3.5,,,,,,,1.85,2.0,,,1.78,1.97,2025-26,Serie A,,,1766.80310059,1767.05981445,-0.2567138599999907,3.1624490119756743,5.430242014745499,13.875883125075712,12.01974464866784,2.042,1.042,1.042,2.042,3.6,1.2,5.6,6.4,5.0,5.0,15.4,13.4,52.4,63.0,2.6,3.6,9.4,11.4,153.8,159.4
2026-05-10,Verona,Como,0,1,A,0,0,D,11,11,3,4,7,7,17,14,11:30,1.25,1.98,1.88,,,8.5,4.8,1.41,8.03,4.6,1.37,1,1,0,0,8.0,4.75,1.38,8.0,4.8,1.38,,,,,,,1.93,1.93,,,1.86,1.89,2025-26,Serie A,,,1501.93737793,,,4.51506498378254,4.000915575831378,10.377357868091156,10.18347965757934,,1.416,1.416,,,2.6,,3.8,,4.0,,13.6,,57.4,,4.0,,14.0,,155.6
2026-05-10,Fiorentina,Genoa,0,0,D,0,0,D,13,9,1,3,4,3,13,14,14:00,-0.5,2.05,1.75,,,2.1,3.5,3.75,2.06,3.31,3.56,0,0,0,0,2.1,3.4,3.6,2.05,3.3,3.75,,,,,,,2.1,1.73,,,2.05,1.72,2025-26,Serie A,,,1652.45849609,1631.14331055,21.315185539999906,5.837401462055108,3.550692839271682,16.13003004557487,10.38060107163264,1.802,1.472,1.472,1.802,3.0,2.8,5.6,2.6,4.4,4.8,17.6,12.4,59.4,42.2,2.4,4.0,11.0,12.6,156.6,155.8
2026-05-10,Parma,Roma,2,3,A,0,1,A,11,15,3,7,3,6,14,8,17:00,1.0,1.9,1.95,,,6.5,4.5,1.57,6.12,4.01,1.53,4,0,1,0,6.25,4.1,1.53,6.0,4.0,1.57,,,,,,,2.0,1.8,,,2.0,1.76,2025-26,Serie A,,,,1776.97790527,,5.434571739127433,4.5768950580179215,11.888873150626347,7.65188832071294,1.076,1.286,1.286,1.076,1.6,1.2,3.8,4.6,4.6,3.8,14.0,12.4,43.6,56.0,3.2,5.0,12.0,14.6,168.4,151.4
2026-05-11,Napoli,Bologna,2,3,A,1,2,A,14,10,5,4,7,1,10,12,19:45,-1.0,1.93,1.93,,,1.57,4.2,6.5,1.52,4.01,6.06,1,4,0,0,1.53,4.2,6.0,1.57,4.0,6.0,,,,,,,1.98,1.88,,,1.9,1.85,2025-26,Serie A,,,1783.96447754,1673.31420898,110.65026855999986,7.561820820637795,2.731619559406652,16.374346174677054,11.047181308483868,1.328,1.538,1.538,1.328,2.2,2.8,5.2,3.2,4.4,3.8,11.2,13.0,50.4,54.8,1.6,4.2,11.6,16.8,148.0,160.8
2026-05-17,Cagliari,Torino,2,1,H,2,1,H,13,10,4,3,5,1,8,13,19:45,-0.25,2.0,1.85,,,2.45,3.2,3.33,2.35,3.11,3.08,1,1,0,0,2.3,3.1,3.2,2.45,3.1,3.0,,,,,,,2.2,1.67,,,2.22,1.62,2025-26,Serie A,,,1572.5135498,1629.3840332,-56.87048340000001,5.386364939766397,2.355568808932942,14.428772292102838,9.453288817169472,1.046,1.216,1.216,1.046,1.6,2.2,4.2,4.2,4.6,3.6,10.8,12.4,49.6,41.6,2.4,2.4,17.0,14.0,184.8,159.4
2026-05-17,Atalanta,Bologna,0,1,A,0,0,D,10,10,1,5,2,5,17,6,17:00,-0.75,1.83,2.03,,,1.67,4.2,5.0,1.64,4.06,4.65,1,1,0,0,1.62,4.2,4.75,1.66,4.2,4.6,,,,,,,1.67,2.2,,,1.62,2.22,2025-26,Serie A,,,1776.57214355,1685.59570312,90.97644042999993,7.732358840924642,2.1544130396044348,19.118854606257337,10.69812087232258,1.532,1.538,1.538,1.532,2.6,2.8,4.8,3.2,3.4,3.8,14.4,13.0,53.0,54.8,2.0,4.2,12.2,16.8,160.6,160.8
2026-05-17,Sassuolo,Lecce,2,3,A,1,2,A,15,11,6,6,2,8,7,13,19:45,0.0,1.95,1.9,,,2.8,3.3,2.75,2.67,3.18,2.61,1,4,0,0,2.7,3.2,2.63,2.8,3.2,2.55,,,,,,,2.0,1.8,,,2.02,1.74,2025-26,Serie A,,,1641.79675293,1547.32385254,94.47290038999996,3.6000874485168928,3.140401749377223,10.660412726951412,8.617813510455575,1.04,0.686,0.686,1.04,2.0,1.0,4.2,3.0,5.4,2.8,13.2,8.2,54.0,36.2,2.2,4.6,13.0,13.4,169.8,158.8
2026-05-17,Inter,Verona,1,1,D,0,0,D,17,14,6,5,10,2,9,12,14:00,-2.0,2.0,1.85,,,1.22,8.0,15.0,1.18,6.85,12.88,0,2,0,0,1.2,8.0,9.0,1.21,7.0,12.0,,,,,,,1.5,2.63,,,1.47,2.57,2025-26,Serie A,,,,1498.16870117,,6.285003870060089,3.230193080216657,15.949437383021367,11.457930188693442,1.99,,,1.99,4.4,,7.4,,6.6,,15.8,,57.2,,2.4,,16.0,,143.4,
2026-05-17,Udinese,Cremonese,0,1,A,0,1,A,10,7,2,4,5,5,10,9,19:45,-0.25,2.05,1.8,,,2.45,3.3,3.05,2.34,3.26,2.97,1,3,0,0,2.3,3.3,3.0,2.35,3.3,3.0,,,,,,,2.1,1.73,,,2.02,1.74,2025-26,Serie A,,,1662.98327637,1525.73413086,137.24914551000006,5.920748190247842,3.84728490906574,14.853769875946032,6.92285543961674,1.068,1.042,1.042,1.068,1.8,1.8,4.8,4.4,4.4,4.4,15.8,9.6,45.8,45.8,1.4,5.2,16.8,16.4,183.0,179.8
2026-05-17,Pisa,Napoli,0,3,A,0,2,A,4,10,2,5,1,6,13,8,11:00,1.25,1.98,1.88,,,9.0,5.0,1.4,8.06,4.63,1.37,2,2,0,0,9.0,4.5,1.36,7.5,4.8,1.4,,,,,,,1.8,2.0,,,1.78,1.97,2025-26,Serie A,,,,1771.6829834,,4.311642443877046,4.260729084056718,12.173990433944244,12.727196934560553,1.148,1.348,1.348,1.148,2.2,2.2,3.8,5.0,8.4,4.0,11.0,10.8,43.6,56.6,3.2,2.0,13.0,11.6,191.8,162.6
2026-05-17,Genoa,Milan,1,2,A,0,0,D,11,8,2,6,4,4,8,19,11:00,0.75,1.9,1.95,,,4.85,3.8,1.76,4.65,3.69,1.71,2,3,0,0,4.5,3.7,1.7,4.8,3.75,1.72,,,,,,,1.98,1.88,,,1.91,1.84,2025-26,Serie A,,,1633.29614258,1757.29077148,-123.99462890000018,3.6636361828006954,3.2891635844139406,12.294393309972635,8.801542100197302,1.13,1.322,1.322,1.13,1.8,2.2,2.8,3.8,6.4,3.4,9.6,10.2,45.6,48.6,3.0,4.0,11.8,7.8,140.0,130.2
2026-05-17,Como,Parma,1,0,H,0,0,D,23,2,7,2,15,2,10,14,11:00,-1.75,2.0,1.85,,,1.28,6.0,13.0,1.24,5.69,11.34,2,0,0,0,1.25,5.25,12.0,1.28,5.75,10.0,,,,,,,1.67,2.2,,,1.62,2.21,2025-26,Serie A,,,,,,3.910434462891872,3.6765971172359575,18.15120562733862,6.912441516468341,1.696,1.042,1.042,1.696,2.6,2.2,5.2,2.8,4.0,2.0,15.2,10.4,67.8,39.8,3.0,2.6,12.4,8.2,178.0,156.6
2026-05-17,Juventus,Fiorentina,0,2,A,0,1,A,26,10,9,4,6,2,15,12,11:00,-1.5,1.93,1.93,,,1.35,6.0,9.4,1.31,5.28,8.38,1,3,0,1,1.33,5.0,8.5,1.35,5.5,7.75,,,,,,,1.62,2.3,,,1.57,2.31,2025-26,Serie A,,,1793.69714355,1650.30566406,143.39147948999994,8.683279985952886,3.3513510732903686,21.02171176686988,6.5722636186520145,2.282,1.26,1.26,2.282,3.8,2.0,5.4,4.8,6.0,5.0,19.8,12.8,59.8,53.0,2.0,3.8,11.4,14.2,139.0,155.8
2026-05-17,Roma,Lazio,2,0,H,1,0,H,16,6,7,2,8,3,15,17,11:00,-1.0,1.93,1.93,,,1.57,4.5,6.5,1.52,4.09,6.0,2,3,1,1,1.53,4.0,5.75,1.57,4.1,5.75,,,,,,,1.93,1.93,,,1.87,1.87,2025-26,Serie A,,,1782.10266113,1708.05065918,74.05200194999998,5.193938037736564,3.007864185266508,14.624204626850926,10.655545795826866,1.116,0.77,0.77,1.116,2.0,2.2,5.6,3.2,3.6,3.0,13.8,11.4,57.6,53.6,3.0,3.0,12.8,11.4,151.8,166.4
2026-05-22,Fiorentina,Atalanta,1,1,D,1,0,H,11,21,4,6,3,3,11,14,19:45,0.0,2.0,1.85,,,2.72,3.6,2.6,2.65,3.43,2.49,0,2,0,0,2.7,3.5,2.55,2.65,3.4,2.55,,,,,,,1.67,2.2,,,1.65,2.19,2025-26,Serie A,,,1668.82006836,1764.87145996,-96.0513916,5.2249343080367385,4.286828009830333,15.086686697049911,11.013163099111894,1.802,1.042,1.042,1.802,3.0,1.2,5.6,6.4,4.4,5.0,17.6,13.4,59.4,63.0,2.4,3.6,11.0,11.4,156.6,159.4
2026-05-23,Bologna,Inter,3,3,D,2,1,H,11,11,3,5,1,4,15,14,17:00,0.25,1.9,1.95,,,3.1,3.75,2.28,2.95,3.64,2.19,0,2,0,0,3.1,3.6,2.2,3.0,3.75,2.2,,,,,,,1.57,2.38,,,1.55,2.36,2025-26,Serie A,,,1697.29626465,,,6.216750994419588,3.4132036397323544,12.880267935265444,13.429608118666296,1.1,1.486,1.486,1.1,1.8,2.8,5.2,6.2,6.4,6.8,15.6,16.6,57.2,61.8,2.2,1.0,13.2,12.2,174.2,163.8
2026-05-23,Lazio,Pisa,2,1,H,2,1,H,15,8,9,2,5,1,9,8,19:45,-1.0,1.93,1.93,,,1.55,4.5,6.6,1.52,4.16,5.76,2,1,0,0,1.55,4.2,6.0,1.55,4.33,5.5,,,,,,,1.8,2.0,,,1.76,2.0,2025-26,Serie A,,,1700.96362305,,,4.394142635561083,2.596328618541392,10.311158493115064,6.386244409494823,0.912,1.29,1.29,0.912,1.0,2.0,5.4,3.6,4.4,4.4,11.2,10.2,51.4,40.2,2.8,2.8,10.4,12.2,171.0,166.2
2026-05-24,Milan,Cagliari,1,2,A,1,1,D,16,25,3,10,5,5,8,9,19:45,-1.5,1.85,2.0,,,1.29,5.75,11.0,1.26,5.3,10.35,2,2,0,0,1.29,5.5,11.0,1.29,5.75,10.0,,,,,,,1.67,2.2,,,1.66,2.14,2025-26,Serie A,,,1763.58178711,1580.76501465,182.81677246000004,2.774966007983783,3.977955927801884,15.917255416717143,9.827964695090836,2.042,0.8,0.8,2.042,3.6,1.6,5.6,3.4,5.0,2.8,15.4,8.6,52.4,40.4,2.6,5.2,9.4,15.4,153.8,152.6
2026-05-24,Lecce,Genoa,1,0,H,1,0,H,9,8,4,1,1,6,11,6,19:45,-0.75,2.0,1.85,,,1.8,3.5,5.0,1.73,3.42,4.84,2,0,0,0,1.75,3.5,5.0,1.77,3.4,5.0,,,,,,,2.3,1.62,,,2.26,1.59,2025-26,Serie A,,,1559.24267578,1627.00512695,-67.76245117000008,2.942813903367194,3.367128559514455,10.24170386629093,9.92040071442176,1.122,1.472,1.472,1.122,1.6,2.8,6.4,2.6,5.2,4.8,12.0,12.4,47.4,42.2,2.4,4.0,12.6,12.6,172.2,155.8
2026-05-24,Torino,Juventus,2,2,D,0,1,A,12,17,5,4,6,6,10,10,19:45,1.25,1.88,1.98,,,7.5,4.75,1.44,7.23,4.45,1.4,1,2,0,0,7.5,4.5,1.42,7.0,4.75,1.43,,,,,,,1.73,2.1,,,1.72,2.03,2025-26,Serie A,,,1621.13244629,1775.18273926,-154.0502929700001,4.950634327936447,4.620525941921743,14.560962490238332,13.179153200128136,1.186,1.448,1.448,1.186,2.4,2.2,4.2,3.6,4.8,1.6,14.0,13.0,47.4,53.2,2.0,1.8,14.0,14.0,170.2,161.2
2026-05-24,Napoli,Udinese,1,0,H,1,0,H,14,10,6,3,3,3,3,13,17:00,-1.0,1.8,2.05,,,1.5,4.33,8.0,1.47,4.07,6.72,0,3,0,1,1.48,4.0,8.0,1.5,4.2,6.75,,,,,,,1.9,1.95,,,1.87,1.86,2025-26,Serie A,,,1776.30615234,1649.93127441,126.37487792999993,7.374547213758531,3.833806900827754,15.582897449784705,10.800446612601332,1.328,0.922,0.922,1.328,2.2,1.4,5.2,4.6,4.4,3.2,11.2,9.2,50.4,41.8,1.6,3.2,11.6,13.8,148.0,185.2
2026-05-24,Parma,Sassuolo,1,0,H,0,0,D,16,6,3,1,1,1,10,14,14:00,0.0,1.95,1.9,,,2.7,3.45,2.68,2.61,3.3,2.55,2,2,0,0,2.7,3.4,2.63,2.65,3.4,2.6,,,,,,,1.9,1.95,,,1.87,1.87,2025-26,Serie A,,,,1629.87792969,,4.623047826084956,4.38958094626029,11.592582100417566,11.916557254027827,1.076,1.168,1.168,1.076,1.6,2.6,3.8,3.6,4.6,3.4,14.0,9.6,43.6,41.2,3.2,3.6,12.0,13.4,168.4,175.2
2026-05-24,Cremonese,Como,1,4,A,0,1,A,6,15,1,6,2,4,14,12,19:45,1.0,1.88,1.98,,,5.66,4.33,1.6,5.33,4.05,1.55,4,2,3,0,5.25,4.33,1.57,5.25,4.1,1.6,,,,,,,1.67,2.2,,,1.67,2.13,2025-26,Serie A,,,1538.78613281,,,4.912246974996388,5.000610383887585,11.773927844757466,10.455653105052892,1.018,1.416,1.416,1.018,2.0,2.6,2.6,3.8,2.8,4.0,8.8,13.6,46.4,57.4,3.6,4.0,11.2,14.0,189.4,155.6
2026-05-24,Verona,Roma,0,2,A,0,0,D,8,19,3,7,6,6,12,10,19:45,1.5,1.88,1.98,,,13.0,5.5,1.35,9.84,5.01,1.3,3,1,1,0,10.0,5.5,1.3,9.0,5.0,1.34,,,,,,,1.8,2.0,,,1.78,1.97,2025-26,Serie A,,,1506.81774902,1789.18969727,-282.37194824999983,5.343376655855026,5.051263372011948,10.584905245394104,10.101258880475294,,1.286,1.286,,,1.2,,4.6,,3.8,,12.4,,56.0,,5.0,,14.6,,151.4
