date_elo,team_elo,elo
1946-07-07,Napoli,1722.61303711
1946-09-23,Napoli,1732.96716309
1946-09-30,Napoli,1727.20361328
1946-10-07,Napoli,1715.41320801
1946-10-14,Napoli,1720.15551758
1946-10-21,Napoli,1717.46923828
1946-10-28,Napoli,1713.0123291
1946-11-04,Napoli,1720.15649414
1946-11-11,Napoli,1717.07434082
1946-11-13,Napoli,1723.90100098
1946-11-25,Napoli,1718.59423828
1946-12-08,Napoli,1720.59423828
1946-12-09,Napoli,1715.36669922
1946-12-16,Napoli,1714.68029785
1946-12-23,Napoli,1723.87414551
1946-12-30,Napoli,1733.76525879
1947-01-06,Napoli,1727.95178223
1947-01-13,Napoli,1732.85693359
1947-01-20,Napoli,1735.69836426
1947-01-27,Napoli,1746.09387207
1947-02-03,Napoli,1743.65490723
1947-02-17,Napoli,1745.95727539
1947-02-24,Napoli,1749.39257812
1947-03-03,Napoli,1755.84362793
1947-03-10,Napoli,1742.38500977
1947-03-17,Napoli,1732.02990723
1947-03-24,Napoli,1730.35742188
1947-03-31,Napoli,1717.48681641
1947-04-07,Napoli,1727.48852539
1947-04-14,Napoli,1722.25744629
1947-04-21,Napoli,1718.57373047
1947-04-29,Napoli,1721.57373047
1947-05-05,Napoli,1732.4822998
1947-05-15,Napoli,1735.4822998
1947-05-19,Napoli,1732.96557617
1947-05-26,Napoli,1723.90368652
1947-06-02,Napoli,1728.95874023
1947-06-09,Napoli,1724.43774414
1947-06-16,Napoli,1719.42529297
1947-06-23,Napoli,1699.4140625
1947-06-30,Napoli,1704.95336914
1947-07-07,Napoli,1700.56835938
1947-09-15,Napoli,1697.25891113
1947-09-22,Napoli,1693.01208496
1947-10-06,Napoli,1690.50720215
1947-10-13,Napoli,1685.828125
1947-10-20,Napoli,1683.76452637
1947-10-27,Napoli,1673.86010742
1947-11-03,Napoli,1675.27807617
1947-11-16,Napoli,1646.27807617
1947-11-17,Napoli,1647.31494141
1947-11-24,Napoli,1650.86096191
1947-12-01,Napoli,1645.9720459
1947-12-08,Napoli,1661.71313477
1947-12-19,Napoli,1665.71313477
1947-12-22,Napoli,1654.73400879
1947-12-29,Napoli,1650.24511719
1948-01-02,Napoli,1646.26928711
1948-01-05,Napoli,1640.91503906
1948-01-12,Napoli,1639.44445801
1948-01-19,Napoli,1630.23168945
1948-01-26,Napoli,1644.66967773
1948-02-02,Napoli,1638.04382324
1948-02-09,Napoli,1633.20654297
1948-02-16,Napoli,1637.19543457
1948-02-23,Napoli,1645.25109863
1948-03-08,Napoli,1649.65515137
1948-03-15,Napoli,1659.41906738
1948-03-22,Napoli,1654.2364502
1948-03-29,Napoli,1658.85888672
1948-04-06,Napoli,1664.85888672
1948-04-12,Napoli,1659.41638184
1948-04-22,Napoli,1679.95507812
1948-04-26,Napoli,1671.66308594
1948-05-03,Napoli,1678.11010742
1948-05-07,Napoli,1675.05615234
1948-05-10,Napoli,1670.14001465
1948-05-18,Napoli,1643.14001465
1948-05-24,Napoli,1650.26550293
1948-05-28,Napoli,1647.69519043
1948-05-31,Napoli,1652.28637695
1948-06-07,Napoli,1665.28747559
1948-06-14,Napoli,1660.67138672
1948-06-21,Napoli,1656.4588623
1948-06-28,Napoli,1663.12634277
1948-07-05,Napoli,1667.18041992
1948-09-20,Napoli,1659.49975586
1948-09-27,Napoli,1661.10131836
1948-10-04,Napoli,1652.36657715
1948-10-11,Napoli,1645.4597168
1948-10-18,Napoli,1644.60620117
1948-10-25,Napoli,1647.64465332
1948-11-01,Napoli,1656.19750977
1948-11-05,Napoli,1657.91699219
1948-11-08,Napoli,1659.58300781
1948-11-15,Napoli,1661.3996582
1948-11-22,Napoli,1660.56054688
1948-11-29,Napoli,1662.46057129
1948-12-06,Napoli,1662.9083252
1948-12-13,Napoli,1654.96179199
1948-12-20,Napoli,1646.50256348
1948-12-27,Napoli,1631.32312012
1948-12-31,Napoli,1624.4732666
1949-01-03,Napoli,1628.4107666
1949-01-07,Napoli,1617.64611816
1949-01-10,Napoli,1619.32092285
1949-01-17,Napoli,1630.42272949
1949-01-24,Napoli,1632.08215332
1949-01-31,Napoli,1625.37744141
1949-02-07,Napoli,1618.39794922
1949-02-14,Napoli,1608.61242676
1949-02-21,Napoli,1601.30639648
1949-03-06,Napoli,1603.30639648
1949-03-07,Napoli,1596.82714844
1949-03-14,Napoli,1600.75830078
1949-03-21,Napoli,1609.37878418
1949-04-03,Napoli,1621.37878418
1949-04-04,Napoli,1624.89477539
1949-04-11,Napoli,1617.43896484
1949-04-18,Napoli,1621.69934082
1949-04-25,Napoli,1615.06091309
1949-05-02,Napoli,1619.21789551
1949-05-09,Napoli,1622.29150391
1949-05-16,Napoli,1615.02368164
1949-05-26,Napoli,1621.02368164
1949-05-30,Napoli,1623.75170898
1949-06-06,Napoli,1614.63256836
1949-06-13,Napoli,1611.93640137
1949-06-17,Napoli,1607.93640137
1949-06-20,Napoli,1602.09655762
1949-06-27,Napoli,1592.51245117
1949-06-30,Napoli,1504.31994629
1949-07-03,Napoli,1510.65734863
1949-07-04,Napoli,1514.41491699
1949-09-12,Napoli,1520.49987793
1949-09-19,Napoli,1524.58215332
1949-09-26,Napoli,1527.33166504
1949-10-03,Napoli,1522.02062988
1949-10-10,Napoli,1527.42529297
1949-10-17,Napoli,1529.55932617
1949-10-24,Napoli,1532.14123535
1949-10-31,Napoli,1526.48425293
1949-11-07,Napoli,1547.69372559
1949-11-14,Napoli,1518.17993164
1949-11-21,Napoli,1521.87963867
1949-11-28,Napoli,1513.10620117
1949-12-05,Napoli,1516.23461914
1949-12-09,Napoli,1511.10852051
1949-12-12,Napoli,1513.5020752
1949-12-19,Napoli,1517.43603516
1949-12-27,Napoli,1527.08544922
1950-01-02,Napoli,1534.6192627
1950-01-09,Napoli,1536.515625
1950-01-16,Napoli,1531.44763184
1950-01-23,Napoli,1540.12426758
1950-01-30,Napoli,1547.50549316
1950-02-06,Napoli,1551.76330566
1950-02-13,Napoli,1543.26306152
1950-02-20,Napoli,1546.95861816
1950-02-27,Napoli,1555.43066406
1950-03-13,Napoli,1562.63842773
1950-03-20,Napoli,1556.82531738
1950-03-27,Napoli,1561.38806152
1950-04-03,Napoli,1564.42871094
1950-04-10,Napoli,1577.83532715
1950-04-17,Napoli,1579.27087402
1950-04-24,Napoli,1581.66577148
1950-05-01,Napoli,1583.88439941
1950-05-08,Napoli,1577.74707031
1950-05-15,Napoli,1579.25439453
1950-05-22,Napoli,1591.34790039
1950-05-29,Napoli,1583.89196777
1950-06-05,Napoli,1605.74401855
1950-06-12,Napoli,1617.86315918
1950-06-15,Napoli,1590.92480469
1950-06-17,Napoli,1575.54150391
1950-06-19,Napoli,1577.14489746
1950-06-26,Napoli,1578.61523438
1950-07-02,Napoli,1578.61523438
1950-09-11,Napoli,1582.43774414
1950-09-18,Napoli,1586.23291016
1950-09-25,Napoli,1579.75756836
1950-10-02,Napoli,1569.18005371
1950-10-09,Napoli,1567.32580566
1950-10-16,Napoli,1561.24609375
1950-10-23,Napoli,1555.15783691
1950-10-30,Napoli,1566.59008789
1950-11-06,Napoli,1565.29382324
1950-11-13,Napoli,1570.28161621
1950-11-20,Napoli,1572.08288574
1950-11-27,Napoli,1577.45666504
1950-12-04,Napoli,1571.3137207
1950-12-11,Napoli,1566.42871094
1950-12-18,Napoli,1571.61193848
1950-12-25,Napoli,1574.74938965
1951-01-01,Napoli,1585.83068848
1951-01-08,Napoli,1596.51098633
1951-01-15,Napoli,1598.85510254
1951-01-22,Napoli,1592.62353516
1951-01-29,Napoli,1586.64221191
1951-02-05,Napoli,1592.29504395
1951-02-12,Napoli,1591.03515625
1951-02-19,Napoli,1572.87866211
1951-02-26,Napoli,1582.68457031
1951-03-05,Napoli,1584.46533203
1951-03-12,Napoli,1597.00585938
1951-03-19,Napoli,1596.70458984
1951-03-26,Napoli,1582.30993652
1951-04-02,Napoli,1575.26342773
1951-04-16,Napoli,1567.28723145
1951-04-23,Napoli,1582.75891113
1951-04-30,Napoli,1579.25512695
1951-05-14,Napoli,1573.82507324
1951-05-21,Napoli,1576.35717773
1951-05-28,Napoli,1581.00671387
1951-06-11,Napoli,1583.92724609
1951-06-18,Napoli,1574.53808594
1951-06-21,Napoli,1597.89086914
1951-06-25,Napoli,1610.64099121
1951-09-10,Napoli,1613.75268555
1951-09-17,Napoli,1634.46142578
1951-09-24,Napoli,1637.21020508
1951-10-01,Napoli,1640.95581055
1951-10-08,Napoli,1635.31335449
1951-10-15,Napoli,1643.30541992
1951-10-22,Napoli,1637.78613281
1951-10-29,Napoli,1642.21276855
1951-11-05,Napoli,1655.94165039
1951-11-19,Napoli,1646.9074707
1951-12-03,Napoli,1633.75
1951-12-10,Napoli,1629.8380127
1951-12-17,Napoli,1623.11743164
1951-12-24,Napoli,1637.14111328
1951-12-31,Napoli,1629.76306152
1952-01-07,Napoli,1625.08227539
1952-01-14,Napoli,1629.41711426
1952-01-21,Napoli,1641.45178223
1952-02-04,Napoli,1627.56774902
1952-02-11,Napoli,1621.9888916
1952-02-18,Napoli,1631.03295898
1952-03-03,Napoli,1632.9777832
1952-03-10,Napoli,1636.32458496
1952-03-17,Napoli,1632.98168945
1952-03-20,Napoli,1646.04431152
1952-03-24,Napoli,1632.81347656
1952-03-31,Napoli,1634.67602539
1952-04-07,Napoli,1641.18920898
1952-04-14,Napoli,1639.50537109
1952-04-21,Napoli,1641.15515137
1952-04-28,Napoli,1645.39685059
1952-05-05,Napoli,1646.91101074
1952-05-12,Napoli,1653.84814453
1952-05-26,Napoli,1661.22668457
1952-06-02,Napoli,1664.27429199
1952-06-09,Napoli,1660.32263184
1952-06-16,Napoli,1644.29663086
1952-06-23,Napoli,1648.44750977
1952-06-27,Napoli,1617.65722656
1952-06-29,Napoli,1625.59545898
1952-09-15,Napoli,1629.50744629
1952-09-22,Napoli,1631.95446777
1952-09-29,Napoli,1635.69921875
1952-10-06,Napoli,1630.58093262
1952-10-13,Napoli,1626.06188965
1952-10-20,Napoli,1628.98046875
1952-11-03,Napoli,1624.9876709
1952-11-10,Napoli,1618.57348633
1952-11-17,Napoli,1629.41101074
1952-11-24,Napoli,1623.12524414
1952-12-01,Napoli,1609.43884277
1952-12-08,Napoli,1624.72680664
1952-12-15,Napoli,1633.77160645
1952-12-22,Napoli,1627.71618652
1953-01-05,Napoli,1619.51269531
1953-01-12,Napoli,1622.47619629
1953-01-19,Napoli,1630.29919434
1953-01-26,Napoli,1632.32543945
1953-02-02,Napoli,1634.95812988
1953-02-09,Napoli,1636.5970459
1953-02-16,Napoli,1628.53125
1953-02-23,Napoli,1635.93981934
1953-03-02,Napoli,1638.04699707
1953-03-09,Napoli,1632.62841797
1953-03-16,Napoli,1634.76586914
1953-03-23,Napoli,1641.61071777
1953-03-30,Napoli,1644.00524902
1953-04-06,Napoli,1653.51989746
1953-04-13,Napoli,1659.65759277
1953-04-20,Napoli,1664.2713623
1953-05-04,Napoli,1672.59143066
1953-05-11,Napoli,1666.74121094
1953-05-25,Napoli,1655.18017578
1953-06-01,Napoli,1661.26013184
1953-06-05,Napoli,1671.59020996
1953-06-08,Napoli,1635.6607666
1953-09-14,Napoli,1640.01940918
1953-09-21,Napoli,1652.93029785
1953-09-28,Napoli,1656.99890137
1953-10-05,Napoli,1658.06176758
1953-10-12,Napoli,1647.53491211
1953-10-19,Napoli,1665.15576172
1953-10-26,Napoli,1667.14794922
1953-11-02,Napoli,1661.08459473
1953-11-09,Napoli,1655.28601074
1953-11-23,Napoli,1657.32287598
1953-11-30,Napoli,1652.41931152
1953-12-07,Napoli,1653.99279785
1953-12-28,Napoli,1655.76721191
1954-01-02,Napoli,1656.76074219
1954-01-07,Napoli,1658.14086914
1954-01-11,Napoli,1650.92272949
1954-01-18,Napoli,1641.92468262
1954-02-01,Napoli,1641.75402832
1954-02-08,Napoli,1635.78796387
1954-02-15,Napoli,1635.68395996
1954-02-22,Napoli,1639.54772949
1954-03-01,Napoli,1636.36230469
1954-03-08,Napoli,1639.53857422
1954-03-15,Napoli,1638.97802734
1954-03-22,Napoli,1632.08239746
1954-03-29,Napoli,1628.8190918
1954-04-05,Napoli,1629.18066406
1954-04-19,Napoli,1635.87231445
1954-04-26,Napoli,1640.06835938
1954-05-03,Napoli,1630.72912598
1954-05-10,Napoli,1634.65966797
1954-05-17,Napoli,1639.80371094
1954-05-24,Napoli,1639.45983887
1954-05-31,Napoli,1636.56811523
1954-09-20,Napoli,1636.12084961
1954-09-27,Napoli,1639.2902832
1954-10-04,Napoli,1654.08666992
1954-10-11,Napoli,1634.30908203
1954-10-18,Napoli,1622.13952637
1954-10-25,Napoli,1624.64819336
1954-11-01,Napoli,1630.3536377
1954-11-08,Napoli,1616.48327637
1954-11-15,Napoli,1616.26879883
1954-11-22,Napoli,1627.66333008
1954-12-13,Napoli,1624.20397949
1954-12-20,Napoli,1615.70666504
1954-12-27,Napoli,1606.84313965
1955-01-03,Napoli,1617.01867676
1955-01-07,Napoli,1618.7142334
1955-01-24,Napoli,1613.29431152
1955-01-31,Napoli,1618.0435791
1955-02-07,Napoli,1622.7767334
1955-02-14,Napoli,1611.63171387
1955-02-21,Napoli,1608.59851074
1955-02-28,Napoli,1602.74536133
1955-03-07,Napoli,1608.69067383
1955-03-14,Napoli,1615.25708008
1955-03-21,Napoli,1613.40100098
1955-04-04,Napoli,1606.17028809
1955-04-11,Napoli,1608.65454102
1955-04-18,Napoli,1615.03015137
1955-04-25,Napoli,1618.52209473
1955-05-02,Napoli,1621.85009766
1955-05-09,Napoli,1641.80883789
1955-05-16,Napoli,1643.60839844
1955-06-06,Napoli,1646.52880859
1955-06-13,Napoli,1635.07861328
1955-06-20,Napoli,1634.90136719
1955-06-24,Napoli,1611.20214844
1955-06-26,Napoli,1622.44750977
1955-09-19,Napoli,1617.2097168
1955-09-26,Napoli,1609.36486816
1955-10-03,Napoli,1612.08459473
1955-10-10,Napoli,1617.72460938
1955-10-17,Napoli,1622.82495117
1955-10-24,Napoli,1619.03991699
1955-10-31,Napoli,1627.30163574
1955-11-02,Napoli,1598.4720459
1955-11-07,Napoli,1593.11474609
1955-11-14,Napoli,1583.05175781
1955-11-24,Napoli,1620.3203125
1955-12-05,Napoli,1616.73254395
1955-12-09,Napoli,1617.59973145
1955-12-26,Napoli,1625.32995605
1956-01-01,Napoli,1611.77416992
1956-01-09,Napoli,1603.37475586
1956-01-16,Napoli,1604.92858887
1956-01-19,Napoli,1621.39526367
1956-01-23,Napoli,1606.19030762
1956-01-30,Napoli,1609.59619141
1956-02-06,Napoli,1628.06079102
1956-02-13,Napoli,1658.24401855
1956-02-20,Napoli,1638.96020508
1956-02-27,Napoli,1629.52111816
1956-03-05,Napoli,1641.02209473
1956-03-12,Napoli,1638.55700684
1956-03-19,Napoli,1634.01721191
1956-03-26,Napoli,1613.84606934
1956-04-02,Napoli,1606.89550781
1956-04-09,Napoli,1614.05529785
1956-04-16,Napoli,1625.45019531
1956-04-20,Napoli,1621.34411621
1956-04-30,Napoli,1609.99401855
1956-05-02,Napoli,1601.98669434
1956-05-07,Napoli,1597.28466797
1956-05-11,Napoli,1604.04187012
1956-05-14,Napoli,1607.90344238
1956-05-21,Napoli,1602.74438477
1956-05-28,Napoli,1595.98168945
1956-06-04,Napoli,1598.45605469
1956-06-30,Napoli,1607.26489258
1956-07-04,Napoli,1626.39282227
1956-09-17,Napoli,1631.85473633
1956-09-24,Napoli,1640.7989502
1956-10-01,Napoli,1638.60632324
1956-10-08,Napoli,1657.77526855
1956-10-15,Napoli,1655.15539551
1956-10-22,Napoli,1656.26086426
1956-10-29,Napoli,1657.33166504
1956-11-19,Napoli,1653.0032959
1956-11-22,Napoli,1643.39025879
1956-11-26,Napoli,1632.76831055
1956-11-29,Napoli,1647.93383789
1956-12-03,Napoli,1648.51098633
1956-12-17,Napoli,1643.79748535
1956-12-24,Napoli,1633.48876953
1956-12-31,Napoli,1649.5045166
1957-01-07,Napoli,1656.35888672
1957-01-14,Napoli,1660.14685059
1957-01-21,Napoli,1659.92932129
1957-01-28,Napoli,1647.45019531
1957-02-04,Napoli,1638.83203125
1957-02-07,Napoli,1639.78918457
1957-02-11,Napoli,1643.82104492
1957-02-18,Napoli,1638.40393066
1957-02-25,Napoli,1639.22619629
1957-02-28,Napoli,1643.97595215
1957-03-04,Napoli,1640.21960449
1957-03-11,Napoli,1643.93444824
1957-03-18,Napoli,1647.87841797
1957-03-25,Napoli,1652.59094238
1957-04-01,Napoli,1640.70410156
1957-04-04,Napoli,1653.14746094
1957-04-08,Napoli,1648.15881348
1957-04-15,Napoli,1653.42626953
1957-04-19,Napoli,1652.50854492
1957-04-29,Napoli,1647.57275391
1957-05-06,Napoli,1636.60791016
1957-05-20,Napoli,1632.47741699
1957-05-31,Napoli,1623.16162109
1957-06-03,Napoli,1627.43078613
1957-06-10,Napoli,1632.16296387
1957-06-17,Napoli,1627.03955078
1957-06-21,Napoli,1615.25317383
1957-06-24,Napoli,1629.69262695
1957-09-09,Napoli,1638.21923828
1957-09-16,Napoli,1645.03259277
1957-09-23,Napoli,1653.30541992
1957-09-30,Napoli,1667.85302734
1957-10-03,Napoli,1673.26904297
1957-10-07,Napoli,1679.60742188
1957-10-10,Napoli,1674.34631348
1957-10-14,Napoli,1681.83679199
1957-10-21,Napoli,1674.38562012
1957-10-28,Napoli,1669.37451172
1957-10-31,Napoli,1682.8034668
1957-11-04,Napoli,1687.40893555
1957-11-18,Napoli,1683.1496582
1957-11-25,Napoli,1700.34924316
1957-11-28,Napoli,1714.50036621
1957-12-12,Napoli,1714.05187988
1957-12-16,Napoli,1702.88146973
1957-12-23,Napoli,1693.21484375
1957-12-27,Napoli,1695.02819824
1957-12-30,Napoli,1699.09558105
1958-01-06,Napoli,1710.50512695
1958-01-20,Napoli,1716.65429688
1958-01-27,Napoli,1709.41650391
1958-02-03,Napoli,1715.76867676
1958-02-10,Napoli,1710.0411377
1958-02-13,Napoli,1711.73352051
1958-02-17,Napoli,1705.57946777
1958-02-24,Napoli,1698.84912109
1958-02-27,Napoli,1700.78967285
1958-03-03,Napoli,1693.73913574
1958-03-10,Napoli,1689.92028809
1958-03-17,Napoli,1699.33227539
1958-03-31,Napoli,1708.79370117
1958-04-07,Napoli,1714.29467773
1958-04-14,Napoli,1729.69946289
1958-04-21,Napoli,1735.68615723
1958-04-28,Napoli,1738.33325195
1958-05-05,Napoli,1725.14025879
1958-05-09,Napoli,1725.453125
1958-05-12,Napoli,1710.24804688
1958-05-15,Napoli,1721.36743164
1958-05-19,Napoli,1725.6262207
1958-05-26,Napoli,1714.47583008
1958-05-29,Napoli,1710.75012207
1958-09-22,Napoli,1713.47705078
1958-09-25,Napoli,1714.23071289
1958-09-29,Napoli,1704.86853027
1958-10-02,Napoli,1669.94787598
1958-10-06,Napoli,1673.62451172
1958-10-13,Napoli,1669.37524414
1958-10-20,Napoli,1673.35461426
1958-10-27,Napoli,1676.57019043
1958-11-03,Napoli,1680.86242676
1958-11-17,Napoli,1688.63439941
1958-11-24,Napoli,1698.10852051
1958-12-01,Napoli,1691.68859863
1958-12-08,Napoli,1693.30151367
1958-12-22,Napoli,1686.70678711
1958-12-29,Napoli,1689.71179199
1959-01-05,Napoli,1693.81408691
1959-01-12,Napoli,1688.5760498
1959-01-19,Napoli,1674.32177734
1959-01-26,Napoli,1670.06652832
1959-02-02,Napoli,1665.38220215
1959-02-09,Napoli,1659.34313965
1959-02-16,Napoli,1663.07531738
1959-02-23,Napoli,1662.5723877
1959-03-03,Napoli,1673.83422852
1959-03-16,Napoli,1669.13757324
1959-03-23,Napoli,1672.50708008
1959-03-30,Napoli,1657.23010254
1959-04-06,Napoli,1652.08044434
1959-04-13,Napoli,1645.05895996
1959-04-20,Napoli,1648.71337891
1959-04-27,Napoli,1641.73193359
1959-05-18,Napoli,1648.8079834
1959-05-25,Napoli,1655.79492188
1959-05-29,Napoli,1658.46081543
1959-06-03,Napoli,1659.88562012
1959-06-08,Napoli,1652.56970215
1959-09-14,Napoli,1652.52539062
1959-09-21,Napoli,1629.99255371
1959-09-24,Napoli,1630.17358398
1959-09-28,Napoli,1628.39953613
1959-10-12,Napoli,1625.67663574
1959-10-19,Napoli,1630.15979004
1959-10-26,Napoli,1632.20703125
1959-11-05,Napoli,1625.66442871
1959-11-09,Napoli,1621.59667969
1959-11-16,Napoli,1628.6739502
1959-11-23,Napoli,1631.66552734
1959-11-26,Napoli,1628.16699219
1959-12-07,Napoli,1635.86279297
1959-12-14,Napoli,1637.93737793
1959-12-21,Napoli,1624.95874023
1959-12-28,Napoli,1641.24353027
1960-01-03,Napoli,1641.24353027
1960-01-11,Napoli,1633.83337402
1960-01-18,Napoli,1622.88244629
1960-01-24,Napoli,1622.88244629
1960-01-25,Napoli,1616.34350586
1960-02-01,Napoli,1616.2043457
1960-02-07,Napoli,1616.2043457
1960-02-08,Napoli,1620.08886719
1960-02-15,Napoli,1606.67785645
1960-02-22,Napoli,1609.38720703
1960-02-25,Napoli,1609.38720703
1960-02-29,Napoli,1610.97436523
1960-03-03,Napoli,1610.97436523
1960-03-06,Napoli,1610.97436523
1960-03-07,Napoli,1606.77172852
1960-03-08,Napoli,1606.77172852
1960-03-14,Napoli,1606.77172852
1960-03-15,Napoli,1606.77172852
1960-03-21,Napoli,1610.54614258
1960-03-27,Napoli,1610.54614258
1960-03-28,Napoli,1604.6652832
1960-03-31,Napoli,1604.6652832
1960-04-03,Napoli,1604.6652832
1960-04-04,Napoli,1609.04833984
1960-04-10,Napoli,1609.04833984
1960-04-11,Napoli,1605.12097168
1960-04-12,Napoli,1605.12097168
1960-04-14,Napoli,1605.12097168
1960-04-17,Napoli,1605.12097168
1960-04-18,Napoli,1603.11877441
1960-04-19,Napoli,1603.11877441
1960-04-22,Napoli,1603.11877441
1960-04-25,Napoli,1598.18127441
1960-04-28,Napoli,1598.18127441
1960-05-01,Napoli,1598.18127441
1960-05-02,Napoli,1601.66796875
1960-05-06,Napoli,1601.66796875
1960-05-09,Napoli,1599.31359863
1960-05-16,Napoli,1607.70458984
1960-05-22,Napoli,1607.70458984
1960-05-23,Napoli,1620.23425293
1960-05-29,Napoli,1620.23425293
1960-05-30,Napoli,1626.12573242
1960-06-06,Napoli,1621.65270996
1960-06-13,Napoli,1621.65270996
1960-06-15,Napoli,1621.65270996
1960-06-19,Napoli,1621.65270996
1960-06-23,Napoli,1621.65270996
1960-07-02,Napoli,1621.65270996
1960-07-03,Napoli,1621.65270996
1960-07-08,Napoli,1621.65270996
1960-07-13,Napoli,1621.65270996
1960-07-19,Napoli,1621.65270996
1960-07-31,Napoli,1621.65270996
1960-08-06,Napoli,1621.65270996
1960-08-07,Napoli,1621.65270996
1960-08-21,Napoli,1621.65270996
1960-08-22,Napoli,1621.65270996
1960-08-24,Napoli,1621.65270996
1960-08-25,Napoli,1621.65270996
1960-08-29,Napoli,1621.65270996
1960-08-31,Napoli,1621.65270996
1960-09-05,Napoli,1621.65270996
1960-09-06,Napoli,1621.65270996
1960-09-07,Napoli,1621.65270996
1960-09-11,Napoli,1621.65270996
1960-09-12,Napoli,1621.65270996
1960-09-15,Napoli,1621.65270996
1960-09-18,Napoli,1621.65270996
1960-09-19,Napoli,1621.65270996
1960-09-20,Napoli,1621.65270996
1960-09-22,Napoli,1621.41845703
1960-09-25,Napoli,1621.41845703
1960-09-26,Napoli,1633.13452148
1960-09-30,Napoli,1633.13452148
1960-10-02,Napoli,1633.13452148
1960-10-03,Napoli,1628.1673584
1960-10-06,Napoli,1628.1673584
1960-10-07,Napoli,1628.1673584
1960-10-09,Napoli,1628.1673584
1960-10-10,Napoli,1630.54663086
1960-10-13,Napoli,1606.03442383
1960-10-15,Napoli,1606.03442383
1960-10-16,Napoli,1606.03442383
1960-10-17,Napoli,1622.6652832
1960-10-23,Napoli,1622.6652832
1960-10-24,Napoli,1628.41638184
1960-10-29,Napoli,1628.41638184
1960-10-31,Napoli,1628.41638184
1960-11-03,Napoli,1628.41638184
1960-11-05,Napoli,1628.41638184
1960-11-07,Napoli,1622.52429199
1960-11-12,Napoli,1622.52429199
1960-11-13,Napoli,1622.52429199
1960-11-14,Napoli,1622.52429199
1960-11-20,Napoli,1622.52429199
1960-11-21,Napoli,1627.01916504
1960-11-27,Napoli,1627.01916504
1960-11-28,Napoli,1618.64587402
1960-12-01,Napoli,1618.64587402
1960-12-04,Napoli,1618.64587402
1960-12-05,Napoli,1611.64941406
1960-12-11,Napoli,1611.64941406
1960-12-12,Napoli,1611.64941406
1960-12-18,Napoli,1611.64941406
1960-12-19,Napoli,1615.08483887
1960-12-21,Napoli,1622.97119141
1960-12-22,Napoli,1622.97119141
1960-12-25,Napoli,1622.97119141
1960-12-26,Napoli,1617.71398926
1960-12-27,Napoli,1617.71398926
1961-01-01,Napoli,1617.71398926
1961-01-02,Napoli,1619.05651855
1961-01-09,Napoli,1606.04370117
1961-01-15,Napoli,1606.04370117
1961-01-16,Napoli,1613.17138672
1961-01-22,Napoli,1613.17138672
1961-01-23,Napoli,1612.94433594
1961-01-30,Napoli,1607.01269531
1961-02-05,Napoli,1607.01269531
1961-02-06,Napoli,1602.80419922
1961-02-09,Napoli,1602.80419922
1961-02-12,Napoli,1602.80419922
1961-02-13,Napoli,1597.25732422
1961-02-20,Napoli,1574.15600586
1961-02-27,Napoli,1563.39001465
1961-03-06,Napoli,1559.83642578
1961-03-13,Napoli,1543.29296875
1961-03-20,Napoli,1551.0279541
1961-03-27,Napoli,1557.43188477
1961-04-03,Napoli,1555.98022461
1961-04-10,Napoli,1561.16638184
1961-04-17,Napoli,1556.25610352
1961-05-01,Napoli,1560.48742676
1961-05-08,Napoli,1556.83178711
1961-05-15,Napoli,1552.36486816
1961-05-22,Napoli,1542.37561035
1961-05-31,Napoli,1539.54321289
1961-06-05,Napoli,1530.84216309
1961-07-03,Napoli,1530.84216309
1961-09-04,Napoli,1533.08349609
1961-09-11,Napoli,1533.4161377
1961-09-18,Napoli,1527.29418945
1961-09-21,Napoli,1528.23278809
1961-09-25,Napoli,1536.02319336
1961-09-28,Napoli,1536.56262207
1961-10-02,Napoli,1537.47998047
1961-10-09,Napoli,1525.58764648
1961-10-23,Napoli,1526.29077148
1961-10-26,Napoli,1532.23657227
1961-10-30,Napoli,1529.18286133
1961-11-06,Napoli,1520.11291504
1961-11-09,Napoli,1528.68164062
1961-11-16,Napoli,1536.51696777
1961-11-20,Napoli,1541.37390137
1961-11-23,Napoli,1558.29663086
1961-11-27,Napoli,1552.36303711
1961-12-04,Napoli,1545.94384766
1961-12-11,Napoli,1540.8079834
1961-12-18,Napoli,1534.88305664
1961-12-25,Napoli,1539.19494629
1962-01-01,Napoli,1539.60070801
1962-01-08,Napoli,1535.73010254
1962-01-15,Napoli,1539.4309082
1962-01-22,Napoli,1532.12695312
1962-01-29,Napoli,1524.8170166
1962-02-05,Napoli,1530.87609863
1962-02-12,Napoli,1544.6159668
1962-02-15,Napoli,1541.5748291
1962-02-19,Napoli,1544.61218262
1962-02-22,Napoli,1543.24401855
1962-02-26,Napoli,1538.02526855
1962-02-27,Napoli,1540.89794922
1962-02-28,Napoli,1543.24621582
1962-03-01,Napoli,1537.59399414
1962-03-05,Napoli,1540.56323242
1962-03-12,Napoli,1545.13061523
1962-03-19,Napoli,1540.19995117
1962-03-22,Napoli,1545.21105957
1962-03-26,Napoli,1551.2175293
1962-04-02,Napoli,1559.578125
1962-04-09,Napoli,1546.45166016
1962-04-12,Napoli,1557.76843262
1962-04-16,Napoli,1541.37536621
1962-04-23,Napoli,1550.80627441
1962-04-30,Napoli,1560.12854004
1962-05-07,Napoli,1562.05737305
1962-05-11,Napoli,1562.71020508
1962-05-14,Napoli,1556.67285156
1962-05-21,Napoli,1567.27026367
1962-05-28,Napoli,1567.15686035
1962-06-04,Napoli,1571.85522461
1962-07-02,Napoli,1571.85522461
1962-09-06,Napoli,1550.06542969
1962-09-13,Napoli,1550.08398438
1962-09-17,Napoli,1546.96838379
1962-09-20,Napoli,1546.99902344
1962-09-24,Napoli,1539.13378906
1962-09-27,Napoli,1548.05212402
1962-10-01,Napoli,1542.27124023
1962-10-08,Napoli,1548.77307129
1962-10-11,Napoli,1568.21765137
1962-10-15,Napoli,1566.60351562
1962-10-22,Napoli,1581.42260742
1962-10-29,Napoli,1576.96044922
1962-11-02,Napoli,1583.60998535
1962-11-05,Napoli,1581.27722168
1962-11-15,Napoli,1594.01818848
1962-11-19,Napoli,1597.88366699
1962-11-20,Napoli,1600.27099609
1962-11-26,Napoli,1606.42700195
1962-11-29,Napoli,1595.09082031
1962-12-05,Napoli,1641.88110352
1962-12-09,Napoli,1641.88110352
1962-12-10,Napoli,1633.57324219
1962-12-17,Napoli,1641.82910156
1962-12-23,Napoli,1641.82910156
1962-12-24,Napoli,1626.58129883
1962-12-27,Napoli,1626.58129883
1962-12-30,Napoli,1626.58129883
1962-12-31,Napoli,1623.24731445
1963-01-07,Napoli,1620.95227051
1963-01-14,Napoli,1628.33154297
1963-01-15,Napoli,1628.33154297
1963-01-20,Napoli,1628.33154297
1963-01-21,Napoli,1628.20031738
1963-01-24,Napoli,1628.61584473
1963-01-28,Napoli,1643.24328613
1963-01-29,Napoli,1643.24328613
1963-02-04,Napoli,1651.09191895
1963-02-07,Napoli,1625.90637207
1963-02-11,Napoli,1620.59692383
1963-02-17,Napoli,1620.59692383
1963-02-18,Napoli,1610.35314941
1963-02-21,Napoli,1610.35314941
1963-02-24,Napoli,1610.35314941
1963-02-25,Napoli,1606.30090332
1963-03-03,Napoli,1606.30090332
1963-03-04,Napoli,1603.12695312
1963-03-06,Napoli,1603.12695312
1963-03-07,Napoli,1603.12695312
1963-03-10,Napoli,1603.12695312
1963-03-11,Napoli,1598.50134277
1963-03-14,Napoli,1599.06518555
1963-03-15,Napoli,1599.06518555
1963-03-17,Napoli,1599.06518555
1963-03-18,Napoli,1601.04553223
1963-03-21,Napoli,1608.02575684
1963-03-22,Napoli,1608.02575684
1963-03-24,Napoli,1608.02575684
1963-03-30,Napoli,1608.02575684
1963-04-01,Napoli,1612.73474121
1963-04-02,Napoli,1612.73474121
1963-04-03,Napoli,1612.73474121
1963-04-04,Napoli,1586.91601562
1963-04-08,Napoli,1592.27185059
1963-04-15,Napoli,1578.00097656
1963-04-22,Napoli,1581.36755371
1963-04-25,Napoli,1584.75354004
1963-05-02,Napoli,1585.29675293
1963-05-06,Napoli,1586.5814209
1963-05-20,Napoli,1592.2076416
1963-05-23,Napoli,1598.859375
1963-05-26,Napoli,1598.859375
1963-05-27,Napoli,1595.62207031
1963-07-04,Napoli,1595.62207031
1963-09-05,Napoli,1600.12341309
1963-09-12,Napoli,1600.12341309
1963-09-14,Napoli,1600.12341309
1963-09-15,Napoli,1600.12341309
1963-09-16,Napoli,1601.7713623
1963-09-19,Napoli,1605.13098145
1963-09-22,Napoli,1605.13098145
1963-09-23,Napoli,1608.96386719
1963-09-26,Napoli,1611.93566895
1963-09-30,Napoli,1612.48217773
1963-10-06,Napoli,1612.48217773
1963-10-07,Napoli,1607.18518066
1963-10-08,Napoli,1607.18518066
1963-10-10,Napoli,1602.83300781
1963-10-12,Napoli,1602.83300781
1963-10-13,Napoli,1602.83300781
1963-10-14,Napoli,1610.29492188
1963-10-15,Napoli,1597.72241211
1963-10-17,Napoli,1597.72241211
1963-10-21,Napoli,1597.72241211
1963-10-24,Napoli,1597.72241211
1963-10-27,Napoli,1597.72241211
1963-10-28,Napoli,1601.01062012
1963-11-01,Napoli,1601.01062012
1963-11-03,Napoli,1601.01062012
1963-11-04,Napoli,1596.6583252
1963-11-10,Napoli,1596.6583252
1963-11-11,Napoli,1605.1237793
1963-11-18,Napoli,1609.02282715
1963-11-24,Napoli,1609.02282715
1963-11-25,Napoli,1600.55371094
1963-11-28,Napoli,1600.05334473
1963-12-02,Napoli,1603.1217041
1963-12-05,Napoli,1610.36352539
1963-12-08,Napoli,1610.36352539
1963-12-09,Napoli,1603.77282715
1963-12-16,Napoli,1590.65185547
1963-12-23,Napoli,1585.2421875
1963-12-30,Napoli,1587.85388184
1964-01-06,Napoli,1590.89001465
1964-01-13,Napoli,1593.99304199
1964-01-20,Napoli,1574.9453125
1964-01-27,Napoli,1569.2635498
1964-01-30,Napoli,1564.39916992
1964-02-03,Napoli,1550.95361328
1964-02-14,Napoli,1551.24719238
1964-02-17,Napoli,1550.76013184
1964-02-24,Napoli,1555.19897461
1964-02-27,Napoli,1558.23596191
1964-03-02,Napoli,1561.59936523
1964-03-05,Napoli,1561.78442383
1964-03-09,Napoli,1549.49755859
1964-03-16,Napoli,1549.75866699
1964-03-23,Napoli,1545.00183105
1964-03-30,Napoli,1540.06921387
1964-04-06,Napoli,1541.34924316
1964-04-13,Napoli,1545.6484375
1964-04-16,Napoli,1547.77526855
1964-04-27,Napoli,1547.08752441
1964-04-30,Napoli,1548.95349121
1964-05-04,Napoli,1560.15942383
1964-05-11,Napoli,1556.48181152
1964-05-18,Napoli,1551.16125488
1964-05-25,Napoli,1557.32385254
1964-05-28,Napoli,1567.79382324
1964-06-01,Napoli,1572.26831055
1964-06-08,Napoli,1565.20483398
1964-06-15,Napoli,1568.88659668
1964-06-22,Napoli,1557.875
1964-09-10,Napoli,1557.03991699
1964-09-14,Napoli,1552.39282227
1964-09-21,Napoli,1561.83190918
1964-09-24,Napoli,1562.23291016
1964-09-28,Napoli,1574.20458984
1964-10-05,Napoli,1572.1270752
1964-10-08,Napoli,1573.80700684
1964-10-12,Napoli,1576.60498047
1964-10-15,Napoli,1570.52893066
1964-10-19,Napoli,1573.26660156
1964-10-26,Napoli,1579.34301758
1964-11-02,Napoli,1580.74084473
1964-11-12,Napoli,1581.47790527
1964-11-16,Napoli,1573.7722168
1964-11-23,Napoli,1567.64453125
1964-11-30,Napoli,1569.00878906
1964-12-04,Napoli,1569.57373047
1964-12-07,Napoli,1564.87988281
1964-12-14,Napoli,1576.29052734
1964-12-21,Napoli,1574.0970459
1964-12-28,Napoli,1578.49438477
1965-01-11,Napoli,1570.37060547
1965-01-18,Napoli,1565.51367188
1965-01-25,Napoli,1560.36279297
1965-02-01,Napoli,1564.4119873
1965-02-08,Napoli,1557.45410156
1965-02-15,Napoli,1558.4732666
1965-02-18,Napoli,1560.85693359
1965-02-22,Napoli,1566.88146973
1965-03-01,Napoli,1571.13537598
1965-03-04,Napoli,1568.4934082
1965-03-08,Napoli,1573.96728516
1965-03-15,Napoli,1561.97131348
1965-03-18,Napoli,1569.89025879
1965-03-22,Napoli,1583.77819824
1965-03-29,Napoli,1589.03295898
1965-04-12,Napoli,1591.98828125
1965-04-19,Napoli,1600.23937988
1965-04-21,Napoli,1603.63574219
1965-04-26,Napoli,1599.45922852
1965-04-28,Napoli,1596.09570312
1965-05-03,Napoli,1597.70422363
1965-05-05,Napoli,1592.93127441
1965-05-06,Napoli,1581.24023438
1965-05-10,Napoli,1585.70288086
1965-05-13,Napoli,1593.13000488
1965-05-17,Napoli,1583.66455078
1965-05-24,Napoli,1585.37243652
1965-05-28,Napoli,1589.3371582
1965-05-31,Napoli,1601.32128906
1965-06-07,Napoli,1601.44116211
1965-06-14,Napoli,1606.2677002
1965-06-21,Napoli,1615.70483398
1965-07-01,Napoli,1615.70483398
1965-07-02,Napoli,1615.70483398
1965-07-07,Napoli,1615.70483398
1965-07-08,Napoli,1615.70483398
1965-08-02,Napoli,1615.70483398
1965-08-06,Napoli,1615.70483398
1965-08-09,Napoli,1615.70483398
1965-08-23,Napoli,1615.70483398
1965-08-29,Napoli,1615.70483398
1965-09-02,Napoli,1615.70483398
1965-09-03,Napoli,1615.70483398
1965-09-06,Napoli,1623.29956055
1965-09-07,Napoli,1623.29956055
1965-09-09,Napoli,1623.29956055
1965-09-10,Napoli,1623.29956055
1965-09-12,Napoli,1623.29956055
1965-09-13,Napoli,1632.80029297
1965-09-15,Napoli,1632.80029297
1965-09-16,Napoli,1632.80029297
1965-09-20,Napoli,1639.23291016
1965-09-23,Napoli,1639.23291016
1965-09-26,Napoli,1639.23291016
1965-09-27,Napoli,1652.7947998
1965-09-30,Napoli,1653.8248291
1965-10-03,Napoli,1653.8248291
1965-10-04,Napoli,1658.07006836
1965-10-10,Napoli,1658.07006836
1965-10-11,Napoli,1655.21813965
1965-10-14,Napoli,1646.69360352
1965-10-17,Napoli,1646.69360352
1965-10-18,Napoli,1655.70410156
1965-10-21,Napoli,1655.70410156
1965-10-24,Napoli,1655.70410156
1965-10-25,Napoli,1659.92773438
1965-10-31,Napoli,1659.92773438
1965-11-07,Napoli,1659.92773438
1965-11-10,Napoli,1659.92773438
1965-11-14,Napoli,1659.92773438
1965-11-15,Napoli,1659.29162598
1965-11-18,Napoli,1659.29162598
1965-11-21,Napoli,1659.29162598
1965-11-22,Napoli,1669.48156738
1965-11-28,Napoli,1669.48156738
1965-11-29,Napoli,1677.06774902
1965-12-02,Napoli,1676.36010742
1965-12-05,Napoli,1676.36010742
1965-12-06,Napoli,1676.36010742
1965-12-13,Napoli,1669.98132324
1965-12-16,Napoli,1670.88891602
1965-12-20,Napoli,1676.49902344
1965-12-27,Napoli,1670.58117676
1966-01-02,Napoli,1670.58117676
1966-01-03,Napoli,1678.67651367
1966-01-09,Napoli,1678.67651367
1966-01-10,Napoli,1673.61450195
1966-01-13,Napoli,1673.61450195
1966-01-17,Napoli,1681.63317871
1966-01-24,Napoli,1691.13366699
1966-01-27,Napoli,1691.13366699
1966-01-31,Napoli,1691.95996094
1966-02-06,Napoli,1691.95996094
1966-02-07,Napoli,1698.66186523
1966-02-14,Napoli,1697.09082031
1966-02-20,Napoli,1697.09082031
1966-02-21,Napoli,1698.77258301
1966-02-24,Napoli,1702.27893066
1966-02-28,Napoli,1711.15551758
1966-03-02,Napoli,1711.15551758
1966-03-03,Napoli,1712.52416992
1966-03-06,Napoli,1712.52416992
1966-03-07,Napoli,1704.94421387
1966-03-10,Napoli,1704.94421387
1966-03-14,Napoli,1710.09667969
1966-03-20,Napoli,1710.09667969
1966-03-21,Napoli,1710.09667969
1966-03-27,Napoli,1710.09667969
1966-03-28,Napoli,1713.68029785
1966-03-30,Napoli,1713.68029785
1966-04-03,Napoli,1713.68029785
1966-04-04,Napoli,1717.35217285
1966-04-05,Napoli,1717.35217285
1966-04-06,Napoli,1717.35217285
1966-04-11,Napoli,1708.95410156
1966-04-12,Napoli,1708.95410156
1966-04-14,Napoli,1708.44152832
1966-04-17,Napoli,1708.44152832
1966-04-18,Napoli,1718.15844727
1966-04-21,Napoli,1710.28674316
1966-04-24,Napoli,1710.28674316
1966-04-25,Napoli,1689.5357666
1966-05-01,Napoli,1689.5357666
1966-05-02,Napoli,1695.08190918
1966-05-06,Napoli,1695.08190918
1966-05-08,Napoli,1695.08190918
1966-05-09,Napoli,1709.82214355
1966-05-15,Napoli,1709.82214355
1966-05-16,Napoli,1702.14465332
1966-05-20,Napoli,1702.14465332
1966-05-22,Napoli,1702.14465332
1966-05-23,Napoli,1716.92785645
1966-05-29,Napoli,1716.92785645
1966-07-29,Napoli,1716.92785645
1966-08-21,Napoli,1716.92785645
1966-08-23,Napoli,1716.92785645
1966-09-04,Napoli,1716.92785645
1966-09-08,Napoli,1716.92785645
1966-09-12,Napoli,1716.92785645
1966-09-18,Napoli,1716.92785645
1966-09-19,Napoli,1722.53833008
1966-09-22,Napoli,1722.53833008
1966-09-25,Napoli,1722.53833008
1966-09-26,Napoli,1725.75549316
1966-09-29,Napoli,1724.52575684
1966-10-03,Napoli,1738.44042969
1966-10-06,Napoli,1724.83532715
1966-10-09,Napoli,1724.83532715
1966-10-10,Napoli,1730.76074219
1966-10-13,Napoli,1733.98303223
1966-10-17,Napoli,1733.50036621
1966-10-20,Napoli,1733.50036621
1966-10-23,Napoli,1733.50036621
1966-10-24,Napoli,1731.08374023
1966-10-30,Napoli,1731.08374023
1966-11-07,Napoli,1733.85083008
1966-11-13,Napoli,1733.85083008
1966-11-14,Napoli,1729.47961426
1966-11-17,Napoli,1728.89758301
1966-11-20,Napoli,1728.89758301
1966-11-21,Napoli,1719.31921387
1966-11-27,Napoli,1719.31921387
1966-12-04,Napoli,1719.31921387
1966-12-05,Napoli,1730.07568359
1966-12-09,Napoli,1739.40490723
1966-12-13,Napoli,1731.69580078
1966-12-18,Napoli,1731.69580078
1966-12-19,Napoli,1736.46069336
1966-12-25,Napoli,1739.07971191
1966-12-27,Napoli,1739.07971191
1967-01-01,Napoli,1743.67858887
1967-01-08,Napoli,1743.67858887
1967-01-09,Napoli,1745.32556152
1967-01-15,Napoli,1745.32556152
1967-01-16,Napoli,1748.8918457
1967-01-22,Napoli,1748.8918457
1967-01-23,Napoli,1750.59692383
1967-01-29,Napoli,1750.59692383
1967-01-30,Napoli,1743.34020996
1967-02-06,Napoli,1756.61132812
1967-02-13,Napoli,1762.28173828
1967-02-16,Napoli,1762.73547363
1967-02-19,Napoli,1762.73547363
1967-02-20,Napoli,1757.05432129
1967-02-27,Napoli,1762.33447266
1967-03-02,Napoli,1775.07678223
1967-03-05,Napoli,1775.07678223
1967-03-06,Napoli,1778.50610352
1967-03-12,Napoli,1778.50610352
1967-03-13,Napoli,1777.61328125
1967-03-20,Napoli,1783.07226562
1967-03-27,Napoli,1783.07226562
1967-03-29,Napoli,1783.07226562
1967-04-03,Napoli,1776.54882812
1967-04-10,Napoli,1779.4798584
1967-04-17,Napoli,1773.29650879
1967-04-20,Napoli,1770.25183105
1967-04-23,Napoli,1770.25183105
1967-04-24,Napoli,1772.3626709
1967-04-27,Napoli,1775.37329102
1967-04-29,Napoli,1775.37329102
1967-05-01,Napoli,1774.26269531
1967-05-04,Napoli,1775.73474121
1967-05-08,Napoli,1764.62341309
1967-05-10,Napoli,1764.62341309
1967-05-13,Napoli,1764.62341309
1967-05-14,Napoli,1764.62341309
1967-05-15,Napoli,1771.44519043
1967-05-18,Napoli,1771.44519043
1967-05-22,Napoli,1780.71606445
1967-05-26,Napoli,1773.62524414
1967-05-29,Napoli,1778.04211426
1967-06-05,Napoli,1778.04211426
1967-08-20,Napoli,1778.04211426
1967-08-30,Napoli,1778.04211426
1967-09-03,Napoli,1778.04211426
1967-09-07,Napoli,1778.04211426
1967-09-10,Napoli,1778.04211426
1967-09-17,Napoli,1778.04211426
1967-09-21,Napoli,1784.38513184
1967-09-25,Napoli,1786.93786621
1967-10-01,Napoli,1786.93786621
1967-10-02,Napoli,1779.33081055
1967-10-08,Napoli,1779.33081055
1967-10-09,Napoli,1775.64697266
1967-10-12,Napoli,1777.43041992
1967-10-15,Napoli,1777.43041992
1967-10-16,Napoli,1779.27661133
1967-10-22,Napoli,1779.27661133
1967-10-23,Napoli,1786.41455078
1967-10-29,Napoli,1786.41455078
1967-10-30,Napoli,1780.61743164
1967-11-05,Napoli,1780.61743164
1967-11-06,Napoli,1780.88574219
1967-11-13,Napoli,1786.27001953
1967-11-23,Napoli,1790.07873535
1967-11-27,Napoli,1801.63586426
1967-11-30,Napoli,1801.09436035
1967-12-03,Napoli,1801.09436035
1967-12-04,Napoli,1794.52209473
1967-12-08,Napoli,1793.90002441
1967-12-10,Napoli,1797.1706543
1967-12-14,Napoli,1798.87866211
1967-12-18,Napoli,1789.97790527
1968-01-01,Napoli,1785.9119873
1968-01-07,Napoli,1785.9119873
1968-01-08,Napoli,1792.9831543
1968-01-15,Napoli,1792.36437988
1968-01-21,Napoli,1792.36437988
1968-01-22,Napoli,1783.87243652
1968-01-29,Napoli,1788.40576172
1968-02-01,Napoli,1786.80041504
1968-02-05,Napoli,1782.38818359
1968-02-12,Napoli,1786.64001465
1968-02-13,Napoli,1786.64001465
1968-02-19,Napoli,1789.28710938
1968-02-26,Napoli,1796.89733887
1968-02-29,Napoli,1799.52416992
1968-03-03,Napoli,1799.52416992
1968-03-04,Napoli,1793.6418457
1968-03-07,Napoli,1793.6418457
1968-03-11,Napoli,1784.22741699
1968-03-14,Napoli,1775.81408691
1968-03-15,Napoli,1775.81408691
1968-03-17,Napoli,1775.81408691
1968-03-18,Napoli,1772.83203125
1968-03-20,Napoli,1772.83203125
1968-03-21,Napoli,1784.74047852
1968-03-25,Napoli,1791.94689941
1968-03-28,Napoli,1791.94689941
1968-03-31,Napoli,1791.94689941
1968-04-01,Napoli,1780.78295898
1968-04-08,Napoli,1780.78295898
1968-04-15,Napoli,1789.90966797
1968-04-28,Napoli,1789.90966797
1968-04-29,Napoli,1800.57592773
1968-04-30,Napoli,1800.57592773
1968-05-02,Napoli,1803.77502441
1968-05-05,Napoli,1803.77502441
1968-05-06,Napoli,1816.44372559
1968-05-09,Napoli,1819.87609863
1968-05-10,Napoli,1815.11242676
1968-05-13,Napoli,1808.18115234
1968-05-16,Napoli,1799.0760498
1968-05-19,Napoli,1799.0760498
1968-05-24,Napoli,1803.02307129
1968-05-30,Napoli,1803.02307129
1968-06-21,Napoli,1803.02307129
1968-08-18,Napoli,1803.02307129
1968-08-20,Napoli,1803.02307129
1968-08-28,Napoli,1803.02307129
1968-09-19,Napoli,1800.37304688
1968-09-22,Napoli,1800.37304688
1968-09-29,Napoli,1800.37304688
1968-09-30,Napoli,1792.82263184
1968-10-03,Napoli,1795.98962402
1968-10-07,Napoli,1800.89221191
1968-10-14,Napoli,1776.81298828
1968-10-20,Napoli,1776.81298828
1968-10-27,Napoli,1776.81298828
1968-10-28,Napoli,1771.18347168
1968-11-03,Napoli,1771.18347168
1968-11-04,Napoli,1773.7298584
1968-11-11,Napoli,1769.01745605
1968-11-14,Napoli,1769.01745605
1968-11-17,Napoli,1769.01745605
1968-11-18,Napoli,1771.59387207
1968-11-24,Napoli,1771.59387207
1968-11-25,Napoli,1760.86096191
1968-11-28,Napoli,1760.86096191
1968-12-01,Napoli,1760.86096191
1968-12-02,Napoli,1767.25097656
1968-12-08,Napoli,1767.25097656
1968-12-09,Napoli,1763.06542969
1968-12-16,Napoli,1757.24938965
1968-12-22,Napoli,1757.24938965
1968-12-23,Napoli,1761.68078613
1969-01-13,Napoli,1765.96618652
1969-01-20,Napoli,1765.88256836
1969-01-27,Napoli,1756.31079102
1969-01-30,Napoli,1756.31079102
1969-02-01,Napoli,1756.31079102
1969-02-03,Napoli,1747.96691895
1969-02-10,Napoli,1758.22180176
1969-02-13,Napoli,1758.22180176
1969-02-17,Napoli,1771.11633301
1969-02-20,Napoli,1757.33874512
1969-02-24,Napoli,1758.42980957
1969-02-27,Napoli,1758.42980957
1969-03-03,Napoli,1754.14624023
1969-03-05,Napoli,1754.14624023
1969-03-06,Napoli,1750.04675293
1969-03-09,Napoli,1750.04675293
1969-03-10,Napoli,1745.79638672
1969-03-13,Napoli,1758.03271484
1969-03-16,Napoli,1758.03271484
1969-03-23,Napoli,1758.03271484
1969-03-24,Napoli,1761.24707031
1969-04-01,Napoli,1761.24707031
1969-04-07,Napoli,1754.6463623
1969-04-14,Napoli,1741.21081543
1969-04-17,Napoli,1741.21081543
1969-04-19,Napoli,1741.21081543
1969-04-21,Napoli,1749.7677002
1969-04-24,Napoli,1753.58227539
1969-04-28,Napoli,1753.09594727
1969-05-05,Napoli,1759.43823242
1969-05-12,Napoli,1765.63061523
1969-05-16,Napoli,1766.22021484
1969-05-19,Napoli,1768.21862793
1969-05-23,Napoli,1768.21862793
1969-05-25,Napoli,1768.21862793
1969-05-29,Napoli,1774.88769531
1969-09-11,Napoli,1774.92456055
1969-09-15,Napoli,1767.29980469
1969-09-18,Napoli,1766.82202148
1969-09-22,Napoli,1757.73791504
1969-09-25,Napoli,1757.74414062
1969-09-29,Napoli,1757.49926758
1969-10-02,Napoli,1758.66113281
1969-10-05,Napoli,1758.66113281
1969-10-06,Napoli,1775.45007324
1969-10-13,Napoli,1769.99926758
1969-10-19,Napoli,1769.99926758
1969-10-20,Napoli,1770.80969238
1969-10-26,Napoli,1770.80969238
1969-10-27,Napoli,1756.6685791
1969-10-31,Napoli,1756.6685791
1969-11-03,Napoli,1756.6685791
1969-11-09,Napoli,1756.6685791
1969-11-10,Napoli,1762.3651123
1969-11-13,Napoli,1768.23266602
1969-11-16,Napoli,1768.23266602
1969-11-17,Napoli,1765.1685791
1969-11-27,Napoli,1748.02929688
1969-11-30,Napoli,1748.02929688
1969-12-01,Napoli,1741.66809082
1969-12-07,Napoli,1741.66809082
1969-12-08,Napoli,1754.90124512
1969-12-14,Napoli,1754.90124512
1969-12-15,Napoli,1766.09863281
1969-12-20,Napoli,1766.09863281
1969-12-22,Napoli,1764.51696777
1969-12-29,Napoli,1763.27392578
1970-01-05,Napoli,1766.48608398
1970-01-12,Napoli,1770.43969727
1970-01-19,Napoli,1783.41259766
1970-01-26,Napoli,1785.62329102
1970-02-02,Napoli,1794.87097168
1970-02-08,Napoli,1794.87097168
1970-02-09,Napoli,1786.73913574
1970-02-16,Napoli,1765.60327148
1970-03-02,Napoli,1759.78674316
1970-03-05,Napoli,1751.8626709
1970-03-09,Napoli,1757.10620117
1970-03-12,Napoli,1757.10620117
1970-03-16,Napoli,1756.35192871
1970-03-19,Napoli,1756.45361328
1970-03-22,Napoli,1756.45361328
1970-03-23,Napoli,1763.78283691
1970-03-30,Napoli,1758.23327637
1970-04-02,Napoli,1754.17773438
1970-04-06,Napoli,1749.5826416
1970-04-13,Napoli,1745.4654541
1970-04-16,Napoli,1749.50268555
1970-04-20,Napoli,1742.91003418
1970-04-23,Napoli,1743.24560547
1970-04-27,Napoli,1734.58483887
1970-05-13,Napoli,1734.58483887
1970-08-13,Napoli,1734.58483887
1970-08-23,Napoli,1734.58483887
1970-08-26,Napoli,1734.58483887
1970-08-30,Napoli,1734.58483887
1970-09-06,Napoli,1734.58483887
1970-09-17,Napoli,1740.78125
1970-09-20,Napoli,1740.78125
1970-09-27,Napoli,1740.78125
1970-09-28,Napoli,1744.3848877
1970-10-01,Napoli,1733.58398438
1970-10-04,Napoli,1733.58398438
1970-10-08,Napoli,1741.93835449
1970-10-12,Napoli,1735.86376953
1970-10-15,Napoli,1735.86376953
1970-10-22,Napoli,1735.23852539
1970-10-26,Napoli,1747.50109863
1970-11-01,Napoli,1747.50109863
1970-11-05,Napoli,1747.50109863
1970-11-06,Napoli,1733.81884766
1970-11-08,Napoli,1733.81884766
1970-11-09,Napoli,1740.55249023
1970-11-15,Napoli,1740.55249023
1970-11-16,Napoli,1748.26147461
1970-11-23,Napoli,1755.14160156
1970-11-29,Napoli,1755.14160156
1970-11-30,Napoli,1754.90625
1970-12-06,Napoli,1754.90625
1970-12-13,Napoli,1754.90625
1970-12-14,Napoli,1755.89929199
1970-12-21,Napoli,1755.89929199
1970-12-28,Napoli,1760.01940918
1971-01-04,Napoli,1760.64660645
1971-01-10,Napoli,1760.64660645
1971-01-11,Napoli,1767.63378906
1971-01-18,Napoli,1760.47961426
1971-01-25,Napoli,1762.6862793
1971-02-01,Napoli,1761.7043457
1971-02-08,Napoli,1755.6685791
1971-02-15,Napoli,1768.12341309
1971-03-01,Napoli,1763.40197754
1971-03-03,Napoli,1763.40197754
1971-03-08,Napoli,1754.07080078
1971-03-11,Napoli,1754.07080078
1971-03-14,Napoli,1754.07080078
1971-03-15,Napoli,1757.5682373
1971-03-21,Napoli,1757.5682373
1971-03-22,Napoli,1753.77844238
1971-03-25,Napoli,1753.77844238
1971-03-29,Napoli,1758.03735352
1971-04-01,Napoli,1758.03735352
1971-04-04,Napoli,1758.03735352
1971-04-05,Napoli,1763.29797363
1971-04-10,Napoli,1763.29797363
1971-04-12,Napoli,1767.99816895
1971-04-18,Napoli,1767.99816895
1971-04-19,Napoli,1778.0949707
1971-04-26,Napoli,1764.98217773
1971-04-29,Napoli,1764.98217773
1971-05-02,Napoli,1764.98217773
1971-05-03,Napoli,1767.24169922
1971-05-17,Napoli,1774.62023926
1971-05-22,Napoli,1774.62023926
1971-05-24,Napoli,1764.01171875
1971-08-15,Napoli,1764.01171875
1971-08-19,Napoli,1764.01171875
1971-09-02,Napoli,1764.01171875
1971-09-16,Napoli,1758.0411377
1971-09-20,Napoli,1758.0411377
1971-09-23,Napoli,1758.06201172
1971-09-26,Napoli,1758.06201172
1971-09-27,Napoli,1758.06201172
1971-09-29,Napoli,1772.0333252
1971-09-30,Napoli,1772.42919922
1971-10-01,Napoli,1732.0859375
1971-10-04,Napoli,1725.93029785
1971-10-11,Napoli,1725.93029785
1971-10-18,Napoli,1728.30554199
1971-10-21,Napoli,1720.50817871
1971-10-22,Napoli,1725.88317871
1971-10-25,Napoli,1720.2746582
1971-10-30,Napoli,1720.2746582
1971-11-01,Napoli,1729.02416992
1971-11-04,Napoli,1726.59997559
1971-11-05,Napoli,1731.60534668
1971-11-08,Napoli,1725.87963867
1971-11-13,Napoli,1725.87963867
1971-11-14,Napoli,1725.87963867
1971-11-15,Napoli,1725.29663086
1971-11-25,Napoli,1729.54711914
1971-11-29,Napoli,1734.95410156
1971-12-02,Napoli,1744.87194824
1971-12-06,Napoli,1730.39245605
1971-12-09,Napoli,1729.91137695
1971-12-12,Napoli,1729.91137695
1971-12-13,Napoli,1739.90734863
1971-12-20,Napoli,1735.50195312
1971-12-27,Napoli,1733.64086914
1972-01-03,Napoli,1733.68603516
1972-01-10,Napoli,1733.59423828
1972-01-17,Napoli,1735.33947754
1972-01-24,Napoli,1737.82971191
1972-01-31,Napoli,1734.22961426
1972-02-07,Napoli,1732.3861084
1972-02-14,Napoli,1742.265625
1972-02-21,Napoli,1746.08239746
1972-02-24,Napoli,1746.9888916
1972-02-28,Napoli,1744.06335449
1972-03-06,Napoli,1744.06335449
1972-03-08,Napoli,1744.95739746
1972-03-09,Napoli,1736.05065918
1972-03-10,Napoli,1736.05065918
1972-03-11,Napoli,1736.17700195
1972-03-13,Napoli,1731.37683105
1972-03-20,Napoli,1730.0814209
1972-03-23,Napoli,1725.97875977
1972-03-25,Napoli,1728.54882812
1972-03-27,Napoli,1722.99438477
1972-04-03,Napoli,1717.78869629
1972-04-06,Napoli,1714.91540527
1972-04-09,Napoli,1714.91540527
1972-04-10,Napoli,1709.94213867
1972-04-16,Napoli,1709.94213867
1972-04-17,Napoli,1703.07775879
1972-04-20,Napoli,1701.15942383
1972-04-24,Napoli,1695.3515625
1972-04-29,Napoli,1695.3515625
1972-05-08,Napoli,1689.84667969
1972-05-22,Napoli,1685.66503906
1972-05-29,Napoli,1674.47021484
1972-06-01,Napoli,1669.97290039
1972-06-04,Napoli,1669.97290039
1972-06-08,Napoli,1669.97290039
1972-06-26,Napoli,1669.97290039
1972-07-03,Napoli,1669.97290039
1972-07-06,Napoli,1669.97290039
1972-08-21,Napoli,1669.97290039
1972-08-27,Napoli,1669.97290039
1972-09-04,Napoli,1669.97290039
1972-09-07,Napoli,1669.99768066
1972-09-09,Napoli,1669.99768066
1972-09-11,Napoli,1669.99768066
1972-09-14,Napoli,1671.28649902
1972-09-15,Napoli,1670.88842773
1972-09-17,Napoli,1670.88842773
1972-09-24,Napoli,1670.88842773
1972-09-25,Napoli,1674.12658691
1972-09-28,Napoli,1643.6463623
1972-09-30,Napoli,1643.6463623
1972-10-01,Napoli,1643.6463623
1972-10-02,Napoli,1644.72058105
1972-10-05,Napoli,1644.72058105
1972-10-08,Napoli,1644.72058105
1972-10-09,Napoli,1644.72058105
1972-10-12,Napoli,1644.72058105
1972-10-16,Napoli,1650.2154541
1972-10-21,Napoli,1645.95117188
1972-10-23,Napoli,1645.95117188
1972-10-26,Napoli,1640.49267578
1972-10-28,Napoli,1640.49267578
1972-10-29,Napoli,1640.49267578
1972-10-30,Napoli,1640.49267578
1972-11-01,Napoli,1640.49267578
1972-11-02,Napoli,1640.49267578
1972-11-05,Napoli,1640.49267578
1972-11-06,Napoli,1651.5534668
1972-11-08,Napoli,1648.23522949
1972-11-09,Napoli,1657.13635254
1972-11-12,Napoli,1657.13635254
1972-11-13,Napoli,1653.01025391
1972-11-16,Napoli,1653.01025391
1972-11-19,Napoli,1653.01025391
1972-11-20,Napoli,1652.95654297
1972-11-26,Napoli,1652.95654297
1972-11-27,Napoli,1644.43786621
1972-11-30,Napoli,1638.96789551
1972-12-03,Napoli,1638.96789551
1972-12-04,Napoli,1633.57214355
1972-12-10,Napoli,1633.57214355
1972-12-11,Napoli,1638.04431152
1972-12-14,Napoli,1634.78637695
1972-12-17,Napoli,1634.78637695
1972-12-18,Napoli,1626.32995605
1972-12-24,Napoli,1626.32995605
1972-12-25,Napoli,1627.3338623
1972-12-27,Napoli,1627.3338623
1972-12-31,Napoli,1622.72387695
1973-01-01,Napoli,1622.72387695
1973-01-02,Napoli,1622.72387695
1973-01-07,Napoli,1622.72387695
1973-01-08,Napoli,1617.75830078
1973-01-22,Napoli,1609.38916016
1973-01-28,Napoli,1609.38916016
1973-01-29,Napoli,1610.81311035
1973-02-05,Napoli,1615.01086426
1973-02-11,Napoli,1615.01086426
1973-02-12,Napoli,1608.19384766
1973-02-19,Napoli,1614.2833252
1973-03-05,Napoli,1610.33190918
1973-03-08,Napoli,1609.62670898
1973-03-12,Napoli,1621.30249023
1973-03-18,Napoli,1628.10461426
1973-03-19,Napoli,1628.10461426
1973-03-22,Napoli,1634.42199707
1973-03-25,Napoli,1634.42199707
1973-03-26,Napoli,1628.25170898
1973-04-01,Napoli,1628.25170898
1973-04-02,Napoli,1628.25170898
1973-04-08,Napoli,1628.25170898
1973-04-09,Napoli,1630.24731445
1973-04-12,Napoli,1633.15307617
1973-04-16,Napoli,1631.74707031
1973-04-22,Napoli,1631.74707031
1973-04-23,Napoli,1628.67895508
1973-04-26,Napoli,1636.61035156
1973-04-29,Napoli,1636.61035156
1973-04-30,Napoli,1634.60681152
1973-05-03,Napoli,1634.60681152
1973-05-07,Napoli,1632.3548584
1973-05-13,Napoli,1632.3548584
1973-05-14,Napoli,1634.58569336
1973-05-17,Napoli,1639.43322754
1973-05-20,Napoli,1639.43322754
1973-05-21,Napoli,1646.92285156
1973-05-27,Napoli,1646.92285156
1973-05-31,Napoli,1643.9050293
1973-06-03,Napoli,1643.9050293
1973-06-04,Napoli,1643.9050293
1973-06-10,Napoli,1643.9050293
1973-06-11,Napoli,1643.9050293
1973-06-14,Napoli,1643.9050293
1973-06-18,Napoli,1643.9050293
1973-06-25,Napoli,1643.9050293
1973-07-30,Napoli,1643.9050293
1973-08-12,Napoli,1643.9050293
1973-08-23,Napoli,1643.9050293
1973-08-26,Napoli,1643.9050293
1973-08-27,Napoli,1643.9050293
1973-09-01,Napoli,1643.9050293
1973-09-02,Napoli,1643.9050293
1973-09-03,Napoli,1643.9050293
1973-09-08,Napoli,1643.9050293
1973-09-09,Napoli,1643.9050293
1973-09-10,Napoli,1643.9050293
1973-09-16,Napoli,1643.9050293
1973-09-20,Napoli,1626.13330078
1973-09-23,Napoli,1626.13330078
1973-10-01,Napoli,1626.13330078
1973-10-04,Napoli,1606.21691895
1973-10-06,Napoli,1606.21691895
1973-10-08,Napoli,1610.21020508
1973-10-14,Napoli,1610.21020508
1973-10-15,Napoli,1610.21020508
1973-10-16,Napoli,1624.0736084
1973-10-17,Napoli,1624.0736084
1973-10-21,Napoli,1624.0736084
1973-10-22,Napoli,1624.0736084
1973-10-24,Napoli,1624.0736084
1973-10-25,Napoli,1615.32043457
1973-10-28,Napoli,1615.32043457
1973-10-29,Napoli,1619.83752441
1973-11-05,Napoli,1624.12426758
1973-11-08,Napoli,1628.4543457
1973-11-19,Napoli,1632.54553223
1973-11-25,Napoli,1632.54553223
1973-11-26,Napoli,1635.79589844
1973-11-28,Napoli,1635.79589844
1973-11-29,Napoli,1635.79589844
1973-12-03,Napoli,1645.69824219
1973-12-10,Napoli,1648.79052734
1973-12-13,Napoli,1648.79052734
1973-12-17,Napoli,1644.07751465
1973-12-24,Napoli,1636.01049805
1973-12-30,Napoli,1636.01049805
1973-12-31,Napoli,1640.66015625
1974-01-06,Napoli,1640.66015625
1974-01-07,Napoli,1633.27111816
1974-01-14,Napoli,1640.41552734
1974-01-20,Napoli,1640.41552734
1974-01-22,Napoli,1643.67980957
1974-01-27,Napoli,1643.67980957
1974-01-28,Napoli,1646.42333984
1974-02-03,Napoli,1646.42333984
1974-02-04,Napoli,1651.13928223
1974-02-11,Napoli,1645.68273926
1974-02-18,Napoli,1651.19616699
1974-02-21,Napoli,1651.19616699
1974-02-24,Napoli,1651.19616699
1974-02-25,Napoli,1651.19616699
1974-03-04,Napoli,1651.82165527
1974-03-06,Napoli,1651.82165527
1974-03-07,Napoli,1651.82165527
1974-03-11,Napoli,1657.48876953
1974-03-14,Napoli,1659.01452637
1974-03-18,Napoli,1650.68408203
1974-03-21,Napoli,1650.97399902
1974-03-25,Napoli,1646.40563965
1974-04-01,Napoli,1647.30578613
1974-04-07,Napoli,1647.30578613
1974-04-08,Napoli,1645.87182617
1974-04-11,Napoli,1649.80407715
1974-04-16,Napoli,1654.87316895
1974-04-21,Napoli,1654.87316895
1974-04-22,Napoli,1647.07507324
1974-04-25,Napoli,1651.48132324
1974-04-28,Napoli,1651.48132324
1974-04-29,Napoli,1645.23217773
1974-04-30,Napoli,1645.23217773
1974-05-05,Napoli,1645.23217773
1974-05-06,Napoli,1647.72521973
1974-05-09,Napoli,1642.09753418
1974-05-13,Napoli,1639.08691406
1974-05-15,Napoli,1639.08691406
1974-05-19,Napoli,1639.08691406
1974-05-20,Napoli,1646.41357422
1974-07-02,Napoli,1646.41357422
1974-07-10,Napoli,1646.41357422
1974-07-14,Napoli,1646.41357422
1974-08-01,Napoli,1646.41357422
1974-08-19,Napoli,1646.41357422
1974-08-22,Napoli,1646.41357422
1974-08-25,Napoli,1646.41357422
1974-09-01,Napoli,1646.41357422
1974-09-04,Napoli,1646.41357422
1974-09-12,Napoli,1646.41357422
1974-09-14,Napoli,1646.41357422
1974-09-15,Napoli,1646.41357422
1974-09-19,Napoli,1652.18261719
1974-09-22,Napoli,1652.18261719
1974-09-23,Napoli,1652.18261719
1974-09-26,Napoli,1648.68688965
1974-10-02,Napoli,1648.68688965
1974-10-03,Napoli,1659.60827637
1974-10-07,Napoli,1663.89685059
1974-10-10,Napoli,1663.89685059
1974-10-14,Napoli,1665.88305664
1974-10-19,Napoli,1665.88305664
1974-10-21,Napoli,1670.37268066
1974-10-24,Napoli,1668.69555664
1974-10-28,Napoli,1669.20898438
1974-11-03,Napoli,1669.20898438
1974-11-05,Napoli,1672.58776855
1974-11-07,Napoli,1694.07507324
1974-11-10,Napoli,1694.07507324
1974-11-11,Napoli,1691.77722168
1974-11-24,Napoli,1691.77722168
1974-11-25,Napoli,1691.3260498
1974-11-28,Napoli,1662.41845703
1974-12-01,Napoli,1662.41845703
1974-12-02,Napoli,1671.28430176
1974-12-09,Napoli,1675.43261719
1974-12-12,Napoli,1682.16955566
1974-12-15,Napoli,1682.16955566
1974-12-16,Napoli,1667.2869873
1974-12-24,Napoli,1666.76123047
1974-12-27,Napoli,1666.76123047
1974-12-29,Napoli,1666.76123047
1975-01-06,Napoli,1670.33544922
1975-01-12,Napoli,1675.61535645
1975-01-13,Napoli,1675.61535645
1975-01-20,Napoli,1669.02172852
1975-01-23,Napoli,1669.02172852
1975-01-26,Napoli,1673.85412598
1975-02-02,Napoli,1673.85412598
1975-02-03,Napoli,1672.63208008
1975-02-10,Napoli,1679.42260742
1975-02-17,Napoli,1678.71252441
1975-02-23,Napoli,1678.71252441
1975-02-24,Napoli,1682.46838379
1975-03-02,Napoli,1682.46838379
1975-03-03,Napoli,1686.6114502
1975-03-06,Napoli,1689.43530273
1975-03-10,Napoli,1693.97253418
1975-03-17,Napoli,1699.50744629
1975-03-20,Napoli,1702.24633789
1975-03-23,Napoli,1702.24633789
1975-03-24,Napoli,1702.9197998
1975-04-01,Napoli,1710.44897461
1975-04-03,Napoli,1710.44897461
1975-04-06,Napoli,1710.44897461
1975-04-07,Napoli,1707.21020508
1975-04-10,Napoli,1703.23046875
1975-04-13,Napoli,1703.23046875
1975-04-14,Napoli,1708.95568848
1975-04-20,Napoli,1708.95568848
1975-04-24,Napoli,1701.28930664
1975-04-27,Napoli,1701.28930664
1975-04-28,Napoli,1705.34484863
1975-05-05,Napoli,1708.31140137
1975-05-08,Napoli,1708.31140137
1975-05-12,Napoli,1711.67431641
1975-05-19,Napoli,1719.69104004
1975-05-22,Napoli,1719.69104004
1975-05-25,Napoli,1719.69104004
1975-05-29,Napoli,1719.69104004
1975-06-08,Napoli,1719.69104004
1975-08-10,Napoli,1719.69104004
1975-08-24,Napoli,1719.69104004
1975-08-28,Napoli,1719.69104004
1975-08-31,Napoli,1719.69104004
1975-09-14,Napoli,1719.69104004
1975-09-17,Napoli,1718.73010254
1975-09-18,Napoli,1701.59228516
1975-09-21,Napoli,1701.59228516
1975-09-28,Napoli,1701.59228516
1975-09-29,Napoli,1701.59228516
1975-10-02,Napoli,1703.07727051
1975-10-05,Napoli,1703.07727051
1975-10-06,Napoli,1705.25598145
1975-10-13,Napoli,1707.11950684
1975-10-19,Napoli,1707.11950684
1975-10-20,Napoli,1710.96484375
1975-10-23,Napoli,1707.38195801
1975-10-26,Napoli,1707.38195801
1975-10-30,Napoli,1707.38195801
1975-11-03,Napoli,1716.16552734
1975-11-06,Napoli,1707.2434082
1975-11-09,Napoli,1707.2434082
1975-11-10,Napoli,1710.96582031
1975-11-17,Napoli,1702.77490234
1975-11-23,Napoli,1702.77490234
1975-11-27,Napoli,1710.09118652
1975-11-30,Napoli,1710.09118652
1975-12-01,Napoli,1715.37756348
1975-12-07,Napoli,1715.37756348
1975-12-08,Napoli,1725.62255859
1975-12-11,Napoli,1716.63500977
1975-12-15,Napoli,1709.43188477
1975-12-22,Napoli,1702.48925781
1975-12-28,Napoli,1702.48925781
1975-12-29,Napoli,1702.48925781
1975-12-31,Napoli,1699.27050781
1976-01-13,Napoli,1694.05578613
1976-01-18,Napoli,1694.05578613
1976-01-19,Napoli,1698.10632324
1976-01-26,Napoli,1696.70495605
1976-02-01,Napoli,1696.70495605
1976-02-02,Napoli,1689.8815918
1976-02-10,Napoli,1695.78112793
1976-02-15,Napoli,1695.78112793
1976-02-16,Napoli,1683.18859863
1976-02-22,Napoli,1683.18859863
1976-02-23,Napoli,1691.88549805
1976-02-25,Napoli,1691.88549805
1976-02-29,Napoli,1676.82702637
1976-03-04,Napoli,1672.44213867
1976-03-08,Napoli,1670.89672852
1976-03-14,Napoli,1670.89672852
1976-03-15,Napoli,1668.58093262
1976-03-17,Napoli,1668.58093262
1976-03-18,Napoli,1665.59875488
1976-03-22,Napoli,1670.41662598
1976-03-25,Napoli,1670.41662598
1976-03-29,Napoli,1674.26428223
1976-03-31,Napoli,1674.26428223
1976-04-01,Napoli,1674.26428223
1976-04-04,Napoli,1674.26428223
1976-04-05,Napoli,1672.88122559
1976-04-08,Napoli,1672.88122559
1976-04-11,Napoli,1672.88122559
1976-04-12,Napoli,1679.49462891
1976-04-15,Napoli,1679.49462891
1976-04-18,Napoli,1679.49462891
1976-04-20,Napoli,1678.83496094
1976-04-25,Napoli,1678.83496094
1976-04-26,Napoli,1669.80090332
1976-04-29,Napoli,1669.80090332
1976-05-01,Napoli,1669.80090332
1976-05-03,Napoli,1687.06530762
1976-05-05,Napoli,1687.06530762
1976-05-06,Napoli,1687.06530762
1976-05-10,Napoli,1692.11730957
1976-05-13,Napoli,1692.11730957
1976-05-17,Napoli,1683.04187012
1976-05-26,Napoli,1683.04187012
1976-05-30,Napoli,1683.04187012
1976-06-03,Napoli,1683.04187012
1976-06-16,Napoli,1683.04187012
1976-06-17,Napoli,1683.04187012
1976-06-20,Napoli,1683.04187012
1976-06-23,Napoli,1683.04187012
1976-08-12,Napoli,1683.04187012
1976-08-23,Napoli,1683.04187012
1976-08-29,Napoli,1683.04187012
1976-09-04,Napoli,1683.04187012
1976-09-06,Napoli,1683.04187012
1976-09-07,Napoli,1683.04187012
1976-09-12,Napoli,1683.04187012
1976-09-16,Napoli,1670.94458008
1976-09-19,Napoli,1670.94458008
1976-09-26,Napoli,1670.94458008
1976-09-30,Napoli,1682.42138672
1976-10-01,Napoli,1683.52355957
1976-10-04,Napoli,1681.1204834
1976-10-06,Napoli,1681.1204834
1976-10-07,Napoli,1681.1204834
1976-10-11,Napoli,1685.03857422
1976-10-17,Napoli,1685.03857422
1976-10-21,Napoli,1680.87878418
1976-10-24,Napoli,1680.87878418
1976-10-25,Napoli,1686.85473633
1976-11-01,Napoli,1694.0793457
1976-11-04,Napoli,1706.30603027
1976-11-05,Napoli,1706.56665039
1976-11-07,Napoli,1706.56665039
1976-11-08,Napoli,1703.52453613
1976-11-10,Napoli,1703.52453613
1976-11-14,Napoli,1703.52453613
1976-11-22,Napoli,1698.4375
1976-11-25,Napoli,1695.89697266
1976-11-29,Napoli,1691.89050293
1976-12-06,Napoli,1695.30517578
1976-12-08,Napoli,1695.30517578
1976-12-09,Napoli,1696.23815918
1976-12-13,Napoli,1699.45031738
1976-12-16,Napoli,1699.45031738
1976-12-20,Napoli,1692.85803223
1976-12-28,Napoli,1692.85803223
1976-12-30,Napoli,1692.85803223
1977-01-03,Napoli,1691.94702148
1977-01-16,Napoli,1691.94702148
1977-01-17,Napoli,1699.41064453
1977-01-31,Napoli,1693.02307129
1977-02-03,Napoli,1693.02307129
1977-02-07,Napoli,1686.60351562
1977-02-13,Napoli,1688.73583984
1977-02-17,Napoli,1688.73583984
1977-02-20,Napoli,1688.73583984
1977-02-22,Napoli,1680.16540527
1977-02-24,Napoli,1680.16540527
1977-03-01,Napoli,1673.45483398
1977-03-03,Napoli,1678.03088379
1977-03-04,Napoli,1684.15637207
1977-03-06,Napoli,1684.15637207
1977-03-07,Napoli,1686.9543457
1977-03-10,Napoli,1686.9543457
1977-03-14,Napoli,1688.93005371
1977-03-17,Napoli,1693.72485352
1977-03-20,Napoli,1693.72485352
1977-03-21,Napoli,1695.11328125
1977-03-28,Napoli,1694.06689453
1977-04-03,Napoli,1694.06689453
1977-04-04,Napoli,1704.90209961
1977-04-07,Napoli,1707.46813965
1977-04-10,Napoli,1707.46813965
1977-04-11,Napoli,1708.48986816
1977-04-12,Napoli,1708.48986816
1977-04-17,Napoli,1686.54711914
1977-04-21,Napoli,1670.32385254
1977-04-23,Napoli,1670.32385254
1977-04-24,Napoli,1670.32385254
1977-04-25,Napoli,1663.90380859
1977-04-26,Napoli,1663.90380859
1977-04-27,Napoli,1663.90380859
1977-05-03,Napoli,1661.83935547
1977-05-04,Napoli,1661.83935547
1977-05-05,Napoli,1661.47644043
1977-05-07,Napoli,1661.47644043
1977-05-08,Napoli,1661.47644043
1977-05-09,Napoli,1648.26062012
1977-05-12,Napoli,1648.26062012
1977-05-15,Napoli,1648.26062012
1977-05-16,Napoli,1638.60241699
1977-05-17,Napoli,1638.60241699
1977-05-19,Napoli,1641.12060547
1977-05-20,Napoli,1641.12060547
1977-05-22,Napoli,1641.12060547
1977-05-23,Napoli,1641.12060547
1977-05-27,Napoli,1641.12060547
1977-05-28,Napoli,1641.12060547
1977-05-30,Napoli,1641.12060547
1977-06-02,Napoli,1641.12060547
1977-06-09,Napoli,1641.12060547
1977-06-12,Napoli,1641.12060547
1977-06-13,Napoli,1641.12060547
1977-06-14,Napoli,1641.12060547
1977-06-23,Napoli,1641.12060547
1977-08-04,Napoli,1641.12060547
1977-08-07,Napoli,1641.12060547
1977-08-14,Napoli,1641.12060547
1977-08-21,Napoli,1641.12060547
1977-08-25,Napoli,1641.12060547
1977-08-29,Napoli,1641.12060547
1977-09-01,Napoli,1641.12060547
1977-09-04,Napoli,1641.12060547
1977-09-08,Napoli,1641.12060547
1977-09-10,Napoli,1641.12060547
1977-09-11,Napoli,1641.12060547
1977-09-12,Napoli,1652.4095459
1977-09-15,Napoli,1640.46472168
1977-09-19,Napoli,1634.68054199
1977-09-25,Napoli,1634.68054199
1977-09-26,Napoli,1629.46142578
1977-09-29,Napoli,1636.91210938
1977-10-01,Napoli,1636.91210938
1977-10-02,Napoli,1636.91210938
1977-10-03,Napoli,1631.48522949
1977-10-04,Napoli,1631.48522949
1977-10-06,Napoli,1631.48522949
1977-10-08,Napoli,1631.48522949
1977-10-10,Napoli,1631.48522949
1977-10-16,Napoli,1631.48522949
1977-10-17,Napoli,1631.48522949
1977-10-20,Napoli,1634.78320312
1977-10-23,Napoli,1634.78320312
1977-10-24,Napoli,1635.51611328
1977-10-31,Napoli,1641.33642578
1977-11-03,Napoli,1625.55651855
1977-11-06,Napoli,1625.55651855
1977-11-07,Napoli,1629.97888184
1977-11-10,Napoli,1629.97888184
1977-11-21,Napoli,1627.53747559
1977-11-23,Napoli,1627.53747559
1977-11-24,Napoli,1627.09936523
1977-11-26,Napoli,1627.09936523
1977-11-28,Napoli,1633.25134277
1977-12-01,Napoli,1633.25134277
1977-12-04,Napoli,1633.25134277
1977-12-08,Napoli,1620.85046387
1977-12-11,Napoli,1620.85046387
1977-12-12,Napoli,1623.32958984
1977-12-13,Napoli,1623.32958984
1977-12-18,Napoli,1623.32958984
1977-12-19,Napoli,1630.51733398
1977-12-27,Napoli,1630.51733398
1977-12-28,Napoli,1630.51733398
1978-01-01,Napoli,1623.62768555
1978-01-02,Napoli,1623.62768555
1978-01-03,Napoli,1623.62768555
1978-01-09,Napoli,1625.07434082
1978-01-15,Napoli,1625.07434082
1978-01-16,Napoli,1619.54602051
1978-01-22,Napoli,1619.54602051
1978-01-23,Napoli,1630.65136719
1978-01-30,Napoli,1623.73156738
1978-02-05,Napoli,1623.73156738
1978-02-06,Napoli,1621.66589355
1978-02-12,Napoli,1621.66589355
1978-02-13,Napoli,1618.3314209
1978-02-20,Napoli,1618.96276855
1978-02-27,Napoli,1613.11047363
1978-03-02,Napoli,1616.21398926
1978-03-05,Napoli,1616.21398926
1978-03-06,Napoli,1618.54052734
1978-03-11,Napoli,1618.54052734
1978-03-13,Napoli,1610.23999023
1978-03-15,Napoli,1610.23999023
1978-03-16,Napoli,1605.70739746
1978-03-17,Napoli,1605.70739746
1978-03-19,Napoli,1605.70739746
1978-03-20,Napoli,1593.70300293
1978-03-27,Napoli,1604.16210938
1978-03-30,Napoli,1604.60083008
1978-04-02,Napoli,1604.60083008
1978-04-03,Napoli,1608.21203613
1978-04-06,Napoli,1608.21203613
1978-04-10,Napoli,1608.40527344
1978-04-13,Napoli,1601.81604004
1978-04-17,Napoli,1596.86767578
1978-04-24,Napoli,1577.10681152
1978-05-01,Napoli,1579.26379395
1978-05-08,Napoli,1577.29943848
1978-09-14,Napoli,1562.50280762
1978-09-28,Napoli,1539.11889648
1978-10-02,Napoli,1543.93945312
1978-10-09,Napoli,1538.39990234
1978-10-16,Napoli,1543.03259277
1978-10-19,Napoli,1547.05297852
1978-10-23,Napoli,1550.64343262
1978-10-26,Napoli,1550.70446777
1978-10-30,Napoli,1556.0447998
1978-11-02,Napoli,1560.29296875
1978-11-06,Napoli,1554.44030762
1978-11-13,Napoli,1555.66955566
1978-11-20,Napoli,1554.80883789
1978-11-23,Napoli,1552.64477539
1978-11-27,Napoli,1552.18273926
1978-12-04,Napoli,1558.20959473
1978-12-07,Napoli,1556.41174316
1978-12-11,Napoli,1553.94812012
1978-12-18,Napoli,1555.54821777
1979-01-15,Napoli,1556.24865723
1979-01-22,Napoli,1559.67163086
1979-01-29,Napoli,1561.88879395
1979-02-05,Napoli,1557.74108887
1979-02-12,Napoli,1559.59448242
1979-02-19,Napoli,1555.66992188
1979-03-05,Napoli,1547.86730957
1979-03-08,Napoli,1545.51306152
1979-03-12,Napoli,1544.36486816
1979-03-19,Napoli,1541.68237305
1979-03-22,Napoli,1539.93212891
1979-03-26,Napoli,1545.7833252
1979-04-02,Napoli,1559.7668457
1979-04-09,Napoli,1551.00134277
1979-04-15,Napoli,1544.73742676
1979-04-23,Napoli,1549.15246582
1979-04-30,Napoli,1559.14099121
1979-05-07,Napoli,1562.85400391
1979-05-14,Napoli,1561.9609375
1979-09-17,Napoli,1563.24389648
1979-09-20,Napoli,1588.38037109
1979-09-24,Napoli,1582.69042969
1979-10-01,Napoli,1584.74401855
1979-10-04,Napoli,1579.3104248
1979-10-05,Napoli,1582.63171387
1979-10-08,Napoli,1590.05871582
1979-10-15,Napoli,1585.43823242
1979-10-22,Napoli,1583.73535156
1979-10-25,Napoli,1591.24536133
1979-10-29,Napoli,1587.61450195
1979-11-02,Napoli,1548.15209961
1979-11-05,Napoli,1534.43579102
1979-11-08,Napoli,1538.26123047
1979-11-12,Napoli,1542.49353027
1979-12-03,Napoli,1533.32971191
1979-12-10,Napoli,1541.07897949
1979-12-13,Napoli,1555.09094238
1979-12-17,Napoli,1550.67089844
1979-12-31,Napoli,1552.3137207
1980-01-07,Napoli,1547.2409668
1980-01-14,Napoli,1552.11450195
1980-01-21,Napoli,1544.08789062
1980-01-28,Napoli,1540.85375977
1980-02-04,Napoli,1543.21496582
1980-02-11,Napoli,1534.61254883
1980-02-25,Napoli,1529.24829102
1980-03-03,Napoli,1529.66162109
1980-03-06,Napoli,1531.75402832
1980-03-10,Napoli,1542.21105957
1980-03-20,Napoli,1546.31896973
1980-03-24,Napoli,1545.85852051
1980-03-31,Napoli,1536.26269531
1980-04-06,Napoli,1540.93249512
1980-04-10,Napoli,1545.56176758
1980-04-13,Napoli,1550.18798828
1980-04-24,Napoli,1541.32067871
1980-04-28,Napoli,1542.91247559
1980-05-05,Napoli,1539.29443359
1980-05-12,Napoli,1527.95556641
1980-09-15,Napoli,1523.43139648
1980-09-18,Napoli,1548.22131348
1980-09-22,Napoli,1543.07836914
1980-09-29,Napoli,1546.94482422
1980-10-02,Napoli,1535.17297363
1980-10-06,Napoli,1529.5345459
1980-10-20,Napoli,1542.0690918
1980-10-23,Napoli,1550.38293457
1980-10-27,Napoli,1552.69042969
1980-11-06,Napoli,1556.40869141
1980-11-10,Napoli,1560.68054199
1980-11-24,Napoli,1563.4708252
1980-11-27,Napoli,1563.42919922
1980-12-11,Napoli,1563.2409668
1980-12-15,Napoli,1549.91040039
1980-12-18,Napoli,1544.61303711
1980-12-22,Napoli,1548.02954102
1980-12-29,Napoli,1560.09594727
1981-01-19,Napoli,1564.8157959
1981-01-26,Napoli,1570.41394043
1981-02-02,Napoli,1573.55456543
1981-02-09,Napoli,1574.40673828
1981-02-23,Napoli,1582.42028809
1981-03-02,Napoli,1590.2487793
1981-03-05,Napoli,1586.99279785
1981-03-09,Napoli,1590.33703613
1981-03-12,Napoli,1594.76989746
1981-03-15,Napoli,1594.76989746
1981-03-16,Napoli,1600.94506836
1981-03-18,Napoli,1600.94506836
1981-03-19,Napoli,1611.98425293
1981-03-20,Napoli,1611.98425293
1981-03-23,Napoli,1612.52368164
1981-03-26,Napoli,1612.52368164
1981-03-30,Napoli,1617.4609375
1981-04-02,Napoli,1617.4609375
1981-04-05,Napoli,1617.4609375
1981-04-06,Napoli,1624.48095703
1981-04-09,Napoli,1622.08740234
1981-04-11,Napoli,1622.08740234
1981-04-12,Napoli,1622.08740234
1981-04-13,Napoli,1632.83496094
1981-04-19,Napoli,1632.83496094
1981-04-22,Napoli,1632.83496094
1981-04-23,Napoli,1632.40478516
1981-04-27,Napoli,1618.19677734
1981-05-03,Napoli,1618.19677734
1981-05-04,Napoli,1614.24682617
1981-05-09,Napoli,1614.24682617
1981-05-10,Napoli,1614.24682617
1981-05-11,Napoli,1621.19494629
1981-05-13,Napoli,1621.19494629
1981-05-14,Napoli,1621.19494629
1981-05-16,Napoli,1621.19494629
1981-05-18,Napoli,1613.0690918
1981-05-20,Napoli,1613.0690918
1981-05-23,Napoli,1613.0690918
1981-05-25,Napoli,1603.52441406
1981-05-29,Napoli,1603.52441406
1981-05-31,Napoli,1603.52441406
1981-06-03,Napoli,1603.52441406
1981-06-04,Napoli,1603.52441406
1981-06-07,Napoli,1603.52441406
1981-06-18,Napoli,1603.52441406
1981-07-09,Napoli,1603.52441406
1981-07-25,Napoli,1603.52441406
1981-07-29,Napoli,1603.52441406
1981-08-02,Napoli,1603.52441406
1981-08-05,Napoli,1603.52441406
1981-08-09,Napoli,1603.52441406
1981-08-20,Napoli,1603.52441406
1981-08-23,Napoli,1603.52441406
1981-08-24,Napoli,1603.52441406
1981-08-27,Napoli,1603.52441406
1981-08-30,Napoli,1603.52441406
1981-08-31,Napoli,1603.52441406
1981-09-02,Napoli,1603.52441406
1981-09-12,Napoli,1603.52441406
1981-09-13,Napoli,1603.52441406
1981-09-14,Napoli,1598.36743164
1981-09-17,Napoli,1586.05651855
1981-09-21,Napoli,1587.46569824
1981-09-28,Napoli,1575.78039551
1981-10-01,Napoli,1582.12182617
1981-10-05,Napoli,1583.86303711
1981-10-12,Napoli,1588.45080566
1981-10-22,Napoli,1575.64294434
1981-10-26,Napoli,1587.73632812
1981-11-02,Napoli,1582.76477051
1981-11-05,Napoli,1572.45922852
1981-11-09,Napoli,1574.30334473
1981-11-23,Napoli,1568.35058594
1981-11-30,Napoli,1570.20947266
1981-12-14,Napoli,1580.35620117
1981-12-21,Napoli,1575.13574219
1982-01-04,Napoli,1581.90112305
1982-01-11,Napoli,1581.89477539
1982-01-18,Napoli,1570.26708984
1982-01-25,Napoli,1580.07214355
1982-02-01,Napoli,1584.06054688
1982-02-08,Napoli,1584.83374023
1982-02-15,Napoli,1580.07739258
1982-03-01,Napoli,1592.40661621
1982-03-08,Napoli,1586.70043945
1982-03-15,Napoli,1573.57165527
1982-03-22,Napoli,1580.15844727
1982-03-29,Napoli,1588.33581543
1982-04-05,Napoli,1594.08068848
1982-04-19,Napoli,1597.41638184
1982-04-26,Napoli,1587.23400879
1982-05-03,Napoli,1590.54174805
1982-05-10,Napoli,1596.67114258
1982-05-17,Napoli,1590.82287598
1982-09-13,Napoli,1585.24719238
1982-09-16,Napoli,1595.03601074
1982-09-20,Napoli,1581.33239746
1982-09-27,Napoli,1587.05932617
1982-09-30,Napoli,1599.76452637
1982-10-03,Napoli,1599.76452637
1982-10-04,Napoli,1593.97167969
1982-10-11,Napoli,1581.0111084
1982-10-18,Napoli,1584.3972168
1982-10-21,Napoli,1579.94067383
1982-10-25,Napoli,1575.2121582
1982-11-01,Napoli,1577.17321777
1982-11-04,Napoli,1583.5357666
1982-11-08,Napoli,1570.48718262
1982-11-22,Napoli,1566.67358398
1982-11-25,Napoli,1567.1451416
1982-11-29,Napoli,1559.56201172
1982-12-09,Napoli,1569.77001953
1982-12-13,Napoli,1565.24084473
1982-12-20,Napoli,1560.74536133
1983-01-03,Napoli,1549.18103027
1983-01-10,Napoli,1551.5045166
1983-01-17,Napoli,1553.82080078
1983-01-24,Napoli,1558.15808105
1983-01-31,Napoli,1566.84265137
1983-02-07,Napoli,1568.2923584
1983-02-21,Napoli,1563.00183105
1983-02-28,Napoli,1562.05737305
1983-03-03,Napoli,1560.50866699
1983-03-07,Napoli,1562.70080566
1983-03-14,Napoli,1568.90234375
1983-03-17,Napoli,1571.57312012
1983-03-21,Napoli,1573.46765137
1983-03-28,Napoli,1567.1652832
1983-04-07,Napoli,1568.76818848
1983-04-11,Napoli,1573.55749512
1983-04-21,Napoli,1574.75354004
1983-04-25,Napoli,1576.67114258
1983-05-02,Napoli,1583.94006348
1983-05-09,Napoli,1586.1282959
1983-05-16,Napoli,1589.65466309
1983-05-19,Napoli,1589.65466309
1983-05-26,Napoli,1586.97387695
1983-05-30,Napoli,1586.97387695
1983-07-28,Napoli,1586.97387695
1983-08-21,Napoli,1586.97387695
1983-08-22,Napoli,1586.97387695
1983-08-31,Napoli,1586.97387695
1983-09-01,Napoli,1586.97387695
1983-09-13,Napoli,1578.50634766
1983-09-15,Napoli,1583.59033203
1983-09-19,Napoli,1578.40185547
1983-09-26,Napoli,1575.5892334
1983-09-29,Napoli,1591.0020752
1983-10-02,Napoli,1591.0020752
1983-10-03,Napoli,1597.63098145
1983-10-09,Napoli,1597.63098145
1983-10-10,Napoli,1592.95080566
1983-10-16,Napoli,1592.95080566
1983-10-17,Napoli,1592.95080566
1983-10-20,Napoli,1590.80969238
1983-10-24,Napoli,1595.51721191
1983-10-30,Napoli,1595.51721191
1983-10-31,Napoli,1590.74255371
1983-11-03,Napoli,1601.85876465
1983-11-06,Napoli,1601.85876465
1983-11-07,Napoli,1596.65075684
1983-11-10,Napoli,1596.65075684
1983-11-13,Napoli,1596.65075684
1983-11-14,Napoli,1596.65075684
1983-11-20,Napoli,1596.65075684
1983-11-21,Napoli,1600.64697266
1983-11-24,Napoli,1600.5748291
1983-11-28,Napoli,1596.90466309
1983-12-05,Napoli,1596.72998047
1983-12-08,Napoli,1590.23083496
1983-12-12,Napoli,1595.68505859
1983-12-15,Napoli,1595.68505859
1983-12-19,Napoli,1586.9934082
1984-01-01,Napoli,1577.9375
1984-01-09,Napoli,1575.49072266
1984-01-16,Napoli,1574.43041992
1984-01-23,Napoli,1576.44958496
1984-01-30,Napoli,1578.73925781
1984-02-13,Napoli,1572.2923584
1984-02-20,Napoli,1558.390625
1984-02-27,Napoli,1562.60546875
1984-03-08,Napoli,1570.75695801
1984-03-12,Napoli,1564.12158203
1984-03-19,Napoli,1566.7208252
1984-03-22,Napoli,1567.80285645
1984-03-26,Napoli,1574.40563965
1984-04-02,Napoli,1592.24475098
1984-04-12,Napoli,1592.09790039
1984-04-16,Napoli,1596.06164551
1984-04-22,Napoli,1588.66174316
1984-04-26,Napoli,1601.19213867
1984-04-30,Napoli,1597.75732422
1984-05-07,Napoli,1603.32788086
1984-05-13,Napoli,1603.32788086
1984-05-14,Napoli,1598.47717285
1984-05-17,Napoli,1602.06652832
1984-05-21,Napoli,1602.06652832
1984-05-25,Napoli,1602.06652832
1984-05-27,Napoli,1602.06652832
1984-05-31,Napoli,1602.96655273
1984-08-25,Napoli,1602.96655273
1984-08-26,Napoli,1602.96655273
1984-08-27,Napoli,1602.96655273
1984-09-09,Napoli,1602.96655273
1984-09-12,Napoli,1602.96655273
1984-09-16,Napoli,1602.96655273
1984-09-17,Napoli,1596.67114258
1984-09-20,Napoli,1597.49511719
1984-09-21,Napoli,1595.70874023
1984-09-24,Napoli,1592.9284668
1984-10-01,Napoli,1585.17443848
1984-10-04,Napoli,1592.88464355
1984-10-08,Napoli,1600.13110352
1984-10-15,Napoli,1602.00292969
1984-10-22,Napoli,1599.46520996
1984-10-25,Napoli,1606.03796387
1984-10-29,Napoli,1599.97521973
1984-11-08,Napoli,1596.95092773
1984-11-12,Napoli,1593.49841309
1984-11-19,Napoli,1596.78417969
1984-11-26,Napoli,1599.79699707
1984-11-29,Napoli,1600.38989258
1984-12-03,Napoli,1597.88256836
1984-12-13,Napoli,1602.47888184
1984-12-17,Napoli,1595.49768066
1984-12-24,Napoli,1593.02941895
1985-01-07,Napoli,1598.04675293
1985-01-14,Napoli,1611.67150879
1985-01-20,Napoli,1611.67150879
1985-01-21,Napoli,1610.51293945
1985-01-28,Napoli,1615.53820801
1985-02-03,Napoli,1615.53820801
1985-02-04,Napoli,1615.53820801
1985-02-10,Napoli,1615.53820801
1985-02-11,Napoli,1622.17541504
1985-02-17,Napoli,1622.17541504
1985-02-18,Napoli,1624.57397461
1985-02-24,Napoli,1624.57397461
1985-02-25,Napoli,1630.41259766
1985-02-28,Napoli,1630.41259766
1985-03-03,Napoli,1630.41259766
1985-03-04,Napoli,1626.32641602
1985-03-07,Napoli,1627.37353516
1985-03-10,Napoli,1627.37353516
1985-03-11,Napoli,1627.37353516
1985-03-18,Napoli,1631.45129395
1985-03-21,Napoli,1636.47277832
1985-03-25,Napoli,1647.22412109
1985-04-01,Napoli,1642.39929199
1985-04-04,Napoli,1642.39929199
1985-04-08,Napoli,1642.39929199
1985-04-11,Napoli,1650.70373535
1985-04-13,Napoli,1650.70373535
1985-04-14,Napoli,1650.70373535
1985-04-15,Napoli,1650.32946777
1985-04-21,Napoli,1650.32946777
1985-04-22,Napoli,1661.74938965
1985-04-25,Napoli,1649.48779297
1985-04-26,Napoli,1649.48779297
1985-04-28,Napoli,1649.48779297
1985-04-29,Napoli,1655.3104248
1985-05-06,Napoli,1656.03601074
1985-05-07,Napoli,1656.03601074
1985-05-08,Napoli,1656.03601074
1985-05-11,Napoli,1656.03601074
1985-05-12,Napoli,1656.03601074
1985-05-13,Napoli,1658.51159668
1985-05-15,Napoli,1658.51159668
1985-05-17,Napoli,1658.51159668
1985-05-20,Napoli,1663.76318359
1985-05-26,Napoli,1663.76318359
1985-05-28,Napoli,1663.76318359
1985-05-29,Napoli,1663.76318359
1985-05-30,Napoli,1669.27929688
1985-06-02,Napoli,1669.27929688
1985-06-10,Napoli,1669.27929688
1985-06-16,Napoli,1669.27929688
1985-06-17,Napoli,1669.27929688
1985-06-20,Napoli,1669.27929688
1985-07-01,Napoli,1669.27929688
1985-07-06,Napoli,1669.27929688
1985-07-14,Napoli,1669.27929688
1985-07-20,Napoli,1669.27929688
1985-07-27,Napoli,1669.27929688
1985-08-11,Napoli,1669.27929688
1985-08-12,Napoli,1669.27929688
1985-08-18,Napoli,1669.27929688
1985-08-21,Napoli,1669.27929688
1985-08-29,Napoli,1669.27929688
1985-09-01,Napoli,1669.27929688
1985-09-08,Napoli,1669.27929688
1985-09-09,Napoli,1672.60180664
1985-09-14,Napoli,1672.60180664
1985-09-15,Napoli,1672.60180664
1985-09-16,Napoli,1673.42590332
1985-09-19,Napoli,1672.08044434
1985-09-22,Napoli,1672.08044434
1985-09-23,Napoli,1675.5838623
1985-09-29,Napoli,1675.5838623
1985-09-30,Napoli,1673.8458252
1985-10-03,Napoli,1688.76501465
1985-10-06,Napoli,1688.76501465
1985-10-07,Napoli,1689.06689453
1985-10-12,Napoli,1689.06689453
1985-10-14,Napoli,1692.7064209
1985-10-20,Napoli,1692.7064209
1985-10-21,Napoli,1706.59204102
1985-10-24,Napoli,1699.44714355
1985-10-27,Napoli,1699.44714355
1985-10-28,Napoli,1694.44628906
1985-11-02,Napoli,1694.44628906
1985-11-04,Napoli,1703.58178711
1985-11-07,Napoli,1700.96630859
1985-11-10,Napoli,1700.96630859
1985-11-11,Napoli,1706.09277344
1985-11-14,Napoli,1706.09277344
1985-11-24,Napoli,1706.09277344
1985-11-25,Napoli,1700.18310547
1985-11-28,Napoli,1699.66430664
1985-12-02,Napoli,1707.06811523
1985-12-07,Napoli,1707.06811523
1985-12-09,Napoli,1714.30200195
1985-12-12,Napoli,1710.00585938
1985-12-15,Napoli,1710.00585938
1985-12-16,Napoli,1701.80053711
1985-12-22,Napoli,1701.80053711
1985-12-23,Napoli,1704.85192871
1986-01-06,Napoli,1705.30322266
1986-01-13,Napoli,1691.17980957
1986-01-19,Napoli,1691.17980957
1986-01-20,Napoli,1692.72888184
1986-01-27,Napoli,1687.68371582
1986-02-09,Napoli,1687.68371582
1986-02-10,Napoli,1689.68322754
1986-02-17,Napoli,1685.50292969
1986-02-23,Napoli,1685.50292969
1986-02-24,Napoli,1689.20446777
1986-03-03,Napoli,1697.265625
1986-03-06,Napoli,1702.09179688
1986-03-09,Napoli,1702.09179688
1986-03-10,Napoli,1708.71984863
1986-03-16,Napoli,1708.71984863
1986-03-17,Napoli,1714.52172852
1986-03-20,Napoli,1711.7520752
1986-03-24,Napoli,1700.88208008
1986-03-30,Napoli,1700.88208008
1986-04-03,Napoli,1705.04101562
1986-04-07,Napoli,1707.47802734
1986-04-13,Napoli,1707.47802734
1986-04-14,Napoli,1718.43676758
1986-04-17,Napoli,1710.37097168
1986-04-20,Napoli,1710.37097168
1986-04-21,Napoli,1717.734375
1986-04-23,Napoli,1717.734375
1986-04-28,Napoli,1726.55322266
1986-06-09,Napoli,1726.55322266
1986-07-17,Napoli,1726.55322266
1986-08-06,Napoli,1726.55322266
1986-08-16,Napoli,1726.55322266
1986-09-07,Napoli,1726.55322266
1986-09-15,Napoli,1732.44030762
1986-09-18,Napoli,1746.81469727
1986-09-21,Napoli,1746.81469727
1986-09-22,Napoli,1740.33898926
1986-09-28,Napoli,1740.33898926
1986-09-29,Napoli,1740.50744629
1986-10-02,Napoli,1722.62634277
1986-10-03,Napoli,1719.50561523
1986-10-06,Napoli,1726.06469727
1986-10-09,Napoli,1726.06469727
1986-10-12,Napoli,1726.06469727
1986-10-13,Napoli,1735.49987793
1986-10-20,Napoli,1729.55493164
1986-10-23,Napoli,1731.7409668
1986-10-26,Napoli,1731.7409668
1986-10-27,Napoli,1744.26965332
1986-11-02,Napoli,1744.26965332
1986-11-03,Napoli,1741.00134277
1986-11-06,Napoli,1744.91662598
1986-11-10,Napoli,1764.21606445
1986-11-15,Napoli,1764.21606445
1986-11-16,Napoli,1764.21606445
1986-11-23,Napoli,1764.21606445
1986-11-24,Napoli,1767.19946289
1986-11-27,Napoli,1769.46069336
1986-11-30,Napoli,1769.46069336
1986-12-01,Napoli,1763.87719727
1986-12-07,Napoli,1763.87719727
1986-12-08,Napoli,1763.87719727
1986-12-11,Napoli,1771.18859863
1986-12-12,Napoli,1770.69421387
1986-12-14,Napoli,1770.69421387
1986-12-15,Napoli,1772.1673584
1986-12-22,Napoli,1775.37573242
1987-01-05,Napoli,1763.9921875
1987-01-12,Napoli,1767.18115234
1987-01-19,Napoli,1768.77685547
1987-01-25,Napoli,1768.77685547
1987-02-02,Napoli,1782.52441406
1987-02-09,Napoli,1786.04833984
1987-02-15,Napoli,1786.04833984
1987-02-23,Napoli,1795.96862793
1987-03-02,Napoli,1789.73693848
1987-03-05,Napoli,1787.94213867
1987-03-09,Napoli,1795.02478027
1987-03-16,Napoli,1791.34619141
1987-03-19,Napoli,1780.71704102
1987-03-21,Napoli,1780.71704102
1987-03-23,Napoli,1774.81994629
1987-03-30,Napoli,1779.95080566
1987-04-04,Napoli,1779.95080566
1987-04-06,Napoli,1776.84118652
1987-04-08,Napoli,1776.84118652
1987-04-09,Napoli,1776.84118652
1987-04-12,Napoli,1776.84118652
1987-04-13,Napoli,1764.79846191
1987-04-16,Napoli,1764.79846191
1987-04-19,Napoli,1764.79846191
1987-04-21,Napoli,1764.79846191
1987-04-22,Napoli,1764.79846191
1987-04-25,Napoli,1764.79846191
1987-04-26,Napoli,1764.79846191
1987-04-27,Napoli,1768.24572754
1987-05-03,Napoli,1768.24572754
1987-05-04,Napoli,1768.03356934
1987-05-05,Napoli,1768.03356934
1987-05-11,Napoli,1761.39416504
1987-05-14,Napoli,1761.39416504
1987-05-18,Napoli,1760.46337891
1987-08-26,Napoli,1760.46337891
1987-09-14,Napoli,1765.96875
1987-09-17,Napoli,1757.89135742
1987-09-20,Napoli,1757.89135742
1987-09-21,Napoli,1759.97546387
1987-09-27,Napoli,1759.97546387
1987-09-30,Napoli,1759.97546387
1987-10-01,Napoli,1772.75134277
1987-10-04,Napoli,1772.75134277
1987-10-05,Napoli,1780.89147949
1987-10-12,Napoli,1784.63525391
1987-10-22,Napoli,1768.83630371
1987-10-25,Napoli,1768.83630371
1987-10-26,Napoli,1771.4642334
1987-11-02,Napoli,1772.85107422
1987-11-04,Napoli,1777.55566406
1987-11-05,Napoli,1777.77685547
1987-11-08,Napoli,1777.77685547
1987-11-09,Napoli,1776.63598633
1987-11-23,Napoli,1780.58740234
1987-11-25,Napoli,1780.58740234
1987-11-26,Napoli,1778.04992676
1987-11-29,Napoli,1778.04992676
1987-11-30,Napoli,1779.76940918
1987-12-06,Napoli,1779.76940918
1987-12-10,Napoli,1779.37634277
1987-12-14,Napoli,1784.08520508
1987-12-21,Napoli,1789.93859863
1987-12-29,Napoli,1789.93859863
1988-01-04,Napoli,1779.15112305
1988-01-10,Napoli,1779.15112305
1988-01-11,Napoli,1783.76025391
1988-01-18,Napoli,1794.16918945
1988-01-25,Napoli,1796.05212402
1988-02-01,Napoli,1804.72265625
1988-02-08,Napoli,1806.07897949
1988-02-11,Napoli,1806.07897949
1988-02-15,Napoli,1809.20825195
1988-02-29,Napoli,1814.06933594
1988-03-02,Napoli,1818.33947754
1988-03-03,Napoli,1814.88244629
1988-03-07,Napoli,1801.56335449
1988-03-14,Napoli,1798.40002441
1988-03-16,Napoli,1801.796875
1988-03-17,Napoli,1802.3684082
1988-03-21,Napoli,1805.12084961
1988-03-24,Napoli,1805.12084961
1988-03-28,Napoli,1805.19934082
1988-04-07,Napoli,1805.48486328
1988-04-10,Napoli,1805.48486328
1988-04-11,Napoli,1808.58776855
1988-04-18,Napoli,1798.94946289
1988-04-21,Napoli,1793.72265625
1988-04-25,Napoli,1793.44458008
1988-05-02,Napoli,1781.5020752
1988-05-08,Napoli,1781.5020752
1988-05-09,Napoli,1772.41809082
1988-05-16,Napoli,1759.31799316
1988-07-10,Napoli,1759.31799316
1988-07-14,Napoli,1759.31799316
1988-08-18,Napoli,1759.31799316
1988-08-22,Napoli,1759.31799316
1988-09-04,Napoli,1759.31799316
1988-09-08,Napoli,1750.83874512
1988-10-04,Napoli,1750.83874512
1988-10-05,Napoli,1750.83874512
1988-10-06,Napoli,1754.26928711
1988-10-07,Napoli,1761.23242188
1988-10-10,Napoli,1763.28747559
1988-10-12,Napoli,1777.39477539
1988-10-17,Napoli,1767.4083252
1988-10-23,Napoli,1767.4083252
1988-10-24,Napoli,1771.55285645
1988-10-27,Napoli,1779.02636719
1988-10-31,Napoli,1784.48706055
1988-11-07,Napoli,1777.07446289
1988-11-10,Napoli,1788.08459473
1988-11-11,Napoli,1788.67272949
1988-11-21,Napoli,1804.21276855
1988-11-24,Napoli,1823.85705566
1988-11-28,Napoli,1833.20532227
1988-11-30,Napoli,1833.20532227
1988-12-05,Napoli,1836.76464844
1988-12-08,Napoli,1812.28515625
1988-12-11,Napoli,1812.28515625
1988-12-12,Napoli,1818.48754883
1988-12-19,Napoli,1820.59814453
1989-01-01,Napoli,1812.87280273
1989-01-02,Napoli,1812.87280273
1989-01-03,Napoli,1812.87280273
1989-01-09,Napoli,1819.48352051
1989-01-16,Napoli,1815.71472168
1989-01-22,Napoli,1815.71472168
1989-01-23,Napoli,1817.42614746
1989-01-30,Napoli,1820.23999023
1989-02-06,Napoli,1825.35144043
1989-02-12,Napoli,1825.35144043
1989-02-13,Napoli,1827.03662109
1989-02-20,Napoli,1825.28076172
1989-02-26,Napoli,1825.28076172
1989-02-27,Napoli,1828.36694336
1989-03-02,Napoli,1824.05847168
1989-03-05,Napoli,1824.05847168
1989-03-06,Napoli,1820.83288574
1989-03-11,Napoli,1820.83288574
1989-03-12,Napoli,1820.83288574
1989-03-13,Napoli,1822.28283691
1989-03-16,Napoli,1843.68103027
1989-03-20,Napoli,1839.52563477
1989-04-03,Napoli,1820.78735352
1989-04-06,Napoli,1837.86816406
1989-04-10,Napoli,1841.19958496
1989-04-17,Napoli,1851.45483398
1989-04-20,Napoli,1884.65979004
1989-05-01,Napoli,1886.56982422
1989-05-04,Napoli,1883.59838867
1989-05-08,Napoli,1880.01965332
1989-05-11,Napoli,1875.14672852
1989-05-15,Napoli,1868.13171387
1989-05-18,Napoli,1879.12451172
1989-05-22,Napoli,1882.1484375
1989-05-25,Napoli,1889.64501953
1989-05-29,Napoli,1884.67944336
1989-06-05,Napoli,1878.93408203
1989-06-12,Napoli,1863.70947266
1989-06-19,Napoli,1855.61083984
1989-06-26,Napoli,1860.33666992
1989-08-17,Napoli,1860.33666992
1989-08-24,Napoli,1860.33666992
1989-08-27,Napoli,1860.33666992
1989-08-28,Napoli,1866.36914062
1989-09-04,Napoli,1867.625
1989-09-07,Napoli,1864.39782715
1989-09-10,Napoli,1864.39782715
1989-09-11,Napoli,1869.84802246
1989-09-13,Napoli,1871.04418945
1989-09-14,Napoli,1867.64331055
1989-09-15,Napoli,1868.31652832
1989-09-18,Napoli,1870.50219727
1989-09-25,Napoli,1865.49206543
1989-09-27,Napoli,1865.48962402
1989-09-28,Napoli,1839.50671387
1989-10-02,Napoli,1850.28381348
1989-10-09,Napoli,1850.07641602
1989-10-18,Napoli,1852.5769043
1989-10-19,Napoli,1855.30322266
1989-10-23,Napoli,1862.82458496
1989-10-30,Napoli,1859.03540039
1989-11-02,Napoli,1869.78710938
1989-11-06,Napoli,1871.6151123
1989-11-20,Napoli,1866.50622559
1989-11-23,Napoli,1844.01525879
1989-11-27,Napoli,1846.33813477
1989-12-04,Napoli,1849.94287109
1989-12-07,Napoli,1834.76550293
1989-12-10,Napoli,1834.76550293
1989-12-11,Napoli,1832.19165039
1989-12-17,Napoli,1832.19165039
1989-12-18,Napoli,1835.41540527
1989-12-27,Napoli,1835.41540527
1989-12-30,Napoli,1835.41540527
1989-12-31,Napoli,1817.97241211
1990-01-08,Napoli,1819.92468262
1990-01-14,Napoli,1819.92468262
1990-01-15,Napoli,1816.22583008
1990-01-18,Napoli,1818.26538086
1990-01-22,Napoli,1820.90270996
1990-01-29,Napoli,1828.48706055
1990-02-05,Napoli,1831.01171875
1990-02-12,Napoli,1824.8067627
1990-02-19,Napoli,1829.36608887
1990-02-26,Napoli,1822.18225098
1990-03-05,Napoli,1824.18249512
1990-03-08,Napoli,1832.08288574
1990-03-12,Napoli,1829.44897461
1990-03-19,Napoli,1823.72058105
1990-03-22,Napoli,1828.0904541
1990-03-23,Napoli,1828.81054688
1990-03-26,Napoli,1836.52832031
1990-04-04,Napoli,1842.07092285
1990-04-05,Napoli,1842.55102539
1990-04-13,Napoli,1842.55102539
1990-04-15,Napoli,1846.38891602
1990-04-18,Napoli,1847.64160156
1990-04-19,Napoli,1856.28710938
1990-04-23,Napoli,1865.75280762
1990-04-30,Napoli,1867.97741699
1990-05-10,Napoli,1872.49121094
1990-05-24,Napoli,1874.35021973
1990-09-10,Napoli,1871.48364258
1990-09-17,Napoli,1855.46447754
1990-09-20,Napoli,1854.74584961
1990-09-24,Napoli,1843.71679688
1990-10-01,Napoli,1846.42260742
1990-10-04,Napoli,1862.7923584
1990-10-08,Napoli,1861.10876465
1990-10-22,Napoli,1860.99084473
1990-10-25,Napoli,1846.47167969
1990-10-29,Napoli,1849.59631348
1990-11-08,Napoli,1867.85644531
1990-11-12,Napoli,1866.36999512
1990-11-19,Napoli,1848.96447754
1990-11-26,Napoli,1844.98266602
1990-11-29,Napoli,1844.84399414
1990-12-03,Napoli,1848.42797852
1990-12-10,Napoli,1849.09082031
1990-12-13,Napoli,1856.63317871
1990-12-16,Napoli,1856.63317871
1990-12-17,Napoli,1859.68261719
1990-12-31,Napoli,1857.68212891
1991-01-07,Napoli,1853.18713379
1991-01-14,Napoli,1849.3067627
1991-01-21,Napoli,1840.18041992
1991-01-28,Napoli,1834.11010742
1991-02-04,Napoli,1831.71838379
1991-02-11,Napoli,1836.5847168
1991-02-18,Napoli,1836.03015137
1991-02-25,Napoli,1839.90344238
1991-03-04,Napoli,1834.49755859
1991-03-07,Napoli,1833.04003906
1991-03-11,Napoli,1834.05224609
1991-03-18,Napoli,1837.07507324
1991-03-21,Napoli,1823.61230469
1991-03-25,Napoli,1816.79907227
1991-03-31,Napoli,1815.94116211
1991-04-07,Napoli,1815.94116211
1991-04-08,Napoli,1817.91308594
1991-04-11,Napoli,1816.08911133
1991-04-15,Napoli,1821.98779297
1991-04-22,Napoli,1834.32556152
1991-04-25,Napoli,1835.31640625
1991-05-06,Napoli,1837.40270996
1991-05-12,Napoli,1837.40270996
1991-05-13,Napoli,1833.70422363
1991-05-20,Napoli,1836.37866211
1991-05-27,Napoli,1838.03808594
1991-08-11,Napoli,1838.03808594
1991-09-02,Napoli,1841.81054688
1991-09-09,Napoli,1838.97375488
1991-09-16,Napoli,1833.58911133
1991-09-18,Napoli,1833.58911133
1991-09-19,Napoli,1835.07214355
1991-09-20,Napoli,1833.7253418
1991-09-22,Napoli,1833.7253418
1991-09-23,Napoli,1835.39770508
1991-09-30,Napoli,1838.51245117
1991-10-02,Napoli,1837.44873047
1991-10-03,Napoli,1822.0144043
1991-10-04,Napoli,1826.0670166
1991-10-07,Napoli,1834.81066895
1991-10-21,Napoli,1823.43786621
1991-10-24,Napoli,1824.04089355
1991-10-25,Napoli,1825.16394043
1991-10-28,Napoli,1829.16967773
1991-11-04,Napoli,1835.68701172
1991-11-07,Napoli,1838.94274902
1991-11-18,Napoli,1840.99157715
1991-11-24,Napoli,1840.99157715
1991-11-25,Napoli,1843.15368652
1991-11-28,Napoli,1848.28552246
1991-12-02,Napoli,1849.03979492
1991-12-09,Napoli,1853.8371582
1991-12-12,Napoli,1853.8236084
1991-12-13,Napoli,1853.8236084
1991-12-15,Napoli,1853.8236084
1991-12-16,Napoli,1847.36779785
1991-12-23,Napoli,1847.36779785
1991-12-27,Napoli,1847.36779785
1991-12-30,Napoli,1847.36779785
1992-01-02,Napoli,1847.36779785
1992-01-06,Napoli,1839.83337402
1992-01-13,Napoli,1843.28503418
1992-01-20,Napoli,1853.01477051
1992-01-27,Napoli,1854.28076172
1992-02-03,Napoli,1856.95593262
1992-02-09,Napoli,1856.95593262
1992-02-10,Napoli,1849.19836426
1992-02-17,Napoli,1837.05102539
1992-02-24,Napoli,1843.37561035
1992-03-02,Napoli,1845.9864502
1992-03-05,Napoli,1847.23962402
1992-03-08,Napoli,1847.23962402
1992-03-09,Napoli,1840.3470459
1992-03-16,Napoli,1836.96081543
1992-03-19,Napoli,1839.18005371
1992-03-20,Napoli,1839.35424805
1992-03-30,Napoli,1843.04943848
1992-04-02,Napoli,1843.5390625
1992-04-06,Napoli,1847.67822266
1992-04-13,Napoli,1856.24633789
1992-04-16,Napoli,1858.47265625
1992-04-19,Napoli,1864.30126953
1992-04-27,Napoli,1863.15783691
1992-04-30,Napoli,1860.09521484
1992-05-04,Napoli,1851.67102051
1992-05-11,Napoli,1852.16955566
1992-05-14,Napoli,1851.83068848
1992-05-18,Napoli,1840.6529541
1992-05-21,Napoli,1836.93664551
1992-05-25,Napoli,1840.27001953
1992-08-16,Napoli,1840.27001953
1992-09-07,Napoli,1833.45446777
1992-09-14,Napoli,1844.44714355
1992-09-17,Napoli,1862.68347168
1992-09-21,Napoli,1850.48803711
1992-09-28,Napoli,1846.30322266
1992-09-30,Napoli,1846.31054688
1992-10-01,Napoli,1845.94311523
1992-10-02,Napoli,1846.3861084
1992-10-05,Napoli,1836.25390625
1992-10-19,Napoli,1821.87219238
1992-10-21,Napoli,1823.08374023
1992-10-22,Napoli,1791.32958984
1992-10-23,Napoli,1785.15270996
1992-10-26,Napoli,1791.27758789
1992-11-01,Napoli,1791.27758789
1992-11-02,Napoli,1784.484375
1992-11-04,Napoli,1784.4107666
1992-11-05,Napoli,1788.6307373
1992-11-06,Napoli,1786.0645752
1992-11-09,Napoli,1776.1027832
1992-11-20,Napoli,1776.1027832
1992-11-23,Napoli,1770.56616211
1992-11-26,Napoli,1772.92614746
1992-11-29,Napoli,1772.92614746
1992-11-30,Napoli,1782.17895508
1992-12-04,Napoli,1782.17895508
1992-12-07,Napoli,1775.48217773
1992-12-10,Napoli,1778.71362305
1992-12-11,Napoli,1779.93334961
1992-12-14,Napoli,1773.34362793
1992-12-21,Napoli,1773.34362793
1993-01-03,Napoli,1773.34362793
1993-01-04,Napoli,1776.53564453
1993-01-11,Napoli,1788.63439941
1993-01-17,Napoli,1788.63439941
1993-01-18,Napoli,1795.60070801
1993-01-25,Napoli,1798.11181641
1993-01-30,Napoli,1798.11181641
1993-01-31,Napoli,1798.11181641
1993-02-01,Napoli,1789.73095703
1993-02-07,Napoli,1789.73095703
1993-02-08,Napoli,1795.04589844
1993-02-15,Napoli,1799.22399902
1993-03-01,Napoli,1792.15014648
1993-03-03,Napoli,1792.81225586
1993-03-04,Napoli,1796.46789551
1993-03-05,Napoli,1795.34533691
1993-03-08,Napoli,1791.3572998
1993-03-15,Napoli,1796.62097168
1993-03-17,Napoli,1801.6270752
1993-03-18,Napoli,1806.43762207
1993-03-19,Napoli,1800.33776855
1993-03-22,Napoli,1803.67224121
1993-03-29,Napoli,1808.49658203
1993-04-04,Napoli,1815.97473145
1993-04-05,Napoli,1815.97473145
1993-04-07,Napoli,1819.10253906
1993-04-08,Napoli,1820.07116699
1993-04-11,Napoli,1816.95874023
1993-04-19,Napoli,1818.23718262
1993-04-22,Napoli,1818.73486328
1993-04-23,Napoli,1820.95874023
1993-04-26,Napoli,1825.06481934
1993-05-06,Napoli,1828.85925293
1993-05-10,Napoli,1823.23510742
1993-05-13,Napoli,1825.25036621
1993-05-17,Napoli,1806.76391602
1993-05-20,Napoli,1807.23718262
1993-05-24,Napoli,1804.1541748
1993-05-27,Napoli,1799.46252441
1993-05-31,Napoli,1794.31982422
1993-06-07,Napoli,1793.1270752
1993-08-30,Napoli,1783.13806152
1993-09-02,Napoli,1783.13806152
1993-09-06,Napoli,1772.22668457
1993-09-09,Napoli,1770.34155273
1993-09-13,Napoli,1781.48071289
1993-09-15,Napoli,1781.56799316
1993-09-16,Napoli,1782.26379395
1993-09-17,Napoli,1781.10986328
1993-09-19,Napoli,1781.10986328
1993-09-20,Napoli,1783.08703613
1993-09-26,Napoli,1783.08703613
1993-09-27,Napoli,1786.9152832
1993-09-29,Napoli,1786.98669434
1993-09-30,Napoli,1789.75476074
1993-10-04,Napoli,1789.28979492
1993-10-10,Napoli,1789.28979492
1993-10-18,Napoli,1800.41821289
1993-10-20,Napoli,1800.41821289
1993-10-21,Napoli,1800.39770508
1993-10-24,Napoli,1800.39770508
1993-10-25,Napoli,1803.6159668
1993-11-01,Napoli,1802.47155762
1993-11-03,Napoli,1802.52233887
1993-11-04,Napoli,1800.11413574
1993-11-05,Napoli,1792.33776855
1993-11-08,Napoli,1781.25146484
1993-11-14,Napoli,1781.25146484
1993-11-21,Napoli,1781.25146484
1993-11-22,Napoli,1778.92614746
1993-11-25,Napoli,1782.61499023
1993-11-26,Napoli,1785.15368652
1993-11-29,Napoli,1792.26086426
1993-12-02,Napoli,1793.60754395
1993-12-05,Napoli,1793.60754395
1993-12-06,Napoli,1790.08972168
1993-12-08,Napoli,1790.08972168
1993-12-09,Napoli,1790.8425293
1993-12-13,Napoli,1798.52050781
1993-12-20,Napoli,1816.96655273
1994-01-03,Napoli,1812.39868164
1994-01-10,Napoli,1804.87463379
1994-01-17,Napoli,1808.62890625
1994-01-24,Napoli,1811.70654297
1994-01-30,Napoli,1811.70654297
1994-01-31,Napoli,1807.73815918
1994-02-07,Napoli,1802.47265625
1994-02-14,Napoli,1791.63452148
1994-02-21,Napoli,1796.35925293
1994-02-24,Napoli,1796.35925293
1994-02-28,Napoli,1785.09265137
1994-03-02,Napoli,1788.5526123
1994-03-03,Napoli,1787.40991211
1994-03-04,Napoli,1788.4510498
1994-03-07,Napoli,1794.44824219
1994-03-13,Napoli,1794.44824219
1994-03-14,Napoli,1788.70349121
1994-03-16,Napoli,1785.31958008
1994-03-17,Napoli,1787.06091309
1994-03-18,Napoli,1785.72192383
1994-03-20,Napoli,1785.72192383
1994-03-21,Napoli,1778.21337891
1994-03-28,Napoli,1789.31469727
1994-03-30,Napoli,1788.51672363
1994-03-31,Napoli,1785.46618652
1994-04-05,Napoli,1777.98266602
1994-04-07,Napoli,1777.98266602
1994-04-11,Napoli,1777.89343262
1994-04-13,Napoli,1777.89343262
1994-04-14,Napoli,1780.83532715
1994-04-18,Napoli,1780.89929199
1994-04-25,Napoli,1791.4597168
1994-04-27,Napoli,1794.07678223
1994-04-28,Napoli,1794.92321777
1994-05-01,Napoli,1794.92321777
1994-05-02,Napoli,1805.50231934
1994-05-05,Napoli,1801.76696777
1994-05-12,Napoli,1802.40686035
1994-05-19,Napoli,1806.91015625
1994-08-06,Napoli,1806.91015625
1994-09-05,Napoli,1810.85595703
1994-09-12,Napoli,1800.74438477
1994-09-14,Napoli,1798.39599609
1994-09-15,Napoli,1792.75488281
1994-09-16,Napoli,1792.82055664
1994-09-19,Napoli,1781.14233398
1994-09-26,Napoli,1783.25231934
1994-09-28,Napoli,1786.9387207
1994-09-29,Napoli,1787.6484375
1994-09-30,Napoli,1784.95202637
1994-10-02,Napoli,1784.95202637
1994-10-03,Napoli,1778.05407715
1994-10-10,Napoli,1778.05407715
1994-10-16,Napoli,1770.41088867
1994-10-19,Napoli,1774.6282959
1994-10-20,Napoli,1773.37780762
1994-10-21,Napoli,1774.18640137
1994-10-23,Napoli,1774.18640137
1994-10-24,Napoli,1780.03186035
1994-10-29,Napoli,1780.03186035
1994-10-31,Napoli,1785.27062988
1994-11-02,Napoli,1787.85961914
1994-11-03,Napoli,1788.28417969
1994-11-04,Napoli,1788.20080566
1994-11-07,Napoli,1792.36364746
1994-11-20,Napoli,1792.36364746
1994-11-21,Napoli,1772.49743652
1994-11-23,Napoli,1771.29968262
1994-11-24,Napoli,1763.7644043
1994-11-25,Napoli,1760.4354248
1994-11-27,Napoli,1760.4354248
1994-11-28,Napoli,1764.09411621
1994-11-30,Napoli,1764.09411621
1994-12-03,Napoli,1742.81811523
1994-12-04,Napoli,1742.81811523
1994-12-05,Napoli,1740.21972656
1994-12-07,Napoli,1743.43676758
1994-12-08,Napoli,1746.31396484
1994-12-12,Napoli,1763.82250977
1994-12-18,Napoli,1763.82250977
1994-12-19,Napoli,1763.82250977
1994-12-20,Napoli,1757.80285645
1994-12-22,Napoli,1757.80285645
1995-01-08,Napoli,1757.80285645
1995-01-09,Napoli,1763.79846191
1995-01-15,Napoli,1763.79846191
1995-01-16,Napoli,1760.66052246
1995-01-23,Napoli,1755.97607422
1995-01-26,Napoli,1755.97607422
1995-01-30,Napoli,1765.13964844
1995-02-13,Napoli,1769.36181641
1995-02-20,Napoli,1766.71386719
1995-02-27,Napoli,1771.26953125
1995-03-02,Napoli,1774.02380371
1995-03-03,Napoli,1771.23791504
1995-03-05,Napoli,1771.23791504
1995-03-06,Napoli,1759.4119873
1995-03-12,Napoli,1759.4119873
1995-03-13,Napoli,1766.66003418
1995-03-15,Napoli,1767.34667969
1995-03-16,Napoli,1768.38586426
1995-03-17,Napoli,1769.73791504
1995-03-19,Napoli,1769.73791504
1995-03-20,Napoli,1770.35302734
1995-03-26,Napoli,1770.35302734
1995-04-03,Napoli,1780.14465332
1995-04-05,Napoli,1779.40368652
1995-04-06,Napoli,1782.03161621
1995-04-07,Napoli,1781.31225586
1995-04-09,Napoli,1781.31225586
1995-04-10,Napoli,1779.97741699
1995-04-15,Napoli,1768.68322754
1995-04-19,Napoli,1776.23864746
1995-04-20,Napoli,1777.57568359
1995-04-21,Napoli,1776.23046875
1995-04-24,Napoli,1780.57861328
1995-05-01,Napoli,1783.93481445
1995-05-08,Napoli,1769.80065918
1995-05-10,Napoli,1769.80065918
1995-05-11,Napoli,1769.80065918
1995-05-15,Napoli,1775.89746094
1995-05-21,Napoli,1775.89746094
1995-05-22,Napoli,1785.78491211
1995-05-25,Napoli,1782.1192627
1995-05-27,Napoli,1782.1192627
1995-05-29,Napoli,1793.55688477
1995-06-05,Napoli,1801.58337402
1995-08-28,Napoli,1802.35644531
1995-09-03,Napoli,1802.35644531
1995-09-11,Napoli,1806.63256836
1995-09-13,Napoli,1806.94750977
1995-09-14,Napoli,1811.1270752
1995-09-15,Napoli,1811.14294434
1995-09-18,Napoli,1823.28991699
1995-09-25,Napoli,1828.67077637
1995-09-27,Napoli,1820.30224609
1995-09-28,Napoli,1821.07800293
1995-09-29,Napoli,1821.08117676
1995-10-02,Napoli,1827.06518555
1995-10-16,Napoli,1810.15795898
1995-10-18,Napoli,1810.13635254
1995-10-19,Napoli,1810.54492188
1995-10-20,Napoli,1804.03515625
1995-10-22,Napoli,1804.03515625
1995-10-23,Napoli,1811.84606934
1995-10-30,Napoli,1806.1953125
1995-11-01,Napoli,1794.41723633
1995-11-02,Napoli,1796.74975586
1995-11-03,Napoli,1803.42700195
1995-11-05,Napoli,1803.42700195
1995-11-06,Napoli,1804.77941895
1995-11-09,Napoli,1804.77941895
1995-11-20,Napoli,1799.12805176
1995-11-22,Napoli,1797.69714355
1995-11-23,Napoli,1792.92004395
1995-11-24,Napoli,1794.29516602
1995-11-27,Napoli,1785.17321777
1995-12-03,Napoli,1785.17321777
1995-12-04,Napoli,1784.93261719
1995-12-06,Napoli,1787.38781738
1995-12-07,Napoli,1786.07458496
1995-12-08,Napoli,1786.36242676
1995-12-11,Napoli,1792.77697754
1995-12-18,Napoli,1778.52783203
1995-12-21,Napoli,1778.52783203
1995-12-24,Napoli,1782.80151367
1996-01-08,Napoli,1789.29541016
1996-01-15,Napoli,1782.80810547
1996-01-17,Napoli,1782.80810547
1996-01-22,Napoli,1786.14746094
1996-01-26,Napoli,1786.14746094
1996-01-29,Napoli,1774.5020752
1996-02-05,Napoli,1779.76196289
1996-02-12,Napoli,1769.98254395
1996-02-19,Napoli,1761.60888672
1996-02-25,Napoli,1761.60888672
1996-02-26,Napoli,1755.19165039
1996-02-28,Napoli,1755.19165039
1996-03-04,Napoli,1749.86462402
1996-03-06,Napoli,1744.23278809
1996-03-08,Napoli,1745.23474121
1996-03-11,Napoli,1747.29345703
1996-03-14,Napoli,1747.29345703
1996-03-17,Napoli,1747.29345703
1996-03-20,Napoli,1738.07006836
1996-03-21,Napoli,1741.64880371
1996-03-22,Napoli,1735.40063477
1996-03-24,Napoli,1735.40063477
1996-03-25,Napoli,1725.6463623
1996-03-28,Napoli,1725.6463623
1996-04-01,Napoli,1722.53137207
1996-04-02,Napoli,1722.53137207
1996-04-04,Napoli,1724.27929688
1996-04-05,Napoli,1724.27929688
1996-04-07,Napoli,1721.14672852
1996-04-08,Napoli,1721.14672852
1996-04-09,Napoli,1721.14672852
1996-04-11,Napoli,1725.57275391
1996-04-15,Napoli,1719.23474121
1996-04-17,Napoli,1719.23474121
1996-04-18,Napoli,1719.37695312
1996-04-22,Napoli,1714.08105469
1996-04-29,Napoli,1721.85217285
1996-04-30,Napoli,1721.85217285
1996-05-01,Napoli,1721.85217285
1996-05-06,Napoli,1719.11010742
1996-05-08,Napoli,1719.11010742
1996-05-13,Napoli,1723.70849609
1996-05-19,Napoli,1723.70849609
1996-05-23,Napoli,1723.84423828
1996-05-26,Napoli,1723.84423828
1996-05-27,Napoli,1723.84423828
1996-08-07,Napoli,1723.84423828
1996-08-12,Napoli,1723.84423828
1996-08-18,Napoli,1723.84423828
1996-08-22,Napoli,1723.84423828
1996-08-25,Napoli,1723.84423828
1996-09-08,Napoli,1723.84423828
1996-09-09,Napoli,1718.55456543
1996-09-11,Napoli,1725.36022949
1996-09-12,Napoli,1721.06164551
1996-09-13,Napoli,1720.92895508
1996-09-15,Napoli,1720.92895508
1996-09-16,Napoli,1724.2043457
1996-09-22,Napoli,1724.2043457
1996-09-23,Napoli,1719.47265625
1996-09-25,Napoli,1710.94677734
1996-09-26,Napoli,1715.18127441
1996-09-27,Napoli,1715.44897461
1996-09-28,Napoli,1715.44897461
1996-09-29,Napoli,1715.44897461
1996-09-30,Napoli,1729.6081543
1996-10-06,Napoli,1729.6081543
1996-10-13,Napoli,1729.6081543
1996-10-14,Napoli,1725.49963379
1996-10-16,Napoli,1718.97790527
1996-10-17,Napoli,1714.04443359
1996-10-18,Napoli,1713.87805176
1996-10-20,Napoli,1713.87805176
1996-10-21,Napoli,1710.59326172
1996-10-24,Napoli,1710.59326172
1996-10-27,Napoli,1710.59326172
1996-10-28,Napoli,1714.03967285
1996-10-30,Napoli,1702.49584961
1996-10-31,Napoli,1705.28063965
1996-11-01,Napoli,1707.18310547
1996-11-04,Napoli,1714.44665527
1996-11-07,Napoli,1714.44665527
1996-11-11,Napoli,1714.44665527
1996-11-14,Napoli,1714.44665527
1996-11-18,Napoli,1719.04064941
1996-11-20,Napoli,1721.57543945
1996-11-21,Napoli,1723.06103516
1996-11-25,Napoli,1725.45922852
1996-11-29,Napoli,1728.34411621
1996-12-02,Napoli,1729.70166016
1996-12-04,Napoli,1730.38305664
1996-12-05,Napoli,1725.20495605
1996-12-07,Napoli,1725.20495605
1996-12-08,Napoli,1725.20495605
1996-12-09,Napoli,1727.59655762
1996-12-15,Napoli,1727.59655762
1996-12-16,Napoli,1724.00585938
1996-12-20,Napoli,1724.00585938
1996-12-22,Napoli,1724.00585938
1996-12-23,Napoli,1730.99682617
1997-01-06,Napoli,1723.98327637
1997-01-13,Napoli,1714.88708496
1997-01-20,Napoli,1718.93188477
1997-01-27,Napoli,1726.13354492
1997-02-03,Napoli,1725.42749023
1997-02-17,Napoli,1718.53601074
1997-02-24,Napoli,1718.50097656
1997-03-02,Napoli,1718.50097656
1997-03-03,Napoli,1721.03039551
1997-03-05,Napoli,1721.61071777
1997-03-06,Napoli,1721.72705078
1997-03-07,Napoli,1726.49377441
1997-03-09,Napoli,1726.49377441
1997-03-10,Napoli,1725.34313965
1997-03-12,Napoli,1725.34313965
1997-03-16,Napoli,1725.34313965
1997-03-17,Napoli,1719.22875977
1997-03-19,Napoli,1719.99035645
1997-03-20,Napoli,1720.7857666
1997-03-21,Napoli,1718.95776367
1997-03-23,Napoli,1718.95776367
1997-03-24,Napoli,1721.4206543
1997-03-25,Napoli,1721.4206543
1997-03-27,Napoli,1721.4206543
1997-03-30,Napoli,1721.4206543
1997-04-06,Napoli,1721.4206543
1997-04-07,Napoli,1721.51293945
1997-04-09,Napoli,1725.35314941
1997-04-10,Napoli,1727.94116211
1997-04-11,Napoli,1730.06347656
1997-04-13,Napoli,1730.06347656
1997-04-14,Napoli,1725.92346191
1997-04-20,Napoli,1725.92346191
1997-04-21,Napoli,1714.62072754
1997-04-22,Napoli,1714.62072754
1997-04-23,Napoli,1715.69970703
1997-04-24,Napoli,1717.7154541
1997-04-25,Napoli,1710.65197754
1997-04-27,Napoli,1710.65197754
1997-04-30,Napoli,1710.65197754
1997-05-03,Napoli,1710.65197754
1997-05-04,Napoli,1710.65197754
1997-05-05,Napoli,1698.94372559
1997-05-08,Napoli,1697.08996582
1997-05-11,Napoli,1697.08996582
1997-05-12,Napoli,1704.48254395
1997-05-15,Napoli,1704.48254395
1997-05-16,Napoli,1701.14697266
1997-05-17,Napoli,1701.14697266
1997-05-19,Napoli,1699.38220215
1997-05-22,Napoli,1699.90917969
1997-05-23,Napoli,1699.90917969
1997-05-26,Napoli,1696.95336914
1997-05-29,Napoli,1691.32495117
1997-06-01,Napoli,1691.32495117
1997-06-02,Napoli,1697.80615234
1997-06-16,Napoli,1697.80615234
1997-06-24,Napoli,1697.80615234
1997-08-03,Napoli,1697.80615234
1997-08-10,Napoli,1697.80615234
1997-08-14,Napoli,1700.40478516
1997-08-22,Napoli,1700.40478516
1997-08-23,Napoli,1700.40478516
1997-08-28,Napoli,1701.52026367
1997-08-30,Napoli,1701.52026367
1997-09-01,Napoli,1697.18005371
1997-09-06,Napoli,1697.18005371
1997-09-07,Napoli,1697.18005371
1997-09-08,Napoli,1697.18005371
1997-09-09,Napoli,1697.18005371
1997-09-13,Napoli,1697.18005371
1997-09-15,Napoli,1700.22180176
1997-09-17,Napoli,1695.25793457
1997-09-18,Napoli,1696.64526367
1997-09-19,Napoli,1698.81323242
1997-09-21,Napoli,1698.81323242
1997-09-22,Napoli,1702.57287598
1997-09-28,Napoli,1702.57287598
1997-09-29,Napoli,1691.83422852
1997-10-01,Napoli,1691.78955078
1997-10-02,Napoli,1689.59411621
1997-10-03,Napoli,1690.24536133
1997-10-05,Napoli,1690.24536133
1997-10-06,Napoli,1682.01965332
1997-10-09,Napoli,1682.01965332
1997-10-18,Napoli,1682.01965332
1997-10-19,Napoli,1673.25390625
1997-10-22,Napoli,1666.66418457
1997-10-23,Napoli,1668.90039062
1997-10-24,Napoli,1670.3503418
1997-10-25,Napoli,1670.3503418
1997-10-26,Napoli,1670.3503418
1997-10-30,Napoli,1670.3503418
1997-11-02,Napoli,1670.3503418
1997-11-03,Napoli,1659.13232422
1997-11-05,Napoli,1666.96643066
1997-11-06,Napoli,1663.88952637
1997-11-07,Napoli,1663.92883301
1997-11-08,Napoli,1663.92883301
1997-11-10,Napoli,1659.75756836
1997-11-11,Napoli,1659.75756836
1997-11-23,Napoli,1659.75756836
1997-11-24,Napoli,1648.43249512
1997-11-26,Napoli,1646.06884766
1997-11-27,Napoli,1639.9206543
1997-11-28,Napoli,1637.38098145
1997-11-30,Napoli,1637.38098145
1997-12-01,Napoli,1637.32568359
1997-12-04,Napoli,1637.32568359
1997-12-07,Napoli,1637.32568359
1997-12-08,Napoli,1631.90075684
1997-12-10,Napoli,1638.2121582
1997-12-11,Napoli,1638.78161621
1997-12-14,Napoli,1638.78161621
1997-12-15,Napoli,1627.22009277
1997-12-18,Napoli,1627.22009277
1997-12-22,Napoli,1621.80493164
1997-12-23,Napoli,1621.80493164
1998-01-05,Napoli,1615.2277832
1998-01-12,Napoli,1622.05078125
1998-01-19,Napoli,1602.85693359
1998-01-26,Napoli,1596.25463867
1998-02-02,Napoli,1600.44714355
1998-02-09,Napoli,1587.03234863
1998-02-12,Napoli,1598.70751953
1998-02-16,Napoli,1594.37890625
1998-02-23,Napoli,1586.25195312
1998-03-01,Napoli,1584.21008301
1998-03-04,Napoli,1586.03051758
1998-03-05,Napoli,1583.58691406
1998-03-06,Napoli,1587.77233887
1998-03-09,Napoli,1588.08691406
1998-03-15,Napoli,1596.34472656
1998-03-18,Napoli,1600.14831543
1998-03-19,Napoli,1605.12878418
1998-03-20,Napoli,1606.53039551
1998-03-23,Napoli,1589.86254883
1998-03-30,Napoli,1585.64099121
1998-03-31,Napoli,1587.19177246
1998-04-02,Napoli,1590.5657959
1998-04-03,Napoli,1591.62988281
1998-04-05,Napoli,1583.63183594
1998-04-12,Napoli,1581.21325684
1998-04-15,Napoli,1583.55310059
1998-04-16,Napoli,1583.44384766
1998-04-17,Napoli,1578.58508301
1998-04-20,Napoli,1570.28710938
1998-04-27,Napoli,1577.06640625
1998-05-04,Napoli,1570.77368164
1998-05-11,Napoli,1566.3338623
1998-05-17,Napoli,1566.12426758
1998-05-21,Napoli,1561.70336914
1998-07-02,Napoli,1561.70336914
1998-08-13,Napoli,1561.75378418
1998-08-27,Napoli,1561.77197266
1998-09-07,Napoli,1549.70507812
1998-09-13,Napoli,1559.72424316
1998-09-16,Napoli,1559.32543945
1998-09-17,Napoli,1552.68652344
1998-09-18,Napoli,1550.64404297
1998-09-21,Napoli,1547.50402832
1998-09-28,Napoli,1558.28613281
1998-09-30,Napoli,1561.23791504
1998-10-01,Napoli,1561.31420898
1998-10-02,Napoli,1563.7611084
1998-10-04,Napoli,1563.46398926
1998-10-12,Napoli,1563.5369873
1998-10-19,Napoli,1560.7734375
1998-10-21,Napoli,1563.06420898
1998-10-22,Napoli,1563.59655762
1998-10-23,Napoli,1561.80187988
1998-11-02,Napoli,1554.79370117
1998-11-04,Napoli,1560.30151367
1998-11-05,Napoli,1557.43884277
1998-11-06,Napoli,1560.71179199
1998-11-09,Napoli,1556.27978516
1998-11-16,Napoli,1561.08532715
1998-11-23,Napoli,1566.64599609
1998-11-25,Napoli,1570.95507812
1998-11-26,Napoli,1573.04406738
1998-11-30,Napoli,1587.87902832
1998-12-03,Napoli,1586.77490234
1998-12-06,Napoli,1585.22424316
1998-12-09,Napoli,1586.90539551
1998-12-10,Napoli,1591.27416992
1998-12-14,Napoli,1574.86193848
1998-12-21,Napoli,1567.82543945
1999-01-07,Napoli,1572.37451172
1999-01-11,Napoli,1582.5369873
1999-01-17,Napoli,1581.5123291
1999-01-25,Napoli,1580.8359375
1999-02-01,Napoli,1573.42687988
1999-02-08,Napoli,1581.48071289
1999-02-15,Napoli,1576.37353516
1999-02-22,Napoli,1582.29797363
1999-03-01,Napoli,1587.55627441
1999-03-03,Napoli,1591.15600586
1999-03-04,Napoli,1587.7097168
1999-03-05,Napoli,1587.78198242
1999-03-08,Napoli,1591.7565918
1999-03-15,Napoli,1595.62805176
1999-03-17,Napoli,1595.83947754
1999-03-18,Napoli,1595.42944336
1999-03-19,Napoli,1595.43432617
1999-03-29,Napoli,1598.61010742
1999-04-04,Napoli,1591.47167969
1999-04-07,Napoli,1595.85058594
1999-04-08,Napoli,1597.66711426
1999-04-09,Napoli,1597.78662109
1999-04-11,Napoli,1606.7010498
1999-04-19,Napoli,1609.28930664
1999-04-21,Napoli,1605.41650391
1999-04-22,Napoli,1599.61816406
1999-04-23,Napoli,1599.95690918
1999-04-26,Napoli,1595.21130371
1999-05-03,Napoli,1590.89379883
1999-05-10,Napoli,1592.49157715
1999-05-13,Napoli,1596.43444824
1999-05-17,Napoli,1593.85424805
1999-05-20,Napoli,1595.78015137
1999-05-24,Napoli,1588.11877441
1999-05-31,Napoli,1575.76757812
1999-06-07,Napoli,1571.31530762
1999-06-14,Napoli,1573.69421387
1999-08-12,Napoli,1569.74365234
1999-08-26,Napoli,1566.67285156
1999-08-30,Napoli,1563.0748291
1999-09-06,Napoli,1564.85070801
1999-09-13,Napoli,1572.84936523
1999-09-15,Napoli,1572.21801758
1999-09-16,Napoli,1572.93615723
1999-09-17,Napoli,1575.01904297
1999-09-21,Napoli,1571.80273438
1999-09-22,Napoli,1572.43078613
1999-09-23,Napoli,1571.38989258
1999-09-27,Napoli,1578.8659668
1999-09-29,Napoli,1576.62915039
1999-09-30,Napoli,1576.24963379
1999-10-01,Napoli,1577.25048828
1999-10-05,Napoli,1582.25048828
1999-10-11,Napoli,1586.92907715
1999-10-20,Napoli,1590.38806152
1999-10-21,Napoli,1587.62268066
1999-10-22,Napoli,1588.42285156
1999-10-25,Napoli,1576.80163574
1999-10-27,Napoli,1575.14221191
1999-10-28,Napoli,1577.4440918
1999-11-01,Napoli,1579.88146973
1999-11-03,Napoli,1586.53503418
1999-11-04,Napoli,1583.0447998
1999-11-05,Napoli,1584.39233398
1999-11-09,Napoli,1581.82751465
1999-11-15,Napoli,1590.66186523
1999-11-23,Napoli,1598.6854248
1999-11-24,Napoli,1596.6697998
1999-11-25,Napoli,1600.08190918
1999-11-26,Napoli,1602.82897949
1999-11-29,Napoli,1595.66174316
1999-12-06,Napoli,1600.23779297
1999-12-08,Napoli,1596.86340332
1999-12-09,Napoli,1597.36804199
1999-12-10,Napoli,1602.23193359
1999-12-13,Napoli,1621.21008301
1999-12-21,Napoli,1616.98461914
2000-01-07,Napoli,1610.88415527
2000-01-10,Napoli,1605.28479004
2000-01-15,Napoli,1615.46154785
2000-01-24,Napoli,1617.67626953
2000-01-31,Napoli,1612.80810547
2000-02-14,Napoli,1604.60168457
2000-02-22,Napoli,1611.56481934
2000-02-29,Napoli,1605.2980957
2000-03-01,Napoli,1598.47045898
2000-03-02,Napoli,1600.39562988
2000-03-03,Napoli,1599.43701172
2000-03-06,Napoli,1609.03491211
2000-03-08,Napoli,1604.3302002
2000-03-09,Napoli,1603.4744873
2000-03-10,Napoli,1584.01745605
2000-03-13,Napoli,1594.19445801
2000-03-15,Napoli,1595.5333252
2000-03-16,Napoli,1594.29748535
2000-03-20,Napoli,1582.29968262
2000-03-22,Napoli,1580.6159668
2000-03-23,Napoli,1584.14477539
2000-03-27,Napoli,1589.72460938
2000-04-04,Napoli,1592.74987793
2000-04-06,Napoli,1587.14880371
2000-04-10,Napoli,1581.2175293
2000-04-19,Napoli,1580.65246582
2000-04-23,Napoli,1598.34411621
2000-05-01,Napoli,1602.01135254
2000-05-09,Napoli,1589.86218262
2000-05-15,Napoli,1594.14111328
2000-05-22,Napoli,1596.08630371
2000-05-29,Napoli,1606.13269043
2000-06-05,Napoli,1615.02807617
2000-06-12,Napoli,1598.18395996
2000-07-03,Napoli,1598.18395996
2000-08-10,Napoli,1597.75097656
2000-08-23,Napoli,1599.84082031
2000-08-24,Napoli,1593.34338379
2000-09-13,Napoli,1596.01733398
2000-09-14,Napoli,1597.20117188
2000-09-15,Napoli,1596.32470703
2000-09-20,Napoli,1594.82592773
2000-09-21,Napoli,1596.37646484
2000-09-27,Napoli,1601.74829102
2000-09-28,Napoli,1598.98571777
2000-09-29,Napoli,1593.29016113
2000-10-01,Napoli,1588.75842285
2000-10-15,Napoli,1585.50756836
2000-10-18,Napoli,1584.1965332
2000-10-19,Napoli,1584.45666504
2000-10-23,Napoli,1569.30700684
2000-10-25,Napoli,1565.41235352
2000-10-26,Napoli,1566.18859863
2000-10-27,Napoli,1567.19677734
2000-11-02,Napoli,1571.75805664
2000-11-06,Napoli,1562.3873291
2000-11-08,Napoli,1564.93408203
2000-11-09,Napoli,1559.53637695
2000-11-10,Napoli,1552.11437988
2000-11-13,Napoli,1557.49694824
2000-11-20,Napoli,1557.57226562
2000-11-22,Napoli,1556.52172852
2000-11-23,Napoli,1553.83459473
2000-11-24,Napoli,1551.61120605
2000-11-26,Napoli,1550.30456543
2000-12-04,Napoli,1557.02441406
2000-12-06,Napoli,1557.85009766
2000-12-07,Napoli,1562.06652832
2000-12-08,Napoli,1567.56176758
2000-12-10,Napoli,1571.63903809
2000-12-17,Napoli,1583.34301758
2000-12-24,Napoli,1586.00463867
2001-01-08,Napoli,1601.87756348
2001-01-15,Napoli,1597.67919922
2001-01-22,Napoli,1590.44921875
2001-01-29,Napoli,1587.67150879
2001-02-05,Napoli,1597.90649414
2001-02-12,Napoli,1594.87109375
2001-02-14,Napoli,1593.81762695
2001-02-15,Napoli,1591.5402832
2001-02-16,Napoli,1587.52209473
2001-02-19,Napoli,1597.4765625
2001-02-21,Napoli,1597.43908691
2001-02-22,Napoli,1597.12609863
2001-02-23,Napoli,1589.97485352
2001-02-26,Napoli,1586.10986328
2001-03-05,Napoli,1584.3248291
2001-03-07,Napoli,1585.16186523
2001-03-08,Napoli,1582.31311035
2001-03-11,Napoli,1575.37817383
2001-03-14,Napoli,1575.54858398
2001-03-15,Napoli,1576.40673828
2001-03-19,Napoli,1575.69152832
2001-04-02,Napoli,1580.97143555
2001-04-09,Napoli,1583.55310059
2001-04-15,Napoli,1594.05749512
2001-04-22,Napoli,1592.10131836
2001-04-29,Napoli,1584.02026367
2001-05-07,Napoli,1579.67578125
2001-05-13,Napoli,1574.4552002
2001-05-21,Napoli,1583.2598877
2001-05-28,Napoli,1587.53112793
2001-06-11,Napoli,1591.73596191
2001-06-18,Napoli,1604.80773926
2001-07-02,Napoli,1604.80773926
2001-08-09,Napoli,1597.91064453
2001-08-22,Napoli,1599.58215332
2001-08-23,Napoli,1601.38952637
2001-08-25,Napoli,1614.40637207
2001-09-03,Napoli,1600.93127441
2001-09-11,Napoli,1584.70544434
2001-09-12,Napoli,1578.82922363
2001-09-19,Napoli,1579.49853516
2001-09-20,Napoli,1573.3145752
2001-09-21,Napoli,1573.59191895
2001-09-24,Napoli,1568.16137695
2001-09-26,Napoli,1567.34130859
2001-09-27,Napoli,1565.63891602
2001-09-28,Napoli,1567.22717285
2001-10-01,Napoli,1562.65649414
2001-10-08,Napoli,1572.77880859
2001-10-11,Napoli,1573.12207031
2001-10-15,Napoli,1579.94714355
2001-10-17,Napoli,1582.97680664
2001-10-18,Napoli,1583.60498047
2001-10-19,Napoli,1592.2298584
2001-10-24,Napoli,1593.66223145
2001-10-25,Napoli,1596.64709473
2001-10-29,Napoli,1594.14489746
2001-10-31,Napoli,1589.44360352
2001-11-01,Napoli,1586.4666748
2001-11-02,Napoli,1586.76464844
2001-11-05,Napoli,1594.96008301
2001-11-10,Napoli,1589.48815918
2001-11-19,Napoli,1580.1348877
2001-11-21,Napoli,1580.20336914
2001-11-23,Napoli,1576.30712891
2001-11-26,Napoli,1568.98498535
2001-11-30,Napoli,1572.57189941
2001-12-04,Napoli,1576.3371582
2001-12-05,Napoli,1573.76599121
2001-12-06,Napoli,1572.86376953
2001-12-07,Napoli,1582.72314453
2001-12-10,Napoli,1589.22265625
2001-12-15,Napoli,1588.28845215
2001-12-24,Napoli,1592.99536133
2002-01-07,Napoli,1605.24475098
2002-01-14,Napoli,1610.09777832
2002-01-22,Napoli,1615.87536621
2002-01-28,Napoli,1611.23181152
2002-02-04,Napoli,1616.359375
2002-02-11,Napoli,1609.52429199
2002-02-19,Napoli,1607.72692871
2002-02-20,Napoli,1607.26586914
2002-02-21,Napoli,1608.56787109
2002-02-22,Napoli,1610.46276855
2002-02-25,Napoli,1610.67297363
2002-02-27,Napoli,1613.45544434
2002-02-28,Napoli,1610.65344238
2002-03-01,Napoli,1601.68322754
2002-03-04,Napoli,1597.39562988
2002-03-11,Napoli,1586.68371582
2002-03-13,Napoli,1583.75292969
2002-03-14,Napoli,1581.39245605
2002-03-15,Napoli,1578.52758789
2002-03-18,Napoli,1573.10192871
2002-03-20,Napoli,1570.76330566
2002-03-21,Napoli,1572.47302246
2002-03-22,Napoli,1582.28405762
2002-03-31,Napoli,1595.4798584
2002-04-05,Napoli,1587.00402832
2002-04-08,Napoli,1591.12426758
2002-04-12,Napoli,1590.7824707
2002-04-15,Napoli,1595.96972656
2002-04-23,Napoli,1599.27709961
2002-04-29,Napoli,1596.91442871
2002-05-06,Napoli,1595.39282227
2002-05-13,Napoli,1593.9486084
2002-05-20,Napoli,1597.93737793
2002-05-27,Napoli,1588.83947754
2002-06-03,Napoli,1577.29284668
2002-08-15,Napoli,1578.67712402
2002-08-28,Napoli,1581.00878906
2002-08-29,Napoli,1581.95031738
2002-09-15,Napoli,1582.84240723
2002-09-18,Napoli,1576.13867188
2002-09-19,Napoli,1577.66003418
2002-09-20,Napoli,1579.98852539
2002-09-22,Napoli,1567.50390625
2002-09-25,Napoli,1578.76196289
2002-09-26,Napoli,1579.77514648
2002-09-29,Napoli,1588.66589355
2002-10-02,Napoli,1594.12268066
2002-10-03,Napoli,1591.28857422
2002-10-04,Napoli,1583.35058594
2002-10-06,Napoli,1579.96789551
2002-10-14,Napoli,1582.70959473
2002-10-20,Napoli,1568.98840332
2002-10-23,Napoli,1566.9967041
2002-10-24,Napoli,1566.05541992
2002-10-29,Napoli,1566.296875
2002-10-30,Napoli,1564.80810547
2002-10-31,Napoli,1570.03076172
2002-11-01,Napoli,1570.59802246
2002-11-03,Napoli,1558.62512207
2002-11-06,Napoli,1567.82104492
2002-11-11,Napoli,1557.04016113
2002-11-13,Napoli,1557.64855957
2002-11-14,Napoli,1556.26086426
2002-11-15,Napoli,1550.21362305
2002-11-18,Napoli,1548.67675781
2002-11-25,Napoli,1536.71411133
2002-11-27,Napoli,1539.72998047
2002-11-28,Napoli,1540.50744629
2002-11-29,Napoli,1541.23852539
2002-11-30,Napoli,1537.05444336
2002-12-10,Napoli,1529.73474121
2002-12-11,Napoli,1528.80065918
2002-12-12,Napoli,1533.51708984
2002-12-13,Napoli,1533.16223145
2002-12-16,Napoli,1516.76196289
2002-12-22,Napoli,1514.41418457
2003-01-07,Napoli,1511.61401367
2003-01-13,Napoli,1514.45751953
2003-01-20,Napoli,1520.36108398
2003-01-28,Napoli,1524.09460449
2003-02-03,Napoli,1518.39135742
2003-02-10,Napoli,1526.18640137
2003-02-19,Napoli,1520.40405273
2003-02-20,Napoli,1519.2545166
2003-02-21,Napoli,1516.76586914
2003-02-24,Napoli,1509.03039551
2003-02-26,Napoli,1504.58496094
2003-02-27,Napoli,1512.19104004
2003-03-04,Napoli,1508.58337402
2003-03-05,Napoli,1513.39208984
2003-03-11,Napoli,1506.96765137
2003-03-12,Napoli,1507.7286377
2003-03-13,Napoli,1507.61621094
2003-03-14,Napoli,1508.2298584
2003-03-17,Napoli,1506.86499023
2003-03-19,Napoli,1499.66711426
2003-03-20,Napoli,1501.61682129
2003-03-21,Napoli,1503.79223633
2003-03-24,Napoli,1505.89135742
2003-04-01,Napoli,1512.71740723
2003-04-06,Napoli,1506.20874023
2003-04-09,Napoli,1506.71398926
2003-04-10,Napoli,1506.9901123
2003-04-11,Napoli,1502.55639648
2003-04-13,Napoli,1499.32885742
2003-04-20,Napoli,1503.97961426
2003-04-23,Napoli,1509.85351562
2003-04-24,Napoli,1512.19726562
2003-04-25,Napoli,1511.12719727
2003-04-27,Napoli,1514.61572266
2003-05-03,Napoli,1508.79052734
2003-05-07,Napoli,1508.08813477
2003-05-11,Napoli,1513.38964844
2003-05-15,Napoli,1517.83398438
2003-05-18,Napoli,1524.8951416
2003-05-25,Napoli,1517.7779541
2003-06-01,Napoli,1524.27941895
2003-06-08,Napoli,1526.03442383
2003-08-14,Napoli,1527.76904297
2003-08-28,Napoli,1529.5402832
2003-09-08,Napoli,1520.00463867
2003-09-12,Napoli,1521.86425781
2003-09-15,Napoli,1522.27539062
2003-09-17,Napoli,1527.66564941
2003-09-18,Napoli,1534.9395752
2003-09-21,Napoli,1522.3815918
2003-09-24,Napoli,1525.96032715
2003-09-25,Napoli,1527.49035645
2003-09-28,Napoli,1523.84692383
2003-10-01,Napoli,1526.6907959
2003-10-02,Napoli,1525.15490723
2003-10-05,Napoli,1527.89855957
2003-10-13,Napoli,1525.2611084
2003-10-16,Napoli,1529.77404785
2003-10-19,Napoli,1527.23034668
2003-10-22,Napoli,1522.19396973
2003-10-23,Napoli,1515.32104492
2003-10-26,Napoli,1514.39355469
2003-11-03,Napoli,1517.93835449
2003-11-05,Napoli,1512.37011719
2003-11-06,Napoli,1510.24804688
2003-11-07,Napoli,1512.57531738
2003-11-10,Napoli,1507.30004883
2003-11-17,Napoli,1498.39892578
2003-11-21,Napoli,1505.78344727
2003-11-24,Napoli,1512.05004883
2003-11-26,Napoli,1506.04077148
2003-11-27,Napoli,1507.796875
2003-11-28,Napoli,1509.01708984
2003-12-01,Napoli,1514.16760254
2003-12-03,Napoli,1509.51147461
2003-12-08,Napoli,1511.41027832
2003-12-10,Napoli,1504.85009766
2003-12-11,Napoli,1507.35620117
2003-12-15,Napoli,1500.70837402
2003-12-22,Napoli,1496.66088867
2004-01-07,Napoli,1498.1151123
2004-01-12,Napoli,1493.6340332
2004-01-19,Napoli,1486.37670898
2004-01-24,Napoli,1483.67370605
2004-02-02,Napoli,1474.47668457
2004-02-09,Napoli,1481.78125
2004-02-16,Napoli,1494.83032227
2004-02-23,Napoli,1498.68359375
2004-02-25,Napoli,1498.58032227
2004-02-26,Napoli,1497.12805176
2004-02-27,Napoli,1492.95617676
2004-03-01,Napoli,1494.28186035
2004-03-04,Napoli,1489.23632812
2004-03-05,Napoli,1486.74865723
2004-03-08,Napoli,1476.9588623
2004-03-10,Napoli,1473.54882812
2004-03-11,Napoli,1476.28466797
2004-03-12,Napoli,1473.09155273
2004-03-15,Napoli,1478.11560059
2004-03-19,Napoli,1472.94104004
2004-03-22,Napoli,1484.921875
2004-03-24,Napoli,1489.2845459
2004-03-26,Napoli,1490.90356445
2004-03-28,Napoli,1498.17553711
2004-04-05,Napoli,1497.67358398
2004-04-08,Napoli,1489.39233398
2004-04-09,Napoli,1487.8026123
2004-04-11,Napoli,1487.21398926
2004-04-15,Napoli,1483.12207031
2004-04-18,Napoli,1485.83740234
2004-04-25,Napoli,1485.7746582
2004-05-03,Napoli,1493.82275391
2004-05-09,Napoli,1489.76916504
2004-05-16,Napoli,1477.8704834
2004-05-23,Napoli,1472.51696777
2004-05-30,Napoli,1468.7076416
2004-06-06,Napoli,1471.02856445
2004-06-13,Napoli,1467.23071289
2006-07-02,Napoli,1493.42333984
2006-08-10,Napoli,1489.99707031
2006-08-23,Napoli,1490.57849121
2006-08-24,Napoli,1489.08361816
2006-09-10,Napoli,1497.33984375
2006-09-13,Napoli,1497.80297852
2006-09-14,Napoli,1498.27807617
2006-09-15,Napoli,1502.34887695
2006-09-17,Napoli,1495.71447754
2006-09-20,Napoli,1498.81994629
2006-09-24,Napoli,1495.16601562
2006-09-27,Napoli,1494.49707031
2006-09-28,Napoli,1488.17944336
2006-09-29,Napoli,1493.59423828
2006-10-01,Napoli,1503.80664062
2006-10-09,Napoli,1509.11914062
2006-10-14,Napoli,1508.82958984
2006-10-18,Napoli,1510.1204834
2006-10-19,Napoli,1513.56347656
2006-10-20,Napoli,1514.80908203
2006-10-22,Napoli,1520.29040527
2006-10-29,Napoli,1513.33166504
2006-11-01,Napoli,1513.17321777
2006-11-02,Napoli,1513.99853516
2006-11-03,Napoli,1510.40881348
2006-11-07,Napoli,1517.81286621
2006-11-14,Napoli,1527.95507812
2006-11-19,Napoli,1535.35449219
2006-11-22,Napoli,1531.49829102
2006-11-23,Napoli,1529.92871094
2006-11-24,Napoli,1527.45422363
2006-11-26,Napoli,1534.40551758
2006-11-30,Napoli,1537.03320312
2006-12-03,Napoli,1533.67895508
2006-12-06,Napoli,1536.38745117
2006-12-07,Napoli,1530.55126953
2006-12-12,Napoli,1532.45715332
2006-12-14,Napoli,1532.18371582
2006-12-15,Napoli,1532.07885742
2006-12-17,Napoli,1528.96435547
2006-12-20,Napoli,1537.17016602
2006-12-23,Napoli,1538.95690918
2007-01-14,Napoli,1542.47119141
2007-01-21,Napoli,1544.01049805
2007-01-30,Napoli,1541.37316895
2007-02-11,Napoli,1546.78857422
2007-02-15,Napoli,1545.03588867
2007-02-16,Napoli,1543.58996582
2007-02-19,Napoli,1539.12414551
2007-02-21,Napoli,1539.12255859
2007-02-22,Napoli,1537.1138916
2007-02-23,Napoli,1533.12390137
2007-02-25,Napoli,1544.61120605
2007-03-04,Napoli,1550.46154785
2007-03-07,Napoli,1557.27661133
2007-03-08,Napoli,1558.79846191
2007-03-11,Napoli,1559.5189209
2007-03-14,Napoli,1555.51489258
2007-03-18,Napoli,1547.10144043
2007-04-01,Napoli,1542.6505127
2007-04-04,Napoli,1540.75927734
2007-04-05,Napoli,1542.08251953
2007-04-07,Napoli,1553.47143555
2007-04-11,Napoli,1546.17285156
2007-04-12,Napoli,1552.66577148
2007-04-15,Napoli,1555.50195312
2007-04-18,Napoli,1570.80651855
2007-04-22,Napoli,1578.89416504
2007-04-25,Napoli,1578.71850586
2007-04-29,Napoli,1583.92285156
2007-05-02,Napoli,1588.52099609
2007-05-03,Napoli,1595.59985352
2007-05-06,Napoli,1588.32629395
2007-05-16,Napoli,1597.53063965
2007-05-20,Napoli,1592.83154297
2007-05-24,Napoli,1595.60546875
2007-05-27,Napoli,1605.63867188
2007-06-04,Napoli,1610.47753906
2007-06-11,Napoli,1612.59106445
2007-07-02,Napoli,1612.59106445
2007-08-15,Napoli,1610.67712402
2007-08-17,Napoli,1610.48168945
2007-08-27,Napoli,1595.8013916
2007-08-29,Napoli,1600.52050781
2007-08-31,Napoli,1595.56225586
2007-09-03,Napoli,1620.86328125
2007-09-17,Napoli,1630.5201416
2007-09-19,Napoli,1631.71740723
2007-09-20,Napoli,1629.40270996
2007-09-21,Napoli,1629.88171387
2007-09-23,Napoli,1629.88171387
2007-09-24,Napoli,1632.14050293
2007-09-26,Napoli,1632.14050293
2007-09-27,Napoli,1637.69018555
2007-09-30,Napoli,1637.69018555
2007-10-01,Napoli,1626.46191406
2007-10-03,Napoli,1626.90014648
2007-10-04,Napoli,1624.20397949
2007-10-05,Napoli,1608.93603516
2007-10-07,Napoli,1607.33093262
2007-10-21,Napoli,1613.96960449
2007-10-24,Napoli,1617.18688965
2007-10-25,Napoli,1617.61425781
2007-10-26,Napoli,1619.36877441
2007-10-28,Napoli,1635.40527344
2007-11-01,Napoli,1632.25561523
2007-11-04,Napoli,1632.25561523
2007-11-05,Napoli,1629.61071777
2007-11-07,Napoli,1636.47192383
2007-11-08,Napoli,1637.47619629
2007-11-09,Napoli,1638.14733887
2007-11-11,Napoli,1632.49694824
2007-11-12,Napoli,1632.49694824
2007-11-19,Napoli,1632.49694824
2007-11-25,Napoli,1632.49694824
2007-11-26,Napoli,1640.13562012
2007-11-28,Napoli,1644.62182617
2007-11-29,Napoli,1640.9642334
2007-11-30,Napoli,1640.65856934
2007-12-01,Napoli,1640.65856934
2007-12-02,Napoli,1640.65856934
2007-12-03,Napoli,1629.27807617
2007-12-05,Napoli,1630.05371094
2007-12-07,Napoli,1630.05371094
2007-12-08,Napoli,1630.05371094
2007-12-10,Napoli,1635.89501953
2007-12-12,Napoli,1635.03503418
2007-12-13,Napoli,1637.03356934
2007-12-15,Napoli,1637.03356934
2007-12-17,Napoli,1638.20251465
2007-12-20,Napoli,1638.20251465
2007-12-21,Napoli,1638.84082031
2007-12-23,Napoli,1638.84082031
2007-12-24,Napoli,1635.70800781
2007-12-27,Napoli,1635.70800781
2007-12-30,Napoli,1635.70800781
2007-12-31,Napoli,1635.70800781
2008-01-02,Napoli,1635.70800781
2008-01-06,Napoli,1635.70800781
2008-01-13,Napoli,1635.70800781
2008-01-14,Napoli,1632.02490234
2008-01-17,Napoli,1632.02490234
2008-01-21,Napoli,1631.33666992
2008-01-24,Napoli,1631.33666992
2008-01-27,Napoli,1631.33666992
2008-01-28,Napoli,1623.02233887
2008-02-03,Napoli,1633.04907227
2008-02-04,Napoli,1633.04907227
2008-02-11,Napoli,1625.03613281
2008-02-15,Napoli,1625.88317871
2008-02-18,Napoli,1610.07092285
2008-02-20,Napoli,1607.25708008
2008-02-21,Napoli,1608.296875
2008-02-22,Napoli,1608.70349121
2008-02-25,Napoli,1619.26013184
2008-02-28,Napoli,1611.33996582
2008-03-03,Napoli,1624.97814941
2008-03-05,Napoli,1620.62280273
2008-03-06,Napoli,1626.63684082
2008-03-07,Napoli,1630.8347168
2008-03-10,Napoli,1624.71887207
2008-03-12,Napoli,1621.83764648
2008-03-13,Napoli,1618.57299805
2008-03-17,Napoli,1616.34924316
2008-03-20,Napoli,1630.78271484
2008-03-23,Napoli,1633.13806152
2008-03-24,Napoli,1633.13806152
2008-03-30,Napoli,1633.13806152
2008-03-31,Napoli,1638.92272949
2008-04-01,Napoli,1638.92272949
2008-04-02,Napoli,1636.5411377
2008-04-04,Napoli,1639.57507324
2008-04-06,Napoli,1639.57507324
2008-04-07,Napoli,1626.73779297
2008-04-10,Napoli,1626.3581543
2008-04-11,Napoli,1628.88024902
2008-04-13,Napoli,1628.88024902
2008-04-14,Napoli,1637.87341309
2008-04-21,Napoli,1647.5880127
2008-04-25,Napoli,1647.95129395
2008-04-27,Napoli,1647.95129395
2008-04-28,Napoli,1645.12512207
2008-04-30,Napoli,1645.12512207
2008-05-02,Napoli,1644.01501465
2008-05-05,Napoli,1636.90808105
2008-05-07,Napoli,1636.90808105
2008-05-12,Napoli,1652.49243164
2008-05-18,Napoli,1652.49243164
2008-05-19,Napoli,1647.47363281
2008-06-09,Napoli,1647.47363281
2008-06-12,Napoli,1647.47363281
2008-07-07,Napoli,1647.47363281
2008-07-13,Napoli,1647.47363281
2008-07-21,Napoli,1647.47363281
2008-07-26,Napoli,1647.47363281
2008-08-03,Napoli,1647.47363281
2008-08-11,Napoli,1647.47363281
2008-08-13,Napoli,1649.14367676
2008-08-14,Napoli,1649.6427002
2008-08-15,Napoli,1650.27185059
2008-08-17,Napoli,1650.27185059
2008-08-27,Napoli,1650.29785156
2008-08-28,Napoli,1650.46691895
2008-08-29,Napoli,1650.80407715
2008-08-31,Napoli,1650.80407715
2008-09-01,Napoli,1657.84692383
2008-09-14,Napoli,1657.84692383
2008-09-15,Napoli,1667.21655273
2008-09-17,Napoli,1664.26281738
2008-09-18,Napoli,1666.84179688
2008-09-19,Napoli,1676.25732422
2008-09-22,Napoli,1678.93640137
2008-09-25,Napoli,1684.5559082
2008-09-28,Napoli,1684.5559082
2008-09-29,Napoli,1693.23925781
2008-10-01,Napoli,1688.62402344
2008-10-02,Napoli,1690.75598145
2008-10-03,Napoli,1668.44287109
2008-10-06,Napoli,1661.65014648
2008-10-19,Napoli,1671.23742676
2008-10-22,Napoli,1671.3494873
2008-10-23,Napoli,1671.00537109
2008-10-24,Napoli,1678.88476562
2008-10-27,Napoli,1690.23291016
2008-10-30,Napoli,1697.77587891
2008-11-01,Napoli,1697.77587891
2008-11-03,Napoli,1694.69226074
2008-11-05,Napoli,1697.92199707
2008-11-06,Napoli,1703.32788086
2008-11-07,Napoli,1706.62011719
2008-11-09,Napoli,1706.62011719
2008-11-10,Napoli,1715.56652832
2008-11-11,Napoli,1715.56652832
2008-11-16,Napoli,1715.56652832
2008-11-17,Napoli,1705.56762695
2008-11-23,Napoli,1705.56762695
2008-11-24,Napoli,1701.38830566
2008-11-26,Napoli,1697.60925293
2008-11-27,Napoli,1694.20935059
2008-11-28,Napoli,1692.72009277
2008-11-30,Napoli,1692.72009277
2008-12-01,Napoli,1690.61523438
2008-12-04,Napoli,1687.4095459
2008-12-05,Napoli,1687.4095459
2008-12-08,Napoli,1695.26745605
2008-12-10,Napoli,1693.71594238
2008-12-11,Napoli,1692.5592041
2008-12-14,Napoli,1700.46936035
2008-12-15,Napoli,1700.46936035
2008-12-18,Napoli,1698.86730957
2008-12-19,Napoli,1698.12243652
2008-12-22,Napoli,1689.25402832
2008-12-27,Napoli,1689.25402832
2008-12-29,Napoli,1689.25402832
2009-01-05,Napoli,1689.25402832
2009-01-11,Napoli,1689.25402832
2009-01-12,Napoli,1693.67041016
2009-01-19,Napoli,1685.12121582
2009-01-24,Napoli,1685.12121582
2009-01-25,Napoli,1685.12121582
2009-01-26,Napoli,1673.66052246
2009-01-29,Napoli,1669.69287109
2009-02-01,Napoli,1666.72973633
2009-02-02,Napoli,1666.72973633
2009-02-04,Napoli,1666.72973633
2009-02-07,Napoli,1666.72973633
2009-02-09,Napoli,1661.08093262
2009-02-15,Napoli,1657.35205078
2009-02-16,Napoli,1657.35205078
2009-02-19,Napoli,1654.63745117
2009-02-20,Napoli,1651.39355469
2009-02-22,Napoli,1651.39355469
2009-02-23,Napoli,1642.41125488
2009-02-25,Napoli,1640.81323242
2009-02-26,Napoli,1639.62768555
2009-02-27,Napoli,1631.36547852
2009-03-01,Napoli,1628.9921875
2009-03-09,Napoli,1616.25976562
2009-03-11,Napoli,1615.12194824
2009-03-12,Napoli,1614.36035156
2009-03-13,Napoli,1618.42663574
2009-03-16,Napoli,1619.3416748
2009-03-20,Napoli,1619.734375
2009-03-23,Napoli,1622.92858887
2009-04-06,Napoli,1626.15991211
2009-04-10,Napoli,1623.9777832
2009-04-12,Napoli,1622.28759766
2009-04-17,Napoli,1621.29333496
2009-04-20,Napoli,1613.8560791
2009-04-27,Napoli,1626.53112793
2009-05-03,Napoli,1626.53112793
2009-05-04,Napoli,1620.12084961
2009-05-11,Napoli,1621.00561523
2009-05-18,Napoli,1609.26318359
2009-05-25,Napoli,1599.69726562
2009-06-01,Napoli,1612.12658691
2009-07-31,Napoli,1612.7232666
2009-08-07,Napoli,1613.94873047
2009-08-19,Napoli,1615.42260742
2009-08-21,Napoli,1620.60217285
2009-08-24,Napoli,1616.03881836
2009-08-27,Napoli,1616.93237305
2009-08-28,Napoli,1617.98962402
2009-08-31,Napoli,1625.72839355
2009-09-14,Napoli,1619.5925293
2009-09-16,Napoli,1621.79943848
2009-09-17,Napoli,1620.28369141
2009-09-18,Napoli,1611.2434082
2009-09-20,Napoli,1611.8704834
2009-09-24,Napoli,1609.5723877
2009-09-28,Napoli,1615.94104004
2009-09-30,Napoli,1619.95385742
2009-10-01,Napoli,1615.67907715
2009-10-02,Napoli,1619.20593262
2009-10-05,Napoli,1616.30334473
2009-10-19,Napoli,1621.93383789
2009-10-21,Napoli,1621.79223633
2009-10-22,Napoli,1626.50366211
2009-10-23,Napoli,1626.10656738
2009-10-26,Napoli,1639.92700195
2009-10-29,Napoli,1642.69396973
2009-10-31,Napoli,1642.69396973
2009-11-01,Napoli,1657.21411133
2009-11-02,Napoli,1657.21411133
2009-11-04,Napoli,1658.37976074
2009-11-05,Napoli,1661.92321777
2009-11-06,Napoli,1663.68823242
2009-11-08,Napoli,1663.69702148
2009-11-22,Napoli,1663.69702148
2009-11-23,Napoli,1660.85351562
2009-11-25,Napoli,1660.98754883
2009-11-26,Napoli,1656.71459961
2009-11-29,Napoli,1656.71459961
2009-11-30,Napoli,1659.1270752
2009-12-03,Napoli,1655.73596191
2009-12-04,Napoli,1656.56079102
2009-12-06,Napoli,1656.56079102
2009-12-07,Napoli,1662.28674316
2009-12-09,Napoli,1654.71374512
2009-12-10,Napoli,1660.2064209
2009-12-13,Napoli,1663.09399414
2009-12-16,Napoli,1663.09399414
2009-12-17,Napoli,1664.7199707
2009-12-18,Napoli,1657.6151123
2009-12-19,Napoli,1657.6151123
2009-12-21,Napoli,1666.15270996
2009-12-24,Napoli,1666.15270996
2010-01-04,Napoli,1666.15270996
2010-01-07,Napoli,1678.67089844
2010-01-11,Napoli,1684.08862305
2010-01-17,Napoli,1684.08862305
2010-01-18,Napoli,1682.16589355
2010-01-21,Napoli,1682.16589355
2010-01-25,Napoli,1692.97436523
2010-01-31,Napoli,1690.42297363
2010-02-01,Napoli,1690.42297363
2010-02-07,Napoli,1690.42297363
2010-02-08,Napoli,1681.14819336
2010-02-14,Napoli,1681.14819336
2010-02-15,Napoli,1684.51171875
2010-02-17,Napoli,1682.60778809
2010-02-18,Napoli,1682.23034668
2010-02-19,Napoli,1683.31408691
2010-02-22,Napoli,1682.46936035
2010-02-25,Napoli,1684.11584473
2010-02-26,Napoli,1677.50195312
2010-02-28,Napoli,1677.50195312
2010-03-01,Napoli,1678.2532959
2010-03-08,Napoli,1670.56762695
2010-03-09,Napoli,1670.56762695
2010-03-10,Napoli,1669.9465332
2010-03-11,Napoli,1667.65307617
2010-03-12,Napoli,1670.8536377
2010-03-14,Napoli,1657.79296875
2010-03-17,Napoli,1662.47119141
2010-03-19,Napoli,1655.3092041
2010-03-21,Napoli,1655.3092041
2010-03-22,Napoli,1661.27893066
2010-03-24,Napoli,1661.27893066
2010-03-25,Napoli,1661.27893066
2010-03-26,Napoli,1671.97155762
2010-03-28,Napoli,1671.97155762
2010-03-29,Napoli,1677.12255859
2010-03-31,Napoli,1677.12255859
2010-04-01,Napoli,1678.06958008
2010-04-04,Napoli,1678.66015625
2010-04-05,Napoli,1678.66015625
2010-04-07,Napoli,1680.20007324
2010-04-09,Napoli,1680.20007324
2010-04-11,Napoli,1668.75695801
2010-04-12,Napoli,1668.75695801
2010-04-14,Napoli,1668.75695801
2010-04-15,Napoli,1668.75695801
2010-04-18,Napoli,1668.75695801
2010-04-19,Napoli,1677.71655273
2010-04-20,Napoli,1677.71655273
2010-04-21,Napoli,1682.02905273
2010-04-26,Napoli,1678.54223633
2010-04-28,Napoli,1678.54223633
2010-04-29,Napoli,1679.68115234
2010-05-02,Napoli,1679.68115234
2010-05-03,Napoli,1689.02490234
2010-05-09,Napoli,1689.02490234
2010-05-10,Napoli,1695.62268066
2010-05-16,Napoli,1695.62268066
2010-05-17,Napoli,1690.03308105
2010-05-23,Napoli,1693.77490234
2010-07-30,Napoli,1693.86999512
2010-08-06,Napoli,1693.89074707
2010-08-15,Napoli,1693.89074707
2010-08-19,Napoli,1691.58935547
2010-08-20,Napoli,1694.86401367
2010-08-23,Napoli,1694.86401367
2010-08-25,Napoli,1694.68945312
2010-08-27,Napoli,1699.50439453
2010-08-29,Napoli,1699.50439453
2010-08-30,Napoli,1701.36437988
2010-09-11,Napoli,1701.36437988
2010-09-12,Napoli,1701.36437988
2010-09-13,Napoli,1697.96154785
2010-09-15,Napoli,1696.63439941
2010-09-16,Napoli,1697.1159668
2010-09-17,Napoli,1684.45336914
2010-09-20,Napoli,1695.71630859
2010-09-23,Napoli,1679.47387695
2010-09-27,Napoli,1691.52270508
2010-09-29,Napoli,1692.72692871
2010-09-30,Napoli,1694.98278809
2010-10-01,Napoli,1693.08508301
2010-10-04,Napoli,1704.90136719
2010-10-17,Napoli,1704.90136719
2010-10-18,Napoli,1705.58251953
2010-10-20,Napoli,1697.86547852
2010-10-21,Napoli,1699.08312988
2010-10-22,Napoli,1690.80529785
2010-10-24,Napoli,1690.80529785
2010-10-25,Napoli,1690.80529785
2010-10-26,Napoli,1682.44763184
2010-11-01,Napoli,1689.41601562
2010-11-03,Napoli,1685.39196777
2010-11-04,Napoli,1689.07336426
2010-11-05,Napoli,1677.72229004
2010-11-07,Napoli,1677.72229004
2010-11-08,Napoli,1684.1920166
2010-11-09,Napoli,1684.1920166
2010-11-11,Napoli,1693.05664062
2010-11-12,Napoli,1693.05664062
2010-11-15,Napoli,1683.46130371
2010-11-21,Napoli,1683.46130371
2010-11-22,Napoli,1690.65454102
2010-11-24,Napoli,1697.52844238
2010-11-25,Napoli,1698.49169922
2010-11-28,Napoli,1698.49169922
2010-11-29,Napoli,1688.25927734
2010-12-02,Napoli,1683.71130371
2010-12-03,Napoli,1680.49084473
2010-12-04,Napoli,1680.49084473
2010-12-05,Napoli,1680.49084473
2010-12-06,Napoli,1680.49084473
2010-12-07,Napoli,1686.70935059
2010-12-08,Napoli,1682.02978516
2010-12-09,Napoli,1674.85791016
2010-12-12,Napoli,1684.08276367
2010-12-13,Napoli,1684.08276367
2010-12-16,Napoli,1688.4543457
2010-12-17,Napoli,1682.49645996
2010-12-19,Napoli,1682.49645996
2010-12-20,Napoli,1685.21960449
2010-12-21,Napoli,1685.21960449
2010-12-27,Napoli,1685.21960449
2010-12-29,Napoli,1685.21960449
2011-01-02,Napoli,1685.21960449
2011-01-03,Napoli,1685.21960449
2011-01-05,Napoli,1685.21960449
2011-01-06,Napoli,1685.21960449
2011-01-07,Napoli,1680.44677734
2011-01-10,Napoli,1690.7956543
2011-01-16,Napoli,1687.13037109
2011-01-17,Napoli,1687.13037109
2011-01-23,Napoli,1687.13037109
2011-01-24,Napoli,1696.46606445
2011-01-25,Napoli,1696.46606445
2011-01-30,Napoli,1696.46606445
2011-01-31,Napoli,1706.03686523
2011-02-02,Napoli,1706.03686523
2011-02-03,Napoli,1694.11437988
2011-02-06,Napoli,1694.11437988
2011-02-07,Napoli,1697.64147949
2011-02-13,Napoli,1713.66821289
2011-02-16,Napoli,1711.23181152
2011-02-17,Napoli,1709.03955078
2011-02-18,Napoli,1707.46606445
2011-02-20,Napoli,1707.46606445
2011-02-21,Napoli,1710.6932373
2011-02-24,Napoli,1708.44934082
2011-02-25,Napoli,1698.23986816
2011-02-27,Napoli,1698.23986816
2011-02-28,Napoli,1698.23986816
2011-03-01,Napoli,1690.0880127
2011-03-02,Napoli,1690.0880127
2011-03-06,Napoli,1690.0880127
2011-03-07,Napoli,1683.69726562
2011-03-09,Napoli,1682.01501465
2011-03-10,Napoli,1681.58178711
2011-03-11,Napoli,1681.58178711
2011-03-14,Napoli,1691.953125
2011-03-16,Napoli,1697.34423828
2011-03-20,Napoli,1697.34423828
2011-03-21,Napoli,1701.70141602
2011-04-03,Napoli,1701.70141602
2011-04-04,Napoli,1706.96948242
2011-04-06,Napoli,1700.1328125
2011-04-11,Napoli,1710.90515137
2011-04-14,Napoli,1710.02478027
2011-04-15,Napoli,1710.02478027
2011-04-16,Napoli,1710.02478027
2011-04-17,Napoli,1710.02478027
2011-04-18,Napoli,1699.8918457
2011-04-24,Napoli,1691.74157715
2011-04-25,Napoli,1691.74157715
2011-04-26,Napoli,1691.74157715
2011-04-27,Napoli,1691.74157715
2011-04-28,Napoli,1691.74157715
2011-04-30,Napoli,1691.74157715
2011-05-01,Napoli,1696.37097168
2011-05-02,Napoli,1696.37097168
2011-05-08,Napoli,1696.37097168
2011-05-09,Napoli,1685.99645996
2011-05-11,Napoli,1685.99645996
2011-05-12,Napoli,1685.99645996
2011-05-15,Napoli,1685.99645996
2011-05-16,Napoli,1686.77807617
2011-05-22,Napoli,1686.77807617
2011-05-23,Napoli,1687.83959961
2011-05-30,Napoli,1687.83959961
2011-07-29,Napoli,1685.58996582
2011-08-03,Napoli,1685.58996582
2011-08-05,Napoli,1683.80444336
2011-08-07,Napoli,1683.80444336
2011-08-14,Napoli,1683.80444336
2011-08-17,Napoli,1683.26428223
2011-08-19,Napoli,1682.21228027
2011-08-21,Napoli,1682.21228027
2011-08-22,Napoli,1682.21228027
2011-08-25,Napoli,1680.31689453
2011-08-26,Napoli,1674.24853516
2011-08-29,Napoli,1674.24853516
2011-09-11,Napoli,1682.875
2011-09-14,Napoli,1685.69177246
2011-09-15,Napoli,1689.85766602
2011-09-16,Napoli,1689.74169922
2011-09-19,Napoli,1702.15759277
2011-09-21,Napoli,1702.15759277
2011-09-22,Napoli,1692.34509277
2011-09-25,Napoli,1689.09899902
2011-09-26,Napoli,1689.09899902
2011-09-28,Napoli,1706.64990234
2011-09-29,Napoli,1707.63916016
2011-09-30,Napoli,1705.4005127
2011-10-02,Napoli,1724.13366699
2011-10-16,Napoli,1711.29211426
2011-10-17,Napoli,1711.29211426
2011-10-19,Napoli,1719.86523438
2011-10-20,Napoli,1720.67993164
2011-10-21,Napoli,1723.64196777
2011-10-24,Napoli,1721.72814941
2011-10-27,Napoli,1730.95983887
2011-10-28,Napoli,1730.95983887
2011-10-30,Napoli,1721.11328125
2011-11-02,Napoli,1719.41552734
2011-11-03,Napoli,1718.71496582
2011-11-04,Napoli,1716.12988281
2011-11-07,Napoli,1716.12988281
2011-11-20,Napoli,1713.82470703
2011-11-21,Napoli,1713.82470703
2011-11-22,Napoli,1713.82470703
2011-11-23,Napoli,1728.40148926
2011-11-24,Napoli,1727.03845215
2011-11-26,Napoli,1727.03845215
2011-11-27,Napoli,1724.66052246
2011-11-28,Napoli,1724.66052246
2011-11-29,Napoli,1724.66052246
2011-11-30,Napoli,1722.52001953
2011-12-01,Napoli,1722.98181152
2011-12-02,Napoli,1722.18640137
2011-12-04,Napoli,1725.57421875
2011-12-07,Napoli,1724.27478027
2011-12-08,Napoli,1739.59619141
2011-12-11,Napoli,1739.59619141
2011-12-12,Napoli,1734.12145996
2011-12-14,Napoli,1734.12145996
2011-12-15,Napoli,1737.09033203
2011-12-16,Napoli,1734.99707031
2011-12-18,Napoli,1734.99707031
2011-12-19,Napoli,1718.86181641
2011-12-22,Napoli,1728.29931641
2012-01-05,Napoli,1728.29931641
2012-01-09,Napoli,1736.87768555
2012-01-16,Napoli,1736.87768555
2012-01-17,Napoli,1730.63195801
2012-01-21,Napoli,1730.63195801
2012-01-23,Napoli,1727.3548584
2012-01-25,Napoli,1727.3548584
2012-01-30,Napoli,1717.32348633
2012-02-01,Napoli,1717.32348633
2012-02-02,Napoli,1710.77478027
2012-02-05,Napoli,1710.77478027
2012-02-06,Napoli,1714.59265137
2012-02-11,Napoli,1714.59265137
2012-02-12,Napoli,1714.59265137
2012-02-14,Napoli,1719.84350586
2012-02-16,Napoli,1726.6217041
2012-02-17,Napoli,1721.62194824
2012-02-18,Napoli,1734.94067383
2012-02-22,Napoli,1750.51306152
2012-02-23,Napoli,1749.3515625
2012-02-24,Napoli,1754.45080566
2012-02-27,Napoli,1759.82421875
2012-03-04,Napoli,1759.82421875
2012-03-05,Napoli,1765.75317383
2012-03-07,Napoli,1762.80749512
2012-03-09,Napoli,1758.89428711
2012-03-10,Napoli,1763.88952637
2012-03-11,Napoli,1763.88952637
2012-03-12,Napoli,1763.88952637
2012-03-14,Napoli,1763.05322266
2012-03-15,Napoli,1736.88977051
2012-03-16,Napoli,1736.83630371
2012-03-17,Napoli,1736.83630371
2012-03-18,Napoli,1736.83630371
2012-03-19,Napoli,1736.82348633
2012-03-20,Napoli,1736.82348633
2012-03-23,Napoli,1736.82348633
2012-03-25,Napoli,1736.82348633
2012-03-26,Napoli,1732.12658691
2012-03-28,Napoli,1732.12658691
2012-03-29,Napoli,1732.50146484
2012-03-30,Napoli,1732.50146484
2012-04-01,Napoli,1732.50146484
2012-04-02,Napoli,1721.64013672
2012-04-04,Napoli,1720.27990723
2012-04-06,Napoli,1720.27990723
2012-04-08,Napoli,1708.7677002
2012-04-10,Napoli,1708.7677002
2012-04-11,Napoli,1708.7677002
2012-04-12,Napoli,1690.78015137
2012-04-15,Napoli,1690.78015137
2012-04-22,Napoli,1693.94665527
2012-04-23,Napoli,1693.94665527
2012-04-26,Napoli,1702.60986328
2012-04-27,Napoli,1702.60986328
2012-04-28,Napoli,1702.60986328
2012-04-29,Napoli,1702.50561523
2012-05-02,Napoli,1707.81945801
2012-05-03,Napoli,1707.81945801
2012-05-06,Napoli,1707.81945801
2012-05-07,Napoli,1694.52563477
2012-05-11,Napoli,1694.52563477
2012-05-13,Napoli,1694.52563477
2012-05-14,Napoli,1698.4152832
2012-05-21,Napoli,1698.4152832
2012-05-24,Napoli,1698.4152832
2012-06-04,Napoli,1698.4152832
2012-06-11,Napoli,1698.4152832
2012-07-13,Napoli,1698.4152832
2012-07-29,Napoli,1698.4152832
2012-08-03,Napoli,1699.44799805
2012-08-06,Napoli,1699.44799805
2012-08-10,Napoli,1698.98913574
2012-08-19,Napoli,1698.98913574
2012-08-20,Napoli,1698.98913574
2012-08-21,Napoli,1698.98913574
2012-08-23,Napoli,1700.35351562
2012-08-24,Napoli,1703.15319824
2012-08-26,Napoli,1703.15319824
2012-08-27,Napoli,1713.59277344
2012-08-28,Napoli,1713.59277344
2012-08-29,Napoli,1712.99499512
2012-08-30,Napoli,1712.99499512
2012-08-31,Napoli,1712.82104492
2012-09-02,Napoli,1712.82104492
2012-09-03,Napoli,1717.05200195
2012-09-15,Napoli,1717.05200195
2012-09-16,Napoli,1717.05200195
2012-09-17,Napoli,1724.26074219
2012-09-19,Napoli,1722.48632812
2012-09-20,Napoli,1723.93225098
2012-09-21,Napoli,1728.75390625
2012-09-24,Napoli,1726.60253906
2012-09-27,Napoli,1735.93029785
2012-09-29,Napoli,1735.93029785
2012-09-30,Napoli,1735.93029785
2012-10-01,Napoli,1741.40515137
2012-10-03,Napoli,1740.85620117
2012-10-04,Napoli,1744.50415039
2012-10-05,Napoli,1733.79492188
2012-10-07,Napoli,1733.79492188
2012-10-08,Napoli,1739.00390625
2012-10-21,Napoli,1732.65686035
2012-10-22,Napoli,1732.65686035
2012-10-24,Napoli,1730.48388672
2012-10-25,Napoli,1728.98217773
2012-10-26,Napoli,1709.69067383
2012-10-28,Napoli,1709.69067383
2012-10-29,Napoli,1713.11938477
2012-11-01,Napoli,1702.91882324
2012-11-05,Napoli,1697.22460938
2012-11-07,Napoli,1696.90478516
2012-11-08,Napoli,1697.79968262
2012-11-09,Napoli,1707.01208496
2012-11-11,Napoli,1707.01208496
2012-11-12,Napoli,1714.40393066
2012-11-17,Napoli,1714.40393066
2012-11-18,Napoli,1713.18151855
2012-11-19,Napoli,1713.18151855
2012-11-21,Napoli,1717.11108398
2012-11-22,Napoli,1721.63745117
2012-11-23,Napoli,1721.71105957
2012-11-25,Napoli,1721.71105957
2012-11-27,Napoli,1727.65612793
2012-12-01,Napoli,1727.65612793
2012-12-02,Napoli,1727.65612793
2012-12-03,Napoli,1731.59558105
2012-12-05,Napoli,1727.93859863
2012-12-06,Napoli,1731.89733887
2012-12-07,Napoli,1706.87414551
2012-12-09,Napoli,1706.87414551
2012-12-10,Napoli,1700.55200195
2012-12-11,Napoli,1700.55200195
2012-12-12,Napoli,1700.55200195
2012-12-16,Napoli,1700.55200195
2012-12-17,Napoli,1687.8848877
2012-12-18,Napoli,1687.8848877
2012-12-23,Napoli,1696.31420898
2012-12-24,Napoli,1696.31420898
2013-01-06,Napoli,1696.31420898
2013-01-07,Napoli,1705.64208984
2013-01-14,Napoli,1710.28466797
2013-01-21,Napoli,1710.65393066
2013-01-27,Napoli,1710.65393066
2013-01-28,Napoli,1718.95812988
2013-02-02,Napoli,1718.95812988
2013-02-03,Napoli,1724.62561035
2013-02-10,Napoli,1725.48547363
2013-02-13,Napoli,1727.92651367
2013-02-14,Napoli,1727.92651367
2013-02-15,Napoli,1704.02392578
2013-02-17,Napoli,1704.02392578
2013-02-18,Napoli,1698.44372559
2013-02-20,Napoli,1698.44372559
2013-02-21,Napoli,1702.71533203
2013-02-22,Napoli,1702.02697754
2013-02-24,Napoli,1702.02697754
2013-02-25,Napoli,1702.02697754
2013-02-26,Napoli,1702.75817871
2013-02-28,Napoli,1702.75817871
2013-03-02,Napoli,1704.39685059
2013-03-03,Napoli,1704.39685059
2013-03-04,Napoli,1704.39685059
2013-03-06,Napoli,1704.39685059
2013-03-07,Napoli,1704.66564941
2013-03-08,Napoli,1706.73840332
2013-03-11,Napoli,1692.3885498
2013-03-13,Napoli,1687.45788574
2013-03-15,Napoli,1691.44140625
2013-03-18,Napoli,1695.47802734
2013-03-31,Napoli,1704.71276855
2013-04-01,Napoli,1704.71276855
2013-04-03,Napoli,1702.72424316
2013-04-04,Napoli,1702.72424316
2013-04-05,Napoli,1699.26843262
2013-04-08,Napoli,1703.42749023
2013-04-10,Napoli,1703.42749023
2013-04-11,Napoli,1702.06237793
2013-04-12,Napoli,1700.85473633
2013-04-14,Napoli,1700.85473633
2013-04-15,Napoli,1704.55053711
2013-04-21,Napoli,1704.55053711
2013-04-22,Napoli,1708.75280762
2013-04-24,Napoli,1708.75280762
2013-04-25,Napoli,1708.75280762
2013-04-28,Napoli,1714.35571289
2013-04-29,Napoli,1714.35571289
2013-05-02,Napoli,1714.35571289
2013-05-03,Napoli,1714.35571289
2013-05-05,Napoli,1714.35571289
2013-05-06,Napoli,1721.35131836
2013-05-09,Napoli,1731.94873047
2013-05-12,Napoli,1731.94873047
2013-05-13,Napoli,1734.57580566
2013-05-19,Napoli,1734.57580566
2013-05-20,Napoli,1726.28051758
2013-05-21,Napoli,1726.28051758
2013-06-02,Napoli,1726.28051758
2013-07-26,Napoli,1726.28051758
2013-08-02,Napoli,1726.54382324
2013-08-07,Napoli,1726.54382324
2013-08-09,Napoli,1726.67944336
2013-08-11,Napoli,1726.67944336
2013-08-18,Napoli,1726.67944336
2013-08-19,Napoli,1726.67944336
2013-08-21,Napoli,1727.17419434
2013-08-23,Napoli,1721.98474121
2013-08-25,Napoli,1721.98474121
2013-08-26,Napoli,1728.27453613
2013-08-28,Napoli,1728.27453613
2013-08-29,Napoli,1731.72973633
2013-08-30,Napoli,1730.44689941
2013-09-01,Napoli,1738.546875
2013-09-15,Napoli,1742.54174805
2013-09-16,Napoli,1742.54174805
2013-09-18,Napoli,1740.27172852
2013-09-19,Napoli,1757.1048584
2013-09-20,Napoli,1759.97045898
2013-09-23,Napoli,1770.00158691
2013-09-25,Napoli,1770.00158691
2013-09-26,Napoli,1762.53479004
2013-09-29,Napoli,1768.27746582
2013-10-02,Napoli,1761.0045166
2013-10-03,Napoli,1759.14099121
2013-10-04,Napoli,1761.4173584
2013-10-07,Napoli,1765.73754883
2013-10-19,Napoli,1755.73718262
2013-10-20,Napoli,1755.73718262
2013-10-23,Napoli,1767.36560059
2013-10-24,Napoli,1766.47998047
2013-10-25,Napoli,1766.35302734
2013-10-28,Napoli,1769.77600098
2013-10-31,Napoli,1778.75231934
2013-11-02,Napoli,1778.75231934
2013-11-03,Napoli,1781.28967285
2013-11-06,Napoli,1782.53222656
2013-11-07,Napoli,1786.43041992
2013-11-08,Napoli,1788.56689453
2013-11-11,Napoli,1779.61242676
2013-11-24,Napoli,1765.94592285
2013-11-27,Napoli,1763.65734863
2013-11-28,Napoli,1764.3203125
2013-11-29,Napoli,1764.8659668
2013-12-02,Napoli,1764.8659668
2013-12-03,Napoli,1775.21765137
2013-12-08,Napoli,1770.38378906
2013-12-12,Napoli,1784.63928223
2013-12-13,Napoli,1784.64904785
2013-12-16,Napoli,1790.25061035
2013-12-22,Napoli,1786.61645508
2014-01-07,Napoli,1789.77246094
2014-01-13,Napoli,1798.58666992
2014-01-20,Napoli,1794.09643555
2014-01-26,Napoli,1787.16394043
2014-01-28,Napoli,1787.16394043
2014-02-02,Napoli,1787.16394043
2014-02-03,Napoli,1766.23461914
2014-02-08,Napoli,1766.23461914
2014-02-09,Napoli,1774.49560547
2014-02-17,Napoli,1778.92285156
2014-02-18,Napoli,1778.92285156
2014-02-19,Napoli,1778.92285156
2014-02-20,Napoli,1777.79870605
2014-02-21,Napoli,1775.11914062
2014-02-24,Napoli,1775.11914062
2014-02-25,Napoli,1768.99658203
2014-02-26,Napoli,1768.99658203
2014-02-27,Napoli,1768.99658203
2014-02-28,Napoli,1780.75378418
2014-03-01,Napoli,1780.75378418
2014-03-03,Napoli,1775.06188965
2014-03-10,Napoli,1781.38427734
2014-03-12,Napoli,1779.8692627
2014-03-14,Napoli,1772.27697754
2014-03-18,Napoli,1777.42993164
2014-03-21,Napoli,1770.7232666
2014-03-23,Napoli,1770.7232666
2014-03-24,Napoli,1760.08496094
2014-03-27,Napoli,1765.54577637
2014-03-31,Napoli,1780.00512695
2014-04-03,Napoli,1780.00512695
2014-04-04,Napoli,1781.16821289
2014-04-07,Napoli,1771.77075195
2014-04-11,Napoli,1772.51708984
2014-04-14,Napoli,1778.37402344
2014-04-20,Napoli,1775.36120605
2014-04-21,Napoli,1775.36120605
2014-04-25,Napoli,1773.78808594
2014-04-27,Napoli,1772.73706055
2014-05-02,Napoli,1770.21496582
2014-05-05,Napoli,1770.21496582
2014-05-07,Napoli,1775.09057617
2014-05-12,Napoli,1782.45349121
2014-05-19,Napoli,1787.85705566
2014-08-01,Napoli,1788.27307129
2014-08-08,Napoli,1788.48779297
2014-08-20,Napoli,1786.46472168
2014-08-21,Napoli,1786.46472168
2014-08-22,Napoli,1786.00085449
2014-08-24,Napoli,1786.00085449
2014-08-25,Napoli,1786.00085449
2014-08-27,Napoli,1786.00085449
2014-08-28,Napoli,1771.75158691
2014-08-29,Napoli,1773.34741211
2014-09-01,Napoli,1777.54504395
2014-09-15,Napoli,1762.69006348
2014-09-17,Napoli,1763.33435059
2014-09-18,Napoli,1767.05297852
2014-09-19,Napoli,1779.6583252
2014-09-22,Napoli,1769.06713867
2014-09-25,Napoli,1763.03076172
2014-09-27,Napoli,1763.03076172
2014-09-29,Napoli,1766.80969238
2014-10-01,Napoli,1768.67578125
2014-10-02,Napoli,1766.70788574
2014-10-03,Napoli,1774.02929688
2014-10-06,Napoli,1777.83361816
2014-10-20,Napoli,1776.81066895
2014-10-22,Napoli,1773.06115723
2014-10-23,Napoli,1768.89025879
2014-10-24,Napoli,1749.18469238
2014-10-25,Napoli,1749.18469238
2014-10-27,Napoli,1755.78125
2014-10-30,Napoli,1752.26647949
2014-11-01,Napoli,1752.26647949
2014-11-02,Napoli,1762.32836914
2014-11-05,Napoli,1763.28881836
2014-11-06,Napoli,1762.56347656
2014-11-07,Napoli,1761.76965332
2014-11-10,Napoli,1769.89599609
2014-11-24,Napoli,1763.39587402
2014-11-26,Napoli,1763.46350098
2014-11-27,Napoli,1764.74499512
2014-11-28,Napoli,1767.59863281
2014-11-30,Napoli,1767.59863281
2014-12-01,Napoli,1767.59863281
2014-12-02,Napoli,1764.97558594
2014-12-07,Napoli,1764.97558594
2014-12-08,Napoli,1757.96826172
2014-12-10,Napoli,1757.76953125
2014-12-11,Napoli,1754.9798584
2014-12-12,Napoli,1754.76379395
2014-12-15,Napoli,1743.50756836
2014-12-19,Napoli,1747.62976074
2014-12-27,Napoli,1747.62976074
2015-01-02,Napoli,1747.62976074
2015-01-07,Napoli,1752.47167969
2015-01-12,Napoli,1743.6628418
2015-01-19,Napoli,1751.48999023
2015-01-27,Napoli,1754.86572266
2015-02-02,Napoli,1759.15075684
2015-02-08,Napoli,1759.15075684
2015-02-09,Napoli,1763.74914551
2015-02-15,Napoli,1749.02868652
2015-02-16,Napoli,1749.02868652
2015-02-20,Napoli,1761.72387695
2015-02-24,Napoli,1765.51049805
2015-02-25,Napoli,1766.42980957
2015-02-27,Napoli,1781.30249023
2015-03-02,Napoli,1772.39587402
2015-03-09,Napoli,1768.48034668
2015-03-11,Napoli,1768.48034668
2015-03-13,Napoli,1775.59082031
2015-03-16,Napoli,1759.97814941
2015-03-18,Napoli,1759.97814941
2015-03-19,Napoli,1764.01721191
2015-03-20,Napoli,1769.04089355
2015-03-23,Napoli,1762.76257324
2015-04-04,Napoli,1762.76257324
2015-04-05,Napoli,1755.93823242
2015-04-08,Napoli,1755.93823242
2015-04-12,Napoli,1755.93823242
2015-04-13,Napoli,1767.86218262
2015-04-15,Napoli,1769.06103516
2015-04-17,Napoli,1799.92919922
2015-04-18,Napoli,1799.92919922
2015-04-20,Napoli,1805.90087891
2015-04-22,Napoli,1805.90087891
2015-04-23,Napoli,1806.51330566
2015-04-24,Napoli,1810.75097656
2015-04-27,Napoli,1815.63061523
2015-05-01,Napoli,1798.64501953
2015-05-04,Napoli,1805.32763672
2015-05-06,Napoli,1807.16552734
2015-05-08,Napoli,1799.17993164
2015-05-11,Napoli,1794.62316895
2015-05-14,Napoli,1798.52697754
2015-05-15,Napoli,1779.80944824
2015-05-18,Napoli,1779.80944824
2015-05-19,Napoli,1781.32507324
2015-05-24,Napoli,1777.02416992
2015-05-25,Napoli,1777.02416992
2015-06-01,Napoli,1762.08972168
2015-06-07,Napoli,1759.86315918
2015-07-29,Napoli,1759.86315918
2015-07-31,Napoli,1747.39587402
2015-08-05,Napoli,1747.39587402
2015-08-07,Napoli,1747.88171387
2015-08-10,Napoli,1747.88171387
2015-08-16,Napoli,1747.88171387
2015-08-19,Napoli,1750.03564453
2015-08-20,Napoli,1750.03564453
2015-08-24,Napoli,1739.90063477
2015-08-27,Napoli,1734.11047363
2015-08-30,Napoli,1734.11047363
2015-08-31,Napoli,1729.27282715
2015-09-14,Napoli,1726.7557373
2015-09-16,Napoli,1730.53430176
2015-09-17,Napoli,1732.74316406
2015-09-18,Napoli,1738.90979004
2015-09-20,Napoli,1738.90979004
2015-09-21,Napoli,1751.63195801
2015-09-24,Napoli,1747.05847168
2015-09-27,Napoli,1757.2545166
2015-09-28,Napoli,1757.2545166
2015-09-30,Napoli,1753.40600586
2015-10-01,Napoli,1756.24511719
2015-10-02,Napoli,1770.22399902
2015-10-05,Napoli,1785.43432617
2015-10-19,Napoli,1791.37451172
2015-10-21,Napoli,1792.53979492
2015-10-22,Napoli,1790.68518066
2015-10-23,Napoli,1796.75256348
2015-10-26,Napoli,1802.42822266
2015-10-29,Napoli,1805.91967773
2015-10-31,Napoli,1805.91967773
2015-11-02,Napoli,1803.91101074
2015-11-04,Napoli,1803.82116699
2015-11-05,Napoli,1806.04736328
2015-11-06,Napoli,1814.53869629
2015-11-09,Napoli,1816.42871094
2015-11-23,Napoli,1822.12145996
2015-11-25,Napoli,1821.12194824
2015-11-26,Napoli,1822.98071289
2015-11-27,Napoli,1830.93017578
2015-12-01,Napoli,1835.06469727
2015-12-06,Napoli,1835.06469727
2015-12-07,Napoli,1821.18237305
2015-12-09,Napoli,1818.36096191
2015-12-10,Napoli,1816.16894531
2015-12-11,Napoli,1820.82983398
2015-12-13,Napoli,1820.82983398
2015-12-14,Napoli,1816.72253418
2015-12-20,Napoli,1816.72253418
2015-12-21,Napoli,1824.15625
2016-01-07,Napoli,1827.00048828
2016-01-10,Napoli,1827.00048828
2016-01-11,Napoli,1831.61560059
2016-01-17,Napoli,1835.61865234
2016-01-25,Napoli,1841.80981445
2016-02-01,Napoli,1846.43981934
2016-02-04,Napoli,1856.13647461
2016-02-07,Napoli,1856.13647461
2016-02-08,Napoli,1857.28430176
2016-02-14,Napoli,1852.9354248
2016-02-18,Napoli,1851.9699707
2016-02-19,Napoli,1843.92382812
2016-02-22,Napoli,1843.92382812
2016-02-23,Napoli,1838.72363281
2016-02-24,Napoli,1837.70935059
2016-02-25,Napoli,1837.70935059
2016-02-26,Napoli,1827.95410156
2016-03-01,Napoli,1827.9621582
2016-03-02,Napoli,1827.9621582
2016-03-03,Napoli,1827.9621582
2016-03-06,Napoli,1831.00646973
2016-03-09,Napoli,1830.67504883
2016-03-10,Napoli,1830.67504883
2016-03-11,Napoli,1831.73803711
2016-03-14,Napoli,1835.36230469
2016-03-16,Napoli,1835.36230469
2016-03-17,Napoli,1832.45544434
2016-03-18,Napoli,1825.44799805
2016-03-20,Napoli,1825.44799805
2016-03-21,Napoli,1828.86071777
2016-04-02,Napoli,1828.86071777
2016-04-03,Napoli,1828.86071777
2016-04-04,Napoli,1810.60949707
2016-04-10,Napoli,1810.60949707
2016-04-11,Napoli,1813.37072754
2016-04-17,Napoli,1800.50402832
2016-04-20,Napoli,1804.79467773
2016-04-24,Napoli,1804.79467773
2016-04-26,Napoli,1798.14660645
2016-05-02,Napoli,1798.14660645
2016-05-03,Napoli,1800.33666992
2016-05-06,Napoli,1800.33666992
2016-05-08,Napoli,1800.33666992
2016-05-09,Napoli,1805.9317627
2016-05-15,Napoli,1808.05212402
2016-05-16,Napoli,1808.05212402
2016-05-19,Napoli,1808.05212402
2016-07-29,Napoli,1808.54748535
2016-08-05,Napoli,1811.80163574
2016-08-14,Napoli,1811.80163574
2016-08-15,Napoli,1811.80163574
2016-08-18,Napoli,1812.52294922
2016-08-19,Napoli,1814.3536377
2016-08-22,Napoli,1808.94995117
2016-08-24,Napoli,1799.26037598
2016-08-26,Napoli,1799.30651855
2016-08-28,Napoli,1804.36083984
2016-09-11,Napoli,1811.13842773
2016-09-14,Napoli,1822.8807373
2016-09-15,Napoli,1821.10510254
2016-09-16,Napoli,1818.5
2016-09-18,Napoli,1820.82421875
2016-09-22,Napoli,1817.5480957
2016-09-25,Napoli,1821.20349121
2016-09-28,Napoli,1823.69067383
2016-09-29,Napoli,1835.26660156
2016-09-30,Napoli,1828.65478516
2016-10-02,Napoli,1828.65478516
2016-10-03,Napoli,1816.01171875
2016-10-16,Napoli,1800.3026123
2016-10-19,Napoli,1801.89501953
2016-10-20,Napoli,1784.28479004
2016-10-21,Napoli,1787.60644531
2016-10-23,Napoli,1787.60644531
2016-10-24,Napoli,1790.05725098
2016-10-27,Napoli,1792.76086426
2016-10-30,Napoli,1789.2109375
2016-11-02,Napoli,1788.87036133
2016-11-03,Napoli,1786.31469727
2016-11-04,Napoli,1786.99536133
2016-11-06,Napoli,1782.42675781
2016-11-07,Napoli,1782.42675781
2016-11-20,Napoli,1786.75134277
2016-11-21,Napoli,1786.75134277
2016-11-23,Napoli,1790.80834961
2016-11-24,Napoli,1785.01647949
2016-11-25,Napoli,1777.62145996
2016-11-28,Napoli,1777.62145996
2016-11-29,Napoli,1771.74743652
2016-12-01,Napoli,1771.74743652
2016-12-03,Napoli,1777.75646973
2016-12-04,Napoli,1777.75646973
2016-12-05,Napoli,1777.75646973
2016-12-06,Napoli,1777.75646973
2016-12-07,Napoli,1793.12695312
2016-12-08,Napoli,1793.70898438
2016-12-09,Napoli,1795.7755127
2016-12-10,Napoli,1789.81604004
2016-12-11,Napoli,1789.81604004
2016-12-12,Napoli,1798.72070312
2016-12-18,Napoli,1798.72070312
2016-12-19,Napoli,1802.62658691
2016-12-23,Napoli,1801.44628906
2016-12-27,Napoli,1801.44628906
2017-01-08,Napoli,1803.28308105
2017-01-16,Napoli,1804.5390625
2017-01-22,Napoli,1811.97546387
2017-01-30,Napoli,1803.61206055
2017-01-31,Napoli,1803.61206055
2017-02-05,Napoli,1814.67504883
2017-02-06,Napoli,1814.67504883
2017-02-11,Napoli,1817.23095703
2017-02-12,Napoli,1817.23095703
2017-02-15,Napoli,1817.23095703
2017-02-16,Napoli,1814.16833496
2017-02-17,Napoli,1823.77233887
2017-02-20,Napoli,1830.44091797
2017-02-22,Napoli,1830.44091797
2017-02-23,Napoli,1832.9744873
2017-02-24,Napoli,1824.98864746
2017-02-26,Napoli,1805.87658691
2017-02-28,Napoli,1805.87658691
2017-03-05,Napoli,1816.72290039
2017-03-08,Napoli,1812.8314209
2017-03-09,Napoli,1812.8314209
2017-03-10,Napoli,1809.16906738
2017-03-12,Napoli,1809.16906738
2017-03-13,Napoli,1810.75720215
2017-03-15,Napoli,1811.30627441
2017-03-16,Napoli,1811.30627441
2017-03-17,Napoli,1809.94042969
2017-03-20,Napoli,1812.87329102
2017-04-03,Napoli,1814.11035156
2017-04-10,Napoli,1826.63574219
2017-04-12,Napoli,1832.953125
2017-04-16,Napoli,1836.26757812
2017-04-17,Napoli,1836.26757812
2017-04-20,Napoli,1838.12915039
2017-04-24,Napoli,1833.54187012
2017-05-01,Napoli,1839.61804199
2017-05-04,Napoli,1843.30480957
2017-05-07,Napoli,1845.39562988
2017-05-10,Napoli,1846.02893066
2017-05-15,Napoli,1856.6003418
2017-05-21,Napoli,1861.3692627
2017-05-22,Napoli,1861.3692627
2017-05-29,Napoli,1866.33044434
2017-06-04,Napoli,1863.18408203
2017-07-28,Napoli,1863.95166016
2017-08-04,Napoli,1864.63293457
2017-08-16,Napoli,1864.63293457
2017-08-17,Napoli,1870.6385498
2017-08-18,Napoli,1871.56494141
2017-08-20,Napoli,1874.77624512
2017-08-22,Napoli,1874.77624512
2017-08-23,Napoli,1879.9576416
2017-08-25,Napoli,1880.07043457
2017-08-27,Napoli,1880.07043457
2017-08-28,Napoli,1884.01281738
2017-09-10,Napoli,1884.01281738
2017-09-11,Napoli,1888.65454102
2017-09-13,Napoli,1886.43493652
2017-09-14,Napoli,1875.45776367
2017-09-15,Napoli,1886.64453125
2017-09-18,Napoli,1888.31994629
2017-09-21,Napoli,1897.95959473
2017-09-24,Napoli,1899.76904297
2017-09-27,Napoli,1901.72583008
2017-09-28,Napoli,1903.25952148
2017-09-29,Napoli,1905.94384766
2017-10-02,Napoli,1907.76696777
2017-10-15,Napoli,1916.09008789
2017-10-18,Napoli,1909.43054199
2017-10-19,Napoli,1911.69213867
2017-10-20,Napoli,1914.53930664
2017-10-22,Napoli,1908.80529785
2017-10-26,Napoli,1910.92407227
2017-10-30,Napoli,1912.82946777
2017-11-01,Napoli,1915.45581055
2017-11-02,Napoli,1898.10668945
2017-11-03,Napoli,1897.43457031
2017-11-06,Napoli,1891.28808594
2017-11-19,Napoli,1894.02819824
2017-11-22,Napoli,1901.18212891
2017-11-23,Napoli,1898.51025391
2017-11-24,Napoli,1904.07556152
2017-11-27,Napoli,1906.55297852
2017-12-02,Napoli,1898.14953613
2017-12-06,Napoli,1899.90270996
2017-12-07,Napoli,1881.29650879
2017-12-08,Napoli,1873.7253418
2017-12-11,Napoli,1867.48352051
2017-12-17,Napoli,1873.91503906
2017-12-18,Napoli,1873.91503906
2017-12-24,Napoli,1875.96948242
2017-12-30,Napoli,1877.84472656
2018-01-07,Napoli,1879.2734375
2018-01-22,Napoli,1885.21435547
2018-01-29,Napoli,1887.31884766
2018-01-31,Napoli,1887.31884766
2018-02-05,Napoli,1888.83752441
2018-02-06,Napoli,1888.83752441
2018-02-11,Napoli,1894.82299805
2018-02-14,Napoli,1892.96374512
2018-02-16,Napoli,1865.53894043
2018-02-19,Napoli,1866.50646973
2018-02-22,Napoli,1865.08081055
2018-02-23,Napoli,1877.93041992
2018-02-26,Napoli,1877.93041992
2018-02-27,Napoli,1883.26049805
2018-03-04,Napoli,1867.30126953
2018-03-08,Napoli,1872.45654297
2018-03-09,Napoli,1867.15771484
2018-03-11,Napoli,1867.15771484
2018-03-12,Napoli,1864.59887695
2018-03-14,Napoli,1868.00146484
2018-03-16,Napoli,1872.48974609
2018-03-19,Napoli,1874.13061523
2018-04-01,Napoli,1868.11450195
2018-04-04,Napoli,1862.54138184
2018-04-05,Napoli,1860.99291992
2018-04-06,Napoli,1864.11230469
2018-04-09,Napoli,1865.46691895
2018-04-11,Napoli,1872.23193359
2018-04-12,Napoli,1874.6171875
2018-04-13,Napoli,1867.69909668
2018-04-16,Napoli,1864.95068359
2018-04-19,Napoli,1867.13146973
2018-04-23,Napoli,1879.26843262
2018-04-25,Napoli,1876.04089355
2018-04-30,Napoli,1855.90002441
2018-05-03,Napoli,1856.86767578
2018-05-07,Napoli,1850.65209961
2018-05-14,Napoli,1856.18383789
2018-05-21,Napoli,1857.64550781
2018-07-27,Napoli,1856.47619629
2018-08-03,Napoli,1857.93054199
2018-08-10,Napoli,1858.35864258
2018-08-17,Napoli,1858.43066406
2018-08-19,Napoli,1865.15649414
2018-08-24,Napoli,1863.80395508
2018-08-26,Napoli,1867.30456543
2018-08-28,Napoli,1867.30456543
2018-08-31,Napoli,1865.90258789
2018-09-03,Napoli,1843.2779541
2018-09-16,Napoli,1846.49230957
2018-09-19,Napoli,1846.93444824
2018-09-20,Napoli,1848.7121582
2018-09-21,Napoli,1849.82763672
2018-09-24,Napoli,1857.63647461
2018-09-27,Napoli,1859.50146484
2018-09-30,Napoli,1854.24987793
2018-10-03,Napoli,1856.15136719
2018-10-04,Napoli,1869.65405273
2018-10-05,Napoli,1866.1776123
2018-10-08,Napoli,1868.97167969
2018-10-21,Napoli,1874.04614258
2018-10-24,Napoli,1878.88000488
2018-10-25,Napoli,1882.72497559
2018-10-26,Napoli,1883.18127441
2018-10-29,Napoli,1879.74890137
2018-11-03,Napoli,1882.60046387
2018-11-07,Napoli,1880.79321289
2018-11-08,Napoli,1878.4473877
2018-11-09,Napoli,1880.2722168
2018-11-11,Napoli,1883.07324219
2018-11-26,Napoli,1874.56433105
2018-11-28,Napoli,1871.83874512
2018-11-29,Napoli,1875.09155273
2018-11-30,Napoli,1869.63623047
2018-12-03,Napoli,1869.63623047
2018-12-04,Napoli,1875.54064941
2018-12-09,Napoli,1877.32983398
2018-12-12,Napoli,1869.86743164
2018-12-13,Napoli,1861.38623047
2018-12-14,Napoli,1853.63061523
2018-12-17,Napoli,1856.65087891
2018-12-19,Napoli,1856.65087891
2018-12-23,Napoli,1857.88586426
2018-12-27,Napoli,1849.03637695
2018-12-30,Napoli,1850.22924805
2018-12-31,Napoli,1850.22924805
2019-01-20,Napoli,1850.22924805
2019-01-21,Napoli,1853.51831055
2019-01-27,Napoli,1851.10620117
2019-02-03,Napoli,1855.3873291
2019-02-10,Napoli,1851.9753418
2019-02-13,Napoli,1853.29309082
2019-02-15,Napoli,1853.71289062
2019-02-18,Napoli,1848.01928711
2019-02-21,Napoli,1841.86608887
2019-02-22,Napoli,1843.58129883
2019-02-25,Napoli,1848.546875
2019-02-28,Napoli,1848.546875
2019-03-04,Napoli,1841.26416016
2019-03-07,Napoli,1836.69836426
2019-03-08,Napoli,1853.76452637
2019-03-11,Napoli,1848.40405273
2019-03-13,Napoli,1855.97802734
2019-03-15,Napoli,1846.17419434
2019-03-18,Napoli,1848.13232422
2019-04-01,Napoli,1860.67895508
2019-04-04,Napoli,1846.65771484
2019-04-08,Napoli,1838.8215332
2019-04-11,Napoli,1839.05493164
2019-04-12,Napoli,1827.55541992
2019-04-15,Napoli,1830.51672363
2019-04-17,Napoli,1823.95300293
2019-04-18,Napoli,1823.95300293
2019-04-19,Napoli,1816.58691406
2019-04-23,Napoli,1804.1628418
2019-04-29,Napoli,1807.7746582
2019-05-05,Napoli,1807.7746582
2019-05-06,Napoli,1809.62463379
2019-05-10,Napoli,1809.62463379
2019-05-13,Napoli,1813.64599609
2019-05-19,Napoli,1813.64599609
2019-05-20,Napoli,1821.85522461
2019-05-26,Napoli,1808.96850586
2019-07-26,Napoli,1809.40808105
2019-07-31,Napoli,1809.40808105
2019-08-02,Napoli,1809.62634277
2019-08-09,Napoli,1811.20898438
2019-08-16,Napoli,1811.26391602
2019-08-18,Napoli,1811.26391602
2019-08-23,Napoli,1807.98583984
2019-08-25,Napoli,1812.60705566
2019-08-30,Napoli,1811.29614258
2019-09-01,Napoli,1806.3470459
2019-09-02,Napoli,1806.3470459
2019-09-15,Napoli,1809.31738281
2019-09-18,Napoli,1831.25488281
2019-09-19,Napoli,1826.57763672
2019-09-20,Napoli,1825.29223633
2019-09-23,Napoli,1828.62036133
2019-09-26,Napoli,1813.17492676
2019-09-29,Napoli,1813.17492676
2019-09-30,Napoli,1814.38342285
2019-10-02,Napoli,1813.06298828
2019-10-03,Napoli,1808.39221191
2019-10-04,Napoli,1809.23693848
2019-10-07,Napoli,1807.04675293
2019-10-20,Napoli,1808.62243652
2019-10-23,Napoli,1808.30456543
2019-10-24,Napoli,1824.85632324
2019-10-25,Napoli,1821.04846191
2019-10-28,Napoli,1815.13891602
2019-10-31,Napoli,1811.39624023
2019-11-03,Napoli,1803.32995605
2019-11-06,Napoli,1798.22888184
2019-11-07,Napoli,1801.46508789
2019-11-08,Napoli,1795.30444336
2019-11-10,Napoli,1787.47277832
2019-11-11,Napoli,1787.47277832
2019-11-24,Napoli,1785.53894043
2019-11-27,Napoli,1790.34094238
2019-11-28,Napoli,1804.27966309
2019-11-29,Napoli,1809.10827637
2019-12-02,Napoli,1794.21325684
2019-12-07,Napoli,1794.21325684
2019-12-08,Napoli,1789.46813965
2019-12-11,Napoli,1793.54736328
2019-12-12,Napoli,1802.90722656
2019-12-13,Napoli,1795.91455078
2019-12-15,Napoli,1781.11413574
2019-12-23,Napoli,1786.11889648
2020-01-04,Napoli,1786.11889648
2020-01-07,Napoli,1772.62329102
2020-01-12,Napoli,1765.03308105
2020-01-19,Napoli,1745.61853027
2020-01-20,Napoli,1745.61853027
2020-01-22,Napoli,1745.61853027
2020-01-27,Napoli,1756.76696777
2020-02-04,Napoli,1763.85546875
2020-02-10,Napoli,1748.68554688
2020-02-17,Napoli,1753.96801758
2020-02-20,Napoli,1759.28198242
2020-02-21,Napoli,1761.92858887
2020-02-22,Napoli,1764.75805664
2020-02-26,Napoli,1765.00317383
2020-02-27,Napoli,1762.61193848
2020-02-28,Napoli,1764.06848145
2020-03-01,Napoli,1767.44799805
2020-03-02,Napoli,1767.44799805
2020-03-03,Napoli,1767.44799805
2020-03-08,Napoli,1767.44799805
2020-03-11,Napoli,1769.24316406
2020-03-12,Napoli,1769.24316406
2020-06-15,Napoli,1769.24316406
2020-06-19,Napoli,1769.24316406
2020-06-22,Napoli,1769.24316406
2020-06-24,Napoli,1775.32312012
2020-06-29,Napoli,1777.94970703
2020-07-03,Napoli,1770.39990234
2020-07-05,Napoli,1770.39990234
2020-07-06,Napoli,1775.82385254
2020-07-09,Napoli,1779.66479492
2020-07-13,Napoli,1776.87011719
2020-07-14,Napoli,1776.87011719
2020-07-16,Napoli,1773.44616699
2020-07-20,Napoli,1776.20812988
2020-07-23,Napoli,1764.1295166
2020-07-26,Napoli,1769.59936523
2020-07-27,Napoli,1769.59936523
2020-07-29,Napoli,1761.08361816
2020-07-30,Napoli,1761.08361816
2020-08-02,Napoli,1769.58312988
2020-08-06,Napoli,1772.87463379
2020-08-07,Napoli,1769.61889648
2020-08-08,Napoli,1767.17675781
2020-08-09,Napoli,1760.87683105
2020-08-11,Napoli,1763.49365234
2020-08-13,Napoli,1761.37438965
2020-08-15,Napoli,1761.37438965
2020-08-16,Napoli,1761.37438965
2020-08-18,Napoli,1766.9140625
2020-08-22,Napoli,1763.97192383
2020-08-27,Napoli,1763.97192383
2020-09-14,Napoli,1763.97192383
2020-09-18,Napoli,1764.26879883
2020-09-20,Napoli,1764.26879883
2020-09-21,Napoli,1770.94226074
2020-09-23,Napoli,1770.94226074
2020-09-24,Napoli,1770.94226074
2020-09-25,Napoli,1771.58972168
2020-09-27,Napoli,1771.58972168
2020-09-28,Napoli,1777.9609375
2020-10-01,Napoli,1777.9609375
2020-10-02,Napoli,1776.21337891
2020-10-04,Napoli,1776.21337891
2020-10-05,Napoli,1766.66955566
2020-10-18,Napoli,1781.92028809
2020-10-19,Napoli,1781.92028809
2020-10-21,Napoli,1789.35510254
2020-10-22,Napoli,1790.61352539
2020-10-23,Napoli,1776.72216797
2020-10-26,Napoli,1780.79064941
2020-10-28,Napoli,1779.55090332
2020-10-29,Napoli,1775.93310547
2020-10-30,Napoli,1787.4473877
2020-10-31,Napoli,1787.4473877
2020-11-02,Napoli,1770.20861816
2020-11-04,Napoli,1764.6784668
2020-11-05,Napoli,1766.74645996
2020-11-06,Napoli,1766.03100586
2020-11-07,Napoli,1766.03100586
2020-11-09,Napoli,1770.52392578
2020-11-22,Napoli,1770.52392578
2020-11-23,Napoli,1757.53308105
2020-11-25,Napoli,1760.67224121
2020-11-26,Napoli,1764.02490234
2020-11-27,Napoli,1769.27856445
2020-11-29,Napoli,1769.27856445
2020-11-30,Napoli,1784.55249023
2020-12-02,Napoli,1785.36315918
2020-12-03,Napoli,1788.40466309
2020-12-04,Napoli,1787.69824219
2020-12-06,Napoli,1787.69824219
2020-12-07,Napoli,1792.86523438
2020-12-09,Napoli,1798.1184082
2020-12-10,Napoli,1799.54870605
2020-12-11,Napoli,1791.03710938
2020-12-14,Napoli,1794.19470215
2020-12-17,Napoli,1788.52600098
2020-12-21,Napoli,1776.33825684
2020-12-22,Napoli,1776.33825684
2020-12-24,Napoli,1770.23547363
2020-12-27,Napoli,1770.23547363
2020-12-30,Napoli,1770.23547363
2021-01-02,Napoli,1770.23547363
2021-01-04,Napoli,1778.12585449
2021-01-07,Napoli,1762.80395508
2021-01-11,Napoli,1767.42431641
2021-01-16,Napoli,1767.42431641
2021-01-17,Napoli,1767.42431641
2021-01-18,Napoli,1778.14709473
2021-01-25,Napoli,1761.74707031
2021-01-31,Napoli,1761.74707031
2021-02-01,Napoli,1765.39831543
2021-02-04,Napoli,1765.39831543
2021-02-07,Napoli,1753.65185547
2021-02-08,Napoli,1753.65185547
2021-02-14,Napoli,1764.00732422
2021-02-15,Napoli,1764.00732422
2021-02-16,Napoli,1764.00732422
2021-02-17,Napoli,1764.00732422
2021-02-18,Napoli,1762.06982422
2021-02-19,Napoli,1746.94238281
2021-02-20,Napoli,1746.94238281
2021-02-22,Napoli,1739.45080566
2021-02-24,Napoli,1738.31262207
2021-02-25,Napoli,1736.42932129
2021-02-26,Napoli,1739.23461914
2021-03-01,Napoli,1743.92578125
2021-03-04,Napoli,1742.30895996
2021-03-08,Napoli,1747.9395752
2021-03-10,Napoli,1746.56384277
2021-03-12,Napoli,1752.44848633
2021-03-15,Napoli,1762.44799805
2021-03-17,Napoli,1759.99963379
2021-03-18,Napoli,1759.98840332
2021-03-19,Napoli,1758.84375
2021-03-22,Napoli,1772.01635742
2021-04-04,Napoli,1773.75842285
2021-04-08,Napoli,1768.28210449
2021-04-09,Napoli,1771.50219727
2021-04-12,Napoli,1778.54309082
2021-04-15,Napoli,1778.54309082
2021-04-16,Napoli,1779.55541992
2021-04-18,Napoli,1779.55541992
2021-04-19,Napoli,1781.93395996
2021-04-21,Napoli,1781.93395996
2021-04-23,Napoli,1793.46801758
2021-04-26,Napoli,1793.46801758
2021-04-27,Napoli,1799.99926758
2021-04-30,Napoli,1797.82434082
2021-05-03,Napoli,1791.34570312
2021-05-07,Napoli,1791.80969238
2021-05-09,Napoli,1797.09020996
2021-05-10,Napoli,1797.09020996
2021-05-12,Napoli,1803.1739502
2021-05-14,Napoli,1803.1739502
2021-05-17,Napoli,1810.1628418
2021-05-24,Napoli,1803.56152344
2021-08-05,Napoli,1803.56152344
2021-08-15,Napoli,1803.56152344
2021-08-20,Napoli,1804.35021973
2021-08-23,Napoli,1806.57507324
2021-08-27,Napoli,1807.68652344
2021-08-30,Napoli,1811.83276367
2021-09-12,Napoli,1819.06066895
2021-09-13,Napoli,1819.06066895
2021-09-15,Napoli,1822.35498047
2021-09-16,Napoli,1817.89294434
2021-09-17,Napoli,1817.59326172
2021-09-21,Napoli,1825.68835449
2021-09-22,Napoli,1825.68835449
2021-09-23,Napoli,1825.68835449
2021-09-24,Napoli,1835.09521484
2021-09-27,Napoli,1837.85864258
2021-09-29,Napoli,1833.37280273
2021-09-30,Napoli,1837.9251709
2021-10-01,Napoli,1820.05407715
2021-10-04,Napoli,1824.82226562
2021-10-18,Napoli,1827.16906738
2021-10-20,Napoli,1825.2421875
2021-10-21,Napoli,1825.53259277
2021-10-22,Napoli,1818.45129395
2021-10-24,Napoli,1818.45129395
2021-10-25,Napoli,1816.86572266
2021-10-29,Napoli,1820.98059082
2021-10-31,Napoli,1820.98059082
2021-11-01,Napoli,1822.79504395
2021-11-03,Napoli,1824.55566406
2021-11-04,Napoli,1824.76989746
2021-11-05,Napoli,1828.41870117
2021-11-08,Napoli,1822.06213379
2021-11-22,Napoli,1816.58276367
2021-11-24,Napoli,1813.18457031
2021-11-25,Napoli,1799.78491211
2021-11-26,Napoli,1804.95654297
2021-11-29,Napoli,1814.43310547
2021-12-02,Napoli,1811.76879883
2021-12-05,Napoli,1803.23730469
2021-12-08,Napoli,1799.19775391
2021-12-09,Napoli,1799.75708008
2021-12-10,Napoli,1802.21557617
2021-12-13,Napoli,1788.01342773
2021-12-19,Napoli,1788.01342773
2021-12-20,Napoli,1797.08459473
2021-12-23,Napoli,1781.72875977
2022-01-07,Napoli,1783.71411133
2022-01-10,Napoli,1786.80883789
2022-01-18,Napoli,1792.51086426
2022-01-23,Napoli,1792.51086426
2022-01-24,Napoli,1794.87133789
2022-02-06,Napoli,1794.87133789
2022-02-07,Napoli,1798.1015625
2022-02-10,Napoli,1798.1015625
2022-02-13,Napoli,1799.7746582
2022-02-17,Napoli,1797.54003906
2022-02-18,Napoli,1800.85412598
2022-02-20,Napoli,1800.85412598
2022-02-22,Napoli,1795.09375
2022-02-23,Napoli,1795.71813965
2022-02-24,Napoli,1795.71813965
2022-02-25,Napoli,1779.09777832
2022-02-28,Napoli,1786.0057373
2022-03-06,Napoli,1786.0057373
2022-03-07,Napoli,1777.16186523
2022-03-09,Napoli,1777.83435059
2022-03-11,Napoli,1780.04345703
2022-03-14,Napoli,1785.18164062
2022-03-17,Napoli,1778.41577148
2022-03-18,Napoli,1782.21496582
2022-03-19,Napoli,1782.21496582
2022-03-20,Napoli,1785.36914062
2022-04-03,Napoli,1785.36914062
2022-04-04,Napoli,1798.51171875
2022-04-05,Napoli,1798.51171875
2022-04-08,Napoli,1797.84545898
2022-04-11,Napoli,1785.18969727
2022-04-15,Napoli,1785.78503418
2022-04-19,Napoli,1783.52075195
2022-04-25,Napoli,1770.20568848
2022-04-28,Napoli,1770.20568848
2022-04-29,Napoli,1770.99328613
2022-05-01,Napoli,1780.34716797
2022-05-03,Napoli,1780.34716797
2022-05-05,Napoli,1780.34716797
2022-05-06,Napoli,1783.45349121
2022-05-08,Napoli,1788.67993164
2022-05-09,Napoli,1788.67993164
2022-05-16,Napoli,1792.62976074
2022-05-22,Napoli,1792.62976074
2022-05-23,Napoli,1797.91992188
2022-05-26,Napoli,1800.57641602
2022-08-07,Napoli,1800.57641602
2022-08-08,Napoli,1800.57641602
2022-08-16,Napoli,1808.92163086
2022-08-19,Napoli,1810.02856445
2022-08-21,Napoli,1810.02856445
2022-08-22,Napoli,1813.45776367
2022-08-26,Napoli,1815.24890137
2022-08-29,Napoli,1812.33618164
2022-09-01,Napoli,1804.87023926
2022-09-02,Napoli,1804.87023926
2022-09-04,Napoli,1812.29333496
2022-09-05,Napoli,1812.29333496
2022-09-07,Napoli,1810.47790527
2022-09-08,Napoli,1833.64587402
2022-09-09,Napoli,1829.56262207
2022-09-11,Napoli,1831.11035156
2022-09-14,Napoli,1833.20153809
2022-09-15,Napoli,1845.5135498
2022-09-16,Napoli,1832.62109375
2022-09-19,Napoli,1842.03015137
2022-10-02,Napoli,1845.44482422
2022-10-05,Napoli,1879.23913574
2022-10-06,Napoli,1877.07629395
2022-10-07,Napoli,1875.01843262
2022-10-09,Napoli,1875.01843262
2022-10-10,Napoli,1877.5534668
2022-10-12,Napoli,1868.04455566
2022-10-13,Napoli,1879.9083252
2022-10-14,Napoli,1880.21728516
2022-10-17,Napoli,1881.734375
2022-10-20,Napoli,1881.734375
2022-10-21,Napoli,1881.734375
2022-10-24,Napoli,1887.16540527
2022-10-26,Napoli,1889.54589844
2022-10-27,Napoli,1896.01452637
2022-10-28,Napoli,1899.36657715
2022-10-30,Napoli,1903.56335449
2022-11-02,Napoli,1893.34594727
2022-11-03,Napoli,1894.30200195
2022-11-04,Napoli,1894.10095215
2022-11-06,Napoli,1899.51086426
2022-11-07,Napoli,1899.51086426
2022-11-09,Napoli,1901.24108887
2022-11-13,Napoli,1903.57458496
2022-12-29,Napoli,1903.57458496
2023-01-02,Napoli,1903.57458496
2023-01-05,Napoli,1895.03173828
2023-01-09,Napoli,1897.31225586
2023-01-14,Napoli,1905.87805176
2023-01-22,Napoli,1907.95043945
2023-01-30,Napoli,1911.53112793
2023-02-06,Napoli,1914.07873535
2023-02-13,Napoli,1915.19750977
2023-02-15,Napoli,1916.6673584
2023-02-16,Napoli,1916.6673584
2023-02-17,Napoli,1921.97387695
2023-02-18,Napoli,1925.75524902
2023-02-22,Napoli,1933.52490234
2023-02-23,Napoli,1934.87231445
2023-02-24,Napoli,1945.38586426
2023-02-26,Napoli,1948.13671875
2023-03-04,Napoli,1934.6328125
2023-03-06,Napoli,1934.6328125
2023-03-08,Napoli,1931.67834473
2023-03-09,Napoli,1934.28222656
2023-03-10,Napoli,1938.67590332
2023-03-12,Napoli,1942.75146484
2023-03-13,Napoli,1942.75146484
2023-03-15,Napoli,1944.70019531
2023-03-16,Napoli,1949.46350098
2023-03-17,Napoli,1952.50439453
2023-03-20,Napoli,1958.17565918
2023-04-03,Napoli,1932.31933594
2023-04-08,Napoli,1934.14038086
2023-04-09,Napoli,1934.14038086
2023-04-12,Napoli,1938.03918457
2023-04-13,Napoli,1933.10021973
2023-04-14,Napoli,1934.58007812
2023-04-16,Napoli,1926.61120605
2023-04-18,Napoli,1926.61120605
2023-04-19,Napoli,1917.19091797
2023-04-20,Napoli,1918.03662109
2023-04-21,Napoli,1925.1697998
2023-04-24,Napoli,1931.87121582
2023-04-27,Napoli,1931.87121582
2023-05-01,Napoli,1923.97912598
2023-05-03,Napoli,1923.97912598
2023-05-05,Napoli,1918.63598633
2023-05-08,Napoli,1921.65270996
2023-05-12,Napoli,1919.1060791
2023-05-15,Napoli,1899.83044434
2023-05-18,Napoli,1899.83044434
2023-05-19,Napoli,1902.16699219
2023-05-21,Napoli,1902.16699219
2023-05-22,Napoli,1911.38317871
2023-05-28,Napoli,1911.38317871
2023-05-29,Napoli,1906.96142578
2023-06-01,Napoli,1906.79467773
2023-06-05,Napoli,1908.1262207
2023-06-08,Napoli,1905.64440918
2023-06-11,Napoli,1904.45983887
2023-08-20,Napoli,1908.08898926
2023-08-25,Napoli,1906.82434082
2023-08-28,Napoli,1909.46582031
2023-09-01,Napoli,1911.29858398
2023-09-03,Napoli,1898.25561523
2023-09-17,Napoli,1892.04394531
2023-09-20,Napoli,1891.63342285
2023-09-21,Napoli,1896.83178711
2023-09-22,Napoli,1898.53662109
2023-09-25,Napoli,1894.52209473
2023-09-28,Napoli,1898.08703613
2023-10-01,Napoli,1904.02868652
2023-10-04,Napoli,1892.37658691
2023-10-05,Napoli,1895.21044922
2023-10-06,Napoli,1896.42907715
2023-10-09,Napoli,1878.81726074
2023-10-22,Napoli,1883.2532959
2023-10-25,Napoli,1890.1048584
2023-10-26,Napoli,1883.2565918
2023-10-27,Napoli,1884.40393066
2023-10-29,Napoli,1884.40393066
2023-10-30,Napoli,1882.03271484
2023-11-04,Napoli,1882.03271484
2023-11-05,Napoli,1885.26501465
2023-11-08,Napoli,1889.38708496
2023-11-09,Napoli,1881.29199219
2023-11-10,Napoli,1878.12854004
2023-11-13,Napoli,1862.80517578
2023-11-25,Napoli,1862.80517578
2023-11-26,Napoli,1869.55883789
2023-11-29,Napoli,1866.71154785
2023-11-30,Napoli,1858.9498291
2023-12-01,Napoli,1857.47387695
2023-12-04,Napoli,1844.37878418
2023-12-09,Napoli,1837.02636719
2023-12-11,Napoli,1837.02636719
2023-12-13,Napoli,1840.61804199
2023-12-14,Napoli,1842.5501709
2023-12-15,Napoli,1844.32629395
2023-12-16,Napoli,1844.32629395
2023-12-17,Napoli,1846.24682617
2023-12-20,Napoli,1846.24682617
2023-12-24,Napoli,1833.40100098
2023-12-29,Napoli,1833.40100098
2023-12-30,Napoli,1827.72729492
2024-01-01,Napoli,1827.72729492
2024-01-03,Napoli,1827.72729492
2024-01-08,Napoli,1809.59521484
2024-01-14,Napoli,1811.78942871
2024-01-28,Napoli,1811.78942871
2024-01-29,Napoli,1812.26611328
2024-01-31,Napoli,1812.26611328
2024-02-04,Napoli,1812.26611328
2024-02-05,Napoli,1814.57861328
2024-02-11,Napoli,1814.57861328
2024-02-12,Napoli,1808.6472168
2024-02-14,Napoli,1808.6472168
2024-02-15,Napoli,1809.98779297
2024-02-16,Napoli,1812.77783203
2024-02-18,Napoli,1806.88720703
2024-02-21,Napoli,1807.56213379
2024-02-22,Napoli,1804.99023438
2024-02-23,Napoli,1804.02575684
2024-02-25,Napoli,1804.02575684
2024-02-26,Napoli,1798.9005127
2024-02-29,Napoli,1808.92944336
2024-03-03,Napoli,1808.92944336
2024-03-04,Napoli,1816.51574707
2024-03-06,Napoli,1813.32995605
2024-03-07,Napoli,1814.02026367
2024-03-08,Napoli,1821.35961914
2024-03-09,Napoli,1816.98852539
2024-03-13,Napoli,1803.72399902
2024-03-14,Napoli,1801.39135742
2024-03-15,Napoli,1805.98022461
2024-03-17,Napoli,1805.98022461
2024-03-18,Napoli,1811.44494629
2024-03-31,Napoli,1795.5144043
2024-04-08,Napoli,1804.23193359
2024-04-12,Napoli,1811.45593262
2024-04-14,Napoli,1811.45593262
2024-04-15,Napoli,1804.94091797
2024-04-19,Napoli,1806.28710938
2024-04-21,Napoli,1794.38037109
2024-04-23,Napoli,1794.38037109
2024-04-25,Napoli,1794.38037109
2024-04-26,Napoli,1794.38037109
2024-04-28,Napoli,1794.38037109
2024-04-29,Napoli,1794.39404297
2024-05-03,Napoli,1793.25134277
2024-05-05,Napoli,1793.25134277
2024-05-07,Napoli,1790.13879395
2024-05-09,Napoli,1792.07873535
2024-05-10,Napoli,1794.60827637
2024-05-12,Napoli,1781.51757812
2024-05-13,Napoli,1781.51757812
2024-05-15,Napoli,1781.51757812
2024-05-18,Napoli,1782.34851074
2024-05-23,Napoli,1787.75219727
2024-05-25,Napoli,1787.75219727
2024-05-27,Napoli,1782.29870605
2024-05-30,Napoli,1778.8536377
2024-08-02,Napoli,1778.8536377
2024-08-19,Napoli,1760.40270996
2024-08-22,Napoli,1760.40270996
2024-08-23,Napoli,1759.74169922
2024-08-26,Napoli,1772.95141602
2024-08-30,Napoli,1769.52844238
2024-09-01,Napoli,1772.47460938
2024-09-02,Napoli,1772.47460938
2024-09-15,Napoli,1772.47460938
2024-09-16,Napoli,1782.42236328
2024-09-18,Napoli,1781.10705566
2024-09-19,Napoli,1780.63659668
2024-09-20,Napoli,1780.70849609
2024-09-22,Napoli,1783.50061035
2024-09-26,Napoli,1786.19067383
2024-09-27,Napoli,1785.16308594
2024-09-30,Napoli,1790.84082031
2024-10-02,Napoli,1790.24633789
2024-10-03,Napoli,1794.41809082
2024-10-04,Napoli,1792.59350586
2024-10-05,Napoli,1796.08740234
2024-10-20,Napoli,1796.08740234
2024-10-21,Napoli,1801.95800781
2024-10-23,Napoli,1797.69958496
2024-10-24,Napoli,1795.99316406
2024-10-25,Napoli,1800.50305176
2024-10-27,Napoli,1803.30859375
2024-10-28,Napoli,1803.30859375
2024-10-30,Napoli,1817.02905273
2024-11-04,Napoli,1803.65979004
2024-11-06,Napoli,1806.9119873
2024-11-07,Napoli,1812.12451172
2024-11-08,Napoli,1808.29052734
2024-11-11,Napoli,1813.7043457
2024-11-24,Napoli,1813.7043457
2024-11-25,Napoli,1819.34277344
2024-11-26,Napoli,1819.34277344
2024-11-27,Napoli,1821.96533203
2024-11-28,Napoli,1819.31005859
2024-11-29,Napoli,1818.44104004
2024-12-02,Napoli,1825.00744629
2024-12-06,Napoli,1825.00744629
2024-12-09,Napoli,1815.47424316
2024-12-11,Napoli,1810.05004883
2024-12-12,Napoli,1815.94177246
2024-12-13,Napoli,1821.14306641
2024-12-15,Napoli,1828.77587891
2024-12-17,Napoli,1828.77587891
2024-12-20,Napoli,1827.76928711
2024-12-22,Napoli,1833.14099121
2024-12-30,Napoli,1835.23181152
2024-12-31,Napoli,1835.23181152
2025-01-01,Napoli,1835.23181152
2025-01-05,Napoli,1848.99194336
2025-01-13,Napoli,1852.60327148
2025-01-16,Napoli,1852.60327148
2025-01-19,Napoli,1863.2130127
2025-01-22,Napoli,1865.50878906
2025-01-23,Napoli,1867.26525879
2025-01-24,Napoli,1866.01782227
2025-01-26,Napoli,1873.29907227
2025-01-30,Napoli,1866.22290039
2025-01-31,Napoli,1863.95800781
2025-02-02,Napoli,1863.95800781
2025-02-03,Napoli,1862.50842285
2025-02-10,Napoli,1856.42358398
2025-02-12,Napoli,1857.0958252
2025-02-13,Napoli,1854.95617676
2025-02-14,Napoli,1855.58300781
2025-02-15,Napoli,1855.58300781
2025-02-16,Napoli,1855.22351074
2025-02-17,Napoli,1855.22351074
2025-02-19,Napoli,1844.48413086
2025-02-20,Napoli,1840.26940918
2025-02-21,Napoli,1842.15881348
2025-02-24,Napoli,1829.08410645
2025-03-02,Napoli,1831.18701172
2025-03-06,Napoli,1832.36791992
2025-03-07,Napoli,1833.2097168
2025-03-10,Napoli,1838.0378418
2025-03-12,Napoli,1838.49035645
2025-03-14,Napoli,1836.70129395
2025-03-17,Napoli,1830.70471191
2025-03-31,Napoli,1836.40637207
2025-04-03,Napoli,1836.40637207
2025-04-08,Napoli,1836.35766602
2025-04-09,Napoli,1838.47180176
2025-04-11,Napoli,1835.69128418
2025-04-15,Napoli,1839.51416016
2025-04-17,Napoli,1839.83459473
2025-04-18,Napoli,1840.97900391
2025-04-20,Napoli,1843.61181641
2025-04-28,Napoli,1849.46313477
2025-05-01,Napoli,1850.27380371
2025-05-02,Napoli,1849.24682617
2025-05-04,Napoli,1852.17346191
2025-05-05,Napoli,1852.17346191
2025-05-07,Napoli,1854.45007324
2025-05-09,Napoli,1852.3170166
2025-05-11,Napoli,1852.3170166
2025-05-12,Napoli,1846.1875
2025-05-16,Napoli,1846.1875
2025-05-19,Napoli,1840.71459961
2025-05-24,Napoli,1844.10876465
2025-06-01,Napoli,1838.60522461
2025-08-22,Napoli,1838.78845215
2025-08-24,Napoli,1843.68334961
2025-08-29,Napoli,1843.80493164
2025-08-31,Napoli,1846.17578125
2025-09-14,Napoli,1855.81982422
2025-09-17,Napoli,1855.01196289
2025-09-18,Napoli,1855.03344727
2025-09-19,Napoli,1847.81677246
2025-09-23,Napoli,1849.3458252
2025-09-25,Napoli,1851.40270996
2025-09-26,Napoli,1850.19458008
2025-09-29,Napoli,1841.56323242
2025-10-01,Napoli,1843.76928711
2025-10-02,Napoli,1850.68249512
2025-10-03,Napoli,1846.20202637
2025-10-05,Napoli,1846.20202637
2025-10-06,Napoli,1849.0447998
2025-10-19,Napoli,1837.3515625
2025-10-22,Napoli,1820.11450195
2025-10-23,Napoli,1817.26428223
2025-10-24,Napoli,1815.13598633
2025-10-26,Napoli,1829.47839355
2025-10-27,Napoli,1829.47839355
2025-10-29,Napoli,1832.79589844
2025-11-02,Napoli,1827.68884277
2025-11-05,Napoli,1820.83972168
2025-11-06,Napoli,1823.74182129
2025-11-07,Napoli,1821.25939941
2025-11-10,Napoli,1808.51074219
2025-11-23,Napoli,1817.40844727
2025-11-26,Napoli,1822.68591309
2025-11-27,Napoli,1825.85339355
2025-11-28,Napoli,1823.52990723
2025-12-01,Napoli,1832.78027344
2025-12-04,Napoli,1832.78027344
2025-12-08,Napoli,1838.86364746
2025-12-10,Napoli,1838.24121094
2025-12-11,Napoli,1825.56958008
2025-12-12,Napoli,1831.56359863
2025-12-15,Napoli,1819.12695312
2025-12-19,Napoli,1815.71765137
2025-12-28,Napoli,1815.71765137
2025-12-29,Napoli,1821.4095459
2026-01-01,Napoli,1821.4095459
2026-01-05,Napoli,1831.97229004
2026-01-08,Napoli,1824.85424805
2026-01-09,Napoli,1824.85424805
2026-01-12,Napoli,1828.88745117
2026-01-15,Napoli,1822.35681152
2026-01-16,Napoli,1822.35681152
2026-01-17,Napoli,1822.35681152
2026-01-18,Napoli,1825.0847168
2026-01-21,Napoli,1816.90966797
2026-01-22,Napoli,1815.58325195
2026-01-23,Napoli,1815.57177734
2026-01-25,Napoli,1815.57177734
2026-01-26,Napoli,1802.74169922
2026-01-29,Napoli,1793.34143066
2026-01-30,Napoli,1793.74023438
2026-02-01,Napoli,1797.54016113
2026-02-08,Napoli,1802.6505127
2026-02-09,Napoli,1802.6505127
2026-02-10,Napoli,1802.6505127
2026-02-12,Napoli,1802.6505127
2026-02-16,Napoli,1801.45507812
2026-02-18,Napoli,1794.83703613
2026-02-19,Napoli,1792.02709961
2026-02-20,Napoli,1795.40649414
2026-02-22,Napoli,1795.40649414
2026-02-23,Napoli,1788.00756836
2026-02-25,Napoli,1780.90771484
2026-02-26,Napoli,1785.59973145
2026-02-27,Napoli,1785.59240723
2026-03-01,Napoli,1788.51879883
2026-03-04,Napoli,1788.51879883
2026-03-05,Napoli,1788.51879883
2026-03-07,Napoli,1791.85229492
2026-03-09,Napoli,1791.85229492
2026-03-11,Napoli,1790.19274902
2026-03-13,Napoli,1790.74890137
2026-03-15,Napoli,1793.23876953
2026-03-19,Napoli,1792.36230469
2026-03-20,Napoli,1794.2376709
2026-03-21,Napoli,1798.3236084
2026-03-22,Napoli,1798.3236084
2026-04-07,Napoli,1805.66442871
2026-04-10,Napoli,1802.32165527
2026-04-12,Napoli,1802.32165527
2026-04-13,Napoli,1797.83776855
2026-04-15,Napoli,1797.83776855
2026-04-17,Napoli,1796.20458984
2026-04-19,Napoli,1779.31811523
2026-04-25,Napoli,1783.48364258
2026-04-28,Napoli,1783.48364258
2026-05-03,Napoli,1783.96447754
2026-05-12,Napoli,1771.6829834
2026-05-17,Napoli,1771.6829834
2026-05-18,Napoli,1776.30615234
2026-05-25,Napoli,1780.29589844
2026-06-08,Napoli,1780.29589844
