date_elo,team_elo,elo
1946-07-07,Bologna,1722.61303711
1946-09-23,Bologna,1732.96716309
1946-09-30,Bologna,1750.48095703
1946-10-07,Bologna,1759.63720703
1946-10-14,Bologna,1755.97912598
1946-10-21,Bologna,1760.36621094
1946-10-28,Bologna,1769.96606445
1946-11-04,Bologna,1775.08178711
1946-11-11,Bologna,1763.0769043
1946-11-13,Bologna,1769.25268555
1946-11-25,Bologna,1770.98022461
1946-12-08,Bologna,1772.98022461
1946-12-09,Bologna,1770.67919922
1946-12-16,Bologna,1764.09765625
1946-12-23,Bologna,1754.90393066
1946-12-30,Bologna,1744.2421875
1947-01-06,Bologna,1753.0526123
1947-01-13,Bologna,1736.55285645
1947-01-20,Bologna,1729.55456543
1947-01-27,Bologna,1735.6472168
1947-02-03,Bologna,1737.00134277
1947-02-17,Bologna,1727.87036133
1947-02-24,Bologna,1723.81835938
1947-03-03,Bologna,1733.07458496
1947-03-10,Bologna,1723.28039551
1947-03-17,Bologna,1712.46386719
1947-03-24,Bologna,1720.19177246
1947-03-31,Bologna,1716.46081543
1947-04-07,Bologna,1716.88537598
1947-04-14,Bologna,1708.97375488
1947-04-21,Bologna,1713.8527832
1947-04-29,Bologna,1716.8527832
1947-05-05,Bologna,1712.4699707
1947-05-15,Bologna,1715.4699707
1947-05-19,Bologna,1720.9342041
1947-05-26,Bologna,1729.99609375
1947-06-02,Bologna,1725.02990723
1947-06-16,Bologna,1727.1496582
1947-06-23,Bologna,1734.53405762
1947-06-30,Bologna,1737.4453125
1947-07-07,Bologna,1733.1282959
1947-09-15,Bologna,1726.79492188
1947-09-22,Bologna,1717.41430664
1947-09-29,Bologna,1724.76196289
1947-10-06,Bologna,1740.26025391
1947-10-13,Bologna,1735.51574707
1947-10-20,Bologna,1732.21606445
1947-10-27,Bologna,1735.89257812
1947-11-03,Bologna,1745.63781738
1947-11-16,Bologna,1716.63781738
1947-11-17,Bologna,1711.20483398
1947-11-24,Bologna,1713.23522949
1947-12-01,Bologna,1719.96044922
1947-12-08,Bologna,1713.90429688
1947-12-19,Bologna,1717.90429688
1947-12-22,Bologna,1721.9642334
1947-12-29,Bologna,1717.55249023
1948-01-02,Bologna,1713.91601562
1948-01-12,Bologna,1715.38671875
1948-01-19,Bologna,1716.57556152
1948-01-26,Bologna,1721.6348877
1948-02-02,Bologna,1734.98657227
1948-02-09,Bologna,1739.5814209
1948-02-16,Bologna,1731.72924805
1948-03-01,Bologna,1726.65588379
1948-03-05,Bologna,1719.78686523
1948-03-08,Bologna,1723.51599121
1948-03-15,Bologna,1737.03979492
1948-03-22,Bologna,1743.83325195
1948-03-29,Bologna,1735.37890625
1948-04-06,Bologna,1741.37890625
1948-04-12,Bologna,1737.87890625
1948-04-17,Bologna,1740.63415527
1948-04-26,Bologna,1744.31152344
1948-05-03,Bologna,1735.27453613
1948-05-07,Bologna,1729.50439453
1948-05-10,Bologna,1726.41967773
1948-05-18,Bologna,1699.41967773
1948-05-24,Bologna,1694.49279785
1948-05-28,Bologna,1697.88818359
1948-06-07,Bologna,1684.88696289
1948-06-14,Bologna,1679.76220703
1948-06-21,Bologna,1670.05114746
1948-06-28,Bologna,1668.6229248
1948-07-05,Bologna,1658.85595703
1948-09-20,Bologna,1646.16882324
1948-09-27,Bologna,1651.78967285
1948-10-04,Bologna,1640.96191406
1948-10-11,Bologna,1637.45910645
1948-10-18,Bologna,1641.26513672
1948-10-25,Bologna,1643.54431152
1948-11-01,Bologna,1650.80102539
1948-11-05,Bologna,1654.88586426
1948-11-08,Bologna,1651.09057617
1948-11-15,Bologna,1654.67297363
1948-11-22,Bologna,1642.45910645
1948-11-29,Bologna,1638.80810547
1948-12-06,Bologna,1644.17077637
1948-12-13,Bologna,1634.05895996
1948-12-20,Bologna,1640.42163086
1948-12-27,Bologna,1643.27819824
1948-12-30,Bologna,1654.48535156
1949-01-03,Bologna,1658.18896484
1949-01-07,Bologna,1648.9798584
1949-01-10,Bologna,1652.93359375
1949-01-17,Bologna,1672.61279297
1949-01-24,Bologna,1666.08532715
1949-01-31,Bologna,1671.44641113
1949-02-07,Bologna,1676.50549316
1949-02-14,Bologna,1679.40686035
1949-02-21,Bologna,1691.16784668
1949-03-06,Bologna,1693.16784668
1949-03-07,Bologna,1688.17492676
1949-03-14,Bologna,1690.24316406
1949-03-21,Bologna,1689.11364746
1949-04-03,Bologna,1701.11364746
1949-04-04,Bologna,1705.40600586
1949-04-11,Bologna,1700.51184082
1949-04-18,Bologna,1685.5916748
1949-04-25,Bologna,1699.43615723
1949-05-01,Bologna,1704.25158691
1949-05-09,Bologna,1712.21252441
1949-05-16,Bologna,1714.0859375
1949-05-26,Bologna,1720.0859375
1949-05-30,Bologna,1724.43847656
1949-06-06,Bologna,1726.77368164
1949-06-17,Bologna,1722.77368164
1949-06-30,Bologna,1634.58117676
1949-07-03,Bologna,1640.9185791
1949-09-12,Bologna,1612.89575195
1949-09-19,Bologna,1607.69030762
1949-09-26,Bologna,1610.89160156
1949-10-03,Bologna,1605.29431152
1949-10-10,Bologna,1597.38964844
1949-10-17,Bologna,1591.37487793
1949-10-21,Bologna,1586.45458984
1949-10-24,Bologna,1580.08569336
1949-10-31,Bologna,1575.02416992
1949-11-07,Bologna,1580.35266113
1949-11-14,Bologna,1576.62109375
1949-11-21,Bologna,1573.46447754
1949-12-05,Bologna,1577.33825684
1949-12-09,Bologna,1575.48742676
1949-12-12,Bologna,1567.55322266
1949-12-19,Bologna,1572.33740234
1949-12-27,Bologna,1557.50024414
1950-01-02,Bologna,1556.21875
1950-01-09,Bologna,1560.68896484
1950-01-16,Bologna,1566.09960938
1950-01-23,Bologna,1570.01977539
1950-01-30,Bologna,1572.61828613
1950-02-06,Bologna,1567.72509766
1950-02-13,Bologna,1571.32763672
1950-02-20,Bologna,1582.27282715
1950-02-24,Bologna,1586.54077148
1950-02-27,Bologna,1591.22753906
1950-03-13,Bologna,1595.46191406
1950-03-20,Bologna,1589.8894043
1950-03-27,Bologna,1586.99438477
1950-04-10,Bologna,1590.98266602
1950-04-17,Bologna,1590.63110352
1950-04-26,Bologna,1601.20788574
1950-05-01,Bologna,1599.27709961
1950-05-08,Bologna,1593.05651855
1950-05-15,Bologna,1591.44274902
1950-05-22,Bologna,1582.52380371
1950-05-29,Bologna,1576.74462891
1950-06-15,Bologna,1549.80627441
1950-06-17,Bologna,1534.42297363
1950-09-11,Bologna,1538.41418457
1950-09-18,Bologna,1550.07666016
1950-09-25,Bologna,1556.55200195
1950-10-02,Bologna,1560.85900879
1950-10-09,Bologna,1570.62854004
1950-10-16,Bologna,1564.47546387
1950-10-23,Bologna,1560.83117676
1950-10-30,Bologna,1544.91027832
1950-11-06,Bologna,1539.10778809
1950-11-13,Bologna,1534.66552734
1950-11-20,Bologna,1540.3248291
1950-11-27,Bologna,1556.69238281
1950-12-04,Bologna,1544.45373535
1950-12-11,Bologna,1555.20837402
1950-12-18,Bologna,1555.3918457
1951-01-01,Bologna,1551.20495605
1951-01-05,Bologna,1556.62255859
1951-01-08,Bologna,1550.91601562
1951-01-15,Bologna,1548.05078125
1951-01-22,Bologna,1550.57653809
1951-01-29,Bologna,1553.46923828
1951-02-05,Bologna,1547.81640625
1951-02-12,Bologna,1552.15856934
1951-02-19,Bologna,1555.27966309
1951-02-26,Bologna,1570.76184082
1951-03-05,Bologna,1553.3302002
1951-03-12,Bologna,1561.50341797
1951-03-19,Bologna,1564.54772949
1951-03-26,Bologna,1569.10461426
1951-04-02,Bologna,1562.04492188
1951-04-16,Bologna,1564.1932373
1951-04-23,Bologna,1561.41650391
1951-04-30,Bologna,1554.66638184
1951-05-14,Bologna,1553.15466309
1951-05-21,Bologna,1556.80578613
1951-05-28,Bologna,1559.48950195
1951-06-11,Bologna,1547.53918457
1951-06-18,Bologna,1559.68518066
1951-06-21,Bologna,1583.03808594
1951-06-25,Bologna,1595.78808594
1951-09-10,Bologna,1598.83227539
1951-09-17,Bologna,1578.12353516
1951-09-24,Bologna,1573.92016602
1951-10-01,Bologna,1568.52868652
1951-10-08,Bologna,1550.31262207
1951-10-15,Bologna,1561.53161621
1951-10-22,Bologna,1564.63146973
1951-10-29,Bologna,1563.15563965
1951-11-05,Bologna,1558.27954102
1951-11-19,Bologna,1554.99243164
1951-12-03,Bologna,1551.17504883
1951-12-10,Bologna,1559.37158203
1951-12-17,Bologna,1563.09985352
1951-12-24,Bologna,1559.48681641
1951-12-31,Bologna,1556.82080078
1952-01-07,Bologna,1561.55578613
1952-01-14,Bologna,1567.16271973
1952-01-21,Bologna,1561.02416992
1952-02-11,Bologna,1566.60290527
1952-02-18,Bologna,1574.08435059
1952-03-03,Bologna,1577.15759277
1952-03-10,Bologna,1573.89587402
1952-03-17,Bologna,1577.52807617
1952-03-20,Bologna,1572.51672363
1952-03-24,Bologna,1562.72143555
1952-03-31,Bologna,1565.62194824
1952-04-07,Bologna,1559.06018066
1952-04-14,Bologna,1556.33361816
1952-04-21,Bologna,1552.69970703
1952-04-28,Bologna,1547.89709473
1952-05-05,Bologna,1552.25598145
1952-05-12,Bologna,1548.29162598
1952-05-26,Bologna,1535.23474121
1952-06-02,Bologna,1531.53601074
1952-06-09,Bologna,1548.35449219
1952-06-16,Bologna,1556.27172852
1952-06-23,Bologna,1563.05908203
1952-06-27,Bologna,1532.26879883
1952-06-29,Bologna,1540.20703125
1952-09-15,Bologna,1547.89050293
1952-09-22,Bologna,1563.91723633
1952-09-29,Bologna,1552.49719238
1952-10-06,Bologna,1559.04675293
1952-10-13,Bologna,1552.21142578
1952-10-20,Bologna,1550.67749023
1952-11-03,Bologna,1556.6875
1952-11-10,Bologna,1560.50097656
1952-11-17,Bologna,1564.40637207
1952-11-24,Bologna,1568.36132812
1952-12-01,Bologna,1574.05151367
1952-12-08,Bologna,1558.76342773
1952-12-15,Bologna,1546.53088379
1952-12-22,Bologna,1560.3079834
1953-01-05,Bologna,1565.79650879
1953-01-12,Bologna,1579.26489258
1953-01-19,Bologna,1582.73181152
1953-01-26,Bologna,1574.43701172
1953-02-02,Bologna,1583.21569824
1953-02-09,Bologna,1579.44433594
1953-02-16,Bologna,1569.90881348
1953-02-23,Bologna,1575.23168945
1953-03-02,Bologna,1587.83605957
1953-03-09,Bologna,1591.44799805
1953-03-16,Bologna,1594.71496582
1953-03-23,Bologna,1589.05273438
1953-03-30,Bologna,1608.3182373
1953-04-07,Bologna,1612.66235352
1953-04-13,Bologna,1606.52453613
1953-04-20,Bologna,1600.86315918
1953-05-04,Bologna,1596.9440918
1953-05-25,Bologna,1603.89306641
1953-06-01,Bologna,1599.11608887
1953-06-05,Bologna,1609.44628906
1953-06-08,Bologna,1573.5168457
1953-09-14,Bologna,1577.1973877
1953-09-21,Bologna,1569.0925293
1953-09-28,Bologna,1574.51269531
1953-10-05,Bologna,1576.03515625
1953-10-12,Bologna,1580.05505371
1953-10-19,Bologna,1577.62866211
1953-10-26,Bologna,1574.46350098
1953-11-02,Bologna,1577.87402344
1953-11-09,Bologna,1570.56176758
1953-11-23,Bologna,1565.51403809
1953-11-30,Bologna,1573.62475586
1953-12-07,Bologna,1572.05114746
1953-12-21,Bologna,1566.28112793
1953-12-28,Bologna,1574.22875977
1954-01-04,Bologna,1562.62402344
1954-01-11,Bologna,1566.83837891
1954-01-18,Bologna,1558.17431641
1954-02-01,Bologna,1572.56335449
1954-02-08,Bologna,1578.94384766
1954-02-22,Bologna,1573.43212891
1954-02-26,Bologna,1584.13330078
1954-03-01,Bologna,1587.23181152
1954-03-08,Bologna,1579.24108887
1954-03-15,Bologna,1598.1829834
1954-03-22,Bologna,1601.52966309
1954-03-29,Bologna,1608.24951172
1954-04-05,Bologna,1612.46154785
1954-04-19,Bologna,1615.25219727
1954-04-26,Bologna,1611.05615234
1954-05-03,Bologna,1614.51464844
1954-05-10,Bologna,1611.47717285
1954-05-17,Bologna,1627.02978516
1954-05-24,Bologna,1608.27246094
1954-05-31,Bologna,1594.34802246
1954-09-20,Bologna,1604.38024902
1954-09-27,Bologna,1608.1907959
1954-10-04,Bologna,1593.39440918
1954-10-11,Bologna,1604.44921875
1954-10-18,Bologna,1598.29919434
1954-10-25,Bologna,1591.25292969
1954-11-01,Bologna,1584.11352539
1954-11-08,Bologna,1592.53845215
1954-11-15,Bologna,1599.01879883
1954-11-22,Bologna,1604.22143555
1954-12-13,Bologna,1607.69714355
1954-12-20,Bologna,1607.87365723
1954-12-27,Bologna,1603.4029541
1955-01-07,Bologna,1610.86486816
1955-01-24,Bologna,1620.34143066
1955-01-31,Bologna,1622.96386719
1955-02-07,Bologna,1629.38208008
1955-02-14,Bologna,1629.7421875
1955-02-21,Bologna,1632.77539062
1955-02-28,Bologna,1616.45117188
1955-03-07,Bologna,1609.03601074
1955-03-14,Bologna,1592.43933105
1955-03-21,Bologna,1598.54797363
1955-04-04,Bologna,1601.77209473
1955-04-11,Bologna,1607.6171875
1955-04-18,Bologna,1599.99902344
1955-04-25,Bologna,1599.76269531
1955-05-01,Bologna,1594.62390137
1955-05-09,Bologna,1604.57971191
1955-05-16,Bologna,1589.39624023
1955-06-05,Bologna,1582.56665039
1955-06-13,Bologna,1588.3494873
1955-06-20,Bologna,1590.23046875
1955-06-24,Bologna,1566.53125
1955-06-26,Bologna,1577.7767334
1955-09-19,Bologna,1583.57788086
1955-09-26,Bologna,1578.05541992
1955-10-03,Bologna,1581.26086426
1955-10-10,Bologna,1580.56347656
1955-10-17,Bologna,1566.88464355
1955-10-24,Bologna,1560.07324219
1955-10-31,Bologna,1542.47766113
1955-11-02,Bologna,1513.64794922
1955-11-07,Bologna,1519.00512695
1955-11-14,Bologna,1510.70922852
1955-11-24,Bologna,1547.97766113
1955-12-04,Bologna,1542.72253418
1955-12-09,Bologna,1547.21716309
1955-12-26,Bologna,1538.51342773
1956-01-02,Bologna,1549.76379395
1956-01-09,Bologna,1559.26904297
1956-01-16,Bologna,1554.16748047
1956-01-19,Bologna,1570.63415527
1956-01-23,Bologna,1567.01257324
1956-01-30,Bologna,1557.92749023
1956-02-06,Bologna,1552.47180176
1956-02-13,Bologna,1582.65515137
1956-02-27,Bologna,1575.41687012
1956-03-05,Bologna,1580.33496094
1956-03-08,Bologna,1592.35900879
1956-03-12,Bologna,1599.25671387
1956-03-19,Bologna,1594.65576172
1956-03-26,Bologna,1598.1114502
1956-04-02,Bologna,1605.06201172
1956-04-09,Bologna,1627.32397461
1956-04-16,Bologna,1631.71081543
1956-04-20,Bologna,1627.60473633
1956-04-30,Bologna,1641.53466797
1956-05-02,Bologna,1633.52746582
1956-05-07,Bologna,1638.06982422
1956-05-11,Bologna,1632.07202148
1956-05-14,Bologna,1649.80273438
1956-05-21,Bologna,1654.25891113
1956-05-28,Bologna,1660.68933105
1956-06-04,Bologna,1663.06848145
1956-06-30,Bologna,1671.87731934
1956-07-04,Bologna,1691.00524902
1956-09-17,Bologna,1691.82580566
1956-09-24,Bologna,1683.33947754
1956-10-01,Bologna,1675.73266602
1956-10-08,Bologna,1681.7043457
1956-10-15,Bologna,1684.32409668
1956-10-22,Bologna,1681.10693359
1956-10-29,Bologna,1674.72058105
1956-11-19,Bologna,1679.80505371
1956-11-22,Bologna,1670.1920166
1956-11-26,Bologna,1670.63220215
1956-11-29,Bologna,1685.79785156
1956-12-03,Bologna,1672.74572754
1956-12-17,Bologna,1665.14672852
1956-12-24,Bologna,1670.00073242
1956-12-31,Bologna,1672.75231934
1957-01-07,Bologna,1667.34912109
1957-01-14,Bologna,1687.83935547
1957-01-21,Bologna,1691.42858887
1957-01-28,Bologna,1695.53381348
1957-02-04,Bologna,1689.52111816
1957-02-07,Bologna,1690.47827148
1957-02-11,Bologna,1687.5645752
1957-02-18,Bologna,1690.75976562
1957-02-25,Bologna,1685.93505859
1957-02-28,Bologna,1690.68481445
1957-03-04,Bologna,1694.44116211
1957-03-11,Bologna,1692.57385254
1957-03-18,Bologna,1684.41088867
1957-03-25,Bologna,1678.33837891
1957-04-01,Bologna,1672.60205078
1957-04-04,Bologna,1685.04541016
1957-04-08,Bologna,1686.96875
1957-04-15,Bologna,1690.48828125
1957-04-19,Bologna,1689.57055664
1957-04-29,Bologna,1678.03137207
1957-05-06,Bologna,1683.62792969
1957-05-20,Bologna,1677.99267578
1957-05-31,Bologna,1668.67687988
1957-06-03,Bologna,1673.26904297
1957-06-10,Bologna,1677.54846191
1957-06-17,Bologna,1687.78259277
1957-06-21,Bologna,1675.99609375
1957-06-24,Bologna,1690.43566895
1957-09-09,Bologna,1686.34741211
1957-09-16,Bologna,1682.2701416
1957-09-23,Bologna,1665.39245605
1957-09-30,Bologna,1666.96069336
1957-10-03,Bologna,1672.37658691
1957-10-07,Bologna,1676.40307617
1957-10-10,Bologna,1671.14196777
1957-10-14,Bologna,1666.65234375
1957-10-21,Bologna,1659.50842285
1957-10-28,Bologna,1650.76049805
1957-10-31,Bologna,1664.18945312
1957-11-04,Bologna,1660.32080078
1957-11-11,Bologna,1674.91442871
1957-11-18,Bologna,1664.88684082
1957-11-25,Bologna,1678.23986816
1957-11-28,Bologna,1692.39111328
1957-12-12,Bologna,1691.94250488
1957-12-16,Bologna,1703.11291504
1957-12-23,Bologna,1707.1887207
1957-12-30,Bologna,1702.0357666
1958-01-06,Bologna,1698.41650391
1958-01-20,Bologna,1714.20837402
1958-01-27,Bologna,1708.77331543
1958-02-03,Bologna,1717.86181641
1958-02-10,Bologna,1714.25793457
1958-02-13,Bologna,1715.95031738
1958-02-17,Bologna,1709.65356445
1958-02-24,Bologna,1712.30810547
1958-02-27,Bologna,1714.24853516
1958-03-03,Bologna,1723.1940918
1958-03-10,Bologna,1725.62316895
1958-03-17,Bologna,1729.75976562
1958-03-31,Bologna,1721.90209961
1958-04-07,Bologna,1708.31469727
1958-04-14,Bologna,1703.22851562
1958-04-21,Bologna,1701.69812012
1958-04-28,Bologna,1699.05090332
1958-05-05,Bologna,1700.80236816
1958-05-09,Bologna,1701.11523438
1958-05-12,Bologna,1709.54138184
1958-05-15,Bologna,1720.66088867
1958-05-19,Bologna,1714.02429199
1958-05-25,Bologna,1718.34289551
1958-05-29,Bologna,1714.6171875
1958-09-22,Bologna,1714.81506348
1958-09-25,Bologna,1715.56872559
1958-09-29,Bologna,1719.2166748
1958-10-02,Bologna,1684.29602051
1958-10-06,Bologna,1687.28930664
1958-10-13,Bologna,1691.51171875
1958-10-20,Bologna,1686.38525391
1958-10-27,Bologna,1689.24938965
1958-11-03,Bologna,1691.46179199
1958-11-17,Bologna,1672.2109375
1958-11-24,Bologna,1667.60986328
1958-12-01,Bologna,1664.67053223
1958-12-08,Bologna,1668.16882324
1958-12-22,Bologna,1662.94396973
1958-12-29,Bologna,1659.93884277
1959-01-05,Bologna,1665.30053711
1959-01-12,Bologna,1670.51586914
1959-01-19,Bologna,1659.60644531
1959-01-26,Bologna,1657.11437988
1959-02-02,Bologna,1651.55981445
1959-02-09,Bologna,1646.12219238
1959-02-16,Bologna,1651.67504883
1959-02-23,Bologna,1663.11694336
1959-03-03,Bologna,1670.74951172
1959-03-16,Bologna,1679.54492188
1959-03-23,Bologna,1673.75183105
1959-03-30,Bologna,1666.43688965
1959-04-06,Bologna,1653.859375
1959-04-13,Bologna,1647.29260254
1959-04-20,Bologna,1652.93078613
1959-04-27,Bologna,1648.30041504
1959-05-18,Bologna,1641.22436523
1959-05-25,Bologna,1653.50378418
1959-05-29,Bologna,1646.95800781
1959-06-01,Bologna,1642.54553223
1959-06-08,Bologna,1643.68579102
1959-09-14,Bologna,1643.64147949
1959-09-21,Bologna,1639.27697754
1959-09-24,Bologna,1639.45788574
1959-09-28,Bologna,1653.93432617
1959-10-05,Bologna,1666.12670898
1959-10-12,Bologna,1667.75317383
1959-10-19,Bologna,1672.5970459
1959-10-26,Bologna,1674.41369629
1959-11-05,Bologna,1667.87109375
1959-11-09,Bologna,1671.92993164
1959-11-16,Bologna,1678.72827148
1959-11-23,Bologna,1673.94787598
1959-11-26,Bologna,1670.44946289
1959-12-07,Bologna,1667.25439453
1959-12-21,Bologna,1678.81005859
1959-12-28,Bologna,1672.11633301
1960-01-02,Bologna,1659.84655762
1960-01-11,Bologna,1667.25671387
1960-01-17,Bologna,1667.25671387
1960-01-18,Bologna,1652.70397949
1960-01-24,Bologna,1652.70397949
1960-01-25,Bologna,1643.12683105
1960-02-01,Bologna,1637.26098633
1960-02-07,Bologna,1637.26098633
1960-02-08,Bologna,1651.82910156
1960-02-11,Bologna,1651.82910156
1960-02-15,Bologna,1655.9934082
1960-02-21,Bologna,1655.9934082
1960-02-22,Bologna,1654.01318359
1960-02-28,Bologna,1654.01318359
1960-02-29,Bologna,1656.68847656
1960-03-03,Bologna,1656.68847656
1960-03-06,Bologna,1656.68847656
1960-03-07,Bologna,1657.57922363
1960-03-08,Bologna,1657.57922363
1960-03-10,Bologna,1657.57922363
1960-03-13,Bologna,1657.57922363
1960-03-14,Bologna,1657.57922363
1960-03-17,Bologna,1657.57922363
1960-03-21,Bologna,1645.03295898
1960-03-28,Bologna,1646.36047363
1960-04-03,Bologna,1646.36047363
1960-04-04,Bologna,1643.16638184
1960-04-10,Bologna,1643.16638184
1960-04-11,Bologna,1631.52502441
1960-04-14,Bologna,1631.52502441
1960-04-16,Bologna,1631.52502441
1960-04-18,Bologna,1638.03637695
1960-04-19,Bologna,1638.03637695
1960-04-22,Bologna,1638.03637695
1960-04-24,Bologna,1638.03637695
1960-04-25,Bologna,1641.44262695
1960-05-01,Bologna,1641.44262695
1960-05-02,Bologna,1649.37597656
1960-05-09,Bologna,1654.38757324
1960-05-14,Bologna,1654.38757324
1960-05-16,Bologna,1645.99658203
1960-05-21,Bologna,1645.99658203
1960-05-22,Bologna,1645.99658203
1960-05-23,Bologna,1652.25500488
1960-05-30,Bologna,1661.23596191
1960-06-05,Bologna,1661.23596191
1960-06-06,Bologna,1657.54431152
1960-06-19,Bologna,1657.54431152
1960-06-20,Bologna,1657.54431152
1960-07-08,Bologna,1657.54431152
1960-07-13,Bologna,1657.54431152
1960-08-08,Bologna,1657.54431152
1960-08-15,Bologna,1657.54431152
1960-08-21,Bologna,1657.54431152
1960-08-22,Bologna,1657.54431152
1960-08-29,Bologna,1657.54431152
1960-09-01,Bologna,1657.54431152
1960-09-05,Bologna,1657.54431152
1960-09-10,Bologna,1657.54431152
1960-09-15,Bologna,1657.54431152
1960-09-18,Bologna,1657.54431152
1960-09-19,Bologna,1657.54431152
1960-09-20,Bologna,1657.54431152
1960-09-22,Bologna,1657.31005859
1960-09-24,Bologna,1657.31005859
1960-09-26,Bologna,1670.98059082
1960-10-03,Bologna,1666.3918457
1960-10-07,Bologna,1666.3918457
1960-10-10,Bologna,1660.29553223
1960-10-12,Bologna,1660.29553223
1960-10-13,Bologna,1635.7833252
1960-10-17,Bologna,1619.15246582
1960-10-23,Bologna,1619.15246582
1960-10-24,Bologna,1605.63122559
1960-10-30,Bologna,1605.63122559
1960-11-03,Bologna,1605.63122559
1960-11-05,Bologna,1605.63122559
1960-11-07,Bologna,1619.58459473
1960-11-09,Bologna,1619.58459473
1960-11-13,Bologna,1619.58459473
1960-11-14,Bologna,1625.13806152
1960-11-21,Bologna,1621.77441406
1960-11-27,Bologna,1621.77441406
1960-11-28,Bologna,1627.02661133
1960-12-01,Bologna,1627.02661133
1960-12-04,Bologna,1627.02661133
1960-12-05,Bologna,1633.88696289
1960-12-18,Bologna,1633.88696289
1960-12-19,Bologna,1633.88696289
1960-12-24,Bologna,1633.88696289
1960-12-25,Bologna,1633.88696289
1960-12-26,Bologna,1638.16394043
1960-12-28,Bologna,1638.16394043
1961-01-01,Bologna,1638.16394043
1961-01-02,Bologna,1645.65771484
1961-01-09,Bologna,1640.90368652
1961-01-16,Bologna,1637.05371094
1961-01-19,Bologna,1637.84301758
1961-01-22,Bologna,1637.84301758
1961-01-23,Bologna,1631.43835449
1961-01-25,Bologna,1631.43835449
1961-01-30,Bologna,1627.04870605
1961-02-06,Bologna,1620.8984375
1961-02-13,Bologna,1624.66772461
1961-02-20,Bologna,1612.73742676
1961-02-26,Bologna,1612.73742676
1961-02-27,Bologna,1623.5032959
1961-03-05,Bologna,1623.5032959
1961-03-06,Bologna,1618.08837891
1961-03-12,Bologna,1618.08837891
1961-03-13,Bologna,1612.34143066
1961-03-16,Bologna,1612.34143066
1961-03-20,Bologna,1623.53295898
1961-03-26,Bologna,1623.53295898
1961-03-27,Bologna,1613.76696777
1961-04-01,Bologna,1613.76696777
1961-04-02,Bologna,1613.76696777
1961-04-03,Bologna,1617.38305664
1961-04-05,Bologna,1617.38305664
1961-04-09,Bologna,1617.38305664
1961-04-10,Bologna,1623.68151855
1961-04-13,Bologna,1623.68151855
1961-04-16,Bologna,1623.68151855
1961-04-17,Bologna,1618.23901367
1961-04-27,Bologna,1618.23901367
1961-04-30,Bologna,1618.23901367
1961-05-01,Bologna,1612.3338623
1961-05-05,Bologna,1612.3338623
1961-05-07,Bologna,1612.3338623
1961-05-08,Bologna,1608.90881348
1961-05-11,Bologna,1608.90881348
1961-05-12,Bologna,1608.90881348
1961-05-14,Bologna,1608.90881348
1961-05-15,Bologna,1614.19641113
1961-05-19,Bologna,1614.19641113
1961-05-21,Bologna,1614.19641113
1961-05-22,Bologna,1613.33789062
1961-05-28,Bologna,1613.33789062
1961-05-31,Bologna,1604.21081543
1961-06-04,Bologna,1604.21081543
1961-06-05,Bologna,1601.82214355
1961-06-08,Bologna,1601.82214355
1961-06-12,Bologna,1601.82214355
1961-06-19,Bologna,1601.82214355
1961-06-26,Bologna,1601.82214355
1961-07-04,Bologna,1601.82214355
1961-08-04,Bologna,1601.82214355
1961-08-07,Bologna,1601.82214355
1961-08-14,Bologna,1601.82214355
1961-08-20,Bologna,1601.82214355
1961-08-21,Bologna,1601.82214355
1961-08-24,Bologna,1601.82214355
1961-08-26,Bologna,1601.82214355
1961-08-28,Bologna,1605.21203613
1961-08-31,Bologna,1605.21203613
1961-09-03,Bologna,1605.21203613
1961-09-04,Bologna,1607.4564209
1961-09-05,Bologna,1607.4564209
1961-09-07,Bologna,1607.4564209
1961-09-10,Bologna,1607.4564209
1961-09-11,Bologna,1592.1229248
1961-09-12,Bologna,1592.1229248
1961-09-14,Bologna,1604.72351074
1961-09-17,Bologna,1604.72351074
1961-09-18,Bologna,1612.72619629
1961-09-21,Bologna,1613.66479492
1961-09-22,Bologna,1613.66479492
1961-09-25,Bologna,1608.2911377
1961-09-27,Bologna,1608.2911377
1961-09-28,Bologna,1608.83056641
1961-10-01,Bologna,1608.83056641
1961-10-02,Bologna,1619.40319824
1961-10-05,Bologna,1615.68823242
1961-10-09,Bologna,1622.39758301
1961-10-15,Bologna,1622.39758301
1961-10-16,Bologna,1622.39758301
1961-10-17,Bologna,1622.39758301
1961-10-19,Bologna,1622.39758301
1961-10-23,Bologna,1624.34020996
1961-10-26,Bologna,1630.28601074
1961-10-30,Bologna,1630.34204102
1961-11-02,Bologna,1630.34204102
1961-11-05,Bologna,1630.34204102
1961-11-06,Bologna,1630.34204102
1961-11-09,Bologna,1638.91064453
1961-11-13,Bologna,1654.71533203
1961-11-15,Bologna,1654.71533203
1961-11-16,Bologna,1662.55078125
1961-11-19,Bologna,1662.55078125
1961-11-20,Bologna,1656.41418457
1961-11-23,Bologna,1673.33691406
1961-11-24,Bologna,1673.33691406
1961-11-27,Bologna,1681.37133789
1961-12-01,Bologna,1681.37133789
1961-12-03,Bologna,1681.37133789
1961-12-04,Bologna,1677.48339844
1961-12-11,Bologna,1693.28942871
1961-12-18,Bologna,1695.64294434
1961-12-25,Bologna,1688.63049316
1962-01-08,Bologna,1685.73364258
1962-01-15,Bologna,1692.5838623
1962-01-18,Bologna,1695.20300293
1962-01-21,Bologna,1695.20300293
1962-01-22,Bologna,1690.52001953
1962-01-29,Bologna,1694.98486328
1962-02-02,Bologna,1694.98486328
1962-02-04,Bologna,1694.98486328
1962-02-05,Bologna,1699.41796875
1962-02-12,Bologna,1693.49719238
1962-02-15,Bologna,1690.45605469
1962-02-19,Bologna,1698.90283203
1962-02-21,Bologna,1698.90283203
1962-02-22,Bologna,1697.5345459
1962-02-23,Bologna,1697.5345459
1962-02-25,Bologna,1697.5345459
1962-02-26,Bologna,1702.82287598
1962-02-27,Bologna,1705.69555664
1962-02-28,Bologna,1708.04382324
1962-03-01,Bologna,1702.39160156
1962-03-05,Bologna,1714.38098145
1962-03-12,Bologna,1719.17919922
1962-03-19,Bologna,1718.56958008
1962-03-22,Bologna,1723.58068848
1962-03-23,Bologna,1723.58068848
1962-03-26,Bologna,1734.82727051
1962-04-02,Bologna,1720.70458984
1962-04-09,Bologna,1724.03356934
1962-04-12,Bologna,1735.35046387
1962-04-16,Bologna,1735.35046387
1962-04-18,Bologna,1735.35046387
1962-04-19,Bologna,1733.84973145
1962-04-29,Bologna,1733.84973145
1962-05-08,Bologna,1733.84973145
1962-05-11,Bologna,1734.50256348
1962-05-20,Bologna,1734.50256348
1962-05-25,Bologna,1734.50256348
1962-05-28,Bologna,1734.50256348
1962-06-02,Bologna,1734.50256348
1962-06-06,Bologna,1734.50256348
1962-06-12,Bologna,1734.50256348
1962-06-30,Bologna,1734.50256348
1962-07-16,Bologna,1734.50256348
1962-07-28,Bologna,1734.50256348
1962-08-06,Bologna,1734.50256348
1962-08-17,Bologna,1734.50256348
1962-08-26,Bologna,1734.50256348
1962-09-06,Bologna,1717.31481934
1962-09-09,Bologna,1717.31481934
1962-09-10,Bologna,1717.31481934
1962-09-13,Bologna,1717.33325195
1962-09-14,Bologna,1717.33325195
1962-09-17,Bologna,1720.10229492
1962-09-20,Bologna,1720.1328125
1962-09-24,Bologna,1734.0690918
1962-09-27,Bologna,1738.38537598
1962-09-30,Bologna,1738.38537598
1962-10-01,Bologna,1743.61254883
1962-10-06,Bologna,1743.61254883
1962-10-07,Bologna,1743.61254883
1962-10-08,Bologna,1734.9387207
1962-10-11,Bologna,1744.27758789
1962-10-15,Bologna,1748.06726074
1962-10-16,Bologna,1748.06726074
1962-10-19,Bologna,1748.06726074
1962-10-22,Bologna,1761.1463623
1962-10-28,Bologna,1761.1463623
1962-10-29,Bologna,1765.6295166
1962-11-02,Bologna,1760.41381836
1962-11-05,Bologna,1752.88012695
1962-11-11,Bologna,1752.88012695
1962-11-12,Bologna,1752.88012695
1962-11-15,Bologna,1758.98620605
1962-11-19,Bologna,1762.17565918
1962-11-20,Bologna,1764.56298828
1962-11-25,Bologna,1764.56298828
1962-11-26,Bologna,1772.21777344
1962-11-29,Bologna,1767.51623535
1962-12-02,Bologna,1767.51623535
1962-12-05,Bologna,1789.13391113
1962-12-09,Bologna,1789.13391113
1962-12-10,Bologna,1794.22680664
1962-12-17,Bologna,1774.38012695
1962-12-24,Bologna,1768.4810791
1962-12-31,Bologna,1771.81506348
1963-01-07,Bologna,1779.42749023
1963-01-15,Bologna,1772.77441406
1963-01-21,Bologna,1773.85388184
1963-01-24,Bologna,1774.26940918
1963-01-28,Bologna,1767.51635742
1963-02-04,Bologna,1765.76708984
1963-02-07,Bologna,1754.17175293
1963-02-11,Bologna,1744.62231445
1963-02-18,Bologna,1750.6887207
1963-02-25,Bologna,1753.8939209
1963-03-04,Bologna,1762.64697266
1963-03-10,Bologna,1762.64697266
1963-03-11,Bologna,1753.25744629
1963-03-14,Bologna,1753.82128906
1963-03-15,Bologna,1753.82128906
1963-03-18,Bologna,1750.30041504
1963-03-21,Bologna,1753.48730469
1963-04-01,Bologna,1762.98840332
1963-04-02,Bologna,1762.98840332
1963-04-04,Bologna,1751.26843262
1963-04-08,Bologna,1756.09790039
1963-04-15,Bologna,1755.32250977
1963-04-21,Bologna,1755.32250977
1963-04-22,Bologna,1749.99047852
1963-04-25,Bologna,1753.37646484
1963-04-29,Bologna,1758.79321289
1963-05-02,Bologna,1759.33642578
1963-05-03,Bologna,1759.33642578
1963-05-06,Bologna,1758.05175781
1963-05-08,Bologna,1758.05175781
1963-05-20,Bologna,1751.59387207
1963-05-23,Bologna,1758.2454834
1963-05-27,Bologna,1750.04211426
1963-06-14,Bologna,1750.04211426
1963-06-21,Bologna,1750.04211426
1963-08-19,Bologna,1750.04211426
1963-08-23,Bologna,1750.04211426
1963-09-02,Bologna,1750.04211426
1963-09-05,Bologna,1754.54345703
1963-09-08,Bologna,1754.54345703
1963-09-12,Bologna,1754.54345703
1963-09-16,Bologna,1748.13220215
1963-09-19,Bologna,1751.49182129
1963-09-23,Bologna,1753.64306641
1963-09-26,Bologna,1761.74304199
1963-09-29,Bologna,1761.74304199
1963-09-30,Bologna,1769.01147461
1963-10-07,Bologna,1781.01489258
1963-10-10,Bologna,1776.66271973
1963-10-15,Bologna,1764.09020996
1963-10-21,Bologna,1762.85229492
1963-10-24,Bologna,1752.15576172
1963-10-28,Bologna,1752.26086426
1963-11-04,Bologna,1752.26086426
1963-11-11,Bologna,1752.26086426
1963-11-18,Bologna,1758.34667969
1963-11-25,Bologna,1764.43249512
1963-11-27,Bologna,1764.43249512
1963-11-28,Bologna,1763.93225098
1963-12-02,Bologna,1770.28503418
1963-12-05,Bologna,1777.52697754
1963-12-09,Bologna,1787.22180176
1963-12-16,Bologna,1787.22180176
1963-12-19,Bologna,1787.22180176
1963-12-23,Bologna,1789.30969238
1963-12-29,Bologna,1789.30969238
1963-12-30,Bologna,1794.30114746
1964-01-06,Bologna,1801.5793457
1964-01-13,Bologna,1808.13842773
1964-01-20,Bologna,1815.55383301
1964-01-27,Bologna,1825.33752441
1964-01-30,Bologna,1820.47302246
1964-02-03,Bologna,1824.86291504
1964-02-09,Bologna,1824.86291504
1964-02-10,Bologna,1822.76367188
1964-02-14,Bologna,1823.05725098
1964-02-17,Bologna,1825.09912109
1964-02-24,Bologna,1817.37695312
1964-02-27,Bologna,1820.41381836
1964-03-02,Bologna,1831.98034668
1964-03-05,Bologna,1832.1652832
1964-03-09,Bologna,1833.97192383
1964-03-23,Bologna,1841.73168945
1964-03-30,Bologna,1831.87524414
1964-04-06,Bologna,1841.22644043
1964-04-15,Bologna,1843.08752441
1964-04-16,Bologna,1845.21435547
1964-04-20,Bologna,1847.21972656
1964-04-27,Bologna,1848.93164062
1964-04-30,Bologna,1850.79760742
1964-05-04,Bologna,1847.3137207
1964-05-18,Bologna,1847.43249512
1964-05-25,Bologna,1849.90820312
1964-05-28,Bologna,1860.37817383
1964-06-01,Bologna,1862.28027344
1964-06-08,Bologna,1876.38757324
1964-09-10,Bologna,1874.48864746
1964-09-14,Bologna,1858.2409668
1964-09-21,Bologna,1862.39196777
1964-09-24,Bologna,1862.79284668
1964-09-28,Bologna,1860.33666992
1964-10-05,Bologna,1863.27734375
1964-10-08,Bologna,1866.02111816
1964-10-12,Bologna,1851.4888916
1964-10-15,Bologna,1837.33935547
1964-10-19,Bologna,1829.83459473
1964-10-26,Bologna,1832.66308594
1964-11-09,Bologna,1832.61083984
1964-11-12,Bologna,1833.34802246
1964-11-16,Bologna,1826.1385498
1964-11-23,Bologna,1824.77990723
1964-11-30,Bologna,1830.21166992
1964-12-04,Bologna,1830.77648926
1964-12-07,Bologna,1830.87402344
1964-12-14,Bologna,1832.98413086
1964-12-21,Bologna,1828.05932617
1964-12-28,Bologna,1831.14978027
1965-01-04,Bologna,1834.28552246
1965-01-11,Bologna,1830.25915527
1965-01-18,Bologna,1833.66845703
1965-01-25,Bologna,1826.45141602
1965-02-01,Bologna,1825.81933594
1965-02-08,Bologna,1827.88977051
1965-02-15,Bologna,1824.48840332
1965-02-18,Bologna,1826.87207031
1965-02-22,Bologna,1825.24743652
1965-03-01,Bologna,1820.52624512
1965-03-04,Bologna,1817.88427734
1965-03-08,Bologna,1816.47363281
1965-03-17,Bologna,1816.47363281
1965-03-18,Bologna,1824.39257812
1965-03-22,Bologna,1810.03027344
1965-03-24,Bologna,1810.03027344
1965-03-29,Bologna,1816.00402832
1965-04-04,Bologna,1816.00402832
1965-04-05,Bologna,1811.9753418
1965-04-12,Bologna,1815.3963623
1965-04-19,Bologna,1815.3963623
1965-04-21,Bologna,1818.79272461
1965-04-26,Bologna,1817.20068359
1965-04-28,Bologna,1813.83703613
1965-05-05,Bologna,1809.06396484
1965-05-06,Bologna,1797.37304688
1965-05-09,Bologna,1797.37304688
1965-05-10,Bologna,1784.94116211
1965-05-13,Bologna,1792.36828613
1965-05-17,Bologna,1790.9588623
1965-05-20,Bologna,1790.9588623
1965-05-24,Bologna,1776.62133789
1965-05-28,Bologna,1780.58605957
1965-05-31,Bologna,1760.99499512
1965-06-07,Bologna,1745.77478027
1965-06-14,Bologna,1745.77478027
1965-06-17,Bologna,1745.77478027
1965-08-22,Bologna,1745.77478027
1965-08-26,Bologna,1745.77478027
1965-08-29,Bologna,1745.77478027
1965-09-06,Bologna,1749.4798584
1965-09-13,Bologna,1762.72094727
1965-09-16,Bologna,1762.72094727
1965-09-19,Bologna,1762.72094727
1965-09-20,Bologna,1750.69274902
1965-09-23,Bologna,1750.69274902
1965-09-27,Bologna,1737.13085938
1965-09-30,Bologna,1738.16101074
1965-10-03,Bologna,1738.16101074
1965-10-04,Bologna,1739.23864746
1965-10-10,Bologna,1739.23864746
1965-10-11,Bologna,1720.25561523
1965-10-14,Bologna,1711.7310791
1965-10-17,Bologna,1711.7310791
1965-10-18,Bologna,1723.90258789
1965-10-21,Bologna,1723.90258789
1965-10-24,Bologna,1723.90258789
1965-10-25,Bologna,1723.80700684
1965-10-31,Bologna,1723.80700684
1965-11-01,Bologna,1723.80700684
1965-11-11,Bologna,1723.80700684
1965-11-14,Bologna,1723.80700684
1965-11-15,Bologna,1730.00561523
1965-11-18,Bologna,1730.00561523
1965-11-21,Bologna,1730.00561523
1965-11-22,Bologna,1735.85949707
1965-11-25,Bologna,1735.85949707
1965-11-28,Bologna,1735.85949707
1965-11-29,Bologna,1722.2869873
1965-12-02,Bologna,1721.57946777
1965-12-06,Bologna,1721.57946777
1965-12-13,Bologna,1735.95092773
1965-12-16,Bologna,1736.85839844
1965-12-20,Bologna,1752.9230957
1965-12-27,Bologna,1760.05737305
1966-01-02,Bologna,1760.05737305
1966-01-03,Bologna,1762.71960449
1966-01-04,Bologna,1762.71960449
1966-01-07,Bologna,1762.71960449
1966-01-10,Bologna,1751.42749023
1966-01-13,Bologna,1751.42749023
1966-01-16,Bologna,1751.42749023
1966-01-17,Bologna,1752.44348145
1966-01-24,Bologna,1766.1541748
1966-01-31,Bologna,1768.46435547
1966-02-07,Bologna,1762.28503418
1966-02-14,Bologna,1763.85620117
1966-02-21,Bologna,1768.03918457
1966-02-24,Bologna,1771.54553223
1966-02-28,Bologna,1783.58569336
1966-03-02,Bologna,1783.58569336
1966-03-03,Bologna,1784.9543457
1966-03-06,Bologna,1784.9543457
1966-03-07,Bologna,1786.74487305
1966-03-10,Bologna,1786.74487305
1966-03-13,Bologna,1786.74487305
1966-03-14,Bologna,1789.72521973
1966-03-20,Bologna,1789.72521973
1966-03-21,Bologna,1789.72521973
1966-03-27,Bologna,1789.72521973
1966-03-28,Bologna,1779.22351074
1966-04-03,Bologna,1779.22351074
1966-04-04,Bologna,1794.12329102
1966-04-11,Bologna,1798.22839355
1966-04-14,Bologna,1797.71582031
1966-04-18,Bologna,1801.09741211
1966-04-20,Bologna,1801.09741211
1966-04-21,Bologna,1793.22570801
1966-04-25,Bologna,1797.74145508
1966-05-02,Bologna,1805.52807617
1966-05-06,Bologna,1805.52807617
1966-05-08,Bologna,1805.52807617
1966-05-09,Bologna,1812.77502441
1966-05-16,Bologna,1814.82788086
1966-05-22,Bologna,1814.82788086
1966-05-23,Bologna,1796.32702637
1966-08-21,Bologna,1796.32702637
1966-08-28,Bologna,1796.32702637
1966-09-04,Bologna,1796.32702637
1966-09-08,Bologna,1796.32702637
1966-09-18,Bologna,1796.32702637
1966-09-19,Bologna,1793.67199707
1966-09-26,Bologna,1798.61743164
1966-09-29,Bologna,1797.38769531
1966-10-03,Bologna,1780.88122559
1966-10-06,Bologna,1767.27612305
1966-10-10,Bologna,1770.75170898
1966-10-13,Bologna,1773.97387695
1966-10-17,Bologna,1764.54223633
1966-10-23,Bologna,1764.54223633
1966-10-24,Bologna,1767.18139648
1966-11-07,Bologna,1778.59985352
1966-11-10,Bologna,1778.59985352
1966-11-14,Bologna,1782.97106934
1966-11-17,Bologna,1782.38903809
1966-11-21,Bologna,1778.76525879
1966-11-27,Bologna,1778.76525879
1966-12-01,Bologna,1778.76525879
1966-12-05,Bologna,1787.50939941
1966-12-07,Bologna,1787.50939941
1966-12-08,Bologna,1787.50939941
1966-12-09,Bologna,1796.83862305
1966-12-12,Bologna,1791.38256836
1966-12-15,Bologna,1791.38256836
1966-12-19,Bologna,1795.03894043
1966-12-22,Bologna,1795.03894043
1966-12-25,Bologna,1785.38110352
1967-01-01,Bologna,1777.4329834
1967-01-08,Bologna,1777.4329834
1967-01-09,Bologna,1768.01611328
1967-01-16,Bologna,1770.51806641
1967-01-22,Bologna,1770.51806641
1967-01-23,Bologna,1775.06982422
1967-01-30,Bologna,1768.45263672
1967-02-05,Bologna,1768.45263672
1967-02-06,Bologna,1774.18652344
1967-02-12,Bologna,1774.18652344
1967-02-13,Bologna,1769.69372559
1967-02-16,Bologna,1770.14746094
1967-02-19,Bologna,1770.14746094
1967-02-20,Bologna,1771.09973145
1967-02-26,Bologna,1771.09973145
1967-02-28,Bologna,1774.27832031
1967-03-02,Bologna,1787.02075195
1967-03-06,Bologna,1792.13720703
1967-03-09,Bologna,1792.13720703
1967-03-13,Bologna,1796.63232422
1967-03-19,Bologna,1796.63232422
1967-03-20,Bologna,1791.17333984
1967-03-28,Bologna,1791.17333984
1967-04-02,Bologna,1791.17333984
1967-04-03,Bologna,1793.88452148
1967-04-10,Bologna,1791.51660156
1967-04-17,Bologna,1799.81164551
1967-04-20,Bologna,1796.7668457
1967-04-24,Bologna,1806.66308594
1967-04-27,Bologna,1809.67382812
1967-05-01,Bologna,1811.94958496
1967-05-04,Bologna,1813.42175293
1967-05-08,Bologna,1817.90917969
1967-05-15,Bologna,1819.75
1967-05-22,Bologna,1825.35778809
1967-05-26,Bologna,1818.26696777
1967-05-29,Bologna,1817.57922363
1967-08-28,Bologna,1817.57922363
1967-09-03,Bologna,1817.57922363
1967-09-10,Bologna,1817.57922363
1967-09-21,Bologna,1823.92224121
1967-09-24,Bologna,1823.92224121
1967-09-25,Bologna,1830.97399902
1967-10-01,Bologna,1830.97399902
1967-10-02,Bologna,1833.85864258
1967-10-05,Bologna,1833.85864258
1967-10-09,Bologna,1831.8034668
1967-10-12,Bologna,1833.58703613
1967-10-15,Bologna,1833.58703613
1967-10-16,Bologna,1830.07788086
1967-10-23,Bologna,1829.44128418
1967-10-30,Bologna,1817.46740723
1967-11-06,Bologna,1813.23840332
1967-11-13,Bologna,1798.09313965
1967-11-19,Bologna,1798.09313965
1967-11-23,Bologna,1801.9017334
1967-11-26,Bologna,1801.9017334
1967-11-27,Bologna,1790.34460449
1967-11-30,Bologna,1789.80310059
1967-12-04,Bologna,1800.53527832
1967-12-08,Bologna,1799.91320801
1967-12-10,Bologna,1802.52197266
1967-12-14,Bologna,1804.22998047
1967-12-18,Bologna,1804.63366699
1967-12-27,Bologna,1804.63366699
1968-01-01,Bologna,1797.28100586
1968-01-08,Bologna,1803.61242676
1968-01-15,Bologna,1802.11010742
1968-01-22,Bologna,1795.8125
1968-01-29,Bologna,1797.50195312
1968-02-01,Bologna,1795.89660645
1968-02-05,Bologna,1770.89038086
1968-02-11,Bologna,1770.89038086
1968-02-12,Bologna,1774.5814209
1968-02-18,Bologna,1774.5814209
1968-02-19,Bologna,1779.12011719
1968-02-26,Bologna,1773.85327148
1968-02-29,Bologna,1776.48010254
1968-03-03,Bologna,1776.48010254
1968-03-04,Bologna,1783.83410645
1968-03-10,Bologna,1783.83410645
1968-03-11,Bologna,1793.88537598
1968-03-14,Bologna,1785.47216797
1968-03-15,Bologna,1785.47216797
1968-03-18,Bologna,1788.45422363
1968-03-21,Bologna,1800.36254883
1968-03-24,Bologna,1800.36254883
1968-03-25,Bologna,1807.67285156
1968-04-01,Bologna,1808.28027344
1968-04-07,Bologna,1808.28027344
1968-04-13,Bologna,1808.28027344
1968-04-15,Bologna,1811.29064941
1968-04-22,Bologna,1811.29064941
1968-04-25,Bologna,1811.29064941
1968-04-29,Bologna,1809.65612793
1968-05-02,Bologna,1812.85522461
1968-05-05,Bologna,1812.85522461
1968-05-06,Bologna,1803.22387695
1968-05-09,Bologna,1806.65612793
1968-05-10,Bologna,1801.89257812
1968-05-13,Bologna,1804.03540039
1968-05-16,Bologna,1794.93017578
1968-05-19,Bologna,1794.93017578
1968-05-24,Bologna,1798.87719727
1968-05-30,Bologna,1798.87719727
1968-06-14,Bologna,1798.87719727
1968-06-21,Bologna,1798.87719727
1968-08-25,Bologna,1798.87719727
1968-09-01,Bologna,1798.87719727
1968-09-08,Bologna,1798.87719727
1968-09-19,Bologna,1796.22717285
1968-09-22,Bologna,1796.22717285
1968-09-29,Bologna,1796.22717285
1968-09-30,Bologna,1799.30822754
1968-10-03,Bologna,1802.47521973
1968-10-06,Bologna,1802.47521973
1968-10-07,Bologna,1794.09790039
1968-10-13,Bologna,1794.09790039
1968-10-14,Bologna,1786.7388916
1968-10-20,Bologna,1786.7388916
1968-10-27,Bologna,1786.7388916
1968-10-28,Bologna,1781.62744141
1968-10-31,Bologna,1781.62744141
1968-11-04,Bologna,1798.70715332
1968-11-11,Bologna,1803.41955566
1968-11-18,Bologna,1794.18334961
1968-11-25,Bologna,1801.80725098
1968-11-28,Bologna,1801.80725098
1968-12-02,Bologna,1793.12121582
1968-12-09,Bologna,1785.95336914
1968-12-15,Bologna,1785.95336914
1968-12-16,Bologna,1780.29187012
1968-12-23,Bologna,1782.1138916
1969-01-13,Bologna,1770.140625
1969-01-16,Bologna,1770.140625
1969-01-20,Bologna,1757.46899414
1969-01-26,Bologna,1757.46899414
1969-01-27,Bologna,1748.11755371
1969-02-03,Bologna,1749.35375977
1969-02-10,Bologna,1754.91906738
1969-02-13,Bologna,1754.91906738
1969-02-16,Bologna,1754.91906738
1969-02-17,Bologna,1738.79785156
1969-02-20,Bologna,1725.0201416
1969-02-24,Bologna,1722.73339844
1969-03-02,Bologna,1722.73339844
1969-03-03,Bologna,1721.7947998
1969-03-05,Bologna,1721.7947998
1969-03-06,Bologna,1717.69519043
1969-03-10,Bologna,1721.94555664
1969-03-13,Bologna,1734.18188477
1969-03-16,Bologna,1734.18188477
1969-03-17,Bologna,1737.4239502
1969-03-22,Bologna,1737.4239502
1969-03-24,Bologna,1732.33190918
1969-03-30,Bologna,1732.33190918
1969-03-31,Bologna,1732.33190918
1969-04-03,Bologna,1732.33190918
1969-04-05,Bologna,1732.33190918
1969-04-07,Bologna,1727.24108887
1969-04-08,Bologna,1727.24108887
1969-04-10,Bologna,1727.24108887
1969-04-13,Bologna,1727.24108887
1969-04-14,Bologna,1725.7064209
1969-04-21,Bologna,1727.15429688
1969-04-23,Bologna,1727.15429688
1969-04-24,Bologna,1730.96887207
1969-04-27,Bologna,1730.96887207
1969-04-28,Bologna,1738.35461426
1969-04-30,Bologna,1738.35461426
1969-05-03,Bologna,1738.35461426
1969-05-05,Bologna,1746.67077637
1969-05-12,Bologna,1750.65942383
1969-05-16,Bologna,1751.24890137
1969-05-18,Bologna,1751.24890137
1969-05-19,Bologna,1744.49963379
1969-05-29,Bologna,1751.16870117
1969-05-31,Bologna,1751.16870117
1969-07-02,Bologna,1751.16870117
1969-07-11,Bologna,1751.16870117
1969-08-10,Bologna,1751.16870117
1969-08-14,Bologna,1751.16870117
1969-08-16,Bologna,1751.16870117
1969-09-04,Bologna,1751.16870117
1969-09-07,Bologna,1751.16870117
1969-09-08,Bologna,1751.16870117
1969-09-11,Bologna,1751.20544434
1969-09-14,Bologna,1751.20544434
1969-09-15,Bologna,1748.1295166
1969-09-17,Bologna,1748.1295166
1969-09-18,Bologna,1747.6517334
1969-09-22,Bologna,1750.48364258
1969-09-25,Bologna,1750.48986816
1969-09-28,Bologna,1750.48986816
1969-09-29,Bologna,1755.07189941
1969-10-02,Bologna,1756.23376465
1969-10-05,Bologna,1756.23376465
1969-10-06,Bologna,1759.55102539
1969-10-09,Bologna,1759.55102539
1969-10-13,Bologna,1759.93847656
1969-10-16,Bologna,1759.93847656
1969-10-20,Bologna,1753.47338867
1969-10-27,Bologna,1753.47338867
1969-10-31,Bologna,1753.47338867
1969-11-03,Bologna,1753.47338867
1969-11-09,Bologna,1753.47338867
1969-11-10,Bologna,1752.58740234
1969-11-13,Bologna,1758.45495605
1969-11-16,Bologna,1758.45495605
1969-11-17,Bologna,1758.30908203
1969-11-20,Bologna,1758.30908203
1969-11-27,Bologna,1741.16992188
1969-11-30,Bologna,1741.16992188
1969-12-01,Bologna,1736.25097656
1969-12-04,Bologna,1736.25097656
1969-12-07,Bologna,1736.25097656
1969-12-08,Bologna,1732.92834473
1969-12-11,Bologna,1738.59545898
1969-12-14,Bologna,1738.59545898
1969-12-15,Bologna,1727.39807129
1969-12-21,Bologna,1727.39807129
1969-12-22,Bologna,1716.08447266
1969-12-29,Bologna,1717.66918945
1970-01-05,Bologna,1713.33398438
1970-01-12,Bologna,1721.41137695
1970-01-19,Bologna,1713.89501953
1970-01-26,Bologna,1713.92199707
1970-02-01,Bologna,1713.92199707
1970-02-02,Bologna,1705.57128906
1970-02-08,Bologna,1705.57128906
1970-02-09,Bologna,1700.92736816
1970-02-15,Bologna,1700.92736816
1970-02-16,Bologna,1712.80102539
1970-02-22,Bologna,1712.80102539
1970-02-23,Bologna,1712.80102539
1970-02-25,Bologna,1712.80102539
1970-03-01,Bologna,1712.80102539
1970-03-02,Bologna,1705.5090332
1970-03-05,Bologna,1697.58483887
1970-03-08,Bologna,1697.58483887
1970-03-09,Bologna,1711.29870605
1970-03-12,Bologna,1711.29870605
1970-03-15,Bologna,1711.29870605
1970-03-16,Bologna,1687.7298584
1970-03-19,Bologna,1687.83154297
1970-03-22,Bologna,1687.83154297
1970-03-23,Bologna,1690.28149414
1970-03-26,Bologna,1690.28149414
1970-03-30,Bologna,1691.49475098
1970-04-02,Bologna,1687.43920898
1970-04-06,Bologna,1692.03442383
1970-04-07,Bologna,1692.03442383
1970-04-09,Bologna,1692.03442383
1970-04-13,Bologna,1695.78320312
1970-04-14,Bologna,1695.78320312
1970-04-16,Bologna,1699.82055664
1970-04-19,Bologna,1699.82055664
1970-04-20,Bologna,1695.73425293
1970-04-23,Bologna,1696.06994629
1970-04-27,Bologna,1706.76098633
1970-04-28,Bologna,1706.76098633
1970-05-01,Bologna,1706.76098633
1970-05-04,Bologna,1706.76098633
1970-05-07,Bologna,1706.76098633
1970-07-14,Bologna,1706.76098633
1970-07-30,Bologna,1706.76098633
1970-08-04,Bologna,1706.76098633
1970-08-23,Bologna,1706.76098633
1970-08-27,Bologna,1706.76098633
1970-08-29,Bologna,1706.76098633
1970-09-05,Bologna,1706.76098633
1970-09-06,Bologna,1706.76098633
1970-09-12,Bologna,1706.76098633
1970-09-13,Bologna,1706.76098633
1970-09-17,Bologna,1714.14648438
1970-09-20,Bologna,1714.14648438
1970-09-21,Bologna,1714.14648438
1970-09-24,Bologna,1714.14648438
1970-09-27,Bologna,1714.14648438
1970-09-28,Bologna,1722.55932617
1970-09-30,Bologna,1722.55932617
1970-10-01,Bologna,1696.27441406
1970-10-08,Bologna,1701.7598877
1970-10-12,Bologna,1702.54675293
1970-10-18,Bologna,1702.54675293
1970-10-19,Bologna,1702.54675293
1970-10-22,Bologna,1701.92150879
1970-10-25,Bologna,1701.92150879
1970-10-26,Bologna,1701.98059082
1970-11-01,Bologna,1701.98059082
1970-11-02,Bologna,1701.98059082
1970-11-05,Bologna,1701.98059082
1970-11-06,Bologna,1688.29833984
1970-11-09,Bologna,1695.40783691
1970-11-15,Bologna,1695.40783691
1970-11-16,Bologna,1696.07373047
1970-11-22,Bologna,1696.07373047
1970-11-23,Bologna,1691.72241211
1970-11-29,Bologna,1691.72241211
1970-11-30,Bologna,1703.97680664
1970-12-06,Bologna,1703.97680664
1970-12-13,Bologna,1703.97680664
1970-12-14,Bologna,1708.28210449
1970-12-20,Bologna,1708.28210449
1970-12-21,Bologna,1705.08178711
1970-12-27,Bologna,1705.08178711
1970-12-28,Bologna,1707.26098633
1971-01-04,Bologna,1701.97009277
1971-01-10,Bologna,1701.97009277
1971-01-11,Bologna,1698.99597168
1971-01-18,Bologna,1706.15014648
1971-01-24,Bologna,1706.15014648
1971-01-25,Bologna,1700.1895752
1971-02-01,Bologna,1701.80090332
1971-02-07,Bologna,1701.80090332
1971-02-08,Bologna,1709.02697754
1971-02-15,Bologna,1705.83190918
1971-03-01,Bologna,1691.9453125
1971-03-06,Bologna,1691.9453125
1971-03-07,Bologna,1691.9453125
1971-03-08,Bologna,1692.88696289
1971-03-11,Bologna,1692.88696289
1971-03-15,Bologna,1696.70703125
1971-03-20,Bologna,1696.70703125
1971-03-22,Bologna,1706.37915039
1971-03-29,Bologna,1702.90771484
1971-04-01,Bologna,1702.90771484
1971-04-04,Bologna,1702.90771484
1971-04-05,Bologna,1702.15026855
1971-04-12,Bologna,1700.3939209
1971-04-15,Bologna,1700.3939209
1971-04-19,Bologna,1697.11181641
1971-04-26,Bologna,1697.78076172
1971-04-29,Bologna,1697.78076172
1971-05-03,Bologna,1706.51391602
1971-05-06,Bologna,1706.51391602
1971-05-08,Bologna,1706.51391602
1971-05-10,Bologna,1706.51391602
1971-05-16,Bologna,1706.51391602
1971-05-17,Bologna,1699.13537598
1971-05-23,Bologna,1699.13537598
1971-05-24,Bologna,1703.87963867
1971-05-30,Bologna,1703.87963867
1971-06-07,Bologna,1703.87963867
1971-06-28,Bologna,1703.87963867
1971-08-08,Bologna,1703.87963867
1971-08-15,Bologna,1703.87963867
1971-08-16,Bologna,1703.87963867
1971-08-18,Bologna,1703.87963867
1971-08-22,Bologna,1703.87963867
1971-08-25,Bologna,1703.87963867
1971-08-29,Bologna,1703.87963867
1971-09-01,Bologna,1703.87963867
1971-09-05,Bologna,1703.87963867
1971-09-12,Bologna,1703.87963867
1971-09-13,Bologna,1703.87963867
1971-09-16,Bologna,1690.27258301
1971-09-19,Bologna,1690.27258301
1971-09-20,Bologna,1690.27258301
1971-09-23,Bologna,1690.29345703
1971-09-26,Bologna,1690.29345703
1971-09-27,Bologna,1690.29345703
1971-09-29,Bologna,1723.67565918
1971-09-30,Bologna,1724.07141113
1971-10-01,Bologna,1707.66601562
1971-10-04,Bologna,1700.47583008
1971-10-10,Bologna,1700.47583008
1971-10-14,Bologna,1700.47583008
1971-10-17,Bologna,1700.47583008
1971-10-18,Bologna,1704.22558594
1971-10-21,Bologna,1703.4654541
1971-10-22,Bologna,1708.8404541
1971-10-24,Bologna,1708.8404541
1971-10-25,Bologna,1708.0435791
1971-10-30,Bologna,1708.0435791
1971-10-31,Bologna,1708.0435791
1971-11-01,Bologna,1711.62609863
1971-11-04,Bologna,1694.43737793
1971-11-05,Bologna,1699.44274902
1971-11-07,Bologna,1699.44274902
1971-11-08,Bologna,1694.15112305
1971-11-14,Bologna,1694.15112305
1971-11-15,Bologna,1685.50134277
1971-11-21,Bologna,1685.50134277
1971-11-24,Bologna,1685.50134277
1971-11-25,Bologna,1689.75183105
1971-11-28,Bologna,1689.75183105
1971-11-29,Bologna,1685.33337402
1971-12-02,Bologna,1695.2512207
1971-12-05,Bologna,1695.2512207
1971-12-06,Bologna,1683.11560059
1971-12-09,Bologna,1682.63452148
1971-12-11,Bologna,1682.63452148
1971-12-13,Bologna,1672.43811035
1971-12-19,Bologna,1672.43811035
1971-12-21,Bologna,1674.34448242
1971-12-27,Bologna,1669.94726562
1971-12-28,Bologna,1669.94726562
1972-01-02,Bologna,1669.94726562
1972-01-03,Bologna,1672.89343262
1972-01-10,Bologna,1673.66992188
1972-01-17,Bologna,1671.92468262
1972-01-24,Bologna,1667.10791016
1972-01-30,Bologna,1667.10791016
1972-01-31,Bologna,1672.30102539
1972-02-06,Bologna,1672.30102539
1972-02-07,Bologna,1673.15368652
1972-02-14,Bologna,1666.92956543
1972-02-21,Bologna,1677.93615723
1972-02-24,Bologna,1678.84265137
1972-02-27,Bologna,1678.84265137
1972-02-28,Bologna,1677.27331543
1972-03-05,Bologna,1677.27331543
1972-03-08,Bologna,1678.16723633
1972-03-09,Bologna,1669.26049805
1972-03-11,Bologna,1669.38684082
1972-03-13,Bologna,1666.81530762
1972-03-20,Bologna,1674.43041992
1972-03-23,Bologna,1670.32775879
1972-03-25,Bologna,1672.89782715
1972-03-26,Bologna,1672.89782715
1972-03-27,Bologna,1679.62304688
1972-04-02,Bologna,1679.62304688
1972-04-03,Bologna,1676.86364746
1972-04-06,Bologna,1673.99035645
1972-04-09,Bologna,1673.99035645
1972-04-10,Bologna,1677.56652832
1972-04-11,Bologna,1677.56652832
1972-04-17,Bologna,1674.96655273
1972-04-20,Bologna,1673.04821777
1972-04-24,Bologna,1664.72070312
1972-04-25,Bologna,1664.72070312
1972-04-30,Bologna,1664.72070312
1972-05-01,Bologna,1664.72070312
1972-05-08,Bologna,1659.33911133
1972-05-21,Bologna,1659.33911133
1972-05-22,Bologna,1663.52075195
1972-05-29,Bologna,1653.8092041
1972-06-01,Bologna,1649.31188965
1972-06-12,Bologna,1649.31188965
1972-06-15,Bologna,1649.31188965
1972-06-22,Bologna,1649.31188965
1972-06-25,Bologna,1649.31188965
1972-06-29,Bologna,1649.31188965
1972-08-17,Bologna,1649.31188965
1972-08-24,Bologna,1649.31188965
1972-08-30,Bologna,1649.31188965
1972-09-03,Bologna,1649.31188965
1972-09-07,Bologna,1649.33666992
1972-09-11,Bologna,1649.33666992
1972-09-13,Bologna,1649.33666992
1972-09-14,Bologna,1650.62548828
1972-09-15,Bologna,1650.22741699
1972-09-18,Bologna,1650.22741699
1972-09-21,Bologna,1650.22741699
1972-09-23,Bologna,1650.22741699
1972-09-24,Bologna,1650.22741699
1972-09-25,Bologna,1640.27441406
1972-09-27,Bologna,1640.27441406
1972-09-28,Bologna,1609.79431152
1972-09-30,Bologna,1609.79431152
1972-10-01,Bologna,1609.79431152
1972-10-02,Bologna,1616.43664551
1972-10-05,Bologna,1616.43664551
1972-10-08,Bologna,1616.43664551
1972-10-16,Bologna,1602.96777344
1972-10-21,Bologna,1592.98242188
1972-10-23,Bologna,1592.98242188
1972-10-26,Bologna,1587.52380371
1972-11-06,Bologna,1594.65710449
1972-11-08,Bologna,1591.33886719
1972-11-09,Bologna,1600.23999023
1972-11-12,Bologna,1600.23999023
1972-11-13,Bologna,1602.53295898
1972-11-20,Bologna,1606.95251465
1972-11-23,Bologna,1606.95251465
1972-11-26,Bologna,1606.95251465
1972-11-27,Bologna,1600.70996094
1972-11-30,Bologna,1595.23999023
1972-12-04,Bologna,1602.48364258
1972-12-11,Bologna,1604.87341309
1972-12-14,Bologna,1601.61547852
1972-12-18,Bologna,1610.07177734
1972-12-24,Bologna,1610.07177734
1972-12-25,Bologna,1603.94604492
1972-12-31,Bologna,1608.37866211
1973-01-01,Bologna,1608.37866211
1973-01-02,Bologna,1608.37866211
1973-01-07,Bologna,1608.37866211
1973-01-08,Bologna,1617.81799316
1973-01-22,Bologna,1613.67956543
1973-01-29,Bologna,1610.89282227
1973-02-05,Bologna,1618.96838379
1973-02-11,Bologna,1618.96838379
1973-02-12,Bologna,1631.72473145
1973-02-19,Bologna,1637.03845215
1973-02-25,Bologna,1637.03845215
1973-03-05,Bologna,1637.05700684
1973-03-08,Bologna,1636.35180664
1973-03-11,Bologna,1636.35180664
1973-03-12,Bologna,1630.64099121
1973-03-18,Bologna,1630.64099121
1973-03-19,Bologna,1623.27111816
1973-03-21,Bologna,1623.27111816
1973-03-22,Bologna,1629.58850098
1973-03-25,Bologna,1629.58850098
1973-03-26,Bologna,1638.85791016
1973-04-02,Bologna,1638.85791016
1973-04-08,Bologna,1638.85791016
1973-04-09,Bologna,1633.2310791
1973-04-12,Bologna,1636.13671875
1973-04-16,Bologna,1643.04370117
1973-04-21,Bologna,1643.04370117
1973-04-22,Bologna,1643.04370117
1973-04-23,Bologna,1646.11181641
1973-04-26,Bologna,1654.04321289
1973-04-28,Bologna,1654.04321289
1973-04-30,Bologna,1649.09411621
1973-05-06,Bologna,1649.09411621
1973-05-07,Bologna,1647.64892578
1973-05-14,Bologna,1644.75976562
1973-05-17,Bologna,1649.6072998
1973-05-20,Bologna,1649.6072998
1973-05-21,Bologna,1658.18664551
1973-05-30,Bologna,1658.18664551
1973-05-31,Bologna,1655.16882324
1973-06-03,Bologna,1655.16882324
1973-06-25,Bologna,1655.16882324
1973-07-01,Bologna,1655.16882324
1973-07-02,Bologna,1655.16882324
1973-07-09,Bologna,1655.16882324
1973-07-16,Bologna,1655.16882324
1973-08-12,Bologna,1655.16882324
1973-08-13,Bologna,1655.16882324
1973-08-19,Bologna,1655.16882324
1973-08-26,Bologna,1655.16882324
1973-08-27,Bologna,1655.16882324
1973-09-02,Bologna,1655.16882324
1973-09-09,Bologna,1655.16882324
1973-09-13,Bologna,1655.16882324
1973-09-16,Bologna,1655.16882324
1973-09-20,Bologna,1637.39709473
1973-09-23,Bologna,1637.39709473
1973-09-24,Bologna,1637.39709473
1973-09-29,Bologna,1637.39709473
1973-09-30,Bologna,1637.39709473
1973-10-01,Bologna,1637.39709473
1973-10-04,Bologna,1617.48071289
1973-10-08,Bologna,1611.71435547
1973-10-14,Bologna,1611.71435547
1973-10-16,Bologna,1618.97790527
1973-10-17,Bologna,1618.97790527
1973-10-21,Bologna,1618.97790527
1973-10-22,Bologna,1618.97790527
1973-10-25,Bologna,1610.22473145
1973-10-29,Bologna,1612.4107666
1973-11-04,Bologna,1612.4107666
1973-11-05,Bologna,1613.47717285
1973-11-07,Bologna,1613.47717285
1973-11-08,Bologna,1617.80712891
1973-11-09,Bologna,1617.80712891
1973-11-11,Bologna,1617.80712891
1973-11-12,Bologna,1617.80712891
1973-11-15,Bologna,1617.80712891
1973-11-18,Bologna,1617.80712891
1973-11-19,Bologna,1621.48754883
1973-11-26,Bologna,1615.77941895
1973-11-28,Bologna,1615.77941895
1973-11-29,Bologna,1615.77941895
1973-12-03,Bologna,1620.25024414
1973-12-10,Bologna,1631.88439941
1973-12-12,Bologna,1631.88439941
1973-12-13,Bologna,1631.88439941
1973-12-17,Bologna,1628.24279785
1973-12-24,Bologna,1628.4473877
1973-12-31,Bologna,1623.28601074
1974-01-07,Bologna,1624.02636719
1974-01-13,Bologna,1624.02636719
1974-01-14,Bologna,1616.88195801
1974-01-20,Bologna,1616.88195801
1974-01-22,Bologna,1625.64245605
1974-01-28,Bologna,1618.35778809
1974-02-04,Bologna,1614.02233887
1974-02-06,Bologna,1614.02233887
1974-02-10,Bologna,1614.02233887
1974-02-11,Bologna,1606.46875
1974-02-18,Bologna,1610.53076172
1974-02-25,Bologna,1610.53076172
1974-02-26,Bologna,1610.53076172
1974-03-03,Bologna,1610.53076172
1974-03-04,Bologna,1617.09765625
1974-03-06,Bologna,1617.09765625
1974-03-07,Bologna,1617.09765625
1974-03-11,Bologna,1624.54223633
1974-03-14,Bologna,1626.06799316
1974-03-16,Bologna,1626.06799316
1974-03-18,Bologna,1612.92053223
1974-03-20,Bologna,1612.92053223
1974-03-21,Bologna,1613.21044922
1974-03-25,Bologna,1611.328125
1974-03-31,Bologna,1611.328125
1974-04-01,Bologna,1616.89916992
1974-04-08,Bologna,1609.80883789
1974-04-11,Bologna,1613.7409668
1974-04-13,Bologna,1613.7409668
1974-04-16,Bologna,1618.35742188
1974-04-21,Bologna,1618.35742188
1974-04-22,Bologna,1619.17272949
1974-04-23,Bologna,1619.17272949
1974-04-24,Bologna,1619.17272949
1974-04-25,Bologna,1623.57885742
1974-04-29,Bologna,1610.62072754
1974-05-03,Bologna,1610.62072754
1974-05-05,Bologna,1610.62072754
1974-05-06,Bologna,1608.12768555
1974-05-09,Bologna,1602.5
1974-05-12,Bologna,1602.5
1974-05-13,Bologna,1608.24060059
1974-05-15,Bologna,1608.24060059
1974-05-20,Bologna,1608.09143066
1974-05-24,Bologna,1608.09143066
1974-05-27,Bologna,1608.09143066
1974-06-01,Bologna,1608.09143066
1974-06-10,Bologna,1608.09143066
1974-06-19,Bologna,1608.09143066
1974-07-27,Bologna,1608.09143066
1974-08-22,Bologna,1608.09143066
1974-08-25,Bologna,1608.09143066
1974-08-28,Bologna,1608.09143066
1974-09-01,Bologna,1608.09143066
1974-09-02,Bologna,1608.09143066
1974-09-08,Bologna,1608.09143066
1974-09-09,Bologna,1608.09143066
1974-09-12,Bologna,1608.09143066
1974-09-16,Bologna,1608.09143066
1974-09-19,Bologna,1606.29467773
1974-09-23,Bologna,1606.29467773
1974-09-26,Bologna,1602.7989502
1974-09-30,Bologna,1602.7989502
1974-10-03,Bologna,1606.48095703
1974-10-07,Bologna,1616.02685547
1974-10-10,Bologna,1616.02685547
1974-10-13,Bologna,1616.02685547
1974-10-14,Bologna,1611.86730957
1974-10-16,Bologna,1611.86730957
1974-10-17,Bologna,1611.86730957
1974-10-20,Bologna,1611.86730957
1974-10-21,Bologna,1617.0447998
1974-10-23,Bologna,1617.0447998
1974-10-24,Bologna,1613.53845215
1974-10-27,Bologna,1613.53845215
1974-10-28,Bologna,1618.22265625
1974-11-02,Bologna,1618.22265625
1974-11-03,Bologna,1618.22265625
1974-11-05,Bologna,1625.18188477
1974-11-06,Bologna,1625.18188477
1974-11-07,Bologna,1633.45703125
1974-11-11,Bologna,1642.85180664
1974-11-17,Bologna,1642.85180664
1974-11-18,Bologna,1642.85180664
1974-11-24,Bologna,1642.85180664
1974-11-25,Bologna,1627.30603027
1974-11-28,Bologna,1618.07861328
1974-12-01,Bologna,1618.07861328
1974-12-02,Bologna,1612.51855469
1974-12-09,Bologna,1609.46459961
1974-12-12,Bologna,1614.21252441
1974-12-15,Bologna,1614.21252441
1974-12-16,Bologna,1609.3338623
1974-12-24,Bologna,1603.5213623
1975-01-05,Bologna,1603.5213623
1975-01-06,Bologna,1598.8026123
1975-01-12,Bologna,1598.8026123
1975-01-13,Bologna,1611.78356934
1975-01-20,Bologna,1618.3770752
1975-01-27,Bologna,1620.21813965
1975-02-03,Bologna,1627.59033203
1975-02-10,Bologna,1633.11206055
1975-02-16,Bologna,1633.11206055
1975-02-17,Bologna,1628.03076172
1975-02-23,Bologna,1628.03076172
1975-02-24,Bologna,1634.2076416
1975-03-02,Bologna,1634.2076416
1975-03-03,Bologna,1636.5690918
1975-03-06,Bologna,1639.39294434
1975-03-09,Bologna,1639.39294434
1975-03-10,Bologna,1633.85192871
1975-03-17,Bologna,1638.37658691
1975-03-20,Bologna,1641.11560059
1975-03-22,Bologna,1641.11560059
1975-03-24,Bologna,1641.99487305
1975-03-30,Bologna,1641.99487305
1975-03-31,Bologna,1641.99487305
1975-04-01,Bologna,1632.74291992
1975-04-03,Bologna,1632.74291992
1975-04-06,Bologna,1632.74291992
1975-04-07,Bologna,1647.2689209
1975-04-10,Bologna,1643.28930664
1975-04-13,Bologna,1643.28930664
1975-04-14,Bologna,1641.27575684
1975-04-20,Bologna,1641.27575684
1975-04-21,Bologna,1641.27575684
1975-04-22,Bologna,1641.27575684
1975-04-24,Bologna,1633.609375
1975-04-27,Bologna,1633.609375
1975-04-28,Bologna,1626.45715332
1975-05-01,Bologna,1626.45715332
1975-05-05,Bologna,1621.046875
1975-05-08,Bologna,1621.046875
1975-05-12,Bologna,1617.68395996
1975-05-15,Bologna,1617.68395996
1975-05-18,Bologna,1617.68395996
1975-05-19,Bologna,1621.56152344
1975-05-20,Bologna,1621.56152344
1975-06-12,Bologna,1621.56152344
1975-06-16,Bologna,1621.56152344
1975-06-17,Bologna,1621.56152344
1975-06-30,Bologna,1621.56152344
1975-07-27,Bologna,1621.56152344
1975-08-10,Bologna,1621.56152344
1975-08-12,Bologna,1621.56152344
1975-08-14,Bologna,1621.56152344
1975-08-21,Bologna,1621.56152344
1975-09-01,Bologna,1621.56152344
1975-09-07,Bologna,1621.56152344
1975-09-13,Bologna,1621.56152344
1975-09-14,Bologna,1621.56152344
1975-09-15,Bologna,1621.56152344
1975-09-17,Bologna,1620.60058594
1975-09-18,Bologna,1617.57885742
1975-09-19,Bologna,1617.57885742
1975-09-21,Bologna,1617.57885742
1975-09-22,Bologna,1617.57885742
1975-09-26,Bologna,1617.57885742
1975-09-27,Bologna,1617.57885742
1975-10-02,Bologna,1627.63818359
1975-10-05,Bologna,1627.63818359
1975-10-06,Bologna,1633.71899414
1975-10-07,Bologna,1633.71899414
1975-10-12,Bologna,1633.71899414
1975-10-13,Bologna,1625.49499512
1975-10-16,Bologna,1625.49499512
1975-10-20,Bologna,1624.70935059
1975-10-23,Bologna,1621.12646484
1975-10-27,Bologna,1621.12646484
1975-11-02,Bologna,1621.12646484
1975-11-03,Bologna,1626.4921875
1975-11-06,Bologna,1617.57006836
1975-11-10,Bologna,1614.1517334
1975-11-17,Bologna,1624.84753418
1975-11-23,Bologna,1624.84753418
1975-11-27,Bologna,1632.16369629
1975-11-30,Bologna,1632.16369629
1975-12-01,Bologna,1626.07421875
1975-12-07,Bologna,1626.07421875
1975-12-08,Bologna,1628.69262695
1975-12-11,Bologna,1619.70507812
1975-12-15,Bologna,1613.38708496
1975-12-21,Bologna,1613.38708496
1975-12-22,Bologna,1623.3269043
1975-12-31,Bologna,1628.98120117
1976-01-04,Bologna,1628.98120117
1976-01-11,Bologna,1628.98120117
1976-01-13,Bologna,1634.19604492
1976-01-19,Bologna,1632.02416992
1976-01-26,Bologna,1625.99365234
1976-02-02,Bologna,1629.54821777
1976-02-08,Bologna,1629.54821777
1976-02-09,Bologna,1629.54821777
1976-02-10,Bologna,1624.72570801
1976-02-16,Bologna,1618.34802246
1976-02-23,Bologna,1614.10461426
1976-02-29,Bologna,1619.20947266
1976-03-04,Bologna,1614.82470703
1976-03-08,Bologna,1626.57250977
1976-03-15,Bologna,1620.5736084
1976-03-18,Bologna,1617.59143066
1976-03-22,Bologna,1608.57531738
1976-03-24,Bologna,1608.57531738
1976-03-28,Bologna,1608.57531738
1976-03-29,Bologna,1615.50683594
1976-03-31,Bologna,1615.50683594
1976-04-01,Bologna,1615.50683594
1976-04-04,Bologna,1615.50683594
1976-04-05,Bologna,1616.84375
1976-04-11,Bologna,1616.84375
1976-04-12,Bologna,1620.34887695
1976-04-19,Bologna,1620.34887695
1976-04-20,Bologna,1623.43286133
1976-04-25,Bologna,1623.43286133
1976-04-26,Bologna,1632.46691895
1976-04-29,Bologna,1632.46691895
1976-05-03,Bologna,1619.69848633
1976-05-04,Bologna,1619.69848633
1976-05-09,Bologna,1619.69848633
1976-05-10,Bologna,1620.20812988
1976-05-13,Bologna,1620.20812988
1976-05-17,Bologna,1609.14746094
1976-05-28,Bologna,1609.14746094
1976-05-30,Bologna,1609.14746094
1976-06-05,Bologna,1609.14746094
1976-06-06,Bologna,1609.14746094
1976-06-10,Bologna,1609.14746094
1976-06-24,Bologna,1609.14746094
1976-07-05,Bologna,1609.14746094
1976-07-08,Bologna,1609.14746094
1976-07-12,Bologna,1609.14746094
1976-08-19,Bologna,1609.14746094
1976-08-21,Bologna,1609.14746094
1976-08-22,Bologna,1609.14746094
1976-08-23,Bologna,1609.14746094
1976-08-30,Bologna,1609.14746094
1976-09-05,Bologna,1609.14746094
1976-09-11,Bologna,1609.14746094
1976-09-12,Bologna,1609.14746094
1976-09-16,Bologna,1596.99645996
1976-09-30,Bologna,1608.47497559
1976-10-01,Bologna,1609.57714844
1976-10-03,Bologna,1609.57714844
1976-10-04,Bologna,1610.43383789
1976-10-08,Bologna,1610.43383789
1976-10-11,Bologna,1596.34106445
1976-10-21,Bologna,1592.26708984
1976-10-25,Bologna,1584.15405273
1976-11-01,Bologna,1577.95581055
1976-11-04,Bologna,1590.18237305
1976-11-05,Bologna,1590.27062988
1976-11-08,Bologna,1592.65759277
1976-11-09,Bologna,1592.65759277
1976-11-14,Bologna,1592.65759277
1976-11-15,Bologna,1592.65759277
1976-11-22,Bologna,1591.90246582
1976-11-25,Bologna,1589.36193848
1976-11-29,Bologna,1598.25036621
1976-12-04,Bologna,1598.25036621
1976-12-05,Bologna,1598.25036621
1976-12-06,Bologna,1592.15026855
1976-12-09,Bologna,1593.08325195
1976-12-13,Bologna,1587.22619629
1976-12-20,Bologna,1582.10351562
1977-01-03,Bologna,1574.69665527
1977-01-10,Bologna,1556.22387695
1977-01-17,Bologna,1548.76037598
1977-01-31,Bologna,1551.90258789
1977-02-07,Bologna,1560.80322266
1977-02-14,Bologna,1556.75134277
1977-02-22,Bologna,1555.14709473
1977-03-01,Bologna,1561.29553223
1977-03-03,Bologna,1562.87011719
1977-03-04,Bologna,1568.99572754
1977-03-07,Bologna,1562.2454834
1977-03-14,Bologna,1558.3260498
1977-03-17,Bologna,1559.55627441
1977-03-21,Bologna,1565.21447754
1977-03-28,Bologna,1559.64575195
1977-04-04,Bologna,1576.14953613
1977-04-07,Bologna,1577.82421875
1977-04-11,Bologna,1583.01489258
1977-04-17,Bologna,1581.80932617
1977-04-21,Bologna,1576.7286377
1977-04-25,Bologna,1585.3079834
1977-05-03,Bologna,1590.98303223
1977-05-05,Bologna,1590.62011719
1977-05-09,Bologna,1603.8359375
1977-05-12,Bologna,1603.8359375
1977-05-15,Bologna,1603.8359375
1977-05-16,Bologna,1611.05895996
1977-05-19,Bologna,1613.57714844
1977-05-22,Bologna,1613.57714844
1977-05-23,Bologna,1607.82177734
1977-05-26,Bologna,1607.82177734
1977-05-30,Bologna,1607.82177734
1977-06-23,Bologna,1607.82177734
1977-06-24,Bologna,1607.82177734
1977-07-05,Bologna,1607.82177734
1977-07-24,Bologna,1607.82177734
1977-08-07,Bologna,1607.82177734
1977-08-13,Bologna,1607.82177734
1977-08-14,Bologna,1607.82177734
1977-08-17,Bologna,1607.82177734
1977-08-18,Bologna,1607.82177734
1977-08-19,Bologna,1607.82177734
1977-08-20,Bologna,1607.82177734
1977-08-21,Bologna,1607.82177734
1977-08-22,Bologna,1607.82177734
1977-08-25,Bologna,1607.82177734
1977-08-27,Bologna,1607.82177734
1977-08-28,Bologna,1607.82177734
1977-08-29,Bologna,1607.82177734
1977-08-31,Bologna,1607.82177734
1977-09-01,Bologna,1607.82177734
1977-09-05,Bologna,1607.82177734
1977-09-11,Bologna,1607.82177734
1977-09-12,Bologna,1620.27612305
1977-09-15,Bologna,1608.33129883
1977-09-19,Bologna,1602.40527344
1977-09-25,Bologna,1602.40527344
1977-09-26,Bologna,1594.48242188
1977-09-29,Bologna,1601.93310547
1977-10-01,Bologna,1601.93310547
1977-10-03,Bologna,1594.76538086
1977-10-20,Bologna,1598.06335449
1977-10-24,Bologna,1586.51647949
1977-10-31,Bologna,1589.23291016
1977-11-03,Bologna,1573.45300293
1977-11-07,Bologna,1564.81518555
1977-11-21,Bologna,1561.34020996
1977-11-24,Bologna,1560.90209961
1977-11-28,Bologna,1549.87695312
1977-12-08,Bologna,1537.47607422
1977-12-12,Bologna,1534.11535645
1977-12-19,Bologna,1525.2701416
1978-01-01,Bologna,1524.15136719
1978-01-09,Bologna,1529.10241699
1978-01-16,Bologna,1534.6307373
1978-01-23,Bologna,1541.18139648
1978-01-30,Bologna,1548.49719238
1978-02-06,Bologna,1550.27282715
1978-02-13,Bologna,1545.07128906
1978-02-20,Bologna,1549.37023926
1978-02-27,Bologna,1542.75549316
1978-03-02,Bologna,1545.85888672
1978-03-06,Bologna,1525.33105469
1978-03-13,Bologna,1522.68566895
1978-03-16,Bologna,1518.15319824
1978-03-20,Bologna,1517.53796387
1978-03-27,Bologna,1521.96496582
1978-03-30,Bologna,1522.40368652
1978-04-03,Bologna,1526.66918945
1978-04-10,Bologna,1533.5534668
1978-04-13,Bologna,1526.9642334
1978-04-17,Bologna,1530.63452148
1978-04-24,Bologna,1533.19592285
1978-05-01,Bologna,1531.03894043
1978-05-08,Bologna,1542.23779297
1978-09-14,Bologna,1531.5513916
1978-09-28,Bologna,1511.92089844
1978-10-02,Bologna,1503.19970703
1978-10-09,Bologna,1506.70239258
1978-10-16,Bologna,1518.32653809
1978-10-19,Bologna,1522.34692383
1978-10-23,Bologna,1514.32775879
1978-10-26,Bologna,1514.38879395
1978-10-30,Bologna,1516.62670898
1978-11-02,Bologna,1520.87487793
1978-11-06,Bologna,1516.07958984
1978-11-13,Bologna,1510.1776123
1978-11-20,Bologna,1512.2052002
1978-11-23,Bologna,1510.0411377
1978-11-27,Bologna,1505.51123047
1978-12-04,Bologna,1499.19458008
1978-12-07,Bologna,1497.39672852
1978-12-11,Bologna,1492.09570312
1978-12-18,Bologna,1490.49560547
1979-01-08,Bologna,1487.0802002
1979-01-15,Bologna,1480.41369629
1979-01-22,Bologna,1475.75561523
1979-01-29,Bologna,1482.41333008
1979-02-05,Bologna,1479.89221191
1979-02-12,Bologna,1484.6151123
1979-02-19,Bologna,1473.77404785
1979-03-05,Bologna,1481.39501953
1979-03-08,Bologna,1479.04077148
1979-03-12,Bologna,1476.60778809
1979-03-19,Bologna,1478.83154297
1979-03-22,Bologna,1477.08129883
1979-03-26,Bologna,1482.16748047
1979-04-02,Bologna,1485.59643555
1979-04-09,Bologna,1489.58874512
1979-04-15,Bologna,1495.44836426
1979-04-23,Bologna,1491.03344727
1979-04-30,Bologna,1492.08325195
1979-05-07,Bologna,1499.0357666
1979-05-14,Bologna,1498.87097168
1979-09-17,Bologna,1505.58605957
1979-09-20,Bologna,1524.19421387
1979-09-24,Bologna,1523.94689941
1979-10-01,Bologna,1535.05810547
1979-10-04,Bologna,1529.62451172
1979-10-05,Bologna,1530.78173828
1979-10-08,Bologna,1522.53417969
1979-10-15,Bologna,1514.97583008
1979-10-22,Bologna,1521.58911133
1979-10-25,Bologna,1527.63635254
1979-10-29,Bologna,1518.96484375
1979-11-02,Bologna,1488.21972656
1979-11-05,Bologna,1476.86730957
1979-11-08,Bologna,1480.69274902
1979-11-12,Bologna,1489.6875
1979-11-26,Bologna,1490.1998291
1979-12-03,Bologna,1496.15161133
1979-12-10,Bologna,1489.50061035
1979-12-17,Bologna,1504.34533691
1979-12-31,Bologna,1502.70251465
1980-01-07,Bologna,1507.89172363
1980-01-14,Bologna,1508.30175781
1980-01-21,Bologna,1512.40515137
1980-01-28,Bologna,1509.9387207
1980-02-04,Bologna,1515.60632324
1980-02-11,Bologna,1521.02990723
1980-02-25,Bologna,1524.40319824
1980-03-03,Bologna,1521.70117188
1980-03-06,Bologna,1523.7935791
1980-03-10,Bologna,1516.27087402
1980-03-20,Bologna,1520.37878418
1980-03-24,Bologna,1521.44628906
1980-03-31,Bologna,1515.91479492
1980-04-06,Bologna,1526.62121582
1980-04-10,Bologna,1531.25048828
1980-04-14,Bologna,1523.20800781
1980-04-24,Bologna,1514.34069824
1980-04-28,Bologna,1518.3392334
1980-05-05,Bologna,1521.95715332
1980-05-12,Bologna,1513.10693359
1980-09-15,Bologna,1519.95898438
1980-09-18,Bologna,1544.74902344
1980-09-22,Bologna,1547.86804199
1980-09-29,Bologna,1545.94946289
1980-10-02,Bologna,1534.1776123
1980-10-06,Bologna,1548.63769531
1980-10-20,Bologna,1553.57568359
1980-10-23,Bologna,1561.88952637
1980-10-27,Bologna,1561.39331055
1980-11-06,Bologna,1565.11157227
1980-11-10,Bologna,1551.01733398
1980-11-24,Bologna,1548.22705078
1980-11-27,Bologna,1548.1854248
1980-12-01,Bologna,1544.9909668
1980-12-11,Bologna,1544.80285645
1980-12-15,Bologna,1547.80432129
1980-12-22,Bologna,1554.12866211
1980-12-29,Bologna,1567.94885254
1981-01-19,Bologna,1562.89099121
1981-01-26,Bologna,1552.92614746
1981-02-02,Bologna,1547.26269531
1981-02-09,Bologna,1550.14074707
1981-02-16,Bologna,1560.77453613
1981-02-23,Bologna,1564.64440918
1981-03-02,Bologna,1548.53833008
1981-03-05,Bologna,1545.28234863
1981-03-09,Bologna,1557.00708008
1981-03-16,Bologna,1560.86291504
1981-03-19,Bologna,1571.90209961
1981-03-23,Bologna,1571.60375977
1981-03-30,Bologna,1566.66638184
1981-04-05,Bologna,1575.07385254
1981-04-09,Bologna,1572.68029785
1981-04-13,Bologna,1577.40539551
1981-04-23,Bologna,1576.97521973
1981-04-27,Bologna,1571.18469238
1981-05-04,Bologna,1577.13659668
1981-05-11,Bologna,1578.33093262
1981-05-18,Bologna,1574.06152344
1981-05-25,Bologna,1565.04150391
1981-09-14,Bologna,1561.28149414
1981-09-17,Bologna,1556.9317627
1981-09-21,Bologna,1551.50378418
1981-09-28,Bologna,1547.59802246
1981-10-01,Bologna,1553.79675293
1981-10-05,Bologna,1553.83789062
1981-10-12,Bologna,1551.60559082
1981-10-22,Bologna,1538.79785156
1981-10-26,Bologna,1549.20788574
1981-11-02,Bologna,1544.3828125
1981-11-05,Bologna,1534.07714844
1981-11-09,Bologna,1528.86889648
1981-11-23,Bologna,1525.4765625
1981-11-30,Bologna,1523.61755371
1981-12-14,Bologna,1510.13623047
1981-12-21,Bologna,1512.10754395
1982-01-04,Bologna,1508.04528809
1982-01-11,Bologna,1504.79309082
1982-01-18,Bologna,1510.21264648
1982-01-25,Bologna,1513.31176758
1982-02-01,Bologna,1510.79614258
1982-02-08,Bologna,1505.17211914
1982-02-15,Bologna,1508.65625
1982-03-01,Bologna,1502.67700195
1982-03-08,Bologna,1508.9185791
1982-03-15,Bologna,1497.71899414
1982-03-22,Bologna,1509.20056152
1982-03-29,Bologna,1512.44824219
1982-04-05,Bologna,1506.70336914
1982-04-19,Bologna,1503.54992676
1982-04-26,Bologna,1487.18115234
1982-05-03,Bologna,1480.64038086
1982-05-10,Bologna,1492.77697754
1982-05-17,Bologna,1487.88684082
1982-07-05,Bologna,1487.88684082
1982-09-13,Bologna,1488.30859375
1982-09-16,Bologna,1497.44250488
1982-09-20,Bologna,1483.5534668
1982-09-27,Bologna,1482.44177246
1982-09-30,Bologna,1485.9798584
1982-10-04,Bologna,1467.71582031
1982-10-11,Bologna,1469.49511719
1982-10-18,Bologna,1474.31176758
1982-10-21,Bologna,1474.73571777
1982-10-25,Bologna,1464.46374512
1982-11-01,Bologna,1468.09399414
1982-11-04,Bologna,1475.5447998
1982-11-08,Bologna,1465.11987305
1982-11-15,Bologna,1460.10070801
1982-11-22,Bologna,1468.95617676
1982-11-25,Bologna,1469.42785645
1982-11-29,Bologna,1469.15075684
1982-12-06,Bologna,1463.97412109
1982-12-09,Bologna,1474.18212891
1982-12-13,Bologna,1466.58203125
1982-12-20,Bologna,1462.40966797
1983-01-03,Bologna,1469.16723633
1983-01-10,Bologna,1469.0177002
1983-01-17,Bologna,1464.91870117
1983-01-24,Bologna,1456.33557129
1983-01-31,Bologna,1461.45349121
1983-02-14,Bologna,1447.46960449
1983-02-21,Bologna,1442.24987793
1983-02-28,Bologna,1433.62255859
1983-03-03,Bologna,1432.07385254
1983-03-07,Bologna,1439.97619629
1983-03-14,Bologna,1443.79003906
1983-03-17,Bologna,1446.4609375
1983-03-21,Bologna,1435.12072754
1983-03-28,Bologna,1428.26379395
1983-04-03,Bologna,1417.61999512
1983-04-07,Bologna,1419.22290039
1983-04-11,Bologna,1413.14440918
1983-04-18,Bologna,1417.98657227
1983-04-21,Bologna,1419.18249512
1983-04-25,Bologna,1414.78295898
1983-05-02,Bologna,1409.11987305
1983-05-09,Bologna,1405.10656738
1983-05-16,Bologna,1400.45288086
1983-05-23,Bologna,1416.03527832
1983-05-26,Bologna,1413.35449219
1983-05-30,Bologna,1417.69189453
1983-06-06,Bologna,1407.82006836
1983-06-13,Bologna,1404.69104004
1984-07-01,Bologna,1418.98937988
1984-09-17,Bologna,1413.20690918
1984-09-20,Bologna,1414.03088379
1984-09-21,Bologna,1412.24450684
1984-09-24,Bologna,1411.83740234
1984-10-01,Bologna,1415.75378418
1984-10-04,Bologna,1423.46398926
1984-10-08,Bologna,1428.91381836
1984-10-15,Bologna,1432.16247559
1984-10-22,Bologna,1437.68432617
1984-10-25,Bologna,1444.25708008
1984-10-29,Bologna,1449.12854004
1984-11-05,Bologna,1444.44824219
1984-11-08,Bologna,1441.42382812
1984-11-12,Bologna,1445.23217773
1984-11-19,Bologna,1452.45129395
1984-11-26,Bologna,1447.85253906
1984-11-29,Bologna,1448.44543457
1984-12-03,Bologna,1439.38745117
1984-12-10,Bologna,1444.34020996
1984-12-13,Bologna,1448.93652344
1984-12-17,Bologna,1452.87512207
1984-12-24,Bologna,1459.22790527
1985-01-07,Bologna,1447.86560059
1985-01-14,Bologna,1442.46643066
1985-01-21,Bologna,1447.89953613
1985-01-28,Bologna,1451.74194336
1985-02-04,Bologna,1459.10900879
1985-02-18,Bologna,1453.66821289
1985-02-25,Bologna,1458.10131836
1985-03-04,Bologna,1449.39453125
1985-03-07,Bologna,1450.44177246
1985-03-11,Bologna,1446.10595703
1985-03-18,Bologna,1442.16748047
1985-03-21,Bologna,1447.18908691
1985-03-25,Bologna,1438.01867676
1985-04-01,Bologna,1432.14367676
1985-04-07,Bologna,1428.47924805
1985-04-11,Bologna,1436.78356934
1985-04-15,Bologna,1441.1328125
1985-04-22,Bologna,1437.63696289
1985-04-25,Bologna,1425.37536621
1985-04-29,Bologna,1431.52001953
1985-05-06,Bologna,1430.68688965
1985-05-13,Bologna,1438.84289551
1985-05-20,Bologna,1440.49121094
1985-05-27,Bologna,1434.36914062
1985-05-30,Bologna,1439.88525391
1985-06-03,Bologna,1436.69165039
1985-06-10,Bologna,1448.74926758
1985-06-17,Bologna,1445.61804199
1985-09-09,Bologna,1440.96350098
1985-09-16,Bologna,1447.30456543
1985-09-19,Bologna,1445.95910645
1985-09-23,Bologna,1442.42163086
1985-09-30,Bologna,1437.60107422
1985-10-03,Bologna,1452.5201416
1985-10-07,Bologna,1458.43103027
1985-10-14,Bologna,1461.88244629
1985-10-21,Bologna,1456.60546875
1985-10-24,Bologna,1449.46057129
1985-10-28,Bologna,1454.41247559
1985-11-04,Bologna,1449.96472168
1985-11-07,Bologna,1447.34924316
1985-11-11,Bologna,1453.36938477
1985-11-18,Bologna,1458.55114746
1985-11-25,Bologna,1463.72106934
1985-11-28,Bologna,1463.20227051
1985-12-02,Bologna,1458.96655273
1985-12-09,Bologna,1476.8572998
1985-12-12,Bologna,1472.5612793
1985-12-16,Bologna,1459.80334473
1985-12-23,Bologna,1457.43481445
1986-01-06,Bologna,1455.45153809
1986-01-13,Bologna,1449.33789062
1986-01-20,Bologna,1456.21154785
1986-01-27,Bologna,1452.18994141
1986-02-03,Bologna,1456.72998047
1986-02-10,Bologna,1452.02685547
1986-02-17,Bologna,1449.35888672
1986-02-24,Bologna,1462.33398438
1986-03-03,Bologna,1466.09729004
1986-03-06,Bologna,1470.92346191
1986-03-10,Bologna,1476.77270508
1986-03-17,Bologna,1468.50732422
1986-03-20,Bologna,1465.73779297
1986-03-30,Bologna,1463.47973633
1986-04-03,Bologna,1467.6385498
1986-04-07,Bologna,1471.97363281
1986-04-14,Bologna,1478.39123535
1986-04-17,Bologna,1470.32543945
1986-04-28,Bologna,1473.60754395
1986-05-05,Bologna,1467.39794922
1986-05-12,Bologna,1471.87719727
1986-05-19,Bologna,1466.16015625
1986-05-26,Bologna,1482.57165527
1986-06-02,Bologna,1495.26074219
1986-06-09,Bologna,1503.29724121
1986-06-16,Bologna,1496.83435059
1986-09-15,Bologna,1484.04956055
1986-09-18,Bologna,1498.04833984
1986-09-22,Bologna,1501.10998535
1986-09-29,Bologna,1498.04455566
1986-10-02,Bologna,1487.87084961
1986-10-03,Bologna,1484.75
1986-10-06,Bologna,1478.80603027
1986-10-13,Bologna,1485.73413086
1986-10-20,Bologna,1483.48657227
1986-10-23,Bologna,1485.67260742
1986-10-27,Bologna,1489.51464844
1986-11-03,Bologna,1485.79516602
1986-11-06,Bologna,1489.71032715
1986-11-10,Bologna,1484.79699707
1986-11-17,Bologna,1480.99182129
1986-11-24,Bologna,1485.39453125
1986-11-27,Bologna,1487.65588379
1986-12-01,Bologna,1482.95422363
1986-12-08,Bologna,1486.10827637
1986-12-11,Bologna,1493.41967773
1986-12-12,Bologna,1492.92529297
1986-12-15,Bologna,1490.78149414
1986-12-22,Bologna,1501.73754883
1987-01-05,Bologna,1502.78076172
1987-01-12,Bologna,1490.92578125
1987-01-19,Bologna,1485.81359863
1987-01-26,Bologna,1493.29675293
1987-02-09,Bologna,1511.98449707
1987-02-16,Bologna,1506.80310059
1987-03-02,Bologna,1510.99829102
1987-03-05,Bologna,1509.20336914
1987-03-09,Bologna,1514.37194824
1987-03-16,Bologna,1510.06591797
1987-03-19,Bologna,1499.43688965
1987-03-23,Bologna,1502.22460938
1987-03-30,Bologna,1498.15527344
1987-04-06,Bologna,1489.59509277
1987-04-13,Bologna,1473.15258789
1987-04-20,Bologna,1468.17797852
1987-04-27,Bologna,1465.63354492
1987-05-04,Bologna,1458.89941406
1987-05-11,Bologna,1466.13708496
1987-05-18,Bologna,1479.89672852
1987-05-25,Bologna,1485.41357422
1987-06-01,Bologna,1489.0847168
1987-06-08,Bologna,1484.50793457
1987-06-15,Bologna,1490.2467041
1987-06-22,Bologna,1483.43933105
1987-09-14,Bologna,1476.4486084
1987-09-17,Bologna,1473.05639648
1987-09-21,Bologna,1480.35888672
1987-09-28,Bologna,1484.18005371
1987-10-01,Bologna,1499.6340332
1987-10-05,Bologna,1504.54077148
1987-10-12,Bologna,1510.20739746
1987-10-19,Bologna,1521.96105957
1987-10-22,Bologna,1506.1619873
1987-10-26,Bologna,1511.27050781
1987-11-02,Bologna,1505.70874023
1987-11-04,Bologna,1510.41345215
1987-11-05,Bologna,1510.63452148
1987-11-09,Bologna,1520.92810059
1987-11-16,Bologna,1523.41308594
1987-11-23,Bologna,1519.59521484
1987-11-26,Bologna,1517.05773926
1987-11-30,Bologna,1517.41931152
1987-12-07,Bologna,1522.38916016
1987-12-10,Bologna,1521.99597168
1987-12-14,Bologna,1513.94604492
1987-12-21,Bologna,1517.76037598
1988-01-04,Bologna,1519.36743164
1988-01-11,Bologna,1534.34814453
1988-01-18,Bologna,1543.63000488
1988-01-25,Bologna,1545.83117676
1988-02-08,Bologna,1533.39245605
1988-02-15,Bologna,1536.7689209
1988-02-22,Bologna,1543.05383301
1988-03-02,Bologna,1547.32397461
1988-03-03,Bologna,1543.86694336
1988-03-07,Bologna,1539.41101074
1988-03-14,Bologna,1540.8347168
1988-03-16,Bologna,1544.23168945
1988-03-17,Bologna,1544.80310059
1988-03-21,Bologna,1550.92578125
1988-03-28,Bologna,1552.39099121
1988-04-03,Bologna,1567.74072266
1988-04-07,Bologna,1568.02636719
1988-04-11,Bologna,1562.32592773
1988-04-18,Bologna,1566.24780273
1988-04-21,Bologna,1561.02099609
1988-04-25,Bologna,1555.0690918
1988-05-02,Bologna,1559.16577148
1988-05-09,Bologna,1561.78405762
1988-05-16,Bologna,1566.39257812
1988-05-23,Bologna,1577.68188477
1988-05-30,Bologna,1570.5703125
1988-06-06,Bologna,1574.64294434
1988-06-13,Bologna,1567.39758301
1988-06-20,Bologna,1567.22412109
1988-07-04,Bologna,1567.22412109
1988-09-08,Bologna,1559.63122559
1988-10-06,Bologna,1563.06176758
1988-10-07,Bologna,1566.9855957
1988-10-10,Bologna,1583.26696777
1988-10-12,Bologna,1597.37414551
1988-10-17,Bologna,1589.74316406
1988-10-24,Bologna,1584.69299316
1988-10-27,Bologna,1589.49255371
1988-10-31,Bologna,1582.68823242
1988-11-07,Bologna,1576.41748047
1988-11-10,Bologna,1584.05334473
1988-11-11,Bologna,1584.64147949
1988-11-21,Bologna,1580.98571777
1988-11-24,Bologna,1594.67529297
1988-11-28,Bologna,1591.88659668
1988-12-05,Bologna,1583.48364258
1988-12-08,Bologna,1560.97460938
1988-12-12,Bologna,1572.20532227
1988-12-19,Bologna,1570.09472656
1989-01-01,Bologna,1575.43005371
1989-01-09,Bologna,1573.55688477
1989-01-16,Bologna,1579.21374512
1989-01-23,Bologna,1576.94787598
1989-01-30,Bologna,1568.84350586
1989-02-06,Bologna,1576.26965332
1989-02-13,Bologna,1583.64501953
1989-02-20,Bologna,1589.12133789
1989-02-27,Bologna,1594.3416748
1989-03-02,Bologna,1599.70031738
1989-03-06,Bologna,1604.98864746
1989-03-13,Bologna,1603.11535645
1989-03-16,Bologna,1606.71044922
1989-03-17,Bologna,1606.71044922
1989-03-19,Bologna,1606.71044922
1989-03-20,Bologna,1602.85107422
1989-03-26,Bologna,1602.85107422
1989-03-27,Bologna,1602.85107422
1989-03-31,Bologna,1602.85107422
1989-04-01,Bologna,1602.85107422
1989-04-02,Bologna,1602.85107422
1989-04-03,Bologna,1604.6451416
1989-04-05,Bologna,1604.6451416
1989-04-06,Bologna,1612.38354492
1989-04-09,Bologna,1612.38354492
1989-04-10,Bologna,1615.07983398
1989-04-17,Bologna,1610.8013916
1989-04-19,Bologna,1610.8013916
1989-04-20,Bologna,1635.1607666
1989-04-30,Bologna,1635.1607666
1989-05-01,Bologna,1639.35925293
1989-05-03,Bologna,1639.35925293
1989-05-04,Bologna,1638.43200684
1989-05-08,Bologna,1642.01086426
1989-05-11,Bologna,1637.13793945
1989-05-13,Bologna,1637.13793945
1989-05-14,Bologna,1637.13793945
1989-05-15,Bologna,1631.28405762
1989-05-16,Bologna,1631.28405762
1989-05-18,Bologna,1634.70629883
1989-05-19,Bologna,1634.70629883
1989-05-22,Bologna,1622.47705078
1989-05-25,Bologna,1629.97363281
1989-05-26,Bologna,1629.97363281
1989-05-29,Bologna,1633.98803711
1989-06-05,Bologna,1638.3572998
1989-06-11,Bologna,1638.3572998
1989-06-12,Bologna,1643.10693359
1989-06-19,Bologna,1647.95031738
1989-06-23,Bologna,1647.95031738
1989-06-26,Bologna,1640.18188477
1989-07-22,Bologna,1640.18188477
1989-08-09,Bologna,1640.18188477
1989-08-10,Bologna,1640.18188477
1989-08-11,Bologna,1640.18188477
1989-08-14,Bologna,1640.18188477
1989-08-20,Bologna,1640.18188477
1989-08-21,Bologna,1640.18188477
1989-08-23,Bologna,1640.18188477
1989-08-28,Bologna,1647.01391602
1989-08-31,Bologna,1647.01391602
1989-09-04,Bologna,1650.57836914
1989-09-07,Bologna,1652.3425293
1989-09-09,Bologna,1652.3425293
1989-09-10,Bologna,1652.3425293
1989-09-11,Bologna,1658.98571777
1989-09-13,Bologna,1660.18188477
1989-09-14,Bologna,1656.78112793
1989-09-15,Bologna,1656.99304199
1989-09-16,Bologna,1656.99304199
1989-09-18,Bologna,1659.57397461
1989-09-20,Bologna,1659.57397461
1989-09-25,Bologna,1664.01660156
1989-09-27,Bologna,1664.01403809
1989-09-28,Bologna,1649.00646973
1989-09-29,Bologna,1649.00646973
1989-10-01,Bologna,1649.00646973
1989-10-02,Bologna,1643.29699707
1989-10-04,Bologna,1643.29699707
1989-10-08,Bologna,1643.29699707
1989-10-09,Bologna,1646.74230957
1989-10-18,Bologna,1649.24279785
1989-10-19,Bologna,1652.38574219
1989-10-22,Bologna,1652.38574219
1989-10-23,Bologna,1642.58508301
1989-10-29,Bologna,1642.58508301
1989-10-30,Bologna,1640.05358887
1989-11-01,Bologna,1640.05358887
1989-11-02,Bologna,1649.96899414
1989-11-05,Bologna,1649.96899414
1989-11-06,Bologna,1662.48510742
1989-11-18,Bologna,1662.48510742
1989-11-19,Bologna,1662.48510742
1989-11-20,Bologna,1666.58325195
1989-11-23,Bologna,1659.52709961
1989-11-26,Bologna,1659.52709961
1989-11-27,Bologna,1654.82922363
1989-12-03,Bologna,1654.82922363
1989-12-04,Bologna,1653.31091309
1989-12-07,Bologna,1652.76989746
1989-12-11,Bologna,1658.18579102
1989-12-14,Bologna,1658.18579102
1989-12-17,Bologna,1658.18579102
1989-12-18,Bologna,1654.96191406
1989-12-30,Bologna,1654.96191406
1989-12-31,Bologna,1653.99243164
1990-01-02,Bologna,1653.99243164
1990-01-08,Bologna,1654.7668457
1990-01-15,Bologna,1651.2322998
1990-01-18,Bologna,1646.24951172
1990-01-22,Bologna,1649.15490723
1990-01-28,Bologna,1649.15490723
1990-01-29,Bologna,1654.12487793
1990-02-05,Bologna,1656.21972656
1990-02-12,Bologna,1648.71838379
1990-02-18,Bologna,1648.71838379
1990-02-19,Bologna,1653.32470703
1990-02-20,Bologna,1653.32470703
1990-02-25,Bologna,1653.32470703
1990-02-26,Bologna,1650.06164551
1990-03-04,Bologna,1650.06164551
1990-03-05,Bologna,1654.39941406
1990-03-08,Bologna,1662.29980469
1990-03-11,Bologna,1662.29980469
1990-03-12,Bologna,1668.14550781
1990-03-18,Bologna,1668.14550781
1990-03-19,Bologna,1661.85803223
1990-03-22,Bologna,1666.22790527
1990-03-23,Bologna,1666.94787598
1990-03-25,Bologna,1666.94787598
1990-03-26,Bologna,1676.11889648
1990-04-04,Bologna,1681.66149902
1990-04-05,Bologna,1682.14160156
1990-04-06,Bologna,1682.14160156
1990-04-08,Bologna,1682.14160156
1990-04-09,Bologna,1685.98828125
1990-04-13,Bologna,1685.98828125
1990-04-15,Bologna,1679.37719727
1990-04-17,Bologna,1679.37719727
1990-04-18,Bologna,1680.63000488
1990-04-19,Bologna,1689.27539062
1990-04-22,Bologna,1689.27539062
1990-04-23,Bologna,1679.80969238
1990-04-26,Bologna,1679.80969238
1990-04-29,Bologna,1679.80969238
1990-04-30,Bologna,1685.02941895
1990-05-02,Bologna,1685.02941895
1990-05-06,Bologna,1685.02941895
1990-05-10,Bologna,1689.54321289
1990-05-13,Bologna,1689.54321289
1990-05-14,Bologna,1689.54321289
1990-05-21,Bologna,1689.54321289
1990-05-24,Bologna,1691.40222168
1990-07-17,Bologna,1691.40222168
1990-08-09,Bologna,1691.40222168
1990-09-02,Bologna,1691.40222168
1990-09-09,Bologna,1691.40222168
1990-09-10,Bologna,1680.1427002
1990-09-17,Bologna,1678.08654785
1990-09-19,Bologna,1678.08654785
1990-09-20,Bologna,1680.03662109
1990-09-23,Bologna,1680.03662109
1990-09-24,Bologna,1677.52770996
1990-09-29,Bologna,1677.52770996
1990-09-30,Bologna,1677.52770996
1990-10-01,Bologna,1683.68212891
1990-10-04,Bologna,1700.28735352
1990-10-08,Bologna,1692.53845215
1990-10-15,Bologna,1692.53845215
1990-10-20,Bologna,1692.53845215
1990-10-21,Bologna,1692.53845215
1990-10-22,Bologna,1681.19628906
1990-10-25,Bologna,1663.73071289
1990-10-28,Bologna,1663.73071289
1990-10-29,Bologna,1667.06433105
1990-11-04,Bologna,1667.06433105
1990-11-08,Bologna,1702.52233887
1990-11-11,Bologna,1702.52233887
1990-11-12,Bologna,1696.6697998
1990-11-18,Bologna,1696.6697998
1990-11-19,Bologna,1706.35668945
1990-11-25,Bologna,1706.35668945
1990-11-26,Bologna,1700.41333008
1990-11-29,Bologna,1681.82995605
1990-12-02,Bologna,1681.82995605
1990-12-03,Bologna,1680.71008301
1990-12-08,Bologna,1680.71008301
1990-12-09,Bologna,1680.71008301
1990-12-10,Bologna,1684.5994873
1990-12-13,Bologna,1702.92102051
1990-12-17,Bologna,1699.65441895
1990-12-24,Bologna,1699.65441895
1990-12-31,Bologna,1695.38879395
1991-01-02,Bologna,1695.38879395
1991-01-03,Bologna,1695.38879395
1991-01-06,Bologna,1695.38879395
1991-01-07,Bologna,1699.89355469
1991-01-13,Bologna,1699.89355469
1991-01-14,Bologna,1701.25134277
1991-01-20,Bologna,1701.25134277
1991-01-21,Bologna,1710.37780762
1991-01-28,Bologna,1713.39575195
1991-02-03,Bologna,1713.39575195
1991-02-04,Bologna,1715.84606934
1991-02-11,Bologna,1704.81787109
1991-02-18,Bologna,1698.01501465
1991-02-25,Bologna,1687.98461914
1991-02-27,Bologna,1687.98461914
1991-03-04,Bologna,1681.84008789
1991-03-07,Bologna,1673.93395996
1991-03-11,Bologna,1658.82421875
1991-03-14,Bologna,1658.82421875
1991-03-18,Bologna,1666.29650879
1991-03-20,Bologna,1666.29650879
1991-03-21,Bologna,1644.28210449
1991-03-24,Bologna,1644.28210449
1991-03-25,Bologna,1636.12109375
1991-03-31,Bologna,1629.71484375
1991-04-01,Bologna,1629.71484375
1991-04-07,Bologna,1629.71484375
1991-04-08,Bologna,1624.27075195
1991-04-11,Bologna,1622.44677734
1991-04-13,Bologna,1622.44677734
1991-04-14,Bologna,1622.44677734
1991-04-15,Bologna,1610.32043457
1991-04-17,Bologna,1610.32043457
1991-04-20,Bologna,1610.32043457
1991-04-21,Bologna,1610.32043457
1991-04-22,Bologna,1627.62683105
1991-04-25,Bologna,1628.61767578
1991-04-28,Bologna,1628.61767578
1991-05-06,Bologna,1628.44604492
1991-05-11,Bologna,1628.44604492
1991-05-13,Bologna,1625.88098145
1991-05-19,Bologna,1625.88098145
1991-05-20,Bologna,1615.73046875
1991-05-26,Bologna,1615.73046875
1991-05-27,Bologna,1614.07116699
1991-06-03,Bologna,1614.07116699
1991-06-13,Bologna,1614.07116699
1991-06-16,Bologna,1614.07116699
1991-06-17,Bologna,1614.07116699
1991-07-02,Bologna,1614.07116699
1991-07-04,Bologna,1614.07116699
1991-07-21,Bologna,1614.07116699
1991-08-04,Bologna,1614.07116699
1991-08-10,Bologna,1614.07116699
1991-08-11,Bologna,1614.07116699
1991-08-15,Bologna,1614.07116699
1991-08-21,Bologna,1614.07116699
1991-08-25,Bologna,1614.07116699
1991-08-29,Bologna,1614.07116699
1991-08-31,Bologna,1614.07116699
1991-09-01,Bologna,1614.07116699
1991-09-02,Bologna,1618.17529297
1991-09-08,Bologna,1618.17529297
1991-09-09,Bologna,1619.25134277
1991-09-12,Bologna,1619.25134277
1991-09-15,Bologna,1619.25134277
1991-09-16,Bologna,1613.96118164
1991-09-19,Bologna,1615.4440918
1991-09-20,Bologna,1614.09729004
1991-09-21,Bologna,1614.09729004
1991-09-23,Bologna,1607.72424316
1991-09-30,Bologna,1613.68920898
1991-10-02,Bologna,1612.62536621
1991-10-03,Bologna,1597.19116211
1991-10-04,Bologna,1601.24377441
1991-10-06,Bologna,1601.24377441
1991-10-07,Bologna,1595.97521973
1991-10-14,Bologna,1604.71313477
1991-10-18,Bologna,1604.71313477
1991-10-21,Bologna,1612.52514648
1991-10-23,Bologna,1612.52514648
1991-10-24,Bologna,1613.12817383
1991-10-25,Bologna,1614.25134277
1991-10-26,Bologna,1614.25134277
1991-10-28,Bologna,1608.57189941
1991-11-01,Bologna,1608.57189941
1991-11-04,Bologna,1601.40478516
1991-11-07,Bologna,1604.66064453
1991-11-08,Bologna,1604.66064453
1991-11-11,Bologna,1588.97619629
1991-11-18,Bologna,1580.35424805
1991-11-25,Bologna,1578.16125488
1991-11-28,Bologna,1583.29309082
1991-12-02,Bologna,1587.11230469
1991-12-09,Bologna,1585.38513184
1991-12-12,Bologna,1585.37158203
1991-12-16,Bologna,1578.83276367
1991-12-23,Bologna,1574.01586914
1992-01-13,Bologna,1590.85119629
1992-01-20,Bologna,1577.54284668
1992-01-27,Bologna,1588.59191895
1992-02-03,Bologna,1592.79187012
1992-02-10,Bologna,1602.81164551
1992-02-17,Bologna,1608.74243164
1992-02-24,Bologna,1601.9239502
1992-03-02,Bologna,1607.41540527
1992-03-04,Bologna,1607.41540527
1992-03-05,Bologna,1608.66845703
1992-03-07,Bologna,1608.66845703
1992-03-08,Bologna,1608.66845703
1992-03-09,Bologna,1608.66845703
1992-03-15,Bologna,1608.66845703
1992-03-16,Bologna,1614.39807129
1992-03-19,Bologna,1616.6171875
1992-03-20,Bologna,1616.79150391
1992-03-22,Bologna,1616.79150391
1992-03-23,Bologna,1618.84082031
1992-03-29,Bologna,1618.84082031
1992-03-30,Bologna,1611.08935547
1992-04-02,Bologna,1611.57897949
1992-04-04,Bologna,1611.57897949
1992-04-05,Bologna,1611.57897949
1992-04-06,Bologna,1606.38806152
1992-04-12,Bologna,1606.38806152
1992-04-13,Bologna,1609.06213379
1992-04-15,Bologna,1609.06213379
1992-04-16,Bologna,1611.28833008
1992-04-19,Bologna,1618.33569336
1992-04-20,Bologna,1618.33569336
1992-04-21,Bologna,1618.33569336
1992-04-26,Bologna,1618.33569336
1992-04-30,Bologna,1615.27294922
1992-05-02,Bologna,1615.27294922
1992-05-03,Bologna,1615.27294922
1992-05-04,Bologna,1603.29431152
1992-05-06,Bologna,1603.29431152
1992-05-07,Bologna,1603.29431152
1992-05-08,Bologna,1603.29431152
1992-05-10,Bologna,1603.29431152
1992-05-11,Bologna,1592.56237793
1992-05-14,Bologna,1592.22338867
1992-05-18,Bologna,1586.16552734
1992-05-21,Bologna,1582.44909668
1992-05-25,Bologna,1578.75280762
1992-06-01,Bologna,1572.00061035
1992-06-08,Bologna,1570.09216309
1992-06-15,Bologna,1563.6229248
1992-09-07,Bologna,1560.2722168
1992-09-14,Bologna,1563.26367188
1992-09-17,Bologna,1569.69250488
1992-09-21,Bologna,1582.80761719
1992-09-28,Bologna,1567.30480957
1992-09-30,Bologna,1567.31213379
1992-10-01,Bologna,1568.38464355
1992-10-02,Bologna,1568.82763672
1992-10-05,Bologna,1558.54541016
1992-10-12,Bologna,1553.96691895
1992-10-19,Bologna,1569.97070312
1992-10-21,Bologna,1571.18212891
1992-10-22,Bologna,1561.96691895
1992-10-23,Bologna,1555.79003906
1992-10-26,Bologna,1543.38745117
1992-11-02,Bologna,1555.74157715
1992-11-04,Bologna,1555.66796875
1992-11-05,Bologna,1560.43261719
1992-11-06,Bologna,1557.86645508
1992-11-09,Bologna,1564.22558594
1992-11-16,Bologna,1558.58349609
1992-11-23,Bologna,1547.5045166
1992-11-26,Bologna,1549.86462402
1992-11-30,Bologna,1557.5559082
1992-12-07,Bologna,1552.88952637
1992-12-10,Bologna,1556.12097168
1992-12-11,Bologna,1557.34069824
1992-12-14,Bologna,1556.98254395
1992-12-21,Bologna,1550.78540039
1993-01-04,Bologna,1558.22460938
1993-01-11,Bologna,1550.98754883
1993-01-18,Bologna,1546.89453125
1993-01-25,Bologna,1542.2265625
1993-02-01,Bologna,1525.8729248
1993-02-08,Bologna,1529.29040527
1993-02-22,Bologna,1520.3404541
1993-03-01,Bologna,1520.64428711
1993-03-03,Bologna,1521.30627441
1993-03-04,Bologna,1524.96191406
1993-03-05,Bologna,1523.83935547
1993-03-08,Bologna,1527.24523926
1993-03-15,Bologna,1517.84216309
1993-03-17,Bologna,1522.8482666
1993-03-18,Bologna,1527.65881348
1993-03-19,Bologna,1521.55895996
1993-03-22,Bologna,1524.76416016
1993-04-05,Bologna,1523.15551758
1993-04-07,Bologna,1526.2833252
1993-04-08,Bologna,1527.25195312
1993-04-11,Bologna,1523.2010498
1993-04-19,Bologna,1514.75524902
1993-04-22,Bologna,1515.25292969
1993-04-23,Bologna,1517.47668457
1993-04-26,Bologna,1513.0090332
1993-05-03,Bologna,1506.82434082
1993-05-06,Bologna,1510.61877441
1993-05-10,Bologna,1509.47583008
1993-05-13,Bologna,1511.4909668
1993-05-17,Bologna,1518.34643555
1993-05-20,Bologna,1518.81958008
1993-05-24,Bologna,1525.41870117
1993-05-27,Bologna,1520.72705078
1993-05-31,Bologna,1526.55969238
1993-06-07,Bologna,1518.29431152
1993-06-14,Bologna,1529.94287109
1995-07-01,Bologna,1530.3626709
1995-08-28,Bologna,1546.77111816
1995-09-04,Bologna,1553.04943848
1995-09-11,Bologna,1557.96496582
1995-09-13,Bologna,1558.27990723
1995-09-14,Bologna,1562.45947266
1995-09-15,Bologna,1562.4753418
1995-09-18,Bologna,1558.54150391
1995-09-25,Bologna,1562.45068359
1995-09-27,Bologna,1554.08203125
1995-09-28,Bologna,1554.85778809
1995-09-29,Bologna,1554.86096191
1995-10-02,Bologna,1560.29309082
1995-10-09,Bologna,1562.56054688
1995-10-16,Bologna,1568.22705078
1995-10-18,Bologna,1568.20544434
1995-10-19,Bologna,1568.61401367
1995-10-20,Bologna,1562.10437012
1995-10-23,Bologna,1556.19970703
1995-10-30,Bologna,1552.41967773
1995-11-01,Bologna,1540.64160156
1995-11-02,Bologna,1542.97412109
1995-11-03,Bologna,1549.65136719
1995-11-06,Bologna,1554.73303223
1995-11-13,Bologna,1550.50952148
1995-11-22,Bologna,1549.07873535
1995-11-23,Bologna,1544.30163574
1995-11-24,Bologna,1545.67663574
1995-11-27,Bologna,1544.07958984
1995-12-04,Bologna,1558.40808105
1995-12-06,Bologna,1560.86328125
1995-12-07,Bologna,1559.55004883
1995-12-08,Bologna,1559.8380127
1995-12-11,Bologna,1557.02600098
1995-12-18,Bologna,1551.1887207
1995-12-24,Bologna,1548.23400879
1996-01-08,Bologna,1551.10021973
1996-01-15,Bologna,1557.69677734
1996-01-22,Bologna,1562.67932129
1996-01-29,Bologna,1558.00854492
1996-02-05,Bologna,1555.22045898
1996-02-19,Bologna,1565.76635742
1996-02-26,Bologna,1562.63525391
1996-03-04,Bologna,1566.19604492
1996-03-06,Bologna,1560.56433105
1996-03-08,Bologna,1561.56628418
1996-03-11,Bologna,1556.45996094
1996-03-20,Bologna,1547.23669434
1996-03-21,Bologna,1550.81542969
1996-03-22,Bologna,1544.56713867
1996-03-25,Bologna,1538.88952637
1996-04-01,Bologna,1547.60009766
1996-04-04,Bologna,1549.34814453
1996-04-07,Bologna,1553.07763672
1996-04-15,Bologna,1560.54150391
1996-04-18,Bologna,1560.68383789
1996-04-22,Bologna,1558.56079102
1996-04-29,Bologna,1561.18664551
1996-05-06,Bologna,1566.94885254
1996-05-13,Bologna,1578.27783203
1996-05-20,Bologna,1585.08520508
1996-05-23,Bologna,1585.22094727
1996-05-27,Bologna,1596.14025879
1996-06-03,Bologna,1600.33129883
1996-06-10,Bologna,1618.09667969
1996-06-14,Bologna,1618.09667969
1996-06-18,Bologna,1618.09667969
1996-06-25,Bologna,1618.09667969
1996-06-30,Bologna,1618.09667969
1996-07-03,Bologna,1618.09667969
1996-08-03,Bologna,1618.09667969
1996-08-04,Bologna,1618.09667969
1996-08-07,Bologna,1618.09667969
1996-08-08,Bologna,1618.09667969
1996-08-12,Bologna,1618.09667969
1996-08-15,Bologna,1618.09667969
1996-08-18,Bologna,1618.09667969
1996-08-19,Bologna,1618.09667969
1996-08-20,Bologna,1618.09667969
1996-08-21,Bologna,1618.09667969
1996-08-25,Bologna,1618.09667969
1996-08-26,Bologna,1618.09667969
1996-09-04,Bologna,1618.09667969
1996-09-09,Bologna,1629.01477051
1996-09-11,Bologna,1635.82043457
1996-09-12,Bologna,1631.52172852
1996-09-13,Bologna,1631.38903809
1996-09-14,Bologna,1631.38903809
1996-09-15,Bologna,1631.38903809
1996-09-16,Bologna,1646.45007324
1996-09-21,Bologna,1646.45007324
1996-09-23,Bologna,1641.37145996
1996-09-24,Bologna,1641.37145996
1996-09-25,Bologna,1632.84570312
1996-09-26,Bologna,1637.08007812
1996-09-27,Bologna,1637.34777832
1996-09-29,Bologna,1637.34777832
1996-09-30,Bologna,1642.5838623
1996-10-06,Bologna,1642.5838623
1996-10-12,Bologna,1642.5838623
1996-10-13,Bologna,1642.5838623
1996-10-14,Bologna,1652.2388916
1996-10-16,Bologna,1645.71716309
1996-10-17,Bologna,1640.78369141
1996-10-18,Bologna,1640.61743164
1996-10-20,Bologna,1640.61743164
1996-10-21,Bologna,1629.04992676
1996-10-22,Bologna,1629.04992676
1996-10-24,Bologna,1629.04992676
1996-10-27,Bologna,1629.04992676
1996-10-28,Bologna,1625.60351562
1996-10-30,Bologna,1614.05981445
1996-10-31,Bologna,1616.84460449
1996-11-01,Bologna,1618.74694824
1996-11-04,Bologna,1628.39465332
1996-11-07,Bologna,1628.39465332
1996-11-16,Bologna,1628.39465332
1996-11-17,Bologna,1628.39465332
1996-11-18,Bologna,1642.96838379
1996-11-20,Bologna,1645.50317383
1996-11-21,Bologna,1646.98876953
1996-11-24,Bologna,1646.98876953
1996-11-25,Bologna,1654.69580078
1996-11-29,Bologna,1657.58068848
1996-12-01,Bologna,1657.58068848
1996-12-02,Bologna,1656.08410645
1996-12-04,Bologna,1656.76550293
1996-12-05,Bologna,1651.58728027
1996-12-09,Bologna,1648.75952148
1996-12-15,Bologna,1648.75952148
1996-12-16,Bologna,1652.91589355
1996-12-21,Bologna,1652.91589355
1996-12-23,Bologna,1648.58129883
1996-12-27,Bologna,1648.58129883
1996-12-29,Bologna,1648.58129883
1997-01-02,Bologna,1648.58129883
1997-01-05,Bologna,1648.58129883
1997-01-06,Bologna,1643.88964844
1997-01-12,Bologna,1643.88964844
1997-01-13,Bologna,1636.38000488
1997-01-20,Bologna,1657.37878418
1997-01-26,Bologna,1657.37878418
1997-01-27,Bologna,1671.44372559
1997-01-28,Bologna,1671.44372559
1997-01-30,Bologna,1671.44372559
1997-02-03,Bologna,1679.47851562
1997-02-10,Bologna,1679.47851562
1997-02-17,Bologna,1675.25891113
1997-02-20,Bologna,1675.25891113
1997-02-23,Bologna,1675.25891113
1997-02-24,Bologna,1672.45275879
1997-03-01,Bologna,1672.45275879
1997-03-02,Bologna,1672.45275879
1997-03-03,Bologna,1686.80578613
1997-03-05,Bologna,1687.3861084
1997-03-06,Bologna,1687.50244141
1997-03-07,Bologna,1692.26916504
1997-03-09,Bologna,1692.26916504
1997-03-10,Bologna,1688.60266113
1997-03-12,Bologna,1688.60266113
1997-03-13,Bologna,1688.60266113
1997-03-15,Bologna,1688.60266113
1997-03-16,Bologna,1688.60266113
1997-03-17,Bologna,1694.71704102
1997-03-19,Bologna,1695.47851562
1997-03-20,Bologna,1696.27392578
1997-03-21,Bologna,1694.44592285
1997-03-22,Bologna,1694.44592285
1997-03-24,Bologna,1700.00952148
1997-04-06,Bologna,1700.00952148
1997-04-07,Bologna,1703.5657959
1997-04-09,Bologna,1707.40600586
1997-04-10,Bologna,1709.99389648
1997-04-11,Bologna,1712.11621094
1997-04-14,Bologna,1715.31079102
1997-04-16,Bologna,1715.31079102
1997-04-20,Bologna,1715.31079102
1997-04-21,Bologna,1709.91601562
1997-04-23,Bologna,1710.99487305
1997-04-24,Bologna,1713.01062012
1997-04-25,Bologna,1705.94714355
1997-04-26,Bologna,1705.94714355
1997-04-27,Bologna,1705.94714355
1997-05-05,Bologna,1707.87805176
1997-05-08,Bologna,1706.02429199
1997-05-12,Bologna,1715.33435059
1997-05-16,Bologna,1698.8347168
1997-05-17,Bologna,1698.8347168
1997-05-19,Bologna,1696.65649414
1997-05-22,Bologna,1697.18347168
1997-05-26,Bologna,1694.125
1997-05-29,Bologna,1688.49658203
1997-06-01,Bologna,1688.49658203
1997-06-02,Bologna,1689.77282715
1997-06-03,Bologna,1689.77282715
1997-06-24,Bologna,1689.77282715
1997-08-03,Bologna,1689.77282715
1997-08-07,Bologna,1689.77282715
1997-08-09,Bologna,1689.77282715
1997-08-10,Bologna,1689.77282715
1997-08-14,Bologna,1692.37133789
1997-08-23,Bologna,1692.37133789
1997-08-24,Bologna,1692.37133789
1997-08-27,Bologna,1692.37133789
1997-08-28,Bologna,1693.48693848
1997-09-01,Bologna,1685.77246094
1997-09-05,Bologna,1685.77246094
1997-09-06,Bologna,1685.77246094
1997-09-07,Bologna,1685.77246094
1997-09-15,Bologna,1676.48156738
1997-09-17,Bologna,1671.51782227
1997-09-18,Bologna,1672.9050293
1997-09-19,Bologna,1675.07312012
1997-09-21,Bologna,1675.07312012
1997-09-22,Bologna,1676.70166016
1997-09-25,Bologna,1676.70166016
1997-09-27,Bologna,1676.70166016
1997-09-29,Bologna,1675.91088867
1997-09-30,Bologna,1675.91088867
1997-10-01,Bologna,1675.86621094
1997-10-02,Bologna,1673.67077637
1997-10-03,Bologna,1674.32202148
1997-10-06,Bologna,1676.75854492
1997-10-09,Bologna,1676.75854492
1997-10-19,Bologna,1676.75854492
1997-10-20,Bologna,1673.49951172
1997-10-22,Bologna,1666.90979004
1997-10-23,Bologna,1669.14599609
1997-10-24,Bologna,1670.59594727
1997-10-26,Bologna,1670.59594727
1997-10-30,Bologna,1670.59594727
1997-11-03,Bologna,1681.81396484
1997-11-04,Bologna,1681.81396484
1997-11-05,Bologna,1689.64807129
1997-11-06,Bologna,1686.57104492
1997-11-07,Bologna,1686.61047363
1997-11-09,Bologna,1686.61047363
1997-11-10,Bologna,1682.2298584
1997-11-23,Bologna,1682.2298584
1997-11-24,Bologna,1681.17553711
1997-11-26,Bologna,1678.81188965
1997-11-27,Bologna,1672.66369629
1997-11-28,Bologna,1670.12402344
1997-11-30,Bologna,1670.12402344
1997-12-01,Bologna,1669.67431641
1997-12-04,Bologna,1669.67431641
1997-12-08,Bologna,1666.48486328
1997-12-10,Bologna,1672.79626465
1997-12-11,Bologna,1673.36584473
1997-12-15,Bologna,1677.96862793
1997-12-21,Bologna,1677.96862793
1997-12-22,Bologna,1683.18261719
1997-12-29,Bologna,1683.18261719
1998-01-05,Bologna,1687.20458984
1998-01-11,Bologna,1687.20458984
1998-01-12,Bologna,1686.99206543
1998-01-18,Bologna,1686.99206543
1998-01-19,Bologna,1679.91186523
1998-01-21,Bologna,1679.91186523
1998-01-26,Bologna,1677.38134766
1998-02-01,Bologna,1677.38134766
1998-02-02,Bologna,1674.01757812
1998-02-03,Bologna,1674.01757812
1998-02-09,Bologna,1688.75634766
1998-02-12,Bologna,1693.36804199
1998-02-14,Bologna,1693.36804199
1998-02-16,Bologna,1689.48620605
1998-02-23,Bologna,1698.51074219
1998-03-02,Bologna,1691.28515625
1998-03-04,Bologna,1693.10559082
1998-03-05,Bologna,1690.6619873
1998-03-06,Bologna,1694.84753418
1998-03-08,Bologna,1694.84753418
1998-03-09,Bologna,1694.53295898
1998-03-12,Bologna,1694.53295898
1998-03-14,Bologna,1694.53295898
1998-03-15,Bologna,1702.42663574
1998-03-16,Bologna,1702.42663574
1998-03-18,Bologna,1706.23022461
1998-03-19,Bologna,1711.21069336
1998-03-20,Bologna,1712.61230469
1998-03-23,Bologna,1717.38525391
1998-03-30,Bologna,1728.44567871
1998-03-31,Bologna,1729.99658203
1998-04-02,Bologna,1733.3704834
1998-04-03,Bologna,1734.43469238
1998-04-05,Bologna,1734.43469238
1998-04-06,Bologna,1745.71386719
1998-04-09,Bologna,1745.71386719
1998-04-10,Bologna,1745.71386719
1998-04-12,Bologna,1743.90380859
1998-04-13,Bologna,1743.90380859
1998-04-15,Bologna,1746.24365234
1998-04-16,Bologna,1746.13439941
1998-04-17,Bologna,1741.27563477
1998-04-19,Bologna,1741.27563477
1998-04-20,Bologna,1752.20666504
1998-04-27,Bologna,1762.42871094
1998-04-30,Bologna,1762.42871094
1998-05-03,Bologna,1762.42871094
1998-05-04,Bologna,1756.68896484
1998-05-07,Bologna,1756.68896484
1998-05-10,Bologna,1756.68896484
1998-05-11,Bologna,1754.55932617
1998-05-17,Bologna,1761.98962402
1998-05-21,Bologna,1757.56872559
1998-08-13,Bologna,1757.61914062
1998-08-16,Bologna,1757.61914062
1998-08-17,Bologna,1757.61914062
1998-08-23,Bologna,1757.61914062
1998-08-27,Bologna,1757.6373291
1998-08-30,Bologna,1757.6373291
1998-09-13,Bologna,1747.22692871
1998-09-16,Bologna,1755.04760742
1998-09-17,Bologna,1748.40869141
1998-09-18,Bologna,1746.36608887
1998-09-20,Bologna,1746.36608887
1998-09-21,Bologna,1734.22167969
1998-09-26,Bologna,1734.22167969
1998-09-27,Bologna,1734.89282227
1998-09-28,Bologna,1734.89282227
1998-09-30,Bologna,1739.21594238
1998-10-01,Bologna,1739.29223633
1998-10-02,Bologna,1741.73901367
1998-10-05,Bologna,1741.14831543
1998-10-18,Bologna,1741.04284668
1998-10-21,Bologna,1743.16162109
1998-10-22,Bologna,1743.69384766
1998-10-23,Bologna,1741.89916992
1998-10-26,Bologna,1748.85778809
1998-11-01,Bologna,1758.05993652
1998-11-04,Bologna,1772.61669922
1998-11-05,Bologna,1769.75402832
1998-11-06,Bologna,1773.02697754
1998-11-08,Bologna,1773.02697754
1998-11-09,Bologna,1771.75244141
1998-11-15,Bologna,1771.75244141
1998-11-16,Bologna,1788.30749512
1998-11-22,Bologna,1782.3067627
1998-11-25,Bologna,1797.12780762
1998-11-26,Bologna,1799.21679688
1998-11-29,Bologna,1799.21679688
1998-11-30,Bologna,1813.02758789
1998-12-03,Bologna,1811.92358398
1998-12-06,Bologna,1807.42712402
1998-12-07,Bologna,1807.42712402
1998-12-09,Bologna,1809.06506348
1998-12-10,Bologna,1813.43395996
1998-12-13,Bologna,1813.43395996
1998-12-14,Bologna,1806.95617676
1998-12-16,Bologna,1806.95617676
1998-12-21,Bologna,1814.0057373
1999-01-07,Bologna,1804.25854492
1999-01-11,Bologna,1804.78613281
1999-01-17,Bologna,1804.78613281
1999-01-18,Bologna,1816.01147461
1999-01-25,Bologna,1804.38134766
1999-01-31,Bologna,1804.38134766
1999-02-01,Bologna,1796.75488281
1999-02-08,Bologna,1801.82714844
1999-02-15,Bologna,1806.69104004
1999-02-22,Bologna,1810.14575195
1999-02-28,Bologna,1791.5402832
1999-03-01,Bologna,1791.5402832
1999-03-03,Bologna,1808.60693359
1999-03-04,Bologna,1805.16064453
1999-03-05,Bologna,1805.23291016
1999-03-08,Bologna,1808.04345703
1999-03-13,Bologna,1808.04345703
1999-03-14,Bologna,1801.10888672
1999-03-17,Bologna,1798.34777832
1999-03-18,Bologna,1797.93774414
1999-03-19,Bologna,1797.94262695
1999-03-22,Bologna,1802.03601074
1999-04-04,Bologna,1801.75512695
1999-04-05,Bologna,1801.75512695
1999-04-07,Bologna,1809.95629883
1999-04-08,Bologna,1811.77282715
1999-04-09,Bologna,1811.89245605
1999-04-11,Bologna,1811.89245605
1999-04-12,Bologna,1816.78710938
1999-04-15,Bologna,1816.78710938
1999-04-18,Bologna,1826.15820312
1999-04-19,Bologna,1826.15820312
1999-04-21,Bologna,1811.28393555
1999-04-22,Bologna,1805.4855957
1999-04-23,Bologna,1805.82421875
1999-04-25,Bologna,1805.82421875
1999-04-26,Bologna,1788.76599121
1999-05-03,Bologna,1770.36328125
1999-05-10,Bologna,1766.18579102
1999-05-13,Bologna,1770.12866211
1999-05-17,Bologna,1765.65405273
1999-05-20,Bologna,1767.57995605
1999-05-24,Bologna,1761.00012207
1999-05-30,Bologna,1761.00012207
1999-08-11,Bologna,1761.00012207
1999-08-12,Bologna,1757.04956055
1999-08-15,Bologna,1757.04956055
1999-08-21,Bologna,1757.04956055
1999-08-22,Bologna,1757.04956055
1999-08-24,Bologna,1757.04956055
1999-08-26,Bologna,1753.9786377
1999-08-29,Bologna,1748.48181152
1999-08-30,Bologna,1748.48181152
1999-09-13,Bologna,1753.79003906
1999-09-15,Bologna,1753.15881348
1999-09-16,Bologna,1753.87695312
1999-09-17,Bologna,1760.5222168
1999-09-20,Bologna,1746.96911621
1999-09-22,Bologna,1747.59729004
1999-09-23,Bologna,1746.55627441
1999-09-26,Bologna,1740.84997559
1999-09-27,Bologna,1740.84997559
1999-09-29,Bologna,1738.61315918
1999-09-30,Bologna,1738.23364258
1999-10-01,Bologna,1739.02026367
1999-10-03,Bologna,1739.02026367
1999-10-04,Bologna,1743.56408691
1999-10-16,Bologna,1743.56408691
1999-10-17,Bologna,1743.56408691
1999-10-18,Bologna,1745.70251465
1999-10-20,Bologna,1749.16149902
1999-10-21,Bologna,1746.39611816
1999-10-22,Bologna,1744.11645508
1999-10-24,Bologna,1744.11645508
1999-10-25,Bologna,1738.11376953
1999-10-27,Bologna,1736.4543457
1999-10-28,Bologna,1738.75622559
1999-10-29,Bologna,1738.75622559
1999-10-31,Bologna,1748.1295166
1999-11-03,Bologna,1766.82507324
1999-11-04,Bologna,1763.33483887
1999-11-05,Bologna,1764.68237305
1999-11-08,Bologna,1775.60241699
1999-11-20,Bologna,1775.60241699
1999-11-21,Bologna,1770.94665527
1999-11-24,Bologna,1763.17102051
1999-11-25,Bologna,1766.58325195
1999-11-26,Bologna,1769.3302002
1999-11-28,Bologna,1767.08557129
1999-11-29,Bologna,1767.08557129
1999-12-05,Bologna,1762.83178711
1999-12-08,Bologna,1759.45739746
1999-12-09,Bologna,1759.96203613
1999-12-10,Bologna,1755.90563965
1999-12-13,Bologna,1764.09619141
1999-12-19,Bologna,1764.09619141
1999-12-20,Bologna,1757.09118652
1999-12-23,Bologna,1757.09118652
1999-12-27,Bologna,1757.09118652
2000-01-06,Bologna,1757.09118652
2000-01-07,Bologna,1760.5690918
2000-01-10,Bologna,1757.40466309
2000-01-16,Bologna,1762.21508789
2000-01-24,Bologna,1754.77429199
2000-01-31,Bologna,1762.7220459
2000-02-06,Bologna,1762.7220459
2000-02-07,Bologna,1754.69934082
2000-02-13,Bologna,1747.08605957
2000-02-14,Bologna,1747.08605957
2000-02-21,Bologna,1748.24047852
2000-02-28,Bologna,1743.06506348
2000-03-01,Bologna,1736.23742676
2000-03-02,Bologna,1738.16259766
2000-03-03,Bologna,1737.20397949
2000-03-06,Bologna,1737.85473633
2000-03-08,Bologna,1733.15002441
2000-03-09,Bologna,1732.29431152
2000-03-10,Bologna,1712.8371582
2000-03-12,Bologna,1707.50512695
2000-03-15,Bologna,1708.84399414
2000-03-16,Bologna,1707.6081543
2000-03-17,Bologna,1707.6081543
2000-03-19,Bologna,1713.48449707
2000-03-20,Bologna,1713.48449707
2000-03-22,Bologna,1711.80078125
2000-03-23,Bologna,1715.32958984
2000-03-24,Bologna,1715.32958984
2000-03-25,Bologna,1715.32958984
2000-03-26,Bologna,1722.27807617
2000-04-02,Bologna,1726.93554688
2000-04-05,Bologna,1726.93554688
2000-04-06,Bologna,1721.33435059
2000-04-07,Bologna,1721.33435059
2000-04-08,Bologna,1721.33435059
2000-04-10,Bologna,1710.55126953
2000-04-15,Bologna,1710.55126953
2000-04-17,Bologna,1705.4510498
2000-04-19,Bologna,1704.88598633
2000-04-20,Bologna,1704.88598633
2000-04-21,Bologna,1704.88598633
2000-04-23,Bologna,1709.29833984
2000-04-24,Bologna,1709.29833984
2000-04-30,Bologna,1709.29833984
2000-05-01,Bologna,1709.74938965
2000-05-05,Bologna,1709.74938965
2000-05-07,Bologna,1709.74938965
2000-05-08,Bologna,1703.25500488
2000-05-14,Bologna,1703.25500488
2000-05-15,Bologna,1705.30334473
2000-05-20,Bologna,1705.30334473
2000-05-29,Bologna,1705.30334473
2000-07-17,Bologna,1705.30334473
2000-07-23,Bologna,1705.30334473
2000-07-24,Bologna,1705.30334473
2000-07-31,Bologna,1705.30334473
2000-08-06,Bologna,1705.30334473
2000-08-07,Bologna,1705.30334473
2000-08-10,Bologna,1704.87036133
2000-08-20,Bologna,1704.87036133
2000-08-23,Bologna,1706.96032715
2000-08-24,Bologna,1700.46289062
2000-08-28,Bologna,1700.46289062
2000-09-04,Bologna,1700.46289062
2000-09-07,Bologna,1700.46289062
2000-09-11,Bologna,1700.46289062
2000-09-13,Bologna,1703.13684082
2000-09-14,Bologna,1704.32067871
2000-09-15,Bologna,1703.4440918
2000-09-17,Bologna,1703.4440918
2000-09-20,Bologna,1701.9453125
2000-09-21,Bologna,1703.49597168
2000-09-23,Bologna,1703.49597168
2000-09-24,Bologna,1703.49597168
2000-09-25,Bologna,1703.49597168
2000-09-27,Bologna,1708.86779785
2000-09-28,Bologna,1706.10522461
2000-09-29,Bologna,1700.4095459
2000-10-02,Bologna,1695.43652344
2000-10-03,Bologna,1695.43652344
2000-10-16,Bologna,1704.8125
2000-10-18,Bologna,1703.50146484
2000-10-19,Bologna,1703.76159668
2000-10-22,Bologna,1703.76159668
2000-10-23,Bologna,1718.91137695
2000-10-25,Bologna,1715.01672363
2000-10-26,Bologna,1715.79296875
2000-10-27,Bologna,1716.80102539
2000-11-02,Bologna,1722.25976562
2000-11-05,Bologna,1718.63720703
2000-11-08,Bologna,1721.18383789
2000-11-09,Bologna,1715.78625488
2000-11-10,Bologna,1708.36413574
2000-11-13,Bologna,1706.29638672
2000-11-20,Bologna,1713.67590332
2000-11-22,Bologna,1712.62536621
2000-11-23,Bologna,1709.93823242
2000-11-24,Bologna,1707.71496582
2000-11-26,Bologna,1707.71496582
2000-11-27,Bologna,1720.40026855
2000-11-29,Bologna,1720.40026855
2000-11-30,Bologna,1720.40026855
2000-12-02,Bologna,1720.40026855
2000-12-03,Bologna,1720.40026855
2000-12-04,Bologna,1714.82141113
2000-12-06,Bologna,1715.64709473
2000-12-07,Bologna,1719.86340332
2000-12-08,Bologna,1725.35864258
2000-12-11,Bologna,1713.84399414
2000-12-18,Bologna,1701.68945312
2000-12-21,Bologna,1701.68945312
2000-12-24,Bologna,1694.86938477
2000-12-27,Bologna,1694.86938477
2001-01-02,Bologna,1694.86938477
2001-01-08,Bologna,1698.57263184
2001-01-15,Bologna,1695.6072998
2001-01-20,Bologna,1695.6072998
2001-01-21,Bologna,1700.36962891
2001-01-22,Bologna,1700.36962891
2001-01-25,Bologna,1700.36962891
2001-01-28,Bologna,1701.59887695
2001-01-29,Bologna,1701.59887695
2001-02-04,Bologna,1701.59887695
2001-02-05,Bologna,1685.6394043
2001-02-11,Bologna,1685.6394043
2001-02-12,Bologna,1679.37597656
2001-02-14,Bologna,1678.3223877
2001-02-15,Bologna,1676.04504395
2001-02-16,Bologna,1672.02685547
2001-02-18,Bologna,1677.67834473
2001-02-21,Bologna,1677.64099121
2001-02-22,Bologna,1677.32788086
2001-02-23,Bologna,1670.17663574
2001-02-25,Bologna,1670.17663574
2001-02-26,Bologna,1674.04162598
2001-03-04,Bologna,1666.18859863
2001-03-05,Bologna,1666.18859863
2001-03-07,Bologna,1667.02563477
2001-03-08,Bologna,1664.17675781
2001-03-12,Bologna,1678.57971191
2001-03-14,Bologna,1678.75
2001-03-15,Bologna,1679.60827637
2001-03-16,Bologna,1679.60827637
2001-03-18,Bologna,1679.60827637
2001-03-19,Bologna,1683.64916992
2001-03-26,Bologna,1683.64916992
2001-04-02,Bologna,1688.82373047
2001-04-03,Bologna,1688.82373047
2001-04-04,Bologna,1688.82373047
2001-04-06,Bologna,1688.82373047
2001-04-08,Bologna,1688.82373047
2001-04-09,Bologna,1693.4251709
2001-04-15,Bologna,1682.93078613
2001-04-18,Bologna,1682.93078613
2001-04-19,Bologna,1682.93078613
2001-04-23,Bologna,1687.57714844
2001-04-29,Bologna,1687.57714844
2001-04-30,Bologna,1690.06298828
2001-05-02,Bologna,1690.06298828
2001-05-06,Bologna,1686.22729492
2001-05-07,Bologna,1686.22729492
2001-05-10,Bologna,1686.22729492
2001-05-13,Bologna,1688.08752441
2001-05-20,Bologna,1688.08752441
2001-05-21,Bologna,1676.66174316
2001-05-27,Bologna,1676.66174316
2001-05-28,Bologna,1668.92749023
2001-06-11,Bologna,1664.45080566
2001-06-18,Bologna,1659.99499512
2001-07-26,Bologna,1659.99499512
2001-07-29,Bologna,1659.99499512
2001-08-05,Bologna,1659.99499512
2001-08-08,Bologna,1659.99499512
2001-08-09,Bologna,1653.09790039
2001-08-12,Bologna,1653.09790039
2001-08-13,Bologna,1653.09790039
2001-08-19,Bologna,1653.09790039
2001-08-20,Bologna,1653.09790039
2001-08-22,Bologna,1654.76940918
2001-08-23,Bologna,1656.57678223
2001-08-26,Bologna,1662.24414062
2001-09-09,Bologna,1662.24414062
2001-09-10,Bologna,1652.15026855
2001-09-12,Bologna,1646.27416992
2001-09-16,Bologna,1646.27416992
2001-09-17,Bologna,1654.27246094
2001-09-19,Bologna,1654.94177246
2001-09-20,Bologna,1648.7578125
2001-09-21,Bologna,1649.03515625
2001-09-23,Bologna,1649.03515625
2001-09-24,Bologna,1657.53710938
2001-09-26,Bologna,1656.71704102
2001-09-27,Bologna,1655.01464844
2001-09-28,Bologna,1656.60290527
2001-09-30,Bologna,1656.60290527
2001-10-01,Bologna,1652.4486084
2001-10-11,Bologna,1652.79187012
2001-10-14,Bologna,1652.79187012
2001-10-15,Bologna,1662.12329102
2001-10-17,Bologna,1665.1529541
2001-10-18,Bologna,1665.78112793
2001-10-19,Bologna,1674.40600586
2001-10-21,Bologna,1676.87976074
2001-10-22,Bologna,1676.87976074
2001-10-24,Bologna,1678.31213379
2001-10-25,Bologna,1681.29699707
2001-10-29,Bologna,1686.33569336
2001-10-31,Bologna,1681.63427734
2001-11-01,Bologna,1678.65734863
2001-11-02,Bologna,1681.08056641
2001-11-04,Bologna,1681.08056641
2001-11-05,Bologna,1686.95275879
2001-11-08,Bologna,1686.95275879
2001-11-17,Bologna,1686.95275879
2001-11-18,Bologna,1686.95275879
2001-11-19,Bologna,1679.21862793
2001-11-21,Bologna,1679.28710938
2001-11-23,Bologna,1675.39099121
2001-11-25,Bologna,1675.39099121
2001-11-26,Bologna,1666.33374023
2001-11-29,Bologna,1666.33374023
2001-11-30,Bologna,1669.9206543
2001-12-03,Bologna,1675.3984375
2001-12-05,Bologna,1672.82739258
2001-12-06,Bologna,1671.9251709
2001-12-07,Bologna,1681.78442383
2001-12-09,Bologna,1671.57971191
2001-12-10,Bologna,1671.57971191
2001-12-17,Bologna,1676.98254395
2001-12-19,Bologna,1676.98254395
2001-12-20,Bologna,1666.3425293
2001-12-22,Bologna,1666.3425293
2001-12-23,Bologna,1672.1640625
2001-12-24,Bologna,1672.1640625
2001-12-30,Bologna,1672.1640625
2002-01-06,Bologna,1672.1640625
2002-01-07,Bologna,1677.74658203
2002-01-10,Bologna,1677.74658203
2002-01-14,Bologna,1679.16589355
2002-01-21,Bologna,1687.48461914
2002-01-24,Bologna,1687.48461914
2002-01-27,Bologna,1681.90649414
2002-01-28,Bologna,1681.90649414
2002-01-30,Bologna,1681.90649414
2002-01-31,Bologna,1681.90649414
2002-02-04,Bologna,1676.99584961
2002-02-07,Bologna,1676.99584961
2002-02-11,Bologna,1686.01293945
2002-02-17,Bologna,1686.01293945
2002-02-18,Bologna,1695.26293945
2002-02-20,Bologna,1694.80187988
2002-02-21,Bologna,1696.10388184
2002-02-22,Bologna,1697.99890137
2002-02-24,Bologna,1697.99890137
2002-02-25,Bologna,1703.01550293
2002-02-27,Bologna,1705.79797363
2002-02-28,Bologna,1702.99597168
2002-03-01,Bologna,1694.02575684
2002-03-03,Bologna,1694.02575684
2002-03-04,Bologna,1691.14697266
2002-03-06,Bologna,1691.14697266
2002-03-10,Bologna,1691.14697266
2002-03-11,Bologna,1701.88256836
2002-03-13,Bologna,1698.95166016
2002-03-14,Bologna,1696.59118652
2002-03-15,Bologna,1693.72644043
2002-03-18,Bologna,1693.43591309
2002-03-20,Bologna,1691.09729004
2002-03-21,Bologna,1692.80700684
2002-03-22,Bologna,1702.61804199
2002-03-24,Bologna,1702.61804199
2002-03-25,Bologna,1706.33325195
2002-03-31,Bologna,1701.95678711
2002-04-02,Bologna,1701.95678711
2002-04-05,Bologna,1693.48095703
2002-04-07,Bologna,1694.94152832
2002-04-12,Bologna,1694.59985352
2002-04-14,Bologna,1694.59985352
2002-04-15,Bologna,1683.19665527
2002-04-22,Bologna,1676.35766602
2002-04-25,Bologna,1676.35766602
2002-04-29,Bologna,1688.15380859
2002-05-04,Bologna,1688.15380859
2002-05-05,Bologna,1688.15380859
2002-05-06,Bologna,1675.85314941
2002-05-11,Bologna,1675.85314941
2002-05-12,Bologna,1675.85314941
2002-08-05,Bologna,1675.85314941
2002-08-12,Bologna,1675.85314941
2002-08-14,Bologna,1675.85314941
2002-08-15,Bologna,1677.23742676
2002-08-18,Bologna,1677.23742676
2002-08-20,Bologna,1677.23742676
2002-08-25,Bologna,1677.23742676
2002-08-26,Bologna,1677.23742676
2002-08-28,Bologna,1679.56921387
2002-08-29,Bologna,1680.51062012
2002-09-01,Bologna,1680.51062012
2002-09-02,Bologna,1680.51062012
2002-09-03,Bologna,1680.51062012
2002-09-12,Bologna,1680.51062012
2002-09-15,Bologna,1691.04675293
2002-09-16,Bologna,1691.04675293
2002-09-18,Bologna,1684.34313965
2002-09-19,Bologna,1685.86450195
2002-09-20,Bologna,1688.19287109
2002-09-22,Bologna,1688.19287109
2002-09-23,Bologna,1689.67883301
2002-09-24,Bologna,1689.67883301
2002-09-25,Bologna,1700.93688965
2002-09-26,Bologna,1701.95007324
2002-09-29,Bologna,1701.95007324
2002-09-30,Bologna,1707.78540039
2002-10-02,Bologna,1713.24230957
2002-10-03,Bologna,1710.40820312
2002-10-04,Bologna,1702.47009277
2002-10-06,Bologna,1702.47009277
2002-10-07,Bologna,1702.44299316
2002-10-21,Bologna,1711.26696777
2002-10-23,Bologna,1709.27514648
2002-10-24,Bologna,1708.33398438
2002-10-27,Bologna,1708.33398438
2002-10-28,Bologna,1703.57128906
2002-10-30,Bologna,1702.08251953
2002-10-31,Bologna,1707.30529785
2002-11-01,Bologna,1707.87255859
2002-11-03,Bologna,1708.14855957
2002-11-04,Bologna,1708.14855957
2002-11-07,Bologna,1699.99829102
2002-11-10,Bologna,1699.99829102
2002-11-11,Bologna,1703.24060059
2002-11-13,Bologna,1703.84899902
2002-11-14,Bologna,1702.46130371
2002-11-15,Bologna,1696.4140625
2002-11-17,Bologna,1701.4498291
2002-11-24,Bologna,1708.11401367
2002-11-25,Bologna,1708.11401367
2002-11-27,Bologna,1711.12988281
2002-11-28,Bologna,1711.90734863
2002-11-29,Bologna,1712.63842773
2002-12-02,Bologna,1719.34509277
2002-12-09,Bologna,1720.8347168
2002-12-11,Bologna,1719.90063477
2002-12-12,Bologna,1724.6171875
2002-12-13,Bologna,1724.2623291
2002-12-15,Bologna,1730.19494629
2002-12-16,Bologna,1730.19494629
2002-12-22,Bologna,1730.19494629
2002-12-23,Bologna,1735.05871582
2003-01-02,Bologna,1735.05871582
2003-01-05,Bologna,1735.05871582
2003-01-06,Bologna,1735.05871582
2003-01-12,Bologna,1735.05871582
2003-01-13,Bologna,1724.83581543
2003-01-16,Bologna,1724.83581543
2003-01-19,Bologna,1714.95812988
2003-01-20,Bologna,1714.95812988
2003-01-23,Bologna,1714.95812988
2003-01-27,Bologna,1709.58703613
2003-01-29,Bologna,1709.58703613
2003-02-02,Bologna,1702.88793945
2003-02-03,Bologna,1702.88793945
2003-02-10,Bologna,1691.02087402
2003-02-17,Bologna,1679.4810791
2003-02-19,Bologna,1673.69873047
2003-02-20,Bologna,1672.54919434
2003-02-21,Bologna,1670.06054688
2003-02-23,Bologna,1670.06054688
2003-02-24,Bologna,1676.44689941
2003-02-26,Bologna,1672.00146484
2003-02-27,Bologna,1679.60754395
2003-02-28,Bologna,1679.60754395
2003-03-02,Bologna,1682.34570312
2003-03-03,Bologna,1682.34570312
2003-03-04,Bologna,1682.34570312
2003-03-05,Bologna,1687.15429688
2003-03-06,Bologna,1687.15429688
2003-03-09,Bologna,1680.72839355
2003-03-12,Bologna,1681.48937988
2003-03-13,Bologna,1681.37695312
2003-03-14,Bologna,1681.99060059
2003-03-15,Bologna,1681.99060059
2003-03-17,Bologna,1687.62744141
2003-03-19,Bologna,1680.42956543
2003-03-20,Bologna,1682.37939453
2003-03-21,Bologna,1684.55480957
2003-03-23,Bologna,1684.55480957
2003-03-24,Bologna,1666.8137207
2003-03-31,Bologna,1666.8137207
2003-04-06,Bologna,1666.8137207
2003-04-07,Bologna,1669.87988281
2003-04-09,Bologna,1670.38513184
2003-04-10,Bologna,1670.66125488
2003-04-11,Bologna,1666.22753906
2003-04-13,Bologna,1666.22753906
2003-04-14,Bologna,1669.0871582
2003-04-19,Bologna,1669.0871582
2003-04-20,Bologna,1661.84411621
2003-04-22,Bologna,1661.84411621
2003-04-23,Bologna,1667.71801758
2003-04-24,Bologna,1670.06164551
2003-04-25,Bologna,1668.99169922
2003-04-27,Bologna,1668.99169922
2003-04-28,Bologna,1666.90698242
2003-05-04,Bologna,1679.32971191
2003-05-07,Bologna,1678.62744141
2003-05-11,Bologna,1668.34814453
2003-05-12,Bologna,1668.34814453
2003-05-15,Bologna,1672.79248047
2003-05-18,Bologna,1668.8482666
2003-05-21,Bologna,1668.8482666
2003-05-22,Bologna,1668.8482666
2003-05-25,Bologna,1652.34350586
2003-05-29,Bologna,1652.34350586
2003-06-02,Bologna,1652.34350586
2003-06-03,Bologna,1652.34350586
2003-06-30,Bologna,1652.34350586
2003-07-21,Bologna,1652.34350586
2003-08-03,Bologna,1652.34350586
2003-08-10,Bologna,1652.34350586
2003-08-14,Bologna,1654.07800293
2003-08-23,Bologna,1654.07800293
2003-08-24,Bologna,1654.07800293
2003-08-25,Bologna,1654.07800293
2003-08-27,Bologna,1654.07800293
2003-08-28,Bologna,1655.84936523
2003-08-29,Bologna,1655.84936523
2003-08-31,Bologna,1655.84936523
2003-09-01,Bologna,1656.21923828
2003-09-14,Bologna,1653.6048584
2003-09-17,Bologna,1658.99511719
2003-09-18,Bologna,1666.26916504
2003-09-21,Bologna,1666.26916504
2003-09-22,Bologna,1676.44042969
2003-09-25,Bologna,1677.97045898
2003-09-29,Bologna,1667.75439453
2003-10-01,Bologna,1670.59814453
2003-10-02,Bologna,1669.06237793
2003-10-05,Bologna,1669.06237793
2003-10-06,Bologna,1667.52441406
2003-10-13,Bologna,1667.52441406
2003-10-16,Bologna,1662.33984375
2003-10-19,Bologna,1662.33984375
2003-10-20,Bologna,1659.83776855
2003-10-22,Bologna,1654.8013916
2003-10-23,Bologna,1647.9284668
2003-10-26,Bologna,1647.9284668
2003-10-27,Bologna,1645.37817383
2003-11-02,Bologna,1645.37817383
2003-11-03,Bologna,1633.77929688
2003-11-05,Bologna,1628.2109375
2003-11-06,Bologna,1626.08886719
2003-11-07,Bologna,1628.41625977
2003-11-09,Bologna,1632.22851562
2003-11-10,Bologna,1632.22851562
2003-11-11,Bologna,1632.22851562
2003-11-23,Bologna,1632.22851562
2003-11-24,Bologna,1621.4654541
2003-11-26,Bologna,1615.45617676
2003-11-27,Bologna,1617.21240234
2003-11-28,Bologna,1618.43261719
2003-12-01,Bologna,1621.46240234
2003-12-03,Bologna,1616.80615234
2003-12-08,Bologna,1620.34777832
2003-12-10,Bologna,1613.78747559
2003-12-11,Bologna,1616.29370117
2003-12-15,Bologna,1608.70983887
2003-12-22,Bologna,1611.40563965
2004-01-07,Bologna,1615.9987793
2004-01-12,Bologna,1624.71337891
2004-01-19,Bologna,1635.16674805
2004-01-26,Bologna,1640.80725098
2004-02-01,Bologna,1640.80725098
2004-02-02,Bologna,1633.85827637
2004-02-08,Bologna,1651.04101562
2004-02-15,Bologna,1651.04101562
2004-02-16,Bologna,1647.05847168
2004-02-22,Bologna,1647.05847168
2004-02-23,Bologna,1642.45849609
2004-02-25,Bologna,1642.35522461
2004-02-26,Bologna,1640.9029541
2004-02-27,Bologna,1636.7310791
2004-02-29,Bologna,1636.7310791
2004-03-01,Bologna,1627.24645996
2004-03-04,Bologna,1622.20092773
2004-03-07,Bologna,1622.20092773
2004-03-10,Bologna,1618.79089355
2004-03-11,Bologna,1621.52685547
2004-03-12,Bologna,1618.33374023
2004-03-14,Bologna,1612.73901367
2004-03-22,Bologna,1624.58679199
2004-03-24,Bologna,1628.94958496
2004-03-25,Bologna,1628.94958496
2004-03-26,Bologna,1639.25219727
2004-03-28,Bologna,1639.25219727
2004-03-29,Bologna,1653.67822266
2004-04-04,Bologna,1653.67822266
2004-04-05,Bologna,1649.86462402
2004-04-08,Bologna,1641.58349609
2004-04-09,Bologna,1639.99365234
2004-04-10,Bologna,1639.99365234
2004-04-11,Bologna,1629.09094238
2004-04-15,Bologna,1624.99902344
2004-04-18,Bologna,1624.99902344
2004-04-19,Bologna,1620.4888916
2004-04-26,Bologna,1627.32495117
2004-05-02,Bologna,1627.32495117
2004-05-03,Bologna,1616.94470215
2004-05-10,Bologna,1613.77258301
2004-05-17,Bologna,1608.90979004
2004-08-11,Bologna,1607.19616699
2004-08-12,Bologna,1608.09570312
2004-08-25,Bologna,1611.40136719
2004-08-26,Bologna,1613.78063965
2004-09-13,Bologna,1607.23486328
2004-09-15,Bologna,1611.70947266
2004-09-16,Bologna,1606.93737793
2004-09-17,Bologna,1603.61767578
2004-09-20,Bologna,1597.7479248
2004-09-23,Bologna,1609.87878418
2004-09-26,Bologna,1623.43505859
2004-09-27,Bologna,1623.43505859
2004-09-29,Bologna,1622.2097168
2004-09-30,Bologna,1628.38049316
2004-10-01,Bologna,1627.92126465
2004-10-03,Bologna,1627.92126465
2004-10-04,Bologna,1621.35681152
2004-10-18,Bologna,1626.11865234
2004-10-20,Bologna,1625.15991211
2004-10-21,Bologna,1636.8137207
2004-10-22,Bologna,1634.70959473
2004-10-24,Bologna,1634.70959473
2004-10-25,Bologna,1627.15136719
2004-10-28,Bologna,1617.70996094
2004-11-01,Bologna,1618.83093262
2004-11-03,Bologna,1616.99328613
2004-11-04,Bologna,1619.19287109
2004-11-05,Bologna,1617.84082031
2004-11-08,Bologna,1614.74523926
2004-11-11,Bologna,1621.51379395
2004-11-15,Bologna,1617.47436523
2004-11-24,Bologna,1616.32202148
2004-11-25,Bologna,1618.5592041
2004-11-26,Bologna,1614.43322754
2004-11-29,Bologna,1612.66796875
2004-12-03,Bologna,1611.52478027
2004-12-06,Bologna,1604.39453125
2004-12-08,Bologna,1605.61254883
2004-12-09,Bologna,1599.17907715
2004-12-13,Bologna,1595.60900879
2004-12-17,Bologna,1597.28283691
2004-12-20,Bologna,1606.61938477
2005-01-07,Bologna,1609.35339355
2005-01-10,Bologna,1618.44238281
2005-01-17,Bologna,1621.95239258
2005-01-23,Bologna,1627.34387207
2005-01-31,Bologna,1642.50817871
2005-02-04,Bologna,1651.33642578
2005-02-06,Bologna,1651.33642578
2005-02-07,Bologna,1655.51965332
2005-02-14,Bologna,1652.86071777
2005-02-17,Bologna,1652.59436035
2005-02-20,Bologna,1652.59436035
2005-02-21,Bologna,1640.09960938
2005-02-23,Bologna,1638.98950195
2005-02-24,Bologna,1643.84594727
2005-02-25,Bologna,1651.79516602
2005-02-28,Bologna,1647.8659668
2005-03-06,Bologna,1647.8659668
2005-03-07,Bologna,1659.74060059
2005-03-09,Bologna,1661.81774902
2005-03-10,Bologna,1666.95935059
2005-03-11,Bologna,1668.31567383
2005-03-13,Bologna,1668.31567383
2005-03-14,Bologna,1663.54907227
2005-03-16,Bologna,1666.24926758
2005-03-18,Bologna,1669.84899902
2005-03-20,Bologna,1669.84899902
2005-03-21,Bologna,1671.24987793
2005-03-22,Bologna,1671.24987793
2005-04-04,Bologna,1671.24987793
2005-04-06,Bologna,1670.07739258
2005-04-07,Bologna,1670.07739258
2005-04-08,Bologna,1671.35717773
2005-04-10,Bologna,1665.43530273
2005-04-11,Bologna,1665.43530273
2005-04-13,Bologna,1665.43530273
2005-04-14,Bologna,1661.82373047
2005-04-15,Bologna,1662.89550781
2005-04-17,Bologna,1662.89550781
2005-04-18,Bologna,1652.91296387
2005-04-21,Bologna,1655.08886719
2005-04-23,Bologna,1655.08886719
2005-04-24,Bologna,1655.08886719
2005-04-25,Bologna,1650.6652832
2005-04-27,Bologna,1653.54553223
2005-04-29,Bologna,1652.89587402
2005-05-01,Bologna,1652.89587402
2005-05-02,Bologna,1650.86206055
2005-05-05,Bologna,1649.9588623
2005-05-06,Bologna,1645.28405762
2005-05-07,Bologna,1645.28405762
2005-05-08,Bologna,1645.28405762
2005-05-09,Bologna,1647.22021484
2005-05-16,Bologna,1635.86218262
2005-05-19,Bologna,1635.86218262
2005-05-23,Bologna,1629.50427246
2005-05-26,Bologna,1628.61657715
2005-05-30,Bologna,1628.49206543
2005-06-15,Bologna,1638.61364746
2005-06-19,Bologna,1618.85119629
2005-07-03,Bologna,1618.85119629
2005-08-11,Bologna,1624.5098877
2005-08-24,Bologna,1625.86633301
2005-08-25,Bologna,1625.65124512
2005-08-30,Bologna,1623.37231445
2005-09-06,Bologna,1625.39208984
2005-09-11,Bologna,1612.99938965
2005-09-14,Bologna,1614.47045898
2005-09-15,Bologna,1618.26708984
2005-09-16,Bologna,1618.97351074
2005-09-18,Bologna,1621.99987793
2005-09-21,Bologna,1625.04663086
2005-09-25,Bologna,1625.04663086
2005-09-27,Bologna,1632.36584473
2005-09-28,Bologna,1631.47375488
2005-09-29,Bologna,1631.20410156
2005-09-30,Bologna,1633.43859863
2005-10-02,Bologna,1620.00927734
2005-10-05,Bologna,1607.96325684
2005-10-10,Bologna,1610.57653809
2005-10-16,Bologna,1615.0144043
2005-10-19,Bologna,1611.93432617
2005-10-20,Bologna,1605.46826172
2005-10-21,Bologna,1609.30578613
2005-10-22,Bologna,1608.93493652
2005-10-26,Bologna,1602.22155762
2005-10-30,Bologna,1596.81420898
2005-11-02,Bologna,1595.35302734
2005-11-03,Bologna,1595.79394531
2005-11-04,Bologna,1592.92138672
2005-11-06,Bologna,1580.17126465
2005-11-15,Bologna,1576.34606934
2005-11-20,Bologna,1556.96398926
2005-11-23,Bologna,1560.4864502
2005-11-24,Bologna,1564.75256348
2005-11-25,Bologna,1566.33508301
2005-11-27,Bologna,1565.30993652
2005-12-01,Bologna,1564.24523926
2005-12-02,Bologna,1560.27941895
2005-12-04,Bologna,1553.4395752
2005-12-07,Bologna,1552.77587891
2005-12-08,Bologna,1551.58605957
2005-12-11,Bologna,1549.59729004
2005-12-15,Bologna,1551.96240234
2005-12-16,Bologna,1551.86376953
2005-12-18,Bologna,1555.8536377
2005-12-21,Bologna,1562.0682373
2006-01-07,Bologna,1548.99963379
2006-01-15,Bologna,1549.20605469
2006-01-18,Bologna,1554.5078125
2006-01-22,Bologna,1556.82287598
2006-01-29,Bologna,1566.88134766
2006-02-05,Bologna,1559.38891602
2006-02-08,Bologna,1563.6706543
2006-02-12,Bologna,1550.84216309
2006-02-16,Bologna,1558.61791992
2006-02-17,Bologna,1557.37207031
2006-02-22,Bologna,1558.57055664
2006-02-23,Bologna,1558.10949707
2006-02-24,Bologna,1561.32946777
2006-02-25,Bologna,1559.07897949
2006-03-05,Bologna,1546.85388184
2006-03-08,Bologna,1548.97631836
2006-03-09,Bologna,1553.16479492
2006-03-10,Bologna,1552.6315918
2006-03-12,Bologna,1559.52709961
2006-03-15,Bologna,1560.19702148
2006-03-16,Bologna,1558.45849609
2006-03-17,Bologna,1550.67834473
2006-03-21,Bologna,1550.04736328
2006-03-26,Bologna,1564.64343262
2006-03-29,Bologna,1560.6965332
2006-03-30,Bologna,1562.00561523
2006-04-02,Bologna,1558.68005371
2006-04-05,Bologna,1559.00390625
2006-04-06,Bologna,1556.7154541
2006-04-11,Bologna,1570.13061523
2006-04-19,Bologna,1567.27062988
2006-04-24,Bologna,1566.01574707
2006-04-27,Bologna,1565.79504395
2006-04-30,Bologna,1573.50012207
2006-05-07,Bologna,1570.7833252
2006-05-14,Bologna,1575.18383789
2006-05-22,Bologna,1584.99230957
2006-05-29,Bologna,1587.66699219
2006-08-10,Bologna,1584.24072266
2006-08-23,Bologna,1584.82214355
2006-08-24,Bologna,1583.32727051
2006-09-10,Bologna,1589.96899414
2006-09-13,Bologna,1590.43225098
2006-09-14,Bologna,1590.90734863
2006-09-15,Bologna,1594.97814941
2006-09-17,Bologna,1598.79797363
2006-09-20,Bologna,1589.95385742
2006-09-26,Bologna,1570.48156738
2006-09-27,Bologna,1569.81262207
2006-09-28,Bologna,1563.49487305
2006-09-29,Bologna,1568.90979004
2006-10-01,Bologna,1564.97888184
2006-10-10,Bologna,1553.6541748
2006-10-15,Bologna,1563.32751465
2006-10-18,Bologna,1564.6184082
2006-10-19,Bologna,1568.0612793
2006-10-20,Bologna,1569.30700684
2006-10-22,Bologna,1581.87023926
2006-10-29,Bologna,1584.9510498
2006-11-01,Bologna,1584.79248047
2006-11-02,Bologna,1585.61779785
2006-11-03,Bologna,1582.02807617
2006-11-05,Bologna,1573.64294434
2006-11-12,Bologna,1577.63903809
2006-11-19,Bologna,1570.23950195
2006-11-22,Bologna,1566.38330078
2006-11-23,Bologna,1564.8137207
2006-11-24,Bologna,1562.3392334
2006-11-25,Bologna,1569.51000977
2006-11-30,Bologna,1572.13769531
2006-12-03,Bologna,1579.2010498
2006-12-06,Bologna,1581.90942383
2006-12-07,Bologna,1576.07324219
2006-12-10,Bologna,1583.3223877
2006-12-14,Bologna,1583.04907227
2006-12-15,Bologna,1582.94421387
2006-12-17,Bologna,1593.68212891
2006-12-20,Bologna,1590.37658691
2006-12-23,Bologna,1590.12805176
2007-01-14,Bologna,1584.9630127
2007-01-21,Bologna,1584.24023438
2007-01-28,Bologna,1588.66064453
2007-02-11,Bologna,1575.18774414
2007-02-15,Bologna,1573.43493652
2007-02-16,Bologna,1571.98901367
2007-02-18,Bologna,1555.07861328
2007-02-21,Bologna,1555.07702637
2007-02-22,Bologna,1553.06835938
2007-02-23,Bologna,1549.07836914
2007-02-25,Bologna,1549.71740723
2007-03-04,Bologna,1564.30749512
2007-03-07,Bologna,1571.12243652
2007-03-08,Bologna,1572.64440918
2007-03-10,Bologna,1578.33178711
2007-03-14,Bologna,1578.42248535
2007-03-17,Bologna,1574.84448242
2007-03-26,Bologna,1578.48132324
2007-04-01,Bologna,1577.24938965
2007-04-04,Bologna,1575.3581543
2007-04-05,Bologna,1576.68151855
2007-04-07,Bologna,1565.29260254
2007-04-11,Bologna,1560.11669922
2007-04-12,Bologna,1566.60974121
2007-04-14,Bologna,1555.97436523
2007-04-18,Bologna,1558.71728516
2007-04-22,Bologna,1564.51721191
2007-04-25,Bologna,1564.34155273
2007-04-29,Bologna,1557.24377441
2007-05-02,Bologna,1557.78234863
2007-05-03,Bologna,1564.86132812
2007-05-06,Bologna,1559.58886719
2007-05-13,Bologna,1557.46374512
2007-05-20,Bologna,1546.56811523
2007-05-24,Bologna,1549.34204102
2007-05-27,Bologna,1550.01574707
2007-06-04,Bologna,1553.1138916
2007-06-11,Bologna,1568.40637207
2007-08-15,Bologna,1566.49243164
2007-08-17,Bologna,1566.29699707
2007-08-26,Bologna,1563.07312012
2007-08-29,Bologna,1567.79211426
2007-08-31,Bologna,1562.8338623
2007-09-04,Bologna,1573.18847656
2007-09-10,Bologna,1576.4375
2007-09-16,Bologna,1565.52416992
2007-09-19,Bologna,1566.72131348
2007-09-20,Bologna,1564.40673828
2007-09-21,Bologna,1564.88574219
2007-09-23,Bologna,1575.19750977
2007-09-26,Bologna,1573.9263916
2007-09-30,Bologna,1572.13037109
2007-10-03,Bologna,1572.56860352
2007-10-04,Bologna,1569.87243652
2007-10-05,Bologna,1554.60449219
2007-10-07,Bologna,1561.09924316
2007-10-15,Bologna,1569.46813965
2007-10-21,Bologna,1572.58276367
2007-10-24,Bologna,1575.80004883
2007-10-25,Bologna,1576.22741699
2007-10-26,Bologna,1577.98193359
2007-10-28,Bologna,1577.63745117
2007-11-04,Bologna,1586.22131348
2007-11-07,Bologna,1593.08251953
2007-11-08,Bologna,1594.08666992
2007-11-09,Bologna,1594.7578125
2007-11-11,Bologna,1609.09899902
2007-11-25,Bologna,1613.96594238
2007-11-28,Bologna,1618.45202637
2007-11-29,Bologna,1614.79443359
2007-11-30,Bologna,1614.48876953
2007-12-02,Bologna,1612.2677002
2007-12-05,Bologna,1608.55310059
2007-12-09,Bologna,1614.12573242
2007-12-12,Bologna,1613.265625
2007-12-13,Bologna,1615.26428223
2007-12-16,Bologna,1617.61157227
2007-12-21,Bologna,1618.24987793
2007-12-23,Bologna,1608.85058594
2008-01-13,Bologna,1617.91625977
2008-01-20,Bologna,1617.27770996
2008-01-27,Bologna,1625.1887207
2008-01-28,Bologna,1625.1887207
2008-02-03,Bologna,1627.52893066
2008-02-10,Bologna,1623.13671875
2008-02-13,Bologna,1626.01257324
2008-02-14,Bologna,1626.01257324
2008-02-15,Bologna,1626.85961914
2008-02-16,Bologna,1626.85961914
2008-02-17,Bologna,1630.69189453
2008-02-20,Bologna,1627.87805176
2008-02-21,Bologna,1628.91772461
2008-02-22,Bologna,1629.32446289
2008-02-24,Bologna,1619.09851074
2008-03-02,Bologna,1621.12023926
2008-03-05,Bologna,1616.76489258
2008-03-06,Bologna,1622.77893066
2008-03-07,Bologna,1626.97680664
2008-03-09,Bologna,1629.28674316
2008-03-10,Bologna,1629.28674316
2008-03-12,Bologna,1626.40539551
2008-03-13,Bologna,1623.14086914
2008-03-16,Bologna,1609.3314209
2008-03-19,Bologna,1618.40356445
2008-03-22,Bologna,1621.09570312
2008-03-30,Bologna,1621.12072754
2008-04-02,Bologna,1618.73913574
2008-04-04,Bologna,1621.77307129
2008-04-06,Bologna,1626.91015625
2008-04-07,Bologna,1626.91015625
2008-04-10,Bologna,1626.53063965
2008-04-11,Bologna,1629.05273438
2008-04-13,Bologna,1632.56726074
2008-04-14,Bologna,1632.56726074
2008-04-15,Bologna,1632.56726074
2008-04-17,Bologna,1632.56726074
2008-04-20,Bologna,1626.77124023
2008-04-25,Bologna,1627.13464355
2008-04-27,Bologna,1619.93347168
2008-05-02,Bologna,1618.82336426
2008-05-04,Bologna,1621.61157227
2008-05-11,Bologna,1604.04382324
2008-05-18,Bologna,1609.37121582
2008-05-26,Bologna,1617.67907715
2008-06-02,Bologna,1621.65307617
2008-07-02,Bologna,1621.65307617
2008-07-31,Bologna,1621.65307617
2008-08-04,Bologna,1621.65307617
2008-08-10,Bologna,1621.65307617
2008-08-13,Bologna,1623.32299805
2008-08-14,Bologna,1623.82202148
2008-08-15,Bologna,1623.98522949
2008-08-17,Bologna,1623.98522949
2008-08-27,Bologna,1624.01123047
2008-08-28,Bologna,1624.18017578
2008-08-29,Bologna,1624.26757812
2008-08-31,Bologna,1624.26757812
2008-09-01,Bologna,1639.0201416
2008-09-15,Bologna,1629.09631348
2008-09-17,Bologna,1626.14257812
2008-09-18,Bologna,1628.72155762
2008-09-19,Bologna,1635.17956543
2008-09-21,Bologna,1635.17956543
2008-09-22,Bologna,1632.22875977
2008-09-25,Bologna,1616.42175293
2008-09-29,Bologna,1607.73840332
2008-10-01,Bologna,1603.12316895
2008-10-02,Bologna,1605.25512695
2008-10-03,Bologna,1596.00671387
2008-10-05,Bologna,1594.58947754
2008-10-20,Bologna,1607.93444824
2008-10-22,Bologna,1608.04650879
2008-10-23,Bologna,1607.70227051
2008-10-24,Bologna,1615.58178711
2008-10-27,Bologna,1609.61022949
2008-10-30,Bologna,1604.39221191
2008-11-03,Bologna,1592.83837891
2008-11-05,Bologna,1596.0682373
2008-11-06,Bologna,1601.47412109
2008-11-07,Bologna,1604.76635742
2008-11-09,Bologna,1608.15478516
2008-11-17,Bologna,1612.21374512
2008-11-24,Bologna,1611.10656738
2008-11-26,Bologna,1607.32751465
2008-11-27,Bologna,1603.9276123
2008-11-28,Bologna,1602.43835449
2008-12-01,Bologna,1607.00292969
2008-12-04,Bologna,1603.79736328
2008-12-08,Bologna,1606.75195312
2008-12-10,Bologna,1605.20043945
2008-12-11,Bologna,1604.0435791
2008-12-14,Bologna,1613.76953125
2008-12-18,Bologna,1612.16748047
2008-12-19,Bologna,1611.42248535
2008-12-22,Bologna,1614.29467773
2009-01-12,Bologna,1610.80810547
2009-01-19,Bologna,1621.68859863
2009-01-25,Bologna,1621.68859863
2009-01-26,Bologna,1612.46850586
2009-01-29,Bologna,1624.08850098
2009-02-01,Bologna,1624.08850098
2009-02-02,Bologna,1624.08850098
2009-02-03,Bologna,1614.6439209
2009-02-09,Bologna,1609.64892578
2009-02-15,Bologna,1613.37780762
2009-02-19,Bologna,1610.66333008
2009-02-20,Bologna,1607.41943359
2009-02-22,Bologna,1603.70666504
2009-02-25,Bologna,1602.10852051
2009-02-26,Bologna,1600.92297363
2009-02-27,Bologna,1592.66088867
2009-03-01,Bologna,1586.43395996
2009-03-09,Bologna,1600.35546875
2009-03-11,Bologna,1599.21765137
2009-03-12,Bologna,1598.45605469
2009-03-13,Bologna,1602.52233887
2009-03-15,Bologna,1598.91320801
2009-03-20,Bologna,1599.30603027
2009-03-23,Bologna,1590.63635254
2009-04-06,Bologna,1588.36743164
2009-04-10,Bologna,1586.18530273
2009-04-12,Bologna,1570.49682617
2009-04-17,Bologna,1569.50244141
2009-04-20,Bologna,1562.44519043
2009-04-27,Bologna,1576.43395996
2009-05-03,Bologna,1566.0892334
2009-05-11,Bologna,1568.35522461
2009-05-18,Bologna,1574.4588623
2009-05-25,Bologna,1578.60546875
2009-06-01,Bologna,1587.89819336
2009-07-31,Bologna,1588.49499512
2009-08-07,Bologna,1589.72033691
2009-08-19,Bologna,1591.19421387
2009-08-21,Bologna,1596.3737793
2009-08-23,Bologna,1598.53344727
2009-08-27,Bologna,1599.42700195
2009-08-28,Bologna,1600.48425293
2009-08-30,Bologna,1602.97583008
2009-09-14,Bologna,1589.42456055
2009-09-16,Bologna,1591.63134766
2009-09-17,Bologna,1590.11572266
2009-09-18,Bologna,1581.07531738
2009-09-21,Bologna,1579.08349609
2009-09-24,Bologna,1587.68688965
2009-09-28,Bologna,1595.29089355
2009-09-30,Bologna,1599.30371094
2009-10-01,Bologna,1595.02905273
2009-10-02,Bologna,1598.55578613
2009-10-05,Bologna,1588.90917969
2009-10-19,Bologna,1583.27856445
2009-10-21,Bologna,1583.13696289
2009-10-22,Bologna,1587.84851074
2009-10-23,Bologna,1587.45129395
2009-10-25,Bologna,1580.86413574
2009-10-29,Bologna,1587.79431152
2009-11-02,Bologna,1585.00231934
2009-11-04,Bologna,1586.16796875
2009-11-05,Bologna,1589.71142578
2009-11-06,Bologna,1591.47644043
2009-11-09,Bologna,1604.13061523
2009-11-22,Bologna,1599.80908203
2009-11-25,Bologna,1599.94311523
2009-11-26,Bologna,1595.67028809
2009-11-30,Bologna,1598.87780762
2009-12-03,Bologna,1595.48669434
2009-12-04,Bologna,1596.31152344
2009-12-07,Bologna,1605.23376465
2009-12-09,Bologna,1597.66064453
2009-12-10,Bologna,1603.15332031
2009-12-14,Bologna,1598.32226562
2009-12-17,Bologna,1599.94824219
2009-12-18,Bologna,1592.84338379
2010-01-07,Bologna,1586.20715332
2010-01-11,Bologna,1578.38110352
2010-01-18,Bologna,1593.17346191
2010-01-21,Bologna,1591.27099609
2010-01-25,Bologna,1598.68762207
2010-02-01,Bologna,1602.6340332
2010-02-08,Bologna,1605.92736816
2010-02-15,Bologna,1615.76525879
2010-02-17,Bologna,1613.86132812
2010-02-18,Bologna,1613.48388672
2010-02-19,Bologna,1614.56762695
2010-02-22,Bologna,1607.83752441
2010-02-25,Bologna,1609.48400879
2010-02-26,Bologna,1602.87011719
2010-03-01,Bologna,1615.32446289
2010-03-08,Bologna,1623.01013184
2010-03-10,Bologna,1622.38903809
2010-03-11,Bologna,1620.09558105
2010-03-12,Bologna,1623.29614258
2010-03-13,Bologna,1623.29614258
2010-03-15,Bologna,1622.62365723
2010-03-17,Bologna,1627.30187988
2010-03-18,Bologna,1627.30187988
2010-03-19,Bologna,1620.13977051
2010-03-22,Bologna,1612.9284668
2010-03-25,Bologna,1605.08044434
2010-03-28,Bologna,1599.90844727
2010-04-01,Bologna,1600.85546875
2010-04-04,Bologna,1598.02685547
2010-04-07,Bologna,1599.56689453
2010-04-12,Bologna,1589.65454102
2010-04-19,Bologna,1594.00708008
2010-04-21,Bologna,1598.31958008
2010-04-26,Bologna,1605.40063477
2010-04-29,Bologna,1606.53955078
2010-05-03,Bologna,1609.12988281
2010-05-10,Bologna,1607.72302246
2010-05-17,Bologna,1610.6418457
2010-05-23,Bologna,1614.38366699
2010-07-30,Bologna,1614.47875977
2010-08-06,Bologna,1614.49951172
2010-08-19,Bologna,1612.19812012
2010-08-20,Bologna,1614.31542969
2010-08-25,Bologna,1614.14074707
2010-08-27,Bologna,1615.58679199
2010-08-31,Bologna,1621.61499023
2010-09-12,Bologna,1621.61499023
2010-09-13,Bologna,1613.68945312
2010-09-15,Bologna,1612.36230469
2010-09-16,Bologna,1612.84399414
2010-09-17,Bologna,1605.65930176
2010-09-20,Bologna,1611.9864502
2010-09-23,Bologna,1618.64782715
2010-09-27,Bologna,1621.83789062
2010-09-29,Bologna,1623.04223633
2010-09-30,Bologna,1625.29797363
2010-10-01,Bologna,1626.60266113
2010-10-04,Bologna,1627.10717773
2010-10-16,Bologna,1627.10717773
2010-10-18,Bologna,1620.67663574
2010-10-20,Bologna,1612.95959473
2010-10-21,Bologna,1614.17724609
2010-10-22,Bologna,1605.32202148
2010-10-25,Bologna,1605.6270752
2010-11-01,Bologna,1598.09106445
2010-11-03,Bologna,1594.0670166
2010-11-04,Bologna,1597.74841309
2010-11-05,Bologna,1591.06176758
2010-11-07,Bologna,1598.49194336
2010-11-11,Bologna,1593.28466797
2010-11-15,Bologna,1598.40710449
2010-11-22,Bologna,1591.21374512
2010-11-24,Bologna,1598.08752441
2010-11-25,Bologna,1599.05090332
2010-12-02,Bologna,1594.50292969
2010-12-03,Bologna,1592.32141113
2010-12-06,Bologna,1604.26123047
2010-12-08,Bologna,1599.58166504
2010-12-09,Bologna,1599.21337891
2010-12-13,Bologna,1589.28259277
2010-12-16,Bologna,1591.01477051
2010-12-17,Bologna,1585.0567627
2010-12-20,Bologna,1587.96472168
2011-01-07,Bologna,1586.92016602
2011-01-10,Bologna,1600.70983887
2011-01-16,Bologna,1597.11669922
2011-01-24,Bologna,1607.91271973
2011-02-03,Bologna,1612.2286377
2011-02-07,Bologna,1617.35205078
2011-02-14,Bologna,1608.45666504
2011-02-16,Bologna,1606.02026367
2011-02-17,Bologna,1603.82800293
2011-02-18,Bologna,1603.44104004
2011-02-20,Bologna,1611.10632324
2011-02-24,Bologna,1601.43994141
2011-02-25,Bologna,1598.93286133
2011-02-27,Bologna,1615.43103027
2011-03-07,Bologna,1613.5032959
2011-03-09,Bologna,1611.82104492
2011-03-10,Bologna,1611.38781738
2011-03-14,Bologna,1619.16638184
2011-03-16,Bologna,1624.55749512
2011-03-20,Bologna,1624.55749512
2011-03-21,Bologna,1622.24560547
2011-04-03,Bologna,1609.72924805
2011-04-06,Bologna,1602.89257812
2011-04-11,Bologna,1592.12036133
2011-04-14,Bologna,1591.23999023
2011-04-18,Bologna,1581.6932373
2011-04-24,Bologna,1565.20739746
2011-05-02,Bologna,1562.93261719
2011-05-09,Bologna,1561.79992676
2011-05-16,Bologna,1566.29101562
2011-05-23,Bologna,1541.65527344
2011-07-29,Bologna,1539.40563965
2011-08-05,Bologna,1537.62023926
2011-08-17,Bologna,1537.07995605
2011-08-19,Bologna,1536.0279541
2011-08-25,Bologna,1534.13256836
2011-08-26,Bologna,1528.06420898
2011-09-12,Bologna,1522.26013184
2011-09-14,Bologna,1525.07678223
2011-09-15,Bologna,1522.67382812
2011-09-16,Bologna,1522.55786133
2011-09-19,Bologna,1508.69909668
2011-09-22,Bologna,1514.15966797
2011-09-25,Bologna,1507.91967773
2011-09-28,Bologna,1515.10498047
2011-09-29,Bologna,1516.09423828
2011-09-30,Bologna,1513.85559082
2011-10-03,Bologna,1509.93566895
2011-10-17,Bologna,1522.58337402
2011-10-19,Bologna,1527.78894043
2011-10-20,Bologna,1528.6036377
2011-10-21,Bologna,1531.56567383
2011-10-24,Bologna,1523.0333252
2011-10-27,Bologna,1534.83544922
2011-10-31,Bologna,1545.84094238
2011-11-02,Bologna,1544.14318848
2011-11-03,Bologna,1545.64331055
2011-11-04,Bologna,1543.05822754
2011-11-06,Bologna,1536.23840332
2011-11-21,Bologna,1525.53308105
2011-11-23,Bologna,1529.24267578
2011-11-24,Bologna,1527.87963867
2011-11-28,Bologna,1530.68017578
2011-12-01,Bologna,1531.1418457
2011-12-02,Bologna,1530.34655762
2011-12-05,Bologna,1537.82067871
2011-12-07,Bologna,1536.52111816
2011-12-08,Bologna,1537.62536621
2011-12-12,Bologna,1542.81921387
2011-12-15,Bologna,1545.78820801
2011-12-16,Bologna,1543.69494629
2011-12-19,Bologna,1538.44677734
2011-12-22,Bologna,1529.7265625
2012-01-09,Bologna,1541.71166992
2012-01-17,Bologna,1547.95739746
2012-01-23,Bologna,1547.67199707
2012-01-30,Bologna,1552.86975098
2012-02-06,Bologna,1553.67285156
2012-02-16,Bologna,1560.4510498
2012-02-17,Bologna,1555.45141602
2012-02-18,Bologna,1579.20556641
2012-02-22,Bologna,1594.55395508
2012-02-23,Bologna,1593.39245605
2012-02-24,Bologna,1598.49169922
2012-02-27,Bologna,1589.03869629
2012-03-05,Bologna,1592.93591309
2012-03-07,Bologna,1589.99035645
2012-03-08,Bologna,1592.36071777
2012-03-09,Bologna,1588.4473877
2012-03-12,Bologna,1605.53076172
2012-03-14,Bologna,1604.69445801
2012-03-15,Bologna,1598.09301758
2012-03-16,Bologna,1598.03955078
2012-03-19,Bologna,1595.88024902
2012-03-26,Bologna,1586.38415527
2012-03-29,Bologna,1586.7590332
2012-04-02,Bologna,1572.97668457
2012-04-04,Bologna,1571.61645508
2012-04-08,Bologna,1570.76208496
2012-04-13,Bologna,1577.53125
2012-04-23,Bologna,1584.32763672
2012-04-26,Bologna,1586.33007812
2012-04-30,Bologna,1591.85925293
2012-05-03,Bologna,1601.85375977
2012-05-07,Bologna,1615.14758301
2012-05-14,Bologna,1609.29821777
2012-08-03,Bologna,1610.33093262
2012-08-10,Bologna,1609.87207031
2012-08-23,Bologna,1611.2364502
2012-08-24,Bologna,1614.03613281
2012-08-27,Bologna,1604.11645508
2012-08-29,Bologna,1603.51867676
2012-08-31,Bologna,1603.34472656
2012-09-02,Bologna,1596.04870605
2012-09-17,Bologna,1607.27990723
2012-09-19,Bologna,1605.50549316
2012-09-20,Bologna,1606.95129395
2012-09-21,Bologna,1608.14880371
2012-09-24,Bologna,1603.41308594
2012-09-28,Bologna,1596.34326172
2012-10-01,Bologna,1609.84545898
2012-10-03,Bologna,1609.29638672
2012-10-04,Bologna,1612.94445801
2012-10-05,Bologna,1614.56225586
2012-10-08,Bologna,1608.17736816
2012-10-22,Bologna,1600.29370117
2012-10-24,Bologna,1598.12072754
2012-10-25,Bologna,1596.61901855
2012-10-26,Bologna,1588.22485352
2012-10-29,Bologna,1578.97839355
2012-11-01,Bologna,1576.84033203
2012-11-05,Bologna,1577.5012207
2012-11-07,Bologna,1577.18139648
2012-11-08,Bologna,1578.07629395
2012-11-09,Bologna,1580.1862793
2012-11-12,Bologna,1572.80847168
2012-11-19,Bologna,1583.34191895
2012-11-21,Bologna,1587.2713623
2012-11-22,Bologna,1591.79785156
2012-11-23,Bologna,1586.95361328
2012-11-26,Bologna,1579.04846191
2012-12-03,Bologna,1585.71960449
2012-12-05,Bologna,1582.0625
2012-12-06,Bologna,1586.0213623
2012-12-07,Bologna,1577.5012207
2012-12-11,Bologna,1578.74084473
2012-12-17,Bologna,1591.40795898
2012-12-23,Bologna,1582.78381348
2013-01-07,Bologna,1571.35595703
2013-01-13,Bologna,1584.72131348
2013-01-20,Bologna,1581.77075195
2013-01-28,Bologna,1581.62915039
2013-02-04,Bologna,1588.92565918
2013-02-11,Bologna,1585.60571289
2013-02-13,Bologna,1588.046875
2013-02-15,Bologna,1585.45837402
2013-02-18,Bologna,1579.84790039
2013-02-21,Bologna,1584.11962891
2013-02-22,Bologna,1589.49304199
2013-02-27,Bologna,1597.58679199
2013-03-04,Bologna,1607.94519043
2013-03-07,Bologna,1608.21398926
2013-03-08,Bologna,1610.28674316
2013-03-11,Bologna,1621.59277344
2013-03-13,Bologna,1616.66210938
2013-03-15,Bologna,1620.64562988
2013-03-17,Bologna,1614.39611816
2013-03-31,Bologna,1616.98339844
2013-04-03,Bologna,1614.99475098
2013-04-05,Bologna,1611.5390625
2013-04-07,Bologna,1608.44787598
2013-04-11,Bologna,1607.08276367
2013-04-12,Bologna,1605.87512207
2013-04-15,Bologna,1605.80603027
2013-04-22,Bologna,1602.60949707
2013-04-28,Bologna,1603.29772949
2013-05-06,Bologna,1589.92834473
2013-05-09,Bologna,1579.33093262
2013-05-13,Bologna,1594.22009277
2013-05-20,Bologna,1591.16699219
2013-08-02,Bologna,1591.43041992
2013-08-09,Bologna,1591.56591797
2013-08-21,Bologna,1592.06079102
2013-08-23,Bologna,1586.87133789
2013-08-26,Bologna,1580.58154297
2013-08-29,Bologna,1584.03674316
2013-08-30,Bologna,1582.75390625
2013-09-02,Bologna,1579.92956543
2013-09-16,Bologna,1584.25744629
2013-09-18,Bologna,1581.98742676
2013-09-19,Bologna,1587.41821289
2013-09-20,Bologna,1590.28369141
2013-09-23,Bologna,1579.66967773
2013-09-26,Bologna,1583.47460938
2013-09-30,Bologna,1575.14807129
2013-10-02,Bologna,1573.09570312
2013-10-03,Bologna,1571.23217773
2013-10-04,Bologna,1573.50854492
2013-10-07,Bologna,1556.29077148
2013-10-21,Bologna,1548.35180664
2013-10-23,Bologna,1552.84875488
2013-10-24,Bologna,1551.96325684
2013-10-25,Bologna,1551.83630371
2013-10-28,Bologna,1557.39575195
2013-10-31,Bologna,1576.27185059
2013-11-05,Bologna,1573.60424805
2013-11-06,Bologna,1574.84680176
2013-11-07,Bologna,1575.36218262
2013-11-08,Bologna,1577.49853516
2013-11-11,Bologna,1570.64355469
2013-11-25,Bologna,1572.16418457
2013-11-27,Bologna,1574.29650879
2013-11-28,Bologna,1574.95947266
2013-11-29,Bologna,1575.50512695
2013-12-01,Bologna,1578.71203613
2013-12-07,Bologna,1574.2635498
2013-12-12,Bologna,1574.26696777
2013-12-13,Bologna,1574.2767334
2013-12-16,Bologna,1569.31494141
2013-12-23,Bologna,1576.2088623
2014-01-07,Bologna,1566.30175781
2014-01-12,Bologna,1567.02539062
2014-01-20,Bologna,1571.515625
2014-01-27,Bologna,1573.2310791
2014-02-02,Bologna,1560.78308105
2014-02-10,Bologna,1572.14953613
2014-02-15,Bologna,1568.98925781
2014-02-20,Bologna,1567.8651123
2014-02-21,Bologna,1565.62524414
2014-02-23,Bologna,1561.0411377
2014-02-28,Bologna,1562.82421875
2014-03-03,Bologna,1565.52954102
2014-03-10,Bologna,1561.76782227
2014-03-12,Bologna,1560.25280762
2014-03-14,Bologna,1558.31787109
2014-03-17,Bologna,1550.03515625
2014-03-21,Bologna,1548.3326416
2014-03-24,Bologna,1555.70837402
2014-03-27,Bologna,1543.24755859
2014-03-30,Bologna,1532.3046875
2014-04-04,Bologna,1533.46777344
2014-04-06,Bologna,1538.37145996
2014-04-11,Bologna,1539.11779785
2014-04-14,Bologna,1541.54736328
2014-04-20,Bologna,1540.37805176
2014-04-25,Bologna,1538.80480957
2014-04-27,Bologna,1530.29150391
2014-05-02,Bologna,1527.76953125
2014-05-05,Bologna,1530.33447266
2014-05-12,Bologna,1520.93225098
2014-05-19,Bologna,1516.84301758
2014-07-02,Bologna,1516.84301758
2014-08-01,Bologna,1517.2590332
2014-08-08,Bologna,1517.47375488
2014-08-20,Bologna,1516.93896484
2014-08-22,Bologna,1516.47509766
2014-08-28,Bologna,1512.72412109
2014-08-29,Bologna,1514.31982422
2014-08-30,Bologna,1502.61181641
2014-09-08,Bologna,1496.5847168
2014-09-13,Bologna,1503.41552734
2014-09-17,Bologna,1504.05969238
2014-09-18,Bologna,1507.77844238
2014-09-19,Bologna,1514.66467285
2014-09-21,Bologna,1497.25463867
2014-09-24,Bologna,1504.76904297
2014-09-28,Bologna,1509.17480469
2014-10-01,Bologna,1511.04077148
2014-10-02,Bologna,1509.07299805
2014-10-03,Bologna,1514.19226074
2014-10-05,Bologna,1510.94885254
2014-10-13,Bologna,1518.50097656
2014-10-19,Bologna,1525.13220215
2014-10-22,Bologna,1521.38256836
2014-10-23,Bologna,1517.21179199
2014-10-24,Bologna,1513.58935547
2014-10-25,Bologna,1513.9041748
2014-10-28,Bologna,1518.23681641
2014-11-02,Bologna,1510.5
2014-11-05,Bologna,1511.46044922
2014-11-06,Bologna,1510.73510742
2014-11-07,Bologna,1505.86376953
2014-11-09,Bologna,1502.64233398
2014-11-16,Bologna,1490.17700195
2014-11-23,Bologna,1490.69726562
2014-11-26,Bologna,1490.76489258
2014-11-27,Bologna,1492.04626465
2014-11-28,Bologna,1494.92785645
2014-12-01,Bologna,1502.23022461
2014-12-07,Bologna,1503.57446289
2014-12-10,Bologna,1503.37573242
2014-12-11,Bologna,1500.58605957
2014-12-12,Bologna,1499.29577637
2014-12-14,Bologna,1495.19238281
2014-12-20,Bologna,1485.94616699
2014-12-25,Bologna,1492.50512695
2014-12-29,Bologna,1500.41113281
2015-01-20,Bologna,1504.17773438
2015-01-25,Bologna,1509.75048828
2015-02-01,Bologna,1505.80737305
2015-02-08,Bologna,1514.70422363
2015-02-15,Bologna,1509.68444824
2015-02-20,Bologna,1512.77038574
2015-02-22,Bologna,1519.45654297
2015-02-25,Bologna,1520.37585449
2015-02-27,Bologna,1535.68603516
2015-02-28,Bologna,1517.85632324
2015-03-04,Bologna,1513.84814453
2015-03-08,Bologna,1522.32116699
2015-03-13,Bologna,1521.05737305
2015-03-16,Bologna,1517.28027344
2015-03-19,Bologna,1521.31933594
2015-03-20,Bologna,1522.13354492
2015-03-22,Bologna,1520.12609863
2015-03-29,Bologna,1527.34960938
2015-04-02,Bologna,1515.63537598
2015-04-12,Bologna,1514.01379395
2015-04-15,Bologna,1515.21252441
2015-04-17,Bologna,1523.45178223
2015-04-19,Bologna,1519.83361816
2015-04-23,Bologna,1520.44604492
2015-04-24,Bologna,1524.24914551
2015-04-25,Bologna,1523.81884766
2015-04-28,Bologna,1532.11047363
2015-05-03,Bologna,1523.91333008
2015-05-06,Bologna,1525.7512207
2015-05-08,Bologna,1521.81262207
2015-05-10,Bologna,1517.68164062
2015-05-14,Bologna,1521.58544922
2015-05-15,Bologna,1516.12719727
2015-05-17,Bologna,1514.16894531
2015-05-23,Bologna,1518.51416016
2015-05-30,Bologna,1525.09509277
2015-06-03,Bologna,1508.3347168
2015-06-06,Bologna,1508.93334961
2015-06-07,Bologna,1506.70666504
2015-06-10,Bologna,1497.86779785
2015-07-02,Bologna,1497.86779785
2015-07-31,Bologna,1485.4005127
2015-08-07,Bologna,1485.88647461
2015-08-19,Bologna,1488.0402832
2015-08-23,Bologna,1486.22473145
2015-08-27,Bologna,1480.43457031
2015-08-30,Bologna,1473.90087891
2015-09-15,Bologna,1469.24365234
2015-09-16,Bologna,1473.0222168
2015-09-17,Bologna,1475.2310791
2015-09-18,Bologna,1474.14807129
2015-09-21,Bologna,1479.72729492
2015-09-24,Bologna,1477.25622559
2015-09-28,Bologna,1469.38574219
2015-09-30,Bologna,1465.53723145
2015-10-01,Bologna,1468.37634277
2015-10-02,Bologna,1475.34594727
2015-10-05,Bologna,1474.3248291
2015-10-19,Bologna,1467.69934082
2015-10-21,Bologna,1468.86462402
2015-10-22,Bologna,1467.01013184
2015-10-23,Bologna,1465.3092041
2015-10-25,Bologna,1476.9473877
2015-10-28,Bologna,1472.55200195
2015-11-02,Bologna,1489.42919922
2015-11-04,Bologna,1489.33947754
2015-11-05,Bologna,1491.56567383
2015-11-06,Bologna,1496.84399414
2015-11-08,Bologna,1514.37255859
2015-11-22,Bologna,1519.38659668
2015-11-25,Bologna,1518.38708496
2015-11-26,Bologna,1520.24597168
2015-11-27,Bologna,1523.72180176
2015-11-29,Bologna,1519.50610352
2015-12-07,Bologna,1533.38842773
2015-12-09,Bologna,1530.5670166
2015-12-10,Bologna,1528.375
2015-12-11,Bologna,1530.13562012
2015-12-13,Bologna,1543.22875977
2015-12-20,Bologna,1534.93762207
2016-01-07,Bologna,1549.08178711
2016-01-11,Bologna,1540.67956543
2016-01-18,Bologna,1543.63745117
2016-01-25,Bologna,1561.97424316
2016-02-01,Bologna,1569.08447266
2016-02-04,Bologna,1560.31433105
2016-02-07,Bologna,1563.75585938
2016-02-15,Bologna,1574.72546387
2016-02-18,Bologna,1573.76013184
2016-02-19,Bologna,1571.4744873
2016-02-20,Bologna,1578.29785156
2016-02-24,Bologna,1577.28369141
2016-02-26,Bologna,1573.55529785
2016-02-29,Bologna,1575.65881348
2016-03-07,Bologna,1571.90539551
2016-03-09,Bologna,1571.57409668
2016-03-11,Bologna,1572.63696289
2016-03-13,Bologna,1569.44226074
2016-03-17,Bologna,1566.53527832
2016-03-18,Bologna,1559.5279541
2016-03-21,Bologna,1550.52392578
2016-04-05,Bologna,1539.75
2016-04-12,Bologna,1546.94836426
2016-04-17,Bologna,1539.10742188
2016-04-20,Bologna,1534.81689453
2016-04-25,Bologna,1547.50219727
2016-05-02,Bologna,1550.53601074
2016-05-08,Bologna,1543.55480957
2016-05-16,Bologna,1547.48510742
2016-07-29,Bologna,1547.98034668
2016-08-05,Bologna,1551.23461914
2016-08-18,Bologna,1551.95581055
2016-08-19,Bologna,1553.78649902
2016-08-22,Bologna,1559.0057373
2016-08-24,Bologna,1549.31628418
2016-08-26,Bologna,1549.36242676
2016-08-29,Bologna,1539.56335449
2016-09-12,Bologna,1545.96435547
2016-09-14,Bologna,1549.06640625
2016-09-15,Bologna,1547.29089355
2016-09-16,Bologna,1544.68579102
2016-09-18,Bologna,1542.36157227
2016-09-22,Bologna,1552.24462891
2016-09-26,Bologna,1557.59729004
2016-09-28,Bologna,1560.08447266
2016-09-29,Bologna,1563.10961914
2016-09-30,Bologna,1556.49780273
2016-10-03,Bologna,1548.07531738
2016-10-17,Bologna,1553.59387207
2016-10-19,Bologna,1555.1862793
2016-10-20,Bologna,1550.6114502
2016-10-21,Bologna,1553.93310547
2016-10-24,Bologna,1555.45422363
2016-10-27,Bologna,1559.41992188
2016-10-30,Bologna,1552.90734863
2016-11-02,Bologna,1552.81933594
2016-11-03,Bologna,1550.26367188
2016-11-04,Bologna,1550.94445801
2016-11-07,Bologna,1547.49121094
2016-11-21,Bologna,1555.33044434
2016-11-23,Bologna,1559.38745117
2016-11-24,Bologna,1557.90344238
2016-11-25,Bologna,1550.50842285
2016-11-28,Bologna,1539.16186523
2016-12-06,Bologna,1533.07861328
2016-12-07,Bologna,1536.99291992
2016-12-08,Bologna,1537.57495117
2016-12-09,Bologna,1539.64147949
2016-12-10,Bologna,1533.68200684
2016-12-12,Bologna,1531.35339355
2016-12-19,Bologna,1545.92077637
2017-01-09,Bologna,1544.36523438
2017-01-15,Bologna,1552.33227539
2017-01-23,Bologna,1563.87756348
2017-01-30,Bologna,1565.82910156
2017-02-05,Bologna,1554.76611328
2017-02-09,Bologna,1547.23681641
2017-02-13,Bologna,1539.80236816
2017-02-16,Bologna,1539.01220703
2017-02-17,Bologna,1548.61621094
2017-02-20,Bologna,1542.57568359
2017-02-23,Bologna,1545.10925293
2017-02-24,Bologna,1537.12341309
2017-02-27,Bologna,1539.94885254
2017-03-06,Bologna,1531.73144531
2017-03-08,Bologna,1530.73327637
2017-03-10,Bologna,1527.07092285
2017-03-13,Bologna,1538.98864746
2017-03-15,Bologna,1539.53771973
2017-03-17,Bologna,1538.171875
2017-03-20,Bologna,1551.73730469
2017-04-03,Bologna,1548.36254883
2017-04-10,Bologna,1542.02746582
2017-04-12,Bologna,1548.34484863
2017-04-16,Bologna,1547.72436523
2017-04-20,Bologna,1549.5859375
2017-04-23,Bologna,1546.21826172
2017-05-01,Bologna,1561.47058105
2017-05-04,Bologna,1565.15734863
2017-05-08,Bologna,1554.46252441
2017-05-10,Bologna,1555.0958252
2017-05-15,Bologna,1560.22192383
2017-05-22,Bologna,1553.73474121
2017-05-28,Bologna,1551.91088867
2017-06-04,Bologna,1548.76452637
2017-07-28,Bologna,1549.53198242
2017-08-04,Bologna,1550.21337891
2017-08-17,Bologna,1551.80834961
2017-08-18,Bologna,1552.73474121
2017-08-21,Bologna,1553.23669434
2017-08-23,Bologna,1554.60925293
2017-08-25,Bologna,1554.7220459
2017-08-27,Bologna,1562.83435059
2017-09-11,Bologna,1558.19262695
2017-09-13,Bologna,1555.97302246
2017-09-14,Bologna,1553.06945801
2017-09-15,Bologna,1564.25622559
2017-09-17,Bologna,1560.44555664
2017-09-20,Bologna,1563.4543457
2017-09-25,Bologna,1574.94775391
2017-09-27,Bologna,1575.4630127
2017-09-28,Bologna,1576.99658203
2017-09-29,Bologna,1579.6809082
2017-10-01,Bologna,1588.62023926
2017-10-16,Bologna,1593.42468262
2017-10-18,Bologna,1591.68225098
2017-10-19,Bologna,1593.94372559
2017-10-20,Bologna,1596.79101562
2017-10-22,Bologna,1596.79101562
2017-10-23,Bologna,1593.32763672
2017-10-26,Bologna,1588.23291016
2017-10-29,Bologna,1586.61083984
2017-11-01,Bologna,1589.23718262
2017-11-02,Bologna,1584.75500488
2017-11-03,Bologna,1584.08300781
2017-11-05,Bologna,1572.52270508
2017-11-21,Bologna,1580.55432129
2017-11-22,Bologna,1582.39978027
2017-11-23,Bologna,1579.72790527
2017-11-24,Bologna,1585.29309082
2017-11-26,Bologna,1600.75878906
2017-11-30,Bologna,1600.75878906
2017-12-03,Bologna,1600.75878906
2017-12-04,Bologna,1598.05297852
2017-12-06,Bologna,1599.80615234
2017-12-07,Bologna,1595.06408691
2017-12-08,Bologna,1587.49291992
2017-12-09,Bologna,1587.49291992
2017-12-10,Bologna,1587.49291992
2017-12-11,Bologna,1583.07861328
2017-12-18,Bologna,1579.54003906
2017-12-23,Bologna,1589.09338379
2017-12-24,Bologna,1589.09338379
2017-12-31,Bologna,1580.42382812
2018-01-07,Bologna,1571.87316895
2018-01-22,Bologna,1578.41235352
2018-01-29,Bologna,1576.3079834
2018-02-05,Bologna,1568.87182617
2018-02-12,Bologna,1565.70141602
2018-02-14,Bologna,1563.84216309
2018-02-16,Bologna,1557.53503418
2018-02-19,Bologna,1564.55493164
2018-02-22,Bologna,1563.12927246
2018-02-23,Bologna,1568.09960938
2018-02-25,Bologna,1578.38037109
2018-03-04,Bologna,1569.48913574
2018-03-08,Bologna,1574.64440918
2018-03-09,Bologna,1569.34558105
2018-03-12,Bologna,1563.93151855
2018-03-14,Bologna,1567.33410645
2018-03-16,Bologna,1571.82250977
2018-03-19,Bologna,1577.9510498
2018-04-01,Bologna,1583.47338867
2018-04-04,Bologna,1577.90026855
2018-04-05,Bologna,1576.35168457
2018-04-06,Bologna,1579.47119141
2018-04-09,Bologna,1570.99682617
2018-04-11,Bologna,1577.76171875
2018-04-12,Bologna,1580.14697266
2018-04-13,Bologna,1573.22888184
2018-04-16,Bologna,1580.38427734
2018-04-19,Bologna,1574.74304199
2018-04-23,Bologna,1575.31115723
2018-04-25,Bologna,1572.08361816
2018-04-30,Bologna,1565.62341309
2018-05-03,Bologna,1566.59106445
2018-05-06,Bologna,1565.28686523
2018-05-14,Bologna,1555.11999512
2018-05-21,Bologna,1548.32678223
2018-07-27,Bologna,1547.1574707
2018-08-03,Bologna,1548.61181641
2018-08-10,Bologna,1549.03991699
2018-08-17,Bologna,1549.11181641
2018-08-20,Bologna,1539.64257812
2018-08-24,Bologna,1538.29003906
2018-08-27,Bologna,1538.80419922
2018-08-31,Bologna,1537.40234375
2018-09-02,Bologna,1529.15588379
2018-09-17,Bologna,1523.30737305
2018-09-19,Bologna,1526.08288574
2018-09-20,Bologna,1527.8605957
2018-09-21,Bologna,1528.97607422
2018-09-24,Bologna,1548.57177734
2018-09-27,Bologna,1547.59216309
2018-10-01,Bologna,1554.54931641
2018-10-03,Bologna,1556.45080566
2018-10-04,Bologna,1562.27050781
2018-10-05,Bologna,1558.79394531
2018-10-07,Bologna,1549.53564453
2018-10-22,Bologna,1551.68786621
2018-10-24,Bologna,1556.52172852
2018-10-25,Bologna,1556.86340332
2018-10-26,Bologna,1557.31970215
2018-10-29,Bologna,1561.24243164
2018-11-05,Bologna,1555.51782227
2018-11-07,Bologna,1555.92712402
2018-11-08,Bologna,1553.58129883
2018-11-09,Bologna,1555.40612793
2018-11-12,Bologna,1555.89550781
2018-11-26,Bologna,1558.28051758
2018-11-28,Bologna,1555.55493164
2018-11-29,Bologna,1555.49572754
2018-11-30,Bologna,1550.04040527
2018-12-02,Bologna,1541.61572266
2018-12-10,Bologna,1536.28356934
2018-12-12,Bologna,1533.18762207
2018-12-13,Bologna,1524.70629883
2018-12-14,Bologna,1516.95080566
2018-12-19,Bologna,1520.35498047
2018-12-23,Bologna,1522.11437988
2018-12-27,Bologna,1514.65087891
2018-12-30,Bologna,1513.45812988
2019-01-21,Bologna,1515.65039062
2019-01-28,Bologna,1493.00317383
2019-02-04,Bologna,1508.49182129
2019-02-11,Bologna,1508.0637207
2019-02-13,Bologna,1509.38146973
2019-02-15,Bologna,1508.54455566
2019-02-19,Bologna,1506.84570312
2019-02-21,Bologna,1500.69250488
2019-02-22,Bologna,1502.0534668
2019-02-25,Bologna,1500.7545166
2019-03-04,Bologna,1494.86096191
2019-03-07,Bologna,1490.29516602
2019-03-08,Bologna,1495.13220215
2019-03-11,Bologna,1505.72509766
2019-03-13,Bologna,1513.2989502
2019-03-15,Bologna,1507.88024902
2019-03-17,Bologna,1522.33483887
2019-04-01,Bologna,1529.99633789
2019-04-05,Bologna,1525.5111084
2019-04-09,Bologna,1534.2208252
2019-04-11,Bologna,1534.45422363
2019-04-12,Bologna,1531.5402832
2019-04-15,Bologna,1536.62634277
2019-04-17,Bologna,1530.06262207
2019-04-19,Bologna,1528.19934082
2019-04-21,Bologna,1543.53942871
2019-04-28,Bologna,1551.71179199
2019-05-07,Bologna,1548.25354004
2019-05-14,Bologna,1557.6315918
2019-05-21,Bologna,1562.57092285
2019-05-26,Bologna,1575.45751953
2019-07-26,Bologna,1575.89709473
2019-08-02,Bologna,1576.11535645
2019-08-09,Bologna,1577.69787598
2019-08-16,Bologna,1577.75292969
2019-08-23,Bologna,1574.47485352
2019-08-26,Bologna,1572.45031738
2019-08-30,Bologna,1571.13952637
2019-08-31,Bologna,1576.79614258
2019-09-16,Bologna,1584.18920898
2019-09-18,Bologna,1588.75708008
2019-09-19,Bologna,1584.07983398
2019-09-20,Bologna,1582.79455566
2019-09-23,Bologna,1577.38256836
2019-09-26,Bologna,1578.10644531
2019-09-30,Bologna,1570.62548828
2019-10-02,Bologna,1569.30517578
2019-10-03,Bologna,1567.54016113
2019-10-04,Bologna,1568.3848877
2019-10-07,Bologna,1569.3873291
2019-10-20,Bologna,1567.97216797
2019-10-23,Bologna,1567.65429688
2019-10-24,Bologna,1574.8059082
2019-10-25,Bologna,1570.99804688
2019-10-28,Bologna,1577.15307617
2019-10-31,Bologna,1570.52087402
2019-11-03,Bologna,1565.58007812
2019-11-06,Bologna,1562.94848633
2019-11-07,Bologna,1566.18469238
2019-11-08,Bologna,1560.02404785
2019-11-09,Bologna,1550.75671387
2019-11-25,Bologna,1548.33398438
2019-11-27,Bologna,1553.13598633
2019-11-28,Bologna,1559.37854004
2019-11-29,Bologna,1564.20715332
2019-12-02,Bologna,1579.10217285
2019-12-09,Bologna,1571.62231445
2019-12-11,Bologna,1571.36779785
2019-12-12,Bologna,1580.72753906
2019-12-13,Bologna,1573.73498535
2019-12-16,Bologna,1585.02124023
2019-12-23,Bologna,1592.30603027
2020-01-07,Bologna,1590.1472168
2020-01-13,Bologna,1585.50390625
2020-01-20,Bologna,1581.54870605
2020-01-26,Bologna,1592.93933105
2020-02-02,Bologna,1596.6340332
2020-02-03,Bologna,1596.6340332
2020-02-08,Bologna,1609.2668457
2020-02-09,Bologna,1609.2668457
2020-02-10,Bologna,1609.2668457
2020-02-16,Bologna,1589.11645508
2020-02-20,Bologna,1594.43029785
2020-02-21,Bologna,1597.07702637
2020-02-23,Bologna,1594.62207031
2020-02-26,Bologna,1594.68481445
2020-02-27,Bologna,1592.2935791
2020-02-28,Bologna,1593.75012207
2020-03-01,Bologna,1589.40283203
2020-03-11,Bologna,1591.19787598
2020-06-23,Bologna,1587.56616211
2020-06-29,Bologna,1596.44360352
2020-07-02,Bologna,1595.03344727
2020-07-06,Bologna,1609.01208496
2020-07-09,Bologna,1600.33483887
2020-07-10,Bologna,1600.33483887
2020-07-11,Bologna,1600.33483887
2020-07-13,Bologna,1600.97692871
2020-07-16,Bologna,1604.40087891
2020-07-19,Bologna,1596.7734375
2020-07-22,Bologna,1594.81091309
2020-07-27,Bologna,1599.17041016
2020-07-30,Bologna,1587.01928711
2020-08-03,Bologna,1585.5020752
2020-08-06,Bologna,1588.7935791
2020-08-07,Bologna,1585.5378418
2020-08-08,Bologna,1583.09570312
2020-08-09,Bologna,1581.41259766
2020-08-11,Bologna,1584.02941895
2020-08-13,Bologna,1581.91015625
2020-08-18,Bologna,1587.4498291
2020-08-22,Bologna,1584.50769043
2020-09-18,Bologna,1584.80456543
2020-09-22,Bologna,1580.58508301
2020-09-25,Bologna,1581.23254395
2020-09-29,Bologna,1592.79162598
2020-10-02,Bologna,1591.04418945
2020-10-05,Bologna,1583.06921387
2020-10-19,Bologna,1575.71240234
2020-10-21,Bologna,1583.1472168
2020-10-22,Bologna,1584.40563965
2020-10-23,Bologna,1584.46533203
2020-10-25,Bologna,1580.99621582
2020-10-28,Bologna,1579.75646973
2020-10-29,Bologna,1576.13867188
2020-10-30,Bologna,1577.84155273
2020-11-01,Bologna,1585.02661133
2020-11-04,Bologna,1579.49658203
2020-11-05,Bologna,1581.56445312
2020-11-06,Bologna,1577.77478027
2020-11-09,Bologna,1573.28173828
2020-11-23,Bologna,1583.18005371
2020-11-25,Bologna,1586.31921387
2020-11-26,Bologna,1589.671875
2020-11-27,Bologna,1592.49462891
2020-11-30,Bologna,1597.17724609
2020-12-02,Bologna,1597.98779297
2020-12-03,Bologna,1601.02941895
2020-12-04,Bologna,1603.03857422
2020-12-06,Bologna,1599.81835938
2020-12-09,Bologna,1605.07165527
2020-12-10,Bologna,1606.50195312
2020-12-11,Bologna,1600.07580566
2020-12-13,Bologna,1600.07580566
2020-12-14,Bologna,1590.64538574
2020-12-17,Bologna,1588.82531738
2020-12-21,Bologna,1589.12780762
2020-12-24,Bologna,1594.43896484
2020-12-27,Bologna,1594.43896484
2021-01-03,Bologna,1594.43896484
2021-01-04,Bologna,1596.73803711
2021-01-07,Bologna,1595.76171875
2021-01-10,Bologna,1583.57958984
2021-01-17,Bologna,1591.69445801
2021-01-25,Bologna,1588.89624023
2021-01-31,Bologna,1584.95837402
2021-02-08,Bologna,1598.19543457
2021-02-13,Bologna,1596.15844727
2021-02-15,Bologna,1596.15844727
2021-02-17,Bologna,1596.15844727
2021-02-18,Bologna,1594.22094727
2021-02-19,Bologna,1592.97460938
2021-02-21,Bologna,1595.71740723
2021-02-22,Bologna,1595.71740723
2021-02-24,Bologna,1594.57910156
2021-02-25,Bologna,1592.69580078
2021-02-26,Bologna,1595.29748535
2021-02-27,Bologna,1595.29748535
2021-02-28,Bologna,1611.47106934
2021-03-04,Bologna,1602.8449707
2021-03-05,Bologna,1602.8449707
2021-03-08,Bologna,1597.2142334
2021-03-10,Bologna,1595.83850098
2021-03-11,Bologna,1595.83850098
2021-03-12,Bologna,1601.72314453
2021-03-15,Bologna,1612.49926758
2021-03-17,Bologna,1610.05090332
2021-03-18,Bologna,1610.03955078
2021-03-19,Bologna,1608.89501953
2021-03-21,Bologna,1614.44018555
2021-04-02,Bologna,1614.44018555
2021-04-04,Bologna,1611.69592285
2021-04-05,Bologna,1611.69592285
2021-04-06,Bologna,1611.69592285
2021-04-07,Bologna,1611.69592285
2021-04-08,Bologna,1611.69592285
2021-04-09,Bologna,1614.9161377
2021-04-10,Bologna,1614.9161377
2021-04-11,Bologna,1614.9161377
2021-04-12,Bologna,1611.33666992
2021-04-13,Bologna,1611.33666992
2021-04-15,Bologna,1611.33666992
2021-04-16,Bologna,1612.34899902
2021-04-17,Bologna,1612.34899902
2021-04-19,Bologna,1621.14440918
2021-04-21,Bologna,1621.14440918
2021-04-22,Bologna,1619.75537109
2021-04-23,Bologna,1619.75537109
2021-04-26,Bologna,1614.30249023
2021-04-27,Bologna,1614.30249023
2021-04-30,Bologna,1612.12768555
2021-05-02,Bologna,1612.12768555
2021-05-03,Bologna,1611.15454102
2021-05-04,Bologna,1611.15454102
2021-05-06,Bologna,1611.15454102
2021-05-07,Bologna,1611.61865234
2021-05-09,Bologna,1612.85144043
2021-05-12,Bologna,1612.85144043
2021-05-13,Bologna,1598.80895996
2021-05-16,Bologna,1598.80895996
2021-05-17,Bologna,1598.80895996
2021-05-18,Bologna,1599.47460938
2021-05-23,Bologna,1599.47460938
2021-05-24,Bologna,1593.50939941
2021-08-20,Bologna,1594.2980957
2021-08-23,Bologna,1598.74035645
2021-08-24,Bologna,1598.74035645
2021-08-27,Bologna,1599.85192871
2021-08-28,Bologna,1599.85192871
2021-08-29,Bologna,1606.63659668
2021-08-30,Bologna,1606.63659668
2021-09-06,Bologna,1606.63659668
2021-09-07,Bologna,1606.63659668
2021-09-13,Bologna,1606.63659668
2021-09-14,Bologna,1612.82043457
2021-09-15,Bologna,1616.11462402
2021-09-16,Bologna,1611.65258789
2021-09-17,Bologna,1609.8079834
2021-09-19,Bologna,1605.70715332
2021-09-21,Bologna,1605.70715332
2021-09-22,Bologna,1604.37475586
2021-09-23,Bologna,1604.37475586
2021-09-26,Bologna,1604.37475586
2021-09-27,Bologna,1592.41931152
2021-09-29,Bologna,1587.93347168
2021-09-30,Bologna,1592.48596191
2021-10-01,Bologna,1590.87988281
2021-10-04,Bologna,1608.85217285
2021-10-18,Bologna,1609.54138184
2021-10-20,Bologna,1607.61450195
2021-10-21,Bologna,1607.9050293
2021-10-22,Bologna,1598.77880859
2021-10-24,Bologna,1593.02294922
2021-10-25,Bologna,1593.02294922
2021-10-29,Bologna,1588.90808105
2021-11-02,Bologna,1596.88757324
2021-11-03,Bologna,1598.64831543
2021-11-04,Bologna,1598.86254883
2021-11-05,Bologna,1598.89086914
2021-11-08,Bologna,1608.05639648
2021-11-14,Bologna,1608.05639648
2021-11-22,Bologna,1596.09069824
2021-11-24,Bologna,1592.69262695
2021-11-25,Bologna,1593.0501709
2021-11-26,Bologna,1598.22180176
2021-11-29,Bologna,1605.09716797
2021-11-30,Bologna,1605.09716797
2021-12-02,Bologna,1614.84655762
2021-12-05,Bologna,1614.84655762
2021-12-06,Bologna,1606.56884766
2021-12-07,Bologna,1606.56884766
2021-12-08,Bologna,1602.52929688
2021-12-09,Bologna,1603.08862305
2021-12-10,Bologna,1600.34912109
2021-12-11,Bologna,1600.34912109
2021-12-12,Bologna,1600.34912109
2021-12-13,Bologna,1593.01647949
2021-12-19,Bologna,1587.72607422
2021-12-23,Bologna,1606.64807129
2021-12-27,Bologna,1606.64807129
2021-12-28,Bologna,1606.64807129
2022-01-09,Bologna,1606.64807129
2022-01-11,Bologna,1606.64807129
2022-01-12,Bologna,1597.22363281
2022-01-13,Bologna,1597.22363281
2022-01-16,Bologna,1597.22363281
2022-01-18,Bologna,1591.52160645
2022-01-22,Bologna,1584.58776855
2022-02-07,Bologna,1583.17333984
2022-02-13,Bologna,1575.92138672
2022-02-17,Bologna,1573.68676758
2022-02-18,Bologna,1574.58911133
2022-02-22,Bologna,1580.89172363
2022-02-23,Bologna,1581.51611328
2022-02-25,Bologna,1578.90722656
2022-02-27,Bologna,1575.93322754
2022-03-07,Bologna,1575.55310059
2022-03-09,Bologna,1576.22546387
2022-03-11,Bologna,1578.43457031
2022-03-14,Bologna,1572.88549805
2022-03-17,Bologna,1566.11950684
2022-03-18,Bologna,1569.91882324
2022-03-21,Bologna,1566.19140625
2022-04-05,Bologna,1572.77770996
2022-04-08,Bologna,1572.1114502
2022-04-12,Bologna,1582.18200684
2022-04-15,Bologna,1582.77722168
2022-04-17,Bologna,1589.27575684
2022-04-25,Bologna,1588.6237793
2022-04-28,Bologna,1602.42248535
2022-04-29,Bologna,1603.21008301
2022-05-02,Bologna,1608.13647461
2022-05-06,Bologna,1611.24267578
2022-05-08,Bologna,1611.24267578
2022-05-09,Bologna,1599.93859863
2022-05-16,Bologna,1589.04040527
2022-05-22,Bologna,1597.06030273
2022-05-26,Bologna,1599.7166748
2022-08-15,Bologna,1595.68005371
2022-08-19,Bologna,1596.7869873
2022-08-22,Bologna,1596.53637695
2022-08-26,Bologna,1598.32751465
2022-08-28,Bologna,1595.07470703
2022-09-02,Bologna,1591.52380371
2022-09-05,Bologna,1591.16772461
2022-09-07,Bologna,1589.35229492
2022-09-08,Bologna,1592.87353516
2022-09-09,Bologna,1588.79016113
2022-09-12,Bologna,1597.27001953
2022-09-14,Bologna,1599.36120605
2022-09-15,Bologna,1601.41394043
2022-09-16,Bologna,1588.52148438
2022-09-18,Bologna,1577.75683594
2022-10-03,Bologna,1571.84143066
2022-10-05,Bologna,1582.71679688
2022-10-06,Bologna,1580.55395508
2022-10-07,Bologna,1578.49609375
2022-10-09,Bologna,1575.86071777
2022-10-12,Bologna,1566.35180664
2022-10-13,Bologna,1570.23901367
2022-10-14,Bologna,1570.54797363
2022-10-17,Bologna,1569.03088379
2022-10-24,Bologna,1577.01928711
2022-10-26,Bologna,1579.3996582
2022-10-27,Bologna,1582.13623047
2022-10-28,Bologna,1585.48828125
2022-11-01,Bologna,1593.23449707
2022-11-02,Bologna,1589.59570312
2022-11-03,Bologna,1590.55175781
2022-11-04,Bologna,1590.35070801
2022-11-07,Bologna,1598.59460449
2022-11-09,Bologna,1598.59460449
2022-11-10,Bologna,1593.25036621
2022-11-13,Bologna,1607.06994629
2022-12-09,Bologna,1607.06994629
2022-12-13,Bologna,1607.06994629
2022-12-25,Bologna,1607.06994629
2022-12-29,Bologna,1607.06994629
2022-12-30,Bologna,1607.06994629
2023-01-02,Bologna,1607.06994629
2023-01-05,Bologna,1602.89624023
2023-01-07,Bologna,1602.89624023
2023-01-10,Bologna,1597.14147949
2023-01-16,Bologna,1607.85241699
2023-01-17,Bologna,1607.85241699
2023-01-24,Bologna,1602.84387207
2023-01-25,Bologna,1602.84387207
2023-01-28,Bologna,1610.2454834
2023-01-30,Bologna,1610.2454834
2023-02-04,Bologna,1610.2454834
2023-02-05,Bologna,1610.2454834
2023-02-06,Bologna,1619.85925293
2023-02-07,Bologna,1619.85925293
2023-02-12,Bologna,1619.85925293
2023-02-13,Bologna,1609.81665039
2023-02-15,Bologna,1611.28637695
2023-02-17,Bologna,1616.59301758
2023-02-19,Bologna,1623.06274414
2023-02-20,Bologna,1623.06274414
2023-02-22,Bologna,1625.01660156
2023-02-23,Bologna,1626.36401367
2023-02-24,Bologna,1636.87756348
2023-02-26,Bologna,1636.87756348
2023-02-27,Bologna,1649.66748047
2023-03-04,Bologna,1649.66748047
2023-03-07,Bologna,1642.34020996
2023-03-08,Bologna,1639.38574219
2023-03-09,Bologna,1641.98962402
2023-03-10,Bologna,1646.38330078
2023-03-12,Bologna,1648.31799316
2023-03-13,Bologna,1648.31799316
2023-03-15,Bologna,1650.2668457
2023-03-16,Bologna,1651.44494629
2023-03-17,Bologna,1654.48571777
2023-03-19,Bologna,1652.8494873
2023-03-20,Bologna,1652.8494873
2023-04-03,Bologna,1666.7364502
2023-04-09,Bologna,1682.82214355
2023-04-10,Bologna,1682.82214355
2023-04-12,Bologna,1686.7208252
2023-04-14,Bologna,1688.20068359
2023-04-16,Bologna,1691.2520752
2023-04-17,Bologna,1691.2520752
2023-04-18,Bologna,1691.2520752
2023-04-20,Bologna,1692.09777832
2023-04-21,Bologna,1699.23095703
2023-04-22,Bologna,1689.78552246
2023-04-23,Bologna,1689.78552246
2023-04-24,Bologna,1689.78552246
2023-04-29,Bologna,1689.78552246
2023-05-01,Bologna,1692.50793457
2023-05-05,Bologna,1679.05554199
2023-05-07,Bologna,1679.05554199
2023-05-09,Bologna,1680.32824707
2023-05-12,Bologna,1677.78161621
2023-05-14,Bologna,1677.78161621
2023-05-15,Bologna,1679.89331055
2023-05-19,Bologna,1682.2298584
2023-05-20,Bologna,1682.2298584
2023-05-21,Bologna,1693.51416016
2023-05-22,Bologna,1693.51416016
2023-05-28,Bologna,1693.51416016
2023-05-29,Bologna,1697.93579102
2023-06-01,Bologna,1697.76904297
2023-06-04,Bologna,1697.76904297
2023-06-05,Bologna,1704.47351074
2023-06-08,Bologna,1701.99169922
2023-06-11,Bologna,1700.80700684
2023-08-13,Bologna,1700.80700684
2023-08-19,Bologna,1700.80700684
2023-08-20,Bologna,1700.80700684
2023-08-21,Bologna,1700.80700684
2023-08-22,Bologna,1692.31469727
2023-08-25,Bologna,1691.05004883
2023-08-27,Bologna,1691.05004883
2023-08-28,Bologna,1695.44128418
2023-09-01,Bologna,1697.27404785
2023-09-03,Bologna,1701.38781738
2023-09-19,Bologna,1700.52941895
2023-09-20,Bologna,1700.11889648
2023-09-21,Bologna,1700.99145508
2023-09-22,Bologna,1702.69641113
2023-09-24,Bologna,1702.69641113
2023-09-25,Bologna,1706.7109375
2023-09-29,Bologna,1706.57861328
2023-10-01,Bologna,1706.57861328
2023-10-02,Bologna,1714.22949219
2023-10-04,Bologna,1712.26965332
2023-10-05,Bologna,1715.10351562
2023-10-06,Bologna,1716.32214355
2023-10-08,Bologna,1722.22961426
2023-10-22,Bologna,1722.22961426
2023-10-23,Bologna,1726.93310547
2023-10-24,Bologna,1726.93310547
2023-10-25,Bologna,1729.17480469
2023-10-26,Bologna,1722.32641602
2023-10-27,Bologna,1723.47375488
2023-10-29,Bologna,1722.47314453
2023-10-31,Bologna,1722.47314453
2023-11-04,Bologna,1731.00561523
2023-11-05,Bologna,1731.00561523
2023-11-06,Bologna,1731.00561523
2023-11-08,Bologna,1735.12756348
2023-11-09,Bologna,1734.28918457
2023-11-10,Bologna,1731.12573242
2023-11-12,Bologna,1731.12573242
2023-11-13,Bologna,1724.40368652
2023-11-27,Bologna,1724.40368652
2023-11-28,Bologna,1733.35546875
2023-11-29,Bologna,1730.50817871
2023-11-30,Bologna,1728.14978027
2023-12-01,Bologna,1726.67382812
2023-12-03,Bologna,1726.67382812
2023-12-04,Bologna,1724.14428711
2023-12-07,Bologna,1724.14428711
2023-12-08,Bologna,1724.14428711
2023-12-10,Bologna,1724.14428711
2023-12-11,Bologna,1729.28881836
2023-12-13,Bologna,1729.04516602
2023-12-14,Bologna,1730.97717285
2023-12-15,Bologna,1732.7532959
2023-12-17,Bologna,1732.7532959
2023-12-18,Bologna,1744.01367188
2023-12-24,Bologna,1751.44873047
2023-12-31,Bologna,1734.38684082
2024-01-01,Bologna,1734.38684082
2024-01-04,Bologna,1734.38684082
2024-01-06,Bologna,1729.93640137
2024-01-15,Bologna,1718.82666016
2024-01-21,Bologna,1718.82666016
2024-01-23,Bologna,1718.82666016
2024-01-27,Bologna,1718.82666016
2024-01-28,Bologna,1723.66503906
2024-01-31,Bologna,1723.66503906
2024-02-04,Bologna,1729.54785156
2024-02-10,Bologna,1729.54785156
2024-02-12,Bologna,1737.25268555
2024-02-15,Bologna,1748.10974121
2024-02-16,Bologna,1750.89978027
2024-02-18,Bologna,1750.89978027
2024-02-19,Bologna,1761.16589355
2024-02-21,Bologna,1761.84082031
2024-02-22,Bologna,1761.21972656
2024-02-23,Bologna,1760.25524902
2024-02-24,Bologna,1764.76708984
2024-02-26,Bologna,1764.76708984
2024-02-27,Bologna,1764.76708984
2024-03-02,Bologna,1764.76708984
2024-03-04,Bologna,1775.02966309
2024-03-06,Bologna,1771.84387207
2024-03-07,Bologna,1772.53405762
2024-03-08,Bologna,1779.87341309
2024-03-10,Bologna,1775.56274414
2024-03-12,Bologna,1775.56274414
2024-03-13,Bologna,1772.38391113
2024-03-14,Bologna,1770.05126953
2024-03-15,Bologna,1774.64001465
2024-03-16,Bologna,1779.81677246
2024-04-02,Bologna,1783.67163086
2024-04-08,Bologna,1779.08422852
2024-04-11,Bologna,1779.08422852
2024-04-12,Bologna,1786.30822754
2024-04-14,Bologna,1782.3092041
2024-04-16,Bologna,1782.3092041
2024-04-17,Bologna,1782.3092041
2024-04-19,Bologna,1783.65539551
2024-04-22,Bologna,1783.65539551
2024-04-23,Bologna,1798.93286133
2024-04-25,Bologna,1798.93286133
2024-04-28,Bologna,1798.93286133
2024-04-29,Bologna,1793.70874023
2024-05-03,Bologna,1792.56604004
2024-05-04,Bologna,1791.53088379
2024-05-05,Bologna,1791.53088379
2024-05-07,Bologna,1791.53088379
2024-05-09,Bologna,1793.47094727
2024-05-10,Bologna,1796.00048828
2024-05-12,Bologna,1809.09130859
2024-05-20,Bologna,1809.09130859
2024-05-21,Bologna,1808.19360352
2024-05-23,Bologna,1813.59741211
2024-05-25,Bologna,1798.69665527
2024-05-30,Bologna,1795.25170898
2024-08-19,Bologna,1790.69116211
2024-08-23,Bologna,1790.03015137
2024-08-25,Bologna,1790.03015137
2024-08-26,Bologna,1776.82043457
2024-08-30,Bologna,1773.39746094
2024-09-01,Bologna,1768.72961426
2024-09-02,Bologna,1768.72961426
2024-09-14,Bologna,1768.72961426
2024-09-15,Bologna,1763.89599609
2024-09-18,Bologna,1762.58081055
2024-09-19,Bologna,1755.6072998
2024-09-20,Bologna,1755.67907715
2024-09-22,Bologna,1755.67907715
2024-09-23,Bologna,1762.60021973
2024-09-26,Bologna,1765.29040527
2024-09-27,Bologna,1764.26269531
2024-09-29,Bologna,1765.55249023
2024-09-30,Bologna,1765.55249023
2024-10-02,Bologna,1764.95788574
2024-10-03,Bologna,1765.26269531
2024-10-04,Bologna,1763.43823242
2024-10-05,Bologna,1763.43823242
2024-10-07,Bologna,1757.47924805
2024-10-20,Bologna,1756.0489502
2024-10-23,Bologna,1745.53027344
2024-10-24,Bologna,1743.82385254
2024-10-25,Bologna,1748.33374023
2024-10-30,Bologna,1756.14355469
2024-11-03,Bologna,1759.71606445
2024-11-06,Bologna,1753.38354492
2024-11-07,Bologna,1758.59606934
2024-11-08,Bologna,1754.76208496
2024-11-09,Bologna,1754.76208496
2024-11-10,Bologna,1754.76208496
2024-11-11,Bologna,1764.34020996
2024-11-25,Bologna,1754.89819336
2024-11-27,Bologna,1757.52075195
2024-11-28,Bologna,1745.73303223
2024-11-29,Bologna,1744.86401367
2024-12-01,Bologna,1750.20739746
2024-12-02,Bologna,1750.20739746
2024-12-03,Bologna,1750.20739746
2024-12-06,Bologna,1750.20739746
2024-12-08,Bologna,1754.13220215
2024-12-09,Bologna,1754.13220215
2024-12-11,Bologna,1748.70788574
2024-12-12,Bologna,1758.26965332
2024-12-13,Bologna,1763.47094727
2024-12-15,Bologna,1763.47094727
2024-12-16,Bologna,1771.81860352
2024-12-19,Bologna,1771.81860352
2024-12-20,Bologna,1770.81188965
2024-12-22,Bologna,1782.15917969
2024-12-23,Bologna,1782.15917969
2024-12-31,Bologna,1768.99536133
2025-01-01,Bologna,1768.99536133
2025-01-07,Bologna,1768.99536133
2025-01-11,Bologna,1768.99536133
2025-01-12,Bologna,1768.99536133
2025-01-13,Bologna,1767.97021484
2025-01-14,Bologna,1767.97021484
2025-01-16,Bologna,1774.38305664
2025-01-18,Bologna,1774.38305664
2025-01-19,Bologna,1779.9083252
2025-01-20,Bologna,1779.9083252
2025-01-22,Bologna,1787.98706055
2025-01-23,Bologna,1789.74353027
2025-01-24,Bologna,1788.49609375
2025-01-26,Bologna,1785.41271973
2025-01-27,Bologna,1785.41271973
2025-01-30,Bologna,1781.52856445
2025-01-31,Bologna,1779.26367188
2025-02-02,Bologna,1783.78088379
2025-02-03,Bologna,1783.78088379
2025-02-07,Bologna,1783.78088379
2025-02-10,Bologna,1780.06933594
2025-02-12,Bologna,1780.74157715
2025-02-13,Bologna,1778.60205078
2025-02-14,Bologna,1779.22888184
2025-02-15,Bologna,1784.90478516
2025-02-16,Bologna,1784.90478516
2025-02-19,Bologna,1774.1652832
2025-02-20,Bologna,1769.95056152
2025-02-21,Bologna,1771.84008789
2025-02-23,Bologna,1754.00708008
2025-02-24,Bologna,1754.00708008
2025-02-27,Bologna,1754.00708008
2025-02-28,Bologna,1761.85327148
2025-03-03,Bologna,1765.31237793
2025-03-06,Bologna,1766.49328613
2025-03-07,Bologna,1767.33508301
2025-03-09,Bologna,1767.33508301
2025-03-10,Bologna,1772.38879395
2025-03-12,Bologna,1772.84118652
2025-03-13,Bologna,1772.84118652
2025-03-14,Bologna,1771.05212402
2025-03-17,Bologna,1787.96337891
2025-03-30,Bologna,1791.78039551
2025-04-02,Bologna,1791.78039551
2025-04-03,Bologna,1791.78039551
2025-04-04,Bologna,1791.78039551
2025-04-07,Bologna,1791.78039551
2025-04-08,Bologna,1791.82910156
2025-04-09,Bologna,1793.94335938
2025-04-11,Bologna,1791.16271973
2025-04-14,Bologna,1783.01184082
2025-04-15,Bologna,1783.01184082
2025-04-17,Bologna,1783.33239746
2025-04-18,Bologna,1784.47680664
2025-04-20,Bologna,1784.47680664
2025-04-21,Bologna,1795.98620605
2025-04-22,Bologna,1795.98620605
2025-04-29,Bologna,1792.796875
2025-04-30,Bologna,1792.796875
2025-05-01,Bologna,1793.60742188
2025-05-02,Bologna,1792.58044434
2025-05-04,Bologna,1792.58044434
2025-05-05,Bologna,1791.60839844
2025-05-07,Bologna,1793.88500977
2025-05-09,Bologna,1791.75195312
2025-05-10,Bologna,1781.91027832
2025-05-11,Bologna,1781.91027832
2025-05-17,Bologna,1781.91027832
2025-05-19,Bologna,1774.10900879
2025-05-25,Bologna,1756.56286621
2025-06-01,Bologna,1751.0592041
2025-07-28,Bologna,1751.0592041
2025-08-01,Bologna,1751.0592041
2025-08-16,Bologna,1751.0592041
2025-08-20,Bologna,1751.0592041
2025-08-22,Bologna,1751.24255371
2025-08-24,Bologna,1745.84863281
2025-08-29,Bologna,1745.97021484
2025-08-31,Bologna,1751.06591797
2025-09-14,Bologna,1751.06591797
2025-09-15,Bologna,1744.81103516
2025-09-17,Bologna,1744.00317383
2025-09-18,Bologna,1744.0246582
2025-09-19,Bologna,1742.30371094
2025-09-21,Bologna,1747.33215332
2025-09-22,Bologna,1747.33215332
2025-09-23,Bologna,1747.33215332
2025-09-25,Bologna,1749.38916016
2025-09-26,Bologna,1744.31738281
2025-09-29,Bologna,1740.51184082
2025-09-30,Bologna,1740.51184082
2025-10-01,Bologna,1742.71789551
2025-10-02,Bologna,1744.81030273
2025-10-03,Bologna,1736.39709473
2025-10-05,Bologna,1736.39709473
2025-10-06,Bologna,1742.01660156
2025-10-20,Bologna,1750.51794434
2025-10-22,Bologna,1749.00085449
2025-10-23,Bologna,1746.15063477
2025-10-24,Bologna,1747.14282227
2025-10-26,Bologna,1747.14282227
2025-10-27,Bologna,1747.5255127
2025-10-28,Bologna,1747.5255127
2025-10-30,Bologna,1744.35717773
2025-11-02,Bologna,1744.35717773
2025-11-03,Bologna,1751.96447754
2025-11-04,Bologna,1751.96447754
2025-11-05,Bologna,1749.84509277
2025-11-06,Bologna,1752.74719238
2025-11-07,Bologna,1743.38635254
2025-11-10,Bologna,1756.13500977
2025-11-22,Bologna,1756.13500977
2025-11-23,Bologna,1766.14941406
2025-11-26,Bologna,1768.96435547
2025-11-27,Bologna,1772.13183594
2025-11-28,Bologna,1772.62145996
2025-11-29,Bologna,1772.62145996
2025-11-30,Bologna,1772.62145996
2025-12-01,Bologna,1772.62145996
2025-12-02,Bologna,1752.76147461
2025-12-07,Bologna,1752.76147461
2025-12-08,Bologna,1754.14196777
2025-12-10,Bologna,1753.51953125
2025-12-11,Bologna,1751.20141602
2025-12-12,Bologna,1765.92675781
2025-12-15,Bologna,1757.24621582
2025-12-19,Bologna,1753.83691406
2025-12-21,Bologna,1753.83691406
2025-12-29,Bologna,1749.17687988
2026-01-01,Bologna,1749.17687988
2026-01-02,Bologna,1749.17687988
2026-01-05,Bologna,1744.68347168
2026-01-08,Bologna,1733.75817871
2026-01-11,Bologna,1734.66015625
2026-01-12,Bologna,1734.66015625
2026-01-16,Bologna,1739.72387695
2026-01-19,Bologna,1728.49353027
2026-01-21,Bologna,1724.17858887
2026-01-22,Bologna,1722.85217285
2026-01-23,Bologna,1716.43835449
2026-01-25,Bologna,1716.43835449
2026-01-26,Bologna,1707.08190918
2026-01-29,Bologna,1705.44494629
2026-01-30,Bologna,1711.93200684
2026-02-04,Bologna,1700.98901367
2026-02-07,Bologna,1700.98901367
2026-02-09,Bologna,1688.95690918
2026-02-10,Bologna,1688.95690918
2026-02-12,Bologna,1688.95690918
2026-02-15,Bologna,1688.95690918
2026-02-16,Bologna,1696.58630371
2026-02-18,Bologna,1689.96813965
2026-02-19,Bologna,1687.1583252
2026-02-20,Bologna,1694.40429688
2026-02-23,Bologna,1694.40429688
2026-02-24,Bologna,1699.48986816
2026-02-25,Bologna,1692.39001465
2026-02-26,Bologna,1697.08203125
2026-02-27,Bologna,1699.64868164
2026-03-01,Bologna,1699.64868164
2026-03-02,Bologna,1699.64868164
2026-03-03,Bologna,1703.95935059
2026-03-04,Bologna,1703.95935059
2026-03-07,Bologna,1703.95935059
2026-03-09,Bologna,1690.33398438
2026-03-10,Bologna,1690.33398438
2026-03-11,Bologna,1688.67456055
2026-03-12,Bologna,1688.67456055
2026-03-13,Bologna,1687.71972656
2026-03-16,Bologna,1695.39782715
2026-03-19,Bologna,1694.5213623
2026-03-20,Bologna,1711.75390625
2026-03-21,Bologna,1711.75390625
2026-03-23,Bologna,1698.16479492
2026-04-06,Bologna,1703.50183105
2026-04-09,Bologna,1703.50183105
2026-04-10,Bologna,1695.52978516
2026-04-11,Bologna,1695.52978516
2026-04-13,Bologna,1700.69116211
2026-04-14,Bologna,1700.69116211
2026-04-17,Bologna,1694.50744629
2026-04-20,Bologna,1688.11804199
2026-04-23,Bologna,1688.11804199
2026-04-24,Bologna,1688.11804199
2026-04-26,Bologna,1677.44104004
2026-05-01,Bologna,1677.44104004
2026-05-03,Bologna,1677.44104004
2026-05-04,Bologna,1673.31420898
2026-05-11,Bologna,1673.31420898
2026-05-12,Bologna,1685.59570312
2026-05-14,Bologna,1685.59570312
2026-05-18,Bologna,1697.29626465
2026-05-24,Bologna,1701.2779541
2026-06-08,Bologna,1701.2779541
