date_elo,team_elo,elo
1946-07-07,Roma,1722.61303711
1946-09-23,Roma,1729.93457031
1946-09-30,Roma,1720.10925293
1946-10-07,Roma,1729.40771484
1946-10-14,Roma,1743.65002441
1946-10-21,Roma,1753.12194824
1946-10-28,Roma,1737.11376953
1946-11-04,Roma,1741.69885254
1946-11-11,Roma,1733.9621582
1946-11-13,Roma,1714.87597656
1946-11-25,Roma,1717.48156738
1946-12-08,Roma,1719.48156738
1946-12-09,Roma,1717.64282227
1946-12-16,Roma,1725.79138184
1946-12-23,Roma,1716.39587402
1946-12-30,Roma,1723.33496094
1947-01-06,Roma,1716.23486328
1947-01-13,Roma,1732.73461914
1947-01-20,Roma,1729.89318848
1947-01-27,Roma,1721.17871094
1947-02-03,Roma,1715.77319336
1947-02-17,Roma,1705.88000488
1947-02-24,Roma,1695.85205078
1947-03-03,Roma,1698.90014648
1947-03-10,Roma,1705.56481934
1947-03-17,Roma,1694.15319824
1947-03-24,Roma,1689.02380371
1947-03-31,Roma,1679.52661133
1947-04-07,Roma,1679.7902832
1947-04-14,Roma,1674.11401367
1947-04-21,Roma,1679.92553711
1947-04-29,Roma,1682.92553711
1947-05-05,Roma,1680.15136719
1947-05-15,Roma,1683.15136719
1947-05-19,Roma,1687.3536377
1947-05-26,Roma,1677.31384277
1947-06-02,Roma,1680.22473145
1947-06-09,Roma,1688.81665039
1947-06-16,Roma,1686.69702148
1947-06-23,Roma,1706.70837402
1947-06-30,Roma,1704.36437988
1947-07-07,Roma,1690.34082031
1947-09-15,Roma,1685.32958984
1947-09-22,Roma,1690.9041748
1947-09-29,Roma,1686.06030273
1947-10-06,Roma,1673.33215332
1947-10-13,Roma,1678.07678223
1947-10-27,Roma,1687.93078613
1947-11-03,Roma,1682.59057617
1947-11-16,Roma,1653.59057617
1947-11-17,Roma,1665.83374023
1947-11-24,Roma,1652.27819824
1947-12-01,Roma,1656.5723877
1947-12-08,Roma,1663.13195801
1947-12-19,Roma,1667.13195801
1947-12-22,Roma,1678.11108398
1947-12-29,Roma,1670.16113281
1948-01-02,Roma,1661.81896973
1948-01-05,Roma,1678.42358398
1948-01-12,Roma,1669.78881836
1948-01-19,Roma,1661.83728027
1948-01-26,Roma,1665.89819336
1948-02-02,Roma,1674.93945312
1948-02-09,Roma,1673.1159668
1948-02-16,Roma,1662.14782715
1948-02-23,Roma,1657.73779297
1948-03-01,Roma,1653.64904785
1948-03-08,Roma,1651.65429688
1948-03-15,Roma,1638.13049316
1948-03-29,Roma,1643.56396484
1948-04-06,Roma,1649.56396484
1948-04-12,Roma,1652.61914062
1948-04-22,Roma,1637.4017334
1948-04-26,Roma,1644.828125
1948-05-03,Roma,1650.74804688
1948-05-07,Roma,1646.9552002
1948-05-10,Roma,1651.87121582
1948-05-18,Roma,1624.87121582
1948-05-24,Roma,1620.96313477
1948-05-28,Roma,1628.921875
1948-05-31,Roma,1637.45336914
1948-06-07,Roma,1633.71362305
1948-06-14,Roma,1617.99536133
1948-06-21,Roma,1621.53417969
1948-06-28,Roma,1624.87597656
1948-07-05,Roma,1620.28234863
1948-09-20,Roma,1632.96948242
1948-09-27,Roma,1639.66027832
1948-10-04,Roma,1638.05297852
1948-10-11,Roma,1629.02661133
1948-10-18,Roma,1624.9987793
1948-10-25,Roma,1649.31726074
1948-11-01,Roma,1653.89355469
1948-11-05,Roma,1658.2689209
1948-11-08,Roma,1664.91418457
1948-11-15,Roma,1649.08361816
1948-11-22,Roma,1643.25012207
1948-11-29,Roma,1648.7043457
1948-12-06,Roma,1642.00061035
1948-12-09,Roma,1622.51489258
1948-12-13,Roma,1628.03076172
1948-12-20,Roma,1632.0020752
1948-12-27,Roma,1638.18115234
1949-01-03,Roma,1641.8458252
1949-01-07,Roma,1633.5826416
1949-01-10,Roma,1629.62890625
1949-01-17,Roma,1625.59716797
1949-01-24,Roma,1620.81335449
1949-01-31,Roma,1617.13903809
1949-02-07,Roma,1621.47839355
1949-02-14,Roma,1617.07019043
1949-02-21,Roma,1614.54821777
1949-03-06,Roma,1616.54821777
1949-03-07,Roma,1621.16796875
1949-03-14,Roma,1616.70324707
1949-03-21,Roma,1613.05041504
1949-04-03,Roma,1625.05041504
1949-04-04,Roma,1621.0045166
1949-04-11,Roma,1619.25183105
1949-04-18,Roma,1622.6237793
1949-04-26,Roma,1616.16088867
1949-05-01,Roma,1611.63024902
1949-05-09,Roma,1616.48937988
1949-05-16,Roma,1607.23547363
1949-05-26,Roma,1613.23547363
1949-05-30,Roma,1607.52294922
1949-06-06,Roma,1614.88989258
1949-06-17,Roma,1610.88989258
1949-06-30,Roma,1522.6973877
1949-07-03,Roma,1529.03491211
1949-09-12,Roma,1533.94018555
1949-09-19,Roma,1531.01550293
1949-09-26,Roma,1518.62536621
1949-10-03,Roma,1513.97509766
1949-10-10,Roma,1521.87976074
1949-10-17,Roma,1517.93981934
1949-10-21,Roma,1507.61254883
1949-10-24,Roma,1501.75634766
1949-10-31,Roma,1517.76574707
1949-11-07,Roma,1523.84191895
1949-11-14,Roma,1529.18212891
1949-11-21,Roma,1526.51049805
1949-12-05,Roma,1522.27282715
1949-12-09,Roma,1528.43273926
1949-12-12,Roma,1526.50109863
1949-12-19,Roma,1528.70056152
1949-12-25,Roma,1536.86975098
1950-01-02,Roma,1553.03405762
1950-01-09,Roma,1561.29248047
1950-01-17,Roma,1555.95141602
1950-01-23,Roma,1563.20373535
1950-02-06,Roma,1560.37182617
1950-02-10,Roma,1553.68334961
1950-02-13,Roma,1550.08068848
1950-02-20,Roma,1547.64624023
1950-02-24,Roma,1545.88562012
1950-02-27,Roma,1550.09265137
1950-03-13,Roma,1546.45910645
1950-03-20,Roma,1542.36901855
1950-03-27,Roma,1537.42419434
1950-04-10,Roma,1522.08178711
1950-04-17,Roma,1516.85595703
1950-04-24,Roma,1506.27111816
1950-05-01,Roma,1516.89331055
1950-05-08,Roma,1510.41113281
1950-05-15,Roma,1515.34069824
1950-05-22,Roma,1519.80895996
1950-05-29,Roma,1518.09692383
1950-06-15,Roma,1491.15844727
1950-06-17,Roma,1475.77526855
1950-09-11,Roma,1471.78405762
1950-09-18,Roma,1460.09130859
1950-09-25,Roma,1456.78015137
1950-10-02,Roma,1466.65087891
1950-10-09,Roma,1464.96325684
1950-10-16,Roma,1456.47729492
1950-10-23,Roma,1453.99768066
1950-10-30,Roma,1450.44470215
1950-11-06,Roma,1455.81921387
1950-11-13,Roma,1464.78613281
1950-11-20,Roma,1462.98498535
1950-11-27,Roma,1458.55273438
1950-12-04,Roma,1456.15100098
1950-12-11,Roma,1452.64038086
1950-12-18,Roma,1449.67822266
1950-12-25,Roma,1458.79968262
1951-01-01,Roma,1465.26379395
1951-01-08,Roma,1463.15649414
1951-01-15,Roma,1462.32556152
1951-01-22,Roma,1459.79980469
1951-01-29,Roma,1454.96289062
1951-02-05,Roma,1466.45874023
1951-02-12,Roma,1462.05419922
1951-02-19,Roma,1482.78137207
1951-02-26,Roma,1481.09277344
1951-03-05,Roma,1475.31335449
1951-03-12,Roma,1471.98815918
1951-03-19,Roma,1459.09936523
1951-03-26,Roma,1457.16467285
1951-04-02,Roma,1464.21130371
1951-04-16,Roma,1470.54284668
1951-04-23,Roma,1476.31860352
1951-04-30,Roma,1463.21240234
1951-05-14,Roma,1472.78942871
1951-05-21,Roma,1469.9465332
1951-05-28,Roma,1476.10620117
1951-06-11,Roma,1489.3034668
1951-06-18,Roma,1500.86315918
1951-06-21,Roma,1524.21606445
1951-06-25,Roma,1536.96618652
1951-07-02,Roma,1536.96618652
1951-09-10,Roma,1539.16247559
1951-09-17,Roma,1541.50671387
1951-09-24,Roma,1543.56555176
1951-10-01,Roma,1553.31384277
1951-10-08,Roma,1555.46386719
1951-10-15,Roma,1571.47436523
1951-10-22,Roma,1573.74780273
1951-10-29,Roma,1580.60095215
1951-11-05,Roma,1568.04089355
1951-11-19,Roma,1556.94897461
1951-12-03,Roma,1560.11474609
1951-12-10,Roma,1570.82263184
1951-12-17,Roma,1573.22827148
1951-12-24,Roma,1577.03527832
1951-12-31,Roma,1570.57312012
1952-01-07,Roma,1574.62329102
1952-01-14,Roma,1584.07727051
1952-01-21,Roma,1584.38537598
1952-01-28,Roma,1586.44433594
1952-02-04,Roma,1586.41967773
1952-02-11,Roma,1588.65539551
1952-02-18,Roma,1576.25256348
1952-03-03,Roma,1579.10681152
1952-03-10,Roma,1568.34265137
1952-03-17,Roma,1562.11901855
1952-03-24,Roma,1562.24316406
1952-03-31,Roma,1565.00170898
1952-04-07,Roma,1559.35461426
1952-04-14,Roma,1563.13964844
1952-04-21,Roma,1564.03723145
1952-04-28,Roma,1565.51416016
1952-05-05,Roma,1562.56933594
1952-05-12,Roma,1580.44348145
1952-05-26,Roma,1575.08850098
1952-06-02,Roma,1567.79907227
1952-06-09,Roma,1572.93737793
1952-06-16,Roma,1578.79858398
1952-06-23,Roma,1579.57128906
1952-06-27,Roma,1548.78100586
1952-06-29,Roma,1556.71923828
1952-07-07,Roma,1556.71923828
1952-09-15,Roma,1567.64331055
1952-09-22,Roma,1573.81506348
1952-09-29,Roma,1585.23498535
1952-10-06,Roma,1594.36499023
1952-10-13,Roma,1596.50695801
1952-10-20,Roma,1602.3848877
1952-11-03,Roma,1605.07226562
1952-11-10,Roma,1599.25842285
1952-11-17,Roma,1595.55432129
1952-11-24,Roma,1606.2791748
1952-12-01,Roma,1595.48608398
1952-12-08,Roma,1590.11914062
1952-12-15,Roma,1611.52099609
1952-12-22,Roma,1609.79602051
1953-01-05,Roma,1617.99951172
1953-01-12,Roma,1622.71728516
1953-01-19,Roma,1616.70581055
1953-01-26,Roma,1611.01245117
1953-02-02,Roma,1604.46191406
1953-02-09,Roma,1608.23327637
1953-02-16,Roma,1605.04650879
1953-02-23,Roma,1607.89758301
1953-03-02,Roma,1601.6607666
1953-03-09,Roma,1604.64013672
1953-03-16,Roma,1596.74658203
1953-03-23,Roma,1579.67041016
1953-03-30,Roma,1574.51623535
1953-04-06,Roma,1572.76635742
1953-04-13,Roma,1576.75317383
1953-04-20,Roma,1571.74291992
1953-05-04,Roma,1586.7064209
1953-05-11,Roma,1592.5567627
1953-05-25,Roma,1585.48986816
1953-06-01,Roma,1581.3782959
1953-06-05,Roma,1591.70837402
1953-06-08,Roma,1555.77893066
1953-09-14,Roma,1562.64611816
1953-09-21,Roma,1556.8145752
1953-09-28,Roma,1562.95654297
1953-10-05,Roma,1565.77880859
1953-10-12,Roma,1561.31506348
1953-10-19,Roma,1565.17687988
1953-10-26,Roma,1565.22277832
1953-11-02,Roma,1567.38305664
1953-11-09,Roma,1574.83642578
1953-11-23,Roma,1588.65136719
1953-11-30,Roma,1583.82006836
1953-12-07,Roma,1580.26708984
1953-12-21,Roma,1575.49597168
1953-12-28,Roma,1573.72155762
1954-01-04,Roma,1585.32629395
1954-01-11,Roma,1588.21520996
1954-01-18,Roma,1602.25427246
1954-02-01,Roma,1595.18066406
1954-02-08,Roma,1584.69262695
1954-02-15,Roma,1578.359375
1954-02-22,Roma,1572.62866211
1954-03-01,Roma,1575.53039551
1954-03-08,Roma,1582.11999512
1954-03-15,Roma,1588.62109375
1954-03-22,Roma,1592.6151123
1954-03-29,Roma,1583.54541016
1954-04-05,Roma,1587.52978516
1954-04-19,Roma,1597.66784668
1954-04-26,Roma,1597.61340332
1954-05-03,Roma,1602.57800293
1954-05-10,Roma,1598.64746094
1954-05-17,Roma,1583.09484863
1954-05-24,Roma,1583.82434082
1954-05-31,Roma,1575.52490234
1954-09-20,Roma,1584.88366699
1954-09-27,Roma,1587.8527832
1954-10-04,Roma,1588.18566895
1954-10-11,Roma,1577.1307373
1954-10-18,Roma,1579.33203125
1954-10-25,Roma,1576.82336426
1954-11-01,Roma,1591.44665527
1954-11-08,Roma,1591.21582031
1954-11-15,Roma,1594.26123047
1954-11-22,Roma,1596.88537598
1954-12-13,Roma,1605.59326172
1954-12-20,Roma,1609.50830078
1954-12-27,Roma,1613.29455566
1955-01-03,Roma,1607.34411621
1955-01-07,Roma,1608.81713867
1955-01-24,Roma,1610.23718262
1955-01-31,Roma,1612.71374512
1955-02-07,Roma,1616.4876709
1955-02-14,Roma,1609.50671387
1955-02-21,Roma,1602.2331543
1955-02-28,Roma,1618.55749512
1955-03-07,Roma,1599.71923828
1955-03-14,Roma,1593.15283203
1955-03-21,Roma,1604.53173828
1955-04-04,Roma,1609.73132324
1955-04-11,Roma,1603.98718262
1955-04-18,Roma,1608.07629395
1955-04-25,Roma,1627.14538574
1955-05-02,Roma,1615.40612793
1955-05-09,Roma,1616.70544434
1955-05-16,Roma,1611.93237305
1955-06-06,Roma,1607.50915527
1955-06-13,Roma,1611.95800781
1955-06-20,Roma,1625.30554199
1955-06-24,Roma,1601.60632324
1955-06-26,Roma,1612.85180664
1955-09-19,Roma,1617.83679199
1955-09-26,Roma,1617.8079834
1955-10-03,Roma,1611.13537598
1955-10-10,Roma,1611.29528809
1955-10-17,Roma,1605.61254883
1955-10-24,Roma,1609.39758301
1955-10-31,Roma,1605.66906738
1955-11-02,Roma,1576.83947754
1955-11-07,Roma,1570.1171875
1955-11-13,Roma,1579.32531738
1955-11-24,Roma,1616.59387207
1955-12-05,Roma,1622.14611816
1955-12-09,Roma,1616.88378906
1955-12-26,Roma,1611.14916992
1956-01-01,Roma,1614.70678711
1956-01-09,Roma,1609.1517334
1956-01-16,Roma,1614.2532959
1956-01-19,Roma,1630.71984863
1956-01-23,Roma,1630.44372559
1956-01-30,Roma,1624.97595215
1956-02-06,Roma,1615.52575684
1956-02-13,Roma,1645.70898438
1956-02-20,Roma,1650.12219238
1956-02-27,Roma,1642.88842773
1956-03-05,Roma,1646.19165039
1956-03-19,Roma,1650.73144531
1956-03-25,Roma,1653.75378418
1956-04-02,Roma,1644.18261719
1956-04-05,Roma,1638.19384766
1956-04-09,Roma,1639.53930664
1956-04-16,Roma,1643.91638184
1956-04-20,Roma,1639.81018066
1956-04-30,Roma,1639.87890625
1956-05-02,Roma,1631.87158203
1956-05-07,Roma,1635.24291992
1956-05-11,Roma,1637.46789551
1956-05-14,Roma,1636.734375
1956-05-21,Roma,1632.27819824
1956-05-28,Roma,1638.11462402
1956-06-04,Roma,1625.90637207
1956-06-30,Roma,1634.71533203
1956-07-04,Roma,1653.84313965
1956-09-17,Roma,1655.91516113
1956-09-24,Roma,1658.67785645
1956-10-01,Roma,1662.00695801
1956-10-08,Roma,1656.31884766
1956-10-15,Roma,1674.29711914
1956-10-22,Roma,1656.40075684
1956-10-29,Roma,1657.19799805
1956-11-19,Roma,1645.68164062
1956-11-22,Roma,1636.06860352
1956-11-26,Roma,1631.97375488
1956-11-29,Roma,1647.13928223
1956-12-03,Roma,1654.50036621
1956-12-17,Roma,1664.31433105
1956-12-24,Roma,1657.34204102
1956-12-31,Roma,1641.32641602
1957-01-07,Roma,1652.84936523
1957-01-14,Roma,1652.92712402
1957-01-21,Roma,1656.71984863
1957-01-28,Roma,1652.61450195
1957-02-04,Roma,1648.18713379
1957-02-07,Roma,1649.14416504
1957-02-11,Roma,1641.15393066
1957-02-18,Roma,1651.69091797
1957-02-25,Roma,1661.62194824
1957-02-28,Roma,1666.3717041
1957-03-04,Roma,1663.51733398
1957-03-11,Roma,1657.32214355
1957-03-18,Roma,1662.15380859
1957-03-25,Roma,1667.93054199
1957-04-01,Roma,1664.8815918
1957-04-04,Roma,1677.32495117
1957-04-08,Roma,1680.26171875
1957-04-15,Roma,1675.31152344
1957-04-19,Roma,1674.39379883
1957-04-29,Roma,1669.16015625
1957-05-06,Roma,1680.12512207
1957-05-20,Roma,1667.78222656
1957-05-31,Roma,1658.46655273
1957-06-03,Roma,1655.55639648
1957-06-10,Roma,1645.39794922
1957-06-17,Roma,1635.16394043
1957-06-21,Roma,1623.37756348
1957-06-24,Roma,1637.8170166
1957-09-09,Roma,1633.56567383
1957-09-16,Roma,1637.05651855
1957-09-23,Roma,1643.85766602
1957-09-30,Roma,1647.69970703
1957-10-03,Roma,1653.11572266
1957-10-07,Roma,1656.43225098
1957-10-10,Roma,1651.17114258
1957-10-14,Roma,1653.79199219
1957-10-21,Roma,1650.02087402
1957-10-28,Roma,1659.04260254
1957-10-31,Roma,1672.47167969
1957-11-04,Roma,1676.34033203
1957-11-11,Roma,1672.18493652
1957-11-18,Roma,1676.44421387
1957-11-25,Roma,1672.31677246
1957-11-28,Roma,1686.46789551
1957-12-12,Roma,1686.01928711
1957-12-16,Roma,1691.99914551
1957-12-23,Roma,1705.9140625
1957-12-30,Roma,1694.56079102
1958-01-06,Roma,1686.68530273
1958-01-20,Roma,1696.46862793
1958-01-27,Roma,1690.05969238
1958-02-03,Roma,1684.53063965
1958-02-10,Roma,1677.46533203
1958-02-13,Roma,1679.15771484
1958-02-17,Roma,1685.38439941
1958-02-24,Roma,1676.48571777
1958-02-27,Roma,1678.42626953
1958-03-03,Roma,1688.05895996
1958-03-10,Roma,1686.7232666
1958-03-17,Roma,1682.29528809
1958-03-31,Roma,1690.15283203
1958-04-07,Roma,1701.22241211
1958-04-14,Roma,1685.81762695
1958-04-21,Roma,1678.89746094
1958-04-28,Roma,1678.10546875
1958-05-05,Roma,1681.79138184
1958-05-09,Roma,1682.10424805
1958-05-12,Roma,1685.94165039
1958-05-15,Roma,1697.06103516
1958-05-19,Roma,1705.0144043
1958-05-25,Roma,1699.88952637
1958-05-29,Roma,1696.16381836
1958-09-22,Roma,1700.34143066
1958-09-25,Roma,1701.09509277
1958-09-29,Roma,1704.87634277
1958-10-02,Roma,1669.95568848
1958-10-06,Roma,1673.2244873
1958-10-13,Roma,1669.00195312
1958-10-20,Roma,1679.88684082
1958-10-27,Roma,1675.27856445
1958-11-03,Roma,1680.99902344
1958-11-17,Roma,1673.22717285
1958-11-24,Roma,1671.51733398
1958-12-01,Roma,1686.4909668
1958-12-08,Roma,1692.49475098
1958-12-29,Roma,1696.38916016
1959-01-02,Roma,1698.55224609
1959-01-12,Roma,1701.44702148
1959-01-19,Roma,1700.82226562
1959-01-26,Roma,1700.46484375
1959-02-02,Roma,1696.75134277
1959-02-09,Roma,1688.70935059
1959-02-16,Roma,1680.88952637
1959-02-23,Roma,1669.44763184
1959-03-03,Roma,1665.29187012
1959-03-16,Roma,1663.58044434
1959-03-23,Roma,1655.14172363
1959-03-30,Roma,1670.41870117
1959-04-06,Roma,1665.7286377
1959-04-13,Roma,1672.6965332
1959-04-20,Roma,1674.82128906
1959-04-27,Roma,1682.93908691
1959-05-18,Roma,1675.92749023
1959-05-25,Roma,1676.58935547
1959-05-29,Roma,1681.01379395
1959-06-03,Roma,1687.17797852
1959-06-08,Roma,1692.0
1959-09-14,Roma,1691.95568848
1959-09-21,Roma,1695.23144531
1959-09-24,Roma,1695.41247559
1959-09-28,Roma,1701.18481445
1959-10-05,Roma,1694.89819336
1959-10-12,Roma,1691.02893066
1959-10-19,Roma,1697.18835449
1959-10-26,Roma,1691.09204102
1959-11-05,Roma,1684.54943848
1959-11-09,Roma,1678.953125
1959-11-16,Roma,1687.36633301
1959-11-23,Roma,1696.140625
1959-11-26,Roma,1692.64221191
1959-12-07,Roma,1693.1126709
1959-12-14,Roma,1683.85461426
1959-12-21,Roma,1672.29882812
1959-12-28,Roma,1666.46325684
1960-01-02,Roma,1666.46325684
1960-01-03,Roma,1666.46325684
1960-01-04,Roma,1666.46325684
1960-01-11,Roma,1672.13549805
1960-01-18,Roma,1662.39245605
1960-01-24,Roma,1662.39245605
1960-01-25,Roma,1668.93139648
1960-02-01,Roma,1671.15893555
1960-02-08,Roma,1664.07910156
1960-02-14,Roma,1664.07910156
1960-02-15,Roma,1664.07299805
1960-02-22,Roma,1653.97497559
1960-02-28,Roma,1653.97497559
1960-02-29,Roma,1646.78857422
1960-03-03,Roma,1646.78857422
1960-03-06,Roma,1646.78857422
1960-03-07,Roma,1655.99060059
1960-03-08,Roma,1655.99060059
1960-03-10,Roma,1655.99060059
1960-03-13,Roma,1655.99060059
1960-03-17,Roma,1655.99060059
1960-03-21,Roma,1661.2298584
1960-03-27,Roma,1661.2298584
1960-03-28,Roma,1655.47070312
1960-04-04,Roma,1658.44848633
1960-04-11,Roma,1676.38171387
1960-04-16,Roma,1676.38171387
1960-04-18,Roma,1678.90686035
1960-04-25,Roma,1685.328125
1960-05-01,Roma,1685.328125
1960-05-02,Roma,1677.39477539
1960-05-06,Roma,1677.39477539
1960-05-08,Roma,1677.39477539
1960-05-09,Roma,1678.19287109
1960-05-16,Roma,1664.88818359
1960-05-22,Roma,1664.88818359
1960-05-23,Roma,1675.23132324
1960-05-30,Roma,1669.33996582
1960-06-06,Roma,1663.82312012
1960-06-08,Roma,1663.82312012
1960-06-15,Roma,1663.82312012
1960-06-19,Roma,1663.82312012
1960-06-20,Roma,1663.82312012
1960-06-23,Roma,1663.82312012
1960-06-26,Roma,1663.82312012
1960-06-27,Roma,1663.82312012
1960-07-02,Roma,1663.82312012
1960-07-08,Roma,1663.82312012
1960-07-13,Roma,1663.82312012
1960-07-31,Roma,1663.82312012
1960-08-06,Roma,1663.82312012
1960-08-15,Roma,1663.82312012
1960-08-21,Roma,1663.82312012
1960-09-01,Roma,1663.82312012
1960-09-04,Roma,1663.82312012
1960-09-05,Roma,1663.82312012
1960-09-06,Roma,1663.82312012
1960-09-08,Roma,1663.82312012
1960-09-22,Roma,1663.58886719
1960-09-24,Roma,1663.58886719
1960-09-25,Roma,1663.58886719
1960-09-26,Roma,1680.1529541
1960-10-02,Roma,1680.1529541
1960-10-03,Roma,1686.74926758
1960-10-10,Roma,1698.37145996
1960-10-13,Roma,1673.859375
1960-10-17,Roma,1676.82128906
1960-10-18,Roma,1676.82128906
1960-10-24,Roma,1671.07006836
1960-11-07,Roma,1664.90356445
1960-11-09,Roma,1664.90356445
1960-11-13,Roma,1664.90356445
1960-11-14,Roma,1680.90490723
1960-11-21,Roma,1686.3515625
1960-11-28,Roma,1692.91625977
1960-12-01,Roma,1692.91625977
1960-12-05,Roma,1692.3581543
1960-12-12,Roma,1692.3581543
1960-12-19,Roma,1689.66699219
1960-12-26,Roma,1689.00305176
1960-12-27,Roma,1689.00305176
1961-01-02,Roma,1681.50915527
1961-01-09,Roma,1685.09521484
1961-01-16,Roma,1680.65454102
1961-01-23,Roma,1685.82177734
1961-01-30,Roma,1671.14294434
1961-02-05,Roma,1671.14294434
1961-02-06,Roma,1673.20068359
1961-02-13,Roma,1666.00793457
1961-02-20,Roma,1668.46557617
1961-02-26,Roma,1668.46557617
1961-02-27,Roma,1669.91369629
1961-03-06,Roma,1673.46728516
1961-03-12,Roma,1673.46728516
1961-03-13,Roma,1675.74255371
1961-03-16,Roma,1675.74255371
1961-03-20,Roma,1661.32312012
1961-03-27,Roma,1664.74060059
1961-04-02,Roma,1664.74060059
1961-04-03,Roma,1661.29675293
1961-04-04,Roma,1661.29675293
1961-04-09,Roma,1661.29675293
1961-04-10,Roma,1666.12158203
1961-04-17,Roma,1663.49841309
1961-04-21,Roma,1663.49841309
1961-04-23,Roma,1663.49841309
1961-04-24,Roma,1663.49841309
1961-04-27,Roma,1663.49841309
1961-05-01,Roma,1665.53137207
1961-05-04,Roma,1665.53137207
1961-05-08,Roma,1668.95654297
1961-05-15,Roma,1664.37756348
1961-05-19,Roma,1664.37756348
1961-05-22,Roma,1650.71350098
1961-05-23,Roma,1650.71350098
1961-05-28,Roma,1650.71350098
1961-05-31,Roma,1638.86340332
1961-06-01,Roma,1638.86340332
1961-06-05,Roma,1651.72814941
1961-06-06,Roma,1651.72814941
1961-06-11,Roma,1651.72814941
1961-07-15,Roma,1651.72814941
1961-07-26,Roma,1651.72814941
1961-08-01,Roma,1651.72814941
1961-08-20,Roma,1651.72814941
1961-08-21,Roma,1651.72814941
1961-08-25,Roma,1651.72814941
1961-08-27,Roma,1651.72814941
1961-08-28,Roma,1664.91577148
1961-09-03,Roma,1664.91577148
1961-09-04,Roma,1655.37841797
1961-09-06,Roma,1655.37841797
1961-09-07,Roma,1655.37841797
1961-09-10,Roma,1655.37841797
1961-09-11,Roma,1651.24230957
1961-09-13,Roma,1651.24230957
1961-09-14,Roma,1655.53771973
1961-09-17,Roma,1655.53771973
1961-09-18,Roma,1653.13208008
1961-09-21,Roma,1654.07067871
1961-09-22,Roma,1654.07067871
1961-09-24,Roma,1654.07067871
1961-09-25,Roma,1660.16503906
1961-09-26,Roma,1660.16503906
1961-09-27,Roma,1660.16503906
1961-09-28,Roma,1660.70458984
1961-10-01,Roma,1660.70458984
1961-10-02,Roma,1671.11083984
1961-10-05,Roma,1678.58239746
1961-10-08,Roma,1678.58239746
1961-10-09,Roma,1680.77429199
1961-10-13,Roma,1680.77429199
1961-10-18,Roma,1680.77429199
1961-10-19,Roma,1680.77429199
1961-10-22,Roma,1680.77429199
1961-10-23,Roma,1675.82189941
1961-10-26,Roma,1681.7677002
1961-10-30,Roma,1685.40991211
1961-11-02,Roma,1685.40991211
1961-11-05,Roma,1685.40991211
1961-11-06,Roma,1685.40991211
1961-11-09,Roma,1693.97851562
1961-11-11,Roma,1693.97851562
1961-11-13,Roma,1698.34179688
1961-11-15,Roma,1698.34179688
1961-11-16,Roma,1706.17712402
1961-11-20,Roma,1701.09655762
1961-11-23,Roma,1718.01928711
1961-11-27,Roma,1709.98486328
1961-11-30,Roma,1709.98486328
1961-12-01,Roma,1709.98486328
1961-12-04,Roma,1715.3236084
1961-12-11,Roma,1716.9387207
1961-12-18,Roma,1721.70129395
1961-12-25,Roma,1725.60668945
1962-01-01,Roma,1737.92248535
1962-01-08,Roma,1741.30053711
1962-01-15,Roma,1741.57617188
1962-01-22,Roma,1739.60327148
1962-01-29,Roma,1739.67663574
1962-02-02,Roma,1739.67663574
1962-02-05,Roma,1733.06005859
1962-02-10,Roma,1733.06005859
1962-02-12,Roma,1736.13452148
1962-02-15,Roma,1733.09338379
1962-02-19,Roma,1742.13171387
1962-02-22,Roma,1740.7635498
1962-02-25,Roma,1740.7635498
1962-02-26,Roma,1731.77929688
1962-02-27,Roma,1734.65209961
1962-02-28,Roma,1737.00036621
1962-03-01,Roma,1731.34814453
1962-03-05,Roma,1722.80688477
1962-03-12,Roma,1729.27758789
1962-03-15,Roma,1729.27758789
1962-03-18,Roma,1729.27758789
1962-03-19,Roma,1730.77661133
1962-03-22,Roma,1735.78771973
1962-03-26,Roma,1724.5411377
1962-04-02,Roma,1732.50708008
1962-04-06,Roma,1732.50708008
1962-04-08,Roma,1732.50708008
1962-04-09,Roma,1737.6192627
1962-04-12,Roma,1748.93603516
1962-04-15,Roma,1748.93603516
1962-04-16,Roma,1762.17810059
1962-04-29,Roma,1762.17810059
1962-05-03,Roma,1762.17810059
1962-05-08,Roma,1762.17810059
1962-05-11,Roma,1762.83093262
1962-05-20,Roma,1762.83093262
1962-05-27,Roma,1762.83093262
1962-06-02,Roma,1762.83093262
1962-06-06,Roma,1762.83093262
1962-06-08,Roma,1762.83093262
1962-06-12,Roma,1762.83093262
1962-07-01,Roma,1762.83093262
1962-08-29,Roma,1762.83093262
1962-09-06,Roma,1745.64318848
1962-09-13,Roma,1745.66174316
1962-09-14,Roma,1745.66174316
1962-09-17,Roma,1748.77722168
1962-09-20,Roma,1748.80773926
1962-09-23,Roma,1748.80773926
1962-09-24,Roma,1740.39282227
1962-09-27,Roma,1744.70910645
1962-09-30,Roma,1744.70910645
1962-10-01,Roma,1746.69140625
1962-10-07,Roma,1746.69140625
1962-10-08,Roma,1746.61218262
1962-10-11,Roma,1755.9510498
1962-10-15,Roma,1751.26416016
1962-10-16,Roma,1751.26416016
1962-10-22,Roma,1737.2911377
1962-10-29,Roma,1724.19921875
1962-11-01,Roma,1724.19921875
1962-11-02,Roma,1739.54797363
1962-11-05,Roma,1747.08154297
1962-11-15,Roma,1753.18762207
1962-11-19,Roma,1750.31323242
1962-11-20,Roma,1752.70056152
1962-11-26,Roma,1753.73803711
1962-11-29,Roma,1749.03649902
1962-12-05,Roma,1770.6541748
1962-12-10,Roma,1761.6105957
1962-12-17,Roma,1761.47338867
1962-12-24,Roma,1765.54711914
1962-12-31,Roma,1761.03710938
1963-01-07,Roma,1752.78771973
1963-01-14,Roma,1746.28161621
1963-01-21,Roma,1746.41296387
1963-01-24,Roma,1746.82849121
1963-01-28,Roma,1753.93847656
1963-02-04,Roma,1762.89453125
1963-02-07,Roma,1751.29919434
1963-02-11,Roma,1756.79284668
1963-02-18,Roma,1751.56091309
1963-02-25,Roma,1746.02355957
1963-03-04,Roma,1747.98742676
1963-03-11,Roma,1751.06347656
1963-03-14,Roma,1751.62731934
1963-03-18,Roma,1755.14819336
1963-03-21,Roma,1758.33520508
1963-03-31,Roma,1758.33520508
1963-04-01,Roma,1762.64282227
1963-04-02,Roma,1762.64282227
1963-04-04,Roma,1750.92272949
1963-04-08,Roma,1758.12390137
1963-04-15,Roma,1770.70935059
1963-04-16,Roma,1770.70935059
1963-04-21,Roma,1770.70935059
1963-04-22,Roma,1772.7532959
1963-04-25,Roma,1776.13928223
1963-04-28,Roma,1776.13928223
1963-04-29,Roma,1776.45678711
1963-05-02,Roma,1777.0
1963-05-06,Roma,1788.9005127
1963-05-08,Roma,1788.9005127
1963-05-12,Roma,1788.9005127
1963-05-14,Roma,1788.9005127
1963-05-16,Roma,1788.9005127
1963-05-20,Roma,1782.73498535
1963-05-23,Roma,1789.38659668
1963-05-24,Roma,1789.38659668
1963-05-27,Roma,1787.7043457
1963-09-05,Roma,1792.20568848
1963-09-08,Roma,1792.20568848
1963-09-12,Roma,1792.20568848
1963-09-16,Roma,1801.87536621
1963-09-19,Roma,1805.23498535
1963-09-23,Roma,1810.45678711
1963-09-26,Roma,1798.11535645
1963-09-30,Roma,1791.04260254
1963-10-06,Roma,1791.04260254
1963-10-07,Roma,1784.25463867
1963-10-10,Roma,1779.90246582
1963-10-15,Roma,1767.32995605
1963-10-21,Roma,1760.8815918
1963-10-24,Roma,1763.40112305
1963-10-28,Roma,1754.19128418
1963-11-04,Roma,1754.19128418
1963-11-11,Roma,1754.19128418
1963-11-18,Roma,1759.65783691
1963-11-25,Roma,1763.40869141
1963-11-28,Roma,1762.90844727
1963-11-30,Roma,1762.90844727
1963-12-02,Roma,1751.78637695
1963-12-05,Roma,1759.02819824
1963-12-09,Roma,1762.00439453
1963-12-11,Roma,1762.00439453
1963-12-19,Roma,1762.00439453
1963-12-23,Roma,1759.3001709
1963-12-27,Roma,1759.3001709
1963-12-29,Roma,1759.3001709
1963-12-30,Roma,1753.60913086
1964-01-06,Roma,1756.09411621
1964-01-13,Roma,1755.69482422
1964-01-20,Roma,1748.27954102
1964-01-27,Roma,1741.46411133
1964-01-30,Roma,1736.59960938
1964-02-02,Roma,1736.59960938
1964-02-03,Roma,1747.89245605
1964-02-09,Roma,1747.89245605
1964-02-10,Roma,1750.89746094
1964-02-14,Roma,1751.19104004
1964-02-16,Roma,1751.19104004
1964-02-17,Roma,1745.60534668
1964-02-24,Roma,1744.5098877
1964-02-27,Roma,1747.54675293
1964-03-02,Roma,1737.73986816
1964-03-05,Roma,1737.92480469
1964-03-08,Roma,1737.92480469
1964-03-09,Roma,1728.78515625
1964-03-12,Roma,1728.78515625
1964-03-16,Roma,1726.03186035
1964-03-19,Roma,1726.03186035
1964-03-20,Roma,1726.03186035
1964-03-22,Roma,1726.03186035
1964-03-23,Roma,1718.27209473
1964-03-26,Roma,1718.27209473
1964-03-30,Roma,1720.43908691
1964-03-31,Roma,1720.43908691
1964-04-02,Roma,1720.43908691
1964-04-05,Roma,1720.43908691
1964-04-06,Roma,1719.09533691
1964-04-08,Roma,1719.09533691
1964-04-16,Roma,1721.22216797
1964-04-19,Roma,1721.22216797
1964-04-20,Roma,1726.24060059
1964-04-26,Roma,1726.24060059
1964-04-27,Roma,1725.22265625
1964-04-30,Roma,1727.08862305
1964-05-04,Roma,1719.87255859
1964-05-06,Roma,1719.87255859
1964-05-10,Roma,1719.87255859
1964-05-18,Roma,1713.34912109
1964-05-25,Roma,1705.91210938
1964-05-28,Roma,1716.38208008
1964-05-29,Roma,1716.38208008
1964-06-01,Roma,1711.48266602
1964-06-03,Roma,1711.48266602
1964-06-09,Roma,1711.48266602
1964-06-12,Roma,1711.48266602
1964-06-19,Roma,1711.48266602
1964-07-02,Roma,1711.48266602
1964-07-07,Roma,1711.48266602
1964-07-11,Roma,1711.48266602
1964-07-20,Roma,1711.48266602
1964-07-27,Roma,1711.48266602
1964-08-20,Roma,1711.48266602
1964-08-26,Roma,1711.48266602
1964-08-27,Roma,1711.48266602
1964-08-30,Roma,1711.48266602
1964-09-02,Roma,1711.48266602
1964-09-06,Roma,1711.48266602
1964-09-07,Roma,1711.48266602
1964-09-10,Roma,1710.64758301
1964-09-13,Roma,1710.64758301
1964-09-14,Roma,1713.78344727
1964-09-17,Roma,1713.78344727
1964-09-20,Roma,1713.78344727
1964-09-21,Roma,1707.23596191
1964-09-24,Roma,1707.63696289
1964-09-27,Roma,1707.63696289
1964-09-28,Roma,1713.38635254
1964-10-05,Roma,1707.59960938
1964-10-08,Roma,1709.27954102
1964-10-11,Roma,1709.27954102
1964-10-12,Roma,1707.07836914
1964-10-14,Roma,1707.07836914
1964-10-15,Roma,1701.00244141
1964-10-18,Roma,1701.00244141
1964-10-19,Roma,1708.42126465
1964-10-25,Roma,1708.42126465
1964-10-26,Roma,1712.33728027
1964-10-29,Roma,1712.33728027
1964-11-02,Roma,1712.33728027
1964-11-05,Roma,1712.33728027
1964-11-08,Roma,1712.33728027
1964-11-09,Roma,1712.3894043
1964-11-12,Roma,1713.12658691
1964-11-15,Roma,1713.12658691
1964-11-16,Roma,1714.15600586
1964-11-19,Roma,1714.15600586
1964-11-23,Roma,1714.31787109
1964-11-26,Roma,1714.31787109
1964-11-30,Roma,1709.28320312
1964-12-03,Roma,1709.28320312
1964-12-04,Roma,1709.84814453
1964-12-06,Roma,1709.84814453
1964-12-07,Roma,1709.94567871
1964-12-14,Roma,1718.43127441
1964-12-17,Roma,1718.43127441
1964-12-20,Roma,1718.43127441
1964-12-21,Roma,1716.59106445
1964-12-28,Roma,1711.27893066
1965-01-03,Roma,1711.27893066
1965-01-04,Roma,1705.2878418
1965-01-10,Roma,1705.2878418
1965-01-11,Roma,1702.40917969
1965-01-18,Roma,1702.83251953
1965-01-24,Roma,1702.83251953
1965-01-25,Roma,1694.6348877
1965-02-01,Roma,1690.09997559
1965-02-04,Roma,1690.09997559
1965-02-08,Roma,1691.67102051
1965-02-11,Roma,1691.67102051
1965-02-14,Roma,1691.67102051
1965-02-15,Roma,1695.92810059
1965-02-18,Roma,1698.31164551
1965-02-22,Roma,1693.06982422
1965-02-28,Roma,1693.06982422
1965-03-01,Roma,1684.59448242
1965-03-04,Roma,1681.95251465
1965-03-07,Roma,1681.95251465
1965-03-08,Roma,1670.66479492
1965-03-17,Roma,1670.66479492
1965-03-18,Roma,1678.58361816
1965-03-21,Roma,1678.58361816
1965-03-22,Roma,1692.94592285
1965-03-27,Roma,1692.94592285
1965-03-28,Roma,1692.94592285
1965-03-29,Roma,1688.52062988
1965-04-05,Roma,1683.40722656
1965-04-07,Roma,1683.40722656
1965-04-12,Roma,1685.54162598
1965-04-15,Roma,1685.54162598
1965-04-17,Roma,1685.54162598
1965-04-18,Roma,1685.54162598
1965-04-19,Roma,1685.54162598
1965-04-20,Roma,1685.54162598
1965-04-21,Roma,1688.93798828
1965-04-25,Roma,1688.93798828
1965-04-26,Roma,1675.41357422
1965-04-28,Roma,1672.05004883
1965-05-01,Roma,1672.05004883
1965-05-03,Roma,1672.05004883
1965-05-05,Roma,1667.27697754
1965-05-06,Roma,1655.5859375
1965-05-07,Roma,1655.5859375
1965-05-09,Roma,1655.5859375
1965-05-10,Roma,1652.70019531
1965-05-13,Roma,1660.12744141
1965-05-15,Roma,1660.12744141
1965-05-16,Roma,1660.12744141
1965-05-17,Roma,1682.11743164
1965-05-24,Roma,1678.27172852
1965-05-28,Roma,1682.2364502
1965-05-30,Roma,1682.2364502
1965-05-31,Roma,1677.03967285
1965-06-01,Roma,1677.03967285
1965-06-06,Roma,1677.03967285
1965-06-07,Roma,1681.14978027
1965-06-14,Roma,1681.14978027
1965-06-17,Roma,1681.14978027
1965-06-20,Roma,1681.14978027
1965-06-27,Roma,1681.14978027
1965-07-01,Roma,1681.14978027
1965-07-07,Roma,1681.14978027
1965-07-29,Roma,1681.14978027
1965-08-09,Roma,1681.14978027
1965-08-15,Roma,1681.14978027
1965-08-22,Roma,1681.14978027
1965-08-24,Roma,1681.14978027
1965-08-29,Roma,1681.14978027
1965-08-30,Roma,1681.14978027
1965-09-03,Roma,1681.14978027
1965-09-05,Roma,1681.14978027
1965-09-06,Roma,1684.15112305
1965-09-07,Roma,1684.15112305
1965-09-12,Roma,1684.15112305
1965-09-13,Roma,1665.81762695
1965-09-20,Roma,1676.36108398
1965-09-26,Roma,1676.36108398
1965-09-27,Roma,1693.58068848
1965-09-30,Roma,1694.61071777
1965-10-03,Roma,1694.61071777
1965-10-04,Roma,1708.08435059
1965-10-10,Roma,1708.08435059
1965-10-11,Roma,1695.44445801
1965-10-12,Roma,1695.44445801
1965-10-14,Roma,1686.91992188
1965-10-18,Roma,1691.78979492
1965-10-21,Roma,1691.78979492
1965-10-24,Roma,1691.78979492
1965-10-25,Roma,1687.56616211
1965-11-01,Roma,1687.56616211
1965-11-04,Roma,1687.56616211
1965-11-07,Roma,1687.56616211
1965-11-08,Roma,1687.56616211
1965-11-10,Roma,1687.56616211
1965-11-11,Roma,1687.56616211
1965-11-14,Roma,1687.56616211
1965-11-15,Roma,1681.36743164
1965-11-18,Roma,1681.36743164
1965-11-22,Roma,1676.02282715
1965-11-29,Roma,1673.30993652
1965-12-02,Roma,1672.60229492
1965-12-06,Roma,1672.60229492
1965-12-13,Roma,1679.55554199
1965-12-16,Roma,1680.4630127
1965-12-19,Roma,1680.4630127
1965-12-20,Roma,1675.39013672
1965-12-27,Roma,1688.45288086
1966-01-02,Roma,1688.45288086
1966-01-03,Roma,1692.20678711
1966-01-10,Roma,1681.93164062
1966-01-16,Roma,1681.93164062
1966-01-17,Roma,1681.61230469
1966-01-24,Roma,1686.42456055
1966-01-30,Roma,1686.42456055
1966-01-31,Roma,1679.43225098
1966-02-07,Roma,1683.2364502
1966-02-08,Roma,1683.2364502
1966-02-13,Roma,1683.2364502
1966-02-14,Roma,1691.15148926
1966-02-20,Roma,1691.15148926
1966-02-21,Roma,1694.73803711
1966-02-24,Roma,1698.24438477
1966-02-28,Roma,1700.21179199
1966-03-03,Roma,1701.58044434
1966-03-06,Roma,1701.58044434
1966-03-07,Roma,1699.78845215
1966-03-10,Roma,1699.78845215
1966-03-14,Roma,1694.63598633
1966-03-17,Roma,1694.63598633
1966-03-21,Roma,1694.63598633
1966-03-22,Roma,1694.63598633
1966-03-24,Roma,1694.63598633
1966-03-28,Roma,1705.13781738
1966-03-30,Roma,1705.13781738
1966-03-31,Roma,1705.13781738
1966-04-03,Roma,1705.13781738
1966-04-04,Roma,1697.51574707
1966-04-06,Roma,1697.51574707
1966-04-07,Roma,1697.51574707
1966-04-09,Roma,1697.51574707
1966-04-11,Roma,1705.35888672
1966-04-13,Roma,1705.35888672
1966-04-14,Roma,1704.84643555
1966-04-15,Roma,1704.84643555
1966-04-17,Roma,1704.84643555
1966-04-18,Roma,1708.29309082
1966-04-20,Roma,1708.29309082
1966-04-21,Roma,1700.42138672
1966-04-25,Roma,1690.25756836
1966-05-01,Roma,1690.25756836
1966-05-02,Roma,1677.10375977
1966-05-03,Roma,1677.10375977
1966-05-06,Roma,1677.10375977
1966-05-08,Roma,1677.10375977
1966-05-09,Roma,1670.44787598
1966-05-15,Roma,1670.44787598
1966-05-16,Roma,1675.23864746
1966-05-19,Roma,1675.23864746
1966-05-20,Roma,1675.23864746
1966-05-22,Roma,1675.23864746
1966-05-23,Roma,1678.90759277
1966-06-05,Roma,1678.90759277
1966-06-09,Roma,1678.90759277
1966-06-11,Roma,1678.90759277
1966-06-23,Roma,1678.90759277
1966-08-14,Roma,1678.90759277
1966-08-21,Roma,1678.90759277
1966-08-29,Roma,1678.90759277
1966-09-04,Roma,1678.90759277
1966-09-05,Roma,1678.90759277
1966-09-11,Roma,1678.90759277
1966-09-12,Roma,1678.90759277
1966-09-18,Roma,1678.90759277
1966-09-19,Roma,1683.60302734
1966-09-26,Roma,1675.85668945
1966-09-29,Roma,1674.62695312
1966-09-30,Roma,1674.62695312
1966-10-02,Roma,1674.62695312
1966-10-03,Roma,1660.7121582
1966-10-06,Roma,1647.10705566
1966-10-10,Roma,1659.72839355
1966-10-13,Roma,1662.95068359
1966-10-17,Roma,1660.09716797
1966-10-20,Roma,1660.09716797
1966-10-23,Roma,1660.09716797
1966-10-24,Roma,1669.52490234
1966-10-30,Roma,1669.52490234
1966-11-06,Roma,1669.52490234
1966-11-07,Roma,1658.10632324
1966-11-13,Roma,1666.04187012
1966-11-14,Roma,1666.04187012
1966-11-17,Roma,1665.45983887
1966-11-18,Roma,1665.45983887
1966-11-21,Roma,1668.86547852
1966-11-28,Roma,1668.86547852
1966-12-01,Roma,1668.86547852
1966-12-04,Roma,1668.86547852
1966-12-05,Roma,1677.46398926
1966-12-09,Roma,1686.79321289
1966-12-11,Roma,1686.79321289
1966-12-12,Roma,1686.79321289
1966-12-13,Roma,1700.0604248
1966-12-15,Roma,1700.0604248
1966-12-18,Roma,1700.0604248
1966-12-19,Roma,1700.06176758
1966-12-24,Roma,1700.06176758
1966-12-25,Roma,1710.03112793
1966-12-27,Roma,1710.03112793
1967-01-01,Roma,1699.49169922
1967-01-05,Roma,1699.49169922
1967-01-08,Roma,1699.49169922
1967-01-09,Roma,1692.44934082
1967-01-15,Roma,1692.44934082
1967-01-16,Roma,1694.99743652
1967-01-22,Roma,1694.99743652
1967-01-23,Roma,1700.34692383
1967-01-30,Roma,1702.20092773
1967-02-06,Roma,1697.08361816
1967-02-13,Roma,1691.41320801
1967-02-16,Roma,1691.86706543
1967-02-20,Roma,1687.98095703
1967-02-26,Roma,1687.98095703
1967-02-27,Roma,1683.45947266
1967-03-02,Roma,1696.20178223
1967-03-06,Roma,1691.26989746
1967-03-09,Roma,1691.26989746
1967-03-12,Roma,1691.26989746
1967-03-13,Roma,1686.77478027
1967-03-19,Roma,1686.77478027
1967-03-20,Roma,1690.56115723
1967-03-26,Roma,1690.56115723
1967-04-02,Roma,1690.56115723
1967-04-03,Roma,1690.1472168
1967-04-05,Roma,1690.1472168
1967-04-09,Roma,1690.1472168
1967-04-10,Roma,1686.10412598
1967-04-16,Roma,1686.10412598
1967-04-17,Roma,1690.54077148
1967-04-18,Roma,1690.54077148
1967-04-20,Roma,1687.49609375
1967-04-23,Roma,1687.49609375
1967-04-24,Roma,1682.39794922
1967-04-26,Roma,1682.39794922
1967-04-27,Roma,1685.40856934
1967-04-29,Roma,1685.40856934
1967-04-30,Roma,1685.40856934
1967-05-01,Roma,1679.26037598
1967-05-04,Roma,1680.73254395
1967-05-08,Roma,1675.57763672
1967-05-15,Roma,1679.83959961
1967-05-22,Roma,1687.2043457
1967-05-26,Roma,1680.11352539
1967-05-28,Roma,1680.11352539
1967-05-29,Roma,1671.84228516
1967-06-02,Roma,1671.84228516
1967-06-04,Roma,1671.84228516
1967-06-12,Roma,1671.84228516
1967-06-22,Roma,1671.84228516
1967-06-26,Roma,1671.84228516
1967-08-20,Roma,1671.84228516
1967-08-27,Roma,1671.84228516
1967-08-30,Roma,1671.84228516
1967-09-03,Roma,1671.84228516
1967-09-04,Roma,1671.84228516
1967-09-07,Roma,1671.84228516
1967-09-09,Roma,1671.84228516
1967-09-10,Roma,1671.84228516
1967-09-11,Roma,1671.84228516
1967-09-17,Roma,1671.84228516
1967-09-18,Roma,1671.84228516
1967-09-21,Roma,1678.18518066
1967-09-24,Roma,1678.18518066
1967-09-25,Roma,1685.76318359
1967-10-02,Roma,1693.37011719
1967-10-08,Roma,1693.37011719
1967-10-09,Roma,1702.77502441
1967-10-12,Roma,1704.55847168
1967-10-16,Roma,1711.91015625
1967-10-23,Roma,1714.03417969
1967-10-29,Roma,1714.03417969
1967-10-30,Roma,1709.38317871
1967-11-06,Roma,1723.01196289
1967-11-09,Roma,1723.01196289
1967-11-12,Roma,1723.01196289
1967-11-13,Roma,1718.9263916
1967-11-19,Roma,1718.9263916
1967-11-20,Roma,1718.9263916
1967-11-23,Roma,1722.73498535
1967-11-26,Roma,1722.73498535
1967-11-27,Roma,1712.85437012
1967-11-30,Roma,1712.31298828
1967-12-01,Roma,1712.31298828
1967-12-03,Roma,1712.31298828
1967-12-04,Roma,1701.68847656
1967-12-07,Roma,1701.68847656
1967-12-08,Roma,1701.06640625
1967-12-10,Roma,1702.86608887
1967-12-11,Roma,1702.86608887
1967-12-14,Roma,1704.57409668
1967-12-18,Roma,1704.17028809
1968-01-01,Roma,1710.29284668
1968-01-08,Roma,1704.69750977
1968-01-15,Roma,1691.06335449
1968-01-17,Roma,1691.06335449
1968-01-22,Roma,1677.48303223
1968-01-29,Roma,1672.94958496
1968-02-01,Roma,1671.34423828
1968-02-05,Roma,1667.27648926
1968-02-11,Roma,1667.27648926
1968-02-12,Roma,1673.25427246
1968-02-19,Roma,1669.95996094
1968-02-25,Roma,1669.95996094
1968-02-26,Roma,1664.52246094
1968-02-29,Roma,1667.14929199
1968-03-03,Roma,1667.14929199
1968-03-04,Roma,1667.04663086
1968-03-07,Roma,1667.04663086
1968-03-11,Roma,1670.15588379
1968-03-14,Roma,1661.74255371
1968-03-17,Roma,1661.74255371
1968-03-18,Roma,1667.88269043
1968-03-21,Roma,1679.79101562
1968-03-24,Roma,1679.79101562
1968-03-25,Roma,1692.32043457
1968-04-01,Roma,1687.47729492
1968-04-07,Roma,1687.47729492
1968-04-13,Roma,1687.47729492
1968-04-14,Roma,1687.47729492
1968-04-15,Roma,1684.46691895
1968-04-17,Roma,1684.46691895
1968-04-22,Roma,1684.46691895
1968-04-23,Roma,1684.46691895
1968-04-25,Roma,1684.46691895
1968-04-28,Roma,1684.46691895
1968-04-29,Roma,1677.8449707
1968-05-02,Roma,1681.04406738
1968-05-04,Roma,1681.04406738
1968-05-06,Roma,1683.30041504
1968-05-09,Roma,1686.73278809
1968-05-10,Roma,1681.96911621
1968-05-12,Roma,1681.96911621
1968-05-13,Roma,1678.34753418
1968-05-16,Roma,1669.24230957
1968-05-19,Roma,1669.24230957
1968-05-24,Roma,1673.18933105
1968-05-30,Roma,1673.18933105
1968-06-17,Roma,1673.18933105
1968-06-21,Roma,1673.18933105
1968-08-11,Roma,1673.18933105
1968-08-18,Roma,1673.18933105
1968-08-25,Roma,1673.18933105
1968-08-28,Roma,1673.18933105
1968-08-29,Roma,1673.18933105
1968-09-02,Roma,1673.18933105
1968-09-15,Roma,1673.18933105
1968-09-16,Roma,1673.18933105
1968-09-19,Roma,1670.53930664
1968-09-29,Roma,1670.53930664
1968-09-30,Roma,1662.91027832
1968-10-03,Roma,1666.07727051
1968-10-06,Roma,1666.07727051
1968-10-07,Roma,1674.70043945
1968-10-09,Roma,1674.70043945
1968-10-14,Roma,1674.67871094
1968-10-21,Roma,1674.67871094
1968-10-28,Roma,1680.30834961
1968-11-04,Roma,1685.86975098
1968-11-11,Roma,1682.69848633
1968-11-18,Roma,1667.28723145
1968-11-25,Roma,1658.20703125
1968-11-28,Roma,1658.20703125
1968-12-02,Roma,1666.89294434
1968-12-08,Roma,1666.89294434
1968-12-09,Roma,1678.86975098
1968-12-16,Roma,1681.35290527
1968-12-22,Roma,1681.35290527
1968-12-23,Roma,1675.70141602
1968-12-29,Roma,1675.70141602
1969-01-02,Roma,1675.70141602
1969-01-12,Roma,1675.70141602
1969-01-13,Roma,1679.78796387
1969-01-16,Roma,1679.78796387
1969-01-19,Roma,1679.78796387
1969-01-26,Roma,1679.78796387
1969-01-27,Roma,1665.79858398
1969-02-03,Roma,1672.61962891
1969-02-10,Roma,1677.54162598
1969-02-13,Roma,1677.54162598
1969-02-17,Roma,1683.51696777
1969-02-20,Roma,1669.73937988
1969-02-23,Roma,1669.73937988
1969-02-24,Roma,1668.64831543
1969-02-27,Roma,1668.64831543
1969-03-02,Roma,1668.64831543
1969-03-03,Roma,1671.20202637
1969-03-06,Roma,1667.10241699
1969-03-09,Roma,1667.10241699
1969-03-10,Roma,1654.08642578
1969-03-13,Roma,1666.32275391
1969-03-17,Roma,1672.38830566
1969-03-23,Roma,1672.38830566
1969-03-24,Roma,1660.43054199
1969-03-31,Roma,1660.43054199
1969-04-01,Roma,1660.43054199
1969-04-03,Roma,1660.43054199
1969-04-06,Roma,1660.43054199
1969-04-07,Roma,1665.5213623
1969-04-08,Roma,1665.5213623
1969-04-10,Roma,1665.5213623
1969-04-14,Roma,1674.13037109
1969-04-20,Roma,1674.13037109
1969-04-21,Roma,1672.34545898
1969-04-22,Roma,1672.34545898
1969-04-24,Roma,1676.16003418
1969-04-28,Roma,1671.75524902
1969-05-02,Roma,1671.75524902
1969-05-05,Roma,1690.01135254
1969-05-12,Roma,1696.31921387
1969-05-16,Roma,1696.90869141
1969-05-18,Roma,1696.90869141
1969-05-19,Roma,1691.36181641
1969-05-29,Roma,1698.03088379
1969-05-31,Roma,1698.03088379
1969-07-31,Roma,1698.03088379
1969-08-04,Roma,1698.03088379
1969-08-10,Roma,1698.03088379
1969-08-14,Roma,1698.03088379
1969-08-17,Roma,1698.03088379
1969-08-21,Roma,1698.03088379
1969-08-24,Roma,1698.03088379
1969-08-25,Roma,1698.03088379
1969-08-31,Roma,1698.03088379
1969-09-01,Roma,1698.03088379
1969-09-11,Roma,1698.06774902
1969-09-15,Roma,1691.15576172
1969-09-18,Roma,1690.26965332
1969-09-22,Roma,1694.06689453
1969-09-25,Roma,1694.07312012
1969-09-29,Roma,1685.16503906
1969-10-02,Roma,1687.55322266
1969-10-05,Roma,1687.55322266
1969-10-06,Roma,1696.45043945
1969-10-12,Roma,1696.45043945
1969-10-13,Roma,1701.90124512
1969-10-16,Roma,1701.90124512
1969-10-17,Roma,1717.03442383
1969-10-19,Roma,1717.03442383
1969-10-20,Roma,1717.03442383
1969-10-26,Roma,1717.03442383
1969-10-27,Roma,1721.10437012
1969-10-31,Roma,1721.10437012
1969-11-04,Roma,1721.10437012
1969-11-10,Roma,1718.27270508
1969-11-11,Roma,1718.27270508
1969-11-13,Roma,1723.44384766
1969-11-16,Roma,1723.44384766
1969-11-17,Roma,1719.06945801
1969-11-23,Roma,1719.06945801
1969-11-24,Roma,1719.06945801
1969-11-26,Roma,1719.06945801
1969-11-27,Roma,1696.60168457
1969-12-01,Roma,1694.16589355
1969-12-04,Roma,1694.16589355
1969-12-07,Roma,1694.16589355
1969-12-08,Roma,1685.02514648
1969-12-14,Roma,1685.02514648
1969-12-15,Roma,1691.71313477
1969-12-21,Roma,1691.71313477
1969-12-22,Roma,1686.18408203
1969-12-27,Roma,1686.18408203
1969-12-28,Roma,1686.18408203
1969-12-29,Roma,1672.34936523
1970-01-05,Roma,1676.68457031
1970-01-12,Roma,1680.77844238
1970-01-18,Roma,1680.77844238
1970-01-19,Roma,1690.39038086
1970-01-26,Roma,1685.99084473
1970-02-01,Roma,1685.99084473
1970-02-02,Roma,1682.20080566
1970-02-09,Roma,1690.3326416
1970-02-15,Roma,1690.3326416
1970-02-16,Roma,1683.31835938
1970-02-23,Roma,1683.31835938
1970-03-02,Roma,1685.20556641
1970-03-04,Roma,1685.20556641
1970-03-05,Roma,1678.39025879
1970-03-09,Roma,1679.7199707
1970-03-16,Roma,1670.34423828
1970-03-19,Roma,1671.40332031
1970-03-22,Roma,1671.40332031
1970-03-23,Roma,1675.74987793
1970-03-29,Roma,1675.74987793
1970-03-30,Roma,1681.16564941
1970-03-31,Roma,1681.16564941
1970-04-01,Roma,1681.16564941
1970-04-02,Roma,1671.1229248
1970-04-06,Roma,1663.81262207
1970-04-08,Roma,1663.81262207
1970-04-09,Roma,1663.81262207
1970-04-12,Roma,1663.81262207
1970-04-13,Roma,1664.37658691
1970-04-16,Roma,1674.40112305
1970-04-19,Roma,1680.72521973
1970-04-20,Roma,1680.72521973
1970-04-23,Roma,1681.56237793
1970-04-27,Roma,1670.87133789
1970-04-30,Roma,1670.87133789
1970-05-01,Roma,1670.87133789
1970-05-04,Roma,1670.87133789
1970-05-11,Roma,1670.87133789
1970-05-18,Roma,1670.87133789
1970-05-24,Roma,1670.87133789
1970-05-25,Roma,1670.87133789
1970-05-28,Roma,1670.87133789
1970-05-31,Roma,1670.87133789
1970-06-04,Roma,1670.87133789
1970-06-07,Roma,1670.87133789
1970-06-08,Roma,1670.87133789
1970-06-11,Roma,1670.87133789
1970-06-16,Roma,1670.87133789
1970-06-18,Roma,1670.87133789
1970-06-22,Roma,1670.87133789
1970-06-25,Roma,1670.87133789
1970-07-07,Roma,1670.87133789
1970-08-04,Roma,1670.87133789
1970-08-10,Roma,1670.87133789
1970-08-13,Roma,1670.87133789
1970-08-14,Roma,1670.87133789
1970-08-16,Roma,1670.87133789
1970-08-23,Roma,1670.87133789
1970-08-26,Roma,1670.87133789
1970-08-27,Roma,1670.87133789
1970-08-30,Roma,1670.87133789
1970-09-03,Roma,1670.87133789
1970-09-06,Roma,1670.87133789
1970-09-11,Roma,1670.87133789
1970-09-12,Roma,1670.87133789
1970-09-13,Roma,1670.87133789
1970-09-14,Roma,1670.87133789
1970-09-16,Roma,1670.87133789
1970-09-17,Roma,1677.06787109
1970-09-20,Roma,1677.06787109
1970-09-24,Roma,1677.06787109
1970-09-27,Roma,1677.06787109
1970-09-28,Roma,1669.87390137
1970-10-01,Roma,1659.07299805
1970-10-04,Roma,1659.07299805
1970-10-08,Roma,1665.71533203
1970-10-12,Roma,1675.25793457
1970-10-22,Roma,1674.63256836
1970-10-26,Roma,1676.31921387
1970-10-28,Roma,1676.31921387
1970-11-01,Roma,1676.31921387
1970-11-02,Roma,1676.31921387
1970-11-05,Roma,1676.31921387
1970-11-06,Roma,1662.63684082
1970-11-07,Roma,1662.63684082
1970-11-09,Roma,1658.72802734
1970-11-16,Roma,1661.37426758
1970-11-23,Roma,1667.62426758
1970-11-28,Roma,1667.62426758
1970-11-29,Roma,1667.62426758
1970-11-30,Roma,1662.5748291
1970-12-06,Roma,1662.5748291
1970-12-07,Roma,1662.5748291
1970-12-14,Roma,1664.28479004
1970-12-21,Roma,1672.65527344
1970-12-28,Roma,1670.47607422
1970-12-30,Roma,1670.47607422
1971-01-02,Roma,1670.47607422
1971-01-04,Roma,1669.84887695
1971-01-11,Roma,1659.46179199
1971-01-17,Roma,1659.46179199
1971-01-18,Roma,1655.29577637
1971-01-23,Roma,1655.29577637
1971-01-24,Roma,1655.29577637
1971-01-25,Roma,1662.46569824
1971-01-31,Roma,1662.46569824
1971-02-01,Roma,1666.76489258
1971-02-07,Roma,1666.76489258
1971-02-08,Roma,1668.04089355
1971-02-09,Roma,1668.04089355
1971-02-14,Roma,1668.04089355
1971-02-15,Roma,1670.59130859
1971-02-21,Roma,1670.59130859
1971-02-24,Roma,1670.59130859
1971-02-25,Roma,1670.59130859
1971-02-27,Roma,1670.59130859
1971-03-01,Roma,1678.48425293
1971-03-07,Roma,1678.48425293
1971-03-08,Roma,1680.87390137
1971-03-11,Roma,1680.87390137
1971-03-15,Roma,1676.18469238
1971-03-22,Roma,1668.85900879
1971-03-24,Roma,1668.85900879
1971-03-28,Roma,1668.85900879
1971-03-29,Roma,1668.875
1971-03-30,Roma,1668.875
1971-04-01,Roma,1668.875
1971-04-04,Roma,1668.875
1971-04-05,Roma,1682.13085938
1971-04-09,Roma,1682.13085938
1971-04-10,Roma,1682.13085938
1971-04-12,Roma,1689.66467285
1971-04-13,Roma,1689.66467285
1971-04-15,Roma,1689.66467285
1971-04-18,Roma,1689.66467285
1971-04-19,Roma,1692.94689941
1971-04-26,Roma,1706.05957031
1971-05-01,Roma,1706.05957031
1971-05-03,Roma,1702.11486816
1971-05-08,Roma,1702.11486816
1971-05-10,Roma,1702.11486816
1971-05-16,Roma,1702.11486816
1971-05-17,Roma,1694.84423828
1971-05-23,Roma,1694.84423828
1971-05-24,Roma,1695.18969727
1971-06-03,Roma,1695.18969727
1971-06-07,Roma,1695.18969727
1971-06-10,Roma,1695.18969727
1971-08-15,Roma,1695.18969727
1971-08-16,Roma,1695.18969727
1971-08-19,Roma,1695.18969727
1971-08-22,Roma,1695.18969727
1971-08-25,Roma,1695.18969727
1971-08-29,Roma,1695.18969727
1971-09-12,Roma,1695.18969727
1971-09-13,Roma,1695.18969727
1971-09-16,Roma,1689.74072266
1971-09-20,Roma,1689.74072266
1971-09-23,Roma,1689.76159668
1971-09-26,Roma,1689.76159668
1971-09-27,Roma,1689.76159668
1971-09-29,Roma,1703.73291016
1971-09-30,Roma,1704.12878418
1971-10-01,Roma,1687.72338867
1971-10-03,Roma,1687.72338867
1971-10-04,Roma,1692.1517334
1971-10-11,Roma,1692.1517334
1971-10-14,Roma,1692.1517334
1971-10-18,Roma,1696.30114746
1971-10-21,Roma,1688.50378418
1971-10-22,Roma,1693.87878418
1971-10-24,Roma,1693.87878418
1971-10-25,Roma,1686.73632812
1971-10-31,Roma,1686.73632812
1971-11-01,Roma,1698.92663574
1971-11-04,Roma,1696.50231934
1971-11-05,Roma,1701.5078125
1971-11-07,Roma,1701.5078125
1971-11-08,Roma,1698.25952148
1971-11-13,Roma,1698.25952148
1971-11-14,Roma,1698.25952148
1971-11-15,Roma,1711.32104492
1971-11-25,Roma,1715.5715332
1971-11-29,Roma,1718.96789551
1971-12-02,Roma,1728.88574219
1971-12-05,Roma,1728.88574219
1971-12-06,Roma,1725.65490723
1971-12-09,Roma,1725.17370605
1971-12-12,Roma,1725.17370605
1971-12-13,Roma,1715.17773438
1971-12-20,Roma,1710.58959961
1971-12-27,Roma,1714.98693848
1972-01-03,Roma,1717.67028809
1972-01-07,Roma,1717.67028809
1972-01-10,Roma,1716.17358398
1972-01-17,Roma,1723.08398438
1972-01-23,Roma,1723.08398438
1972-01-24,Roma,1723.32531738
1972-01-30,Roma,1723.32531738
1972-01-31,Roma,1732.55419922
1972-02-07,Roma,1725.68383789
1972-02-13,Roma,1725.68383789
1972-02-14,Roma,1722.66479492
1972-02-20,Roma,1722.66479492
1972-02-21,Roma,1728.77307129
1972-02-24,Roma,1729.6796875
1972-02-27,Roma,1729.6796875
1972-02-28,Roma,1728.75427246
1972-03-06,Roma,1728.75427246
1972-03-08,Roma,1729.64831543
1972-03-09,Roma,1720.74157715
1972-03-11,Roma,1720.86791992
1972-03-12,Roma,1720.86791992
1972-03-13,Roma,1714.04638672
1972-03-20,Roma,1723.97363281
1972-03-23,Roma,1719.87109375
1972-03-25,Roma,1722.44104004
1972-03-27,Roma,1718.15246582
1972-04-03,Roma,1723.35803223
1972-04-04,Roma,1723.35803223
1972-04-06,Roma,1720.48486328
1972-04-10,Roma,1711.29602051
1972-04-16,Roma,1711.29602051
1972-04-17,Roma,1713.89599609
1972-04-20,Roma,1711.97753906
1972-04-24,Roma,1711.71862793
1972-05-08,Roma,1716.68395996
1972-05-22,Roma,1709.68786621
1972-05-29,Roma,1712.78662109
1972-06-01,Roma,1708.28918457
1972-06-04,Roma,1708.28918457
1972-06-12,Roma,1708.28918457
1972-08-13,Roma,1708.28918457
1972-08-16,Roma,1708.28918457
1972-08-20,Roma,1708.28918457
1972-08-23,Roma,1708.28918457
1972-08-24,Roma,1708.28918457
1972-08-27,Roma,1708.28918457
1972-08-28,Roma,1708.28918457
1972-09-03,Roma,1708.28918457
1972-09-07,Roma,1708.31408691
1972-09-10,Roma,1708.31408691
1972-09-11,Roma,1708.31408691
1972-09-14,Roma,1709.60290527
1972-09-15,Roma,1709.20471191
1972-09-17,Roma,1709.20471191
1972-09-21,Roma,1709.20471191
1972-09-24,Roma,1709.20471191
1972-09-25,Roma,1709.37182617
1972-09-27,Roma,1709.37182617
1972-09-28,Roma,1678.89172363
1972-09-30,Roma,1678.89172363
1972-10-02,Roma,1684.00939941
1972-10-04,Roma,1684.00939941
1972-10-08,Roma,1684.00939941
1972-10-16,Roma,1697.47827148
1972-10-21,Roma,1701.74255371
1972-10-23,Roma,1701.74255371
1972-10-26,Roma,1696.28393555
1972-10-29,Roma,1696.28393555
1972-10-30,Roma,1696.28393555
1972-11-02,Roma,1696.28393555
1972-11-04,Roma,1696.28393555
1972-11-05,Roma,1696.28393555
1972-11-06,Roma,1698.98876953
1972-11-08,Roma,1695.67053223
1972-11-09,Roma,1704.57177734
1972-11-12,Roma,1704.57177734
1972-11-13,Roma,1691.34912109
1972-11-17,Roma,1691.34912109
1972-11-19,Roma,1691.34912109
1972-11-20,Roma,1683.91687012
1972-11-23,Roma,1683.91687012
1972-11-27,Roma,1683.28234863
1972-11-30,Roma,1677.81225586
1972-12-04,Roma,1691.19128418
1972-12-10,Roma,1691.19128418
1972-12-11,Roma,1694.921875
1972-12-14,Roma,1691.66381836
1972-12-24,Roma,1691.66381836
1972-12-25,Roma,1686.23352051
1972-12-27,Roma,1686.23352051
1972-12-31,Roma,1685.67443848
1973-01-01,Roma,1685.67443848
1973-01-08,Roma,1678.69396973
1973-01-15,Roma,1678.69396973
1973-01-22,Roma,1675.87268066
1973-01-29,Roma,1661.75708008
1973-02-05,Roma,1662.90112305
1973-02-11,Roma,1662.90112305
1973-02-12,Roma,1650.14477539
1973-02-19,Roma,1644.05517578
1973-02-25,Roma,1644.05517578
1973-02-26,Roma,1644.05517578
1973-03-05,Roma,1641.08789062
1973-03-08,Roma,1640.38269043
1973-03-12,Roma,1633.44970703
1973-03-19,Roma,1639.79943848
1973-03-22,Roma,1646.11682129
1973-03-25,Roma,1646.11682129
1973-03-26,Roma,1643.11962891
1973-04-08,Roma,1643.11962891
1973-04-09,Roma,1636.59387207
1973-04-12,Roma,1639.49963379
1973-04-16,Roma,1632.3770752
1973-04-22,Roma,1632.3770752
1973-04-23,Roma,1637.52172852
1973-04-25,Roma,1637.52172852
1973-04-26,Roma,1645.453125
1973-04-28,Roma,1645.453125
1973-04-29,Roma,1645.453125
1973-04-30,Roma,1643.85571289
1973-05-03,Roma,1643.85571289
1973-05-05,Roma,1643.85571289
1973-05-07,Roma,1638.56677246
1973-05-11,Roma,1638.56677246
1973-05-14,Roma,1637.88598633
1973-05-17,Roma,1642.73352051
1973-05-21,Roma,1636.80285645
1973-05-24,Roma,1636.80285645
1973-05-31,Roma,1633.78503418
1973-06-03,Roma,1633.78503418
1973-06-07,Roma,1633.78503418
1973-06-14,Roma,1633.78503418
1973-08-12,Roma,1633.78503418
1973-08-13,Roma,1633.78503418
1973-08-18,Roma,1633.78503418
1973-08-19,Roma,1633.78503418
1973-08-23,Roma,1633.78503418
1973-08-26,Roma,1633.78503418
1973-08-27,Roma,1633.78503418
1973-09-09,Roma,1633.78503418
1973-09-13,Roma,1633.78503418
1973-09-16,Roma,1633.78503418
1973-09-17,Roma,1633.78503418
1973-09-20,Roma,1616.01330566
1973-09-24,Roma,1616.01330566
1973-09-27,Roma,1616.01330566
1973-09-29,Roma,1616.01330566
1973-09-30,Roma,1616.01330566
1973-10-01,Roma,1616.01330566
1973-10-04,Roma,1596.09692383
1973-10-08,Roma,1601.86340332
1973-10-10,Roma,1601.86340332
1973-10-14,Roma,1601.86340332
1973-10-15,Roma,1601.86340332
1973-10-16,Roma,1597.20288086
1973-10-18,Roma,1597.20288086
1973-10-20,Roma,1597.20288086
1973-10-21,Roma,1597.20288086
1973-10-24,Roma,1597.20288086
1973-10-25,Roma,1588.44970703
1973-10-29,Roma,1582.30004883
1973-11-05,Roma,1575.70776367
1973-11-08,Roma,1580.03771973
1973-11-19,Roma,1584.16491699
1973-11-25,Roma,1584.16491699
1973-11-26,Roma,1577.55151367
1973-12-03,Roma,1567.64929199
1973-12-10,Roma,1564.40466309
1973-12-17,Roma,1574.36230469
1973-12-24,Roma,1573.69592285
1973-12-31,Roma,1568.96838379
1974-01-07,Roma,1573.98962402
1974-01-14,Roma,1572.22570801
1974-01-22,Roma,1576.63244629
1974-01-27,Roma,1581.26245117
1974-02-04,Roma,1585.59790039
1974-02-10,Roma,1585.59790039
1974-02-11,Roma,1583.64074707
1974-02-18,Roma,1580.51086426
1974-03-04,Roma,1585.84313965
1974-03-11,Roma,1595.89807129
1974-03-14,Roma,1597.42382812
1974-03-17,Roma,1597.42382812
1974-03-18,Roma,1604.46044922
1974-03-20,Roma,1604.46044922
1974-03-21,Roma,1604.75036621
1974-03-24,Roma,1604.75036621
1974-03-25,Roma,1609.31872559
1974-03-31,Roma,1609.31872559
1974-04-01,Roma,1600.59020996
1974-04-03,Roma,1600.59020996
1974-04-07,Roma,1600.59020996
1974-04-08,Roma,1595.83837891
1974-04-11,Roma,1599.77050781
1974-04-15,Roma,1599.77050781
1974-04-16,Roma,1596.33007812
1974-04-21,Roma,1596.33007812
1974-04-22,Roma,1595.41845703
1974-04-24,Roma,1595.41845703
1974-04-25,Roma,1599.82458496
1974-04-29,Roma,1602.12683105
1974-04-30,Roma,1602.12683105
1974-05-03,Roma,1602.12683105
1974-05-04,Roma,1602.12683105
1974-05-05,Roma,1602.12683105
1974-05-06,Roma,1611.71105957
1974-05-09,Roma,1606.08325195
1974-05-10,Roma,1606.08325195
1974-05-13,Roma,1608.27490234
1974-05-15,Roma,1608.27490234
1974-05-20,Roma,1615.8605957
1974-05-24,Roma,1615.8605957
1974-06-03,Roma,1615.8605957
1974-06-13,Roma,1615.8605957
1974-06-19,Roma,1615.8605957
1974-06-27,Roma,1615.8605957
1974-08-07,Roma,1615.8605957
1974-08-14,Roma,1615.8605957
1974-08-19,Roma,1615.8605957
1974-09-10,Roma,1615.8605957
1974-09-15,Roma,1615.8605957
1974-09-19,Roma,1615.65075684
1974-09-22,Roma,1615.65075684
1974-09-23,Roma,1615.65075684
1974-09-26,Roma,1612.1550293
1974-09-28,Roma,1612.1550293
1974-09-29,Roma,1612.1550293
1974-10-02,Roma,1612.1550293
1974-10-03,Roma,1618.90881348
1974-10-06,Roma,1618.90881348
1974-10-07,Roma,1614.19873047
1974-10-13,Roma,1614.19873047
1974-10-14,Roma,1612.21252441
1974-10-17,Roma,1612.21252441
1974-10-20,Roma,1612.21252441
1974-10-21,Roma,1607.03503418
1974-10-24,Roma,1603.52880859
1974-10-27,Roma,1603.52880859
1974-10-28,Roma,1594.17700195
1974-11-03,Roma,1594.17700195
1974-11-04,Roma,1594.17700195
1974-11-05,Roma,1596.59594727
1974-11-06,Roma,1596.59594727
1974-11-07,Roma,1604.87109375
1974-11-11,Roma,1608.75366211
1974-11-17,Roma,1608.75366211
1974-11-18,Roma,1608.75366211
1974-11-25,Roma,1606.8560791
1974-11-28,Roma,1597.62878418
1974-12-02,Roma,1606.03320312
1974-12-08,Roma,1606.03320312
1974-12-09,Roma,1617.13830566
1974-12-12,Roma,1621.88623047
1974-12-16,Roma,1628.2598877
1974-12-23,Roma,1628.2598877
1974-12-24,Roma,1633.57067871
1974-12-30,Roma,1633.57067871
1975-01-06,Roma,1647.29150391
1975-01-13,Roma,1650.72058105
1975-01-20,Roma,1650.84716797
1975-01-27,Roma,1656.89245605
1975-02-03,Roma,1645.59240723
1975-02-09,Roma,1645.59240723
1975-02-10,Roma,1638.80187988
1975-02-16,Roma,1638.80187988
1975-02-17,Roma,1643.88317871
1975-02-23,Roma,1643.88317871
1975-02-24,Roma,1648.88220215
1975-03-03,Roma,1651.83691406
1975-03-06,Roma,1654.6607666
1975-03-09,Roma,1654.6607666
1975-03-10,Roma,1654.81848145
1975-03-16,Roma,1654.81848145
1975-03-17,Roma,1664.08825684
1975-03-20,Roma,1666.82727051
1975-03-21,Roma,1666.82727051
1975-03-23,Roma,1666.82727051
1975-03-24,Roma,1679.72094727
1975-03-27,Roma,1679.72094727
1975-03-30,Roma,1679.72094727
1975-03-31,Roma,1679.72094727
1975-04-01,Roma,1674.38439941
1975-04-06,Roma,1674.38439941
1975-04-07,Roma,1676.8145752
1975-04-10,Roma,1672.83483887
1975-04-14,Roma,1673.36669922
1975-04-17,Roma,1673.36669922
1975-04-20,Roma,1673.36669922
1975-04-21,Roma,1673.36669922
1975-04-24,Roma,1665.70043945
1975-04-28,Roma,1668.51391602
1975-05-02,Roma,1668.51391602
1975-05-04,Roma,1668.51391602
1975-05-05,Roma,1668.95983887
1975-05-08,Roma,1668.95983887
1975-05-12,Roma,1672.49633789
1975-05-19,Roma,1688.12548828
1975-05-22,Roma,1688.12548828
1975-05-29,Roma,1688.12548828
1975-05-30,Roma,1688.12548828
1975-06-08,Roma,1688.12548828
1975-06-12,Roma,1688.12548828
1975-06-15,Roma,1688.12548828
1975-06-17,Roma,1688.12548828
1975-07-07,Roma,1688.12548828
1975-07-14,Roma,1688.12548828
1975-08-17,Roma,1688.12548828
1975-08-31,Roma,1688.12548828
1975-09-04,Roma,1688.12548828
1975-09-14,Roma,1688.12548828
1975-09-15,Roma,1688.12548828
1975-09-17,Roma,1687.16455078
1975-09-18,Roma,1686.64575195
1975-09-19,Roma,1686.64575195
1975-09-24,Roma,1686.64575195
1975-09-28,Roma,1686.64575195
1975-09-29,Roma,1686.64575195
1975-10-02,Roma,1696.96130371
1975-10-05,Roma,1696.96130371
1975-10-06,Roma,1691.31994629
1975-10-12,Roma,1691.31994629
1975-10-13,Roma,1679.42956543
1975-10-19,Roma,1679.42956543
1975-10-20,Roma,1682.69848633
1975-10-23,Roma,1676.44812012
1975-11-01,Roma,1676.44812012
1975-11-02,Roma,1676.44812012
1975-11-03,Roma,1675.72998047
1975-11-06,Roma,1673.23657227
1975-11-09,Roma,1673.23657227
1975-11-10,Roma,1670.75878906
1975-11-16,Roma,1670.75878906
1975-11-17,Roma,1674.34057617
1975-11-23,Roma,1674.34057617
1975-11-27,Roma,1680.0255127
1975-11-30,Roma,1680.0255127
1975-12-01,Roma,1676.2722168
1975-12-08,Roma,1667.52709961
1975-12-11,Roma,1643.28369141
1975-12-15,Roma,1646.41088867
1975-12-21,Roma,1646.41088867
1975-12-22,Roma,1654.88354492
1975-12-29,Roma,1654.88354492
1975-12-31,Roma,1649.22924805
1976-01-05,Roma,1649.22924805
1976-01-11,Roma,1649.22924805
1976-01-13,Roma,1641.328125
1976-01-19,Roma,1637.27758789
1976-01-25,Roma,1637.27758789
1976-01-26,Roma,1633.34313965
1976-02-02,Roma,1633.93603516
1976-02-08,Roma,1633.93603516
1976-02-09,Roma,1633.93603516
1976-02-10,Roma,1651.00183105
1976-02-12,Roma,1651.00183105
1976-02-15,Roma,1651.00183105
1976-02-17,Roma,1646.07189941
1976-02-23,Roma,1653.15234375
1976-02-29,Roma,1655.56738281
1976-03-04,Roma,1651.18261719
1976-03-07,Roma,1651.18261719
1976-03-08,Roma,1647.4197998
1976-03-15,Roma,1643.02050781
1976-03-18,Roma,1640.03833008
1976-03-21,Roma,1640.03833008
1976-03-22,Roma,1635.96716309
1976-03-28,Roma,1635.96716309
1976-03-29,Roma,1632.11816406
1976-04-01,Roma,1632.11816406
1976-04-05,Roma,1624.03112793
1976-04-08,Roma,1624.03112793
1976-04-11,Roma,1624.03112793
1976-04-12,Roma,1610.58789062
1976-04-15,Roma,1610.58789062
1976-04-17,Roma,1610.58789062
1976-04-18,Roma,1610.58789062
1976-04-20,Roma,1607.50390625
1976-04-26,Roma,1614.33569336
1976-05-02,Roma,1614.33569336
1976-05-03,Roma,1597.07128906
1976-05-10,Roma,1590.50170898
1976-05-17,Roma,1585.22180176
1976-09-16,Roma,1573.07067871
1976-09-30,Roma,1584.54931641
1976-10-01,Roma,1585.65148926
1976-10-04,Roma,1586.32727051
1976-10-11,Roma,1593.18383789
1976-10-21,Roma,1589.10986328
1976-10-25,Roma,1585.33081055
1976-11-01,Roma,1580.24450684
1976-11-04,Roma,1592.47119141
1976-11-05,Roma,1592.55944824
1976-11-07,Roma,1592.55944824
1976-11-08,Roma,1593.06323242
1976-11-09,Roma,1593.06323242
1976-11-11,Roma,1593.06323242
1976-11-14,Roma,1593.06323242
1976-11-21,Roma,1593.06323242
1976-11-22,Roma,1597.52294922
1976-11-25,Roma,1594.98242188
1976-11-28,Roma,1594.98242188
1976-11-29,Roma,1590.63391113
1976-12-06,Roma,1589.39892578
1976-12-09,Roma,1590.33190918
1976-12-13,Roma,1587.11987305
1976-12-20,Roma,1583.2208252
1977-01-03,Roma,1576.2701416
1977-01-10,Roma,1584.05834961
1977-01-17,Roma,1588.64428711
1977-01-31,Roma,1604.37109375
1977-02-06,Roma,1604.37109375
1977-02-07,Roma,1595.47045898
1977-02-13,Roma,1595.47045898
1977-02-14,Roma,1599.23706055
1977-02-20,Roma,1599.23706055
1977-02-21,Roma,1599.23706055
1977-02-22,Roma,1585.95703125
1977-03-01,Roma,1595.66088867
1977-03-03,Roma,1597.23547363
1977-03-04,Roma,1603.36096191
1977-03-07,Roma,1605.94824219
1977-03-14,Roma,1608.89074707
1977-03-17,Roma,1610.12097168
1977-03-19,Roma,1610.12097168
1977-03-20,Roma,1610.12097168
1977-03-21,Roma,1602.43737793
1977-03-28,Roma,1607.50976562
1977-03-31,Roma,1607.50976562
1977-04-03,Roma,1607.50976562
1977-04-04,Roma,1612.09887695
1977-04-07,Roma,1613.7734375
1977-04-10,Roma,1613.7734375
1977-04-11,Roma,1612.75183105
1977-04-12,Roma,1612.75183105
1977-04-17,Roma,1612.75183105
1977-04-18,Roma,1602.57739258
1977-04-21,Roma,1597.4967041
1977-04-25,Roma,1587.82702637
1977-05-03,Roma,1581.72741699
1977-05-05,Roma,1581.36450195
1977-05-09,Roma,1578.8782959
1977-05-15,Roma,1577.69567871
1977-05-19,Roma,1580.21386719
1977-05-23,Roma,1585.96911621
1977-09-12,Roma,1596.46008301
1977-09-15,Roma,1584.51525879
1977-09-19,Roma,1579.42028809
1977-09-26,Roma,1583.23010254
1977-09-29,Roma,1590.68078613
1977-10-03,Roma,1591.65124512
1977-10-20,Roma,1594.94934082
1977-10-24,Roma,1584.63317871
1977-10-31,Roma,1578.81274414
1977-11-03,Roma,1563.03283691
1977-11-07,Roma,1559.93151855
1977-11-21,Roma,1557.60388184
1977-11-24,Roma,1557.16577148
1977-11-28,Roma,1551.60083008
1977-12-08,Roma,1539.19995117
1977-12-12,Roma,1542.56066895
1977-12-19,Roma,1547.36694336
1978-01-01,Roma,1550.4967041
1978-01-09,Roma,1540.51953125
1978-01-16,Roma,1538.79199219
1978-01-23,Roma,1544.8939209
1978-01-30,Roma,1552.05529785
1978-02-06,Roma,1560.5501709
1978-02-13,Roma,1562.32714844
1978-02-20,Roma,1567.4732666
1978-02-27,Roma,1563.41101074
1978-03-02,Roma,1566.5144043
1978-03-06,Roma,1564.18798828
1978-03-13,Roma,1556.90539551
1978-03-16,Roma,1552.37280273
1978-03-20,Roma,1555.72924805
1978-03-27,Roma,1553.06225586
1978-03-30,Roma,1553.50109863
1978-04-03,Roma,1549.2355957
1978-04-10,Roma,1543.01574707
1978-04-13,Roma,1536.42651367
1978-04-20,Roma,1541.85974121
1978-04-24,Roma,1536.76525879
1978-05-01,Roma,1540.14575195
1978-05-08,Roma,1550.92675781
1978-09-14,Roma,1540.24035645
1978-09-28,Roma,1520.60986328
1978-10-02,Roma,1522.9498291
1978-10-09,Roma,1507.03295898
1978-10-16,Roma,1502.40026855
1978-10-19,Roma,1506.4206543
1978-10-23,Roma,1514.43981934
1978-10-26,Roma,1514.50085449
1978-10-30,Roma,1507.42016602
1978-11-02,Roma,1511.66833496
1978-11-06,Roma,1501.20788574
1978-11-13,Roma,1504.87451172
1978-11-20,Roma,1503.78210449
1978-11-23,Roma,1501.61804199
1978-11-27,Roma,1496.98168945
1978-12-04,Roma,1500.56262207
1978-12-07,Roma,1498.76464844
1978-12-11,Roma,1492.55688477
1978-12-18,Roma,1503.4239502
1979-01-08,Roma,1503.31799316
1979-01-15,Roma,1494.25646973
1979-01-22,Roma,1500.11645508
1979-01-29,Roma,1506.29943848
1979-02-05,Roma,1503.78552246
1979-02-12,Roma,1501.93212891
1979-02-19,Roma,1512.77319336
1979-03-05,Roma,1495.29052734
1979-03-08,Roma,1492.9362793
1979-03-12,Roma,1490.65014648
1979-03-19,Roma,1480.04150391
1979-03-22,Roma,1478.29125977
1979-03-26,Roma,1484.28979492
1979-04-02,Roma,1496.0916748
1979-04-09,Roma,1497.37536621
1979-04-15,Roma,1495.00378418
1979-04-23,Roma,1491.35839844
1979-04-30,Roma,1505.66271973
1979-05-07,Roma,1501.44274902
1979-05-14,Roma,1504.70776367
1979-09-17,Roma,1506.43603516
1979-09-20,Roma,1525.04418945
1979-09-24,Roma,1534.30493164
1979-10-01,Roma,1523.19372559
1979-10-04,Roma,1517.76013184
1979-10-05,Roma,1518.9173584
1979-10-08,Roma,1511.49035645
1979-10-15,Roma,1512.28979492
1979-10-22,Roma,1514.30688477
1979-10-25,Roma,1520.35424805
1979-10-29,Roma,1517.5579834
1979-11-02,Roma,1486.81286621
1979-11-05,Roma,1488.76733398
1979-11-08,Roma,1492.59289551
1979-11-12,Roma,1486.57885742
1979-11-26,Roma,1492.29907227
1979-12-03,Roma,1498.54284668
1979-12-10,Roma,1494.61437988
1979-12-17,Roma,1503.82678223
1979-12-31,Roma,1518.3861084
1980-01-07,Roma,1514.17272949
1980-01-14,Roma,1519.83178711
1980-01-21,Roma,1524.90551758
1980-01-28,Roma,1527.37194824
1980-02-04,Roma,1525.01074219
1980-02-11,Roma,1520.17053223
1980-02-25,Roma,1515.32434082
1980-03-03,Roma,1525.71496582
1980-03-06,Roma,1527.80737305
1980-03-10,Roma,1532.06066895
1980-03-20,Roma,1536.1685791
1980-03-24,Roma,1548.84692383
1980-03-31,Roma,1538.55651855
1980-04-06,Roma,1531.7800293
1980-04-10,Roma,1536.40917969
1980-04-14,Roma,1525.80517578
1980-04-24,Roma,1516.93786621
1980-04-28,Roma,1522.84387207
1980-05-05,Roma,1519.05187988
1980-05-12,Roma,1528.5748291
1980-09-15,Roma,1535.67163086
1980-09-18,Roma,1576.7142334
1980-09-22,Roma,1579.84338379
1980-09-29,Roma,1581.76196289
1980-10-02,Roma,1547.36486816
1980-10-06,Roma,1558.56982422
1980-10-20,Roma,1546.03527832
1980-10-23,Roma,1554.34912109
1980-10-27,Roma,1574.12084961
1980-11-06,Roma,1577.8392334
1980-11-10,Roma,1572.93811035
1980-11-24,Roma,1566.47436523
1980-11-27,Roma,1566.43273926
1980-12-01,Roma,1570.72155762
1980-12-11,Roma,1570.5333252
1980-12-15,Roma,1574.02099609
1980-12-22,Roma,1582.26794434
1980-12-29,Roma,1584.62207031
1981-01-19,Roma,1583.98181152
1981-01-26,Roma,1600.67797852
1981-01-31,Roma,1600.67797852
1981-02-02,Roma,1595.51989746
1981-02-08,Roma,1595.51989746
1981-02-09,Roma,1589.20410156
1981-02-16,Roma,1596.67944336
1981-02-23,Roma,1592.80944824
1981-03-02,Roma,1609.82299805
1981-03-05,Roma,1606.5670166
1981-03-09,Roma,1603.22277832
1981-03-15,Roma,1603.22277832
1981-03-16,Roma,1609.68933105
1981-03-19,Roma,1620.72851562
1981-03-23,Roma,1620.13244629
1981-03-28,Roma,1620.13244629
1981-03-29,Roma,1620.13244629
1981-03-30,Roma,1623.93225098
1981-04-05,Roma,1623.93225098
1981-04-06,Roma,1633.32714844
1981-04-09,Roma,1630.93371582
1981-04-12,Roma,1630.93371582
1981-04-13,Roma,1626.41113281
1981-04-16,Roma,1626.41113281
1981-04-19,Roma,1626.41113281
1981-04-22,Roma,1626.41113281
1981-04-23,Roma,1625.98083496
1981-04-26,Roma,1625.98083496
1981-04-27,Roma,1625.81274414
1981-05-03,Roma,1625.81274414
1981-05-04,Roma,1633.42016602
1981-05-07,Roma,1633.42016602
1981-05-10,Roma,1633.42016602
1981-05-11,Roma,1638.57348633
1981-05-16,Roma,1638.57348633
1981-05-18,Roma,1640.38037109
1981-05-24,Roma,1640.38037109
1981-05-25,Roma,1639.86108398
1981-07-29,Roma,1639.86108398
1981-08-08,Roma,1639.86108398
1981-08-23,Roma,1639.86108398
1981-08-26,Roma,1639.86108398
1981-08-27,Roma,1639.86108398
1981-08-30,Roma,1639.86108398
1981-09-02,Roma,1639.86108398
1981-09-06,Roma,1639.86108398
1981-09-13,Roma,1639.86108398
1981-09-14,Roma,1634.24475098
1981-09-16,Roma,1634.24475098
1981-09-17,Roma,1630.65319824
1981-09-20,Roma,1630.65319824
1981-09-21,Roma,1629.43078613
1981-09-26,Roma,1629.43078613
1981-09-28,Roma,1633.01257324
1981-10-01,Roma,1639.46154785
1981-10-02,Roma,1639.46154785
1981-10-03,Roma,1639.46154785
1981-10-04,Roma,1639.46154785
1981-10-05,Roma,1640.61401367
1981-10-08,Roma,1640.61401367
1981-10-11,Roma,1640.61401367
1981-10-12,Roma,1647.06738281
1981-10-18,Roma,1647.06738281
1981-10-19,Roma,1647.06738281
1981-10-21,Roma,1647.06738281
1981-10-22,Roma,1625.66723633
1981-10-25,Roma,1625.66723633
1981-10-26,Roma,1632.7232666
1981-10-31,Roma,1632.7232666
1981-11-02,Roma,1646.52148438
1981-11-04,Roma,1646.52148438
1981-11-05,Roma,1630.16699219
1981-11-09,Roma,1635.37524414
1981-11-11,Roma,1635.37524414
1981-11-12,Roma,1635.37524414
1981-11-14,Roma,1635.37524414
1981-11-16,Roma,1635.37524414
1981-11-19,Roma,1635.37524414
1981-11-22,Roma,1635.37524414
1981-11-23,Roma,1629.68151855
1981-11-25,Roma,1629.68151855
1981-11-26,Roma,1629.68151855
1981-11-29,Roma,1629.68151855
1981-11-30,Roma,1624.14331055
1981-12-07,Roma,1624.14331055
1981-12-10,Roma,1624.14331055
1981-12-14,Roma,1624.14331055
1981-12-21,Roma,1627.02038574
1981-12-29,Roma,1627.02038574
1982-01-04,Roma,1620.25500488
1982-01-06,Roma,1620.25500488
1982-01-11,Roma,1628.44421387
1982-01-14,Roma,1628.50476074
1982-01-18,Roma,1621.78308105
1982-01-24,Roma,1621.78308105
1982-01-25,Roma,1614.0168457
1982-01-27,Roma,1614.0168457
1982-01-31,Roma,1614.0168457
1982-02-01,Roma,1599.67797852
1982-02-07,Roma,1599.67797852
1982-02-08,Roma,1611.29602051
1982-02-09,Roma,1611.29602051
1982-02-15,Roma,1618.00415039
1982-02-16,Roma,1618.00415039
1982-02-17,Roma,1618.00415039
1982-02-18,Roma,1618.00415039
1982-02-23,Roma,1618.00415039
1982-02-28,Roma,1618.00415039
1982-03-01,Roma,1620.81982422
1982-03-08,Roma,1615.28417969
1982-03-11,Roma,1615.28417969
1982-03-13,Roma,1615.28417969
1982-03-14,Roma,1615.28417969
1982-03-15,Roma,1601.4440918
1982-03-16,Roma,1601.4440918
1982-03-18,Roma,1601.4440918
1982-03-21,Roma,1601.4440918
1982-03-22,Roma,1589.96252441
1982-03-29,Roma,1596.08483887
1982-04-05,Roma,1603.9263916
1982-04-10,Roma,1603.9263916
1982-04-11,Roma,1603.9263916
1982-04-14,Roma,1603.9263916
1982-04-15,Roma,1603.9263916
1982-04-18,Roma,1603.9263916
1982-04-19,Roma,1598.63928223
1982-04-26,Roma,1603.9074707
1982-04-27,Roma,1603.9074707
1982-04-29,Roma,1603.9074707
1982-05-02,Roma,1603.9074707
1982-05-03,Roma,1600.59973145
1982-05-10,Roma,1604.91894531
1982-05-12,Roma,1604.91894531
1982-05-13,Roma,1604.91894531
1982-05-16,Roma,1604.91894531
1982-05-17,Roma,1612.2154541
1982-05-20,Roma,1612.2154541
1982-05-21,Roma,1612.2154541
1982-05-23,Roma,1612.2154541
1982-05-26,Roma,1612.2154541
1982-06-07,Roma,1612.2154541
1982-06-10,Roma,1612.2154541
1982-07-28,Roma,1612.2154541
1982-08-11,Roma,1612.2154541
1982-08-15,Roma,1612.2154541
1982-08-17,Roma,1612.2154541
1982-08-19,Roma,1612.2154541
1982-08-22,Roma,1612.2154541
1982-08-25,Roma,1612.2154541
1982-08-29,Roma,1612.2154541
1982-08-30,Roma,1612.2154541
1982-09-01,Roma,1612.2154541
1982-09-02,Roma,1612.2154541
1982-09-05,Roma,1612.2154541
1982-09-07,Roma,1612.2154541
1982-09-08,Roma,1612.2154541
1982-09-09,Roma,1612.2154541
1982-09-11,Roma,1612.2154541
1982-09-13,Roma,1623.17602539
1982-09-16,Roma,1648.4074707
1982-09-19,Roma,1648.4074707
1982-09-20,Roma,1650.45996094
1982-09-26,Roma,1650.45996094
1982-09-27,Roma,1640.69604492
1982-09-30,Roma,1645.1060791
1982-10-03,Roma,1645.1060791
1982-10-04,Roma,1648.54638672
1982-10-11,Roma,1661.50695801
1982-10-16,Roma,1661.50695801
1982-10-18,Roma,1664.15014648
1982-10-21,Roma,1663.44519043
1982-10-25,Roma,1659.27514648
1982-10-27,Roma,1659.27514648
1982-10-30,Roma,1659.27514648
1982-11-01,Roma,1662.62536621
1982-11-02,Roma,1662.62536621
1982-11-04,Roma,1661.69848633
1982-11-07,Roma,1661.69848633
1982-11-08,Roma,1660.0949707
1982-11-11,Roma,1660.0949707
1982-11-15,Roma,1660.0949707
1982-11-20,Roma,1660.0949707
1982-11-22,Roma,1667.55834961
1982-11-25,Roma,1668.87097168
1982-11-29,Roma,1666.30114746
1982-12-05,Roma,1666.30114746
1982-12-09,Roma,1694.73059082
1982-12-12,Roma,1694.73059082
1982-12-13,Roma,1699.51806641
1982-12-19,Roma,1699.51806641
1982-12-20,Roma,1696.95568848
1983-01-02,Roma,1696.95568848
1983-01-03,Roma,1700.21337891
1983-01-04,Roma,1700.21337891
1983-01-10,Roma,1699.17724609
1983-01-16,Roma,1699.17724609
1983-01-17,Roma,1701.84533691
1983-01-24,Roma,1700.30566406
1983-01-31,Roma,1702.58789062
1983-02-07,Roma,1701.04614258
1983-02-10,Roma,1701.04614258
1983-02-13,Roma,1701.04614258
1983-02-21,Roma,1706.33666992
1983-02-27,Roma,1706.33666992
1983-02-28,Roma,1703.90600586
1983-03-03,Roma,1691.26171875
1983-03-06,Roma,1691.26171875
1983-03-07,Roma,1681.55395508
1983-03-14,Roma,1687.33898926
1983-03-17,Roma,1692.48999023
1983-03-21,Roma,1686.12854004
1983-03-28,Roma,1687.89135742
1983-04-03,Roma,1687.89135742
1983-04-05,Roma,1687.89135742
1983-04-07,Roma,1689.4942627
1983-04-11,Roma,1691.5802002
1983-04-17,Roma,1691.5802002
1983-04-21,Roma,1692.77624512
1983-04-24,Roma,1692.77624512
1983-04-25,Roma,1694.6809082
1983-05-02,Roma,1698.19335938
1983-05-04,Roma,1698.19335938
1983-05-09,Roma,1696.60180664
1983-05-10,Roma,1696.60180664
1983-05-12,Roma,1696.60180664
1983-05-15,Roma,1696.60180664
1983-05-16,Roma,1700.60498047
1983-05-26,Roma,1697.92407227
1983-05-28,Roma,1697.92407227
1983-06-09,Roma,1697.92407227
1983-06-18,Roma,1697.92407227
1983-06-25,Roma,1697.92407227
1983-08-25,Roma,1697.92407227
1983-08-28,Roma,1697.92407227
1983-08-30,Roma,1697.92407227
1983-09-04,Roma,1697.92407227
1983-09-07,Roma,1697.92407227
1983-09-11,Roma,1697.92407227
1983-09-13,Roma,1700.9552002
1983-09-15,Roma,1715.27368164
1983-09-19,Roma,1722.28112793
1983-09-26,Roma,1725.63183594
1983-09-29,Roma,1741.91943359
1983-10-02,Roma,1741.91943359
1983-10-03,Roma,1732.90893555
1983-10-10,Roma,1734.61694336
1983-10-16,Roma,1734.61694336
1983-10-17,Roma,1734.61694336
1983-10-20,Roma,1743.37426758
1983-10-24,Roma,1750.31604004
1983-10-30,Roma,1750.31604004
1983-10-31,Roma,1755.09069824
1983-11-03,Roma,1767.66503906
1983-11-06,Roma,1767.66503906
1983-11-07,Roma,1758.20837402
1983-11-10,Roma,1758.20837402
1983-11-21,Roma,1751.13208008
1983-11-24,Roma,1751.05993652
1983-11-28,Roma,1743.76147461
1983-12-05,Roma,1748.4354248
1983-12-08,Roma,1741.93640137
1983-12-12,Roma,1743.71643066
1983-12-15,Roma,1743.71643066
1983-12-19,Roma,1745.20397949
1984-01-01,Roma,1746.22192383
1984-01-09,Roma,1737.5880127
1984-01-16,Roma,1735.41430664
1984-01-22,Roma,1735.41430664
1984-01-23,Roma,1728.67089844
1984-01-30,Roma,1728.83691406
1984-02-05,Roma,1728.83691406
1984-02-12,Roma,1728.83691406
1984-02-13,Roma,1732.0489502
1984-02-20,Roma,1739.80700684
1984-02-26,Roma,1739.80700684
1984-02-27,Roma,1731.79956055
1984-03-08,Roma,1754.55871582
1984-03-12,Roma,1761.19421387
1984-03-18,Roma,1761.19421387
1984-03-19,Roma,1765.48193359
1984-03-21,Roma,1765.48193359
1984-03-22,Roma,1768.49914551
1984-03-26,Roma,1767.41662598
1984-04-01,Roma,1767.41662598
1984-04-02,Roma,1770.61364746
1984-04-12,Roma,1762.88867188
1984-04-16,Roma,1760.51123047
1984-04-19,Roma,1760.51123047
1984-04-22,Roma,1758.60058594
1984-04-23,Roma,1758.60058594
1984-04-26,Roma,1789.66333008
1984-04-30,Roma,1792.96166992
1984-05-07,Roma,1786.99145508
1984-05-10,Roma,1786.99145508
1984-05-13,Roma,1786.99145508
1984-05-14,Roma,1789.17626953
1984-05-17,Roma,1792.765625
1984-05-20,Roma,1792.765625
1984-05-24,Roma,1792.765625
1984-05-27,Roma,1792.765625
1984-05-31,Roma,1795.31335449
1984-08-25,Roma,1795.31335449
1984-08-26,Roma,1795.31335449
1984-08-30,Roma,1795.31335449
1984-09-09,Roma,1795.31335449
1984-09-10,Roma,1795.31335449
1984-09-16,Roma,1795.31335449
1984-09-17,Roma,1793.16101074
1984-09-20,Roma,1793.98168945
1984-09-21,Roma,1792.1953125
1984-09-23,Roma,1792.1953125
1984-09-24,Roma,1784.09240723
1984-09-30,Roma,1784.09240723
1984-10-01,Roma,1780.84838867
1984-10-04,Roma,1792.93859863
1984-10-07,Roma,1792.93859863
1984-10-08,Roma,1786.23364258
1984-10-15,Roma,1777.90527344
1984-10-21,Roma,1777.90527344
1984-10-22,Roma,1771.91040039
1984-10-25,Roma,1779.07446289
1984-10-28,Roma,1779.07446289
1984-10-29,Roma,1783.92346191
1984-11-08,Roma,1781.46313477
1984-11-12,Roma,1773.42663574
1984-11-14,Roma,1773.42663574
1984-11-18,Roma,1773.42663574
1984-11-19,Roma,1776.65686035
1984-11-25,Roma,1776.65686035
1984-11-26,Roma,1774.70410156
1984-11-29,Roma,1775.29699707
1984-12-01,Roma,1775.29699707
1984-12-02,Roma,1775.29699707
1984-12-03,Roma,1777.24279785
1984-12-13,Roma,1781.83898926
1984-12-17,Roma,1788.82019043
1984-12-23,Roma,1788.82019043
1984-12-24,Roma,1789.87133789
1985-01-07,Roma,1792.80883789
1985-01-14,Roma,1795.83996582
1985-01-21,Roma,1797.80993652
1985-01-28,Roma,1795.2635498
1985-02-11,Roma,1787.61901855
1985-02-18,Roma,1773.22595215
1985-02-25,Roma,1759.39868164
1985-03-04,Roma,1753.36450195
1985-03-07,Roma,1747.47741699
1985-03-14,Roma,1747.47741699
1985-03-18,Roma,1745.28100586
1985-03-21,Roma,1742.87536621
1985-03-25,Roma,1740.23266602
1985-04-01,Roma,1733.14746094
1985-04-07,Roma,1733.14746094
1985-04-08,Roma,1733.14746094
1985-04-11,Roma,1741.45178223
1985-04-15,Roma,1745.1965332
1985-04-18,Roma,1745.1965332
1985-04-22,Roma,1757.45727539
1985-04-25,Roma,1745.19555664
1985-04-28,Roma,1745.19555664
1985-04-29,Roma,1739.3729248
1985-05-02,Roma,1739.3729248
1985-05-05,Roma,1739.3729248
1985-05-06,Roma,1751.2857666
1985-05-07,Roma,1751.2857666
1985-05-13,Roma,1756.36499023
1985-05-20,Roma,1749.81542969
1985-05-30,Roma,1755.33166504
1985-06-09,Roma,1755.33166504
1985-06-17,Roma,1755.33166504
1985-07-09,Roma,1755.33166504
1985-09-05,Roma,1755.33166504
1985-09-09,Roma,1762.59802246
1985-09-16,Roma,1764.85998535
1985-09-19,Roma,1763.51452637
1985-09-23,Roma,1747.90185547
1985-09-30,Roma,1749.63977051
1985-10-03,Roma,1764.55895996
1985-10-06,Roma,1764.55895996
1985-10-07,Roma,1770.94250488
1985-10-14,Roma,1761.80627441
1985-10-20,Roma,1761.80627441
1985-10-21,Roma,1765.40844727
1985-10-24,Roma,1758.2635498
1985-10-28,Roma,1753.48095703
1985-11-03,Roma,1753.48095703
1985-11-04,Roma,1757.87976074
1985-11-07,Roma,1755.26428223
1985-11-10,Roma,1755.26428223
1985-11-11,Roma,1750.87988281
1985-11-24,Roma,1750.87988281
1985-11-25,Roma,1755.15087891
1985-11-28,Roma,1754.63208008
1985-12-01,Roma,1754.63208008
1985-12-02,Roma,1747.79089355
1985-12-08,Roma,1747.79089355
1985-12-09,Roma,1749.88146973
1985-12-12,Roma,1745.58532715
1985-12-15,Roma,1745.58532715
1985-12-16,Roma,1755.04541016
1985-12-22,Roma,1755.04541016
1985-12-23,Roma,1747.99145508
1985-12-29,Roma,1747.99145508
1986-01-06,Roma,1752.93847656
1986-01-13,Roma,1763.72021484
1986-01-19,Roma,1763.72021484
1986-01-20,Roma,1765.38684082
1986-01-26,Roma,1765.38684082
1986-01-27,Roma,1770.43200684
1986-02-02,Roma,1770.43200684
1986-02-10,Roma,1780.44250488
1986-02-17,Roma,1784.30078125
1986-02-24,Roma,1784.8449707
1986-03-03,Roma,1790.26037598
1986-03-06,Roma,1795.08666992
1986-03-10,Roma,1787.59753418
1986-03-12,Roma,1787.59753418
1986-03-17,Roma,1798.50561523
1986-03-20,Roma,1795.73608398
1986-03-23,Roma,1795.73608398
1986-03-24,Roma,1804.62353516
1986-04-03,Roma,1808.7824707
1986-04-06,Roma,1808.7824707
1986-04-07,Roma,1811.54138184
1986-04-10,Roma,1811.54138184
1986-04-14,Roma,1819.72705078
1986-04-17,Roma,1811.66137695
1986-04-21,Roma,1794.96105957
1986-04-22,Roma,1794.96105957
1986-04-28,Roma,1785.6685791
1986-05-22,Roma,1785.6685791
1986-05-26,Roma,1785.6685791
1986-08-24,Roma,1785.6685791
1986-08-26,Roma,1785.6685791
1986-09-07,Roma,1785.6685791
1986-09-14,Roma,1785.6685791
1986-09-15,Roma,1778.82995605
1986-09-18,Roma,1798.71118164
1986-09-21,Roma,1798.71118164
1986-09-22,Roma,1806.31140137
1986-09-28,Roma,1806.31140137
1986-09-29,Roma,1799.96887207
1986-10-02,Roma,1779.94494629
1986-10-03,Roma,1776.82409668
1986-10-06,Roma,1765.81347656
1986-10-13,Roma,1767.10144043
1986-10-17,Roma,1767.10144043
1986-10-20,Roma,1779.93701172
1986-10-23,Roma,1782.12304688
1986-10-26,Roma,1782.12304688
1986-10-27,Roma,1769.59423828
1986-11-03,Roma,1775.9173584
1986-11-06,Roma,1779.83251953
1986-11-10,Roma,1784.54260254
1986-11-16,Roma,1784.54260254
1986-11-17,Roma,1784.54260254
1986-11-18,Roma,1784.54260254
1986-11-23,Roma,1784.54260254
1986-11-24,Roma,1776.23449707
1986-11-26,Roma,1776.23449707
1986-11-27,Roma,1778.49584961
1986-11-29,Roma,1778.49584961
1986-12-01,Roma,1789.06225586
1986-12-04,Roma,1789.06225586
1986-12-11,Roma,1796.37365723
1986-12-12,Roma,1795.87927246
1986-12-14,Roma,1795.87927246
1986-12-15,Roma,1793.09973145
1986-12-21,Roma,1793.09973145
1986-12-22,Roma,1779.50402832
1986-12-27,Roma,1779.50402832
1986-12-29,Roma,1779.50402832
1987-01-05,Roma,1780.60595703
1987-01-12,Roma,1784.39172363
1987-01-19,Roma,1784.57824707
1987-01-26,Roma,1784.57824707
1987-02-02,Roma,1787.75134277
1987-02-09,Roma,1796.84692383
1987-02-23,Roma,1801.38330078
1987-03-02,Roma,1798.08984375
1987-03-05,Roma,1796.29504395
1987-03-08,Roma,1796.29504395
1987-03-09,Roma,1799.12756348
1987-03-16,Roma,1802.80615234
1987-03-19,Roma,1792.17712402
1987-03-22,Roma,1792.17712402
1987-03-23,Roma,1793.43664551
1987-03-30,Roma,1783.22949219
1987-04-04,Roma,1783.22949219
1987-04-06,Roma,1776.49121094
1987-04-08,Roma,1776.49121094
1987-04-09,Roma,1776.49121094
1987-04-12,Roma,1776.49121094
1987-04-13,Roma,1769.79943848
1987-04-21,Roma,1769.79943848
1987-04-22,Roma,1769.79943848
1987-04-23,Roma,1769.79943848
1987-04-25,Roma,1769.79943848
1987-04-26,Roma,1769.79943848
1987-04-27,Roma,1762.11376953
1987-05-02,Roma,1762.11376953
1987-05-03,Roma,1762.11376953
1987-05-04,Roma,1750.86157227
1987-05-05,Roma,1750.86157227
1987-05-09,Roma,1750.86157227
1987-05-10,Roma,1750.86157227
1987-05-11,Roma,1728.0715332
1987-05-16,Roma,1728.0715332
1987-05-18,Roma,1721.03918457
1987-05-21,Roma,1721.03918457
1987-05-24,Roma,1721.03918457
1987-05-28,Roma,1721.03918457
1987-06-01,Roma,1721.03918457
1987-06-07,Roma,1721.03918457
1987-06-21,Roma,1721.03918457
1987-06-27,Roma,1721.03918457
1987-08-17,Roma,1721.03918457
1987-08-19,Roma,1721.03918457
1987-08-23,Roma,1721.03918457
1987-08-30,Roma,1721.03918457
1987-08-31,Roma,1721.03918457
1987-09-06,Roma,1721.03918457
1987-09-07,Roma,1721.03918457
1987-09-13,Roma,1721.03918457
1987-09-14,Roma,1721.26586914
1987-09-17,Roma,1717.8737793
1987-09-20,Roma,1717.8737793
1987-09-21,Roma,1720.22839355
1987-09-27,Roma,1720.22839355
1987-09-28,Roma,1729.30664062
1987-10-01,Roma,1744.76062012
1987-10-04,Roma,1744.76062012
1987-10-05,Roma,1746.55212402
1987-10-12,Roma,1742.60058594
1987-10-22,Roma,1726.80163574
1987-10-26,Roma,1724.17370605
1987-11-01,Roma,1724.17370605
1987-11-02,Roma,1728.19006348
1987-11-04,Roma,1732.89465332
1987-11-05,Roma,1733.11584473
1987-11-08,Roma,1733.11584473
1987-11-09,Roma,1722.69604492
1987-11-15,Roma,1722.69604492
1987-11-23,Roma,1727.51501465
1987-11-26,Roma,1724.97753906
1987-11-28,Roma,1724.97753906
1987-11-29,Roma,1724.97753906
1987-11-30,Roma,1728.80322266
1987-12-06,Roma,1728.80322266
1987-12-07,Roma,1728.80322266
1987-12-10,Roma,1728.41015625
1987-12-13,Roma,1728.41015625
1987-12-20,Roma,1728.41015625
1987-12-21,Roma,1731.84106445
1987-12-27,Roma,1731.84106445
1987-12-29,Roma,1731.84106445
1988-01-04,Roma,1724.4197998
1988-01-11,Roma,1718.67382812
1988-01-18,Roma,1729.91748047
1988-01-24,Roma,1729.91748047
1988-01-25,Roma,1734.32531738
1988-02-01,Roma,1732.61328125
1988-02-08,Roma,1725.84558105
1988-02-14,Roma,1725.84558105
1988-02-15,Roma,1724.96411133
1988-02-21,Roma,1724.96411133
1988-02-29,Roma,1732.12414551
1988-03-02,Roma,1736.39416504
1988-03-03,Roma,1732.93713379
1988-03-06,Roma,1732.93713379
1988-03-07,Roma,1746.25622559
1988-03-13,Roma,1746.25622559
1988-03-14,Roma,1753.61779785
1988-03-16,Roma,1757.01477051
1988-03-17,Roma,1757.58618164
1988-03-20,Roma,1757.58618164
1988-03-21,Roma,1759.48034668
1988-03-24,Roma,1759.48034668
1988-03-28,Roma,1750.72192383
1988-04-03,Roma,1750.72192383
1988-04-07,Roma,1751.00744629
1988-04-11,Roma,1733.2076416
1988-04-16,Roma,1733.2076416
1988-04-17,Roma,1733.2076416
1988-04-18,Roma,1718.06787109
1988-04-20,Roma,1718.06787109
1988-04-21,Roma,1712.84106445
1988-04-24,Roma,1712.84106445
1988-04-25,Roma,1712.0423584
1988-05-01,Roma,1712.0423584
1988-05-02,Roma,1715.16040039
1988-05-03,Roma,1715.16040039
1988-05-05,Roma,1715.16040039
1988-05-08,Roma,1715.16040039
1988-05-09,Roma,1706.58874512
1988-05-15,Roma,1706.58874512
1988-05-16,Roma,1710.01831055
1988-05-19,Roma,1710.01831055
1988-05-22,Roma,1710.01831055
1988-06-07,Roma,1710.01831055
1988-07-01,Roma,1710.01831055
1988-07-09,Roma,1710.01831055
1988-07-17,Roma,1710.01831055
1988-07-24,Roma,1710.01831055
1988-07-31,Roma,1710.01831055
1988-08-10,Roma,1710.01831055
1988-08-15,Roma,1710.01831055
1988-08-27,Roma,1710.01831055
1988-08-28,Roma,1710.01831055
1988-09-03,Roma,1710.01831055
1988-09-08,Roma,1689.1307373
1988-09-11,Roma,1689.1307373
1988-09-12,Roma,1689.1307373
1988-09-14,Roma,1689.1307373
1988-09-18,Roma,1689.1307373
1988-09-26,Roma,1689.1307373
1988-10-02,Roma,1689.1307373
1988-10-06,Roma,1692.56140137
1988-10-07,Roma,1696.48510742
1988-10-08,Roma,1696.48510742
1988-10-09,Roma,1696.48510742
1988-10-10,Roma,1695.68493652
1988-10-12,Roma,1732.57104492
1988-10-17,Roma,1740.20202637
1988-10-24,Roma,1733.66601562
1988-10-26,Roma,1733.66601562
1988-10-27,Roma,1730.66516113
1988-10-30,Roma,1730.66516113
1988-10-31,Roma,1724.07958984
1988-11-01,Roma,1724.07958984
1988-11-04,Roma,1724.07958984
1988-11-05,Roma,1724.07958984
1988-11-06,Roma,1724.07958984
1988-11-07,Roma,1726.55065918
1988-11-10,Roma,1747.14904785
1988-11-11,Roma,1747.73706055
1988-11-13,Roma,1747.73706055
1988-11-16,Roma,1747.73706055
1988-11-21,Roma,1745.60070801
1988-11-24,Roma,1750.48706055
1988-11-27,Roma,1750.48706055
1988-11-28,Roma,1732.16247559
1988-12-04,Roma,1732.16247559
1988-12-05,Roma,1749.73608398
1988-12-08,Roma,1706.70581055
1988-12-12,Roma,1710.07983398
1988-12-19,Roma,1723.17907715
1989-01-01,Roma,1730.90441895
1989-01-03,Roma,1730.90441895
1989-01-09,Roma,1717.57543945
1989-01-12,Roma,1717.57543945
1989-01-16,Roma,1708.36914062
1989-01-22,Roma,1708.36914062
1989-01-23,Roma,1695.35205078
1989-01-30,Roma,1697.48071289
1989-02-06,Roma,1692.3684082
1989-02-12,Roma,1692.3684082
1989-02-13,Roma,1694.45898438
1989-02-19,Roma,1674.99072266
1989-02-20,Roma,1674.99072266
1989-02-26,Roma,1674.99072266
1989-02-27,Roma,1669.77050781
1989-03-01,Roma,1669.77050781
1989-03-02,Roma,1675.12915039
1989-03-06,Roma,1675.7388916
1989-03-13,Roma,1662.71142578
1989-03-16,Roma,1666.30639648
1989-03-20,Roma,1658.63134766
1989-03-26,Roma,1658.63134766
1989-03-27,Roma,1658.63134766
1989-03-28,Roma,1658.63134766
1989-04-02,Roma,1658.63134766
1989-04-03,Roma,1662.28173828
1989-04-06,Roma,1670.0201416
1989-04-10,Roma,1661.53833008
1989-04-15,Roma,1661.53833008
1989-04-17,Roma,1669.5526123
1989-04-20,Roma,1693.9119873
1989-05-01,Roma,1703.15649414
1989-05-04,Roma,1702.22937012
1989-05-05,Roma,1702.22937012
1989-05-08,Roma,1696.92004395
1989-05-11,Roma,1692.04711914
1989-05-14,Roma,1692.04711914
1989-05-15,Roma,1699.06201172
1989-05-16,Roma,1699.06201172
1989-05-18,Roma,1702.48425293
1989-05-19,Roma,1702.48425293
1989-05-22,Roma,1699.14355469
1989-05-25,Roma,1706.64013672
1989-05-29,Roma,1701.36865234
1989-06-05,Roma,1697.97998047
1989-06-12,Roma,1703.49304199
1989-06-18,Roma,1703.49304199
1989-06-19,Roma,1705.88452148
1989-06-20,Roma,1705.88452148
1989-06-26,Roma,1710.70263672
1989-08-13,Roma,1710.70263672
1989-08-27,Roma,1710.70263672
1989-08-28,Roma,1710.85717773
1989-08-30,Roma,1710.85717773
1989-09-04,Roma,1706.17480469
1989-09-07,Roma,1719.02319336
1989-09-10,Roma,1719.02319336
1989-09-11,Roma,1726.54382324
1989-09-13,Roma,1727.7401123
1989-09-14,Roma,1724.3392334
1989-09-15,Roma,1724.55126953
1989-09-17,Roma,1724.55126953
1989-09-18,Roma,1733.03039551
1989-09-24,Roma,1733.03039551
1989-09-25,Roma,1736.21765137
1989-09-27,Roma,1736.21520996
1989-09-28,Roma,1721.2076416
1989-10-02,Roma,1716.57519531
1989-10-04,Roma,1716.57519531
1989-10-09,Roma,1716.78259277
1989-10-11,Roma,1716.78259277
1989-10-15,Roma,1716.78259277
1989-10-18,Roma,1719.28308105
1989-10-19,Roma,1722.42590332
1989-10-22,Roma,1722.42590332
1989-10-23,Roma,1719.9161377
1989-10-30,Roma,1723.86169434
1989-11-02,Roma,1733.77709961
1989-11-05,Roma,1733.77709961
1989-11-06,Roma,1728.1907959
1989-11-13,Roma,1728.1907959
1989-11-20,Roma,1722.84143066
1989-11-23,Roma,1715.78527832
1989-11-27,Roma,1715.78051758
1989-12-03,Roma,1715.78051758
1989-12-04,Roma,1726.44836426
1989-12-07,Roma,1725.90734863
1989-12-10,Roma,1725.90734863
1989-12-11,Roma,1728.60925293
1989-12-18,Roma,1735.35070801
1989-12-30,Roma,1735.35070801
1989-12-31,Roma,1736.32019043
1990-01-02,Roma,1736.32019043
1990-01-08,Roma,1739.74938965
1990-01-14,Roma,1739.74938965
1990-01-15,Roma,1739.33764648
1990-01-18,Roma,1724.76672363
1990-01-21,Roma,1724.76672363
1990-01-22,Roma,1714.1862793
1990-01-29,Roma,1717.92590332
1990-02-05,Roma,1718.59997559
1990-02-10,Roma,1718.59997559
1990-02-11,Roma,1718.59997559
1990-02-12,Roma,1718.8223877
1990-02-15,Roma,1718.8223877
1990-02-19,Roma,1714.26306152
1990-02-26,Roma,1703.11035156
1990-02-28,Roma,1703.11035156
1990-03-04,Roma,1703.11035156
1990-03-05,Roma,1715.85449219
1990-03-06,Roma,1715.85449219
1990-03-07,Roma,1715.85449219
1990-03-08,Roma,1723.75500488
1990-03-12,Roma,1722.76062012
1990-03-13,Roma,1722.76062012
1990-03-19,Roma,1732.61352539
1990-03-22,Roma,1736.98339844
1990-03-23,Roma,1737.70336914
1990-03-24,Roma,1737.70336914
1990-03-25,Roma,1737.70336914
1990-03-26,Roma,1743.75842285
1990-04-01,Roma,1743.75842285
1990-04-02,Roma,1743.75842285
1990-04-04,Roma,1749.30102539
1990-04-05,Roma,1749.78112793
1990-04-08,Roma,1749.78112793
1990-04-09,Roma,1745.21679688
1990-04-15,Roma,1752.61560059
1990-04-18,Roma,1753.8684082
1990-04-19,Roma,1762.51391602
1990-04-21,Roma,1762.51391602
1990-04-23,Roma,1767.98022461
1990-04-29,Roma,1767.98022461
1990-04-30,Roma,1762.76062012
1990-05-10,Roma,1767.27441406
1990-05-13,Roma,1767.27441406
1990-05-17,Roma,1767.27441406
1990-05-24,Roma,1769.13342285
1990-05-28,Roma,1769.13342285
1990-06-03,Roma,1769.13342285
1990-08-09,Roma,1769.13342285
1990-08-12,Roma,1769.13342285
1990-08-13,Roma,1769.13342285
1990-08-18,Roma,1769.13342285
1990-08-23,Roma,1769.13342285
1990-08-26,Roma,1769.13342285
1990-08-30,Roma,1769.13342285
1990-09-02,Roma,1769.13342285
1990-09-09,Roma,1769.13342285
1990-09-10,Roma,1778.06213379
1990-09-17,Roma,1763.45947266
1990-09-19,Roma,1763.45947266
1990-09-20,Roma,1764.39453125
1990-09-24,Roma,1768.06555176
1990-10-01,Roma,1764.62805176
1990-10-04,Roma,1794.86889648
1990-10-08,Roma,1787.90795898
1990-10-14,Roma,1787.90795898
1990-10-22,Roma,1793.36767578
1990-10-25,Roma,1790.0
1990-10-28,Roma,1790.0
1990-10-29,Roma,1781.88647461
1990-11-04,Roma,1781.88647461
1990-11-08,Roma,1803.3795166
1990-11-12,Roma,1809.38134766
1990-11-15,Roma,1809.38134766
1990-11-19,Roma,1801.89404297
1990-11-25,Roma,1801.89404297
1990-11-26,Roma,1807.83740234
1990-11-29,Roma,1816.87084961
1990-12-02,Roma,1816.87084961
1990-12-03,Roma,1817.59667969
1990-12-13,Roma,1827.74462891
1990-12-17,Roma,1828.74194336
1990-12-31,Roma,1830.17419434
1991-01-07,Roma,1822.93774414
1991-01-14,Roma,1826.81811523
1991-01-21,Roma,1806.61230469
1991-01-24,Roma,1802.90551758
1991-01-28,Roma,1804.84631348
1991-02-04,Roma,1810.78601074
1991-02-11,Roma,1819.76135254
1991-02-18,Roma,1819.06860352
1991-02-25,Roma,1825.16833496
1991-03-04,Roma,1824.83117676
1991-03-07,Roma,1835.09204102
1991-03-11,Roma,1829.64086914
1991-03-18,Roma,1827.96191406
1991-03-21,Roma,1821.81018066
1991-03-25,Roma,1811.70727539
1991-03-31,Roma,1818.11364746
1991-04-07,Roma,1812.8137207
1991-04-11,Roma,1812.75976562
1991-04-14,Roma,1812.75976562
1991-04-15,Roma,1803.62841797
1991-04-17,Roma,1803.62841797
1991-04-21,Roma,1809.66564941
1991-04-25,Roma,1813.4440918
1991-04-29,Roma,1813.4440918
1991-05-05,Roma,1817.51464844
1991-05-06,Roma,1817.51464844
1991-05-09,Roma,1811.22399902
1991-05-13,Roma,1810.27453613
1991-05-16,Roma,1810.27453613
1991-05-20,Roma,1807.59997559
1991-05-23,Roma,1806.32702637
1991-05-27,Roma,1813.1986084
1991-08-18,Roma,1813.1986084
1991-08-22,Roma,1813.1986084
1991-08-24,Roma,1813.1986084
1991-08-25,Roma,1813.1986084
1991-08-29,Roma,1813.1986084
1991-09-02,Roma,1820.23156738
1991-09-04,Roma,1820.23156738
1991-09-09,Roma,1811.12524414
1991-09-15,Roma,1811.12524414
1991-09-16,Roma,1818.76464844
1991-09-19,Roma,1826.0057373
1991-09-20,Roma,1824.65893555
1991-09-23,Roma,1820.30102539
1991-09-30,Roma,1829.4432373
1991-10-02,Roma,1825.73876953
1991-10-03,Roma,1810.30456543
1991-10-04,Roma,1814.35717773
1991-10-07,Roma,1809.26379395
1991-10-21,Roma,1811.56408691
1991-10-24,Roma,1812.0123291
1991-10-25,Roma,1813.13537598
1991-10-27,Roma,1813.13537598
1991-10-28,Roma,1806.89477539
1991-11-04,Roma,1801.36572266
1991-11-07,Roma,1804.90905762
1991-11-10,Roma,1804.90905762
1991-11-18,Roma,1802.86022949
1991-11-24,Roma,1802.86022949
1991-11-25,Roma,1812.64685059
1991-11-28,Roma,1817.77868652
1991-12-01,Roma,1817.77868652
1991-12-02,Roma,1812.92529297
1991-12-09,Roma,1809.03515625
1991-12-12,Roma,1809.02160645
1991-12-16,Roma,1798.72363281
1992-01-06,Roma,1795.78515625
1992-01-13,Roma,1799.71740723
1992-01-20,Roma,1790.65246582
1992-01-27,Roma,1793.53637695
1992-02-03,Roma,1798.16638184
1992-02-10,Roma,1791.84289551
1992-02-17,Roma,1794.89086914
1992-02-24,Roma,1777.8692627
1992-03-01,Roma,1777.8692627
1992-03-02,Roma,1780.21264648
1992-03-05,Roma,1776.5579834
1992-03-09,Roma,1783.04931641
1992-03-16,Roma,1791.26257324
1992-03-19,Roma,1783.60791016
1992-03-20,Roma,1783.78210449
1992-03-23,Roma,1783.78210449
1992-03-30,Roma,1786.20349121
1992-04-02,Roma,1786.69311523
1992-04-05,Roma,1786.69311523
1992-04-06,Roma,1782.55383301
1992-04-13,Roma,1787.81945801
1992-04-16,Roma,1790.04577637
1992-04-19,Roma,1789.09521484
1992-04-27,Roma,1799.5390625
1992-04-30,Roma,1796.47631836
1992-05-02,Roma,1796.47631836
1992-05-04,Roma,1801.32043457
1992-05-10,Roma,1801.32043457
1992-05-11,Roma,1802.9486084
1992-05-14,Roma,1802.60961914
1992-05-18,Roma,1809.03137207
1992-05-21,Roma,1805.31494141
1992-05-24,Roma,1805.31494141
1992-05-25,Roma,1809.35241699
1992-09-07,Roma,1794.70996094
1992-09-14,Roma,1795.97351074
1992-09-17,Roma,1809.69299316
1992-09-21,Roma,1814.86938477
1992-09-28,Roma,1819.3236084
1992-09-30,Roma,1819.33105469
1992-10-01,Roma,1819.70935059
1992-10-02,Roma,1820.15234375
1992-10-05,Roma,1811.70349121
1992-10-19,Roma,1821.95043945
1992-10-21,Roma,1823.16186523
1992-10-22,Roma,1816.82226562
1992-10-23,Roma,1810.64538574
1992-10-25,Roma,1810.64538574
1992-10-26,Roma,1804.52050781
1992-11-02,Roma,1790.31921387
1992-11-04,Roma,1790.24560547
1992-11-05,Roma,1795.1171875
1992-11-06,Roma,1792.55102539
1992-11-08,Roma,1792.55102539
1992-11-09,Roma,1786.61828613
1992-11-16,Roma,1786.61828613
1992-11-23,Roma,1788.93603516
1992-11-26,Roma,1793.31140137
1992-11-30,Roma,1794.96850586
1992-12-07,Roma,1799.89453125
1992-12-10,Roma,1803.9395752
1992-12-11,Roma,1805.15917969
1992-12-14,Roma,1808.78125
1993-01-04,Roma,1803.49450684
1993-01-11,Roma,1794.63256836
1993-01-17,Roma,1794.63256836
1993-01-18,Roma,1792.12866211
1993-01-25,Roma,1799.86889648
1993-01-30,Roma,1799.86889648
1993-01-31,Roma,1799.86889648
1993-02-01,Roma,1797.52648926
1993-02-08,Roma,1803.8125
1993-02-11,Roma,1803.8125
1993-02-15,Roma,1804.89208984
1993-02-22,Roma,1804.89208984
1993-03-01,Roma,1811.29431152
1993-03-03,Roma,1813.61437988
1993-03-04,Roma,1817.27001953
1993-03-05,Roma,1816.14746094
1993-03-08,Roma,1811.34912109
1993-03-15,Roma,1815.21447754
1993-03-17,Roma,1820.22058105
1993-03-18,Roma,1825.03112793
1993-03-19,Roma,1803.35668945
1993-03-22,Roma,1800.02233887
1993-03-29,Roma,1811.09204102
1993-04-04,Roma,1811.09204102
1993-04-05,Roma,1806.17211914
1993-04-07,Roma,1809.30004883
1993-04-08,Roma,1810.26855469
1993-04-11,Roma,1808.32897949
1993-04-19,Roma,1805.05517578
1993-04-22,Roma,1805.55285645
1993-04-23,Roma,1807.77661133
1993-04-26,Roma,1800.78149414
1993-04-29,Roma,1800.78149414
1993-05-06,Roma,1804.57592773
1993-05-10,Roma,1793.73706055
1993-05-13,Roma,1795.75219727
1993-05-17,Roma,1803.10083008
1993-05-20,Roma,1803.57397461
1993-05-24,Roma,1799.9642334
1993-05-27,Roma,1795.27270508
1993-05-31,Roma,1799.37536621
1993-06-07,Roma,1793.96643066
1993-08-30,Roma,1784.71679688
1993-09-02,Roma,1784.71679688
1993-09-06,Roma,1792.41137695
1993-09-09,Roma,1793.34448242
1993-09-13,Roma,1782.20544434
1993-09-15,Roma,1782.29272461
1993-09-16,Roma,1782.98852539
1993-09-17,Roma,1781.83459473
1993-09-19,Roma,1781.83459473
1993-09-20,Roma,1778.76965332
1993-09-24,Roma,1778.76965332
1993-09-27,Roma,1784.19885254
1993-09-29,Roma,1784.27026367
1993-09-30,Roma,1787.03833008
1993-10-03,Roma,1787.03833008
1993-10-04,Roma,1774.20898438
1993-10-17,Roma,1774.20898438
1993-10-18,Roma,1786.85009766
1993-10-20,Roma,1786.85009766
1993-10-21,Roma,1786.82946777
1993-10-25,Roma,1784.16796875
1993-11-01,Roma,1783.44787598
1993-11-03,Roma,1783.49865723
1993-11-04,Roma,1781.0904541
1993-11-05,Roma,1773.31396484
1993-11-08,Roma,1769.48718262
1993-11-14,Roma,1769.48718262
1993-11-22,Roma,1779.08850098
1993-11-25,Roma,1782.77722168
1993-11-26,Roma,1785.31591797
1993-11-29,Roma,1788.86010742
1993-12-02,Roma,1790.20678711
1993-12-06,Roma,1801.38500977
1993-12-08,Roma,1801.38500977
1993-12-09,Roma,1802.13781738
1993-12-12,Roma,1802.13781738
1993-12-13,Roma,1793.11108398
1993-12-20,Roma,1792.65771484
1994-01-03,Roma,1796.17944336
1994-01-10,Roma,1791.22058105
1994-01-17,Roma,1796.63952637
1994-01-24,Roma,1777.88525391
1994-01-31,Roma,1781.8536377
1994-02-07,Roma,1773.23999023
1994-02-13,Roma,1773.23999023
1994-02-14,Roma,1774.55627441
1994-02-21,Roma,1776.06542969
1994-02-24,Roma,1776.06542969
1994-02-27,Roma,1776.06542969
1994-02-28,Roma,1767.38928223
1994-03-02,Roma,1770.84936523
1994-03-03,Roma,1769.70654297
1994-03-04,Roma,1770.74780273
1994-03-07,Roma,1766.64208984
1994-03-14,Roma,1761.68115234
1994-03-16,Roma,1758.29724121
1994-03-17,Roma,1760.03857422
1994-03-18,Roma,1758.69946289
1994-03-21,Roma,1762.06408691
1994-03-28,Roma,1766.18920898
1994-03-30,Roma,1765.39123535
1994-03-31,Roma,1762.34069824
1994-04-03,Roma,1762.34069824
1994-04-04,Roma,1762.34069824
1994-04-05,Roma,1770.56335449
1994-04-10,Roma,1770.56335449
1994-04-11,Roma,1789.5201416
1994-04-14,Roma,1792.4621582
1994-04-17,Roma,1792.4621582
1994-04-18,Roma,1797.25500488
1994-04-25,Roma,1801.17480469
1994-04-27,Roma,1803.79187012
1994-04-28,Roma,1804.63830566
1994-05-01,Roma,1804.63830566
1994-05-02,Roma,1811.34790039
1994-05-05,Roma,1807.6126709
1994-05-12,Roma,1808.25256348
1994-05-19,Roma,1812.75585938
1994-05-22,Roma,1812.75585938
1994-05-23,Roma,1812.75585938
1994-06-03,Roma,1812.75585938
1994-07-30,Roma,1812.75585938
1994-08-29,Roma,1812.75585938
1994-09-05,Roma,1808.60229492
1994-09-12,Roma,1820.16577148
1994-09-14,Roma,1817.66357422
1994-09-15,Roma,1812.02246094
1994-09-16,Roma,1812.08813477
1994-09-19,Roma,1819.06652832
1994-09-26,Roma,1833.34460449
1994-09-28,Roma,1836.86242676
1994-09-29,Roma,1837.57202148
1994-09-30,Roma,1834.87561035
1994-10-03,Roma,1840.97973633
1994-10-09,Roma,1840.97973633
1994-10-17,Roma,1841.80871582
1994-10-19,Roma,1843.43139648
1994-10-20,Roma,1842.1809082
1994-10-21,Roma,1842.98950195
1994-10-24,Roma,1838.25317383
1994-10-30,Roma,1838.25317383
1994-10-31,Roma,1833.32373047
1994-11-02,Roma,1834.40002441
1994-11-03,Roma,1834.82458496
1994-11-04,Roma,1834.74108887
1994-11-07,Roma,1830.57824707
1994-11-21,Roma,1828.3371582
1994-11-23,Roma,1827.13928223
1994-11-24,Roma,1819.60400391
1994-11-25,Roma,1819.21289062
1994-11-28,Roma,1839.64294434
1994-12-03,Roma,1833.94689941
1994-12-05,Roma,1836.6192627
1994-12-07,Roma,1839.83630371
1994-12-08,Roma,1842.71350098
1994-12-11,Roma,1842.71350098
1994-12-12,Roma,1835.31774902
1994-12-18,Roma,1835.31774902
1994-12-19,Roma,1834.0769043
1995-01-01,Roma,1834.0769043
1995-01-09,Roma,1837.984375
1995-01-16,Roma,1831.59899902
1995-01-22,Roma,1831.59899902
1995-01-23,Roma,1825.66137695
1995-01-30,Roma,1834.75378418
1995-02-13,Roma,1841.27148438
1995-02-20,Roma,1832.93200684
1995-02-23,Roma,1832.93200684
1995-02-26,Roma,1832.93200684
1995-02-27,Roma,1836.42114258
1995-03-02,Roma,1839.17541504
1995-03-03,Roma,1836.38952637
1995-03-06,Roma,1827.27148438
1995-03-08,Roma,1827.27148438
1995-03-13,Roma,1822.30627441
1995-03-15,Roma,1822.99291992
1995-03-16,Roma,1824.03210449
1995-03-17,Roma,1825.38415527
1995-03-20,Roma,1835.83752441
1995-03-23,Roma,1835.83752441
1995-04-03,Roma,1842.54846191
1995-04-05,Roma,1841.80749512
1995-04-06,Roma,1844.43530273
1995-04-07,Roma,1843.71594238
1995-04-10,Roma,1845.05065918
1995-04-15,Roma,1847.70703125
1995-04-19,Roma,1855.2623291
1995-04-20,Roma,1856.5994873
1995-04-21,Roma,1855.25427246
1995-04-24,Roma,1839.14453125
1995-05-01,Roma,1838.13342285
1995-05-08,Roma,1843.88098145
1995-05-15,Roma,1840.43212891
1995-05-22,Roma,1839.88244629
1995-05-25,Roma,1836.2166748
1995-05-29,Roma,1849.97033691
1995-06-05,Roma,1864.8527832
1995-08-28,Roma,1867.27526855
1995-09-11,Roma,1852.95422363
1995-09-13,Roma,1853.54077148
1995-09-14,Roma,1857.72021484
1995-09-15,Roma,1857.73620605
1995-09-18,Roma,1848.50732422
1995-09-25,Roma,1856.38598633
1995-09-27,Roma,1850.21887207
1995-09-28,Roma,1850.99462891
1995-09-29,Roma,1850.9979248
1995-10-02,Roma,1848.86779785
1995-10-16,Roma,1849.08898926
1995-10-18,Roma,1850.66577148
1995-10-19,Roma,1851.07434082
1995-10-20,Roma,1844.56469727
1995-10-23,Roma,1842.21374512
1995-10-30,Roma,1855.11853027
1995-11-01,Roma,1843.28833008
1995-11-02,Roma,1845.62072754
1995-11-03,Roma,1852.2980957
1995-11-06,Roma,1855.03198242
1995-11-20,Roma,1845.16882324
1995-11-22,Roma,1839.84338379
1995-11-23,Roma,1835.06628418
1995-11-24,Roma,1836.44128418
1995-11-27,Roma,1838.90905762
1995-12-04,Roma,1839.21166992
1995-12-06,Roma,1848.37060547
1995-12-07,Roma,1847.05725098
1995-12-08,Roma,1847.34521484
1995-12-11,Roma,1840.94470215
1995-12-18,Roma,1855.19396973
1995-12-24,Roma,1872.15893555
1996-01-08,Roma,1867.24890137
1996-01-15,Roma,1856.75219727
1996-01-22,Roma,1862.4831543
1996-01-29,Roma,1853.15344238
1996-02-05,Roma,1848.05639648
1996-02-12,Roma,1852.03186035
1996-02-19,Roma,1846.59436035
1996-02-25,Roma,1846.59436035
1996-02-26,Roma,1849.25158691
1996-03-03,Roma,1853.65356445
1996-03-06,Roma,1835.69775391
1996-03-08,Roma,1836.69970703
1996-03-11,Roma,1831.08947754
1996-03-17,Roma,1831.08947754
1996-03-20,Roma,1822.61218262
1996-03-21,Roma,1826.19091797
1996-03-22,Roma,1819.94274902
1996-03-25,Roma,1822.50817871
1996-03-31,Roma,1822.50817871
1996-04-01,Roma,1829.04882812
1996-04-04,Roma,1830.79675293
1996-04-07,Roma,1833.51281738
1996-04-11,Roma,1838.95556641
1996-04-15,Roma,1831.11804199
1996-04-18,Roma,1831.26025391
1996-04-21,Roma,1831.26025391
1996-04-22,Roma,1836.55615234
1996-04-29,Roma,1834.98217773
1996-05-06,Roma,1852.54125977
1996-05-13,Roma,1856.68933105
1996-05-23,Roma,1856.82495117
1996-09-09,Roma,1859.7409668
1996-09-11,Roma,1868.88012695
1996-09-12,Roma,1864.5814209
1996-09-13,Roma,1864.44873047
1996-09-16,Roma,1876.03674316
1996-09-23,Roma,1855.12011719
1996-09-25,Roma,1847.62280273
1996-09-26,Roma,1851.8572998
1996-09-27,Roma,1852.12487793
1996-09-30,Roma,1849.11706543
1996-10-13,Roma,1849.11706543
1996-10-14,Roma,1859.92553711
1996-10-16,Roma,1835.39306641
1996-10-17,Roma,1830.45959473
1996-10-18,Roma,1830.29321289
1996-10-21,Roma,1818.94384766
1996-10-27,Roma,1818.94384766
1996-10-28,Roma,1817.4317627
1996-10-30,Roma,1802.83703613
1996-10-31,Roma,1805.62182617
1996-11-01,Roma,1807.52416992
1996-11-03,Roma,1807.52416992
1996-11-04,Roma,1797.87646484
1996-11-17,Roma,1797.87646484
1996-11-18,Roma,1802.1027832
1996-11-20,Roma,1804.63769531
1996-11-21,Roma,1806.12316895
1996-11-24,Roma,1806.12316895
1996-11-25,Roma,1808.92053223
1996-11-29,Roma,1811.80541992
1996-12-02,Roma,1807.7644043
1996-12-04,Roma,1808.44580078
1996-12-05,Roma,1803.2677002
1996-12-09,Roma,1806.68151855
1996-12-16,Roma,1810.2722168
1996-12-23,Roma,1790.15209961
1997-01-05,Roma,1790.15209961
1997-01-06,Roma,1783.14929199
1997-01-13,Roma,1786.66381836
1997-01-19,Roma,1786.66381836
1997-01-20,Roma,1779.02734375
1997-01-27,Roma,1779.07080078
1997-02-03,Roma,1785.44177246
1997-02-17,Roma,1797.48095703
1997-02-20,Roma,1797.48095703
1997-02-24,Roma,1790.15026855
1997-03-03,Roma,1793.4798584
1997-03-05,Roma,1794.06018066
1997-03-06,Roma,1794.1763916
1997-03-07,Roma,1798.94311523
1997-03-10,Roma,1800.67297363
1997-03-13,Roma,1800.67297363
1997-03-15,Roma,1800.67297363
1997-03-16,Roma,1800.67297363
1997-03-17,Roma,1795.33251953
1997-03-19,Roma,1796.09399414
1997-03-20,Roma,1796.88952637
1997-03-21,Roma,1795.06152344
1997-03-24,Roma,1789.4979248
1997-03-29,Roma,1789.4979248
1997-04-07,Roma,1781.47631836
1997-04-09,Roma,1785.31652832
1997-04-10,Roma,1787.90441895
1997-04-11,Roma,1790.0267334
1997-04-14,Roma,1779.94567871
1997-04-21,Roma,1774.72521973
1997-04-23,Roma,1775.80419922
1997-04-24,Roma,1777.81982422
1997-04-25,Roma,1770.75634766
1997-05-05,Roma,1769.06616211
1997-05-08,Roma,1767.21240234
1997-05-11,Roma,1767.21240234
1997-05-12,Roma,1759.81994629
1997-05-16,Roma,1777.84008789
1997-05-18,Roma,1777.84008789
1997-05-19,Roma,1776.57128906
1997-05-22,Roma,1777.09814453
1997-05-26,Roma,1764.26867676
1997-05-29,Roma,1758.64038086
1997-06-01,Roma,1758.64038086
1997-06-02,Roma,1740.21972656
1997-06-24,Roma,1740.21972656
1997-08-14,Roma,1742.81835938
1997-08-22,Roma,1742.81835938
1997-08-28,Roma,1743.93383789
1997-08-30,Roma,1743.93383789
1997-09-01,Roma,1752.72302246
1997-09-07,Roma,1752.72302246
1997-09-13,Roma,1752.72302246
1997-09-14,Roma,1752.72302246
1997-09-15,Roma,1754.17272949
1997-09-17,Roma,1749.2088623
1997-09-18,Roma,1750.59606934
1997-09-19,Roma,1752.76416016
1997-09-21,Roma,1752.76416016
1997-09-22,Roma,1755.68994141
1997-09-25,Roma,1755.68994141
1997-09-26,Roma,1755.68994141
1997-09-28,Roma,1755.68994141
1997-09-29,Roma,1756.48071289
1997-10-01,Roma,1756.43603516
1997-10-02,Roma,1754.24060059
1997-10-03,Roma,1754.8918457
1997-10-06,Roma,1763.11767578
1997-10-07,Roma,1763.11767578
1997-10-16,Roma,1763.11767578
1997-10-19,Roma,1763.11767578
1997-10-20,Roma,1765.41687012
1997-10-22,Roma,1758.82702637
1997-10-23,Roma,1761.06335449
1997-10-24,Roma,1762.51330566
1997-10-27,Roma,1762.51330566
1997-11-02,Roma,1749.24816895
1997-11-03,Roma,1749.24816895
1997-11-05,Roma,1757.08215332
1997-11-06,Roma,1754.00524902
1997-11-07,Roma,1754.04455566
1997-11-09,Roma,1754.04455566
1997-11-10,Roma,1764.39245605
1997-11-23,Roma,1764.39245605
1997-11-24,Roma,1761.17224121
1997-11-26,Roma,1758.80859375
1997-11-27,Roma,1752.66040039
1997-11-28,Roma,1750.12084961
1997-12-01,Roma,1768.62780762
1997-12-06,Roma,1768.62780762
1997-12-08,Roma,1774.73510742
1997-12-10,Roma,1781.04650879
1997-12-11,Roma,1781.6159668
1997-12-15,Roma,1775.8861084
1997-12-20,Roma,1775.8861084
1997-12-22,Roma,1773.96643066
1998-01-05,Roma,1764.26635742
1998-01-11,Roma,1764.26635742
1998-01-12,Roma,1767.42407227
1998-01-19,Roma,1762.19177246
1998-01-25,Roma,1762.19177246
1998-01-26,Roma,1765.18469238
1998-02-01,Roma,1765.18469238
1998-02-02,Roma,1767.55175781
1998-02-05,Roma,1767.55175781
1998-02-09,Roma,1763.53479004
1998-02-12,Roma,1770.18786621
1998-02-16,Roma,1774.06970215
1998-02-23,Roma,1782.19677734
1998-03-02,Roma,1792.72375488
1998-03-04,Roma,1794.54418945
1998-03-05,Roma,1792.10046387
1998-03-06,Roma,1796.28601074
1998-03-09,Roma,1790.65258789
1998-03-16,Roma,1793.37927246
1998-03-18,Roma,1797.18286133
1998-03-19,Roma,1802.16333008
1998-03-20,Roma,1803.56494141
1998-03-23,Roma,1803.28039551
1998-03-29,Roma,1803.28039551
1998-03-30,Roma,1801.53503418
1998-03-31,Roma,1803.08581543
1998-04-02,Roma,1806.45983887
1998-04-03,Roma,1807.52392578
1998-04-06,Roma,1814.43847656
1998-04-08,Roma,1814.43847656
1998-04-10,Roma,1814.43847656
1998-04-12,Roma,1806.64855957
1998-04-15,Roma,1808.98840332
1998-04-16,Roma,1808.87915039
1998-04-17,Roma,1804.02038574
1998-04-19,Roma,1804.02038574
1998-04-20,Roma,1809.69042969
1998-04-27,Roma,1802.05810547
1998-04-30,Roma,1802.05810547
1998-05-04,Roma,1811.91992188
1998-05-05,Roma,1811.91992188
1998-05-11,Roma,1811.46166992
1998-05-14,Roma,1811.46166992
1998-05-17,Roma,1817.38500977
1998-05-21,Roma,1812.96411133
1998-08-13,Roma,1813.01452637
1998-08-16,Roma,1813.01452637
1998-08-27,Roma,1813.03271484
1998-08-29,Roma,1813.03271484
1998-09-09,Roma,1813.03271484
1998-09-13,Roma,1816.45727539
1998-09-16,Roma,1818.83691406
1998-09-17,Roma,1812.19799805
1998-09-18,Roma,1810.15539551
1998-09-21,Roma,1807.9354248
1998-09-26,Roma,1807.9354248
1998-09-27,Roma,1810.57299805
1998-09-30,Roma,1814.03381348
1998-10-01,Roma,1814.11010742
1998-10-02,Roma,1816.55700684
1998-10-05,Roma,1809.05126953
1998-10-18,Roma,1815.24401855
1998-10-19,Roma,1815.24401855
1998-10-21,Roma,1818.53808594
1998-10-22,Roma,1819.0703125
1998-10-23,Roma,1817.27563477
1998-10-26,Roma,1809.82666016
1998-10-30,Roma,1809.82666016
1998-11-01,Roma,1820.84509277
1998-11-02,Roma,1820.84509277
1998-11-04,Roma,1830.44140625
1998-11-05,Roma,1827.57873535
1998-11-06,Roma,1830.85168457
1998-11-09,Roma,1832.1262207
1998-11-16,Roma,1842.76733398
1998-11-22,Roma,1836.36279297
1998-11-23,Roma,1836.36279297
1998-11-25,Roma,1840.54040527
1998-11-26,Roma,1842.62939453
1998-11-30,Roma,1844.88415527
1998-12-03,Roma,1843.78015137
1998-12-06,Roma,1848.42797852
1998-12-09,Roma,1852.03796387
1998-12-10,Roma,1856.40686035
1998-12-14,Roma,1859.56506348
1998-12-21,Roma,1851.79467773
1999-01-07,Roma,1845.86547852
1999-01-11,Roma,1836.45617676
1999-01-18,Roma,1840.75695801
1999-01-25,Roma,1830.15588379
1999-01-30,Roma,1830.15588379
1999-01-31,Roma,1830.15588379
1999-02-01,Roma,1823.43969727
1999-02-07,Roma,1823.43969727
1999-02-08,Roma,1809.66247559
1999-02-15,Roma,1813.93945312
1999-02-21,Roma,1813.93945312
1999-02-22,Roma,1818.15124512
1999-02-28,Roma,1823.13781738
1999-03-01,Roma,1823.13781738
1999-03-03,Roma,1825.06030273
1999-03-04,Roma,1821.61401367
1999-03-05,Roma,1821.6862793
1999-03-08,Roma,1816.47460938
1999-03-14,Roma,1823.40917969
1999-03-17,Roma,1806.20446777
1999-03-18,Roma,1805.79431152
1999-03-19,Roma,1805.79919434
1999-03-20,Roma,1805.79919434
1999-03-21,Roma,1805.79919434
1999-03-22,Roma,1810.86340332
1999-04-04,Roma,1824.86328125
1999-04-07,Roma,1829.2421875
1999-04-08,Roma,1831.05871582
1999-04-09,Roma,1831.17834473
1999-04-12,Roma,1840.73864746
1999-04-19,Roma,1831.68908691
1999-04-21,Roma,1827.81628418
1999-04-22,Roma,1822.01794434
1999-04-23,Roma,1822.35656738
1999-04-25,Roma,1822.35656738
1999-04-26,Roma,1828.45349121
1999-05-02,Roma,1828.45349121
1999-05-04,Roma,1816.96728516
1999-05-05,Roma,1816.96728516
1999-05-10,Roma,1805.97631836
1999-05-13,Roma,1809.91906738
1999-05-17,Roma,1814.63720703
1999-05-20,Roma,1816.56311035
1999-05-24,Roma,1828.88415527
1999-08-12,Roma,1824.93359375
1999-08-26,Roma,1821.8626709
1999-08-29,Roma,1821.8626709
1999-08-30,Roma,1822.15148926
1999-09-13,Roma,1818.51550293
1999-09-15,Roma,1817.88415527
1999-09-16,Roma,1818.60229492
1999-09-17,Roma,1823.0435791
1999-09-20,Roma,1832.95068359
1999-09-22,Roma,1833.57885742
1999-09-23,Roma,1832.5378418
1999-09-27,Roma,1835.96105957
1999-09-29,Roma,1833.72424316
1999-09-30,Roma,1833.34472656
1999-10-01,Roma,1833.73669434
1999-10-03,Roma,1833.73669434
1999-10-04,Roma,1847.62548828
1999-10-18,Roma,1836.69335938
1999-10-20,Roma,1840.15222168
1999-10-21,Roma,1837.38684082
1999-10-22,Roma,1839.77075195
1999-10-24,Roma,1839.77075195
1999-10-25,Roma,1838.0098877
1999-10-27,Roma,1836.35046387
1999-10-28,Roma,1838.65234375
1999-11-01,Roma,1832.0291748
1999-11-03,Roma,1838.68273926
1999-11-04,Roma,1835.19238281
1999-11-05,Roma,1836.47583008
1999-11-08,Roma,1848.78735352
1999-11-22,Roma,1861.7701416
1999-11-24,Roma,1859.7545166
1999-11-25,Roma,1863.16662598
1999-11-26,Roma,1865.95593262
1999-11-28,Roma,1865.95593262
1999-11-29,Roma,1878.55932617
1999-12-05,Roma,1878.55932617
1999-12-06,Roma,1880.13366699
1999-12-08,Roma,1876.75927734
1999-12-09,Roma,1877.26391602
1999-12-10,Roma,1884.48071289
1999-12-13,Roma,1876.29016113
1999-12-19,Roma,1876.29016113
1999-12-20,Roma,1869.03161621
2000-01-06,Roma,1869.03161621
2000-01-07,Roma,1872.91027832
2000-01-10,Roma,1875.97839355
2000-01-17,Roma,1878.12646484
2000-01-23,Roma,1879.96398926
2000-01-24,Roma,1879.96398926
2000-01-31,Roma,1873.67077637
2000-02-07,Roma,1877.80554199
2000-02-14,Roma,1875.26330566
2000-02-20,Roma,1882.56848145
2000-02-27,Roma,1882.56848145
2000-02-28,Roma,1878.09082031
2000-03-01,Roma,1871.26318359
2000-03-02,Roma,1873.18835449
2000-03-03,Roma,1867.89257812
2000-03-06,Roma,1869.84521484
2000-03-08,Roma,1865.140625
2000-03-09,Roma,1864.28479004
2000-03-10,Roma,1835.6328125
2000-03-13,Roma,1825.99951172
2000-03-15,Roma,1827.33837891
2000-03-16,Roma,1826.10253906
2000-03-17,Roma,1826.10253906
2000-03-19,Roma,1826.10253906
2000-03-20,Roma,1804.99438477
2000-03-22,Roma,1803.31066895
2000-03-23,Roma,1806.83947754
2000-03-24,Roma,1806.83947754
2000-03-26,Roma,1803.16638184
2000-04-03,Roma,1799.40869141
2000-04-06,Roma,1793.80761719
2000-04-09,Roma,1793.80761719
2000-04-10,Roma,1792.68261719
2000-04-17,Roma,1797.78283691
2000-04-19,Roma,1797.21789551
2000-04-20,Roma,1797.21789551
2000-04-23,Roma,1794.27758789
2000-05-01,Roma,1793.34558105
2000-05-08,Roma,1791.19836426
2000-05-14,Roma,1791.19836426
2000-05-15,Roma,1791.5189209
2000-05-20,Roma,1791.5189209
2000-05-22,Roma,1791.5189209
2000-05-24,Roma,1791.5189209
2000-06-05,Roma,1791.5189209
2000-07-31,Roma,1791.5189209
2000-08-10,Roma,1791.0859375
2000-08-23,Roma,1793.17590332
2000-08-24,Roma,1786.67834473
2000-09-13,Roma,1789.35241699
2000-09-14,Roma,1790.53625488
2000-09-15,Roma,1790.82556152
2000-09-18,Roma,1790.82556152
2000-09-20,Roma,1789.32678223
2000-09-21,Roma,1790.87731934
2000-09-27,Roma,1796.24914551
2000-09-28,Roma,1793.48657227
2000-09-29,Roma,1788.44946289
2000-10-02,Roma,1793.42248535
2000-10-16,Roma,1806.75097656
2000-10-18,Roma,1805.43994141
2000-10-19,Roma,1805.70007324
2000-10-23,Roma,1808.73925781
2000-10-25,Roma,1804.84460449
2000-10-26,Roma,1805.62084961
2000-10-27,Roma,1809.0513916
2000-11-02,Roma,1799.52661133
2000-11-05,Roma,1799.52661133
2000-11-06,Roma,1807.73352051
2000-11-08,Roma,1810.28027344
2000-11-09,Roma,1804.88256836
2000-11-10,Roma,1797.27368164
2000-11-12,Roma,1797.27368164
2000-11-13,Roma,1799.54736328
2000-11-19,Roma,1799.54736328
2000-11-20,Roma,1812.32507324
2000-11-22,Roma,1811.2746582
2000-11-23,Roma,1808.58752441
2000-11-24,Roma,1807.50134277
2000-11-27,Roma,1811.33789062
2000-12-04,Roma,1809.23205566
2000-12-06,Roma,1810.05773926
2000-12-07,Roma,1814.27404785
2000-12-08,Roma,1830.36291504
2000-12-11,Roma,1833.92895508
2000-12-18,Roma,1845.33227539
2000-12-23,Roma,1842.06872559
2000-12-24,Roma,1842.06872559
2001-01-08,Roma,1851.09362793
2001-01-15,Roma,1843.44177246
2001-01-21,Roma,1843.44177246
2001-01-22,Roma,1837.50402832
2001-01-29,Roma,1840.28161621
2001-02-04,Roma,1840.28161621
2001-02-05,Roma,1848.93066406
2001-02-12,Roma,1855.1940918
2001-02-14,Roma,1854.14050293
2001-02-15,Roma,1851.86315918
2001-02-16,Roma,1830.93859863
2001-02-19,Roma,1833.07421875
2001-02-21,Roma,1833.03674316
2001-02-22,Roma,1832.72375488
2001-02-23,Roma,1830.94543457
2001-02-26,Roma,1838.17358398
2001-03-05,Roma,1841.44763184
2001-03-07,Roma,1842.28466797
2001-03-08,Roma,1839.43591309
2001-03-12,Roma,1842.07202148
2001-03-14,Roma,1842.24230957
2001-03-15,Roma,1843.10058594
2001-03-16,Roma,1843.10058594
2001-03-19,Roma,1838.96484375
2001-04-01,Roma,1838.96484375
2001-04-02,Roma,1841.70227051
2001-04-04,Roma,1841.70227051
2001-04-05,Roma,1841.70227051
2001-04-06,Roma,1841.70227051
2001-04-10,Roma,1829.7677002
2001-04-15,Roma,1822.94750977
2001-04-16,Roma,1822.94750977
2001-04-18,Roma,1822.94750977
2001-04-19,Roma,1822.94750977
2001-04-23,Roma,1831.85827637
2001-04-30,Roma,1829.73974609
2001-05-06,Roma,1829.73974609
2001-05-07,Roma,1832.53833008
2001-05-09,Roma,1832.53833008
2001-05-12,Roma,1832.53833008
2001-05-13,Roma,1835.15563965
2001-05-21,Roma,1841.48413086
2001-05-28,Roma,1837.30114746
2001-06-11,Roma,1833.09643555
2001-06-18,Roma,1839.32092285
2001-08-09,Roma,1832.42382812
2001-08-22,Roma,1834.09533691
2001-08-23,Roma,1835.90270996
2001-08-27,Roma,1832.59082031
2001-09-09,Roma,1825.81726074
2001-09-12,Roma,1811.08483887
2001-09-16,Roma,1811.08483887
2001-09-17,Roma,1795.33154297
2001-09-19,Roma,1796.00073242
2001-09-20,Roma,1790.90734863
2001-09-21,Roma,1791.18469238
2001-09-23,Roma,1791.18469238
2001-09-24,Roma,1794.42724609
2001-09-26,Roma,1793.6072998
2001-09-27,Roma,1793.63293457
2001-09-28,Roma,1795.22119141
2001-09-30,Roma,1811.91162109
2001-10-01,Roma,1811.91162109
2001-10-08,Roma,1811.91162109
2001-10-11,Roma,1812.25488281
2001-10-14,Roma,1809.75024414
2001-10-17,Roma,1818.09985352
2001-10-18,Roma,1818.72802734
2001-10-19,Roma,1827.35290527
2001-10-21,Roma,1827.35290527
2001-10-22,Roma,1832.1730957
2001-10-24,Roma,1833.60546875
2001-10-25,Roma,1841.93835449
2001-10-28,Roma,1849.24182129
2001-10-31,Roma,1837.16906738
2001-11-01,Roma,1834.19226074
2001-11-02,Roma,1836.61535645
2001-11-05,Roma,1833.12060547
2001-11-18,Roma,1828.6262207
2001-11-21,Roma,1828.89892578
2001-11-23,Roma,1825.00268555
2001-11-26,Roma,1834.05993652
2001-11-30,Roma,1837.64685059
2001-12-02,Roma,1837.64685059
2001-12-03,Roma,1839.27868652
2001-12-05,Roma,1836.7076416
2001-12-06,Roma,1833.08251953
2001-12-07,Roma,1842.94189453
2001-12-10,Roma,1850.27880859
2001-12-16,Roma,1850.27880859
2001-12-17,Roma,1854.97570801
2001-12-20,Roma,1848.27880859
2001-12-23,Roma,1858.28686523
2002-01-03,Roma,1858.28686523
2002-01-07,Roma,1860.3873291
2002-01-14,Roma,1862.79882812
2002-01-21,Roma,1858.76953125
2002-01-23,Roma,1858.76953125
2002-01-28,Roma,1861.97827148
2002-01-30,Roma,1861.97827148
2002-02-04,Roma,1857.84655762
2002-02-07,Roma,1857.84655762
2002-02-10,Roma,1857.84655762
2002-02-11,Roma,1856.08630371
2002-02-17,Roma,1856.08630371
2002-02-18,Roma,1852.53283691
2002-02-20,Roma,1852.07189941
2002-02-21,Roma,1857.23303223
2002-02-22,Roma,1859.12805176
2002-02-24,Roma,1861.7265625
2002-02-27,Roma,1872.80126953
2002-02-28,Roma,1869.99938965
2002-03-01,Roma,1861.02905273
2002-03-04,Roma,1856.17980957
2002-03-07,Roma,1856.17980957
2002-03-11,Roma,1871.99816895
2002-03-13,Roma,1869.06738281
2002-03-14,Roma,1859.60668945
2002-03-15,Roma,1856.74194336
2002-03-17,Roma,1859.8951416
2002-03-20,Roma,1850.48522949
2002-03-21,Roma,1852.19482422
2002-03-22,Roma,1862.00598145
2002-03-25,Roma,1852.33117676
2002-03-31,Roma,1856.7076416
2002-04-02,Roma,1856.7076416
2002-04-05,Roma,1848.23193359
2002-04-08,Roma,1842.41882324
2002-04-12,Roma,1842.07714844
2002-04-15,Roma,1846.44262695
2002-04-21,Roma,1846.44262695
2002-04-22,Roma,1845.74035645
2002-04-29,Roma,1851.72412109
2002-05-06,Roma,1856.97277832
2002-05-09,Roma,1856.97277832
2002-08-11,Roma,1856.97277832
2002-08-15,Roma,1858.35705566
2002-08-28,Roma,1860.68884277
2002-08-29,Roma,1861.63024902
2002-09-02,Roma,1861.63024902
2002-09-15,Roma,1851.09411621
2002-09-18,Roma,1827.37145996
2002-09-19,Roma,1828.89282227
2002-09-20,Roma,1831.22131348
2002-09-23,Roma,1815.51074219
2002-09-25,Roma,1826.76879883
2002-09-26,Roma,1827.96826172
2002-09-30,Roma,1834.03710938
2002-10-02,Roma,1839.49401855
2002-10-03,Roma,1841.3338623
2002-10-04,Roma,1833.39587402
2002-10-06,Roma,1837.35681152
2002-10-07,Roma,1837.35681152
2002-10-20,Roma,1843.94824219
2002-10-21,Roma,1843.94824219
2002-10-23,Roma,1833.96496582
2002-10-24,Roma,1833.02380371
2002-10-27,Roma,1833.02380371
2002-10-28,Roma,1834.06384277
2002-10-29,Roma,1834.06384277
2002-10-30,Roma,1832.57495117
2002-10-31,Roma,1850.41125488
2002-11-01,Roma,1850.97851562
2002-11-04,Roma,1844.33825684
2002-11-07,Roma,1845.86474609
2002-11-10,Roma,1842.56323242
2002-11-13,Roma,1836.54663086
2002-11-14,Roma,1835.15905762
2002-11-15,Roma,1829.11169434
2002-11-17,Roma,1827.05053711
2002-11-18,Roma,1827.05053711
2002-11-25,Roma,1810.22790527
2002-11-27,Roma,1813.24377441
2002-11-28,Roma,1800.83581543
2002-11-29,Roma,1801.56689453
2002-12-02,Roma,1801.8458252
2002-12-08,Roma,1796.54760742
2002-12-11,Roma,1789.35510254
2002-12-12,Roma,1794.0715332
2002-12-13,Roma,1793.7166748
2002-12-16,Roma,1797.29663086
2002-12-22,Roma,1802.59887695
2002-12-23,Roma,1802.59887695
2002-12-27,Roma,1802.59887695
2002-12-30,Roma,1802.59887695
2003-01-02,Roma,1802.59887695
2003-01-05,Roma,1802.59887695
2003-01-13,Roma,1790.26586914
2003-01-19,Roma,1790.26586914
2003-01-20,Roma,1779.82897949
2003-01-26,Roma,1762.94482422
2003-02-02,Roma,1769.64404297
2003-02-03,Roma,1769.64404297
2003-02-10,Roma,1766.7800293
2003-02-16,Roma,1762.02685547
2003-02-17,Roma,1762.02685547
2003-02-19,Roma,1748.96875
2003-02-20,Roma,1747.81921387
2003-02-21,Roma,1745.33056641
2003-02-24,Roma,1737.70410156
2003-02-26,Roma,1733.25866699
2003-02-27,Roma,1766.97570801
2003-02-28,Roma,1766.97570801
2003-03-03,Roma,1770.7911377
2003-03-05,Roma,1775.59973145
2003-03-09,Roma,1773.84521484
2003-03-12,Roma,1780.84741211
2003-03-13,Roma,1780.73498535
2003-03-14,Roma,1781.34863281
2003-03-17,Roma,1773.04602051
2003-03-19,Roma,1765.84814453
2003-03-20,Roma,1764.55700684
2003-03-21,Roma,1766.73242188
2003-03-24,Roma,1771.09643555
2003-04-06,Roma,1771.09643555
2003-04-07,Roma,1775.62780762
2003-04-09,Roma,1776.13305664
2003-04-10,Roma,1776.40917969
2003-04-11,Roma,1771.97546387
2003-04-14,Roma,1777.02746582
2003-04-20,Roma,1773.41113281
2003-04-21,Roma,1773.41113281
2003-04-23,Roma,1779.28503418
2003-04-24,Roma,1781.62866211
2003-04-25,Roma,1780.55859375
2003-04-27,Roma,1787.36938477
2003-05-04,Roma,1793.64196777
2003-05-07,Roma,1792.9395752
2003-05-11,Roma,1795.71813965
2003-05-12,Roma,1795.71813965
2003-05-15,Roma,1800.16235352
2003-05-18,Roma,1800.57434082
2003-05-19,Roma,1800.57434082
2003-05-22,Roma,1800.57434082
2003-05-25,Roma,1786.70422363
2003-05-30,Roma,1786.70422363
2003-08-14,Roma,1788.43884277
2003-08-24,Roma,1788.43884277
2003-08-28,Roma,1790.21008301
2003-09-01,Roma,1798.8782959
2003-09-14,Roma,1798.8782959
2003-09-15,Roma,1806.96130371
2003-09-17,Roma,1812.3515625
2003-09-18,Roma,1819.62548828
2003-09-22,Roma,1824.6973877
2003-09-25,Roma,1826.48950195
2003-09-29,Roma,1828.97900391
2003-10-01,Roma,1831.82275391
2003-10-02,Roma,1830.2869873
2003-10-06,Roma,1827.50756836
2003-10-16,Roma,1822.31970215
2003-10-19,Roma,1822.31970215
2003-10-20,Roma,1829.63146973
2003-10-22,Roma,1824.59509277
2003-10-23,Roma,1817.72216797
2003-10-27,Roma,1820.21801758
2003-11-02,Roma,1820.21801758
2003-11-03,Roma,1823.99658203
2003-11-05,Roma,1818.42822266
2003-11-06,Roma,1816.30615234
2003-11-07,Roma,1819.58068848
2003-11-10,Roma,1827.03942871
2003-11-23,Roma,1827.03942871
2003-11-24,Roma,1837.80249023
2003-11-26,Roma,1831.79321289
2003-11-27,Roma,1833.54943848
2003-11-28,Roma,1836.09667969
2003-12-01,Roma,1838.2421875
2003-12-03,Roma,1833.5859375
2003-12-06,Roma,1833.5859375
2003-12-07,Roma,1833.5859375
2003-12-08,Roma,1845.07312012
2003-12-10,Roma,1838.51293945
2003-12-11,Roma,1841.01904297
2003-12-15,Roma,1842.99768066
2003-12-21,Roma,1848.07739258
2003-12-22,Roma,1848.07739258
2003-12-27,Roma,1848.07739258
2004-01-07,Roma,1837.41003418
2004-01-08,Roma,1837.41003418
2004-01-12,Roma,1842.12072754
2004-01-19,Roma,1845.06628418
2004-01-26,Roma,1839.04321289
2004-02-01,Roma,1828.76159668
2004-02-09,Roma,1842.9909668
2004-02-12,Roma,1842.9909668
2004-02-16,Roma,1836.21984863
2004-02-22,Roma,1836.21984863
2004-02-23,Roma,1840.8026123
2004-02-25,Roma,1840.69934082
2004-02-26,Roma,1839.24707031
2004-02-27,Roma,1828.94372559
2004-03-01,Roma,1842.77258301
2004-03-04,Roma,1846.37365723
2004-03-08,Roma,1852.8527832
2004-03-10,Roma,1849.44274902
2004-03-11,Roma,1852.17858887
2004-03-12,Roma,1837.2467041
2004-03-15,Roma,1833.16552734
2004-03-21,Roma,1833.16552734
2004-03-24,Roma,1837.52832031
2004-03-26,Roma,1836.69396973
2004-03-29,Roma,1822.26794434
2004-04-04,Roma,1822.26794434
2004-04-05,Roma,1830.02636719
2004-04-07,Roma,1830.02636719
2004-04-08,Roma,1821.74523926
2004-04-09,Roma,1820.15539551
2004-04-11,Roma,1823.8659668
2004-04-15,Roma,1819.77404785
2004-04-19,Roma,1824.07116699
2004-04-22,Roma,1824.33825684
2004-04-26,Roma,1827.13757324
2004-05-03,Roma,1821.99084473
2004-05-09,Roma,1821.99084473
2004-05-10,Roma,1800.67419434
2004-05-12,Roma,1800.67419434
2004-05-15,Roma,1800.67419434
2004-05-16,Roma,1800.67419434
2004-05-17,Roma,1797.8293457
2004-05-27,Roma,1797.8293457
2004-08-11,Roma,1796.11572266
2004-08-12,Roma,1797.01525879
2004-08-25,Roma,1800.32092285
2004-08-26,Roma,1802.70019531
2004-08-29,Roma,1802.70019531
2004-09-13,Roma,1804.20910645
2004-09-15,Roma,1808.68371582
2004-09-16,Roma,1781.2487793
2004-09-17,Roma,1777.92907715
2004-09-20,Roma,1766.73498535
2004-09-23,Roma,1760.75048828
2004-09-26,Roma,1747.1940918
2004-09-29,Roma,1741.24914551
2004-09-30,Roma,1747.41992188
2004-10-01,Roma,1746.96069336
2004-10-04,Roma,1745.43164062
2004-10-17,Roma,1753.03955078
2004-10-18,Roma,1753.03955078
2004-10-20,Roma,1744.54309082
2004-10-21,Roma,1756.19689941
2004-10-22,Roma,1754.09265137
2004-10-25,Roma,1748.12561035
2004-10-29,Roma,1743.16027832
2004-10-31,Roma,1743.16027832
2004-11-01,Roma,1749.2989502
2004-11-03,Roma,1747.46130371
2004-11-04,Roma,1746.80371094
2004-11-05,Roma,1745.45153809
2004-11-08,Roma,1751.0369873
2004-11-11,Roma,1730.48608398
2004-11-14,Roma,1730.48608398
2004-11-15,Roma,1721.4029541
2004-11-21,Roma,1721.4029541
2004-11-22,Roma,1721.4029541
2004-11-24,Roma,1714.24023438
2004-11-25,Roma,1716.47741699
2004-11-26,Roma,1712.3515625
2004-11-28,Roma,1725.4942627
2004-11-29,Roma,1725.4942627
2004-12-03,Roma,1724.35119629
2004-12-06,Roma,1719.71606445
2004-12-08,Roma,1720.9342041
2004-12-09,Roma,1701.20385742
2004-12-12,Roma,1701.20385742
2004-12-13,Roma,1709.34179688
2004-12-17,Roma,1711.01550293
2004-12-20,Roma,1720.23803711
2004-12-23,Roma,1720.23803711
2004-12-29,Roma,1720.23803711
2005-01-07,Roma,1710.06030273
2005-01-10,Roma,1712.96044922
2005-01-17,Roma,1712.68786621
2005-01-23,Roma,1712.68786621
2005-01-24,Roma,1719.35437012
2005-01-30,Roma,1719.35437012
2005-01-31,Roma,1722.55151367
2005-02-03,Roma,1722.05639648
2005-02-06,Roma,1722.05639648
2005-02-07,Roma,1717.87316895
2005-02-13,Roma,1712.66796875
2005-02-17,Roma,1712.40161133
2005-02-18,Roma,1712.40161133
2005-02-20,Roma,1712.40161133
2005-02-21,Roma,1718.12524414
2005-02-23,Roma,1717.01513672
2005-02-24,Roma,1721.87145996
2005-02-25,Roma,1729.82067871
2005-02-28,Roma,1719.52697754
2005-03-06,Roma,1712.39404297
2005-03-07,Roma,1712.39404297
2005-03-08,Roma,1712.39404297
2005-03-09,Roma,1714.47119141
2005-03-10,Roma,1719.61279297
2005-03-11,Roma,1720.96911621
2005-03-13,Roma,1720.96911621
2005-03-14,Roma,1706.83679199
2005-03-16,Roma,1709.53710938
2005-03-18,Roma,1713.13671875
2005-03-19,Roma,1713.13671875
2005-03-20,Roma,1713.13671875
2005-03-21,Roma,1705.90600586
2005-03-27,Roma,1705.90600586
2005-04-03,Roma,1705.90600586
2005-04-04,Roma,1705.90600586
2005-04-06,Roma,1704.73364258
2005-04-08,Roma,1706.01342773
2005-04-10,Roma,1706.01342773
2005-04-11,Roma,1709.36987305
2005-04-14,Roma,1705.75842285
2005-04-15,Roma,1706.8302002
2005-04-17,Roma,1694.21850586
2005-04-18,Roma,1694.21850586
2005-04-20,Roma,1694.21850586
2005-04-21,Roma,1676.89318848
2005-04-24,Roma,1676.89318848
2005-04-25,Roma,1671.64709473
2005-04-27,Roma,1674.52734375
2005-04-29,Roma,1673.87768555
2005-04-30,Roma,1673.87768555
2005-05-01,Roma,1673.87768555
2005-05-02,Roma,1670.13232422
2005-05-05,Roma,1669.22912598
2005-05-06,Roma,1664.55432129
2005-05-08,Roma,1664.55432129
2005-05-09,Roma,1659.20617676
2005-05-15,Roma,1659.20617676
2005-05-16,Roma,1656.80004883
2005-05-21,Roma,1656.80004883
2005-05-22,Roma,1656.80004883
2005-05-23,Roma,1666.23388672
2005-05-26,Roma,1665.34631348
2005-05-30,Roma,1661.82641602
2005-07-14,Roma,1661.82641602
2005-07-27,Roma,1661.82641602
2005-07-28,Roma,1661.82641602
2005-07-31,Roma,1661.82641602
2005-08-04,Roma,1661.82641602
2005-08-07,Roma,1661.82641602
2005-08-08,Roma,1661.82641602
2005-08-11,Roma,1667.48522949
2005-08-14,Roma,1667.48522949
2005-08-21,Roma,1667.48522949
2005-08-22,Roma,1667.48522949
2005-08-24,Roma,1668.8416748
2005-08-25,Roma,1668.62646484
2005-08-27,Roma,1668.62646484
2005-08-28,Roma,1668.62646484
2005-08-29,Roma,1685.15673828
2005-09-11,Roma,1685.15673828
2005-09-12,Roma,1676.44360352
2005-09-13,Roma,1676.44360352
2005-09-14,Roma,1677.91455078
2005-09-15,Roma,1681.71130371
2005-09-16,Roma,1684.41625977
2005-09-19,Roma,1685.62207031
2005-09-22,Roma,1695.99511719
2005-09-25,Roma,1695.99511719
2005-09-26,Roma,1696.09545898
2005-09-28,Roma,1695.20349121
2005-09-29,Roma,1694.93383789
2005-09-30,Roma,1697.22277832
2005-10-03,Roma,1685.72924805
2005-10-16,Roma,1685.72924805
2005-10-17,Roma,1677.97387695
2005-10-19,Roma,1674.89379883
2005-10-20,Roma,1668.42785645
2005-10-21,Roma,1677.82299805
2005-10-23,Roma,1677.82299805
2005-10-24,Roma,1675.34570312
2005-10-27,Roma,1689.88818359
2005-10-30,Roma,1689.88818359
2005-10-31,Roma,1692.52893066
2005-11-02,Roma,1691.06774902
2005-11-03,Roma,1691.50866699
2005-11-04,Roma,1688.63623047
2005-11-07,Roma,1700.7734375
2005-11-20,Roma,1692.3079834
2005-11-23,Roma,1695.83044434
2005-11-24,Roma,1700.09643555
2005-11-25,Roma,1697.65783691
2005-11-27,Roma,1697.65783691
2005-11-28,Roma,1695.3737793
2005-12-01,Roma,1694.30908203
2005-12-02,Roma,1678.0925293
2005-12-04,Roma,1678.0925293
2005-12-05,Roma,1678.04089355
2005-12-07,Roma,1677.3770752
2005-12-08,Roma,1676.18737793
2005-12-11,Roma,1676.18737793
2005-12-12,Roma,1665.69299316
2005-12-15,Roma,1675.41210938
2005-12-16,Roma,1675.31335449
2005-12-18,Roma,1675.31335449
2005-12-19,Roma,1679.15478516
2005-12-22,Roma,1690.7578125
2006-01-01,Roma,1690.7578125
2006-01-09,Roma,1696.31982422
2006-01-16,Roma,1707.21716309
2006-01-19,Roma,1712.26013184
2006-01-23,Roma,1729.44665527
2006-01-29,Roma,1729.44665527
2006-01-30,Roma,1737.37072754
2006-02-05,Roma,1750.85083008
2006-02-06,Roma,1750.85083008
2006-02-09,Roma,1753.69470215
2006-02-12,Roma,1753.69470215
2006-02-13,Roma,1763.67712402
2006-02-16,Roma,1777.53149414
2006-02-17,Roma,1776.2857666
2006-02-20,Roma,1778.23840332
2006-02-22,Roma,1779.43688965
2006-02-23,Roma,1778.97583008
2006-02-24,Roma,1783.6114502
2006-02-27,Roma,1795.44848633
2006-03-06,Roma,1795.05493164
2006-03-08,Roma,1797.17724609
2006-03-09,Roma,1801.36572266
2006-03-10,Roma,1795.82348633
2006-03-13,Roma,1784.79199219
2006-03-15,Roma,1785.46191406
2006-03-16,Roma,1778.30456543
2006-03-17,Roma,1770.52441406
2006-03-20,Roma,1773.25732422
2006-03-26,Roma,1779.84362793
2006-03-29,Roma,1775.89672852
2006-03-30,Roma,1777.20581055
2006-04-03,Roma,1778.26513672
2006-04-05,Roma,1778.58898926
2006-04-06,Roma,1776.30053711
2006-04-09,Roma,1776.30053711
2006-04-10,Roma,1779.41369629
2006-04-16,Roma,1778.84936523
2006-04-19,Roma,1775.98937988
2006-04-23,Roma,1770.31506348
2006-04-27,Roma,1770.09436035
2006-04-28,Roma,1770.09436035
2006-04-30,Roma,1770.09436035
2006-05-01,Roma,1770.08435059
2006-05-04,Roma,1770.08435059
2006-05-07,Roma,1770.08435059
2006-05-08,Roma,1771.40795898
2006-05-11,Roma,1771.40795898
2006-05-14,Roma,1771.40795898
2006-05-15,Roma,1768.88574219
2006-08-10,Roma,1765.45947266
2006-08-23,Roma,1766.04089355
2006-08-24,Roma,1764.54602051
2006-08-26,Roma,1764.54602051
2006-08-28,Roma,1764.54602051
2006-09-10,Roma,1768.97973633
2006-09-11,Roma,1768.97973633
2006-09-13,Roma,1779.14782715
2006-09-14,Roma,1779.6229248
2006-09-15,Roma,1783.69372559
2006-09-17,Roma,1783.69372559
2006-09-18,Roma,1791.98352051
2006-09-21,Roma,1782.57397461
2006-09-25,Roma,1795.78027344
2006-09-27,Roma,1795.11132812
2006-09-28,Roma,1785.40307617
2006-09-29,Roma,1790.81787109
2006-10-02,Roma,1793.64880371
2006-10-16,Roma,1782.71289062
2006-10-18,Roma,1784.00378418
2006-10-19,Roma,1795.63464355
2006-10-20,Roma,1796.88024902
2006-10-22,Roma,1796.88024902
2006-10-23,Roma,1790.50695801
2006-10-26,Roma,1783.32019043
2006-10-29,Roma,1790.7902832
2006-11-01,Roma,1784.47729492
2006-11-02,Roma,1785.30249023
2006-11-03,Roma,1781.71289062
2006-11-06,Roma,1789.28540039
2006-11-12,Roma,1801.93371582
2006-11-19,Roma,1801.93371582
2006-11-20,Roma,1808.10424805
2006-11-22,Roma,1804.24804688
2006-11-23,Roma,1794.58947754
2006-11-24,Roma,1792.11499023
2006-11-27,Roma,1800.29553223
2006-11-30,Roma,1802.92321777
2006-12-03,Roma,1805.41674805
2006-12-06,Roma,1814.64233398
2006-12-07,Roma,1808.80615234
2006-12-11,Roma,1794.84362793
2006-12-14,Roma,1794.57019043
2006-12-15,Roma,1794.46533203
2006-12-17,Roma,1794.46533203
2006-12-18,Roma,1802.79589844
2006-12-21,Roma,1808.2824707
2006-12-24,Roma,1811.4810791
2007-01-15,Roma,1806.38354492
2007-01-22,Roma,1803.19909668
2007-01-27,Roma,1803.19909668
2007-01-28,Roma,1803.19909668
2007-01-29,Roma,1805.61975098
2007-02-03,Roma,1805.61975098
2007-02-04,Roma,1805.61975098
2007-02-05,Roma,1805.61975098
2007-02-12,Roma,1809.32470703
2007-02-15,Roma,1807.57189941
2007-02-16,Roma,1806.12597656
2007-02-18,Roma,1795.68530273
2007-02-19,Roma,1795.68530273
2007-02-21,Roma,1795.68383789
2007-02-22,Roma,1792.86621094
2007-02-23,Roma,1788.8762207
2007-02-26,Roma,1793.46960449
2007-03-01,Roma,1790.33105469
2007-03-04,Roma,1785.20715332
2007-03-05,Roma,1785.20715332
2007-03-07,Roma,1815.80578613
2007-03-08,Roma,1817.32775879
2007-03-12,Roma,1820.89916992
2007-03-15,Roma,1820.89916992
2007-03-18,Roma,1820.89916992
2007-03-19,Roma,1821.92456055
2007-04-01,Roma,1820.4744873
2007-04-04,Roma,1818.58325195
2007-04-05,Roma,1823.94665527
2007-04-06,Roma,1823.94665527
2007-04-08,Roma,1828.96276855
2007-04-09,Roma,1828.96276855
2007-04-11,Roma,1807.98901367
2007-04-12,Roma,1814.48193359
2007-04-16,Roma,1819.57641602
2007-04-19,Roma,1836.57885742
2007-04-22,Roma,1836.57885742
2007-04-23,Roma,1825.4420166
2007-04-25,Roma,1825.26635742
2007-04-30,Roma,1821.24926758
2007-05-03,Roma,1828.328125
2007-05-07,Roma,1834.42834473
2007-05-14,Roma,1819.31164551
2007-05-20,Roma,1819.31164551
2007-05-21,Roma,1807.63476562
2007-05-24,Roma,1810.40869141
2007-05-28,Roma,1811.76257324
2007-06-10,Roma,1811.76257324
2007-06-11,Roma,1811.76257324
2007-08-15,Roma,1809.84863281
2007-08-17,Roma,1809.65319824
2007-08-26,Roma,1809.65319824
2007-08-27,Roma,1818.75048828
2007-08-29,Roma,1823.46960449
2007-08-31,Roma,1818.51123047
2007-09-03,Roma,1821.99206543
2007-09-17,Roma,1830.09289551
2007-09-19,Roma,1831.29003906
2007-09-20,Roma,1832.95715332
2007-09-21,Roma,1833.43615723
2007-09-24,Roma,1830.94213867
2007-09-27,Roma,1832.11291504
2007-09-30,Roma,1816.88696289
2007-10-03,Roma,1814.47485352
2007-10-04,Roma,1811.77868652
2007-10-05,Roma,1796.51074219
2007-10-08,Roma,1805.94616699
2007-10-21,Roma,1799.30737305
2007-10-22,Roma,1799.30737305
2007-10-24,Roma,1807.36816406
2007-10-25,Roma,1807.7956543
2007-10-26,Roma,1809.55004883
2007-10-28,Roma,1809.55004883
2007-10-29,Roma,1820.26037598
2007-11-01,Roma,1824.11425781
2007-11-04,Roma,1824.11425781
2007-11-05,Roma,1819.9486084
2007-11-07,Roma,1826.80969238
2007-11-08,Roma,1828.53198242
2007-11-09,Roma,1829.20300293
2007-11-25,Roma,1833.45715332
2007-11-26,Roma,1833.45715332
2007-11-28,Roma,1847.71850586
2007-11-29,Roma,1844.06103516
2007-11-30,Roma,1843.75537109
2007-12-03,Roma,1846.4630127
2007-12-05,Roma,1847.23864746
2007-12-06,Roma,1849.39208984
2007-12-10,Roma,1845.01867676
2007-12-12,Roma,1844.15869141
2007-12-13,Roma,1847.12927246
2007-12-17,Roma,1842.92041016
2007-12-21,Roma,1843.55871582
2007-12-23,Roma,1846.57055664
2007-12-24,Roma,1846.57055664
2008-01-14,Roma,1851.91418457
2008-01-21,Roma,1854.36828613
2008-01-24,Roma,1854.36828613
2008-01-27,Roma,1856.62194824
2008-01-28,Roma,1856.62194824
2008-01-31,Roma,1856.62194824
2008-02-04,Roma,1835.32946777
2008-02-10,Roma,1838.14440918
2008-02-15,Roma,1838.99145508
2008-02-17,Roma,1832.98083496
2008-02-20,Roma,1834.10144043
2008-02-21,Roma,1835.14123535
2008-02-22,Roma,1835.54785156
2008-02-24,Roma,1835.54785156
2008-02-25,Roma,1840.43762207
2008-02-28,Roma,1845.12353516
2008-03-02,Roma,1849.00805664
2008-03-05,Roma,1844.65270996
2008-03-06,Roma,1868.6574707
2008-03-07,Roma,1872.85546875
2008-03-10,Roma,1878.97131348
2008-03-12,Roma,1876.09008789
2008-03-13,Roma,1872.82543945
2008-03-16,Roma,1878.06750488
2008-03-20,Roma,1868.07336426
2008-03-23,Roma,1869.45776367
2008-03-30,Roma,1864.46813965
2008-04-02,Roma,1854.97851562
2008-04-04,Roma,1858.01257324
2008-04-06,Roma,1859.9732666
2008-04-10,Roma,1858.45898438
2008-04-11,Roma,1860.9810791
2008-04-14,Roma,1869.18493652
2008-04-20,Roma,1861.14672852
2008-04-25,Roma,1861.51000977
2008-04-28,Roma,1864.35864258
2008-04-30,Roma,1864.35864258
2008-05-02,Roma,1863.24853516
2008-05-05,Roma,1874.10253906
2008-05-08,Roma,1874.10253906
2008-05-12,Roma,1875.92358398
2008-05-19,Roma,1870.59484863
2008-08-13,Roma,1872.26477051
2008-08-14,Roma,1872.76379395
2008-08-15,Roma,1872.92700195
2008-08-27,Roma,1872.95300293
2008-08-28,Roma,1873.12194824
2008-08-29,Roma,1873.20935059
2008-09-01,Roma,1866.16650391
2008-09-14,Roma,1849.70495605
2008-09-17,Roma,1831.24755859
2008-09-18,Roma,1833.82653809
2008-09-19,Roma,1840.2845459
2008-09-21,Roma,1844.02844238
2008-09-22,Roma,1844.02844238
2008-09-25,Roma,1828.37805176
2008-09-29,Roma,1832.35021973
2008-10-01,Roma,1827.73498535
2008-10-02,Roma,1841.87182617
2008-10-03,Roma,1832.62329102
2008-10-06,Roma,1821.93066406
2008-10-20,Roma,1804.4552002
2008-10-22,Roma,1804.56726074
2008-10-23,Roma,1802.29699707
2008-10-24,Roma,1810.1763916
2008-10-26,Roma,1810.1763916
2008-10-27,Roma,1797.98095703
2008-11-02,Roma,1790.40100098
2008-11-03,Roma,1790.40100098
2008-11-05,Roma,1809.50634766
2008-11-06,Roma,1814.91223145
2008-11-07,Roma,1818.20446777
2008-11-09,Roma,1814.81604004
2008-11-16,Roma,1814.81604004
2008-11-17,Roma,1819.16906738
2008-11-23,Roma,1819.16906738
2008-11-24,Roma,1830.09228516
2008-11-26,Roma,1826.31323242
2008-11-27,Roma,1828.28857422
2008-11-28,Roma,1826.79943848
2008-11-30,Roma,1826.79943848
2008-12-01,Roma,1831.51867676
2008-12-04,Roma,1828.31311035
2008-12-07,Roma,1833.0456543
2008-12-08,Roma,1833.0456543
2008-12-10,Roma,1837.52429199
2008-12-11,Roma,1836.36743164
2008-12-15,Roma,1838.69714355
2008-12-18,Roma,1837.09521484
2008-12-19,Roma,1836.35021973
2008-12-22,Roma,1824.99462891
2009-01-12,Roma,1822.12280273
2009-01-15,Roma,1826.56542969
2009-01-19,Roma,1830.82543945
2009-01-26,Roma,1842.28613281
2009-01-29,Roma,1845.07214355
2009-02-01,Roma,1845.07214355
2009-02-02,Roma,1840.46252441
2009-02-08,Roma,1840.46252441
2009-02-09,Roma,1846.19311523
2009-02-15,Roma,1846.19311523
2009-02-16,Roma,1828.54663086
2009-02-19,Roma,1825.83215332
2009-02-20,Roma,1822.58813477
2009-02-21,Roma,1822.58813477
2009-02-22,Roma,1824.9921875
2009-02-23,Roma,1824.9921875
2009-02-25,Roma,1818.9888916
2009-02-26,Roma,1817.8034668
2009-02-27,Roma,1809.54125977
2009-03-02,Roma,1813.66235352
2009-03-08,Roma,1807.62817383
2009-03-11,Roma,1806.49023438
2009-03-12,Roma,1812.20300293
2009-03-13,Roma,1816.26940918
2009-03-15,Roma,1816.26940918
2009-03-16,Roma,1813.56152344
2009-03-20,Roma,1813.9543457
2009-03-22,Roma,1797.59448242
2009-04-05,Roma,1797.59448242
2009-04-06,Roma,1799.86340332
2009-04-10,Roma,1797.68127441
2009-04-12,Roma,1783.7598877
2009-04-16,Roma,1783.7598877
2009-04-17,Roma,1782.76550293
2009-04-20,Roma,1784.78088379
2009-04-26,Roma,1771.98681641
2009-04-30,Roma,1771.98681641
2009-05-03,Roma,1771.98681641
2009-05-04,Roma,1766.41308594
2009-05-10,Roma,1766.41308594
2009-05-11,Roma,1765.75402832
2009-05-14,Roma,1765.75402832
2009-05-17,Roma,1768.35302734
2009-05-18,Roma,1768.35302734
2009-05-24,Roma,1768.35302734
2009-05-25,Roma,1779.59692383
2009-05-31,Roma,1779.59692383
2009-06-01,Roma,1781.77246094
2009-07-31,Roma,1784.09594727
2009-08-07,Roma,1788.86572266
2009-08-19,Roma,1790.33959961
2009-08-20,Roma,1790.33959961
2009-08-21,Roma,1795.20605469
2009-08-24,Roma,1787.65466309
2009-08-27,Roma,1788.54821777
2009-08-28,Roma,1791.46728516
2009-08-31,Roma,1779.14538574
2009-09-13,Roma,1779.14538574
2009-09-14,Roma,1785.64526367
2009-09-16,Roma,1787.85205078
2009-09-17,Roma,1786.33642578
2009-09-18,Roma,1759.89440918
2009-09-20,Roma,1759.89440918
2009-09-21,Roma,1768.2869873
2009-09-24,Roma,1767.75439453
2009-09-28,Roma,1764.57226562
2009-09-29,Roma,1764.57226562
2009-09-30,Roma,1768.58508301
2009-10-01,Roma,1764.31030273
2009-10-02,Roma,1771.30419922
2009-10-05,Roma,1774.20678711
2009-10-18,Roma,1774.20678711
2009-10-19,Roma,1768.35119629
2009-10-21,Roma,1768.20959473
2009-10-22,Roma,1772.92102051
2009-10-23,Roma,1773.36572266
2009-10-26,Roma,1759.14501953
2009-10-29,Roma,1751.85168457
2009-11-01,Roma,1751.85168457
2009-11-02,Roma,1754.64367676
2009-11-04,Roma,1755.80932617
2009-11-05,Roma,1759.3527832
2009-11-06,Roma,1766.62158203
2009-11-09,Roma,1772.33093262
2009-11-22,Roma,1772.33093262
2009-11-23,Roma,1777.12609863
2009-11-25,Roma,1777.26000977
2009-11-26,Roma,1772.98718262
2009-11-30,Roma,1779.1081543
2009-12-03,Roma,1775.71704102
2009-12-04,Roma,1779.07946777
2009-12-07,Roma,1782.0324707
2009-12-09,Roma,1774.45935059
2009-12-10,Roma,1779.95202637
2009-12-13,Roma,1779.95202637
2009-12-14,Roma,1779.19384766
2009-12-17,Roma,1785.85522461
2009-12-18,Roma,1778.75036621
2009-12-21,Roma,1783.62927246
2009-12-24,Roma,1783.62927246
2010-01-07,Roma,1782.95007324
2010-01-10,Roma,1786.13635254
2010-01-17,Roma,1786.13635254
2010-01-18,Roma,1792.7956543
2010-01-21,Roma,1792.7956543
2010-01-24,Roma,1801.9354248
2010-02-01,Roma,1803.70812988
2010-02-08,Roma,1812.64501953
2010-02-14,Roma,1818.81469727
2010-02-17,Roma,1816.91088867
2010-02-18,Roma,1816.53344727
2010-02-19,Roma,1812.91772461
2010-02-21,Roma,1812.91772461
2010-02-22,Roma,1814.94470215
2010-02-25,Roma,1816.59118652
2010-02-26,Roma,1789.05310059
2010-02-28,Roma,1789.05310059
2010-03-01,Roma,1788.30175781
2010-03-07,Roma,1786.78942871
2010-03-08,Roma,1786.78942871
2010-03-10,Roma,1786.16833496
2010-03-11,Roma,1783.87487793
2010-03-12,Roma,1787.07556152
2010-03-15,Roma,1782.75073242
2010-03-17,Roma,1787.42895508
2010-03-19,Roma,1780.2668457
2010-03-21,Roma,1785.13500977
2010-03-22,Roma,1785.13500977
2010-03-25,Roma,1792.9831543
2010-03-28,Roma,1801.08605957
2010-04-01,Roma,1802.03308105
2010-04-04,Roma,1807.77941895
2010-04-07,Roma,1809.31945801
2010-04-09,Roma,1809.31945801
2010-04-11,Roma,1809.31945801
2010-04-12,Roma,1811.61315918
2010-04-19,Roma,1816.99780273
2010-04-21,Roma,1821.31030273
2010-04-26,Roma,1808.52026367
2010-04-29,Roma,1809.65930176
2010-05-02,Roma,1815.17529297
2010-05-03,Roma,1815.17529297
2010-05-10,Roma,1817.78015137
2010-05-16,Roma,1817.78015137
2010-05-17,Roma,1825.28344727
2010-05-23,Roma,1829.02526855
2010-07-29,Roma,1829.02526855
2010-07-30,Roma,1829.12036133
2010-08-06,Roma,1829.14111328
2010-08-19,Roma,1826.83972168
2010-08-20,Roma,1828.95703125
2010-08-22,Roma,1828.95703125
2010-08-25,Roma,1828.78234863
2010-08-27,Roma,1830.22839355
2010-08-29,Roma,1822.38562012
2010-09-12,Roma,1801.13769531
2010-09-13,Roma,1801.13769531
2010-09-15,Roma,1799.81054688
2010-09-16,Roma,1794.30273438
2010-09-17,Roma,1787.11804199
2010-09-19,Roma,1787.11804199
2010-09-20,Roma,1780.79089355
2010-09-23,Roma,1769.61096191
2010-09-26,Roma,1779.62390137
2010-09-29,Roma,1782.13696289
2010-09-30,Roma,1784.3927002
2010-10-01,Roma,1785.6973877
2010-10-04,Roma,1773.88110352
2010-10-17,Roma,1777.47253418
2010-10-18,Roma,1777.47253418
2010-10-20,Roma,1750.48498535
2010-10-21,Roma,1751.70275879
2010-10-22,Roma,1742.84753418
2010-10-24,Roma,1742.84753418
2010-10-25,Roma,1741.64025879
2010-10-31,Roma,1745.29589844
2010-11-03,Roma,1741.27185059
2010-11-04,Roma,1753.2109375
2010-11-05,Roma,1746.52416992
2010-11-08,Roma,1758.8425293
2010-11-11,Roma,1762.64770508
2010-11-14,Roma,1763.23034668
2010-11-21,Roma,1768.1003418
2010-11-22,Roma,1768.1003418
2010-11-24,Roma,1783.40869141
2010-11-25,Roma,1784.37194824
2010-11-29,Roma,1772.98327637
2010-12-02,Roma,1768.43530273
2010-12-03,Roma,1766.25390625
2010-12-05,Roma,1764.79101562
2010-12-08,Roma,1760.1114502
2010-12-09,Roma,1748.49475098
2010-12-12,Roma,1748.49475098
2010-12-13,Roma,1750.83105469
2010-12-16,Roma,1752.56311035
2010-12-17,Roma,1746.60510254
2010-12-19,Roma,1757.73608398
2011-01-07,Roma,1761.67663574
2011-01-10,Roma,1752.64294434
2011-01-17,Roma,1756.84655762
2011-01-23,Roma,1762.43029785
2011-02-03,Roma,1754.86669922
2011-02-07,Roma,1748.38806152
2011-02-13,Roma,1732.36132812
2011-02-16,Roma,1729.92492676
2011-02-17,Roma,1721.02429199
2011-02-18,Roma,1720.6373291
2011-02-20,Roma,1720.6373291
2011-02-21,Roma,1712.18432617
2011-02-23,Roma,1712.18432617
2011-02-24,Roma,1717.36279297
2011-02-25,Roma,1714.85571289
2011-02-28,Roma,1709.0534668
2011-03-02,Roma,1709.0534668
2011-03-05,Roma,1714.49584961
2011-03-07,Roma,1714.49584961
2011-03-09,Roma,1707.66259766
2011-03-10,Roma,1707.22937012
2011-03-11,Roma,1707.22937012
2011-03-13,Roma,1707.22937012
2011-03-14,Roma,1714.31860352
2011-03-16,Roma,1719.7097168
2011-03-20,Roma,1719.7097168
2011-03-21,Roma,1720.1619873
2011-04-04,Roma,1703.49609375
2011-04-06,Roma,1696.6595459
2011-04-10,Roma,1706.63598633
2011-04-11,Roma,1706.63598633
2011-04-14,Roma,1705.7557373
2011-04-17,Roma,1693.43505859
2011-04-24,Roma,1697.3236084
2011-04-25,Roma,1697.3236084
2011-04-30,Roma,1697.3236084
2011-05-02,Roma,1702.03344727
2011-05-08,Roma,1702.39318848
2011-05-11,Roma,1702.39318848
2011-05-12,Roma,1702.39318848
2011-05-15,Roma,1702.39318848
2011-05-16,Roma,1693.14953613
2011-05-23,Roma,1697.69262695
2011-05-26,Roma,1697.69262695
2011-07-22,Roma,1697.69262695
2011-07-28,Roma,1697.69262695
2011-07-29,Roma,1695.44299316
2011-08-05,Roma,1693.65759277
2011-08-07,Roma,1693.65759277
2011-08-08,Roma,1693.65759277
2011-08-14,Roma,1693.65759277
2011-08-17,Roma,1693.11743164
2011-08-18,Roma,1693.11743164
2011-08-19,Roma,1686.50378418
2011-08-24,Roma,1686.50378418
2011-08-25,Roma,1684.60839844
2011-08-26,Roma,1660.19091797
2011-08-28,Roma,1660.19091797
2011-09-10,Roma,1660.19091797
2011-09-11,Roma,1660.19091797
2011-09-12,Roma,1648.09399414
2011-09-14,Roma,1650.9107666
2011-09-15,Roma,1648.5078125
2011-09-16,Roma,1648.39172363
2011-09-18,Roma,1652.90649414
2011-09-22,Roma,1652.90649414
2011-09-23,Roma,1647.78625488
2011-09-25,Roma,1647.78625488
2011-09-26,Roma,1655.70373535
2011-09-28,Roma,1662.88903809
2011-09-29,Roma,1663.8782959
2011-09-30,Roma,1661.63964844
2011-10-02,Roma,1667.67248535
2011-10-03,Roma,1667.67248535
2011-10-16,Roma,1667.67248535
2011-10-17,Roma,1661.1394043
2011-10-19,Roma,1666.3449707
2011-10-20,Roma,1667.15966797
2011-10-21,Roma,1670.1217041
2011-10-23,Roma,1670.1217041
2011-10-24,Roma,1675.10717773
2011-10-26,Roma,1675.10717773
2011-10-27,Roma,1667.26831055
2011-10-30,Roma,1660.65112305
2011-10-31,Roma,1660.65112305
2011-11-02,Roma,1658.95349121
2011-11-03,Roma,1660.45349121
2011-11-04,Roma,1657.8684082
2011-11-06,Roma,1664.9699707
2011-11-19,Roma,1664.9699707
2011-11-20,Roma,1664.9699707
2011-11-21,Roma,1668.23608398
2011-11-23,Roma,1671.94555664
2011-11-24,Roma,1670.58251953
2011-11-26,Roma,1662.31896973
2011-11-27,Roma,1662.31896973
2011-11-28,Roma,1662.31896973
2011-12-01,Roma,1662.78063965
2011-12-02,Roma,1661.98522949
2011-12-04,Roma,1661.98522949
2011-12-05,Roma,1649.08374023
2011-12-07,Roma,1647.78417969
2011-12-08,Roma,1648.88842773
2011-12-11,Roma,1648.88842773
2011-12-13,Roma,1649.13867188
2011-12-15,Roma,1652.10766602
2011-12-16,Roma,1650.0144043
2011-12-18,Roma,1650.0144043
2011-12-19,Roma,1666.1496582
2011-12-22,Roma,1674.86987305
2012-01-09,Roma,1681.78112793
2012-01-10,Roma,1681.78112793
2012-01-16,Roma,1681.78112793
2012-01-22,Roma,1688.2845459
2012-01-23,Roma,1688.2845459
2012-01-26,Roma,1688.2845459
2012-01-29,Roma,1688.2845459
2012-01-30,Roma,1683.08666992
2012-02-02,Roma,1669.91650391
2012-02-03,Roma,1669.91650391
2012-02-05,Roma,1686.67602539
2012-02-09,Roma,1685.52001953
2012-02-12,Roma,1685.52001953
2012-02-13,Roma,1685.52001953
2012-02-14,Roma,1675.76220703
2012-02-15,Roma,1675.76220703
2012-02-16,Roma,1682.54040527
2012-02-17,Roma,1677.54064941
2012-02-20,Roma,1682.52856445
2012-02-22,Roma,1686.48449707
2012-02-23,Roma,1685.32287598
2012-02-24,Roma,1690.42211914
2012-02-27,Roma,1674.42919922
2012-03-04,Roma,1674.42919922
2012-03-05,Roma,1665.28015137
2012-03-07,Roma,1662.33459473
2012-03-08,Roma,1662.33459473
2012-03-09,Roma,1658.42126465
2012-03-10,Roma,1658.42126465
2012-03-11,Roma,1666.16967773
2012-03-12,Roma,1666.16967773
2012-03-14,Roma,1665.33325195
2012-03-15,Roma,1658.73193359
2012-03-16,Roma,1658.6784668
2012-03-19,Roma,1658.6784668
2012-03-20,Roma,1663.25097656
2012-03-22,Roma,1663.25097656
2012-03-23,Roma,1663.25097656
2012-03-24,Roma,1663.25097656
2012-03-25,Roma,1659.90979004
2012-03-26,Roma,1659.90979004
2012-03-27,Roma,1659.90979004
2012-03-28,Roma,1659.90979004
2012-03-29,Roma,1660.28466797
2012-03-30,Roma,1660.28466797
2012-04-01,Roma,1660.28466797
2012-04-02,Roma,1665.17956543
2012-04-04,Roma,1663.81945801
2012-04-06,Roma,1663.81945801
2012-04-08,Roma,1650.28283691
2012-04-09,Roma,1650.28283691
2012-04-12,Roma,1659.99890137
2012-04-15,Roma,1659.99890137
2012-04-18,Roma,1659.99890137
2012-04-19,Roma,1659.99890137
2012-04-21,Roma,1659.99890137
2012-04-23,Roma,1651.77307129
2012-04-24,Roma,1651.77307129
2012-04-26,Roma,1640.72351074
2012-04-29,Roma,1640.82763672
2012-04-30,Roma,1640.82763672
2012-05-02,Roma,1640.95874023
2012-05-03,Roma,1640.95874023
2012-05-06,Roma,1638.09985352
2012-05-07,Roma,1638.09985352
2012-05-13,Roma,1638.09985352
2012-05-14,Roma,1643.2244873
2012-05-17,Roma,1643.2244873
2012-05-21,Roma,1643.2244873
2012-05-28,Roma,1643.2244873
2012-06-04,Roma,1643.2244873
2012-06-17,Roma,1643.2244873
2012-07-19,Roma,1643.2244873
2012-07-27,Roma,1643.2244873
2012-08-03,Roma,1644.25720215
2012-08-10,Roma,1643.79833984
2012-08-13,Roma,1643.79833984
2012-08-19,Roma,1643.79833984
2012-08-22,Roma,1643.79833984
2012-08-23,Roma,1645.16271973
2012-08-24,Roma,1647.96240234
2012-08-26,Roma,1647.96240234
2012-08-27,Roma,1644.6184082
2012-08-29,Roma,1644.02050781
2012-08-31,Roma,1643.84655762
2012-09-01,Roma,1643.84655762
2012-09-03,Roma,1659.3918457
2012-09-09,Roma,1659.3918457
2012-09-16,Roma,1659.3918457
2012-09-17,Roma,1648.16064453
2012-09-19,Roma,1646.38623047
2012-09-20,Roma,1647.83203125
2012-09-21,Roma,1649.02941895
2012-09-23,Roma,1649.02941895
2012-09-24,Roma,1649.02941895
2012-09-27,Roma,1645.22119141
2012-09-30,Roma,1640.01123047
2012-10-03,Roma,1639.4621582
2012-10-04,Roma,1643.11022949
2012-10-05,Roma,1644.72790527
2012-10-07,Roma,1644.72790527
2012-10-08,Roma,1651.60119629
2012-10-20,Roma,1651.60119629
2012-10-21,Roma,1651.60119629
2012-10-22,Roma,1661.80944824
2012-10-24,Roma,1659.63647461
2012-10-25,Roma,1658.13476562
2012-10-26,Roma,1649.74060059
2012-10-29,Roma,1640.50756836
2012-10-30,Roma,1640.50756836
2012-11-01,Roma,1634.26171875
2012-11-02,Roma,1634.26171875
2012-11-03,Roma,1634.26171875
2012-11-05,Roma,1641.82617188
2012-11-07,Roma,1641.50634766
2012-11-08,Roma,1642.40124512
2012-11-09,Roma,1644.51123047
2012-11-10,Roma,1644.51123047
2012-11-11,Roma,1644.51123047
2012-11-12,Roma,1638.47338867
2012-11-17,Roma,1638.47338867
2012-11-18,Roma,1638.47338867
2012-11-19,Roma,1638.47338867
2012-11-20,Roma,1644.90698242
2012-11-21,Roma,1648.83642578
2012-11-22,Roma,1653.36279297
2012-11-23,Roma,1648.51867676
2012-11-26,Roma,1654.00500488
2012-11-28,Roma,1654.00500488
2012-11-30,Roma,1654.00500488
2012-12-02,Roma,1654.00500488
2012-12-03,Roma,1664.79394531
2012-12-05,Roma,1661.13684082
2012-12-06,Roma,1665.09558105
2012-12-07,Roma,1656.57556152
2012-12-09,Roma,1665.65014648
2012-12-10,Roma,1665.65014648
2012-12-17,Roma,1657.21813965
2012-12-21,Roma,1657.21813965
2012-12-23,Roma,1669.54650879
2013-01-02,Roma,1669.54650879
2013-01-06,Roma,1669.54650879
2013-01-07,Roma,1660.21862793
2013-01-13,Roma,1660.21862793
2013-01-14,Roma,1652.63122559
2013-01-20,Roma,1652.63122559
2013-01-21,Roma,1651.27270508
2013-01-27,Roma,1651.27270508
2013-01-28,Roma,1651.41430664
2013-01-30,Roma,1651.41430664
2013-01-31,Roma,1651.41430664
2013-02-02,Roma,1633.69519043
2013-02-10,Roma,1633.69519043
2013-02-11,Roma,1621.89880371
2013-02-13,Roma,1624.33996582
2013-02-15,Roma,1621.75146484
2013-02-17,Roma,1632.98632812
2013-02-21,Roma,1637.25805664
2013-02-22,Roma,1642.63146973
2013-02-25,Roma,1650.37158203
2013-03-03,Roma,1650.37158203
2013-03-04,Roma,1655.85656738
2013-03-05,Roma,1655.85656738
2013-03-06,Roma,1655.85656738
2013-03-07,Roma,1656.12536621
2013-03-08,Roma,1658.19812012
2013-03-10,Roma,1660.12097168
2013-03-11,Roma,1660.12097168
2013-03-13,Roma,1655.19030762
2013-03-14,Roma,1655.19030762
2013-03-15,Roma,1659.17370605
2013-03-16,Roma,1659.17370605
2013-03-17,Roma,1659.17370605
2013-03-18,Roma,1667.11804199
2013-03-31,Roma,1653.18786621
2013-04-01,Roma,1653.18786621
2013-04-02,Roma,1653.18786621
2013-04-03,Roma,1651.19921875
2013-04-05,Roma,1647.74353027
2013-04-06,Roma,1647.74353027
2013-04-07,Roma,1647.74353027
2013-04-08,Roma,1647.74353027
2013-04-09,Roma,1646.82312012
2013-04-10,Roma,1646.82312012
2013-04-11,Roma,1645.45800781
2013-04-12,Roma,1644.25036621
2013-04-15,Roma,1651.45336914
2013-04-21,Roma,1651.45336914
2013-04-22,Roma,1644.89331055
2013-04-23,Roma,1644.89331055
2013-04-24,Roma,1644.89331055
2013-04-28,Roma,1644.89331055
2013-04-29,Roma,1653.79870605
2013-04-30,Roma,1653.79870605
2013-05-04,Roma,1653.79870605
2013-05-05,Roma,1664.02575684
2013-05-06,Roma,1664.02575684
2013-05-08,Roma,1652.34423828
2013-05-12,Roma,1652.34423828
2013-05-13,Roma,1657.16503906
2013-05-16,Roma,1657.16503906
2013-05-19,Roma,1657.16503906
2013-05-20,Roma,1665.46032715
2013-05-27,Roma,1665.46032715
2013-05-30,Roma,1665.46032715
2013-06-02,Roma,1665.46032715
2013-07-17,Roma,1665.46032715
2013-07-20,Roma,1665.46032715
2013-07-31,Roma,1665.46032715
2013-08-02,Roma,1665.72375488
2013-08-03,Roma,1665.72375488
2013-08-07,Roma,1665.72375488
2013-08-09,Roma,1665.859375
2013-08-11,Roma,1665.859375
2013-08-12,Roma,1665.859375
2013-08-18,Roma,1665.859375
2013-08-19,Roma,1665.859375
2013-08-21,Roma,1666.35412598
2013-08-23,Roma,1661.16467285
2013-08-25,Roma,1661.16467285
2013-08-26,Roma,1668.78356934
2013-08-29,Roma,1672.23876953
2013-08-30,Roma,1670.95593262
2013-09-01,Roma,1670.95593262
2013-09-02,Roma,1677.4831543
2013-09-09,Roma,1677.4831543
2013-09-15,Roma,1677.4831543
2013-09-16,Roma,1677.4831543
2013-09-17,Roma,1687.95410156
2013-09-18,Roma,1685.68408203
2013-09-19,Roma,1691.11486816
2013-09-20,Roma,1693.98034668
2013-09-22,Roma,1693.98034668
2013-09-23,Roma,1703.11999512
2013-09-24,Roma,1703.11999512
2013-09-26,Roma,1710.44384766
2013-09-30,Roma,1718.77038574
2013-10-02,Roma,1716.71801758
2013-10-03,Roma,1714.85437012
2013-10-04,Roma,1717.13085938
2013-10-06,Roma,1731.19055176
2013-10-19,Roma,1741.19091797
2013-10-23,Roma,1745.68798828
2013-10-24,Roma,1744.80236816
2013-10-25,Roma,1744.67541504
2013-10-27,Roma,1744.67541504
2013-10-28,Roma,1752.15380859
2013-11-01,Roma,1754.57629395
2013-11-03,Roma,1754.57629395
2013-11-04,Roma,1750.95776367
2013-11-06,Roma,1752.20031738
2013-11-07,Roma,1752.71569824
2013-11-08,Roma,1754.85205078
2013-11-11,Roma,1747.89904785
2013-11-25,Roma,1747.89904785
2013-11-26,Roma,1742.09460449
2013-11-27,Roma,1744.22705078
2013-11-28,Roma,1744.88989258
2013-11-29,Roma,1745.43566895
2013-11-30,Roma,1745.43566895
2013-12-02,Roma,1742.22595215
2013-12-09,Roma,1748.82531738
2013-12-12,Roma,1748.82885742
2013-12-13,Roma,1748.83850098
2013-12-17,Roma,1750.76281738
2013-12-23,Roma,1756.12988281
2014-01-06,Roma,1749.04968262
2014-01-07,Roma,1749.04968262
2014-01-13,Roma,1755.23291016
2014-01-14,Roma,1755.23291016
2014-01-19,Roma,1758.27185059
2014-01-26,Roma,1758.27185059
2014-01-27,Roma,1766.07617188
2014-02-02,Roma,1766.07617188
2014-02-03,Roma,1766.07617188
2014-02-08,Roma,1766.07617188
2014-02-09,Roma,1766.07617188
2014-02-10,Roma,1765.31555176
2014-02-17,Roma,1770.25976562
2014-02-20,Roma,1769.13562012
2014-02-21,Roma,1766.89575195
2014-02-23,Roma,1771.4798584
2014-02-25,Roma,1771.4798584
2014-02-28,Roma,1773.26281738
2014-03-02,Roma,1768.72485352
2014-03-03,Roma,1768.72485352
2014-03-10,Roma,1762.40246582
2014-03-12,Roma,1760.88745117
2014-03-14,Roma,1758.95251465
2014-03-18,Roma,1762.44726562
2014-03-21,Roma,1760.74475098
2014-03-23,Roma,1766.75720215
2014-03-24,Roma,1766.75720215
2014-03-26,Roma,1769.93103027
2014-03-27,Roma,1769.93103027
2014-03-31,Roma,1774.0279541
2014-04-03,Roma,1780.1628418
2014-04-04,Roma,1781.32592773
2014-04-07,Roma,1787.34960938
2014-04-08,Roma,1787.34960938
2014-04-11,Roma,1788.09594727
2014-04-13,Roma,1792.16442871
2014-04-20,Roma,1799.84228516
2014-04-25,Roma,1798.26916504
2014-04-26,Roma,1805.4576416
2014-04-27,Roma,1805.4576416
2014-04-28,Roma,1805.4576416
2014-05-02,Roma,1802.93566895
2014-05-04,Roma,1802.93566895
2014-05-05,Roma,1778.75842285
2014-05-12,Roma,1772.04516602
2014-05-19,Roma,1759.86486816
2014-08-01,Roma,1760.28088379
2014-08-08,Roma,1760.49560547
2014-08-20,Roma,1759.96081543
2014-08-22,Roma,1759.49694824
2014-08-23,Roma,1759.49694824
2014-08-24,Roma,1759.49694824
2014-08-27,Roma,1759.49694824
2014-08-28,Roma,1755.74584961
2014-08-29,Roma,1757.3416748
2014-08-30,Roma,1757.3416748
2014-08-31,Roma,1765.11132812
2014-09-14,Roma,1768.34655762
2014-09-15,Roma,1768.34655762
2014-09-17,Roma,1768.99072266
2014-09-18,Roma,1783.140625
2014-09-19,Roma,1790.02685547
2014-09-22,Roma,1793.28039551
2014-09-25,Roma,1799.05957031
2014-09-28,Roma,1803.0090332
2014-10-01,Roma,1810.15783691
2014-10-02,Roma,1808.18994141
2014-10-03,Roma,1813.30932617
2014-10-06,Roma,1808.99902344
2014-10-19,Roma,1812.36352539
2014-10-22,Roma,1797.91442871
2014-10-23,Roma,1793.74353027
2014-10-24,Roma,1790.12109375
2014-10-26,Roma,1786.49450684
2014-10-27,Roma,1786.49450684
2014-10-30,Roma,1788.46069336
2014-11-02,Roma,1778.39880371
2014-11-05,Roma,1779.359375
2014-11-06,Roma,1776.5357666
2014-11-07,Roma,1771.66442871
2014-11-09,Roma,1771.66442871
2014-11-10,Roma,1777.12670898
2014-11-22,Roma,1777.12670898
2014-11-23,Roma,1781.91479492
2014-11-26,Roma,1782.17907715
2014-11-27,Roma,1783.46057129
2014-11-28,Roma,1786.34216309
2014-12-01,Roma,1791.87316895
2014-12-07,Roma,1785.10192871
2014-12-08,Roma,1785.10192871
2014-12-10,Roma,1784.90319824
2014-12-11,Roma,1773.8996582
2014-12-12,Roma,1772.60949707
2014-12-15,Roma,1778.33007812
2014-12-18,Roma,1778.33007812
2014-12-21,Roma,1774.89282227
2014-12-22,Roma,1774.89282227
2014-12-27,Roma,1774.89282227
2015-01-02,Roma,1774.89282227
2015-01-04,Roma,1774.89282227
2015-01-07,Roma,1780.11218262
2015-01-11,Roma,1780.11218262
2015-01-12,Roma,1775.73095703
2015-01-18,Roma,1772.48999023
2015-01-26,Roma,1772.28125
2015-02-01,Roma,1765.1529541
2015-02-03,Roma,1765.1529541
2015-02-08,Roma,1765.1529541
2015-02-09,Roma,1769.3314209
2015-02-16,Roma,1762.18762207
2015-02-20,Roma,1761.14990234
2015-02-23,Roma,1757.21643066
2015-02-25,Roma,1758.13574219
2015-02-26,Roma,1758.13574219
2015-02-27,Roma,1782.56494141
2015-03-03,Roma,1784.51489258
2015-03-09,Roma,1780.16479492
2015-03-13,Roma,1781.0760498
2015-03-17,Roma,1762.43200684
2015-03-18,Roma,1762.43200684
2015-03-19,Roma,1766.47106934
2015-03-20,Roma,1744.21447754
2015-03-22,Roma,1744.21447754
2015-03-23,Roma,1747.94604492
2015-04-05,Roma,1754.77050781
2015-04-12,Roma,1754.77050781
2015-04-13,Roma,1754.73791504
2015-04-15,Roma,1755.93664551
2015-04-17,Roma,1764.17590332
2015-04-20,Roma,1758.1854248
2015-04-23,Roma,1758.79785156
2015-04-24,Roma,1762.60107422
2015-04-26,Roma,1754.46789551
2015-04-27,Roma,1754.46789551
2015-04-30,Roma,1764.01818848
2015-05-04,Roma,1769.94873047
2015-05-06,Roma,1771.78662109
2015-05-08,Roma,1767.84802246
2015-05-10,Roma,1759.13537598
2015-05-13,Roma,1759.13537598
2015-05-14,Roma,1763.03930664
2015-05-15,Roma,1757.58105469
2015-05-18,Roma,1760.85217285
2015-05-25,Roma,1760.85217285
2015-05-26,Roma,1770.33081055
2015-06-01,Roma,1757.07324219
2015-06-07,Roma,1754.84667969
2015-07-20,Roma,1754.84667969
2015-07-25,Roma,1754.84667969
2015-07-29,Roma,1754.84667969
2015-07-31,Roma,1742.37939453
2015-08-07,Roma,1742.86523438
2015-08-10,Roma,1742.86523438
2015-08-16,Roma,1742.86523438
2015-08-19,Roma,1745.01916504
2015-08-23,Roma,1743.01904297
2015-08-24,Roma,1743.01904297
2015-08-27,Roma,1737.22888184
2015-08-30,Roma,1737.22888184
2015-08-31,Roma,1747.99841309
2015-09-13,Roma,1752.12536621
2015-09-16,Roma,1755.90393066
2015-09-17,Roma,1764.54577637
2015-09-18,Roma,1763.46264648
2015-09-21,Roma,1757.84655762
2015-09-24,Roma,1748.02514648
2015-09-27,Roma,1752.04956055
2015-09-28,Roma,1752.04956055
2015-09-30,Roma,1736.93469238
2015-10-01,Roma,1739.77380371
2015-10-02,Roma,1746.7434082
2015-10-04,Roma,1746.7434082
2015-10-05,Roma,1756.2331543
2015-10-18,Roma,1760.02258301
2015-10-21,Roma,1764.61254883
2015-10-22,Roma,1762.75805664
2015-10-23,Roma,1761.05725098
2015-10-26,Roma,1770.79431152
2015-10-29,Roma,1774.24963379
2015-11-01,Roma,1766.875
2015-11-04,Roma,1766.78515625
2015-11-05,Roma,1775.61791992
2015-11-06,Roma,1780.8963623
2015-11-08,Roma,1780.8963623
2015-11-09,Roma,1787.51977539
2015-11-22,Roma,1782.5057373
2015-11-23,Roma,1782.5057373
2015-11-25,Roma,1778.53625488
2015-11-26,Roma,1780.39501953
2015-11-27,Roma,1783.87084961
2015-11-29,Roma,1783.87084961
2015-11-30,Roma,1763.73815918
2015-12-06,Roma,1763.7824707
2015-12-07,Roma,1763.7824707
2015-12-09,Roma,1760.96105957
2015-12-10,Roma,1752.19458008
2015-12-11,Roma,1753.9552002
2015-12-13,Roma,1753.9552002
2015-12-14,Roma,1758.06237793
2015-12-21,Roma,1762.84655762
2016-01-07,Roma,1761.23291016
2016-01-10,Roma,1757.14697266
2016-01-18,Roma,1750.31884766
2016-01-24,Roma,1750.31884766
2016-01-25,Roma,1747.63183594
2016-01-31,Roma,1749.72351074
2016-02-03,Roma,1760.09179688
2016-02-07,Roma,1760.09179688
2016-02-08,Roma,1762.81884766
2016-02-13,Roma,1768.95629883
2016-02-17,Roma,1768.95629883
2016-02-18,Roma,1765.16223145
2016-02-19,Roma,1762.87658691
2016-02-22,Roma,1768.5255127
2016-02-24,Roma,1767.51135254
2016-02-25,Roma,1767.51135254
2016-02-26,Roma,1763.78295898
2016-02-28,Roma,1772.23950195
2016-03-05,Roma,1781.60314941
2016-03-06,Roma,1781.60314941
2016-03-07,Roma,1781.60314941
2016-03-09,Roma,1780.28808594
2016-03-11,Roma,1781.35107422
2016-03-14,Roma,1786.01989746
2016-03-17,Roma,1783.11291504
2016-03-18,Roma,1776.10559082
2016-03-20,Roma,1772.08666992
2016-03-21,Roma,1772.08666992
2016-04-04,Roma,1785.12792969
2016-04-07,Roma,1785.12792969
2016-04-10,Roma,1785.12792969
2016-04-12,Roma,1777.92956543
2016-04-13,Roma,1777.92956543
2016-04-15,Roma,1777.92956543
2016-04-18,Roma,1774.27355957
2016-04-21,Roma,1777.55957031
2016-04-26,Roma,1784.2076416
2016-05-02,Roma,1784.2076416
2016-05-03,Roma,1789.9473877
2016-05-06,Roma,1789.9473877
2016-05-09,Roma,1794.89794922
2016-05-11,Roma,1794.89794922
2016-05-15,Roma,1804.72558594
2016-05-19,Roma,1804.72558594
2016-07-29,Roma,1805.22094727
2016-08-05,Roma,1808.47509766
2016-08-14,Roma,1808.47509766
2016-08-15,Roma,1808.47509766
2016-08-18,Roma,1811.20654297
2016-08-19,Roma,1813.03723145
2016-08-21,Roma,1816.42541504
2016-08-24,Roma,1779.63696289
2016-08-26,Roma,1779.68310547
2016-08-29,Roma,1775.125
2016-09-12,Roma,1777.57165527
2016-09-14,Roma,1780.67370605
2016-09-15,Roma,1778.89807129
2016-09-16,Roma,1773.65661621
2016-09-19,Roma,1765.6607666
2016-09-22,Roma,1768.4387207
2016-09-26,Roma,1754.15881348
2016-09-28,Roma,1756.64599609
2016-09-29,Roma,1759.67114258
2016-09-30,Roma,1755.84411621
2016-10-02,Roma,1755.84411621
2016-10-03,Roma,1760.00280762
2016-10-16,Roma,1775.71179199
2016-10-17,Roma,1775.71179199
2016-10-19,Roma,1777.30419922
2016-10-20,Roma,1772.72949219
2016-10-21,Roma,1768.72485352
2016-10-23,Roma,1768.72485352
2016-10-24,Roma,1772.34460449
2016-10-27,Roma,1782.88220215
2016-10-30,Roma,1782.88220215
2016-10-31,Roma,1778.59765625
2016-11-02,Roma,1778.50976562
2016-11-03,Roma,1775.95410156
2016-11-04,Roma,1783.40393066
2016-11-06,Roma,1783.40393066
2016-11-07,Roma,1786.85717773
2016-11-19,Roma,1786.85717773
2016-11-21,Roma,1776.69824219
2016-11-23,Roma,1780.75524902
2016-11-24,Roma,1779.27124023
2016-11-25,Roma,1776.28979492
2016-11-28,Roma,1777.50354004
2016-11-29,Roma,1777.50354004
2016-12-03,Roma,1777.50354004
2016-12-04,Roma,1777.50354004
2016-12-05,Roma,1788.87573242
2016-12-07,Roma,1792.79016113
2016-12-08,Roma,1793.37219238
2016-12-09,Roma,1790.03210449
2016-12-10,Roma,1784.07250977
2016-12-11,Roma,1784.07250977
2016-12-12,Roma,1784.07250977
2016-12-13,Roma,1788.26635742
2016-12-15,Roma,1788.26635742
2016-12-18,Roma,1784.80566406
2016-12-19,Roma,1784.80566406
2016-12-23,Roma,1788.64013672
2017-01-09,Roma,1794.19824219
2017-01-16,Roma,1798.72485352
2017-01-23,Roma,1800.30810547
2017-01-30,Roma,1788.46691895
2017-02-08,Roma,1796.52929688
2017-02-13,Roma,1800.16687012
2017-02-16,Roma,1799.37670898
2017-02-17,Roma,1826.92419434
2017-02-20,Roma,1831.05847168
2017-02-22,Roma,1831.05847168
2017-02-23,Roma,1833.59204102
2017-02-24,Roma,1822.21704102
2017-02-26,Roma,1822.21704102
2017-02-27,Roma,1832.37121582
2017-03-05,Roma,1821.52478027
2017-03-06,Roma,1821.52478027
2017-03-08,Roma,1820.52661133
2017-03-10,Roma,1806.22766113
2017-03-13,Roma,1810.67907715
2017-03-15,Roma,1811.22814941
2017-03-16,Roma,1811.22814941
2017-03-17,Roma,1805.88586426
2017-03-18,Roma,1805.88586426
2017-03-20,Roma,1808.79443359
2017-04-02,Roma,1810.60449219
2017-04-10,Roma,1816.93969727
2017-04-11,Roma,1816.93969727
2017-04-12,Roma,1823.25708008
2017-04-16,Roma,1817.98242188
2017-04-20,Roma,1819.84399414
2017-04-24,Roma,1819.84399414
2017-04-25,Roma,1822.90734863
2017-05-01,Roma,1805.42797852
2017-05-04,Roma,1809.11474609
2017-05-08,Roma,1820.71435547
2017-05-10,Roma,1821.34765625
2017-05-11,Roma,1821.34765625
2017-05-15,Roma,1835.77844238
2017-05-21,Roma,1840.59570312
2017-05-22,Roma,1840.59570312
2017-05-29,Roma,1841.96972656
2017-06-04,Roma,1838.82324219
2017-07-28,Roma,1839.59082031
2017-08-04,Roma,1840.27209473
2017-08-16,Roma,1840.27209473
2017-08-17,Roma,1841.86706543
2017-08-18,Roma,1842.79345703
2017-08-21,Roma,1849.2791748
2017-08-23,Roma,1850.6517334
2017-08-24,Roma,1850.6517334
2017-08-25,Roma,1850.76452637
2017-08-27,Roma,1832.33007812
2017-09-13,Roma,1830.47094727
2017-09-14,Roma,1827.56738281
2017-09-15,Roma,1838.75415039
2017-09-17,Roma,1840.79589844
2017-09-18,Roma,1840.79589844
2017-09-21,Roma,1844.8079834
2017-09-24,Roma,1846.86547852
2017-09-27,Roma,1847.38061523
2017-09-28,Roma,1851.74951172
2017-09-29,Roma,1854.43383789
2017-10-02,Roma,1863.13745117
2017-10-15,Roma,1854.81420898
2017-10-18,Roma,1853.07177734
2017-10-19,Roma,1859.98754883
2017-10-20,Roma,1862.83483887
2017-10-23,Roma,1867.48803711
2017-10-26,Roma,1868.56298828
2017-10-29,Roma,1870.18493652
2017-11-01,Roma,1884.55065918
2017-11-02,Roma,1880.06835938
2017-11-03,Roma,1879.3963623
2017-11-06,Roma,1886.06201172
2017-11-19,Roma,1890.17346191
2017-11-22,Roma,1892.0189209
2017-11-23,Roma,1881.69250488
2017-11-24,Roma,1887.25769043
2017-11-27,Roma,1880.56958008
2017-12-02,Roma,1881.99560547
2017-12-06,Roma,1884.60998535
2017-12-07,Roma,1879.86804199
2017-12-08,Roma,1872.29675293
2017-12-11,Roma,1866.62890625
2017-12-17,Roma,1868.00488281
2017-12-24,Roma,1863.14477539
2017-12-31,Roma,1855.82617188
2018-01-07,Roma,1843.44787598
2018-01-15,Roma,1843.44787598
2018-01-22,Roma,1842.4029541
2018-01-25,Roma,1838.29467773
2018-01-29,Roma,1824.43945312
2018-01-31,Roma,1824.43945312
2018-02-04,Roma,1824.43945312
2018-02-05,Roma,1827.00695801
2018-02-11,Roma,1827.00695801
2018-02-12,Roma,1828.53173828
2018-02-14,Roma,1826.67248535
2018-02-16,Roma,1820.36547852
2018-02-18,Roma,1826.17370605
2018-02-22,Roma,1820.62585449
2018-02-23,Roma,1825.59619141
2018-02-26,Roma,1807.92773438
2018-03-04,Roma,1823.88696289
2018-03-08,Roma,1829.04223633
2018-03-09,Roma,1823.7434082
2018-03-10,Roma,1829.2421875
2018-03-14,Roma,1842.6171875
2018-03-16,Roma,1847.10559082
2018-03-19,Roma,1850.72949219
2018-04-01,Roma,1845.20727539
2018-04-04,Roma,1839.63415527
2018-04-05,Roma,1833.54418945
2018-04-06,Roma,1836.66369629
2018-04-08,Roma,1818.46630859
2018-04-11,Roma,1845.1262207
2018-04-12,Roma,1847.51147461
2018-04-13,Roma,1840.59338379
2018-04-16,Roma,1839.7244873
2018-04-19,Roma,1841.78747559
2018-04-22,Roma,1846.5526123
2018-04-25,Roma,1833.81750488
2018-04-29,Roma,1836.62219238
2018-04-30,Roma,1836.62219238
2018-05-03,Roma,1840.4375
2018-05-07,Roma,1843.0222168
2018-05-14,Roma,1844.73815918
2018-05-21,Roma,1848.39782715
2018-07-27,Roma,1847.22851562
2018-08-03,Roma,1848.68286133
2018-08-10,Roma,1849.11096191
2018-08-17,Roma,1849.18286133
2018-08-19,Roma,1849.18286133
2018-08-20,Roma,1854.38208008
2018-08-24,Roma,1853.02954102
2018-08-28,Roma,1848.2734375
2018-08-31,Roma,1846.87145996
2018-09-01,Roma,1837.06384277
2018-09-17,Roma,1829.35681152
2018-09-19,Roma,1832.13232422
2018-09-20,Roma,1830.40698242
2018-09-21,Roma,1831.52246094
2018-09-24,Roma,1811.92675781
2018-09-27,Roma,1814.32836914
2018-09-30,Roma,1821.5423584
2018-10-03,Roma,1826.95617676
2018-10-04,Roma,1832.77575684
2018-10-05,Roma,1829.29931641
2018-10-07,Roma,1834.60107422
2018-10-08,Roma,1834.60107422
2018-10-21,Roma,1812.69152832
2018-10-24,Roma,1824.17297363
2018-10-25,Roma,1824.51477051
2018-10-26,Roma,1824.97106934
2018-10-29,Roma,1828.40344238
2018-11-04,Roma,1826.81298828
2018-11-07,Roma,1827.22229004
2018-11-08,Roma,1832.12719727
2018-11-09,Roma,1833.95202637
2018-11-12,Roma,1838.33984375
2018-11-25,Roma,1825.13452148
2018-11-28,Roma,1812.26086426
2018-11-29,Roma,1812.20166016
2018-11-30,Roma,1806.74633789
2018-12-03,Roma,1804.30981445
2018-12-09,Roma,1799.96008301
2018-12-12,Roma,1796.86425781
2018-12-13,Roma,1776.89257812
2018-12-14,Roma,1769.13708496
2018-12-17,Roma,1771.2175293
2018-12-23,Roma,1768.67834473
2018-12-27,Roma,1772.94885254
2018-12-30,Roma,1778.48010254
2019-01-13,Roma,1778.48010254
2019-01-20,Roma,1782.54174805
2019-01-21,Roma,1782.54174805
2019-01-28,Roma,1782.72473145
2019-02-04,Roma,1778.90209961
2019-02-09,Roma,1784.47949219
2019-02-13,Roma,1789.62426758
2019-02-15,Roma,1788.78735352
2019-02-18,Roma,1788.78735352
2019-02-19,Roma,1790.48632812
2019-02-21,Roma,1784.33312988
2019-02-22,Roma,1785.6940918
2019-02-24,Roma,1788.51159668
2019-02-25,Roma,1788.51159668
2019-03-03,Roma,1772.86401367
2019-03-07,Roma,1754.87365723
2019-03-08,Roma,1759.71057129
2019-03-11,Roma,1759.71057129
2019-03-12,Roma,1761.70092773
2019-03-13,Roma,1769.27490234
2019-03-15,Roma,1763.85620117
2019-03-17,Roma,1751.33093262
2019-03-31,Roma,1751.33093262
2019-04-01,Roma,1738.78430176
2019-04-04,Roma,1734.94104004
2019-04-07,Roma,1742.16027832
2019-04-08,Roma,1742.16027832
2019-04-11,Roma,1742.39355469
2019-04-12,Roma,1739.47973633
2019-04-14,Roma,1742.03161621
2019-04-17,Roma,1735.46789551
2019-04-19,Roma,1733.60449219
2019-04-21,Roma,1735.85400391
2019-04-25,Roma,1735.85400391
2019-04-26,Roma,1735.85400391
2019-04-27,Roma,1735.85400391
2019-04-28,Roma,1740.51733398
2019-05-02,Roma,1740.51733398
2019-05-06,Roma,1736.78674316
2019-05-08,Roma,1736.78674316
2019-05-09,Roma,1736.78674316
2019-05-13,Roma,1752.06860352
2019-05-19,Roma,1748.85021973
2019-05-27,Roma,1750.7598877
2019-07-26,Roma,1751.19946289
2019-08-02,Roma,1751.41772461
2019-08-09,Roma,1753.00036621
2019-08-16,Roma,1753.05529785
2019-08-19,Roma,1753.05529785
2019-08-23,Roma,1749.77722168
2019-08-25,Roma,1749.77722168
2019-08-26,Roma,1743.06921387
2019-08-28,Roma,1743.06921387
2019-08-30,Roma,1741.75830078
2019-08-31,Roma,1741.75830078
2019-09-02,Roma,1741.82824707
2019-09-15,Roma,1741.82824707
2019-09-16,Roma,1745.8326416
2019-09-18,Roma,1750.4005127
2019-09-19,Roma,1745.72338867
2019-09-20,Roma,1749.42260742
2019-09-22,Roma,1749.42260742
2019-09-23,Roma,1754.83459473
2019-09-26,Roma,1739.99328613
2019-09-28,Roma,1739.99328613
2019-09-29,Roma,1739.99328613
2019-09-30,Roma,1743.21154785
2019-10-02,Roma,1741.89111328
2019-10-03,Roma,1740.1262207
2019-10-04,Roma,1737.99572754
2019-10-07,Roma,1731.78320312
2019-10-21,Roma,1728.60437012
2019-10-23,Roma,1728.28662109
2019-10-24,Roma,1735.43823242
2019-10-25,Roma,1728.26477051
2019-10-27,Roma,1728.26477051
2019-10-28,Roma,1733.33435059
2019-10-31,Roma,1743.4005127
2019-11-03,Roma,1751.46691895
2019-11-04,Roma,1751.46691895
2019-11-06,Roma,1748.83532715
2019-11-07,Roma,1752.0715332
2019-11-08,Roma,1739.11254883
2019-11-10,Roma,1739.11254883
2019-11-11,Roma,1722.25390625
2019-11-24,Roma,1722.25390625
2019-11-25,Roma,1725.08776855
2019-11-27,Roma,1729.88977051
2019-11-28,Roma,1736.13232422
2019-11-29,Roma,1751.51843262
2019-12-01,Roma,1751.51843262
2019-12-02,Roma,1756.52697754
2019-12-05,Roma,1756.52697754
2019-12-07,Roma,1759.68945312
2019-12-11,Roma,1759.43481445
2019-12-12,Roma,1768.79467773
2019-12-13,Roma,1754.62072754
2019-12-16,Roma,1757.42163086
2019-12-21,Roma,1766.87390137
2019-12-23,Roma,1766.87390137
2019-12-28,Roma,1766.87390137
2020-01-02,Roma,1766.87390137
2020-01-06,Roma,1749.29333496
2020-01-13,Roma,1743.80541992
2020-01-19,Roma,1743.80541992
2020-01-20,Roma,1749.54772949
2020-01-27,Roma,1747.54016113
2020-02-02,Roma,1732.37158203
2020-02-08,Roma,1719.73876953
2020-02-09,Roma,1719.73876953
2020-02-16,Roma,1714.61547852
2020-02-19,Roma,1714.61547852
2020-02-20,Roma,1719.92932129
2020-02-21,Roma,1726.45092773
2020-02-24,Roma,1731.43017578
2020-02-25,Roma,1731.43017578
2020-02-26,Roma,1731.49304199
2020-02-27,Roma,1729.10180664
2020-02-28,Roma,1734.31164551
2020-02-29,Roma,1734.31164551
2020-03-02,Roma,1739.82763672
2020-03-03,Roma,1739.82763672
2020-03-11,Roma,1741.62268066
2020-06-11,Roma,1741.62268066
2020-06-15,Roma,1741.62268066
2020-06-18,Roma,1741.62268066
2020-06-21,Roma,1741.62268066
2020-06-24,Roma,1741.62268066
2020-06-25,Roma,1744.84472656
2020-06-28,Roma,1744.84472656
2020-06-29,Roma,1733.12219238
2020-06-30,Roma,1733.12219238
2020-07-03,Roma,1714.29260254
2020-07-05,Roma,1714.29260254
2020-07-06,Roma,1708.86865234
2020-07-08,Roma,1708.86865234
2020-07-09,Roma,1712.66137695
2020-07-12,Roma,1718.78674316
2020-07-16,Roma,1722.06665039
2020-07-17,Roma,1722.06665039
2020-07-20,Roma,1722.69177246
2020-07-21,Roma,1722.69177246
2020-07-23,Roma,1730.08508301
2020-07-27,Roma,1734.47143555
2020-07-30,Roma,1739.94055176
2020-08-02,Roma,1757.25598145
2020-08-06,Roma,1760.54760742
2020-08-07,Roma,1748.41174316
2020-08-08,Roma,1745.96972656
2020-08-09,Roma,1744.28662109
2020-08-11,Roma,1746.90332031
2020-08-13,Roma,1744.78417969
2020-08-14,Roma,1744.78417969
2020-08-18,Roma,1750.32385254
2020-08-22,Roma,1747.38171387
2020-09-18,Roma,1747.67858887
2020-09-20,Roma,1743.58398438
2020-09-21,Roma,1743.58398438
2020-09-25,Roma,1744.23144531
2020-09-27,Roma,1744.23144531
2020-09-28,Roma,1745.71179199
2020-10-02,Roma,1743.9642334
2020-10-04,Roma,1748.73034668
2020-10-18,Roma,1748.73034668
2020-10-19,Roma,1753.72436523
2020-10-21,Roma,1761.15917969
2020-10-22,Roma,1762.41772461
2020-10-23,Roma,1768.69445801
2020-10-27,Roma,1770.94287109
2020-10-28,Roma,1769.703125
2020-10-29,Roma,1766.08532715
2020-10-30,Roma,1760.01318359
2020-11-02,Roma,1765.78564453
2020-11-04,Roma,1760.25561523
2020-11-05,Roma,1762.32348633
2020-11-06,Roma,1765.47412109
2020-11-07,Roma,1765.47412109
2020-11-09,Roma,1770.80041504
2020-11-22,Roma,1770.80041504
2020-11-23,Roma,1775.37109375
2020-11-25,Roma,1778.51025391
2020-11-26,Roma,1781.86303711
2020-11-27,Roma,1790.85400391
2020-11-30,Roma,1775.58007812
2020-12-02,Roma,1776.39074707
2020-12-03,Roma,1779.43225098
2020-12-04,Roma,1786.74804688
2020-12-06,Roma,1786.74804688
2020-12-07,Roma,1782.79101562
2020-12-09,Roma,1788.04418945
2020-12-10,Roma,1789.47460938
2020-12-11,Roma,1762.94592285
2020-12-14,Roma,1772.37634277
2020-12-18,Roma,1776.29797363
2020-12-20,Roma,1776.29797363
2020-12-21,Roma,1766.25146484
2020-12-24,Roma,1769.56982422
2020-12-27,Roma,1769.56982422
2021-01-02,Roma,1769.56982422
2021-01-03,Roma,1769.56982422
2021-01-04,Roma,1773.10437012
2021-01-05,Roma,1773.10437012
2021-01-07,Roma,1776.98388672
2021-01-11,Roma,1778.3170166
2021-01-16,Roma,1764.30749512
2021-01-20,Roma,1764.30749512
2021-01-24,Roma,1766.42895508
2021-01-25,Roma,1766.42895508
2021-01-31,Roma,1766.42895508
2021-02-01,Roma,1771.69714355
2021-02-07,Roma,1765.06420898
2021-02-15,Roma,1771.46606445
2021-02-18,Roma,1769.52856445
2021-02-19,Roma,1776.88012695
2021-02-22,Roma,1772.00146484
2021-02-24,Roma,1770.86328125
2021-02-25,Roma,1768.9798584
2021-02-26,Roma,1775.90258789
2021-03-01,Roma,1767.15515137
2021-03-03,Roma,1767.15515137
2021-03-04,Roma,1772.25354004
2021-03-06,Roma,1772.25354004
2021-03-08,Roma,1775.41430664
2021-03-09,Roma,1775.41430664
2021-03-10,Roma,1774.03845215
2021-03-12,Roma,1794.66687012
2021-03-15,Roma,1775.36755371
2021-03-17,Roma,1772.91918945
2021-03-18,Roma,1772.90783691
2021-03-19,Roma,1776.53735352
2021-03-21,Roma,1776.53735352
2021-03-22,Roma,1763.36486816
2021-04-04,Roma,1760.86657715
2021-04-06,Roma,1760.86657715
2021-04-09,Roma,1773.65490723
2021-04-12,Roma,1777.23425293
2021-04-16,Roma,1781.25244141
2021-04-18,Roma,1781.25244141
2021-04-19,Roma,1764.97302246
2021-04-23,Roma,1766.09729004
2021-04-26,Roma,1754.04431152
2021-04-27,Roma,1754.04431152
2021-04-30,Roma,1745.43798828
2021-05-03,Roma,1731.30603027
2021-05-04,Roma,1731.30603027
2021-05-07,Roma,1733.14160156
2021-05-10,Roma,1737.35583496
2021-05-11,Roma,1737.35583496
2021-05-13,Roma,1732.61682129
2021-05-14,Roma,1732.61682129
2021-05-16,Roma,1743.15429688
2021-05-17,Roma,1743.15429688
2021-05-23,Roma,1743.15429688
2021-05-24,Roma,1738.81799316
2021-05-27,Roma,1738.81799316
2021-07-30,Roma,1738.81799316
2021-08-02,Roma,1738.81799316
2021-08-08,Roma,1738.81799316
2021-08-15,Roma,1738.81799316
2021-08-20,Roma,1741.82531738
2021-08-22,Roma,1741.82531738
2021-08-23,Roma,1747.91540527
2021-08-27,Roma,1752.15258789
2021-08-29,Roma,1752.15258789
2021-08-30,Roma,1758.09936523
2021-09-12,Roma,1758.09936523
2021-09-13,Roma,1763.52514648
2021-09-15,Roma,1766.81933594
2021-09-16,Roma,1762.3572998
2021-09-17,Roma,1764.09631348
2021-09-20,Roma,1752.10754395
2021-09-24,Roma,1755.78662109
2021-09-26,Roma,1755.78662109
2021-09-27,Roma,1747.88146973
2021-09-29,Roma,1743.39562988
2021-09-30,Roma,1747.94812012
2021-10-01,Roma,1753.56860352
2021-10-03,Roma,1753.56860352
2021-10-04,Roma,1757.47253418
2021-10-17,Roma,1757.47253418
2021-10-18,Roma,1752.57800293
2021-10-20,Roma,1750.65112305
2021-10-21,Roma,1750.94165039
2021-10-22,Roma,1716.85717773
2021-10-24,Roma,1716.85717773
2021-10-25,Roma,1718.44274902
2021-10-28,Roma,1723.26159668
2021-10-30,Roma,1723.26159668
2021-10-31,Roma,1723.26159668
2021-11-01,Roma,1716.50219727
2021-11-03,Roma,1718.26293945
2021-11-04,Roma,1718.47717285
2021-11-05,Roma,1713.53063965
2021-11-08,Roma,1700.76147461
2021-11-21,Roma,1700.76147461
2021-11-22,Roma,1708.60070801
2021-11-24,Roma,1705.20263672
2021-11-25,Roma,1705.56018066
2021-11-26,Roma,1715.82202148
2021-11-29,Roma,1719.95251465
2021-12-02,Roma,1710.203125
2021-12-05,Roma,1702.30615234
2021-12-06,Roma,1702.30615234
2021-12-08,Roma,1698.26660156
2021-12-09,Roma,1698.82580566
2021-12-10,Roma,1699.79785156
2021-12-12,Roma,1699.79785156
2021-12-14,Roma,1703.86157227
2021-12-19,Roma,1723.97167969
2021-12-23,Roma,1719.67785645
2021-12-29,Roma,1719.67785645
2022-01-01,Roma,1719.67785645
2022-01-02,Roma,1719.67785645
2022-01-07,Roma,1712.13195801
2022-01-10,Roma,1706.28161621
2022-01-16,Roma,1706.28161621
2022-01-17,Roma,1709.7635498
2022-01-20,Roma,1709.7635498
2022-01-23,Roma,1709.7635498
2022-01-24,Roma,1716.47644043
2022-02-06,Roma,1710.88879395
2022-02-14,Roma,1709.49609375
2022-02-17,Roma,1707.26147461
2022-02-18,Roma,1708.16381836
2022-02-20,Roma,1705.14050293
2022-02-21,Roma,1705.14050293
2022-02-23,Roma,1705.76489258
2022-02-25,Roma,1703.15612793
2022-02-26,Roma,1703.15612793
2022-02-27,Roma,1703.15612793
2022-02-28,Roma,1707.42321777
2022-03-02,Roma,1707.42321777
2022-03-06,Roma,1716.56359863
2022-03-07,Roma,1716.56359863
2022-03-09,Roma,1717.23608398
2022-03-10,Roma,1717.23608398
2022-03-11,Roma,1722.81555176
2022-03-13,Roma,1722.81555176
2022-03-14,Roma,1720.18347168
2022-03-17,Roma,1713.41760254
2022-03-18,Roma,1718.09179688
2022-03-20,Roma,1718.09179688
2022-03-21,Roma,1729.84729004
2022-04-04,Roma,1735.09277344
2022-04-07,Roma,1735.09277344
2022-04-08,Roma,1729.95019531
2022-04-10,Roma,1729.95019531
2022-04-11,Roma,1731.73913574
2022-04-15,Roma,1748.04943848
2022-04-19,Roma,1750.31359863
2022-04-22,Roma,1750.31359863
2022-04-24,Roma,1743.83666992
2022-04-29,Roma,1746.96789551
2022-05-02,Roma,1742.04162598
2022-05-03,Roma,1742.04162598
2022-05-04,Roma,1742.04162598
2022-05-05,Roma,1742.04162598
2022-05-06,Roma,1754.38439941
2022-05-09,Roma,1754.38439941
2022-05-10,Roma,1740.27880859
2022-05-11,Roma,1740.27880859
2022-05-12,Roma,1740.27880859
2022-05-15,Roma,1732.94592285
2022-05-16,Roma,1732.94592285
2022-05-21,Roma,1744.40942383
2022-05-23,Roma,1744.40942383
2022-05-26,Roma,1754.90844727
2022-08-05,Roma,1754.90844727
2022-08-07,Roma,1754.90844727
2022-08-15,Roma,1758.00158691
2022-08-19,Roma,1759.10839844
2022-08-21,Roma,1759.10839844
2022-08-22,Roma,1759.10839844
2022-08-23,Roma,1760.93859863
2022-08-26,Roma,1762.72973633
2022-08-28,Roma,1764.68505859
2022-08-29,Roma,1764.68505859
2022-08-31,Roma,1768.26257324
2022-09-01,Roma,1768.26257324
2022-09-04,Roma,1768.26257324
2022-09-05,Roma,1747.82629395
2022-09-07,Roma,1746.01098633
2022-09-08,Roma,1749.53210449
2022-09-09,Roma,1733.42175293
2022-09-12,Roma,1733.42175293
2022-09-13,Roma,1737.95275879
2022-09-14,Roma,1740.04394531
2022-09-15,Roma,1742.09667969
2022-09-16,Roma,1730.39941406
2022-09-18,Roma,1730.39941406
2022-09-19,Roma,1721.48522949
2022-10-02,Roma,1733.29577637
2022-10-03,Roma,1733.29577637
2022-10-05,Roma,1744.17114258
2022-10-06,Roma,1742.00830078
2022-10-07,Roma,1731.21020508
2022-10-09,Roma,1731.21020508
2022-10-10,Roma,1733.96008301
2022-10-11,Roma,1733.96008301
2022-10-12,Roma,1724.45117188
2022-10-13,Roma,1728.33837891
2022-10-14,Roma,1732.04406738
2022-10-16,Roma,1732.04406738
2022-10-18,Roma,1736.16992188
2022-10-21,Roma,1736.16992188
2022-10-22,Roma,1736.16992188
2022-10-24,Roma,1730.73876953
2022-10-26,Roma,1733.1192627
2022-10-27,Roma,1735.85583496
2022-10-28,Roma,1740.63781738
2022-10-30,Roma,1740.63781738
2022-11-01,Roma,1747.92956543
2022-11-02,Roma,1744.29077148
2022-11-03,Roma,1745.24682617
2022-11-04,Roma,1748.28771973
2022-11-07,Roma,1738.7557373
2022-11-10,Roma,1737.06298828
2022-11-13,Roma,1737.06298828
2022-11-14,Roma,1733.00036621
2022-12-30,Roma,1733.00036621
2023-01-02,Roma,1733.00036621
2023-01-05,Roma,1737.1739502
2023-01-09,Roma,1741.05310059
2023-01-15,Roma,1741.05310059
2023-01-16,Roma,1748.00317383
2023-01-22,Roma,1748.00317383
2023-01-23,Roma,1753.61218262
2023-01-25,Roma,1753.61218262
2023-01-29,Roma,1753.61218262
2023-01-30,Roma,1750.03149414
2023-02-02,Roma,1750.03149414
2023-02-04,Roma,1750.03149414
2023-02-05,Roma,1755.05163574
2023-02-06,Roma,1755.05163574
2023-02-12,Roma,1750.59973145
2023-02-13,Roma,1750.59973145
2023-02-15,Roma,1752.06958008
2023-02-17,Roma,1752.99414062
2023-02-20,Roma,1756.45446777
2023-02-22,Roma,1758.4083252
2023-02-23,Roma,1759.7557373
2023-02-24,Roma,1784.19848633
2023-02-26,Roma,1784.19848633
2023-03-01,Roma,1769.92419434
2023-03-06,Roma,1777.90527344
2023-03-08,Roma,1774.95080566
2023-03-09,Roma,1777.5546875
2023-03-10,Roma,1790.87207031
2023-03-12,Roma,1790.87207031
2023-03-13,Roma,1778.5625
2023-03-15,Roma,1780.51123047
2023-03-16,Roma,1781.68945312
2023-03-17,Roma,1789.5645752
2023-03-20,Roma,1781.3770752
2023-04-02,Roma,1781.3770752
2023-04-03,Roma,1785.39758301
2023-04-09,Roma,1791.50390625
2023-04-12,Roma,1795.40270996
2023-04-14,Roma,1792.82067871
2023-04-17,Roma,1800.48376465
2023-04-20,Roma,1801.32946777
2023-04-21,Roma,1826.03637695
2023-04-23,Roma,1826.03637695
2023-04-24,Roma,1826.03637695
2023-04-25,Roma,1813.31750488
2023-04-26,Roma,1813.31750488
2023-04-27,Roma,1813.31750488
2023-04-30,Roma,1813.34387207
2023-05-01,Roma,1813.34387207
2023-05-04,Roma,1809.88171387
2023-05-07,Roma,1798.67980957
2023-05-12,Roma,1799.96777344
2023-05-15,Roma,1797.8560791
2023-05-19,Roma,1806.08776855
2023-05-21,Roma,1806.08776855
2023-05-23,Roma,1800.05615234
2023-05-28,Roma,1791.73510742
2023-06-01,Roma,1791.04431152
2023-06-05,Roma,1793.32580566
2023-06-08,Roma,1790.84387207
2023-06-11,Roma,1789.65930176
2023-08-14,Roma,1789.65930176
2023-08-21,Roma,1783.88439941
2023-08-25,Roma,1782.61975098
2023-08-26,Roma,1782.61975098
2023-08-27,Roma,1771.34436035
2023-08-31,Roma,1771.34436035
2023-09-01,Roma,1773.17712402
2023-09-02,Roma,1765.66784668
2023-09-03,Roma,1765.66784668
2023-09-04,Roma,1765.66784668
2023-09-17,Roma,1765.66784668
2023-09-18,Roma,1774.48425293
2023-09-20,Roma,1774.07373047
2023-09-21,Roma,1774.94628906
2023-09-22,Roma,1780.23693848
2023-09-25,Roma,1779.37768555
2023-09-29,Roma,1759.21765137
2023-10-02,Roma,1764.61767578
2023-10-03,Roma,1764.61767578
2023-10-04,Roma,1762.65795898
2023-10-05,Roma,1765.49182129
2023-10-06,Roma,1769.02099609
2023-10-09,Roma,1776.33190918
2023-10-22,Roma,1776.33190918
2023-10-23,Roma,1781.0177002
2023-10-25,Roma,1783.25939941
2023-10-26,Roma,1776.41113281
2023-10-27,Roma,1782.58532715
2023-10-29,Roma,1782.58532715
2023-10-30,Roma,1778.40637207
2023-10-31,Roma,1778.40637207
2023-11-06,Roma,1781.78405762
2023-11-07,Roma,1781.78405762
2023-11-08,Roma,1785.90612793
2023-11-09,Roma,1785.06762695
2023-11-10,Roma,1768.44042969
2023-11-13,Roma,1769.73522949
2023-11-26,Roma,1769.73522949
2023-11-27,Roma,1775.72753906
2023-11-29,Roma,1772.88024902
2023-11-30,Roma,1770.52185059
2023-12-01,Roma,1764.16540527
2023-12-04,Roma,1769.95812988
2023-12-11,Roma,1768.10144043
2023-12-13,Roma,1767.85766602
2023-12-14,Roma,1769.78979492
2023-12-15,Roma,1773.80883789
2023-12-17,Roma,1773.80883789
2023-12-18,Roma,1762.54846191
2023-12-21,Roma,1762.54846191
2023-12-24,Roma,1775.39428711
2023-12-31,Roma,1770.12512207
2024-01-01,Roma,1770.12512207
2024-01-05,Roma,1770.12512207
2024-01-08,Roma,1768.60168457
2024-01-15,Roma,1761.19116211
2024-01-21,Roma,1764.31335449
2024-01-30,Roma,1768.77600098
2024-02-05,Roma,1768.77600098
2024-02-06,Roma,1773.8717041
2024-02-11,Roma,1766.66760254
2024-02-13,Roma,1766.66760254
2024-02-15,Roma,1768.00817871
2024-02-16,Roma,1772.8885498
2024-02-18,Roma,1772.8885498
2024-02-19,Roma,1781.13916016
2024-02-21,Roma,1781.81396484
2024-02-22,Roma,1781.19287109
2024-02-23,Roma,1776.15539551
2024-02-27,Roma,1781.33483887
2024-03-03,Roma,1793.11230469
2024-03-06,Roma,1789.92651367
2024-03-07,Roma,1790.61669922
2024-03-08,Roma,1812.61608887
2024-03-11,Roma,1812.11279297
2024-03-13,Roma,1808.93395996
2024-03-14,Roma,1806.60131836
2024-03-15,Roma,1812.98242188
2024-03-18,Roma,1815.5291748
2024-03-31,Roma,1815.5291748
2024-04-02,Roma,1810.68493652
2024-04-05,Roma,1810.68493652
2024-04-07,Roma,1816.45080566
2024-04-12,Roma,1832.7545166
2024-04-14,Roma,1832.7545166
2024-04-15,Roma,1837.28076172
2024-04-16,Roma,1837.28076172
2024-04-17,Roma,1837.28076172
2024-04-19,Roma,1846.69177246
2024-04-21,Roma,1846.69177246
2024-04-23,Roma,1831.41442871
2024-04-29,Roma,1831.40063477
2024-05-03,Roma,1822.36657715
2024-05-05,Roma,1822.36657715
2024-05-06,Roma,1821.15319824
2024-05-09,Roma,1823.09313965
2024-05-10,Roma,1824.70581055
2024-05-13,Roma,1818.68054199
2024-05-20,Roma,1822.61108398
2024-05-23,Roma,1828.01477051
2024-05-26,Roma,1828.01477051
2024-05-27,Roma,1815.86096191
2024-05-30,Roma,1812.41601562
2024-08-16,Roma,1812.41601562
2024-08-19,Roma,1808.13769531
2024-08-23,Roma,1807.47668457
2024-08-25,Roma,1807.47668457
2024-08-26,Roma,1794.08825684
2024-08-30,Roma,1790.66516113
2024-09-01,Roma,1790.66516113
2024-09-02,Roma,1793.26733398
2024-09-15,Roma,1793.26733398
2024-09-16,Roma,1791.74523926
2024-09-18,Roma,1790.43005371
2024-09-19,Roma,1789.95959473
2024-09-20,Roma,1790.03137207
2024-09-22,Roma,1790.03137207
2024-09-23,Roma,1797.72338867
2024-09-26,Roma,1800.41357422
2024-09-27,Roma,1796.20275879
2024-09-29,Roma,1796.20275879
2024-09-30,Roma,1798.64892578
2024-10-02,Roma,1798.05444336
2024-10-03,Roma,1802.22619629
2024-10-04,Roma,1787.15551758
2024-10-07,Roma,1784.64147949
2024-10-21,Roma,1779.87805176
2024-10-23,Roma,1775.61962891
2024-10-24,Roma,1773.91320801
2024-10-25,Roma,1780.37097168
2024-10-28,Roma,1766.19030762
2024-10-31,Roma,1766.19030762
2024-11-01,Roma,1772.50878906
2024-11-04,Roma,1761.47277832
2024-11-06,Roma,1764.72509766
2024-11-07,Roma,1769.9375
2024-11-08,Roma,1763.91943359
2024-11-10,Roma,1763.91943359
2024-11-11,Roma,1754.34143066
2024-11-24,Roma,1754.34143066
2024-11-25,Roma,1748.70288086
2024-11-27,Roma,1751.32543945
2024-11-28,Roma,1748.67016602
2024-11-29,Roma,1752.42272949
2024-12-02,Roma,1752.42272949
2024-12-03,Roma,1745.26599121
2024-12-06,Roma,1745.26599121
2024-12-08,Roma,1752.33398438
2024-12-09,Roma,1752.33398438
2024-12-11,Roma,1746.90966797
2024-12-12,Roma,1752.8013916
2024-12-13,Roma,1764.13378906
2024-12-15,Roma,1764.13378906
2024-12-16,Roma,1746.79272461
2024-12-20,Roma,1745.78613281
2024-12-22,Roma,1745.78613281
2024-12-23,Roma,1754.20727539
2024-12-30,Roma,1757.65783691
2024-12-31,Roma,1757.65783691
2025-01-01,Roma,1757.65783691
2025-01-05,Roma,1757.65783691
2025-01-06,Roma,1770.48669434
2025-01-07,Roma,1770.48669434
2025-01-11,Roma,1770.48669434
2025-01-12,Roma,1770.48669434
2025-01-13,Roma,1771.51184082
2025-01-14,Roma,1771.51184082
2025-01-16,Roma,1771.51184082
2025-01-18,Roma,1778.86132812
2025-01-19,Roma,1778.86132812
2025-01-20,Roma,1778.86132812
2025-01-22,Roma,1781.15710449
2025-01-23,Roma,1782.91357422
2025-01-24,Roma,1772.04858398
2025-01-26,Roma,1772.04858398
2025-01-27,Roma,1778.35620117
2025-01-30,Roma,1771.28015137
2025-01-31,Roma,1775.73596191
2025-02-02,Roma,1775.73596191
2025-02-03,Roma,1777.18554688
2025-02-07,Roma,1777.18554688
2025-02-09,Roma,1777.18554688
2025-02-10,Roma,1781.06762695
2025-02-12,Roma,1781.73986816
2025-02-13,Roma,1779.60021973
2025-02-14,Roma,1782.31542969
2025-02-15,Roma,1782.31542969
2025-02-17,Roma,1786.27575684
2025-02-19,Roma,1775.53637695
2025-02-20,Roma,1771.32165527
2025-02-21,Roma,1779.54077148
2025-02-23,Roma,1779.54077148
2025-02-24,Roma,1779.54077148
2025-02-25,Roma,1785.28161621
2025-02-28,Roma,1785.28161621
2025-03-03,Roma,1788.39123535
2025-03-05,Roma,1788.39123535
2025-03-06,Roma,1789.57214355
2025-03-07,Roma,1794.01928711
2025-03-09,Roma,1794.01928711
2025-03-10,Roma,1798.37792969
2025-03-12,Roma,1798.83044434
2025-03-13,Roma,1798.83044434
2025-03-14,Roma,1783.35437012
2025-03-16,Roma,1783.35437012
2025-03-17,Roma,1786.45495605
2025-03-30,Roma,1790.67956543
2025-04-02,Roma,1790.67956543
2025-04-03,Roma,1790.67956543
2025-04-04,Roma,1790.67956543
2025-04-06,Roma,1790.67956543
2025-04-07,Roma,1789.92907715
2025-04-09,Roma,1792.04321289
2025-04-11,Roma,1789.26269531
2025-04-14,Roma,1790.05993652
2025-04-15,Roma,1790.05993652
2025-04-17,Roma,1790.38049316
2025-04-18,Roma,1791.52490234
2025-04-20,Roma,1794.62646484
2025-04-22,Roma,1794.62646484
2025-04-28,Roma,1807.75854492
2025-05-01,Roma,1808.56921387
2025-05-02,Roma,1807.54223633
2025-05-04,Roma,1807.54223633
2025-05-05,Roma,1813.70739746
2025-05-07,Roma,1815.98400879
2025-05-09,Roma,1813.85095215
2025-05-11,Roma,1813.85095215
2025-05-12,Roma,1813.85095215
2025-05-13,Roma,1807.86706543
2025-05-19,Roma,1817.3572998
2025-05-26,Roma,1825.97888184
2025-05-29,Roma,1825.97888184
2025-06-01,Roma,1820.47521973
2025-08-22,Roma,1820.65856934
2025-08-24,Roma,1826.05249023
2025-08-29,Roma,1826.17407227
2025-08-31,Roma,1828.97351074
2025-09-15,Roma,1815.74206543
2025-09-17,Roma,1814.9342041
2025-09-18,Roma,1814.95568848
2025-09-19,Roma,1813.23474121
2025-09-22,Roma,1820.70007324
2025-09-25,Roma,1829.32214355
2025-09-26,Roma,1828.11401367
2025-09-28,Roma,1828.11401367
2025-09-29,Roma,1831.58239746
2025-10-01,Roma,1833.78845215
2025-10-02,Roma,1835.88085938
2025-10-03,Roma,1819.60583496
2025-10-06,Roma,1826.38391113
2025-10-19,Roma,1819.80639648
2025-10-22,Roma,1818.28918457
2025-10-23,Roma,1815.43896484
2025-10-24,Roma,1797.48840332
2025-10-25,Roma,1797.48840332
2025-10-27,Roma,1802.00805664
2025-10-30,Roma,1804.70092773
2025-11-02,Roma,1804.70092773
2025-11-03,Roma,1797.52587891
2025-11-05,Roma,1795.40649414
2025-11-06,Roma,1798.30859375
2025-11-07,Roma,1801.03637695
2025-11-10,Roma,1805.46777344
2025-11-24,Roma,1810.75622559
2025-11-25,Roma,1810.75622559
2025-11-26,Roma,1813.57116699
2025-11-27,Roma,1816.73864746
2025-11-28,Roma,1817.35986328
2025-12-01,Roma,1808.10949707
2025-12-07,Roma,1808.10949707
2025-12-08,Roma,1795.5859375
2025-12-10,Roma,1794.96350098
2025-12-11,Roma,1792.64550781
2025-12-12,Roma,1808.26367188
2025-12-16,Roma,1812.84594727
2025-12-19,Roma,1809.43664551
2025-12-21,Roma,1802.12646484
2025-12-30,Roma,1806.66320801
2025-12-31,Roma,1806.66320801
2026-01-01,Roma,1806.66320801
2026-01-02,Roma,1806.66320801
2026-01-04,Roma,1799.29650879
2026-01-07,Roma,1804.98413086
2026-01-08,Roma,1804.98413086
2026-01-11,Roma,1809.36682129
2026-01-18,Roma,1809.36682129
2026-01-19,Roma,1816.80065918
2026-01-21,Roma,1812.48571777
2026-01-22,Roma,1811.15930176
2026-01-23,Roma,1817.51159668
2026-01-26,Roma,1816.51538086
2026-01-29,Roma,1814.87841797
2026-01-30,Roma,1810.52856445
2026-02-01,Roma,1810.52856445
2026-02-03,Roma,1798.59228516
2026-02-08,Roma,1798.59228516
2026-02-09,Roma,1798.59228516
2026-02-10,Roma,1803.15795898
2026-02-12,Roma,1803.15795898
2026-02-16,Roma,1804.35327148
2026-02-18,Roma,1797.73510742
2026-02-19,Roma,1794.92529297
2026-02-20,Roma,1798.3046875
2026-02-23,Roma,1802.40405273
2026-02-25,Roma,1795.30407715
2026-02-26,Roma,1799.99621582
2026-02-27,Roma,1799.9888916
2026-03-02,Roma,1798.27062988
2026-03-08,Roma,1798.27062988
2026-03-09,Roma,1786.72241211
2026-03-11,Roma,1785.06298828
2026-03-13,Roma,1787.13000488
2026-03-16,Roma,1779.02233887
2026-03-19,Roma,1778.14587402
2026-03-20,Roma,1764.66418457
2026-03-21,Roma,1764.66418457
2026-03-22,Roma,1764.66418457
2026-03-23,Roma,1767.47290039
2026-04-06,Roma,1760.2388916
2026-04-08,Roma,1760.2388916
2026-04-10,Roma,1756.89611816
2026-04-11,Roma,1760.30712891
2026-04-13,Roma,1760.30712891
2026-04-17,Roma,1758.6739502
2026-04-19,Roma,1757.9074707
2026-04-21,Roma,1757.9074707
2026-04-26,Roma,1768.58447266
2026-05-01,Roma,1768.58447266
2026-05-03,Roma,1768.58447266
2026-05-05,Roma,1776.97790527
2026-05-10,Roma,1776.97790527
2026-05-11,Roma,1782.10266113
2026-05-12,Roma,1782.10266113
2026-05-18,Roma,1789.18969727
2026-05-25,Roma,1793.45080566
2026-06-08,Roma,1793.45080566
