date_elo,team_elo,elo
1946-07-07,Fiorentina,1722.61303711
1946-09-23,Fiorentina,1719.81176758
1946-09-30,Fiorentina,1714.51672363
1946-10-07,Fiorentina,1711.9934082
1946-10-14,Fiorentina,1705.63598633
1946-10-21,Fiorentina,1696.37353516
1946-10-28,Fiorentina,1701.96337891
1946-11-04,Fiorentina,1692.71887207
1946-11-11,Fiorentina,1699.63757324
1946-11-13,Fiorentina,1710.53625488
1946-11-25,Fiorentina,1704.67297363
1946-12-08,Fiorentina,1706.67297363
1946-12-09,Fiorentina,1711.69335938
1946-12-16,Fiorentina,1720.59533691
1946-12-23,Fiorentina,1712.43200684
1946-12-30,Fiorentina,1705.49291992
1947-01-06,Fiorentina,1711.30639648
1947-01-13,Fiorentina,1696.00390625
1947-01-20,Fiorentina,1685.19995117
1947-01-27,Fiorentina,1681.38220215
1947-02-03,Fiorentina,1680.02819824
1947-02-17,Fiorentina,1670.01977539
1947-02-24,Fiorentina,1676.84509277
1947-03-03,Fiorentina,1672.78967285
1947-03-10,Fiorentina,1681.29882812
1947-03-17,Fiorentina,1676.03540039
1947-03-24,Fiorentina,1678.02282715
1947-03-31,Fiorentina,1675.48742676
1947-04-07,Fiorentina,1679.85095215
1947-04-14,Fiorentina,1675.84936523
1947-04-21,Fiorentina,1682.75976562
1947-04-29,Fiorentina,1685.75976562
1947-05-05,Fiorentina,1689.91967773
1947-05-15,Fiorentina,1692.91967773
1947-05-19,Fiorentina,1684.89257812
1947-05-26,Fiorentina,1673.06677246
1947-06-02,Fiorentina,1670.15588379
1947-06-09,Fiorentina,1674.67687988
1947-06-16,Fiorentina,1680.62597656
1947-06-23,Fiorentina,1678.80908203
1947-06-30,Fiorentina,1686.62451172
1947-07-07,Fiorentina,1690.94152832
1947-09-15,Fiorentina,1695.95275879
1947-09-22,Fiorentina,1701.4005127
1947-09-29,Fiorentina,1709.41894531
1947-10-06,Fiorentina,1701.59863281
1947-10-13,Fiorentina,1706.27770996
1947-10-20,Fiorentina,1697.86572266
1947-10-27,Fiorentina,1701.06115723
1947-11-03,Fiorentina,1697.44287109
1947-11-16,Fiorentina,1668.44287109
1947-11-17,Fiorentina,1663.56323242
1947-11-24,Fiorentina,1661.53271484
1947-12-01,Fiorentina,1654.81958008
1947-12-19,Fiorentina,1658.81958008
1947-12-22,Fiorentina,1664.31884766
1947-12-29,Fiorentina,1667.12585449
1948-01-02,Fiorentina,1663.85314941
1948-01-05,Fiorentina,1671.30737305
1948-01-12,Fiorentina,1666.86791992
1948-01-19,Fiorentina,1674.66516113
1948-01-26,Fiorentina,1683.40795898
1948-02-02,Fiorentina,1694.24853516
1948-02-09,Fiorentina,1681.84960938
1948-02-16,Fiorentina,1692.81774902
1948-02-23,Fiorentina,1701.15466309
1948-03-01,Fiorentina,1698.98034668
1948-03-08,Fiorentina,1701.83862305
1948-03-15,Fiorentina,1692.0748291
1948-03-22,Fiorentina,1695.82434082
1948-03-29,Fiorentina,1685.3059082
1948-04-06,Fiorentina,1691.3059082
1948-04-12,Fiorentina,1694.58752441
1948-04-17,Fiorentina,1699.54260254
1948-04-26,Fiorentina,1695.86523438
1948-05-03,Fiorentina,1699.92919922
1948-05-10,Fiorentina,1694.99731445
1948-05-18,Fiorentina,1667.99731445
1948-05-24,Fiorentina,1672.02087402
1948-05-28,Fiorentina,1666.51977539
1948-05-31,Fiorentina,1658.64953613
1948-06-07,Fiorentina,1646.03796387
1948-06-14,Fiorentina,1642.88134766
1948-06-21,Fiorentina,1634.77307129
1948-06-28,Fiorentina,1643.69567871
1948-07-05,Fiorentina,1653.62915039
1948-09-20,Fiorentina,1627.72070312
1948-09-27,Fiorentina,1625.76831055
1948-10-04,Fiorentina,1630.38659668
1948-10-11,Fiorentina,1634.7454834
1948-10-18,Fiorentina,1639.14904785
1948-10-25,Fiorentina,1629.55615234
1948-11-01,Fiorentina,1633.46789551
1948-11-05,Fiorentina,1649.69433594
1948-11-08,Fiorentina,1659.10632324
1948-11-15,Fiorentina,1650.15637207
1948-11-22,Fiorentina,1655.98986816
1948-11-29,Fiorentina,1659.64086914
1948-12-06,Fiorentina,1665.46154785
1948-12-09,Fiorentina,1661.78356934
1948-12-13,Fiorentina,1656.54321289
1948-12-20,Fiorentina,1660.05493164
1948-12-27,Fiorentina,1651.5456543
1949-01-03,Fiorentina,1658.90222168
1949-01-07,Fiorentina,1651.10852051
1949-01-10,Fiorentina,1664.51135254
1949-01-17,Fiorentina,1661.87158203
1949-01-24,Fiorentina,1658.76635742
1949-01-31,Fiorentina,1639.69250488
1949-02-07,Fiorentina,1630.85375977
1949-02-14,Fiorentina,1625.13696289
1949-02-21,Fiorentina,1628.43408203
1949-03-06,Fiorentina,1630.43408203
1949-03-07,Fiorentina,1634.63427734
1949-03-14,Fiorentina,1631.95776367
1949-03-21,Fiorentina,1635.57470703
1949-04-03,Fiorentina,1647.57470703
1949-04-04,Fiorentina,1651.62060547
1949-04-11,Fiorentina,1656.51477051
1949-04-18,Fiorentina,1651.90856934
1949-04-26,Fiorentina,1663.93530273
1949-05-01,Fiorentina,1668.54797363
1949-05-16,Fiorentina,1673.83654785
1949-05-26,Fiorentina,1679.83654785
1949-05-30,Fiorentina,1676.14001465
1949-06-06,Fiorentina,1663.046875
1949-06-13,Fiorentina,1661.96655273
1949-06-17,Fiorentina,1657.96655273
1949-06-30,Fiorentina,1569.77416992
1949-07-03,Fiorentina,1576.11157227
1949-09-12,Fiorentina,1572.13415527
1949-09-19,Fiorentina,1577.89465332
1949-09-26,Fiorentina,1582.64001465
1949-10-03,Fiorentina,1587.2902832
1949-10-10,Fiorentina,1582.69421387
1949-10-17,Fiorentina,1592.13110352
1949-10-21,Fiorentina,1585.62145996
1949-10-24,Fiorentina,1591.99047852
1949-10-31,Fiorentina,1607.65466309
1949-11-07,Fiorentina,1612.68225098
1949-11-14,Fiorentina,1606.09680176
1949-11-21,Fiorentina,1602.60180664
1949-12-05,Fiorentina,1606.31799316
1949-12-09,Fiorentina,1611.80517578
1949-12-12,Fiorentina,1616.54675293
1949-12-19,Fiorentina,1623.86865234
1949-12-27,Fiorentina,1617.4284668
1950-01-02,Fiorentina,1621.69042969
1950-01-09,Fiorentina,1625.08447266
1950-01-16,Fiorentina,1624.09387207
1950-01-23,Fiorentina,1631.32324219
1950-01-30,Fiorentina,1634.21374512
1950-02-06,Fiorentina,1637.0456543
1950-02-13,Fiorentina,1640.36279297
1950-02-20,Fiorentina,1637.39355469
1950-02-24,Fiorentina,1623.42346191
1950-02-27,Fiorentina,1618.73669434
1950-03-13,Fiorentina,1622.75720215
1950-03-20,Fiorentina,1632.40588379
1950-03-27,Fiorentina,1636.45825195
1950-04-11,Fiorentina,1625.42468262
1950-04-17,Fiorentina,1621.21984863
1950-04-24,Fiorentina,1610.62268066
1950-05-01,Fiorentina,1607.18774414
1950-05-08,Fiorentina,1616.31188965
1950-05-15,Fiorentina,1626.71569824
1950-05-22,Fiorentina,1631.53222656
1950-05-29,Fiorentina,1622.25634766
1950-06-15,Fiorentina,1595.31799316
1950-06-17,Fiorentina,1579.93469238
1950-09-11,Fiorentina,1576.11230469
1950-09-18,Fiorentina,1573.23901367
1950-09-25,Fiorentina,1569.39355469
1950-10-02,Fiorentina,1572.44360352
1950-10-09,Fiorentina,1575.13330078
1950-10-16,Fiorentina,1567.83984375
1950-10-23,Fiorentina,1558.98706055
1950-10-30,Fiorentina,1562.4543457
1950-11-06,Fiorentina,1559.36791992
1950-11-13,Fiorentina,1564.49304199
1950-11-20,Fiorentina,1567.59545898
1950-11-27,Fiorentina,1559.64208984
1950-12-04,Fiorentina,1571.8807373
1950-12-11,Fiorentina,1566.95703125
1950-12-18,Fiorentina,1569.53259277
1950-12-25,Fiorentina,1572.54077148
1951-01-01,Fiorentina,1571.40307617
1951-01-08,Fiorentina,1573.51037598
1951-01-15,Fiorentina,1567.35644531
1951-01-22,Fiorentina,1573.5880127
1951-01-29,Fiorentina,1578.36450195
1951-02-05,Fiorentina,1584.91320801
1951-02-12,Fiorentina,1598.18811035
1951-02-19,Fiorentina,1600.04138184
1951-02-26,Fiorentina,1596.94177246
1951-03-05,Fiorentina,1600.36999512
1951-03-12,Fiorentina,1615.69897461
1951-03-19,Fiorentina,1619.71350098
1951-03-26,Fiorentina,1622.12561035
1951-04-02,Fiorentina,1625.11779785
1951-04-16,Fiorentina,1622.64477539
1951-04-23,Fiorentina,1625.42138672
1951-04-30,Fiorentina,1628.5489502
1951-05-14,Fiorentina,1638.41088867
1951-05-21,Fiorentina,1631.42993164
1951-05-28,Fiorentina,1631.69091797
1951-06-11,Fiorentina,1618.49365234
1951-06-18,Fiorentina,1620.31689453
1951-06-21,Fiorentina,1643.6697998
1951-06-25,Fiorentina,1656.4197998
1951-09-10,Fiorentina,1647.31091309
1951-09-17,Fiorentina,1640.7989502
1951-09-24,Fiorentina,1642.80102539
1951-10-01,Fiorentina,1631.06164551
1951-10-08,Fiorentina,1649.27770996
1951-10-15,Fiorentina,1642.96972656
1951-10-22,Fiorentina,1644.42578125
1951-10-29,Fiorentina,1630.6829834
1951-11-05,Fiorentina,1646.04736328
1951-11-19,Fiorentina,1649.14123535
1951-12-03,Fiorentina,1641.75830078
1951-12-10,Fiorentina,1627.14013672
1951-12-17,Fiorentina,1622.54943848
1951-12-31,Fiorentina,1624.93139648
1952-01-07,Fiorentina,1628.38525391
1952-01-14,Fiorentina,1624.05029297
1952-01-21,Fiorentina,1620.57836914
1952-01-28,Fiorentina,1629.57019043
1952-02-01,Fiorentina,1636.79101562
1952-02-04,Fiorentina,1640.0369873
1952-02-11,Fiorentina,1634.29528809
1952-02-18,Fiorentina,1639.40686035
1952-03-03,Fiorentina,1635.88476562
1952-03-10,Fiorentina,1639.14648438
1952-03-17,Fiorentina,1656.53186035
1952-03-24,Fiorentina,1659.43652344
1952-03-31,Fiorentina,1661.56396484
1952-04-07,Fiorentina,1667.48742676
1952-04-14,Fiorentina,1667.31738281
1952-04-21,Fiorentina,1668.75793457
1952-04-28,Fiorentina,1661.25292969
1952-05-05,Fiorentina,1671.77038574
1952-05-12,Fiorentina,1687.25610352
1952-05-23,Fiorentina,1695.40930176
1952-06-02,Fiorentina,1684.98156738
1952-06-09,Fiorentina,1688.93322754
1952-06-16,Fiorentina,1683.83935547
1952-06-23,Fiorentina,1680.42126465
1952-06-27,Fiorentina,1649.63098145
1952-06-29,Fiorentina,1657.56921387
1952-09-15,Fiorentina,1651.4251709
1952-09-22,Fiorentina,1645.25354004
1952-09-29,Fiorentina,1648.09216309
1952-10-06,Fiorentina,1656.69396973
1952-10-13,Fiorentina,1648.3215332
1952-10-20,Fiorentina,1648.92175293
1952-11-03,Fiorentina,1652.91455078
1952-11-10,Fiorentina,1653.17333984
1952-11-17,Fiorentina,1647.02697754
1952-11-24,Fiorentina,1642.74499512
1952-12-01,Fiorentina,1637.05480957
1952-12-08,Fiorentina,1630.97875977
1952-12-15,Fiorentina,1618.26867676
1952-12-22,Fiorentina,1616.47631836
1953-01-05,Fiorentina,1612.89074707
1953-01-12,Fiorentina,1593.83081055
1953-01-19,Fiorentina,1587.89196777
1953-01-26,Fiorentina,1591.15087891
1953-02-02,Fiorentina,1597.70129395
1953-02-09,Fiorentina,1608.3572998
1953-02-16,Fiorentina,1611.35498047
1953-02-23,Fiorentina,1605.68493652
1953-03-02,Fiorentina,1586.33044434
1953-03-09,Fiorentina,1591.74914551
1953-03-16,Fiorentina,1596.56384277
1953-03-23,Fiorentina,1599.24438477
1953-03-30,Fiorentina,1607.14123535
1953-04-07,Fiorentina,1602.79711914
1953-04-13,Fiorentina,1613.16259766
1953-04-20,Fiorentina,1607.9798584
1953-05-04,Fiorentina,1593.2401123
1953-05-11,Fiorentina,1605.44885254
1953-05-25,Fiorentina,1596.16320801
1953-06-01,Fiorentina,1601.15893555
1953-06-05,Fiorentina,1611.48913574
1953-06-08,Fiorentina,1575.55969238
1953-09-14,Fiorentina,1584.01306152
1953-09-21,Fiorentina,1589.84460449
1953-09-28,Fiorentina,1596.57946777
1953-10-05,Fiorentina,1601.06640625
1953-10-12,Fiorentina,1598.21557617
1953-10-19,Fiorentina,1600.97363281
1953-10-26,Fiorentina,1604.13879395
1953-11-02,Fiorentina,1606.55688477
1953-11-09,Fiorentina,1612.35546875
1953-11-23,Fiorentina,1622.37915039
1953-11-30,Fiorentina,1624.9519043
1953-12-07,Fiorentina,1623.57824707
1953-12-21,Fiorentina,1625.1652832
1953-12-28,Fiorentina,1619.09777832
1954-01-04,Fiorentina,1624.63916016
1954-01-11,Fiorentina,1633.22717285
1954-01-18,Fiorentina,1637.55285645
1954-02-01,Fiorentina,1640.89111328
1954-02-08,Fiorentina,1651.37915039
1954-02-15,Fiorentina,1650.15380859
1954-02-22,Fiorentina,1657.41772461
1954-03-01,Fiorentina,1654.96484375
1954-03-08,Fiorentina,1665.93041992
1954-03-15,Fiorentina,1646.98864746
1954-03-22,Fiorentina,1650.42175293
1954-03-29,Fiorentina,1653.68505859
1954-04-05,Fiorentina,1639.3067627
1954-04-19,Fiorentina,1638.89770508
1954-04-26,Fiorentina,1635.26733398
1954-05-03,Fiorentina,1628.97033691
1954-05-10,Fiorentina,1631.11572266
1954-05-17,Fiorentina,1621.35668945
1954-05-24,Fiorentina,1614.71069336
1954-05-31,Fiorentina,1617.16247559
1954-09-20,Fiorentina,1619.78552246
1954-09-27,Fiorentina,1622.3059082
1954-10-04,Fiorentina,1615.1003418
1954-10-11,Fiorentina,1617.20849609
1954-10-18,Fiorentina,1616.47875977
1954-10-25,Fiorentina,1628.34423828
1954-11-01,Fiorentina,1631.85534668
1954-11-08,Fiorentina,1630.80224609
1954-11-15,Fiorentina,1619.4552002
1954-11-22,Fiorentina,1623.32177734
1954-12-13,Fiorentina,1626.78112793
1954-12-20,Fiorentina,1622.86608887
1954-12-27,Fiorentina,1623.18664551
1955-01-07,Fiorentina,1633.56298828
1955-01-24,Fiorentina,1651.48278809
1955-01-31,Fiorentina,1655.18347168
1955-02-07,Fiorentina,1662.95239258
1955-02-14,Fiorentina,1653.61669922
1955-02-21,Fiorentina,1639.25671387
1955-02-28,Fiorentina,1642.97424316
1955-03-07,Fiorentina,1635.65356445
1955-03-14,Fiorentina,1638.0144043
1955-03-21,Fiorentina,1632.06079102
1955-04-04,Fiorentina,1633.75244141
1955-04-11,Fiorentina,1627.10498047
1955-04-18,Fiorentina,1612.11035156
1955-04-25,Fiorentina,1608.61853027
1955-05-02,Fiorentina,1620.35778809
1955-05-09,Fiorentina,1614.4979248
1955-05-16,Fiorentina,1629.68139648
1955-06-06,Fiorentina,1624.68066406
1955-06-13,Fiorentina,1621.46923828
1955-06-20,Fiorentina,1621.54724121
1955-06-24,Fiorentina,1597.84802246
1955-06-26,Fiorentina,1609.09350586
1955-09-19,Fiorentina,1607.79272461
1955-09-26,Fiorentina,1610.00964355
1955-10-03,Fiorentina,1632.61547852
1955-10-10,Fiorentina,1629.47937012
1955-10-17,Fiorentina,1643.1583252
1955-10-24,Fiorentina,1647.98913574
1955-10-31,Fiorentina,1647.83312988
1955-11-02,Fiorentina,1619.00354004
1955-11-07,Fiorentina,1623.63366699
1955-11-14,Fiorentina,1622.93823242
1955-11-24,Fiorentina,1660.20678711
1955-12-05,Fiorentina,1676.37280273
1955-12-09,Fiorentina,1681.63500977
1955-12-26,Fiorentina,1683.12744141
1956-01-01,Fiorentina,1696.68310547
1956-01-09,Fiorentina,1689.11401367
1956-01-16,Fiorentina,1683.13439941
1956-01-19,Fiorentina,1699.60095215
1956-01-23,Fiorentina,1698.86328125
1956-01-30,Fiorentina,1701.69458008
1956-02-06,Fiorentina,1703.53320312
1956-02-13,Fiorentina,1733.71643066
1956-02-27,Fiorentina,1738.44116211
1956-03-01,Fiorentina,1744.93457031
1956-03-05,Fiorentina,1758.43774414
1956-03-12,Fiorentina,1751.54003906
1956-03-19,Fiorentina,1750.7689209
1956-03-26,Fiorentina,1753.53649902
1956-04-02,Fiorentina,1760.19555664
1956-04-09,Fiorentina,1762.62976074
1956-04-16,Fiorentina,1770.99829102
1956-04-20,Fiorentina,1766.89221191
1956-04-30,Fiorentina,1766.82348633
1956-05-02,Fiorentina,1758.81628418
1956-05-07,Fiorentina,1756.63635254
1956-05-11,Fiorentina,1749.87927246
1956-05-14,Fiorentina,1756.24902344
1956-05-21,Fiorentina,1755.11645508
1956-05-28,Fiorentina,1759.265625
1956-06-04,Fiorentina,1745.07678223
1956-06-30,Fiorentina,1753.88574219
1956-07-04,Fiorentina,1773.0135498
1956-09-17,Fiorentina,1787.52746582
1956-09-24,Fiorentina,1780.97900391
1956-10-01,Fiorentina,1771.07128906
1956-10-08,Fiorentina,1773.5847168
1956-10-15,Fiorentina,1773.95947266
1956-10-22,Fiorentina,1777.17663574
1956-10-29,Fiorentina,1757.86157227
1956-11-19,Fiorentina,1769.37792969
1956-11-22,Fiorentina,1752.97570801
1956-11-26,Fiorentina,1755.00305176
1956-11-29,Fiorentina,1781.36755371
1956-12-03,Fiorentina,1780.79052734
1956-12-17,Fiorentina,1783.00549316
1956-12-24,Fiorentina,1776.09838867
1956-12-31,Fiorentina,1779.45861816
1957-01-07,Fiorentina,1777.26843262
1957-01-14,Fiorentina,1757.31298828
1957-01-21,Fiorentina,1761.69506836
1957-01-28,Fiorentina,1762.08874512
1957-02-04,Fiorentina,1764.7512207
1957-02-07,Fiorentina,1766.42419434
1957-02-11,Fiorentina,1753.9810791
1957-02-18,Fiorentina,1756.03051758
1957-02-25,Fiorentina,1747.28222656
1957-02-28,Fiorentina,1755.7043457
1957-03-04,Fiorentina,1760.46057129
1957-03-11,Fiorentina,1762.32775879
1957-03-18,Fiorentina,1757.1484375
1957-03-25,Fiorentina,1751.3717041
1957-04-01,Fiorentina,1758.48474121
1957-04-04,Fiorentina,1780.78295898
1957-04-08,Fiorentina,1785.77160645
1957-04-15,Fiorentina,1791.1394043
1957-04-19,Fiorentina,1789.47155762
1957-04-29,Fiorentina,1793.91027832
1957-05-06,Fiorentina,1792.29272461
1957-05-20,Fiorentina,1777.00537109
1957-05-31,Fiorentina,1759.94909668
1957-06-03,Fiorentina,1762.28637695
1957-06-10,Fiorentina,1762.00512695
1957-06-17,Fiorentina,1755.65307617
1957-06-21,Fiorentina,1743.86669922
1957-06-24,Fiorentina,1758.30615234
1957-09-09,Fiorentina,1748.4765625
1957-09-16,Fiorentina,1742.29406738
1957-09-23,Fiorentina,1759.17175293
1957-09-30,Fiorentina,1763.46154785
1957-10-03,Fiorentina,1768.87756348
1957-10-07,Fiorentina,1755.48876953
1957-10-10,Fiorentina,1750.22766113
1957-10-14,Fiorentina,1760.23803711
1957-10-21,Fiorentina,1764.00915527
1957-10-28,Fiorentina,1769.0201416
1957-10-31,Fiorentina,1782.44909668
1957-11-04,Fiorentina,1784.30981445
1957-11-11,Fiorentina,1786.59020996
1957-11-18,Fiorentina,1792.59350586
1957-11-25,Fiorentina,1786.20959473
1957-11-28,Fiorentina,1800.36083984
1957-12-12,Fiorentina,1799.91223145
1957-12-16,Fiorentina,1798.73779297
1957-12-23,Fiorentina,1801.98718262
1957-12-30,Fiorentina,1796.9440918
1958-01-07,Fiorentina,1789.53417969
1958-01-20,Fiorentina,1782.83068848
1958-01-27,Fiorentina,1775.75708008
1958-02-03,Fiorentina,1764.8190918
1958-02-10,Fiorentina,1768.4230957
1958-02-13,Fiorentina,1770.11547852
1958-02-17,Fiorentina,1770.90588379
1958-02-24,Fiorentina,1774.09729004
1958-02-27,Fiorentina,1776.03771973
1958-03-03,Fiorentina,1778.75219727
1958-03-10,Fiorentina,1780.08776855
1958-03-17,Fiorentina,1770.67578125
1958-03-31,Fiorentina,1775.26831055
1958-04-07,Fiorentina,1768.08581543
1958-04-14,Fiorentina,1760.79199219
1958-04-21,Fiorentina,1770.36071777
1958-04-28,Fiorentina,1774.61877441
1958-05-05,Fiorentina,1778.53295898
1958-05-09,Fiorentina,1778.8458252
1958-05-12,Fiorentina,1783.63525391
1958-05-15,Fiorentina,1794.75463867
1958-05-19,Fiorentina,1794.22387695
1958-05-26,Fiorentina,1801.9864502
1958-05-29,Fiorentina,1798.26074219
1958-09-22,Fiorentina,1801.96191406
1958-09-25,Fiorentina,1802.71557617
1958-09-29,Fiorentina,1813.64147949
1958-10-02,Fiorentina,1778.7208252
1958-10-06,Fiorentina,1772.01342773
1958-10-13,Fiorentina,1781.68835449
1958-10-20,Fiorentina,1787.45007324
1958-10-27,Fiorentina,1786.98388672
1958-11-03,Fiorentina,1782.22631836
1958-11-17,Fiorentina,1782.58947754
1958-11-24,Fiorentina,1787.19067383
1958-12-01,Fiorentina,1779.97851562
1958-12-08,Fiorentina,1782.73217773
1958-12-22,Fiorentina,1780.74682617
1958-12-29,Fiorentina,1786.5637207
1959-01-05,Fiorentina,1792.03271484
1959-01-12,Fiorentina,1806.15332031
1959-01-19,Fiorentina,1806.77819824
1959-01-26,Fiorentina,1811.03344727
1959-02-02,Fiorentina,1817.85070801
1959-02-09,Fiorentina,1820.57055664
1959-02-16,Fiorentina,1818.0826416
1959-02-23,Fiorentina,1820.32189941
1959-03-03,Fiorentina,1832.50744629
1959-03-16,Fiorentina,1836.22766113
1959-03-23,Fiorentina,1829.79284668
1959-03-30,Fiorentina,1833.75964355
1959-04-06,Fiorentina,1846.3371582
1959-04-13,Fiorentina,1829.83837891
1959-04-20,Fiorentina,1834.5612793
1959-04-27,Fiorentina,1819.20068359
1959-05-18,Fiorentina,1816.51843262
1959-05-25,Fiorentina,1802.42858887
1959-05-29,Fiorentina,1805.20361328
1959-06-03,Fiorentina,1799.03942871
1959-06-08,Fiorentina,1806.35534668
1959-09-14,Fiorentina,1806.31103516
1959-09-21,Fiorentina,1815.13623047
1959-09-24,Fiorentina,1815.31713867
1959-09-28,Fiorentina,1817.09118652
1959-10-05,Fiorentina,1804.89880371
1959-10-12,Fiorentina,1808.76806641
1959-10-19,Fiorentina,1800.21850586
1959-10-26,Fiorentina,1803.18054199
1959-11-05,Fiorentina,1796.63793945
1959-11-09,Fiorentina,1789.6940918
1959-11-16,Fiorentina,1792.80285645
1959-11-23,Fiorentina,1791.7689209
1959-11-26,Fiorentina,1788.27050781
1959-12-07,Fiorentina,1784.49108887
1959-12-14,Fiorentina,1799.43457031
1959-12-21,Fiorentina,1801.55871582
1959-12-28,Fiorentina,1791.96484375
1960-01-11,Fiorentina,1795.7208252
1960-01-18,Fiorentina,1792.78930664
1960-01-25,Fiorentina,1794.69970703
1960-02-01,Fiorentina,1791.76123047
1960-02-08,Fiorentina,1793.4140625
1960-02-15,Fiorentina,1806.82495117
1960-02-22,Fiorentina,1808.80517578
1960-02-29,Fiorentina,1815.99157715
1960-03-06,Fiorentina,1815.99157715
1960-03-07,Fiorentina,1820.40209961
1960-03-21,Fiorentina,1829.67431641
1960-03-28,Fiorentina,1833.70739746
1960-04-04,Fiorentina,1842.76477051
1960-04-11,Fiorentina,1835.09802246
1960-04-18,Fiorentina,1837.62121582
1960-04-25,Fiorentina,1829.36779785
1960-05-02,Fiorentina,1821.38427734
1960-05-09,Fiorentina,1823.49768066
1960-05-16,Fiorentina,1814.80419922
1960-05-23,Fiorentina,1816.58886719
1960-05-30,Fiorentina,1806.36364746
1960-06-06,Fiorentina,1807.71166992
1960-09-12,Fiorentina,1807.71166992
1960-09-22,Fiorentina,1807.47741699
1960-09-26,Fiorentina,1809.8223877
1960-10-03,Fiorentina,1798.31286621
1960-10-10,Fiorentina,1801.44519043
1960-10-13,Fiorentina,1776.9329834
1960-10-17,Fiorentina,1776.6965332
1960-10-24,Fiorentina,1785.45532227
1960-11-07,Fiorentina,1781.57971191
1960-11-12,Fiorentina,1781.57971191
1960-11-14,Fiorentina,1781.57971191
1960-11-21,Fiorentina,1784.05603027
1960-11-28,Fiorentina,1781.19470215
1960-12-05,Fiorentina,1783.14990234
1960-12-11,Fiorentina,1783.14990234
1960-12-12,Fiorentina,1783.14990234
1960-12-18,Fiorentina,1783.14990234
1960-12-19,Fiorentina,1769.49890137
1960-12-21,Fiorentina,1761.6126709
1960-12-26,Fiorentina,1746.85925293
1961-01-02,Fiorentina,1739.1998291
1961-01-09,Fiorentina,1735.35095215
1961-01-16,Fiorentina,1739.20092773
1961-01-22,Fiorentina,1739.20092773
1961-01-23,Fiorentina,1725.07189941
1961-01-30,Fiorentina,1739.75073242
1961-02-06,Fiorentina,1748.81298828
1961-02-13,Fiorentina,1751.15625
1961-02-20,Fiorentina,1749.24328613
1961-02-27,Fiorentina,1752.390625
1961-03-06,Fiorentina,1746.44665527
1961-03-13,Fiorentina,1748.93664551
1961-03-16,Fiorentina,1748.93664551
1961-03-20,Fiorentina,1741.20166016
1961-03-27,Fiorentina,1747.62402344
1961-03-31,Fiorentina,1747.62402344
1961-04-03,Fiorentina,1740.03356934
1961-04-10,Fiorentina,1738.98205566
1961-04-13,Fiorentina,1738.98205566
1961-04-17,Fiorentina,1713.72717285
1961-04-22,Fiorentina,1713.72717285
1961-04-23,Fiorentina,1713.72717285
1961-04-24,Fiorentina,1713.72717285
1961-05-01,Fiorentina,1714.13110352
1961-05-03,Fiorentina,1714.13110352
1961-05-04,Fiorentina,1714.13110352
1961-05-08,Fiorentina,1721.33459473
1961-05-09,Fiorentina,1721.33459473
1961-05-15,Fiorentina,1725.24829102
1961-05-22,Fiorentina,1726.10681152
1961-05-31,Fiorentina,1711.39355469
1961-06-01,Fiorentina,1711.39355469
1961-06-04,Fiorentina,1711.39355469
1961-06-05,Fiorentina,1698.52880859
1961-06-19,Fiorentina,1698.52880859
1961-07-09,Fiorentina,1698.52880859
1961-07-24,Fiorentina,1698.52880859
1961-08-07,Fiorentina,1698.52880859
1961-08-11,Fiorentina,1698.52880859
1961-08-14,Fiorentina,1698.52880859
1961-08-21,Fiorentina,1698.52880859
1961-08-28,Fiorentina,1705.41052246
1961-08-31,Fiorentina,1705.41052246
1961-09-04,Fiorentina,1700.78320312
1961-09-07,Fiorentina,1700.78320312
1961-09-10,Fiorentina,1700.78320312
1961-09-11,Fiorentina,1716.11657715
1961-09-12,Fiorentina,1716.11657715
1961-09-14,Fiorentina,1702.32275391
1961-09-18,Fiorentina,1695.02478027
1961-09-21,Fiorentina,1695.96337891
1961-09-24,Fiorentina,1695.96337891
1961-09-25,Fiorentina,1699.96166992
1961-09-28,Fiorentina,1700.5012207
1961-10-02,Fiorentina,1689.11132812
1961-10-05,Fiorentina,1696.61157227
1961-10-09,Fiorentina,1701.85229492
1961-10-16,Fiorentina,1701.85229492
1961-10-17,Fiorentina,1701.85229492
1961-10-18,Fiorentina,1701.85229492
1961-10-19,Fiorentina,1701.85229492
1961-10-23,Fiorentina,1701.04638672
1961-10-26,Fiorentina,1711.71643066
1961-10-29,Fiorentina,1711.71643066
1961-10-30,Fiorentina,1721.44543457
1961-11-09,Fiorentina,1730.01416016
1961-11-13,Fiorentina,1725.65087891
1961-11-15,Fiorentina,1725.65087891
1961-11-16,Fiorentina,1733.48620605
1961-11-20,Fiorentina,1738.07568359
1961-11-23,Fiorentina,1769.77868652
1961-11-27,Fiorentina,1777.60717773
1961-12-01,Fiorentina,1777.60717773
1961-12-04,Fiorentina,1781.63110352
1961-12-11,Fiorentina,1784.0300293
1961-12-17,Fiorentina,1784.0300293
1961-12-18,Fiorentina,1783.59619141
1961-12-25,Fiorentina,1785.86425781
1962-01-01,Fiorentina,1797.32348633
1962-01-08,Fiorentina,1800.22045898
1962-01-15,Fiorentina,1797.7767334
1962-01-22,Fiorentina,1806.01269531
1962-01-29,Fiorentina,1810.23620605
1962-02-05,Fiorentina,1803.05834961
1962-02-12,Fiorentina,1806.10717773
1962-02-15,Fiorentina,1803.06604004
1962-02-19,Fiorentina,1800.90490723
1962-02-22,Fiorentina,1798.31530762
1962-02-23,Fiorentina,1798.31530762
1962-02-26,Fiorentina,1800.03222656
1962-02-27,Fiorentina,1802.90490723
1962-02-28,Fiorentina,1807.47106934
1962-03-01,Fiorentina,1801.81884766
1962-03-05,Fiorentina,1793.5982666
1962-03-12,Fiorentina,1787.12768555
1962-03-19,Fiorentina,1791.00842285
1962-03-22,Fiorentina,1800.95874023
1962-03-26,Fiorentina,1803.75195312
1962-04-02,Fiorentina,1813.83105469
1962-04-09,Fiorentina,1801.78088379
1962-04-12,Fiorentina,1824.42211914
1962-04-16,Fiorentina,1810.07727051
1962-05-11,Fiorentina,1811.39025879
1962-06-02,Fiorentina,1811.39025879
1962-06-06,Fiorentina,1811.39025879
1962-06-07,Fiorentina,1811.39025879
1962-06-08,Fiorentina,1811.39025879
1962-06-12,Fiorentina,1811.39025879
1962-09-06,Fiorentina,1781.54125977
1962-09-13,Fiorentina,1781.55981445
1962-09-17,Fiorentina,1765.34155273
1962-09-20,Fiorentina,1765.37219238
1962-09-24,Fiorentina,1757.36950684
1962-09-27,Fiorentina,1761.68579102
1962-10-01,Fiorentina,1765.03894043
1962-10-08,Fiorentina,1770.20593262
1962-10-11,Fiorentina,1779.5447998
1962-10-15,Fiorentina,1784.18347168
1962-10-22,Fiorentina,1769.36425781
1962-10-29,Fiorentina,1772.48303223
1962-11-01,Fiorentina,1772.48303223
1962-11-02,Fiorentina,1760.48706055
1962-11-05,Fiorentina,1765.74279785
1962-11-15,Fiorentina,1771.84887695
1962-11-18,Fiorentina,1771.84887695
1962-11-19,Fiorentina,1774.72314453
1962-11-20,Fiorentina,1777.11047363
1962-11-26,Fiorentina,1774.46276855
1962-11-29,Fiorentina,1769.76135254
1962-12-05,Fiorentina,1791.37890625
1962-12-09,Fiorentina,1791.37890625
1962-12-10,Fiorentina,1807.93457031
1962-12-17,Fiorentina,1806.69372559
1962-12-24,Fiorentina,1812.59277344
1962-12-31,Fiorentina,1823.19287109
1963-01-07,Fiorentina,1814.77416992
1963-01-14,Fiorentina,1818.33056641
1963-01-21,Fiorentina,1798.26281738
1963-01-24,Fiorentina,1798.67834473
1963-01-28,Fiorentina,1791.95385742
1963-02-04,Fiorentina,1795.84594727
1963-02-07,Fiorentina,1784.25061035
1963-02-11,Fiorentina,1774.2298584
1963-02-18,Fiorentina,1782.6015625
1963-02-25,Fiorentina,1786.65368652
1963-03-04,Fiorentina,1776.43884277
1963-03-11,Fiorentina,1780.30456543
1963-03-14,Fiorentina,1780.8684082
1963-03-18,Fiorentina,1787.55187988
1963-03-21,Fiorentina,1790.73876953
1963-04-01,Fiorentina,1786.43115234
1963-04-04,Fiorentina,1774.71118164
1963-04-05,Fiorentina,1774.71118164
1963-04-08,Fiorentina,1771.29785156
1963-04-15,Fiorentina,1774.14562988
1963-04-16,Fiorentina,1774.14562988
1963-04-22,Fiorentina,1779.11010742
1963-04-25,Fiorentina,1782.49609375
1963-04-29,Fiorentina,1777.0793457
1963-05-02,Fiorentina,1777.62255859
1963-05-06,Fiorentina,1751.82043457
1963-05-08,Fiorentina,1751.82043457
1963-05-14,Fiorentina,1751.82043457
1963-05-19,Fiorentina,1751.82043457
1963-05-20,Fiorentina,1745.96142578
1963-05-23,Fiorentina,1752.61303711
1963-05-27,Fiorentina,1760.63525391
1963-06-09,Fiorentina,1760.63525391
1963-06-26,Fiorentina,1760.63525391
1963-07-14,Fiorentina,1760.63525391
1963-07-29,Fiorentina,1760.63525391
1963-08-19,Fiorentina,1760.63525391
1963-08-26,Fiorentina,1760.63525391
1963-09-05,Fiorentina,1765.13659668
1963-09-13,Fiorentina,1765.13659668
1963-09-15,Fiorentina,1765.13659668
1963-09-16,Fiorentina,1764.5255127
1963-09-19,Fiorentina,1767.88513184
1963-09-23,Fiorentina,1774.99377441
1963-09-26,Fiorentina,1782.65527344
1963-09-30,Fiorentina,1775.38684082
1963-10-03,Fiorentina,1775.38684082
1963-10-07,Fiorentina,1779.55456543
1963-10-10,Fiorentina,1775.20239258
1963-10-15,Fiorentina,1762.62988281
1963-10-21,Fiorentina,1765.08813477
1963-10-24,Fiorentina,1758.21765137
1963-10-28,Fiorentina,1750.15490723
1963-11-04,Fiorentina,1750.15490723
1963-11-11,Fiorentina,1750.15490723
1963-11-18,Fiorentina,1761.92236328
1963-11-25,Fiorentina,1758.17163086
1963-11-28,Fiorentina,1757.67126465
1963-12-02,Fiorentina,1752.13549805
1963-12-05,Fiorentina,1759.37731934
1963-12-09,Fiorentina,1765.53149414
1963-12-11,Fiorentina,1765.53149414
1963-12-22,Fiorentina,1765.53149414
1963-12-23,Fiorentina,1758.56994629
1963-12-27,Fiorentina,1758.56994629
1963-12-29,Fiorentina,1758.56994629
1963-12-30,Fiorentina,1766.0880127
1964-01-06,Fiorentina,1773.16479492
1964-01-13,Fiorentina,1774.93115234
1964-01-20,Fiorentina,1760.48620605
1964-01-27,Fiorentina,1762.77160645
1964-01-30,Fiorentina,1757.90710449
1964-02-03,Fiorentina,1778.66333008
1964-02-09,Fiorentina,1778.66333008
1964-02-10,Fiorentina,1785.23242188
1964-02-14,Fiorentina,1785.52600098
1964-02-17,Fiorentina,1783.48413086
1964-02-24,Fiorentina,1788.74304199
1964-02-27,Fiorentina,1791.7800293
1964-03-02,Fiorentina,1790.85900879
1964-03-05,Fiorentina,1791.04394531
1964-03-09,Fiorentina,1771.76599121
1964-03-16,Fiorentina,1775.70324707
1964-03-19,Fiorentina,1775.70324707
1964-03-22,Fiorentina,1775.70324707
1964-03-23,Fiorentina,1788.25305176
1964-03-29,Fiorentina,1788.25305176
1964-03-30,Fiorentina,1773.57141113
1964-04-01,Fiorentina,1773.57141113
1964-04-06,Fiorentina,1774.91516113
1964-04-16,Fiorentina,1777.04199219
1964-04-19,Fiorentina,1777.04199219
1964-04-20,Fiorentina,1792.02612305
1964-04-26,Fiorentina,1780.80834961
1964-04-30,Fiorentina,1782.67431641
1964-05-04,Fiorentina,1769.02978516
1964-05-18,Fiorentina,1765.33093262
1964-05-25,Fiorentina,1758.81005859
1964-05-28,Fiorentina,1769.2800293
1964-06-01,Fiorentina,1754.80908203
1964-06-03,Fiorentina,1754.80908203
1964-06-15,Fiorentina,1754.80908203
1964-06-25,Fiorentina,1754.80908203
1964-07-16,Fiorentina,1754.80908203
1964-07-20,Fiorentina,1754.80908203
1964-08-03,Fiorentina,1754.80908203
1964-08-26,Fiorentina,1754.80908203
1964-08-27,Fiorentina,1754.80908203
1964-09-02,Fiorentina,1754.80908203
1964-09-10,Fiorentina,1753.97399902
1964-09-13,Fiorentina,1753.97399902
1964-09-14,Fiorentina,1757.02722168
1964-09-20,Fiorentina,1757.02722168
1964-09-21,Fiorentina,1744.0838623
1964-09-24,Fiorentina,1744.48486328
1964-09-27,Fiorentina,1744.48486328
1964-09-28,Fiorentina,1747.71704102
1964-10-01,Fiorentina,1747.71704102
1964-10-05,Fiorentina,1746.92346191
1964-10-08,Fiorentina,1748.60339355
1964-10-11,Fiorentina,1748.60339355
1964-10-12,Fiorentina,1750.80456543
1964-10-14,Fiorentina,1750.80456543
1964-10-15,Fiorentina,1744.72851562
1964-10-19,Fiorentina,1748.21606445
1964-10-26,Fiorentina,1739.31420898
1964-10-29,Fiorentina,1739.31420898
1964-11-09,Fiorentina,1744.70593262
1964-11-12,Fiorentina,1745.44311523
1964-11-16,Fiorentina,1752.65258789
1964-11-23,Fiorentina,1749.41064453
1964-11-29,Fiorentina,1749.41064453
1964-11-30,Fiorentina,1752.68774414
1964-12-04,Fiorentina,1753.25268555
1964-12-07,Fiorentina,1753.35021973
1964-12-17,Fiorentina,1753.35021973
1964-12-20,Fiorentina,1753.35021973
1964-12-21,Fiorentina,1754.38708496
1964-12-28,Fiorentina,1747.92602539
1964-12-29,Fiorentina,1747.92602539
1965-01-03,Fiorentina,1747.92602539
1965-01-04,Fiorentina,1759.80700684
1965-01-07,Fiorentina,1760.78540039
1965-01-18,Fiorentina,1767.43737793
1965-01-21,Fiorentina,1766.25939941
1965-01-25,Fiorentina,1764.94433594
1965-02-01,Fiorentina,1751.09667969
1965-02-04,Fiorentina,1751.09667969
1965-02-08,Fiorentina,1759.37316895
1965-02-14,Fiorentina,1759.37316895
1965-02-15,Fiorentina,1762.05859375
1965-02-18,Fiorentina,1764.44213867
1965-02-21,Fiorentina,1764.44213867
1965-02-22,Fiorentina,1769.68395996
1965-02-25,Fiorentina,1769.68395996
1965-03-01,Fiorentina,1761.94909668
1965-03-04,Fiorentina,1759.30712891
1965-03-08,Fiorentina,1765.77404785
1965-03-11,Fiorentina,1765.77404785
1965-03-14,Fiorentina,1765.77404785
1965-03-16,Fiorentina,1765.77404785
1965-03-18,Fiorentina,1773.69287109
1965-03-21,Fiorentina,1773.69287109
1965-03-22,Fiorentina,1769.06835938
1965-03-24,Fiorentina,1769.06835938
1965-03-29,Fiorentina,1763.09460449
1965-04-05,Fiorentina,1763.42004395
1965-04-07,Fiorentina,1763.42004395
1965-04-12,Fiorentina,1763.18200684
1965-04-21,Fiorentina,1766.57836914
1965-04-26,Fiorentina,1772.78503418
1965-04-28,Fiorentina,1769.42138672
1965-05-05,Fiorentina,1764.64831543
1965-05-06,Fiorentina,1752.95739746
1965-05-09,Fiorentina,1748.44311523
1965-05-13,Fiorentina,1755.87036133
1965-05-16,Fiorentina,1755.87036133
1965-05-17,Fiorentina,1767.61621094
1965-05-20,Fiorentina,1767.61621094
1965-05-24,Fiorentina,1774.12658691
1965-05-28,Fiorentina,1778.09130859
1965-05-31,Fiorentina,1780.94262695
1965-06-07,Fiorentina,1766.38232422
1965-09-05,Fiorentina,1766.38232422
1965-09-06,Fiorentina,1766.09802246
1965-09-07,Fiorentina,1766.09802246
1965-09-09,Fiorentina,1766.09802246
1965-09-12,Fiorentina,1766.09802246
1965-09-13,Fiorentina,1769.4017334
1965-09-16,Fiorentina,1769.4017334
1965-09-19,Fiorentina,1769.4017334
1965-09-20,Fiorentina,1778.02062988
1965-09-26,Fiorentina,1778.02062988
1965-09-27,Fiorentina,1789.82092285
1965-09-30,Fiorentina,1790.85107422
1965-10-04,Fiorentina,1786.65429688
1965-10-11,Fiorentina,1776.09863281
1965-10-14,Fiorentina,1767.57409668
1965-10-17,Fiorentina,1767.57409668
1965-10-18,Fiorentina,1775.11376953
1965-10-21,Fiorentina,1775.11376953
1965-10-24,Fiorentina,1775.11376953
1965-10-25,Fiorentina,1780.08618164
1965-10-31,Fiorentina,1780.08618164
1965-11-07,Fiorentina,1780.08618164
1965-11-10,Fiorentina,1780.08618164
1965-11-11,Fiorentina,1780.08618164
1965-11-15,Fiorentina,1770.06652832
1965-11-18,Fiorentina,1770.06652832
1965-11-22,Fiorentina,1764.21264648
1965-11-29,Fiorentina,1757.54016113
1965-12-02,Fiorentina,1756.8326416
1965-12-13,Fiorentina,1763.88977051
1965-12-16,Fiorentina,1764.79724121
1965-12-20,Fiorentina,1759.18725586
1965-12-27,Fiorentina,1746.12451172
1965-12-28,Fiorentina,1746.12451172
1965-12-29,Fiorentina,1746.12451172
1966-01-03,Fiorentina,1743.85998535
1966-01-04,Fiorentina,1743.85998535
1966-01-10,Fiorentina,1746.94091797
1966-01-16,Fiorentina,1746.94091797
1966-01-17,Fiorentina,1747.16186523
1966-01-24,Fiorentina,1749.86633301
1966-01-30,Fiorentina,1749.86633301
1966-01-31,Fiorentina,1758.01806641
1966-02-07,Fiorentina,1763.39672852
1966-02-14,Fiorentina,1756.6685791
1966-02-20,Fiorentina,1756.6685791
1966-02-21,Fiorentina,1750.78601074
1966-02-24,Fiorentina,1754.2923584
1966-02-27,Fiorentina,1754.2923584
1966-02-28,Fiorentina,1748.99035645
1966-03-02,Fiorentina,1748.99035645
1966-03-03,Fiorentina,1750.35900879
1966-03-06,Fiorentina,1750.35900879
1966-03-07,Fiorentina,1763.60742188
1966-03-10,Fiorentina,1763.60742188
1966-03-14,Fiorentina,1774.71264648
1966-03-16,Fiorentina,1774.71264648
1966-03-27,Fiorentina,1774.71264648
1966-03-28,Fiorentina,1763.40307617
1966-04-03,Fiorentina,1763.40307617
1966-04-04,Fiorentina,1748.5032959
1966-04-11,Fiorentina,1748.55310059
1966-04-14,Fiorentina,1748.04064941
1966-04-18,Fiorentina,1750.35070801
1966-04-20,Fiorentina,1750.35070801
1966-04-21,Fiorentina,1742.47912598
1966-04-25,Fiorentina,1763.23010254
1966-04-26,Fiorentina,1763.23010254
1966-05-02,Fiorentina,1776.38391113
1966-05-09,Fiorentina,1779.07800293
1966-05-16,Fiorentina,1785.97045898
1966-05-17,Fiorentina,1785.97045898
1966-05-23,Fiorentina,1789.15649414
1966-05-29,Fiorentina,1789.15649414
1966-08-28,Fiorentina,1789.15649414
1966-09-04,Fiorentina,1789.15649414
1966-09-11,Fiorentina,1789.15649414
1966-09-18,Fiorentina,1789.15649414
1966-09-19,Fiorentina,1793.68334961
1966-09-26,Fiorentina,1792.67053223
1966-09-29,Fiorentina,1791.62524414
1966-10-03,Fiorentina,1780.23852539
1966-10-06,Fiorentina,1748.83410645
1966-10-09,Fiorentina,1748.83410645
1966-10-10,Fiorentina,1760.35705566
1966-10-13,Fiorentina,1763.5793457
1966-10-17,Fiorentina,1756.87194824
1966-10-23,Fiorentina,1756.87194824
1966-10-24,Fiorentina,1749.49951172
1966-10-30,Fiorentina,1749.49951172
1966-10-31,Fiorentina,1749.49951172
1966-11-06,Fiorentina,1749.49951172
1966-11-07,Fiorentina,1749.49951172
1966-11-10,Fiorentina,1749.49951172
1966-11-13,Fiorentina,1749.49951172
1966-11-14,Fiorentina,1756.25439453
1966-11-17,Fiorentina,1755.67236328
1966-11-21,Fiorentina,1759.29626465
1966-11-24,Fiorentina,1759.29626465
1966-11-27,Fiorentina,1759.29626465
1966-11-28,Fiorentina,1759.29626465
1966-12-01,Fiorentina,1759.29626465
1966-12-04,Fiorentina,1759.29626465
1966-12-05,Fiorentina,1773.71313477
1966-12-07,Fiorentina,1773.71313477
1966-12-08,Fiorentina,1773.71313477
1966-12-09,Fiorentina,1783.0423584
1966-12-11,Fiorentina,1783.0423584
1966-12-12,Fiorentina,1785.70373535
1966-12-15,Fiorentina,1785.70373535
1966-12-19,Fiorentina,1785.97070312
1966-12-25,Fiorentina,1792.80126953
1966-12-27,Fiorentina,1792.80126953
1967-01-01,Fiorentina,1788.20239258
1967-01-05,Fiorentina,1794.13085938
1967-01-08,Fiorentina,1794.13085938
1967-01-09,Fiorentina,1792.33032227
1967-01-16,Fiorentina,1784.85766602
1967-01-23,Fiorentina,1779.50805664
1967-01-30,Fiorentina,1777.94812012
1967-02-05,Fiorentina,1777.94812012
1967-02-06,Fiorentina,1784.67993164
1967-02-13,Fiorentina,1776.11364746
1967-02-16,Fiorentina,1776.56750488
1967-02-20,Fiorentina,1778.65808105
1967-02-26,Fiorentina,1778.65808105
1967-02-27,Fiorentina,1777.98535156
1967-03-02,Fiorentina,1790.7277832
1967-03-06,Fiorentina,1794.78967285
1967-03-09,Fiorentina,1794.78967285
1967-03-13,Fiorentina,1783.49377441
1967-03-20,Fiorentina,1768.59936523
1967-03-28,Fiorentina,1768.59936523
1967-04-03,Fiorentina,1765.88818359
1967-04-10,Fiorentina,1770.58056641
1967-04-12,Fiorentina,1770.58056641
1967-04-16,Fiorentina,1770.58056641
1967-04-17,Fiorentina,1779.85693359
1967-04-20,Fiorentina,1776.81213379
1967-04-23,Fiorentina,1776.81213379
1967-04-24,Fiorentina,1781.04724121
1967-04-27,Fiorentina,1784.0579834
1967-04-30,Fiorentina,1784.0579834
1967-05-01,Fiorentina,1777.48803711
1967-05-04,Fiorentina,1778.96008301
1967-05-08,Fiorentina,1790.07141113
1967-05-14,Fiorentina,1790.07141113
1967-05-15,Fiorentina,1783.73779297
1967-05-21,Fiorentina,1783.73779297
1967-05-22,Fiorentina,1790.1517334
1967-05-26,Fiorentina,1783.06079102
1967-05-28,Fiorentina,1783.06079102
1967-05-29,Fiorentina,1791.33215332
1967-06-01,Fiorentina,1791.33215332
1967-06-11,Fiorentina,1791.33215332
1967-08-27,Fiorentina,1791.33215332
1967-08-30,Fiorentina,1791.33215332
1967-09-03,Fiorentina,1791.33215332
1967-09-10,Fiorentina,1791.33215332
1967-09-14,Fiorentina,1791.33215332
1967-09-17,Fiorentina,1791.33215332
1967-09-21,Fiorentina,1797.67504883
1967-09-25,Fiorentina,1800.43432617
1967-10-02,Fiorentina,1803.16442871
1967-10-05,Fiorentina,1803.16442871
1967-10-09,Fiorentina,1798.10449219
1967-10-12,Fiorentina,1799.88793945
1967-10-15,Fiorentina,1799.88793945
1967-10-16,Fiorentina,1792.53637695
1967-10-23,Fiorentina,1796.05505371
1967-10-29,Fiorentina,1796.05505371
1967-10-30,Fiorentina,1808.02905273
1967-11-05,Fiorentina,1808.02905273
1967-11-06,Fiorentina,1793.11193848
1967-11-13,Fiorentina,1787.72766113
1967-11-23,Fiorentina,1791.53625488
1967-11-27,Fiorentina,1794.8347168
1967-11-30,Fiorentina,1794.29333496
1967-12-04,Fiorentina,1792.61865234
1967-12-08,Fiorentina,1791.99658203
1967-12-10,Fiorentina,1791.41809082
1967-12-14,Fiorentina,1793.12609863
1967-12-18,Fiorentina,1795.95703125
1968-01-01,Fiorentina,1799.73413086
1968-01-08,Fiorentina,1789.91772461
1968-01-15,Fiorentina,1794.25500488
1968-01-22,Fiorentina,1794.24890137
1968-01-29,Fiorentina,1779.5916748
1968-02-01,Fiorentina,1777.98632812
1968-02-05,Fiorentina,1794.22851562
1968-02-11,Fiorentina,1794.22851562
1968-02-12,Fiorentina,1788.25085449
1968-02-19,Fiorentina,1778.6192627
1968-02-26,Fiorentina,1783.8861084
1968-02-29,Fiorentina,1786.51293945
1968-03-04,Fiorentina,1785.50463867
1968-03-10,Fiorentina,1785.50463867
1968-03-11,Fiorentina,1794.91906738
1968-03-14,Fiorentina,1786.5057373
1968-03-15,Fiorentina,1786.5057373
1968-03-18,Fiorentina,1793.69030762
1968-03-21,Fiorentina,1805.59863281
1968-03-24,Fiorentina,1805.59863281
1968-03-25,Fiorentina,1800.08874512
1968-03-31,Fiorentina,1800.08874512
1968-04-01,Fiorentina,1794.32495117
1968-04-07,Fiorentina,1794.32495117
1968-04-14,Fiorentina,1794.32495117
1968-04-15,Fiorentina,1806.46362305
1968-04-16,Fiorentina,1806.46362305
1968-04-23,Fiorentina,1806.46362305
1968-04-29,Fiorentina,1812.55908203
1968-05-02,Fiorentina,1815.75817871
1968-05-06,Fiorentina,1819.09118652
1968-05-09,Fiorentina,1822.52355957
1968-05-10,Fiorentina,1817.7598877
1968-05-13,Fiorentina,1809.07641602
1968-05-16,Fiorentina,1799.97119141
1968-05-19,Fiorentina,1799.97119141
1968-05-24,Fiorentina,1803.91833496
1968-05-26,Fiorentina,1803.91833496
1968-05-30,Fiorentina,1803.91833496
1968-06-21,Fiorentina,1803.91833496
1968-08-18,Fiorentina,1803.91833496
1968-08-20,Fiorentina,1803.91833496
1968-08-28,Fiorentina,1803.91833496
1968-09-19,Fiorentina,1801.26831055
1968-09-22,Fiorentina,1801.26831055
1968-09-29,Fiorentina,1801.26831055
1968-09-30,Fiorentina,1808.89733887
1968-10-03,Fiorentina,1812.06433105
1968-10-06,Fiorentina,1812.06433105
1968-10-07,Fiorentina,1814.24121094
1968-10-14,Fiorentina,1815.96606445
1968-10-27,Fiorentina,1815.96606445
1968-10-28,Fiorentina,1814.63269043
1968-11-03,Fiorentina,1814.63269043
1968-11-04,Fiorentina,1797.55297852
1968-11-11,Fiorentina,1797.65710449
1968-11-18,Fiorentina,1800.92260742
1968-11-25,Fiorentina,1813.19152832
1968-12-01,Fiorentina,1813.19152832
1968-12-02,Fiorentina,1815.2043457
1968-12-09,Fiorentina,1819.39001465
1968-12-16,Fiorentina,1819.90930176
1968-12-23,Fiorentina,1821.82653809
1969-01-13,Fiorentina,1826.71630859
1969-01-20,Fiorentina,1831.30383301
1969-01-27,Fiorentina,1830.10302734
1969-02-03,Fiorentina,1823.28198242
1969-02-10,Fiorentina,1830.01452637
1969-02-17,Fiorentina,1825.71447754
1969-02-20,Fiorentina,1811.93676758
1969-02-24,Fiorentina,1816.84606934
1969-03-03,Fiorentina,1817.78466797
1969-03-06,Fiorentina,1813.68518066
1969-03-10,Fiorentina,1817.47741699
1969-03-13,Fiorentina,1829.71374512
1969-03-17,Fiorentina,1827.82861328
1969-03-24,Fiorentina,1832.87731934
1969-03-30,Fiorentina,1832.87731934
1969-04-02,Fiorentina,1832.87731934
1969-04-06,Fiorentina,1832.87731934
1969-04-07,Fiorentina,1831.21179199
1969-04-14,Fiorentina,1844.64733887
1969-04-21,Fiorentina,1839.10266113
1969-04-24,Fiorentina,1842.91723633
1969-04-28,Fiorentina,1840.49938965
1969-05-05,Fiorentina,1842.42138672
1969-05-12,Fiorentina,1857.1887207
1969-05-16,Fiorentina,1857.77819824
1969-05-19,Fiorentina,1860.18078613
1969-05-22,Fiorentina,1860.18078613
1969-05-29,Fiorentina,1866.84973145
1969-08-21,Fiorentina,1866.84973145
1969-08-24,Fiorentina,1866.84973145
1969-08-28,Fiorentina,1866.84973145
1969-09-11,Fiorentina,1866.88659668
1969-09-14,Fiorentina,1866.88659668
1969-09-15,Fiorentina,1868.22314453
1969-09-18,Fiorentina,1867.49987793
1969-09-21,Fiorentina,1867.49987793
1969-09-22,Fiorentina,1876.58410645
1969-09-25,Fiorentina,1876.59033203
1969-09-29,Fiorentina,1878.42932129
1969-10-02,Fiorentina,1880.00695801
1969-10-05,Fiorentina,1880.00695801
1969-10-06,Fiorentina,1886.38208008
1969-10-13,Fiorentina,1873.13891602
1969-10-20,Fiorentina,1851.64501953
1969-10-27,Fiorentina,1845.90136719
1969-11-02,Fiorentina,1845.90136719
1969-11-09,Fiorentina,1845.90136719
1969-11-10,Fiorentina,1846.78735352
1969-11-13,Fiorentina,1861.16333008
1969-11-17,Fiorentina,1864.11767578
1969-11-27,Fiorentina,1844.64013672
1969-12-01,Fiorentina,1834.57409668
1969-12-07,Fiorentina,1834.57409668
1969-12-08,Fiorentina,1841.76660156
1969-12-15,Fiorentina,1835.07849121
1969-12-22,Fiorentina,1827.57312012
1969-12-29,Fiorentina,1833.39855957
1970-01-05,Fiorentina,1835.71923828
1970-01-12,Fiorentina,1841.70300293
1970-01-19,Fiorentina,1828.73010254
1970-01-26,Fiorentina,1837.42944336
1970-02-02,Fiorentina,1839.88183594
1970-02-09,Fiorentina,1843.21728516
1970-02-15,Fiorentina,1843.21728516
1970-02-16,Fiorentina,1845.96142578
1970-03-02,Fiorentina,1837.34838867
1970-03-05,Fiorentina,1816.8638916
1970-03-09,Fiorentina,1803.15002441
1970-03-16,Fiorentina,1799.61352539
1970-03-19,Fiorentina,1798.9074707
1970-03-22,Fiorentina,1798.9074707
1970-03-23,Fiorentina,1808.21435547
1970-03-30,Fiorentina,1798.75817871
1970-03-31,Fiorentina,1798.75817871
1970-04-02,Fiorentina,1794.70275879
1970-04-04,Fiorentina,1794.70275879
1970-04-06,Fiorentina,1802.01306152
1970-04-12,Fiorentina,1802.01306152
1970-04-13,Fiorentina,1810.67114258
1970-04-14,Fiorentina,1810.67114258
1970-04-16,Fiorentina,1814.70849609
1970-04-19,Fiorentina,1814.70849609
1970-04-20,Fiorentina,1799.72387695
1970-04-23,Fiorentina,1800.05944824
1970-04-27,Fiorentina,1797.12158203
1970-05-11,Fiorentina,1797.12158203
1970-06-01,Fiorentina,1797.12158203
1970-08-17,Fiorentina,1797.12158203
1970-09-13,Fiorentina,1797.12158203
1970-09-17,Fiorentina,1803.31799316
1970-09-27,Fiorentina,1803.31799316
1970-09-28,Fiorentina,1810.51208496
1970-10-01,Fiorentina,1799.71118164
1970-10-08,Fiorentina,1793.18554688
1970-10-12,Fiorentina,1790.09411621
1970-10-18,Fiorentina,1790.09411621
1970-10-22,Fiorentina,1789.46875
1970-10-25,Fiorentina,1789.46875
1970-10-26,Fiorentina,1777.20617676
1970-11-05,Fiorentina,1777.20617676
1970-11-06,Fiorentina,1763.52392578
1970-11-08,Fiorentina,1763.52392578
1970-11-09,Fiorentina,1763.97961426
1970-11-16,Fiorentina,1747.72216797
1970-11-22,Fiorentina,1747.72216797
1970-11-23,Fiorentina,1742.12365723
1970-11-29,Fiorentina,1742.12365723
1970-11-30,Fiorentina,1729.8692627
1970-12-07,Fiorentina,1729.8692627
1970-12-13,Fiorentina,1729.8692627
1970-12-14,Fiorentina,1730.28930664
1970-12-21,Fiorentina,1735.80639648
1970-12-27,Fiorentina,1735.80639648
1970-12-28,Fiorentina,1730.359375
1971-01-04,Fiorentina,1730.20361328
1971-01-11,Fiorentina,1724.63220215
1971-01-18,Fiorentina,1721.171875
1971-01-25,Fiorentina,1711.27893066
1971-01-31,Fiorentina,1711.27893066
1971-02-01,Fiorentina,1706.9798584
1971-02-07,Fiorentina,1706.9798584
1971-02-08,Fiorentina,1708.16003418
1971-02-15,Fiorentina,1701.83117676
1971-02-28,Fiorentina,1701.83117676
1971-03-01,Fiorentina,1706.5526123
1971-03-07,Fiorentina,1706.5526123
1971-03-08,Fiorentina,1702.52124023
1971-03-11,Fiorentina,1702.52124023
1971-03-15,Fiorentina,1699.68981934
1971-03-22,Fiorentina,1690.24060059
1971-03-25,Fiorentina,1690.24060059
1971-03-28,Fiorentina,1690.24060059
1971-03-29,Fiorentina,1693.71203613
1971-04-01,Fiorentina,1693.71203613
1971-04-03,Fiorentina,1693.71203613
1971-04-04,Fiorentina,1693.71203613
1971-04-05,Fiorentina,1689.28991699
1971-04-10,Fiorentina,1689.28991699
1971-04-12,Fiorentina,1689.99072266
1971-04-13,Fiorentina,1689.99072266
1971-04-15,Fiorentina,1689.99072266
1971-04-18,Fiorentina,1689.99072266
1971-04-19,Fiorentina,1691.49780273
1971-04-26,Fiorentina,1686.89123535
1971-04-29,Fiorentina,1686.89123535
1971-05-01,Fiorentina,1686.89123535
1971-05-02,Fiorentina,1686.89123535
1971-05-03,Fiorentina,1696.94946289
1971-05-10,Fiorentina,1696.94946289
1971-05-15,Fiorentina,1696.94946289
1971-05-16,Fiorentina,1696.94946289
1971-05-17,Fiorentina,1698.51013184
1971-05-23,Fiorentina,1698.51013184
1971-05-24,Fiorentina,1703.48999023
1971-05-30,Fiorentina,1703.48999023
1971-06-07,Fiorentina,1703.48999023
1971-06-28,Fiorentina,1703.48999023
1971-08-08,Fiorentina,1703.48999023
1971-08-15,Fiorentina,1703.48999023
1971-08-16,Fiorentina,1703.48999023
1971-08-22,Fiorentina,1703.48999023
1971-08-25,Fiorentina,1703.48999023
1971-08-29,Fiorentina,1703.48999023
1971-09-01,Fiorentina,1703.48999023
1971-09-05,Fiorentina,1703.48999023
1971-09-12,Fiorentina,1703.48999023
1971-09-13,Fiorentina,1703.48999023
1971-09-16,Fiorentina,1698.04089355
1971-09-23,Fiorentina,1698.06188965
1971-09-26,Fiorentina,1698.06188965
1971-09-27,Fiorentina,1698.06188965
1971-09-29,Fiorentina,1712.03308105
1971-09-30,Fiorentina,1712.42895508
1971-10-01,Fiorentina,1696.02355957
1971-10-03,Fiorentina,1696.02355957
1971-10-04,Fiorentina,1702.17919922
1971-10-10,Fiorentina,1702.17919922
1971-10-17,Fiorentina,1702.17919922
1971-10-18,Fiorentina,1698.00219727
1971-10-21,Fiorentina,1690.20483398
1971-10-22,Fiorentina,1695.57983398
1971-10-25,Fiorentina,1702.72229004
1971-10-30,Fiorentina,1702.72229004
1971-10-31,Fiorentina,1702.72229004
1971-11-01,Fiorentina,1690.1809082
1971-11-04,Fiorentina,1687.7565918
1971-11-05,Fiorentina,1692.76208496
1971-11-07,Fiorentina,1692.76208496
1971-11-08,Fiorentina,1698.05371094
1971-11-13,Fiorentina,1698.05371094
1971-11-14,Fiorentina,1698.05371094
1971-11-15,Fiorentina,1699.36950684
1971-11-21,Fiorentina,1699.36950684
1971-11-22,Fiorentina,1699.36950684
1971-11-25,Fiorentina,1703.61999512
1971-11-29,Fiorentina,1699.74621582
1971-12-02,Fiorentina,1709.6640625
1971-12-05,Fiorentina,1709.6640625
1971-12-06,Fiorentina,1720.18505859
1971-12-09,Fiorentina,1719.70385742
1971-12-13,Fiorentina,1723.79858398
1971-12-20,Fiorentina,1727.87304688
1971-12-27,Fiorentina,1728.01965332
1972-01-03,Fiorentina,1735.11035156
1972-01-10,Fiorentina,1737.6348877
1972-01-17,Fiorentina,1734.25646973
1972-01-24,Fiorentina,1729.15625
1972-01-31,Fiorentina,1732.75622559
1972-02-07,Fiorentina,1744.02368164
1972-02-14,Fiorentina,1747.04272461
1972-02-20,Fiorentina,1747.04272461
1972-02-21,Fiorentina,1750.38244629
1972-02-24,Fiorentina,1751.28894043
1972-02-28,Fiorentina,1752.85839844
1972-03-05,Fiorentina,1752.85839844
1972-03-08,Fiorentina,1753.75244141
1972-03-09,Fiorentina,1744.84570312
1972-03-10,Fiorentina,1744.84570312
1972-03-11,Fiorentina,1744.9720459
1972-03-12,Fiorentina,1744.9720459
1972-03-13,Fiorentina,1747.49816895
1972-03-19,Fiorentina,1747.49816895
1972-03-20,Fiorentina,1741.42370605
1972-03-23,Fiorentina,1737.32104492
1972-03-25,Fiorentina,1739.89111328
1972-03-26,Fiorentina,1739.89111328
1972-03-27,Fiorentina,1742.0670166
1972-04-03,Fiorentina,1750.85168457
1972-04-04,Fiorentina,1750.85168457
1972-04-06,Fiorentina,1747.97839355
1972-04-10,Fiorentina,1736.95007324
1972-04-17,Fiorentina,1742.1907959
1972-04-20,Fiorentina,1740.27246094
1972-04-24,Fiorentina,1725.0057373
1972-05-01,Fiorentina,1725.0057373
1972-05-08,Fiorentina,1723.07324219
1972-05-22,Fiorentina,1721.95043945
1972-05-29,Fiorentina,1723.1237793
1972-06-01,Fiorentina,1718.62646484
1972-06-24,Fiorentina,1718.62646484
1972-08-16,Fiorentina,1718.62646484
1972-09-03,Fiorentina,1718.62646484
1972-09-04,Fiorentina,1718.62646484
1972-09-07,Fiorentina,1718.65124512
1972-09-14,Fiorentina,1719.94006348
1972-09-15,Fiorentina,1720.77185059
1972-09-17,Fiorentina,1720.77185059
1972-09-24,Fiorentina,1720.77185059
1972-09-25,Fiorentina,1729.89489746
1972-09-28,Fiorentina,1699.86535645
1972-09-30,Fiorentina,1699.86535645
1972-10-01,Fiorentina,1699.86535645
1972-10-02,Fiorentina,1685.8894043
1972-10-04,Fiorentina,1685.8894043
1972-10-15,Fiorentina,1685.8894043
1972-10-16,Fiorentina,1694.13085938
1972-10-21,Fiorentina,1690.52661133
1972-10-26,Fiorentina,1682.2052002
1972-11-05,Fiorentina,1682.2052002
1972-11-06,Fiorentina,1671.14428711
1972-11-08,Fiorentina,1661.80712891
1972-11-09,Fiorentina,1670.70837402
1972-11-13,Fiorentina,1682.29870605
1972-11-18,Fiorentina,1682.29870605
1972-11-19,Fiorentina,1682.29870605
1972-11-20,Fiorentina,1685.51611328
1972-11-23,Fiorentina,1685.51611328
1972-11-27,Fiorentina,1691.75866699
1972-11-30,Fiorentina,1686.28869629
1972-12-04,Fiorentina,1682.88012695
1972-12-11,Fiorentina,1685.57580566
1972-12-14,Fiorentina,1682.31774902
1972-12-18,Fiorentina,1672.98730469
1972-12-24,Fiorentina,1672.98730469
1972-12-25,Fiorentina,1678.41748047
1972-12-31,Fiorentina,1680.68725586
1973-01-08,Fiorentina,1680.9732666
1973-01-15,Fiorentina,1680.9732666
1973-01-22,Fiorentina,1671.2331543
1973-01-29,Fiorentina,1675.859375
1973-02-05,Fiorentina,1678.66503906
1973-02-11,Fiorentina,1678.66503906
1973-02-12,Fiorentina,1683.15319824
1973-02-15,Fiorentina,1683.15319824
1973-02-18,Fiorentina,1683.15319824
1973-02-19,Fiorentina,1673.20324707
1973-02-28,Fiorentina,1673.20324707
1973-03-03,Fiorentina,1673.20324707
1973-03-04,Fiorentina,1673.20324707
1973-03-05,Fiorentina,1677.15478516
1973-03-08,Fiorentina,1676.44958496
1973-03-11,Fiorentina,1676.44958496
1973-03-12,Fiorentina,1672.48327637
1973-03-18,Fiorentina,1672.48327637
1973-03-19,Fiorentina,1681.39892578
1973-03-21,Fiorentina,1681.39892578
1973-03-22,Fiorentina,1687.71630859
1973-03-25,Fiorentina,1687.71630859
1973-03-26,Fiorentina,1678.44689941
1973-04-08,Fiorentina,1686.68493652
1973-04-12,Fiorentina,1689.59057617
1973-04-16,Fiorentina,1697.63598633
1973-04-18,Fiorentina,1697.63598633
1973-04-23,Fiorentina,1701.17919922
1973-04-24,Fiorentina,1701.17919922
1973-04-26,Fiorentina,1709.1105957
1973-04-28,Fiorentina,1709.1105957
1973-04-29,Fiorentina,1709.1105957
1973-04-30,Fiorentina,1710.70800781
1973-05-07,Fiorentina,1716.59008789
1973-05-14,Fiorentina,1722.22741699
1973-05-17,Fiorentina,1727.07495117
1973-05-20,Fiorentina,1727.07495117
1973-05-21,Fiorentina,1721.76098633
1973-05-27,Fiorentina,1721.76098633
1973-05-31,Fiorentina,1718.74316406
1973-06-10,Fiorentina,1718.74316406
1973-08-22,Fiorentina,1718.74316406
1973-08-26,Fiorentina,1718.74316406
1973-08-29,Fiorentina,1718.74316406
1973-08-30,Fiorentina,1718.74316406
1973-09-03,Fiorentina,1718.74316406
1973-09-13,Fiorentina,1718.74316406
1973-09-16,Fiorentina,1718.74316406
1973-09-20,Fiorentina,1694.24560547
1973-09-23,Fiorentina,1694.24560547
1973-09-24,Fiorentina,1694.24560547
1973-10-04,Fiorentina,1663.15185547
1973-10-06,Fiorentina,1663.15185547
1973-10-08,Fiorentina,1666.43347168
1973-10-13,Fiorentina,1666.43347168
1973-10-16,Fiorentina,1674.03625488
1973-10-21,Fiorentina,1674.03625488
1973-10-24,Fiorentina,1674.03625488
1973-10-25,Fiorentina,1665.28308105
1973-10-29,Fiorentina,1650.74755859
1973-11-03,Fiorentina,1650.74755859
1973-11-04,Fiorentina,1650.74755859
1973-11-05,Fiorentina,1654.51574707
1973-11-07,Fiorentina,1654.51574707
1973-11-08,Fiorentina,1658.84570312
1973-11-11,Fiorentina,1658.84570312
1973-11-12,Fiorentina,1658.84570312
1973-11-13,Fiorentina,1658.84570312
1973-11-18,Fiorentina,1658.84570312
1973-11-19,Fiorentina,1654.7545166
1973-11-26,Fiorentina,1665.7746582
1973-11-28,Fiorentina,1665.7746582
1973-11-29,Fiorentina,1665.7746582
1973-12-03,Fiorentina,1661.30371094
1973-12-09,Fiorentina,1661.30371094
1973-12-10,Fiorentina,1667.03527832
1973-12-17,Fiorentina,1672.39172363
1973-12-24,Fiorentina,1673.05810547
1973-12-30,Fiorentina,1673.05810547
1973-12-31,Fiorentina,1663.49658203
1974-01-06,Fiorentina,1663.49658203
1974-01-07,Fiorentina,1670.74450684
1974-01-14,Fiorentina,1670.35559082
1974-01-21,Fiorentina,1670.35559082
1974-01-22,Fiorentina,1681.33300781
1974-01-27,Fiorentina,1681.33300781
1974-01-28,Fiorentina,1689.49780273
1974-02-03,Fiorentina,1689.49780273
1974-02-04,Fiorentina,1688.21179199
1974-02-10,Fiorentina,1688.21179199
1974-02-11,Fiorentina,1681.15124512
1974-02-18,Fiorentina,1672.46350098
1974-02-24,Fiorentina,1672.46350098
1974-03-03,Fiorentina,1672.46350098
1974-03-04,Fiorentina,1669.97692871
1974-03-07,Fiorentina,1669.97692871
1974-03-11,Fiorentina,1664.30981445
1974-03-14,Fiorentina,1665.83557129
1974-03-17,Fiorentina,1665.83557129
1974-03-18,Fiorentina,1671.90234375
1974-03-21,Fiorentina,1672.19226074
1974-03-24,Fiorentina,1672.19226074
1974-03-25,Fiorentina,1674.07458496
1974-03-31,Fiorentina,1674.07458496
1974-04-01,Fiorentina,1680.16711426
1974-04-08,Fiorentina,1684.10644531
1974-04-11,Fiorentina,1688.03869629
1974-04-14,Fiorentina,1688.03869629
1974-04-16,Fiorentina,1691.47924805
1974-04-22,Fiorentina,1677.17736816
1974-04-23,Fiorentina,1677.17736816
1974-04-25,Fiorentina,1681.58361816
1974-04-28,Fiorentina,1681.58361816
1974-04-29,Fiorentina,1674.92248535
1974-05-06,Fiorentina,1668.94421387
1974-05-09,Fiorentina,1663.31652832
1974-05-13,Fiorentina,1658.80688477
1974-05-20,Fiorentina,1652.92871094
1974-05-30,Fiorentina,1652.92871094
1974-06-09,Fiorentina,1652.92871094
1974-07-27,Fiorentina,1652.92871094
1974-08-07,Fiorentina,1652.92871094
1974-08-14,Fiorentina,1652.92871094
1974-08-25,Fiorentina,1652.92871094
1974-09-01,Fiorentina,1652.92871094
1974-09-08,Fiorentina,1652.92871094
1974-09-13,Fiorentina,1652.92871094
1974-09-19,Fiorentina,1652.71875
1974-09-22,Fiorentina,1652.71875
1974-09-23,Fiorentina,1652.71875
1974-09-26,Fiorentina,1649.22314453
1974-09-29,Fiorentina,1649.22314453
1974-10-02,Fiorentina,1649.22314453
1974-10-03,Fiorentina,1655.97692871
1974-10-07,Fiorentina,1664.30236816
1974-10-10,Fiorentina,1664.30236816
1974-10-14,Fiorentina,1668.46191406
1974-10-19,Fiorentina,1668.46191406
1974-10-20,Fiorentina,1668.46191406
1974-10-21,Fiorentina,1672.39709473
1974-10-24,Fiorentina,1668.89086914
1974-10-28,Fiorentina,1669.02905273
1974-11-03,Fiorentina,1669.02905273
1974-11-05,Fiorentina,1665.65039062
1974-11-07,Fiorentina,1673.92553711
1974-11-10,Fiorentina,1673.92553711
1974-11-11,Fiorentina,1668.04406738
1974-11-17,Fiorentina,1668.04406738
1974-11-18,Fiorentina,1668.04406738
1974-11-21,Fiorentina,1668.04406738
1974-11-24,Fiorentina,1668.04406738
1974-11-25,Fiorentina,1672.47631836
1974-11-28,Fiorentina,1663.24890137
1974-12-01,Fiorentina,1663.24890137
1974-12-02,Fiorentina,1670.56237793
1974-12-09,Fiorentina,1664.53515625
1974-12-12,Fiorentina,1669.28308105
1974-12-15,Fiorentina,1669.28308105
1974-12-16,Fiorentina,1662.90942383
1974-12-21,Fiorentina,1662.90942383
1974-12-24,Fiorentina,1659.77819824
1974-12-29,Fiorentina,1659.77819824
1975-01-06,Fiorentina,1652.67028809
1975-01-12,Fiorentina,1652.67028809
1975-01-13,Fiorentina,1651.74267578
1975-01-20,Fiorentina,1658.75097656
1975-01-26,Fiorentina,1658.75097656
1975-01-27,Fiorentina,1638.47399902
1975-02-02,Fiorentina,1638.47399902
1975-02-03,Fiorentina,1643.01171875
1975-02-09,Fiorentina,1643.01171875
1975-02-10,Fiorentina,1637.48986816
1975-02-16,Fiorentina,1637.48986816
1975-02-17,Fiorentina,1636.09362793
1975-02-24,Fiorentina,1630.82873535
1975-03-02,Fiorentina,1630.82873535
1975-03-03,Fiorentina,1626.68579102
1975-03-06,Fiorentina,1629.50976562
1975-03-10,Fiorentina,1627.31188965
1975-03-17,Fiorentina,1627.9588623
1975-03-20,Fiorentina,1630.69775391
1975-03-24,Fiorentina,1625.16833496
1975-03-27,Fiorentina,1625.16833496
1975-03-28,Fiorentina,1625.16833496
1975-04-01,Fiorentina,1634.87023926
1975-04-03,Fiorentina,1634.87023926
1975-04-07,Fiorentina,1632.44006348
1975-04-10,Fiorentina,1628.46032715
1975-04-13,Fiorentina,1628.46032715
1975-04-14,Fiorentina,1623.65527344
1975-04-17,Fiorentina,1623.65527344
1975-04-20,Fiorentina,1623.65527344
1975-04-22,Fiorentina,1623.65527344
1975-04-24,Fiorentina,1615.9888916
1975-04-27,Fiorentina,1615.9888916
1975-04-28,Fiorentina,1620.97375488
1975-05-01,Fiorentina,1620.97375488
1975-05-03,Fiorentina,1620.97375488
1975-05-05,Fiorentina,1617.21606445
1975-05-06,Fiorentina,1617.21606445
1975-05-12,Fiorentina,1633.61486816
1975-05-15,Fiorentina,1633.61486816
1975-05-18,Fiorentina,1633.61486816
1975-05-19,Fiorentina,1643.31738281
1975-05-22,Fiorentina,1643.31738281
1975-05-24,Fiorentina,1643.31738281
1975-05-26,Fiorentina,1643.31738281
1975-06-01,Fiorentina,1643.31738281
1975-06-15,Fiorentina,1643.31738281
1975-06-16,Fiorentina,1643.31738281
1975-07-07,Fiorentina,1643.31738281
1975-07-21,Fiorentina,1643.31738281
1975-07-28,Fiorentina,1643.31738281
1975-08-07,Fiorentina,1643.31738281
1975-08-10,Fiorentina,1643.31738281
1975-08-11,Fiorentina,1643.31738281
1975-08-18,Fiorentina,1643.31738281
1975-08-28,Fiorentina,1643.31738281
1975-08-31,Fiorentina,1643.31738281
1975-09-04,Fiorentina,1643.31738281
1975-09-07,Fiorentina,1643.31738281
1975-09-15,Fiorentina,1643.31738281
1975-09-17,Fiorentina,1642.35644531
1975-09-18,Fiorentina,1642.09973145
1975-09-19,Fiorentina,1642.09973145
1975-09-21,Fiorentina,1642.09973145
1975-09-22,Fiorentina,1642.09973145
1975-09-28,Fiorentina,1642.09973145
1975-10-02,Fiorentina,1652.55090332
1975-10-05,Fiorentina,1652.55090332
1975-10-06,Fiorentina,1644.80859375
1975-10-09,Fiorentina,1644.80859375
1975-10-13,Fiorentina,1642.94494629
1975-10-20,Fiorentina,1639.43115234
1975-10-23,Fiorentina,1635.71850586
1975-10-26,Fiorentina,1635.71850586
1975-11-02,Fiorentina,1635.71850586
1975-11-03,Fiorentina,1639.51733398
1975-11-06,Fiorentina,1626.88354492
1975-11-09,Fiorentina,1626.88354492
1975-11-10,Fiorentina,1630.30187988
1975-11-16,Fiorentina,1630.30187988
1975-11-17,Fiorentina,1616.24108887
1975-11-27,Fiorentina,1623.55737305
1975-12-01,Fiorentina,1618.71020508
1975-12-07,Fiorentina,1618.71020508
1975-12-08,Fiorentina,1627.45544434
1975-12-11,Fiorentina,1618.46789551
1975-12-15,Fiorentina,1627.89294434
1975-12-21,Fiorentina,1627.89294434
1975-12-22,Fiorentina,1618.17248535
1975-12-28,Fiorentina,1618.17248535
1975-12-31,Fiorentina,1608.65356445
1976-01-05,Fiorentina,1608.65356445
1976-01-11,Fiorentina,1608.65356445
1976-01-12,Fiorentina,1608.65356445
1976-01-13,Fiorentina,1611.7175293
1976-01-19,Fiorentina,1623.85644531
1976-01-26,Fiorentina,1629.62304688
1976-02-02,Fiorentina,1637.4498291
1976-02-08,Fiorentina,1637.4498291
1976-02-09,Fiorentina,1637.4498291
1976-02-10,Fiorentina,1631.52099609
1976-02-16,Fiorentina,1644.11340332
1976-02-22,Fiorentina,1644.11340332
1976-02-23,Fiorentina,1645.1973877
1976-02-29,Fiorentina,1637.21923828
1976-03-04,Fiorentina,1632.83435059
1976-03-07,Fiorentina,1632.83435059
1976-03-08,Fiorentina,1621.08654785
1976-03-15,Fiorentina,1621.64086914
1976-03-18,Fiorentina,1618.65869141
1976-03-21,Fiorentina,1618.65869141
1976-03-22,Fiorentina,1615.99304199
1976-03-25,Fiorentina,1615.99304199
1976-03-28,Fiorentina,1615.99304199
1976-03-29,Fiorentina,1619.84191895
1976-03-31,Fiorentina,1619.84191895
1976-04-04,Fiorentina,1619.84191895
1976-04-11,Fiorentina,1619.84191895
1976-04-12,Fiorentina,1616.68225098
1976-04-15,Fiorentina,1616.68225098
1976-04-17,Fiorentina,1616.68225098
1976-04-18,Fiorentina,1616.68225098
1976-04-19,Fiorentina,1616.68225098
1976-04-20,Fiorentina,1613.4453125
1976-04-25,Fiorentina,1613.4453125
1976-04-26,Fiorentina,1619.82055664
1976-05-02,Fiorentina,1619.82055664
1976-05-03,Fiorentina,1624.38574219
1976-05-10,Fiorentina,1616.00756836
1976-05-13,Fiorentina,1616.00756836
1976-05-16,Fiorentina,1616.00756836
1976-05-17,Fiorentina,1610.12915039
1976-05-30,Fiorentina,1610.12915039
1976-06-05,Fiorentina,1610.12915039
1976-06-06,Fiorentina,1610.12915039
1976-06-10,Fiorentina,1610.12915039
1976-06-24,Fiorentina,1610.12915039
1976-07-05,Fiorentina,1610.12915039
1976-07-08,Fiorentina,1610.12915039
1976-07-12,Fiorentina,1610.12915039
1976-08-19,Fiorentina,1610.12915039
1976-08-21,Fiorentina,1610.12915039
1976-08-22,Fiorentina,1610.12915039
1976-08-23,Fiorentina,1610.12915039
1976-08-26,Fiorentina,1610.12915039
1976-08-29,Fiorentina,1610.12915039
1976-08-30,Fiorentina,1610.12915039
1976-09-05,Fiorentina,1610.12915039
1976-09-11,Fiorentina,1610.12915039
1976-09-12,Fiorentina,1610.12915039
1976-09-16,Fiorentina,1597.97814941
1976-09-19,Fiorentina,1597.97814941
1976-09-20,Fiorentina,1597.97814941
1976-09-27,Fiorentina,1597.97814941
1976-09-30,Fiorentina,1609.45666504
1976-10-01,Fiorentina,1610.55883789
1976-10-04,Fiorentina,1620.9552002
1976-10-10,Fiorentina,1620.9552002
1976-10-11,Fiorentina,1609.28515625
1976-10-17,Fiorentina,1609.28515625
1976-10-18,Fiorentina,1609.28515625
1976-10-21,Fiorentina,1605.21130371
1976-10-24,Fiorentina,1605.21130371
1976-10-25,Fiorentina,1610.69433594
1976-11-01,Fiorentina,1602.6739502
1976-11-04,Fiorentina,1614.9005127
1976-11-05,Fiorentina,1614.98876953
1976-11-07,Fiorentina,1614.98876953
1976-11-08,Fiorentina,1623.97192383
1976-11-13,Fiorentina,1623.97192383
1976-11-21,Fiorentina,1623.97192383
1976-11-22,Fiorentina,1617.62255859
1976-11-25,Fiorentina,1615.08190918
1976-11-28,Fiorentina,1615.08190918
1976-11-29,Fiorentina,1614.62866211
1976-12-06,Fiorentina,1619.42016602
1976-12-09,Fiorentina,1620.35314941
1976-12-13,Fiorentina,1627.69128418
1976-12-19,Fiorentina,1627.69128418
1976-12-20,Fiorentina,1622.16259766
1977-01-03,Fiorentina,1629.56933594
1977-01-10,Fiorentina,1631.36962891
1977-01-12,Fiorentina,1631.36962891
1977-01-17,Fiorentina,1626.78356934
1977-01-23,Fiorentina,1626.78356934
1977-01-24,Fiorentina,1626.78356934
1977-01-30,Fiorentina,1626.78356934
1977-01-31,Fiorentina,1631.22644043
1977-02-06,Fiorentina,1631.22644043
1977-02-07,Fiorentina,1637.64611816
1977-02-13,Fiorentina,1637.64611816
1977-02-14,Fiorentina,1640.82763672
1977-02-17,Fiorentina,1640.82763672
1977-02-20,Fiorentina,1640.82763672
1977-02-22,Fiorentina,1630.59228516
1977-02-27,Fiorentina,1630.59228516
1977-02-28,Fiorentina,1630.59228516
1977-03-01,Fiorentina,1627.25463867
1977-03-03,Fiorentina,1628.8293457
1977-03-04,Fiorentina,1634.95483398
1977-03-06,Fiorentina,1634.95483398
1977-03-07,Fiorentina,1631.47790527
1977-03-14,Fiorentina,1635.05615234
1977-03-16,Fiorentina,1635.05615234
1977-03-17,Fiorentina,1636.28637695
1977-03-19,Fiorentina,1636.28637695
1977-03-20,Fiorentina,1636.28637695
1977-03-21,Fiorentina,1643.91650391
1977-03-27,Fiorentina,1643.91650391
1977-03-28,Fiorentina,1630.24267578
1977-04-03,Fiorentina,1630.24267578
1977-04-04,Fiorentina,1638.40917969
1977-04-07,Fiorentina,1640.08374023
1977-04-11,Fiorentina,1631.54833984
1977-04-17,Fiorentina,1631.54833984
1977-04-18,Fiorentina,1632.70153809
1977-04-21,Fiorentina,1627.62072754
1977-04-24,Fiorentina,1627.62072754
1977-04-25,Fiorentina,1619.04138184
1977-04-29,Fiorentina,1619.04138184
1977-04-30,Fiorentina,1619.04138184
1977-05-01,Fiorentina,1619.04138184
1977-05-02,Fiorentina,1619.04138184
1977-05-03,Fiorentina,1623.41259766
1977-05-04,Fiorentina,1623.41259766
1977-05-05,Fiorentina,1623.04968262
1977-05-06,Fiorentina,1623.04968262
1977-05-08,Fiorentina,1623.04968262
1977-05-09,Fiorentina,1625.53588867
1977-05-12,Fiorentina,1625.53588867
1977-05-14,Fiorentina,1625.53588867
1977-05-15,Fiorentina,1625.53588867
1977-05-16,Fiorentina,1635.6517334
1977-05-17,Fiorentina,1635.6517334
1977-05-19,Fiorentina,1638.16992188
1977-05-22,Fiorentina,1638.16992188
1977-05-23,Fiorentina,1638.16992188
1977-05-26,Fiorentina,1638.16992188
1977-05-28,Fiorentina,1638.16992188
1977-06-02,Fiorentina,1638.16992188
1977-06-10,Fiorentina,1638.16992188
1977-06-12,Fiorentina,1638.16992188
1977-06-13,Fiorentina,1638.16992188
1977-06-20,Fiorentina,1638.16992188
1977-06-23,Fiorentina,1638.16992188
1977-08-04,Fiorentina,1638.16992188
1977-08-10,Fiorentina,1638.16992188
1977-08-14,Fiorentina,1638.16992188
1977-08-18,Fiorentina,1638.16992188
1977-08-20,Fiorentina,1638.16992188
1977-08-21,Fiorentina,1638.16992188
1977-09-01,Fiorentina,1638.16992188
1977-09-04,Fiorentina,1638.16992188
1977-09-08,Fiorentina,1638.16992188
1977-09-11,Fiorentina,1638.16992188
1977-09-12,Fiorentina,1634.46813965
1977-09-15,Fiorentina,1620.30908203
1977-09-19,Fiorentina,1621.02453613
1977-09-23,Fiorentina,1621.02453613
1977-09-24,Fiorentina,1621.02453613
1977-09-25,Fiorentina,1621.02453613
1977-09-26,Fiorentina,1607.53613281
1977-09-28,Fiorentina,1607.53613281
1977-09-29,Fiorentina,1614.12353516
1977-10-02,Fiorentina,1614.12353516
1977-10-03,Fiorentina,1608.48706055
1977-10-05,Fiorentina,1608.48706055
1977-10-06,Fiorentina,1608.48706055
1977-10-10,Fiorentina,1608.48706055
1977-10-13,Fiorentina,1608.48706055
1977-10-16,Fiorentina,1608.48706055
1977-10-17,Fiorentina,1608.48706055
1977-10-20,Fiorentina,1611.78503418
1977-10-23,Fiorentina,1611.78503418
1977-10-24,Fiorentina,1608.88500977
1977-10-27,Fiorentina,1608.88500977
1977-10-30,Fiorentina,1608.88500977
1977-10-31,Fiorentina,1594.01611328
1977-11-03,Fiorentina,1578.23620605
1977-11-07,Fiorentina,1581.33764648
1977-11-21,Fiorentina,1563.72143555
1977-11-24,Fiorentina,1563.2833252
1977-11-28,Fiorentina,1574.30834961
1977-12-08,Fiorentina,1561.9074707
1977-12-12,Fiorentina,1563.3380127
1977-12-19,Fiorentina,1552.83056641
1978-01-01,Fiorentina,1559.72021484
1978-01-09,Fiorentina,1557.48571777
1978-01-16,Fiorentina,1563.30053711
1978-01-23,Fiorentina,1556.81237793
1978-01-30,Fiorentina,1548.56750488
1978-02-06,Fiorentina,1543.86242676
1978-02-13,Fiorentina,1547.14550781
1978-02-20,Fiorentina,1552.91271973
1978-02-27,Fiorentina,1556.64868164
1978-03-02,Fiorentina,1559.75219727
1978-03-06,Fiorentina,1556.03613281
1978-03-13,Fiorentina,1563.31860352
1978-03-16,Fiorentina,1558.78613281
1978-03-20,Fiorentina,1554.40136719
1978-03-27,Fiorentina,1549.97436523
1978-03-30,Fiorentina,1550.41320801
1978-04-03,Fiorentina,1546.13000488
1978-04-10,Fiorentina,1540.67504883
1978-04-13,Fiorentina,1534.08581543
1978-04-17,Fiorentina,1539.03430176
1978-04-24,Fiorentina,1552.97790527
1978-05-01,Fiorentina,1561.41418457
1978-05-08,Fiorentina,1556.57531738
1978-09-14,Fiorentina,1545.88891602
1978-09-28,Fiorentina,1526.25842285
1978-10-02,Fiorentina,1532.51574707
1978-10-09,Fiorentina,1538.05529785
1978-10-16,Fiorentina,1532.98706055
1978-10-19,Fiorentina,1537.00756836
1978-10-23,Fiorentina,1544.91088867
1978-10-26,Fiorentina,1544.97192383
1978-10-30,Fiorentina,1538.82421875
1978-11-02,Fiorentina,1543.0723877
1978-11-06,Fiorentina,1547.86779785
1978-11-13,Fiorentina,1548.66052246
1978-11-20,Fiorentina,1552.38757324
1978-11-23,Fiorentina,1550.22351074
1978-11-27,Fiorentina,1549.42993164
1978-12-04,Fiorentina,1545.78527832
1978-12-07,Fiorentina,1543.98730469
1978-12-11,Fiorentina,1550.19519043
1978-12-18,Fiorentina,1550.8326416
1979-01-08,Fiorentina,1543.44750977
1979-01-15,Fiorentina,1537.6628418
1979-01-22,Fiorentina,1528.68945312
1979-01-29,Fiorentina,1529.16516113
1979-02-05,Fiorentina,1533.31274414
1979-02-12,Fiorentina,1531.58630371
1979-02-19,Fiorentina,1519.56420898
1979-03-05,Fiorentina,1512.16772461
1979-03-08,Fiorentina,1509.81347656
1979-03-12,Fiorentina,1512.24645996
1979-03-19,Fiorentina,1508.41052246
1979-03-22,Fiorentina,1506.66015625
1979-03-26,Fiorentina,1515.43273926
1979-04-02,Fiorentina,1519.10327148
1979-04-09,Fiorentina,1530.55651855
1979-04-15,Fiorentina,1532.92797852
1979-04-23,Fiorentina,1519.68505859
1979-04-30,Fiorentina,1526.50927734
1979-05-07,Fiorentina,1531.58618164
1979-05-14,Fiorentina,1544.6427002
1979-09-17,Fiorentina,1539.67932129
1979-09-20,Fiorentina,1558.28747559
1979-09-24,Fiorentina,1548.93640137
1979-10-01,Fiorentina,1546.8828125
1979-10-04,Fiorentina,1541.44921875
1979-10-05,Fiorentina,1542.60644531
1979-10-08,Fiorentina,1548.00830078
1979-10-15,Fiorentina,1553.03735352
1979-10-22,Fiorentina,1546.42407227
1979-10-25,Fiorentina,1552.47143555
1979-10-29,Fiorentina,1560.17333984
1979-11-02,Fiorentina,1529.42822266
1979-11-05,Fiorentina,1524.67736816
1979-11-08,Fiorentina,1528.50292969
1979-11-12,Fiorentina,1521.7253418
1979-11-26,Fiorentina,1520.10534668
1979-12-03,Fiorentina,1513.86157227
1979-12-10,Fiorentina,1507.38964844
1979-12-17,Fiorentina,1516.11010742
1979-12-31,Fiorentina,1521.73181152
1980-01-07,Fiorentina,1530.15625
1980-01-14,Fiorentina,1531.06713867
1980-01-21,Fiorentina,1527.53393555
1980-01-28,Fiorentina,1530.76818848
1980-02-04,Fiorentina,1537.76513672
1980-02-11,Fiorentina,1544.76953125
1980-02-25,Fiorentina,1541.39624023
1980-03-03,Fiorentina,1550.08459473
1980-03-06,Fiorentina,1552.17700195
1980-03-10,Fiorentina,1551.21728516
1980-03-20,Fiorentina,1555.32519531
1980-03-24,Fiorentina,1562.96923828
1980-03-31,Fiorentina,1573.64953613
1980-04-06,Fiorentina,1580.42614746
1980-04-10,Fiorentina,1585.05529785
1980-04-14,Fiorentina,1579.89819336
1980-04-24,Fiorentina,1571.03088379
1980-04-28,Fiorentina,1583.51916504
1980-05-05,Fiorentina,1569.83190918
1980-05-12,Fiorentina,1563.4708252
1980-09-15,Fiorentina,1568.62597656
1980-09-18,Fiorentina,1593.41589355
1980-09-22,Fiorentina,1601.45239258
1980-09-24,Fiorentina,1601.45239258
1980-09-29,Fiorentina,1596.19787598
1980-09-30,Fiorentina,1596.19787598
1980-10-01,Fiorentina,1596.19787598
1980-10-02,Fiorentina,1584.42602539
1980-10-06,Fiorentina,1583.078125
1980-10-20,Fiorentina,1582.33239746
1980-10-23,Fiorentina,1590.6463623
1980-10-27,Fiorentina,1589.27587891
1980-11-06,Fiorentina,1592.9942627
1980-11-10,Fiorentina,1588.26391602
1980-11-24,Fiorentina,1578.70996094
1980-11-27,Fiorentina,1578.66833496
1980-12-01,Fiorentina,1583.29284668
1980-12-11,Fiorentina,1583.10461426
1980-12-15,Fiorentina,1579.61694336
1980-12-22,Fiorentina,1573.29260254
1980-12-29,Fiorentina,1561.22619629
1981-01-19,Fiorentina,1547.80944824
1981-01-26,Fiorentina,1541.89440918
1981-02-02,Fiorentina,1534.28808594
1981-02-09,Fiorentina,1537.34338379
1981-02-16,Fiorentina,1542.56958008
1981-02-23,Fiorentina,1544.09509277
1981-03-02,Fiorentina,1539.1184082
1981-03-05,Fiorentina,1535.86242676
1981-03-09,Fiorentina,1549.56762695
1981-03-16,Fiorentina,1553.27490234
1981-03-19,Fiorentina,1564.31408691
1981-03-23,Fiorentina,1566.36303711
1981-03-30,Fiorentina,1560.71020508
1981-04-06,Fiorentina,1570.65026855
1981-04-09,Fiorentina,1568.25671387
1981-04-13,Fiorentina,1572.77929688
1981-04-23,Fiorentina,1572.34912109
1981-04-27,Fiorentina,1578.13964844
1981-05-04,Fiorentina,1582.08959961
1981-05-11,Fiorentina,1588.44628906
1981-05-18,Fiorentina,1592.90393066
1981-05-25,Fiorentina,1589.83642578
1981-09-14,Fiorentina,1592.95581055
1981-09-17,Fiorentina,1588.60620117
1981-09-21,Fiorentina,1590.88806152
1981-09-28,Fiorentina,1586.47705078
1981-10-01,Fiorentina,1592.67565918
1981-10-05,Fiorentina,1605.52319336
1981-10-08,Fiorentina,1605.52319336
1981-10-12,Fiorentina,1609.71276855
1981-10-16,Fiorentina,1609.71276855
1981-10-19,Fiorentina,1609.71276855
1981-10-22,Fiorentina,1596.9050293
1981-10-25,Fiorentina,1596.9050293
1981-10-26,Fiorentina,1589.84899902
1981-11-02,Fiorentina,1594.66137695
1981-11-04,Fiorentina,1594.66137695
1981-11-05,Fiorentina,1584.35583496
1981-11-09,Fiorentina,1575.7355957
1981-11-23,Fiorentina,1579.31640625
1981-11-30,Fiorentina,1585.28308105
1981-12-14,Fiorentina,1598.7644043
1981-12-16,Fiorentina,1598.7644043
1981-12-21,Fiorentina,1603.98486328
1981-12-28,Fiorentina,1603.98486328
1981-12-29,Fiorentina,1603.98486328
1982-01-04,Fiorentina,1612.49047852
1982-01-10,Fiorentina,1612.49047852
1982-01-11,Fiorentina,1619.6505127
1982-01-18,Fiorentina,1613.79150391
1982-01-24,Fiorentina,1613.79150391
1982-01-25,Fiorentina,1611.19311523
1982-01-31,Fiorentina,1611.19311523
1982-02-01,Fiorentina,1614.64953613
1982-02-07,Fiorentina,1614.64953613
1982-02-08,Fiorentina,1614.86169434
1982-02-13,Fiorentina,1614.86169434
1982-02-14,Fiorentina,1614.86169434
1982-02-15,Fiorentina,1618.40930176
1982-02-16,Fiorentina,1618.40930176
1982-02-17,Fiorentina,1618.40930176
1982-02-18,Fiorentina,1618.40930176
1982-02-23,Fiorentina,1618.40930176
1982-02-28,Fiorentina,1618.40930176
1982-03-01,Fiorentina,1627.01147461
1982-03-04,Fiorentina,1627.01147461
1982-03-08,Fiorentina,1632.54699707
1982-03-10,Fiorentina,1632.54699707
1982-03-11,Fiorentina,1632.54699707
1982-03-14,Fiorentina,1632.54699707
1982-03-15,Fiorentina,1632.34558105
1982-03-17,Fiorentina,1632.34558105
1982-03-18,Fiorentina,1632.34558105
1982-03-21,Fiorentina,1632.34558105
1982-03-22,Fiorentina,1635.1730957
1982-03-29,Fiorentina,1633.25842285
1982-04-01,Fiorentina,1633.25842285
1982-04-03,Fiorentina,1633.25842285
1982-04-04,Fiorentina,1633.25842285
1982-04-05,Fiorentina,1632.97045898
1982-04-11,Fiorentina,1632.97045898
1982-04-13,Fiorentina,1632.97045898
1982-04-14,Fiorentina,1632.97045898
1982-04-15,Fiorentina,1632.97045898
1982-04-19,Fiorentina,1636.12390137
1982-04-22,Fiorentina,1636.12390137
1982-04-24,Fiorentina,1636.12390137
1982-04-25,Fiorentina,1636.12390137
1982-04-26,Fiorentina,1646.30627441
1982-04-28,Fiorentina,1646.30627441
1982-05-02,Fiorentina,1646.30627441
1982-05-03,Fiorentina,1647.96411133
1982-05-06,Fiorentina,1647.96411133
1982-05-08,Fiorentina,1647.96411133
1982-05-09,Fiorentina,1647.96411133
1982-05-10,Fiorentina,1652.51574707
1982-05-13,Fiorentina,1652.51574707
1982-05-16,Fiorentina,1652.51574707
1982-05-17,Fiorentina,1651.20959473
1982-05-20,Fiorentina,1651.20959473
1982-05-23,Fiorentina,1651.20959473
1982-05-25,Fiorentina,1651.20959473
1982-05-27,Fiorentina,1651.20959473
1982-05-30,Fiorentina,1651.20959473
1982-05-31,Fiorentina,1651.20959473
1982-06-05,Fiorentina,1651.20959473
1982-07-18,Fiorentina,1651.20959473
1982-07-28,Fiorentina,1651.20959473
1982-08-01,Fiorentina,1651.20959473
1982-08-04,Fiorentina,1651.20959473
1982-08-29,Fiorentina,1651.20959473
1982-09-02,Fiorentina,1651.20959473
1982-09-05,Fiorentina,1651.20959473
1982-09-08,Fiorentina,1651.20959473
1982-09-09,Fiorentina,1651.20959473
1982-09-12,Fiorentina,1651.20959473
1982-09-13,Fiorentina,1656.78808594
1982-09-16,Fiorentina,1657.26147461
1982-09-20,Fiorentina,1668.00292969
1982-09-22,Fiorentina,1668.00292969
1982-09-23,Fiorentina,1668.00292969
1982-09-26,Fiorentina,1668.00292969
1982-09-27,Fiorentina,1653.66015625
1982-09-29,Fiorentina,1653.66015625
1982-09-30,Fiorentina,1652.24145508
1982-10-04,Fiorentina,1653.87145996
1982-10-11,Fiorentina,1645.40466309
1982-10-16,Fiorentina,1645.40466309
1982-10-18,Fiorentina,1630.95654297
1982-10-21,Fiorentina,1631.38037109
1982-10-22,Fiorentina,1631.38037109
1982-10-25,Fiorentina,1630.01745605
1982-10-30,Fiorentina,1630.01745605
1982-11-01,Fiorentina,1634.26086426
1982-11-04,Fiorentina,1641.71166992
1982-11-08,Fiorentina,1636.92944336
1982-11-21,Fiorentina,1636.92944336
1982-11-22,Fiorentina,1629.46606445
1982-11-25,Fiorentina,1629.93774414
1982-11-28,Fiorentina,1629.93774414
1982-11-29,Fiorentina,1624.51062012
1982-12-05,Fiorentina,1624.51062012
1982-12-06,Fiorentina,1624.51062012
1982-12-09,Fiorentina,1634.71862793
1982-12-12,Fiorentina,1634.71862793
1982-12-13,Fiorentina,1626.93518066
1982-12-19,Fiorentina,1626.93518066
1982-12-20,Fiorentina,1631.43066406
1982-12-28,Fiorentina,1631.43066406
1982-12-29,Fiorentina,1631.43066406
1982-12-30,Fiorentina,1631.43066406
1983-01-02,Fiorentina,1631.43066406
1983-01-03,Fiorentina,1630.42724609
1983-01-04,Fiorentina,1630.42724609
1983-01-09,Fiorentina,1630.42724609
1983-01-10,Fiorentina,1633.34973145
1983-01-16,Fiorentina,1633.34973145
1983-01-17,Fiorentina,1640.11547852
1983-01-24,Fiorentina,1643.34875488
1983-01-31,Fiorentina,1643.19018555
1983-02-07,Fiorentina,1640.5390625
1983-02-21,Fiorentina,1633.66894531
1983-02-26,Fiorentina,1633.66894531
1983-02-27,Fiorentina,1633.66894531
1983-02-28,Fiorentina,1639.90759277
1983-03-03,Fiorentina,1638.35876465
1983-03-07,Fiorentina,1644.59631348
1983-03-14,Fiorentina,1644.07226562
1983-03-17,Fiorentina,1646.74304199
1983-03-20,Fiorentina,1646.74304199
1983-03-21,Fiorentina,1636.43200684
1983-03-27,Fiorentina,1636.43200684
1983-03-28,Fiorentina,1634.66906738
1983-04-02,Fiorentina,1634.66906738
1983-04-03,Fiorentina,1634.66906738
1983-04-06,Fiorentina,1634.66906738
1983-04-07,Fiorentina,1636.27209473
1983-04-10,Fiorentina,1636.27209473
1983-04-11,Fiorentina,1644.75305176
1983-04-17,Fiorentina,1644.75305176
1983-04-18,Fiorentina,1644.75305176
1983-04-21,Fiorentina,1645.94909668
1983-04-22,Fiorentina,1645.94909668
1983-04-24,Fiorentina,1645.94909668
1983-04-25,Fiorentina,1649.27575684
1983-04-30,Fiorentina,1649.27575684
1983-05-01,Fiorentina,1649.27575684
1983-05-02,Fiorentina,1642.00683594
1983-05-07,Fiorentina,1642.00683594
1983-05-08,Fiorentina,1642.00683594
1983-05-09,Fiorentina,1647.02246094
1983-05-12,Fiorentina,1647.02246094
1983-05-14,Fiorentina,1647.02246094
1983-05-16,Fiorentina,1646.52416992
1983-05-19,Fiorentina,1646.52416992
1983-05-21,Fiorentina,1646.52416992
1983-05-22,Fiorentina,1646.52416992
1983-05-26,Fiorentina,1643.84338379
1983-05-29,Fiorentina,1643.84338379
1983-06-02,Fiorentina,1643.84338379
1983-06-05,Fiorentina,1643.84338379
1983-06-27,Fiorentina,1643.84338379
1983-07-11,Fiorentina,1643.84338379
1983-07-14,Fiorentina,1643.84338379
1983-08-06,Fiorentina,1643.84338379
1983-08-10,Fiorentina,1643.84338379
1983-08-15,Fiorentina,1643.84338379
1983-08-18,Fiorentina,1643.84338379
1983-08-20,Fiorentina,1643.84338379
1983-08-22,Fiorentina,1643.84338379
1983-08-25,Fiorentina,1643.84338379
1983-08-28,Fiorentina,1643.84338379
1983-08-30,Fiorentina,1643.84338379
1983-09-01,Fiorentina,1643.84338379
1983-09-02,Fiorentina,1643.84338379
1983-09-04,Fiorentina,1643.84338379
1983-09-05,Fiorentina,1643.84338379
1983-09-11,Fiorentina,1643.84338379
1983-09-13,Fiorentina,1652.31091309
1983-09-15,Fiorentina,1657.39477539
1983-09-18,Fiorentina,1657.39477539
1983-09-19,Fiorentina,1649.56689453
1983-09-24,Fiorentina,1649.56689453
1983-09-26,Fiorentina,1653.03845215
1983-09-29,Fiorentina,1668.45117188
1983-10-02,Fiorentina,1668.45117188
1983-10-03,Fiorentina,1677.20153809
1983-10-10,Fiorentina,1671.46557617
1983-10-17,Fiorentina,1671.46557617
1983-10-20,Fiorentina,1669.32446289
1983-10-23,Fiorentina,1669.32446289
1983-10-24,Fiorentina,1662.55004883
1983-10-25,Fiorentina,1662.55004883
1983-10-27,Fiorentina,1662.55004883
1983-10-29,Fiorentina,1662.55004883
1983-10-30,Fiorentina,1662.55004883
1983-10-31,Fiorentina,1653.30371094
1983-11-03,Fiorentina,1664.41992188
1983-11-07,Fiorentina,1668.88891602
1983-11-13,Fiorentina,1668.88891602
1983-11-17,Fiorentina,1668.88891602
1983-11-19,Fiorentina,1668.88891602
1983-11-21,Fiorentina,1670.60900879
1983-11-24,Fiorentina,1670.53686523
1983-11-27,Fiorentina,1670.53686523
1983-11-28,Fiorentina,1670.23742676
1983-12-03,Fiorentina,1670.23742676
1983-12-05,Fiorentina,1677.10083008
1983-12-08,Fiorentina,1670.60168457
1983-12-11,Fiorentina,1670.60168457
1983-12-12,Fiorentina,1664.94104004
1983-12-19,Fiorentina,1663.45349121
1983-12-28,Fiorentina,1663.45349121
1984-01-01,Fiorentina,1663.18981934
1984-01-03,Fiorentina,1663.18981934
1984-01-09,Fiorentina,1665.79968262
1984-01-15,Fiorentina,1665.79968262
1984-01-16,Fiorentina,1666.85986328
1984-01-22,Fiorentina,1666.85986328
1984-01-23,Fiorentina,1674.36804199
1984-01-30,Fiorentina,1683.43835449
1984-02-02,Fiorentina,1683.43835449
1984-02-04,Fiorentina,1683.43835449
1984-02-05,Fiorentina,1683.43835449
1984-02-12,Fiorentina,1683.43835449
1984-02-13,Fiorentina,1689.09655762
1984-02-15,Fiorentina,1689.09655762
1984-02-20,Fiorentina,1679.39758301
1984-02-26,Fiorentina,1679.39758301
1984-02-27,Fiorentina,1678.59680176
1984-03-04,Fiorentina,1678.59680176
1984-03-08,Fiorentina,1686.74829102
1984-03-11,Fiorentina,1686.74829102
1984-03-12,Fiorentina,1692.14746094
1984-03-13,Fiorentina,1692.14746094
1984-03-18,Fiorentina,1692.14746094
1984-03-19,Fiorentina,1698.84777832
1984-03-21,Fiorentina,1698.84777832
1984-03-22,Fiorentina,1699.92993164
1984-03-24,Fiorentina,1699.92993164
1984-03-25,Fiorentina,1699.92993164
1984-03-26,Fiorentina,1694.22790527
1984-04-02,Fiorentina,1691.17431641
1984-04-08,Fiorentina,1691.17431641
1984-04-12,Fiorentina,1691.02746582
1984-04-13,Fiorentina,1691.02746582
1984-04-16,Fiorentina,1692.95556641
1984-04-22,Fiorentina,1688.8885498
1984-04-23,Fiorentina,1688.8885498
1984-04-26,Fiorentina,1701.41894531
1984-04-30,Fiorentina,1698.12060547
1984-05-03,Fiorentina,1698.12060547
1984-05-06,Fiorentina,1698.12060547
1984-05-07,Fiorentina,1691.33337402
1984-05-08,Fiorentina,1691.33337402
1984-05-10,Fiorentina,1691.33337402
1984-05-12,Fiorentina,1691.33337402
1984-05-13,Fiorentina,1691.33337402
1984-05-14,Fiorentina,1691.9317627
1984-05-17,Fiorentina,1695.52099609
1984-05-20,Fiorentina,1695.52099609
1984-05-21,Fiorentina,1695.52099609
1984-05-24,Fiorentina,1695.52099609
1984-05-31,Fiorentina,1696.42102051
1984-06-11,Fiorentina,1696.42102051
1984-06-24,Fiorentina,1696.42102051
1984-07-25,Fiorentina,1696.42102051
1984-08-23,Fiorentina,1696.42102051
1984-08-28,Fiorentina,1696.42102051
1984-09-02,Fiorentina,1696.42102051
1984-09-03,Fiorentina,1696.42102051
1984-09-06,Fiorentina,1696.42102051
1984-09-09,Fiorentina,1696.42102051
1984-09-13,Fiorentina,1696.42102051
1984-09-15,Fiorentina,1696.42102051
1984-09-17,Fiorentina,1703.52966309
1984-09-19,Fiorentina,1703.52966309
1984-09-20,Fiorentina,1705.76306152
1984-09-21,Fiorentina,1703.97668457
1984-09-24,Fiorentina,1698.34680176
1984-09-30,Fiorentina,1698.34680176
1984-10-01,Fiorentina,1697.80285645
1984-10-02,Fiorentina,1697.80285645
1984-10-04,Fiorentina,1706.1953125
1984-10-07,Fiorentina,1706.1953125
1984-10-08,Fiorentina,1711.01977539
1984-10-15,Fiorentina,1702.18347168
1984-10-21,Fiorentina,1702.18347168
1984-10-22,Fiorentina,1705.19970703
1984-10-25,Fiorentina,1707.7689209
1984-10-29,Fiorentina,1702.48303223
1984-11-03,Fiorentina,1702.48303223
1984-11-04,Fiorentina,1702.48303223
1984-11-08,Fiorentina,1692.14440918
1984-11-12,Fiorentina,1685.71948242
1984-11-13,Fiorentina,1685.71948242
1984-11-18,Fiorentina,1685.71948242
1984-11-19,Fiorentina,1682.48925781
1984-11-25,Fiorentina,1682.48925781
1984-11-26,Fiorentina,1680.06530762
1984-11-29,Fiorentina,1680.65820312
1984-12-03,Fiorentina,1679.15966797
1984-12-09,Fiorentina,1679.15966797
1984-12-10,Fiorentina,1679.15966797
1984-12-13,Fiorentina,1683.75598145
1984-12-15,Fiorentina,1683.75598145
1984-12-16,Fiorentina,1683.75598145
1984-12-17,Fiorentina,1683.27294922
1984-12-20,Fiorentina,1683.27294922
1984-12-22,Fiorentina,1683.27294922
1984-12-24,Fiorentina,1684.46276855
1984-12-27,Fiorentina,1684.46276855
1984-12-31,Fiorentina,1684.46276855
1985-01-07,Fiorentina,1688.09997559
1985-01-14,Fiorentina,1674.47521973
1985-01-21,Fiorentina,1678.90722656
1985-01-28,Fiorentina,1681.77124023
1985-02-11,Fiorentina,1684.99938965
1985-02-18,Fiorentina,1685.77709961
1985-02-25,Fiorentina,1665.10900879
1985-03-03,Fiorentina,1665.10900879
1985-03-04,Fiorentina,1667.18847656
1985-03-07,Fiorentina,1668.2355957
1985-03-11,Fiorentina,1668.2355957
1985-03-17,Fiorentina,1668.2355957
1985-03-18,Fiorentina,1654.05834961
1985-03-21,Fiorentina,1659.07983398
1985-03-25,Fiorentina,1652.53100586
1985-03-31,Fiorentina,1652.53100586
1985-04-01,Fiorentina,1659.61621094
1985-04-04,Fiorentina,1659.61621094
1985-04-07,Fiorentina,1659.61621094
1985-04-11,Fiorentina,1667.92053223
1985-04-14,Fiorentina,1667.92053223
1985-04-15,Fiorentina,1665.02709961
1985-04-17,Fiorentina,1665.02709961
1985-04-21,Fiorentina,1665.02709961
1985-04-22,Fiorentina,1658.06433105
1985-04-25,Fiorentina,1645.80273438
1985-04-26,Fiorentina,1645.80273438
1985-04-28,Fiorentina,1645.80273438
1985-04-29,Fiorentina,1660.7199707
1985-05-05,Fiorentina,1660.7199707
1985-05-06,Fiorentina,1666.45214844
1985-05-09,Fiorentina,1666.45214844
1985-05-13,Fiorentina,1663.64257812
1985-05-15,Fiorentina,1663.64257812
1985-05-18,Fiorentina,1663.64257812
1985-05-20,Fiorentina,1658.39099121
1985-05-27,Fiorentina,1658.39099121
1985-05-29,Fiorentina,1658.39099121
1985-05-30,Fiorentina,1663.90722656
1985-06-02,Fiorentina,1663.90722656
1985-06-06,Fiorentina,1663.90722656
1985-06-09,Fiorentina,1663.90722656
1985-06-16,Fiorentina,1663.90722656
1985-06-20,Fiorentina,1663.90722656
1985-07-01,Fiorentina,1663.90722656
1985-08-11,Fiorentina,1663.90722656
1985-08-14,Fiorentina,1663.90722656
1985-08-19,Fiorentina,1663.90722656
1985-08-22,Fiorentina,1663.90722656
1985-08-26,Fiorentina,1663.90722656
1985-08-27,Fiorentina,1663.90722656
1985-09-01,Fiorentina,1663.90722656
1985-09-09,Fiorentina,1670.07202148
1985-09-15,Fiorentina,1670.07202148
1985-09-16,Fiorentina,1665.7779541
1985-09-19,Fiorentina,1664.43249512
1985-09-22,Fiorentina,1664.43249512
1985-09-23,Fiorentina,1672.00805664
1985-09-30,Fiorentina,1676.13232422
1985-10-03,Fiorentina,1691.05151367
1985-10-06,Fiorentina,1691.05151367
1985-10-07,Fiorentina,1691.53149414
1985-10-12,Fiorentina,1691.53149414
1985-10-13,Fiorentina,1691.53149414
1985-10-14,Fiorentina,1687.8918457
1985-10-20,Fiorentina,1687.8918457
1985-10-21,Fiorentina,1684.28979492
1985-10-24,Fiorentina,1677.14489746
1985-10-27,Fiorentina,1677.14489746
1985-10-28,Fiorentina,1678.55224609
1985-11-02,Fiorentina,1678.55224609
1985-11-04,Fiorentina,1691.06518555
1985-11-07,Fiorentina,1688.44958496
1985-11-08,Fiorentina,1688.44958496
1985-11-10,Fiorentina,1688.44958496
1985-11-11,Fiorentina,1692.6751709
1985-11-16,Fiorentina,1692.6751709
1985-11-21,Fiorentina,1692.6751709
1985-11-24,Fiorentina,1692.6751709
1985-11-25,Fiorentina,1685.84240723
1985-11-28,Fiorentina,1685.32373047
1985-12-01,Fiorentina,1685.32373047
1985-12-02,Fiorentina,1683.26757812
1985-12-09,Fiorentina,1686.80310059
1985-12-12,Fiorentina,1682.50695801
1985-12-15,Fiorentina,1682.50695801
1985-12-16,Fiorentina,1684.51306152
1985-12-18,Fiorentina,1684.51306152
1985-12-23,Fiorentina,1678.28686523
1985-12-24,Fiorentina,1678.28686523
1985-12-29,Fiorentina,1678.28686523
1986-01-02,Fiorentina,1678.28686523
1986-01-05,Fiorentina,1678.28686523
1986-01-06,Fiorentina,1681.9855957
1986-01-13,Fiorentina,1678.65820312
1986-01-19,Fiorentina,1678.65820312
1986-01-20,Fiorentina,1673.81640625
1986-01-26,Fiorentina,1673.81640625
1986-01-27,Fiorentina,1664.49243164
1986-02-09,Fiorentina,1664.49243164
1986-02-10,Fiorentina,1668.22924805
1986-02-17,Fiorentina,1672.4095459
1986-02-24,Fiorentina,1671.86547852
1986-03-02,Fiorentina,1671.86547852
1986-03-03,Fiorentina,1667.09387207
1986-03-06,Fiorentina,1671.92004395
1986-03-09,Fiorentina,1671.92004395
1986-03-10,Fiorentina,1666.53637695
1986-03-13,Fiorentina,1666.53637695
1986-03-16,Fiorentina,1666.53637695
1986-03-17,Fiorentina,1663.8737793
1986-03-19,Fiorentina,1663.8737793
1986-03-20,Fiorentina,1661.10424805
1986-03-21,Fiorentina,1661.10424805
1986-03-23,Fiorentina,1661.10424805
1986-03-24,Fiorentina,1670.09277344
1986-03-30,Fiorentina,1670.09277344
1986-03-31,Fiorentina,1670.09277344
1986-04-01,Fiorentina,1670.09277344
1986-04-03,Fiorentina,1674.25170898
1986-04-06,Fiorentina,1674.25170898
1986-04-07,Fiorentina,1686.9967041
1986-04-10,Fiorentina,1686.9967041
1986-04-14,Fiorentina,1676.88195801
1986-04-17,Fiorentina,1668.81616211
1986-04-19,Fiorentina,1668.81616211
1986-04-20,Fiorentina,1668.81616211
1986-04-21,Fiorentina,1672.57958984
1986-04-27,Fiorentina,1672.57958984
1986-04-28,Fiorentina,1681.53747559
1986-05-01,Fiorentina,1681.53747559
1986-05-03,Fiorentina,1681.53747559
1986-05-29,Fiorentina,1681.53747559
1986-07-17,Fiorentina,1681.53747559
1986-07-25,Fiorentina,1681.53747559
1986-07-31,Fiorentina,1681.53747559
1986-08-10,Fiorentina,1681.53747559
1986-08-27,Fiorentina,1681.53747559
1986-08-30,Fiorentina,1681.53747559
1986-09-01,Fiorentina,1681.53747559
1986-09-04,Fiorentina,1681.53747559
1986-09-07,Fiorentina,1681.53747559
1986-09-14,Fiorentina,1681.53747559
1986-09-15,Fiorentina,1674.72241211
1986-09-18,Fiorentina,1688.86340332
1986-09-21,Fiorentina,1688.86340332
1986-09-22,Fiorentina,1695.84680176
1986-09-28,Fiorentina,1695.84680176
1986-09-29,Fiorentina,1694.25
1986-10-02,Fiorentina,1684.07617188
1986-10-03,Fiorentina,1672.97277832
1986-10-04,Fiorentina,1672.97277832
1986-10-06,Fiorentina,1660.09423828
1986-10-09,Fiorentina,1660.09423828
1986-10-11,Fiorentina,1660.09423828
1986-10-12,Fiorentina,1660.09423828
1986-10-13,Fiorentina,1661.27966309
1986-10-19,Fiorentina,1661.27966309
1986-10-20,Fiorentina,1664.42016602
1986-10-23,Fiorentina,1666.60620117
1986-10-27,Fiorentina,1655.13903809
1986-11-02,Fiorentina,1655.13903809
1986-11-03,Fiorentina,1646.40637207
1986-11-06,Fiorentina,1650.32165527
1986-11-10,Fiorentina,1659.57348633
1986-11-16,Fiorentina,1659.57348633
1986-11-17,Fiorentina,1659.57348633
1986-11-21,Fiorentina,1659.57348633
1986-11-23,Fiorentina,1659.57348633
1986-11-24,Fiorentina,1667.88146973
1986-11-26,Fiorentina,1667.88146973
1986-11-27,Fiorentina,1670.14282227
1986-11-29,Fiorentina,1670.14282227
1986-11-30,Fiorentina,1670.14282227
1986-12-01,Fiorentina,1660.81359863
1986-12-07,Fiorentina,1660.81359863
1986-12-08,Fiorentina,1660.81359863
1986-12-11,Fiorentina,1668.12487793
1986-12-12,Fiorentina,1667.63061523
1986-12-15,Fiorentina,1658.71386719
1986-12-18,Fiorentina,1658.71386719
1986-12-21,Fiorentina,1658.71386719
1986-12-22,Fiorentina,1654.5480957
1986-12-29,Fiorentina,1654.5480957
1987-01-02,Fiorentina,1654.5480957
1987-01-04,Fiorentina,1654.5480957
1987-01-05,Fiorentina,1665.9317627
1987-01-11,Fiorentina,1665.9317627
1987-01-13,Fiorentina,1656.96777344
1987-01-19,Fiorentina,1662.79431152
1987-01-25,Fiorentina,1662.79431152
1987-01-26,Fiorentina,1662.79431152
1987-02-02,Fiorentina,1656.06567383
1987-02-09,Fiorentina,1658.86291504
1987-02-23,Fiorentina,1661.38439941
1987-02-26,Fiorentina,1661.38439941
1987-03-02,Fiorentina,1659.02490234
1987-03-05,Fiorentina,1657.22998047
1987-03-08,Fiorentina,1657.22998047
1987-03-09,Fiorentina,1644.35571289
1987-03-12,Fiorentina,1644.35571289
1987-03-15,Fiorentina,1644.35571289
1987-03-16,Fiorentina,1649.35534668
1987-03-19,Fiorentina,1638.72619629
1987-03-21,Fiorentina,1638.72619629
1987-03-22,Fiorentina,1638.72619629
1987-03-23,Fiorentina,1636.76025391
1987-03-26,Fiorentina,1636.76025391
1987-03-29,Fiorentina,1636.76025391
1987-03-30,Fiorentina,1640.48657227
1987-03-31,Fiorentina,1640.48657227
1987-04-04,Fiorentina,1640.48657227
1987-04-05,Fiorentina,1640.48657227
1987-04-06,Fiorentina,1647.22473145
1987-04-12,Fiorentina,1647.22473145
1987-04-13,Fiorentina,1640.92224121
1987-04-19,Fiorentina,1640.92224121
1987-04-20,Fiorentina,1640.92224121
1987-04-21,Fiorentina,1640.92224121
1987-04-23,Fiorentina,1640.92224121
1987-04-26,Fiorentina,1640.92224121
1987-04-27,Fiorentina,1638.18200684
1987-05-02,Fiorentina,1638.18200684
1987-05-03,Fiorentina,1638.18200684
1987-05-04,Fiorentina,1634.62182617
1987-05-06,Fiorentina,1634.62182617
1987-05-11,Fiorentina,1641.26123047
1987-05-18,Fiorentina,1645.38720703
1987-05-21,Fiorentina,1645.38720703
1987-05-23,Fiorentina,1645.38720703
1987-05-25,Fiorentina,1645.38720703
1987-05-26,Fiorentina,1645.38720703
1987-05-30,Fiorentina,1645.38720703
1987-05-31,Fiorentina,1645.38720703
1987-06-08,Fiorentina,1645.38720703
1987-06-12,Fiorentina,1645.38720703
1987-07-26,Fiorentina,1645.38720703
1987-07-30,Fiorentina,1645.38720703
1987-08-13,Fiorentina,1645.38720703
1987-08-14,Fiorentina,1645.38720703
1987-08-16,Fiorentina,1645.38720703
1987-08-19,Fiorentina,1645.38720703
1987-08-23,Fiorentina,1645.38720703
1987-08-25,Fiorentina,1645.38720703
1987-08-29,Fiorentina,1645.38720703
1987-08-31,Fiorentina,1645.38720703
1987-09-02,Fiorentina,1645.38720703
1987-09-06,Fiorentina,1645.38720703
1987-09-07,Fiorentina,1645.38720703
1987-09-14,Fiorentina,1643.17053223
1987-09-17,Fiorentina,1639.77832031
1987-09-21,Fiorentina,1658.60229492
1987-09-28,Fiorentina,1653.45410156
1987-09-30,Fiorentina,1653.45410156
1987-10-01,Fiorentina,1668.90808105
1987-10-05,Fiorentina,1669.41064453
1987-10-12,Fiorentina,1673.4654541
1987-10-18,Fiorentina,1673.4654541
1987-10-19,Fiorentina,1673.4654541
1987-10-22,Fiorentina,1657.66650391
1987-10-25,Fiorentina,1657.66650391
1987-10-26,Fiorentina,1652.25671387
1987-11-01,Fiorentina,1652.25671387
1987-11-02,Fiorentina,1657.96289062
1987-11-04,Fiorentina,1662.66748047
1987-11-05,Fiorentina,1662.88867188
1987-11-09,Fiorentina,1654.09484863
1987-11-18,Fiorentina,1654.09484863
1987-11-19,Fiorentina,1654.09484863
1987-11-22,Fiorentina,1654.09484863
1987-11-23,Fiorentina,1652.53356934
1987-11-25,Fiorentina,1652.53356934
1987-11-26,Fiorentina,1649.99609375
1987-11-29,Fiorentina,1649.99609375
1987-11-30,Fiorentina,1642.74841309
1987-12-06,Fiorentina,1642.74841309
1987-12-10,Fiorentina,1642.35522461
1987-12-14,Fiorentina,1632.08056641
1987-12-19,Fiorentina,1632.08056641
1987-12-20,Fiorentina,1632.08056641
1987-12-21,Fiorentina,1621.88964844
1987-12-27,Fiorentina,1621.88964844
1987-12-29,Fiorentina,1621.88964844
1988-01-02,Fiorentina,1621.88964844
1988-01-04,Fiorentina,1629.31103516
1988-01-11,Fiorentina,1624.7019043
1988-01-17,Fiorentina,1624.7019043
1988-01-18,Fiorentina,1624.36022949
1988-01-25,Fiorentina,1620.69494629
1988-02-01,Fiorentina,1620.86279297
1988-02-07,Fiorentina,1620.86279297
1988-02-08,Fiorentina,1614.90063477
1988-02-15,Fiorentina,1609.33093262
1988-02-21,Fiorentina,1609.33093262
1988-02-22,Fiorentina,1609.33093262
1988-02-25,Fiorentina,1609.33093262
1988-02-28,Fiorentina,1609.33093262
1988-02-29,Fiorentina,1612.43395996
1988-03-02,Fiorentina,1616.70397949
1988-03-03,Fiorentina,1613.24694824
1988-03-06,Fiorentina,1613.24694824
1988-03-07,Fiorentina,1619.14904785
1988-03-14,Fiorentina,1620.81506348
1988-03-16,Fiorentina,1624.21191406
1988-03-17,Fiorentina,1624.78344727
1988-03-20,Fiorentina,1624.78344727
1988-03-21,Fiorentina,1629.80615234
1988-03-27,Fiorentina,1629.80615234
1988-03-28,Fiorentina,1626.41601562
1988-04-03,Fiorentina,1626.41601562
1988-04-07,Fiorentina,1626.70166016
1988-04-11,Fiorentina,1621.3671875
1988-04-16,Fiorentina,1621.3671875
1988-04-18,Fiorentina,1615.57666016
1988-04-21,Fiorentina,1610.34973145
1988-04-25,Fiorentina,1614.68139648
1988-05-01,Fiorentina,1614.68139648
1988-05-02,Fiorentina,1611.56335449
1988-05-05,Fiorentina,1611.56335449
1988-05-08,Fiorentina,1611.56335449
1988-05-09,Fiorentina,1620.64733887
1988-05-10,Fiorentina,1620.64733887
1988-05-16,Fiorentina,1634.92382812
1988-05-22,Fiorentina,1634.92382812
1988-05-23,Fiorentina,1634.92382812
1988-05-30,Fiorentina,1634.92382812
1988-07-31,Fiorentina,1634.92382812
1988-08-08,Fiorentina,1634.92382812
1988-08-15,Fiorentina,1634.92382812
1988-08-18,Fiorentina,1634.92382812
1988-08-22,Fiorentina,1634.92382812
1988-08-25,Fiorentina,1634.92382812
1988-09-04,Fiorentina,1634.92382812
1988-09-05,Fiorentina,1634.92382812
1988-09-07,Fiorentina,1634.92382812
1988-09-08,Fiorentina,1627.33093262
1988-09-11,Fiorentina,1627.33093262
1988-09-12,Fiorentina,1627.33093262
1988-09-18,Fiorentina,1627.33093262
1988-09-19,Fiorentina,1627.33093262
1988-09-26,Fiorentina,1627.33093262
1988-10-02,Fiorentina,1627.33093262
1988-10-03,Fiorentina,1627.33093262
1988-10-05,Fiorentina,1627.33093262
1988-10-06,Fiorentina,1630.76147461
1988-10-07,Fiorentina,1634.68518066
1988-10-08,Fiorentina,1634.68518066
1988-10-09,Fiorentina,1634.68518066
1988-10-10,Fiorentina,1630.02929688
1988-10-12,Fiorentina,1644.13647461
1988-10-17,Fiorentina,1648.04223633
1988-10-24,Fiorentina,1663.83703613
1988-10-27,Fiorentina,1668.63671875
1988-10-30,Fiorentina,1668.63671875
1988-10-31,Fiorentina,1673.7947998
1988-11-06,Fiorentina,1673.7947998
1988-11-07,Fiorentina,1668.83520508
1988-11-09,Fiorentina,1668.83520508
1988-11-10,Fiorentina,1676.47094727
1988-11-11,Fiorentina,1677.05908203
1988-11-13,Fiorentina,1677.05908203
1988-11-15,Fiorentina,1677.05908203
1988-11-20,Fiorentina,1677.05908203
1988-11-21,Fiorentina,1677.61071777
1988-11-24,Fiorentina,1691.30029297
1988-11-27,Fiorentina,1691.30029297
1988-11-28,Fiorentina,1678.82446289
1988-12-04,Fiorentina,1678.82446289
1988-12-05,Fiorentina,1675.26513672
1988-12-08,Fiorentina,1652.75610352
1988-12-11,Fiorentina,1652.75610352
1988-12-12,Fiorentina,1656.49365234
1988-12-19,Fiorentina,1649.5390625
1988-12-27,Fiorentina,1649.5390625
1989-01-01,Fiorentina,1643.39709473
1989-01-09,Fiorentina,1650.65881348
1989-01-12,Fiorentina,1650.65881348
1989-01-15,Fiorentina,1650.65881348
1989-01-16,Fiorentina,1659.65405273
1989-01-23,Fiorentina,1660.46350098
1989-01-30,Fiorentina,1658.33483887
1989-02-06,Fiorentina,1650.90869141
1989-02-12,Fiorentina,1650.90869141
1989-02-13,Fiorentina,1660.015625
1989-02-19,Fiorentina,1660.015625
1989-02-20,Fiorentina,1648.86010742
1989-02-22,Fiorentina,1648.86010742
1989-02-26,Fiorentina,1648.86010742
1989-02-27,Fiorentina,1649.79101562
1989-03-02,Fiorentina,1655.14978027
1989-03-05,Fiorentina,1655.14978027
1989-03-06,Fiorentina,1661.55236816
1989-03-13,Fiorentina,1655.64660645
1989-03-16,Fiorentina,1659.24169922
1989-03-19,Fiorentina,1659.24169922
1989-03-20,Fiorentina,1670.42248535
1989-03-26,Fiorentina,1670.42248535
1989-03-28,Fiorentina,1670.42248535
1989-03-29,Fiorentina,1670.42248535
1989-04-03,Fiorentina,1676.65258789
1989-04-06,Fiorentina,1684.39099121
1989-04-09,Fiorentina,1684.39099121
1989-04-10,Fiorentina,1697.83776855
1989-04-16,Fiorentina,1697.83776855
1989-04-17,Fiorentina,1687.58251953
1989-04-20,Fiorentina,1711.94189453
1989-04-21,Fiorentina,1711.94189453
1989-04-23,Fiorentina,1711.94189453
1989-04-30,Fiorentina,1711.94189453
1989-05-01,Fiorentina,1713.05371094
1989-05-04,Fiorentina,1712.12646484
1989-05-08,Fiorentina,1716.83984375
1989-05-11,Fiorentina,1711.96691895
1989-05-14,Fiorentina,1711.96691895
1989-05-15,Fiorentina,1707.64941406
1989-05-16,Fiorentina,1707.64941406
1989-05-18,Fiorentina,1711.07165527
1989-05-22,Fiorentina,1703.38720703
1989-05-25,Fiorentina,1710.88378906
1989-05-29,Fiorentina,1716.47888184
1989-06-05,Fiorentina,1711.54724121
1989-06-12,Fiorentina,1706.03417969
1989-06-18,Fiorentina,1706.03417969
1989-06-19,Fiorentina,1701.1907959
1989-06-26,Fiorentina,1698.47497559
1989-07-26,Fiorentina,1698.47497559
1989-08-14,Fiorentina,1698.47497559
1989-08-16,Fiorentina,1698.47497559
1989-08-24,Fiorentina,1698.47497559
1989-08-27,Fiorentina,1698.47497559
1989-08-28,Fiorentina,1699.50134277
1989-09-04,Fiorentina,1694.06079102
1989-09-07,Fiorentina,1689.96862793
1989-09-10,Fiorentina,1689.96862793
1989-09-11,Fiorentina,1694.17529297
1989-09-13,Fiorentina,1695.37145996
1989-09-14,Fiorentina,1691.5423584
1989-09-15,Fiorentina,1691.75439453
1989-09-17,Fiorentina,1691.75439453
1989-09-18,Fiorentina,1689.56872559
1989-09-19,Fiorentina,1689.56872559
1989-09-24,Fiorentina,1689.56872559
1989-09-25,Fiorentina,1697.10510254
1989-09-27,Fiorentina,1697.10266113
1989-09-28,Fiorentina,1685.51989746
1989-10-01,Fiorentina,1685.51989746
1989-10-02,Fiorentina,1671.62426758
1989-10-03,Fiorentina,1671.62426758
1989-10-04,Fiorentina,1671.62426758
1989-10-09,Fiorentina,1665.84094238
1989-10-14,Fiorentina,1665.84094238
1989-10-18,Fiorentina,1668.34143066
1989-10-19,Fiorentina,1665.85205078
1989-10-22,Fiorentina,1665.85205078
1989-10-23,Fiorentina,1677.51965332
1989-10-30,Fiorentina,1686.12475586
1989-11-02,Fiorentina,1708.03259277
1989-11-06,Fiorentina,1695.51647949
1989-11-13,Fiorentina,1695.51647949
1989-11-19,Fiorentina,1695.51647949
1989-11-20,Fiorentina,1704.10473633
1989-11-23,Fiorentina,1698.49414062
1989-11-26,Fiorentina,1698.49414062
1989-11-27,Fiorentina,1699.5612793
1989-12-03,Fiorentina,1699.5612793
1989-12-04,Fiorentina,1688.89343262
1989-12-06,Fiorentina,1688.89343262
1989-12-07,Fiorentina,1697.30407715
1989-12-11,Fiorentina,1689.6229248
1989-12-17,Fiorentina,1689.6229248
1989-12-18,Fiorentina,1690.72644043
1989-12-30,Fiorentina,1690.72644043
1989-12-31,Fiorentina,1693.91967773
1990-01-07,Fiorentina,1693.91967773
1990-01-08,Fiorentina,1689.43432617
1990-01-14,Fiorentina,1689.43432617
1990-01-15,Fiorentina,1689.92895508
1990-01-18,Fiorentina,1689.72473145
1990-01-21,Fiorentina,1689.72473145
1990-01-22,Fiorentina,1691.79663086
1990-01-29,Fiorentina,1684.21228027
1990-02-04,Fiorentina,1684.21228027
1990-02-05,Fiorentina,1679.03100586
1990-02-12,Fiorentina,1679.55224609
1990-02-15,Fiorentina,1679.55224609
1990-02-19,Fiorentina,1686.70385742
1990-02-22,Fiorentina,1686.70385742
1990-02-25,Fiorentina,1686.70385742
1990-02-26,Fiorentina,1681.15771484
1990-03-04,Fiorentina,1681.15771484
1990-03-05,Fiorentina,1675.52368164
1990-03-07,Fiorentina,1675.52368164
1990-03-08,Fiorentina,1684.27587891
1990-03-12,Fiorentina,1678.43017578
1990-03-18,Fiorentina,1678.43017578
1990-03-19,Fiorentina,1671.58374023
1990-03-22,Fiorentina,1685.35559082
1990-03-23,Fiorentina,1686.07556152
1990-03-25,Fiorentina,1686.07556152
1990-03-26,Fiorentina,1681.18127441
1990-04-02,Fiorentina,1681.18127441
1990-04-04,Fiorentina,1695.20214844
1990-04-05,Fiorentina,1695.68225098
1990-04-08,Fiorentina,1695.68225098
1990-04-09,Fiorentina,1700.24658203
1990-04-11,Fiorentina,1700.24658203
1990-04-15,Fiorentina,1706.07324219
1990-04-17,Fiorentina,1706.07324219
1990-04-18,Fiorentina,1710.24365234
1990-04-19,Fiorentina,1718.88916016
1990-04-21,Fiorentina,1718.88916016
1990-04-23,Fiorentina,1715.26135254
1990-04-26,Fiorentina,1715.26135254
1990-04-28,Fiorentina,1715.26135254
1990-04-29,Fiorentina,1715.26135254
1990-04-30,Fiorentina,1724.61315918
1990-05-02,Fiorentina,1724.61315918
1990-05-03,Fiorentina,1721.36230469
1990-05-06,Fiorentina,1721.36230469
1990-05-07,Fiorentina,1721.36230469
1990-05-10,Fiorentina,1725.87609863
1990-05-13,Fiorentina,1725.87609863
1990-05-17,Fiorentina,1721.58764648
1990-05-20,Fiorentina,1721.58764648
1990-05-24,Fiorentina,1723.44665527
1990-07-28,Fiorentina,1723.44665527
1990-08-12,Fiorentina,1723.44665527
1990-08-19,Fiorentina,1723.44665527
1990-08-26,Fiorentina,1723.44665527
1990-08-29,Fiorentina,1723.44665527
1990-09-09,Fiorentina,1723.44665527
1990-09-10,Fiorentina,1714.51794434
1990-09-15,Fiorentina,1714.51794434
1990-09-16,Fiorentina,1714.51794434
1990-09-17,Fiorentina,1715.36315918
1990-09-20,Fiorentina,1713.78344727
1990-09-23,Fiorentina,1713.78344727
1990-09-24,Fiorentina,1712.16479492
1990-09-30,Fiorentina,1712.16479492
1990-10-01,Fiorentina,1720.07055664
1990-10-04,Fiorentina,1735.89990234
1990-10-07,Fiorentina,1735.89990234
1990-10-08,Fiorentina,1757.01794434
1990-10-14,Fiorentina,1757.01794434
1990-10-22,Fiorentina,1743.73632812
1990-10-25,Fiorentina,1735.41442871
1990-10-29,Fiorentina,1732.28991699
1990-11-04,Fiorentina,1732.28991699
1990-11-08,Fiorentina,1751.19677734
1990-11-11,Fiorentina,1751.19677734
1990-11-12,Fiorentina,1746.42297363
1990-11-15,Fiorentina,1746.42297363
1990-11-19,Fiorentina,1745.76635742
1990-11-26,Fiorentina,1741.0559082
1990-11-29,Fiorentina,1740.91723633
1990-12-02,Fiorentina,1740.91723633
1990-12-03,Fiorentina,1738.42041016
1990-12-09,Fiorentina,1738.42041016
1990-12-10,Fiorentina,1734.57592773
1990-12-13,Fiorentina,1742.11828613
1990-12-16,Fiorentina,1742.11828613
1990-12-17,Fiorentina,1749.14831543
1990-12-23,Fiorentina,1749.14831543
1990-12-27,Fiorentina,1749.14831543
1990-12-30,Fiorentina,1749.14831543
1990-12-31,Fiorentina,1753.41394043
1991-01-07,Fiorentina,1749.47827148
1991-01-13,Fiorentina,1749.47827148
1991-01-14,Fiorentina,1752.9510498
1991-01-20,Fiorentina,1752.9510498
1991-01-21,Fiorentina,1757.90515137
1991-01-28,Fiorentina,1755.96435547
1991-02-03,Fiorentina,1755.96435547
1991-02-04,Fiorentina,1753.16259766
1991-02-11,Fiorentina,1755.66418457
1991-02-18,Fiorentina,1750.00537109
1991-02-24,Fiorentina,1750.00537109
1991-02-25,Fiorentina,1758.39538574
1991-03-03,Fiorentina,1758.39538574
1991-03-04,Fiorentina,1752.56384277
1991-03-07,Fiorentina,1751.10632324
1991-03-11,Fiorentina,1750.09423828
1991-03-17,Fiorentina,1750.09423828
1991-03-18,Fiorentina,1745.42590332
1991-03-20,Fiorentina,1745.42590332
1991-03-21,Fiorentina,1731.96313477
1991-03-24,Fiorentina,1731.96313477
1991-03-25,Fiorentina,1737.92614746
1991-03-31,Fiorentina,1728.13574219
1991-04-01,Fiorentina,1728.13574219
1991-04-02,Fiorentina,1728.13574219
1991-04-03,Fiorentina,1728.13574219
1991-04-07,Fiorentina,1736.71069336
1991-04-08,Fiorentina,1736.71069336
1991-04-11,Fiorentina,1734.88684082
1991-04-14,Fiorentina,1734.88684082
1991-04-15,Fiorentina,1737.28955078
1991-04-18,Fiorentina,1737.28955078
1991-04-21,Fiorentina,1737.28955078
1991-04-22,Fiorentina,1738.93164062
1991-04-25,Fiorentina,1739.92248535
1991-05-05,Fiorentina,1739.92248535
1991-05-06,Fiorentina,1740.09423828
1991-05-09,Fiorentina,1740.09423828
1991-05-13,Fiorentina,1734.41601562
1991-05-16,Fiorentina,1734.41601562
1991-05-18,Fiorentina,1734.41601562
1991-05-19,Fiorentina,1734.41601562
1991-05-20,Fiorentina,1732.32104492
1991-05-27,Fiorentina,1749.26794434
1991-06-02,Fiorentina,1749.26794434
1991-06-03,Fiorentina,1749.26794434
1991-06-09,Fiorentina,1749.26794434
1991-06-10,Fiorentina,1749.26794434
1991-06-16,Fiorentina,1749.26794434
1991-08-10,Fiorentina,1749.26794434
1991-08-15,Fiorentina,1749.26794434
1991-08-21,Fiorentina,1749.26794434
1991-08-25,Fiorentina,1749.26794434
1991-08-29,Fiorentina,1749.26794434
1991-09-02,Fiorentina,1745.36767578
1991-09-07,Fiorentina,1745.36767578
1991-09-09,Fiorentina,1754.27502441
1991-09-12,Fiorentina,1754.27502441
1991-09-15,Fiorentina,1754.27502441
1991-09-16,Fiorentina,1741.42272949
1991-09-19,Fiorentina,1742.90563965
1991-09-20,Fiorentina,1741.55883789
1991-09-23,Fiorentina,1748.56213379
1991-09-26,Fiorentina,1748.56213379
1991-09-27,Fiorentina,1748.56213379
1991-09-30,Fiorentina,1739.41992188
1991-10-02,Fiorentina,1738.35620117
1991-10-03,Fiorentina,1722.921875
1991-10-04,Fiorentina,1726.9744873
1991-10-06,Fiorentina,1726.9744873
1991-10-07,Fiorentina,1733.17028809
1991-10-20,Fiorentina,1733.17028809
1991-10-21,Fiorentina,1738.87963867
1991-10-23,Fiorentina,1738.87963867
1991-10-24,Fiorentina,1739.48266602
1991-10-25,Fiorentina,1740.60571289
1991-10-27,Fiorentina,1740.60571289
1991-10-28,Fiorentina,1739.42553711
1991-11-04,Fiorentina,1743.25195312
1991-11-06,Fiorentina,1743.25195312
1991-11-07,Fiorentina,1746.50769043
1991-11-08,Fiorentina,1746.50769043
1991-11-17,Fiorentina,1746.50769043
1991-11-18,Fiorentina,1741.40234375
1991-11-24,Fiorentina,1741.40234375
1991-11-25,Fiorentina,1738.99633789
1991-11-28,Fiorentina,1744.12817383
1991-12-01,Fiorentina,1744.12817383
1991-12-02,Fiorentina,1754.59423828
1991-12-08,Fiorentina,1754.59423828
1991-12-09,Fiorentina,1760.95336914
1991-12-12,Fiorentina,1760.93981934
1991-12-15,Fiorentina,1760.93981934
1991-12-16,Fiorentina,1753.82348633
1991-12-23,Fiorentina,1753.82348633
1991-12-27,Fiorentina,1753.82348633
1992-01-06,Fiorentina,1745.48144531
1992-01-12,Fiorentina,1745.48144531
1992-01-13,Fiorentina,1742.02966309
1992-01-19,Fiorentina,1742.02966309
1992-01-20,Fiorentina,1739.01953125
1992-01-26,Fiorentina,1739.01953125
1992-01-27,Fiorentina,1750.64599609
1992-02-03,Fiorentina,1745.89648438
1992-02-09,Fiorentina,1745.89648438
1992-02-10,Fiorentina,1747.84997559
1992-02-15,Fiorentina,1747.84997559
1992-02-17,Fiorentina,1750.75842285
1992-02-23,Fiorentina,1750.75842285
1992-02-24,Fiorentina,1767.7800293
1992-03-02,Fiorentina,1766.53771973
1992-03-05,Fiorentina,1767.79089355
1992-03-08,Fiorentina,1767.79089355
1992-03-09,Fiorentina,1760.10522461
1992-03-16,Fiorentina,1745.33007812
1992-03-18,Fiorentina,1745.33007812
1992-03-19,Fiorentina,1747.54919434
1992-03-20,Fiorentina,1747.72351074
1992-03-30,Fiorentina,1733.31152344
1992-04-02,Fiorentina,1733.80102539
1992-04-03,Fiorentina,1733.80102539
1992-04-06,Fiorentina,1744.81750488
1992-04-12,Fiorentina,1744.81750488
1992-04-13,Fiorentina,1748.44311523
1992-04-16,Fiorentina,1750.66931152
1992-04-19,Fiorentina,1744.53039551
1992-04-26,Fiorentina,1744.53039551
1992-04-27,Fiorentina,1752.58508301
1992-04-30,Fiorentina,1749.52233887
1992-05-03,Fiorentina,1749.52233887
1992-05-04,Fiorentina,1748.73486328
1992-05-10,Fiorentina,1748.73486328
1992-05-11,Fiorentina,1744.08203125
1992-05-14,Fiorentina,1743.74304199
1992-05-17,Fiorentina,1743.74304199
1992-05-18,Fiorentina,1754.92077637
1992-05-21,Fiorentina,1751.20446777
1992-05-25,Fiorentina,1754.4979248
1992-08-15,Fiorentina,1754.4979248
1992-08-16,Fiorentina,1754.4979248
1992-08-17,Fiorentina,1754.4979248
1992-08-18,Fiorentina,1754.4979248
1992-08-20,Fiorentina,1754.4979248
1992-08-23,Fiorentina,1754.4979248
1992-08-24,Fiorentina,1754.4979248
1992-08-30,Fiorentina,1754.4979248
1992-09-06,Fiorentina,1754.4979248
1992-09-07,Fiorentina,1750.91345215
1992-09-12,Fiorentina,1750.91345215
1992-09-13,Fiorentina,1750.91345215
1992-09-14,Fiorentina,1753.85046387
1992-09-17,Fiorentina,1760.2791748
1992-09-18,Fiorentina,1760.2791748
1992-09-21,Fiorentina,1766.35168457
1992-09-26,Fiorentina,1766.35168457
1992-09-28,Fiorentina,1770.70654297
1992-09-30,Fiorentina,1770.71398926
1992-10-01,Fiorentina,1771.78649902
1992-10-02,Fiorentina,1772.22949219
1992-10-05,Fiorentina,1762.78942871
1992-10-08,Fiorentina,1762.78942871
1992-10-10,Fiorentina,1762.78942871
1992-10-19,Fiorentina,1772.83056641
1992-10-21,Fiorentina,1774.04199219
1992-10-22,Fiorentina,1764.82678223
1992-10-23,Fiorentina,1758.64990234
1992-10-26,Fiorentina,1773.97143555
1992-10-30,Fiorentina,1773.97143555
1992-11-02,Fiorentina,1766.91809082
1992-11-04,Fiorentina,1766.84448242
1992-11-05,Fiorentina,1771.60925293
1992-11-06,Fiorentina,1769.04309082
1992-11-08,Fiorentina,1769.04309082
1992-11-09,Fiorentina,1774.97570801
1992-11-23,Fiorentina,1774.82116699
1992-11-26,Fiorentina,1777.18115234
1992-11-29,Fiorentina,1777.18115234
1992-11-30,Fiorentina,1767.9284668
1992-12-04,Fiorentina,1767.9284668
1992-12-07,Fiorentina,1778.83520508
1992-12-10,Fiorentina,1782.06665039
1992-12-11,Fiorentina,1783.28637695
1992-12-14,Fiorentina,1785.90466309
1992-12-19,Fiorentina,1785.90466309
1992-12-20,Fiorentina,1785.90466309
1993-01-04,Fiorentina,1774.44116211
1993-01-11,Fiorentina,1758.85754395
1993-01-18,Fiorentina,1757.08520508
1993-01-19,Fiorentina,1757.08520508
1993-01-25,Fiorentina,1751.24035645
1993-01-30,Fiorentina,1751.24035645
1993-02-01,Fiorentina,1753.60314941
1993-02-07,Fiorentina,1753.60314941
1993-02-08,Fiorentina,1739.36877441
1993-02-15,Fiorentina,1730.93481445
1993-02-26,Fiorentina,1730.93481445
1993-02-28,Fiorentina,1730.93481445
1993-03-01,Fiorentina,1730.35766602
1993-03-03,Fiorentina,1731.01977539
1993-03-04,Fiorentina,1734.67541504
1993-03-05,Fiorentina,1733.55285645
1993-03-08,Fiorentina,1732.18615723
1993-03-15,Fiorentina,1736.13452148
1993-03-17,Fiorentina,1741.140625
1993-03-18,Fiorentina,1745.95117188
1993-03-19,Fiorentina,1739.85131836
1993-03-22,Fiorentina,1735.10839844
1993-03-28,Fiorentina,1735.10839844
1993-03-29,Fiorentina,1740.81799316
1993-04-03,Fiorentina,1740.81799316
1993-04-05,Fiorentina,1745.73791504
1993-04-07,Fiorentina,1748.86572266
1993-04-08,Fiorentina,1749.83435059
1993-04-11,Fiorentina,1744.53796387
1993-04-15,Fiorentina,1744.53796387
1993-04-19,Fiorentina,1743.25939941
1993-04-21,Fiorentina,1743.25939941
1993-04-22,Fiorentina,1743.75708008
1993-04-23,Fiorentina,1745.98083496
1993-04-26,Fiorentina,1741.32897949
1993-05-01,Fiorentina,1741.32897949
1993-05-02,Fiorentina,1741.32897949
1993-05-03,Fiorentina,1741.32897949
1993-05-04,Fiorentina,1741.32897949
1993-05-05,Fiorentina,1741.32897949
1993-05-06,Fiorentina,1745.12329102
1993-05-09,Fiorentina,1744.6652832
1993-05-11,Fiorentina,1744.6652832
1993-05-13,Fiorentina,1746.68041992
1993-05-17,Fiorentina,1741.94958496
1993-05-20,Fiorentina,1742.42285156
1993-05-21,Fiorentina,1742.42285156
1993-05-23,Fiorentina,1742.42285156
1993-05-24,Fiorentina,1738.14929199
1993-05-27,Fiorentina,1733.4576416
1993-05-31,Fiorentina,1738.21472168
1993-06-07,Fiorentina,1749.3059082
1993-07-02,Fiorentina,1749.3059082
1993-07-24,Fiorentina,1749.3059082
1993-08-01,Fiorentina,1749.3059082
1993-08-22,Fiorentina,1749.3059082
1993-08-30,Fiorentina,1758.31848145
1993-09-02,Fiorentina,1758.31848145
1993-09-05,Fiorentina,1758.31848145
1993-09-06,Fiorentina,1761.75378418
1993-09-12,Fiorentina,1761.75378418
1993-09-13,Fiorentina,1760.97937012
1993-09-15,Fiorentina,1761.06665039
1993-09-16,Fiorentina,1761.76257324
1993-09-17,Fiorentina,1760.60864258
1993-09-18,Fiorentina,1760.60864258
1993-09-19,Fiorentina,1752.96911621
1993-09-20,Fiorentina,1752.96911621
1993-09-27,Fiorentina,1757.27026367
1993-09-29,Fiorentina,1757.3416748
1993-09-30,Fiorentina,1760.10974121
1993-10-01,Fiorentina,1760.10974121
1993-10-04,Fiorentina,1760.359375
1993-10-10,Fiorentina,1760.359375
1993-10-11,Fiorentina,1764.63830566
1993-10-18,Fiorentina,1761.88903809
1993-10-20,Fiorentina,1761.88903809
1993-10-21,Fiorentina,1761.86853027
1993-10-24,Fiorentina,1769.15649414
1993-10-31,Fiorentina,1769.15649414
1993-11-01,Fiorentina,1762.17822266
1993-11-03,Fiorentina,1762.22900391
1993-11-04,Fiorentina,1759.82080078
1993-11-05,Fiorentina,1752.04443359
1993-11-08,Fiorentina,1752.04443359
1993-11-14,Fiorentina,1752.04443359
1993-11-15,Fiorentina,1757.16101074
1993-11-22,Fiorentina,1759.33276367
1993-11-25,Fiorentina,1763.02160645
1993-11-26,Fiorentina,1765.56030273
1993-11-28,Fiorentina,1765.56030273
1993-11-29,Fiorentina,1762.36328125
1993-12-02,Fiorentina,1763.70996094
1993-12-04,Fiorentina,1763.70996094
1993-12-06,Fiorentina,1768.34729004
1993-12-08,Fiorentina,1768.34729004
1993-12-09,Fiorentina,1769.10009766
1993-12-13,Fiorentina,1760.57519531
1993-12-19,Fiorentina,1763.32287598
1993-12-30,Fiorentina,1763.32287598
1994-01-03,Fiorentina,1761.6661377
1994-01-10,Fiorentina,1764.39770508
1994-01-17,Fiorentina,1755.33166504
1994-01-24,Fiorentina,1758.30822754
1994-01-30,Fiorentina,1758.30822754
1994-01-31,Fiorentina,1767.43762207
1994-02-07,Fiorentina,1772.01025391
1994-02-13,Fiorentina,1772.01025391
1994-02-14,Fiorentina,1768.44287109
1994-02-21,Fiorentina,1757.76489258
1994-02-24,Fiorentina,1757.76489258
1994-02-27,Fiorentina,1757.76489258
1994-02-28,Fiorentina,1762.49267578
1994-03-02,Fiorentina,1765.95263672
1994-03-03,Fiorentina,1764.80993652
1994-03-04,Fiorentina,1765.85119629
1994-03-06,Fiorentina,1765.85119629
1994-03-07,Fiorentina,1763.87304688
1994-03-14,Fiorentina,1767.22973633
1994-03-16,Fiorentina,1763.84594727
1994-03-17,Fiorentina,1765.58728027
1994-03-18,Fiorentina,1764.24816895
1994-03-20,Fiorentina,1764.24816895
1994-03-28,Fiorentina,1758.68249512
1994-03-30,Fiorentina,1757.88452148
1994-03-31,Fiorentina,1754.83398438
1994-04-03,Fiorentina,1745.14709473
1994-04-04,Fiorentina,1745.14709473
1994-04-07,Fiorentina,1745.14709473
1994-04-10,Fiorentina,1737.77209473
1994-04-14,Fiorentina,1740.71398926
1994-04-17,Fiorentina,1740.71398926
1994-04-18,Fiorentina,1738.7298584
1994-04-24,Fiorentina,1738.7298584
1994-04-25,Fiorentina,1740.59204102
1994-04-27,Fiorentina,1743.20910645
1994-04-28,Fiorentina,1744.05554199
1994-05-01,Fiorentina,1744.05554199
1994-05-02,Fiorentina,1743.87390137
1994-05-05,Fiorentina,1740.13867188
1994-05-08,Fiorentina,1740.13867188
1994-05-09,Fiorentina,1746.1986084
1994-05-12,Fiorentina,1746.83850098
1994-05-16,Fiorentina,1745.50256348
1994-05-19,Fiorentina,1750.00598145
1994-05-23,Fiorentina,1743.14672852
1994-05-30,Fiorentina,1739.50061035
1994-06-06,Fiorentina,1725.32678223
1994-07-14,Fiorentina,1725.32678223
1994-08-20,Fiorentina,1725.32678223
1994-08-25,Fiorentina,1725.32678223
1994-09-01,Fiorentina,1725.32678223
1994-09-04,Fiorentina,1725.32678223
1994-09-05,Fiorentina,1731.82983398
1994-09-11,Fiorentina,1731.82983398
1994-09-12,Fiorentina,1735.69226074
1994-09-14,Fiorentina,1733.18994141
1994-09-15,Fiorentina,1727.5489502
1994-09-16,Fiorentina,1727.61462402
1994-09-18,Fiorentina,1727.61462402
1994-09-19,Fiorentina,1735.36987305
1994-09-24,Fiorentina,1735.36987305
1994-09-25,Fiorentina,1735.36987305
1994-09-26,Fiorentina,1730.24597168
1994-09-28,Fiorentina,1733.76379395
1994-09-29,Fiorentina,1734.47338867
1994-09-30,Fiorentina,1731.77709961
1994-10-02,Fiorentina,1731.77709961
1994-10-03,Fiorentina,1732.01013184
1994-10-16,Fiorentina,1733.8034668
1994-10-19,Fiorentina,1735.42626953
1994-10-20,Fiorentina,1734.17578125
1994-10-21,Fiorentina,1734.984375
1994-10-24,Fiorentina,1740.73400879
1994-10-25,Fiorentina,1740.73400879
1994-10-30,Fiorentina,1740.73400879
1994-10-31,Fiorentina,1752.59851074
1994-11-02,Fiorentina,1753.67480469
1994-11-03,Fiorentina,1754.09936523
1994-11-04,Fiorentina,1754.01599121
1994-11-07,Fiorentina,1759.5802002
1994-11-12,Fiorentina,1759.5802002
1994-11-20,Fiorentina,1759.5802002
1994-11-21,Fiorentina,1779.44641113
1994-11-23,Fiorentina,1778.24853516
1994-11-24,Fiorentina,1770.71325684
1994-11-25,Fiorentina,1770.32214355
1994-11-27,Fiorentina,1770.32214355
1994-11-28,Fiorentina,1769.39953613
1994-12-03,Fiorentina,1763.70336914
1994-12-05,Fiorentina,1760.89282227
1994-12-07,Fiorentina,1764.10986328
1994-12-08,Fiorentina,1766.98718262
1994-12-12,Fiorentina,1774.38293457
1994-12-19,Fiorentina,1771.11645508
1995-01-08,Fiorentina,1771.11645508
1995-01-09,Fiorentina,1765.2052002
1995-01-15,Fiorentina,1765.2052002
1995-01-16,Fiorentina,1765.31115723
1995-01-23,Fiorentina,1761.04309082
1995-01-30,Fiorentina,1753.8515625
1995-02-05,Fiorentina,1753.8515625
1995-02-13,Fiorentina,1760.66320801
1995-02-19,Fiorentina,1760.66320801
1995-02-20,Fiorentina,1762.03833008
1995-02-27,Fiorentina,1759.59899902
1995-03-02,Fiorentina,1762.35327148
1995-03-03,Fiorentina,1759.56738281
1995-03-06,Fiorentina,1750.54772949
1995-03-12,Fiorentina,1750.54772949
1995-03-13,Fiorentina,1745.12731934
1995-03-15,Fiorentina,1745.81396484
1995-03-16,Fiorentina,1746.85327148
1995-03-17,Fiorentina,1748.20532227
1995-03-19,Fiorentina,1748.20532227
1995-03-20,Fiorentina,1756.71972656
1995-03-23,Fiorentina,1756.71972656
1995-03-27,Fiorentina,1756.71972656
1995-04-03,Fiorentina,1761.91516113
1995-04-05,Fiorentina,1761.17419434
1995-04-06,Fiorentina,1763.80200195
1995-04-07,Fiorentina,1763.0826416
1995-04-10,Fiorentina,1763.95214844
1995-04-14,Fiorentina,1763.95214844
1995-04-15,Fiorentina,1775.24633789
1995-04-16,Fiorentina,1775.24633789
1995-04-19,Fiorentina,1782.80163574
1995-04-20,Fiorentina,1784.13867188
1995-04-21,Fiorentina,1782.7935791
1995-04-23,Fiorentina,1782.7935791
1995-04-24,Fiorentina,1787.27270508
1995-05-01,Fiorentina,1775.92492676
1995-05-07,Fiorentina,1775.92492676
1995-05-08,Fiorentina,1770.17736816
1995-05-10,Fiorentina,1770.17736816
1995-05-11,Fiorentina,1770.17736816
1995-05-15,Fiorentina,1763.99609375
1995-05-22,Fiorentina,1773.52062988
1995-05-25,Fiorentina,1769.85498047
1995-05-28,Fiorentina,1769.85498047
1995-05-29,Fiorentina,1764.88134766
1995-06-05,Fiorentina,1757.82373047
1995-06-19,Fiorentina,1757.82373047
1995-07-27,Fiorentina,1757.82373047
1995-08-05,Fiorentina,1757.82373047
1995-08-20,Fiorentina,1757.82373047
1995-08-26,Fiorentina,1757.82373047
1995-08-28,Fiorentina,1765.19567871
1995-08-29,Fiorentina,1765.19567871
1995-08-30,Fiorentina,1765.19567871
1995-09-03,Fiorentina,1765.19567871
1995-09-09,Fiorentina,1765.19567871
1995-09-10,Fiorentina,1765.19567871
1995-09-11,Fiorentina,1758.01037598
1995-09-13,Fiorentina,1758.32543945
1995-09-14,Fiorentina,1762.50488281
1995-09-15,Fiorentina,1762.52087402
1995-09-18,Fiorentina,1770.42590332
1995-09-24,Fiorentina,1770.42590332
1995-09-25,Fiorentina,1765.13452148
1995-09-27,Fiorentina,1756.76586914
1995-09-28,Fiorentina,1757.54162598
1995-09-29,Fiorentina,1757.5447998
1995-10-02,Fiorentina,1762.03125
1995-10-05,Fiorentina,1762.03125
1995-10-15,Fiorentina,1762.03125
1995-10-16,Fiorentina,1778.93835449
1995-10-18,Fiorentina,1778.91674805
1995-10-19,Fiorentina,1779.32531738
1995-10-20,Fiorentina,1772.81567383
1995-10-23,Fiorentina,1768.67114258
1995-10-27,Fiorentina,1768.67114258
1995-10-30,Fiorentina,1772.62182617
1995-11-01,Fiorentina,1760.84375
1995-11-02,Fiorentina,1763.17626953
1995-11-03,Fiorentina,1769.85351562
1995-11-06,Fiorentina,1779.9050293
1995-11-12,Fiorentina,1779.9050293
1995-11-13,Fiorentina,1779.9050293
1995-11-19,Fiorentina,1779.9050293
1995-11-20,Fiorentina,1777.25915527
1995-11-22,Fiorentina,1775.82824707
1995-11-23,Fiorentina,1771.05126953
1995-11-24,Fiorentina,1772.42626953
1995-11-26,Fiorentina,1772.42626953
1995-11-27,Fiorentina,1769.74072266
1995-12-03,Fiorentina,1769.74072266
1995-12-04,Fiorentina,1777.2376709
1995-12-06,Fiorentina,1779.69287109
1995-12-07,Fiorentina,1778.3795166
1995-12-08,Fiorentina,1778.66748047
1995-12-11,Fiorentina,1786.04846191
1995-12-18,Fiorentina,1799.60925293
1995-12-21,Fiorentina,1799.60925293
1995-12-24,Fiorentina,1799.79003906
1996-01-08,Fiorentina,1804.70019531
1996-01-11,Fiorentina,1804.70019531
1996-01-15,Fiorentina,1807.36035156
1996-01-22,Fiorentina,1822.77612305
1996-01-29,Fiorentina,1817.08398438
1996-02-05,Fiorentina,1818.57470703
1996-02-12,Fiorentina,1825.14941406
1996-02-19,Fiorentina,1824.80297852
1996-02-26,Fiorentina,1831.22021484
1996-03-04,Fiorentina,1826.87219238
1996-03-06,Fiorentina,1821.24047852
1996-03-08,Fiorentina,1822.24243164
1996-03-10,Fiorentina,1822.24243164
1996-03-11,Fiorentina,1820.96838379
1996-03-17,Fiorentina,1820.96838379
1996-03-20,Fiorentina,1811.74499512
1996-03-21,Fiorentina,1815.32373047
1996-03-22,Fiorentina,1809.07556152
1996-03-25,Fiorentina,1800.16357422
1996-04-01,Fiorentina,1811.86450195
1996-04-02,Fiorentina,1811.86450195
1996-04-04,Fiorentina,1813.61254883
1996-04-07,Fiorentina,1816.1619873
1996-04-11,Fiorentina,1806.49475098
1996-04-15,Fiorentina,1798.84179688
1996-04-18,Fiorentina,1798.98400879
1996-04-22,Fiorentina,1801.84191895
1996-04-27,Fiorentina,1801.84191895
1996-04-29,Fiorentina,1797.70043945
1996-05-06,Fiorentina,1780.14147949
1996-05-13,Fiorentina,1788.8939209
1996-05-19,Fiorentina,1788.8939209
1996-05-23,Fiorentina,1789.02966309
1996-08-18,Fiorentina,1789.02966309
1996-08-26,Fiorentina,1789.02966309
1996-09-08,Fiorentina,1789.02966309
1996-09-09,Fiorentina,1771.27856445
1996-09-11,Fiorentina,1778.08422852
1996-09-12,Fiorentina,1773.78564453
1996-09-13,Fiorentina,1773.31396484
1996-09-16,Fiorentina,1774.12011719
1996-09-20,Fiorentina,1774.12011719
1996-09-23,Fiorentina,1776.77099609
1996-09-25,Fiorentina,1768.24523926
1996-09-26,Fiorentina,1772.47973633
1996-09-27,Fiorentina,1773.44433594
1996-09-30,Fiorentina,1770.97961426
1996-10-03,Fiorentina,1770.97961426
1996-10-13,Fiorentina,1770.97961426
1996-10-14,Fiorentina,1769.38635254
1996-10-16,Fiorentina,1762.86462402
1996-10-17,Fiorentina,1757.93115234
1996-10-18,Fiorentina,1757.32666016
1996-10-19,Fiorentina,1757.32666016
1996-10-20,Fiorentina,1757.32666016
1996-10-21,Fiorentina,1768.89416504
1996-10-24,Fiorentina,1768.89416504
1996-10-27,Fiorentina,1768.89416504
1996-10-28,Fiorentina,1776.3416748
1996-10-30,Fiorentina,1764.79797363
1996-10-31,Fiorentina,1767.58276367
1996-11-01,Fiorentina,1774.56933594
1996-11-04,Fiorentina,1778.31982422
1996-11-17,Fiorentina,1778.31982422
1996-11-18,Fiorentina,1782.32861328
1996-11-20,Fiorentina,1784.86340332
1996-11-21,Fiorentina,1786.34887695
1996-11-25,Fiorentina,1780.21777344
1996-11-26,Fiorentina,1780.21777344
1996-11-29,Fiorentina,1783.10266113
1996-12-02,Fiorentina,1787.14367676
1996-12-04,Fiorentina,1787.82507324
1996-12-05,Fiorentina,1782.64685059
1996-12-09,Fiorentina,1786.5123291
1996-12-16,Fiorentina,1775.87451172
1996-12-23,Fiorentina,1780.3614502
1997-01-06,Fiorentina,1787.37512207
1997-01-13,Fiorentina,1785.04968262
1997-01-19,Fiorentina,1785.04968262
1997-01-20,Fiorentina,1782.91992188
1997-01-27,Fiorentina,1776.86889648
1997-02-03,Fiorentina,1771.96374512
1997-02-10,Fiorentina,1771.96374512
1997-02-14,Fiorentina,1771.96374512
1997-02-17,Fiorentina,1762.07189941
1997-02-24,Fiorentina,1763.00244141
1997-03-03,Fiorentina,1758.26013184
1997-03-05,Fiorentina,1758.8404541
1997-03-06,Fiorentina,1758.95666504
1997-03-07,Fiorentina,1776.09667969
1997-03-09,Fiorentina,1776.09667969
1997-03-10,Fiorentina,1779.76318359
1997-03-15,Fiorentina,1779.76318359
1997-03-17,Fiorentina,1772.9329834
1997-03-19,Fiorentina,1773.69445801
1997-03-20,Fiorentina,1774.48986816
1997-03-21,Fiorentina,1767.89709473
1997-03-23,Fiorentina,1767.89709473
1997-03-24,Fiorentina,1774.27978516
1997-04-07,Fiorentina,1772.11474609
1997-04-09,Fiorentina,1775.95495605
1997-04-10,Fiorentina,1778.54284668
1997-04-11,Fiorentina,1786.20068359
1997-04-14,Fiorentina,1786.10900879
1997-04-17,Fiorentina,1786.10900879
1997-04-20,Fiorentina,1786.10900879
1997-04-21,Fiorentina,1791.32958984
1997-04-23,Fiorentina,1792.40844727
1997-04-24,Fiorentina,1794.42419434
1997-04-25,Fiorentina,1768.86291504
1997-04-27,Fiorentina,1768.86291504
1997-05-05,Fiorentina,1766.99902344
1997-05-08,Fiorentina,1765.14526367
1997-05-11,Fiorentina,1765.14526367
1997-05-12,Fiorentina,1754.16101074
1997-05-16,Fiorentina,1741.78356934
1997-05-18,Fiorentina,1741.78356934
1997-05-19,Fiorentina,1743.54833984
1997-05-22,Fiorentina,1744.07531738
1997-05-25,Fiorentina,1744.07531738
1997-05-26,Fiorentina,1748.16931152
1997-05-29,Fiorentina,1742.54101562
1997-06-02,Fiorentina,1747.08203125
1997-06-24,Fiorentina,1747.08203125
1997-08-02,Fiorentina,1747.08203125
1997-08-06,Fiorentina,1747.08203125
1997-08-10,Fiorentina,1747.08203125
1997-08-14,Fiorentina,1749.68066406
1997-08-23,Fiorentina,1749.68066406
1997-08-24,Fiorentina,1749.68066406
1997-08-25,Fiorentina,1749.68066406
1997-08-28,Fiorentina,1750.79614258
1997-08-30,Fiorentina,1750.79614258
1997-08-31,Fiorentina,1750.79614258
1997-09-01,Fiorentina,1761.9699707
1997-09-02,Fiorentina,1761.9699707
1997-09-08,Fiorentina,1761.9699707
1997-09-14,Fiorentina,1761.9699707
1997-09-15,Fiorentina,1766.2355957
1997-09-17,Fiorentina,1761.27185059
1997-09-18,Fiorentina,1762.65905762
1997-09-19,Fiorentina,1764.82714844
1997-09-22,Fiorentina,1761.08349609
1997-09-27,Fiorentina,1761.08349609
1997-09-29,Fiorentina,1746.41235352
1997-10-01,Fiorentina,1746.36767578
1997-10-02,Fiorentina,1744.17224121
1997-10-03,Fiorentina,1744.8236084
1997-10-04,Fiorentina,1744.8236084
1997-10-05,Fiorentina,1744.8236084
1997-10-06,Fiorentina,1742.24816895
1997-10-08,Fiorentina,1742.24816895
1997-10-15,Fiorentina,1742.24816895
1997-10-16,Fiorentina,1742.24816895
1997-10-19,Fiorentina,1742.24816895
1997-10-20,Fiorentina,1739.94897461
1997-10-22,Fiorentina,1733.35925293
1997-10-23,Fiorentina,1735.59545898
1997-10-24,Fiorentina,1737.04541016
1997-10-26,Fiorentina,1737.04541016
1997-11-02,Fiorentina,1737.04541016
1997-11-03,Fiorentina,1737.29003906
1997-11-05,Fiorentina,1745.12402344
1997-11-06,Fiorentina,1742.04711914
1997-11-07,Fiorentina,1742.08642578
1997-11-09,Fiorentina,1742.08642578
1997-11-10,Fiorentina,1747.28271484
1997-11-16,Fiorentina,1747.28271484
1997-11-20,Fiorentina,1747.28271484
1997-11-21,Fiorentina,1747.28271484
1997-11-22,Fiorentina,1747.28271484
1997-11-23,Fiorentina,1747.28271484
1997-11-24,Fiorentina,1748.3371582
1997-11-26,Fiorentina,1745.97351074
1997-11-27,Fiorentina,1739.82531738
1997-11-28,Fiorentina,1737.2857666
1997-11-29,Fiorentina,1737.2857666
1997-11-30,Fiorentina,1737.2857666
1997-12-01,Fiorentina,1737.34118652
1997-12-08,Fiorentina,1737.03283691
1997-12-10,Fiorentina,1743.34423828
1997-12-11,Fiorentina,1743.91369629
1997-12-15,Fiorentina,1765.16430664
1997-12-18,Fiorentina,1765.16430664
1997-12-22,Fiorentina,1772.90405273
1998-01-05,Fiorentina,1769.60144043
1998-01-10,Fiorentina,1769.60144043
1998-01-11,Fiorentina,1769.60144043
1998-01-12,Fiorentina,1778.36230469
1998-01-19,Fiorentina,1765.96398926
1998-01-22,Fiorentina,1765.96398926
1998-01-25,Fiorentina,1765.96398926
1998-01-26,Fiorentina,1780.88061523
1998-02-02,Fiorentina,1786.82836914
1998-02-05,Fiorentina,1786.82836914
1998-02-09,Fiorentina,1793.70690918
1998-02-12,Fiorentina,1792.93994141
1998-02-16,Fiorentina,1790.19055176
1998-02-23,Fiorentina,1805.35327148
1998-03-02,Fiorentina,1794.82629395
1998-03-04,Fiorentina,1796.64672852
1998-03-05,Fiorentina,1794.20300293
1998-03-06,Fiorentina,1798.3885498
1998-03-09,Fiorentina,1792.68273926
1998-03-16,Fiorentina,1788.32128906
1998-03-18,Fiorentina,1792.12487793
1998-03-19,Fiorentina,1797.10534668
1998-03-20,Fiorentina,1798.50695801
1998-03-23,Fiorentina,1793.73400879
1998-03-30,Fiorentina,1797.95556641
1998-03-31,Fiorentina,1799.50634766
1998-04-02,Fiorentina,1802.88037109
1998-04-03,Fiorentina,1803.94445801
1998-04-05,Fiorentina,1803.94445801
1998-04-06,Fiorentina,1815.3359375
1998-04-08,Fiorentina,1815.3359375
1998-04-10,Fiorentina,1815.3359375
1998-04-12,Fiorentina,1809.75158691
1998-04-15,Fiorentina,1812.09143066
1998-04-16,Fiorentina,1811.98217773
1998-04-17,Fiorentina,1807.12341309
1998-04-19,Fiorentina,1807.12341309
1998-04-20,Fiorentina,1797.76318359
1998-04-26,Fiorentina,1797.76318359
1998-04-27,Fiorentina,1788.75061035
1998-05-04,Fiorentina,1793.5748291
1998-05-07,Fiorentina,1793.5748291
1998-05-10,Fiorentina,1793.5748291
1998-05-11,Fiorentina,1814.55334473
1998-05-17,Fiorentina,1820.09619141
1998-05-21,Fiorentina,1815.67541504
1998-08-08,Fiorentina,1815.67541504
1998-08-13,Fiorentina,1815.72583008
1998-08-27,Fiorentina,1815.74401855
1998-09-10,Fiorentina,1815.74401855
1998-09-13,Fiorentina,1819.10070801
1998-09-16,Fiorentina,1817.52380371
1998-09-17,Fiorentina,1810.8848877
1998-09-18,Fiorentina,1808.84240723
1998-09-21,Fiorentina,1815.72094727
1998-09-24,Fiorentina,1815.72094727
1998-09-25,Fiorentina,1815.72094727
1998-09-27,Fiorentina,1827.78540039
1998-09-30,Fiorentina,1833.85095215
1998-10-01,Fiorentina,1833.92736816
1998-10-02,Fiorentina,1836.37414551
1998-10-05,Fiorentina,1841.74047852
1998-10-18,Fiorentina,1835.54785156
1998-10-21,Fiorentina,1842.17736816
1998-10-22,Fiorentina,1842.70959473
1998-10-23,Fiorentina,1840.91491699
1998-10-26,Fiorentina,1844.62634277
1998-11-01,Fiorentina,1835.82470703
1998-11-04,Fiorentina,1841.33251953
1998-11-05,Fiorentina,1838.46984863
1998-11-06,Fiorentina,1841.74279785
1998-11-09,Fiorentina,1844.30981445
1998-11-16,Fiorentina,1831.56396484
1998-11-22,Fiorentina,1831.56396484
1998-11-23,Fiorentina,1840.69506836
1998-11-25,Fiorentina,1845.00427246
1998-11-26,Fiorentina,1847.09313965
1998-11-30,Fiorentina,1845.93835449
1998-12-03,Fiorentina,1844.83422852
1998-12-06,Fiorentina,1849.33056641
1998-12-09,Fiorentina,1851.01171875
1998-12-10,Fiorentina,1855.38061523
1998-12-14,Fiorentina,1861.42687988
1998-12-21,Fiorentina,1859.25549316
1999-01-07,Fiorentina,1862.0567627
1999-01-11,Fiorentina,1854.07714844
1999-01-18,Fiorentina,1857.57104492
1999-01-25,Fiorentina,1867.22595215
1999-02-01,Fiorentina,1870.78100586
1999-02-08,Fiorentina,1865.98059082
1999-02-15,Fiorentina,1859.52856445
1999-02-22,Fiorentina,1855.31677246
1999-03-01,Fiorentina,1852.50976562
1999-03-03,Fiorentina,1856.10949707
1999-03-04,Fiorentina,1852.66308594
1999-03-05,Fiorentina,1852.73547363
1999-03-08,Fiorentina,1858.49499512
1999-03-15,Fiorentina,1841.24890137
1999-03-17,Fiorentina,1841.46032715
1999-03-18,Fiorentina,1841.05029297
1999-03-19,Fiorentina,1841.05517578
1999-03-22,Fiorentina,1843.81567383
1999-04-04,Fiorentina,1836.23632812
1999-04-07,Fiorentina,1840.6151123
1999-04-08,Fiorentina,1842.43164062
1999-04-09,Fiorentina,1842.55126953
1999-04-12,Fiorentina,1836.06445312
1999-04-18,Fiorentina,1826.69335938
1999-04-19,Fiorentina,1826.69335938
1999-04-21,Fiorentina,1822.82055664
1999-04-22,Fiorentina,1817.0222168
1999-04-23,Fiorentina,1817.36083984
1999-04-26,Fiorentina,1813.16625977
1999-05-03,Fiorentina,1818.53540039
1999-05-04,Fiorentina,1818.53540039
1999-05-05,Fiorentina,1818.53540039
1999-05-10,Fiorentina,1810.70263672
1999-05-13,Fiorentina,1814.64550781
1999-05-16,Fiorentina,1813.85839844
1999-05-17,Fiorentina,1813.85839844
1999-05-20,Fiorentina,1815.78430176
1999-05-24,Fiorentina,1816.10473633
1999-05-27,Fiorentina,1816.10473633
1999-08-12,Fiorentina,1812.83508301
1999-08-22,Fiorentina,1812.83508301
1999-08-23,Fiorentina,1812.83508301
1999-08-26,Fiorentina,1811.23132324
1999-08-30,Fiorentina,1814.52331543
1999-09-12,Fiorentina,1812.47253418
1999-09-13,Fiorentina,1812.47253418
1999-09-15,Fiorentina,1808.45910645
1999-09-16,Fiorentina,1809.17724609
1999-09-17,Fiorentina,1811.26013184
1999-09-20,Fiorentina,1814.92041016
1999-09-22,Fiorentina,1815.54846191
1999-09-23,Fiorentina,1809.7019043
1999-09-27,Fiorentina,1812.64538574
1999-09-29,Fiorentina,1810.40856934
1999-09-30,Fiorentina,1807.28137207
1999-10-01,Fiorentina,1808.28234863
1999-10-04,Fiorentina,1794.39355469
1999-10-16,Fiorentina,1794.39355469
1999-10-17,Fiorentina,1780.38769531
1999-10-18,Fiorentina,1780.38769531
1999-10-20,Fiorentina,1786.96801758
1999-10-21,Fiorentina,1784.20263672
1999-10-22,Fiorentina,1785.00292969
1999-10-25,Fiorentina,1774.88049316
1999-10-27,Fiorentina,1773.22106934
1999-10-28,Fiorentina,1788.48291016
1999-10-29,Fiorentina,1788.48291016
1999-10-31,Fiorentina,1782.50756836
1999-11-03,Fiorentina,1789.43249512
1999-11-04,Fiorentina,1785.94213867
1999-11-05,Fiorentina,1787.28967285
1999-11-07,Fiorentina,1787.67004395
1999-11-11,Fiorentina,1787.67004395
1999-11-21,Fiorentina,1790.84594727
1999-11-22,Fiorentina,1790.84594727
1999-11-24,Fiorentina,1799.11193848
1999-11-25,Fiorentina,1802.52416992
1999-11-26,Fiorentina,1805.27124023
1999-11-28,Fiorentina,1807.51586914
1999-12-06,Fiorentina,1814.24450684
1999-12-08,Fiorentina,1810.87023926
1999-12-09,Fiorentina,1812.85693359
1999-12-10,Fiorentina,1817.7208252
1999-12-13,Fiorentina,1813.67675781
1999-12-20,Fiorentina,1812.83459473
1999-12-23,Fiorentina,1812.83459473
2000-01-04,Fiorentina,1812.83459473
2000-01-05,Fiorentina,1812.83459473
2000-01-07,Fiorentina,1811.70300293
2000-01-10,Fiorentina,1817.08093262
2000-01-16,Fiorentina,1808.21044922
2000-01-17,Fiorentina,1808.21044922
2000-01-24,Fiorentina,1801.23144531
2000-01-31,Fiorentina,1803.82287598
2000-02-07,Fiorentina,1802.1583252
2000-02-14,Fiorentina,1799.21240234
2000-02-20,Fiorentina,1791.90722656
2000-02-27,Fiorentina,1816.73962402
2000-02-28,Fiorentina,1816.73962402
2000-03-01,Fiorentina,1809.9119873
2000-03-02,Fiorentina,1817.39318848
2000-03-03,Fiorentina,1816.43457031
2000-03-05,Fiorentina,1819.01867676
2000-03-08,Fiorentina,1807.37805176
2000-03-09,Fiorentina,1806.52233887
2000-03-10,Fiorentina,1787.06518555
2000-03-12,Fiorentina,1787.06518555
2000-03-13,Fiorentina,1778.34411621
2000-03-15,Fiorentina,1779.68310547
2000-03-16,Fiorentina,1774.79968262
2000-03-19,Fiorentina,1779.17443848
2000-03-20,Fiorentina,1779.17443848
2000-03-22,Fiorentina,1772.52246094
2000-03-23,Fiorentina,1776.05126953
2000-03-26,Fiorentina,1783.98986816
2000-03-27,Fiorentina,1783.98986816
2000-04-02,Fiorentina,1779.33239746
2000-04-03,Fiorentina,1779.33239746
2000-04-06,Fiorentina,1773.73132324
2000-04-07,Fiorentina,1773.73132324
2000-04-10,Fiorentina,1778.26928711
2000-04-16,Fiorentina,1777.89416504
2000-04-17,Fiorentina,1777.89416504
2000-04-19,Fiorentina,1777.32910156
2000-04-20,Fiorentina,1777.32910156
2000-04-23,Fiorentina,1773.88439941
2000-04-24,Fiorentina,1773.88439941
2000-05-01,Fiorentina,1778.74755859
2000-05-07,Fiorentina,1778.74755859
2000-05-08,Fiorentina,1801.4588623
2000-05-15,Fiorentina,1805.00402832
2000-05-20,Fiorentina,1805.00402832
2000-05-24,Fiorentina,1805.00402832
2000-08-10,Fiorentina,1804.57104492
2000-08-20,Fiorentina,1804.57104492
2000-08-23,Fiorentina,1806.66088867
2000-08-24,Fiorentina,1800.16345215
2000-08-27,Fiorentina,1800.16345215
2000-08-28,Fiorentina,1800.16345215
2000-09-06,Fiorentina,1800.16345215
2000-09-11,Fiorentina,1800.16345215
2000-09-13,Fiorentina,1802.83740234
2000-09-14,Fiorentina,1804.02124023
2000-09-15,Fiorentina,1792.00817871
2000-09-17,Fiorentina,1792.00817871
2000-09-18,Fiorentina,1792.00817871
2000-09-20,Fiorentina,1790.50939941
2000-09-21,Fiorentina,1792.05993652
2000-09-27,Fiorentina,1797.4317627
2000-09-28,Fiorentina,1794.66918945
2000-09-29,Fiorentina,1771.0838623
2000-10-01,Fiorentina,1771.0838623
2000-10-02,Fiorentina,1774.61364746
2000-10-15,Fiorentina,1774.61364746
2000-10-16,Fiorentina,1777.76464844
2000-10-18,Fiorentina,1776.45361328
2000-10-19,Fiorentina,1776.71374512
2000-10-23,Fiorentina,1775.07385254
2000-10-25,Fiorentina,1771.17919922
2000-10-26,Fiorentina,1771.95544434
2000-10-27,Fiorentina,1772.96362305
2000-11-02,Fiorentina,1766.7677002
2000-11-05,Fiorentina,1753.56738281
2000-11-06,Fiorentina,1753.56738281
2000-11-08,Fiorentina,1756.11413574
2000-11-09,Fiorentina,1750.71643066
2000-11-10,Fiorentina,1743.29443359
2000-11-13,Fiorentina,1745.36218262
2000-11-19,Fiorentina,1745.36218262
2000-11-20,Fiorentina,1748.26269531
2000-11-22,Fiorentina,1747.2121582
2000-11-23,Fiorentina,1744.52502441
2000-11-24,Fiorentina,1742.30175781
2000-11-27,Fiorentina,1738.46520996
2000-12-04,Fiorentina,1738.3067627
2000-12-06,Fiorentina,1739.13244629
2000-12-07,Fiorentina,1743.34875488
2000-12-08,Fiorentina,1748.84399414
2000-12-10,Fiorentina,1748.84399414
2000-12-11,Fiorentina,1756.70959473
2000-12-13,Fiorentina,1756.70959473
2000-12-17,Fiorentina,1756.70959473
2000-12-18,Fiorentina,1771.21679688
2000-12-22,Fiorentina,1771.21679688
2000-12-24,Fiorentina,1776.02514648
2001-01-07,Fiorentina,1780.40319824
2001-01-08,Fiorentina,1780.40319824
2001-01-14,Fiorentina,1793.8269043
2001-01-22,Fiorentina,1792.7869873
2001-01-29,Fiorentina,1777.12585449
2001-02-05,Fiorentina,1766.89099121
2001-02-11,Fiorentina,1766.89099121
2001-02-12,Fiorentina,1756.29724121
2001-02-14,Fiorentina,1755.24365234
2001-02-15,Fiorentina,1752.96630859
2001-02-16,Fiorentina,1748.94812012
2001-02-19,Fiorentina,1747.27880859
2001-02-21,Fiorentina,1747.24133301
2001-02-22,Fiorentina,1746.92834473
2001-02-23,Fiorentina,1739.77709961
2001-02-25,Fiorentina,1734.2401123
2001-02-26,Fiorentina,1734.2401123
2001-03-04,Fiorentina,1734.2401123
2001-03-05,Fiorentina,1725.05322266
2001-03-07,Fiorentina,1725.89025879
2001-03-08,Fiorentina,1723.04150391
2001-03-12,Fiorentina,1724.0579834
2001-03-14,Fiorentina,1724.22827148
2001-03-15,Fiorentina,1725.08642578
2001-03-16,Fiorentina,1725.08642578
2001-03-18,Fiorentina,1725.08642578
2001-03-19,Fiorentina,1721.04553223
2001-03-31,Fiorentina,1721.04553223
2001-04-01,Fiorentina,1720.7902832
2001-04-02,Fiorentina,1720.7902832
2001-04-03,Fiorentina,1720.7902832
2001-04-05,Fiorentina,1720.7902832
2001-04-06,Fiorentina,1720.7902832
2001-04-09,Fiorentina,1720.7902832
2001-04-10,Fiorentina,1732.72485352
2001-04-15,Fiorentina,1736.98132324
2001-04-16,Fiorentina,1736.98132324
2001-04-19,Fiorentina,1736.98132324
2001-04-20,Fiorentina,1736.98132324
2001-04-22,Fiorentina,1729.16345215
2001-04-30,Fiorentina,1732.97192383
2001-05-02,Fiorentina,1732.97192383
2001-05-07,Fiorentina,1724.05859375
2001-05-12,Fiorentina,1713.06237793
2001-05-13,Fiorentina,1713.06237793
2001-05-18,Fiorentina,1725.23291016
2001-05-24,Fiorentina,1725.23291016
2001-05-28,Fiorentina,1720.95324707
2001-06-11,Fiorentina,1716.06994629
2001-06-18,Fiorentina,1702.99816895
2001-06-21,Fiorentina,1702.99816895
2001-07-26,Fiorentina,1702.99816895
2001-07-29,Fiorentina,1702.99816895
2001-07-30,Fiorentina,1702.99816895
2001-08-02,Fiorentina,1702.99816895
2001-08-09,Fiorentina,1696.10107422
2001-08-18,Fiorentina,1696.10107422
2001-08-19,Fiorentina,1696.10107422
2001-08-20,Fiorentina,1696.10107422
2001-08-22,Fiorentina,1697.77258301
2001-08-23,Fiorentina,1699.57995605
2001-08-26,Fiorentina,1699.57995605
2001-08-27,Fiorentina,1681.30810547
2001-09-08,Fiorentina,1681.30810547
2001-09-10,Fiorentina,1674.65698242
2001-09-12,Fiorentina,1668.78088379
2001-09-16,Fiorentina,1668.78088379
2001-09-17,Fiorentina,1675.81384277
2001-09-19,Fiorentina,1676.4831543
2001-09-20,Fiorentina,1670.29907227
2001-09-21,Fiorentina,1670.06958008
2001-09-24,Fiorentina,1666.8269043
2001-09-26,Fiorentina,1666.00695801
2001-09-27,Fiorentina,1664.30456543
2001-09-28,Fiorentina,1668.78430176
2001-09-30,Fiorentina,1668.78430176
2001-10-01,Fiorentina,1673.9699707
2001-10-11,Fiorentina,1674.31335449
2001-10-15,Fiorentina,1661.70581055
2001-10-17,Fiorentina,1664.73547363
2001-10-18,Fiorentina,1665.36364746
2001-10-19,Fiorentina,1683.29223633
2001-10-22,Fiorentina,1667.1048584
2001-10-23,Fiorentina,1667.1048584
2001-10-24,Fiorentina,1668.53723145
2001-10-25,Fiorentina,1671.52209473
2001-10-27,Fiorentina,1671.52209473
2001-10-28,Fiorentina,1671.52209473
2001-10-29,Fiorentina,1680.95544434
2001-10-31,Fiorentina,1676.25402832
2001-11-01,Fiorentina,1673.27722168
2001-11-02,Fiorentina,1681.9395752
2001-11-04,Fiorentina,1681.9395752
2001-11-05,Fiorentina,1676.06738281
2001-11-18,Fiorentina,1676.06738281
2001-11-19,Fiorentina,1672.57141113
2001-11-20,Fiorentina,1672.57141113
2001-11-21,Fiorentina,1672.63989258
2001-11-23,Fiorentina,1661.93859863
2001-11-26,Fiorentina,1656.21911621
2001-11-30,Fiorentina,1659.80603027
2001-12-03,Fiorentina,1643.47802734
2001-12-05,Fiorentina,1640.90686035
2001-12-06,Fiorentina,1640.00463867
2001-12-07,Fiorentina,1645.89355469
2001-12-09,Fiorentina,1645.89355469
2001-12-10,Fiorentina,1641.54797363
2001-12-13,Fiorentina,1641.54797363
2001-12-16,Fiorentina,1641.54797363
2001-12-17,Fiorentina,1648.0045166
2001-12-20,Fiorentina,1651.15161133
2001-12-23,Fiorentina,1651.15161133
2001-12-24,Fiorentina,1644.42028809
2001-12-27,Fiorentina,1644.42028809
2001-12-30,Fiorentina,1644.42028809
2002-01-02,Fiorentina,1644.42028809
2002-01-07,Fiorentina,1631.05749512
2002-01-14,Fiorentina,1634.52966309
2002-01-21,Fiorentina,1636.73242188
2002-01-24,Fiorentina,1636.73242188
2002-01-27,Fiorentina,1636.73242188
2002-01-28,Fiorentina,1628.59436035
2002-02-04,Fiorentina,1632.72595215
2002-02-11,Fiorentina,1622.51000977
2002-02-17,Fiorentina,1620.82873535
2002-02-20,Fiorentina,1620.36779785
2002-02-21,Fiorentina,1621.6697998
2002-02-22,Fiorentina,1623.56469727
2002-02-25,Fiorentina,1612.97888184
2002-02-27,Fiorentina,1615.76123047
2002-02-28,Fiorentina,1612.95922852
2002-03-01,Fiorentina,1603.98901367
2002-03-04,Fiorentina,1614.83337402
2002-03-11,Fiorentina,1613.13769531
2002-03-13,Fiorentina,1610.20690918
2002-03-14,Fiorentina,1607.84631348
2002-03-15,Fiorentina,1604.98156738
2002-03-18,Fiorentina,1605.27197266
2002-03-20,Fiorentina,1602.93334961
2002-03-21,Fiorentina,1604.64306641
2002-03-22,Fiorentina,1614.45410156
2002-03-25,Fiorentina,1609.41333008
2002-03-31,Fiorentina,1605.29003906
2002-04-05,Fiorentina,1596.81420898
2002-04-08,Fiorentina,1588.07727051
2002-04-12,Fiorentina,1587.73547363
2002-04-15,Fiorentina,1582.18188477
2002-04-22,Fiorentina,1574.00427246
2002-04-29,Fiorentina,1566.89868164
2002-05-06,Fiorentina,1561.04064941
2003-07-01,Fiorentina,1456.66967773
2003-08-14,Fiorentina,1458.40429688
2003-08-28,Fiorentina,1460.17553711
2003-09-12,Fiorentina,1458.82849121
2003-09-15,Fiorentina,1463.47351074
2003-09-17,Fiorentina,1468.86376953
2003-09-18,Fiorentina,1476.13769531
2003-09-21,Fiorentina,1470.10888672
2003-09-24,Fiorentina,1473.44775391
2003-09-25,Fiorentina,1474.9777832
2003-09-28,Fiorentina,1485.15759277
2003-10-01,Fiorentina,1488.00146484
2003-10-02,Fiorentina,1486.46557617
2003-10-05,Fiorentina,1478.56726074
2003-10-09,Fiorentina,1481.10461426
2003-10-13,Fiorentina,1490.31420898
2003-10-16,Fiorentina,1479.27954102
2003-10-19,Fiorentina,1486.53222656
2003-10-22,Fiorentina,1481.49584961
2003-10-23,Fiorentina,1474.6229248
2003-10-26,Fiorentina,1478.14172363
2003-11-03,Fiorentina,1484.41247559
2003-11-05,Fiorentina,1478.84423828
2003-11-06,Fiorentina,1476.72216797
2003-11-07,Fiorentina,1479.04943848
2003-11-10,Fiorentina,1474.98840332
2003-11-17,Fiorentina,1471.79968262
2003-11-21,Fiorentina,1478.01098633
2003-11-24,Fiorentina,1468.79919434
2003-11-26,Fiorentina,1462.78991699
2003-11-27,Fiorentina,1464.54602051
2003-11-28,Fiorentina,1465.76623535
2003-12-01,Fiorentina,1464.4407959
2003-12-03,Fiorentina,1459.7845459
2003-12-08,Fiorentina,1448.77624512
2003-12-10,Fiorentina,1442.21606445
2003-12-11,Fiorentina,1444.72216797
2003-12-15,Fiorentina,1443.12194824
2003-12-22,Fiorentina,1447.16943359
2004-01-07,Fiorentina,1453.91003418
2004-01-12,Fiorentina,1458.88842773
2004-01-17,Fiorentina,1466.36657715
2004-01-26,Fiorentina,1472.96118164
2004-02-02,Fiorentina,1469.6418457
2004-02-09,Fiorentina,1464.32702637
2004-02-16,Fiorentina,1462.61865234
2004-02-23,Fiorentina,1467.97998047
2004-02-25,Fiorentina,1467.87683105
2004-02-26,Fiorentina,1466.42456055
2004-02-27,Fiorentina,1462.25268555
2004-03-01,Fiorentina,1457.37988281
2004-03-04,Fiorentina,1452.33435059
2004-03-05,Fiorentina,1457.47753906
2004-03-08,Fiorentina,1459.56335449
2004-03-10,Fiorentina,1456.15332031
2004-03-11,Fiorentina,1458.88916016
2004-03-12,Fiorentina,1455.69604492
2004-03-13,Fiorentina,1463.68005371
2004-03-19,Fiorentina,1474.65576172
2004-03-22,Fiorentina,1482.01257324
2004-03-24,Fiorentina,1486.37536621
2004-03-26,Fiorentina,1487.99438477
2004-03-28,Fiorentina,1501.43432617
2004-04-04,Fiorentina,1507.73034668
2004-04-08,Fiorentina,1499.44921875
2004-04-09,Fiorentina,1497.859375
2004-04-11,Fiorentina,1491.04321289
2004-04-15,Fiorentina,1486.95117188
2004-04-18,Fiorentina,1494.57885742
2004-04-26,Fiorentina,1504.4732666
2004-05-02,Fiorentina,1496.78356934
2004-05-09,Fiorentina,1492.77783203
2004-05-16,Fiorentina,1505.89685059
2004-05-23,Fiorentina,1511.25036621
2004-05-30,Fiorentina,1512.59753418
2004-06-06,Fiorentina,1517.97802734
2004-06-13,Fiorentina,1511.30688477
2004-06-17,Fiorentina,1522.69726562
2004-06-21,Fiorentina,1526.05578613
2004-07-04,Fiorentina,1526.05578613
2004-08-11,Fiorentina,1524.34216309
2004-08-12,Fiorentina,1525.24169922
2004-08-25,Fiorentina,1528.54748535
2004-08-26,Fiorentina,1530.92663574
2004-09-13,Fiorentina,1529.41772461
2004-09-15,Fiorentina,1533.89233398
2004-09-16,Fiorentina,1529.12036133
2004-09-17,Fiorentina,1525.80065918
2004-09-20,Fiorentina,1532.88452148
2004-09-23,Fiorentina,1536.94567871
2004-09-27,Fiorentina,1524.1295166
2004-09-29,Fiorentina,1522.9041748
2004-09-30,Fiorentina,1529.0748291
2004-10-01,Fiorentina,1528.61560059
2004-10-04,Fiorentina,1534.72167969
2004-10-18,Fiorentina,1532.80285645
2004-10-20,Fiorentina,1531.84423828
2004-10-21,Fiorentina,1543.49804688
2004-10-22,Fiorentina,1541.39379883
2004-10-25,Fiorentina,1546.88500977
2004-10-28,Fiorentina,1559.06274414
2004-11-01,Fiorentina,1576.39526367
2004-11-03,Fiorentina,1574.55761719
2004-11-04,Fiorentina,1576.75720215
2004-11-05,Fiorentina,1575.40515137
2004-11-08,Fiorentina,1579.70458984
2004-11-11,Fiorentina,1578.28869629
2004-11-15,Fiorentina,1576.3861084
2004-11-24,Fiorentina,1575.23376465
2004-11-25,Fiorentina,1577.47094727
2004-11-26,Fiorentina,1573.3449707
2004-11-29,Fiorentina,1576.14489746
2004-12-03,Fiorentina,1575.00170898
2004-12-06,Fiorentina,1582.13208008
2004-12-08,Fiorentina,1583.35009766
2004-12-09,Fiorentina,1576.91662598
2004-12-13,Fiorentina,1573.28820801
2004-12-17,Fiorentina,1574.96203613
2004-12-20,Fiorentina,1586.55615234
2005-01-07,Fiorentina,1579.22094727
2005-01-10,Fiorentina,1571.67663574
2005-01-16,Fiorentina,1575.1685791
2005-01-24,Fiorentina,1568.5020752
2005-01-31,Fiorentina,1563.10913086
2005-02-03,Fiorentina,1554.54174805
2005-02-06,Fiorentina,1548.30041504
2005-02-14,Fiorentina,1556.44628906
2005-02-17,Fiorentina,1556.17993164
2005-02-21,Fiorentina,1550.62634277
2005-02-23,Fiorentina,1549.51623535
2005-02-24,Fiorentina,1554.37255859
2005-02-25,Fiorentina,1562.32177734
2005-02-27,Fiorentina,1563.80834961
2005-03-07,Fiorentina,1571.53686523
2005-03-09,Fiorentina,1573.61401367
2005-03-10,Fiorentina,1578.75561523
2005-03-11,Fiorentina,1580.11193848
2005-03-13,Fiorentina,1584.36328125
2005-03-16,Fiorentina,1587.06359863
2005-03-18,Fiorentina,1590.66320801
2005-03-21,Fiorentina,1589.08557129
2005-04-06,Fiorentina,1587.91308594
2005-04-08,Fiorentina,1589.19287109
2005-04-10,Fiorentina,1594.55993652
2005-04-14,Fiorentina,1590.94848633
2005-04-15,Fiorentina,1592.02026367
2005-04-18,Fiorentina,1584.67492676
2005-04-21,Fiorentina,1583.0177002
2005-04-25,Fiorentina,1587.44128418
2005-04-27,Fiorentina,1590.3215332
2005-04-29,Fiorentina,1589.67175293
2005-05-01,Fiorentina,1586.9588623
2005-05-05,Fiorentina,1586.05578613
2005-05-06,Fiorentina,1581.38085938
2005-05-09,Fiorentina,1593.01867676
2005-05-16,Fiorentina,1590.86083984
2005-05-23,Fiorentina,1595.37536621
2005-05-26,Fiorentina,1594.48779297
2005-05-30,Fiorentina,1606.4440918
2005-08-11,Fiorentina,1612.10290527
2005-08-24,Fiorentina,1613.45935059
2005-08-25,Fiorentina,1613.24414062
2005-08-28,Fiorentina,1621.91174316
2005-09-12,Fiorentina,1624.5970459
2005-09-14,Fiorentina,1626.06811523
2005-09-15,Fiorentina,1629.86474609
2005-09-16,Fiorentina,1630.57116699
2005-09-17,Fiorentina,1630.57116699
2005-09-18,Fiorentina,1630.57116699
2005-09-19,Fiorentina,1643.90783691
2005-09-22,Fiorentina,1657.51403809
2005-09-25,Fiorentina,1657.51403809
2005-09-26,Fiorentina,1655.46911621
2005-09-28,Fiorentina,1654.57702637
2005-09-29,Fiorentina,1654.30737305
2005-09-30,Fiorentina,1656.54187012
2005-10-02,Fiorentina,1656.54187012
2005-10-03,Fiorentina,1662.12109375
2005-10-16,Fiorentina,1662.12109375
2005-10-17,Fiorentina,1656.88244629
2005-10-19,Fiorentina,1653.80236816
2005-10-20,Fiorentina,1647.33630371
2005-10-21,Fiorentina,1651.17382812
2005-10-23,Fiorentina,1661.00280762
2005-10-24,Fiorentina,1661.00280762
2005-10-27,Fiorentina,1675.38024902
2005-10-31,Fiorentina,1679.17211914
2005-11-02,Fiorentina,1677.7109375
2005-11-03,Fiorentina,1678.15185547
2005-11-04,Fiorentina,1675.27941895
2005-11-06,Fiorentina,1675.27941895
2005-11-07,Fiorentina,1684.45153809
2005-11-20,Fiorentina,1684.45153809
2005-11-21,Fiorentina,1700.85510254
2005-11-23,Fiorentina,1704.37756348
2005-11-24,Fiorentina,1708.64355469
2005-11-25,Fiorentina,1710.22619629
2005-11-27,Fiorentina,1710.22619629
2005-11-28,Fiorentina,1712.51037598
2005-12-01,Fiorentina,1711.44567871
2005-12-02,Fiorentina,1707.4798584
2005-12-04,Fiorentina,1707.4798584
2005-12-05,Fiorentina,1702.69287109
2005-12-07,Fiorentina,1702.0291748
2005-12-08,Fiorentina,1700.83935547
2005-12-11,Fiorentina,1702.98840332
2005-12-12,Fiorentina,1702.98840332
2005-12-15,Fiorentina,1705.3536377
2005-12-16,Fiorentina,1705.25488281
2005-12-19,Fiorentina,1704.87878418
2005-12-22,Fiorentina,1709.97473145
2005-12-27,Fiorentina,1709.97473145
2006-01-05,Fiorentina,1709.97473145
2006-01-08,Fiorentina,1709.70239258
2006-01-09,Fiorentina,1709.70239258
2006-01-16,Fiorentina,1714.70031738
2006-01-19,Fiorentina,1706.34326172
2006-01-22,Fiorentina,1706.34326172
2006-01-23,Fiorentina,1711.61254883
2006-01-28,Fiorentina,1711.61254883
2006-01-29,Fiorentina,1711.61254883
2006-01-30,Fiorentina,1713.29174805
2006-02-02,Fiorentina,1713.29174805
2006-02-06,Fiorentina,1716.00170898
2006-02-09,Fiorentina,1725.90905762
2006-02-12,Fiorentina,1725.90905762
2006-02-13,Fiorentina,1715.95288086
2006-02-16,Fiorentina,1723.7286377
2006-02-17,Fiorentina,1722.48278809
2006-02-19,Fiorentina,1722.48278809
2006-02-20,Fiorentina,1711.11633301
2006-02-22,Fiorentina,1712.31469727
2006-02-23,Fiorentina,1711.8536377
2006-02-24,Fiorentina,1715.07373047
2006-02-26,Fiorentina,1727.31213379
2006-02-27,Fiorentina,1727.31213379
2006-03-05,Fiorentina,1727.31213379
2006-03-06,Fiorentina,1731.33581543
2006-03-08,Fiorentina,1733.45812988
2006-03-09,Fiorentina,1737.64660645
2006-03-10,Fiorentina,1737.11340332
2006-03-12,Fiorentina,1737.11340332
2006-03-15,Fiorentina,1737.78344727
2006-03-16,Fiorentina,1736.04492188
2006-03-17,Fiorentina,1728.26477051
2006-03-19,Fiorentina,1728.26477051
2006-03-20,Fiorentina,1732.63562012
2006-03-23,Fiorentina,1732.125
2006-03-26,Fiorentina,1729.17895508
2006-03-29,Fiorentina,1725.23205566
2006-03-30,Fiorentina,1726.5411377
2006-03-31,Fiorentina,1726.5411377
2006-04-02,Fiorentina,1726.5411377
2006-04-03,Fiorentina,1725.48193359
2006-04-04,Fiorentina,1725.48193359
2006-04-05,Fiorentina,1725.80578613
2006-04-06,Fiorentina,1723.51733398
2006-04-07,Fiorentina,1723.51733398
2006-04-09,Fiorentina,1723.51733398
2006-04-10,Fiorentina,1730.2208252
2006-04-16,Fiorentina,1736.08312988
2006-04-17,Fiorentina,1736.08312988
2006-04-18,Fiorentina,1736.08312988
2006-04-19,Fiorentina,1733.22314453
2006-04-20,Fiorentina,1733.22314453
2006-04-21,Fiorentina,1733.22314453
2006-04-23,Fiorentina,1736.45056152
2006-04-27,Fiorentina,1736.22973633
2006-04-30,Fiorentina,1736.22973633
2006-05-01,Fiorentina,1728.47497559
2006-05-03,Fiorentina,1728.47497559
2006-05-04,Fiorentina,1728.47497559
2006-05-08,Fiorentina,1734.38781738
2006-05-15,Fiorentina,1747.22558594
2006-05-21,Fiorentina,1747.22558594
2006-07-07,Fiorentina,1747.22558594
2006-07-11,Fiorentina,1747.22558594
2006-08-10,Fiorentina,1743.79919434
2006-08-23,Fiorentina,1744.38061523
2006-08-24,Fiorentina,1742.88586426
2006-08-25,Fiorentina,1742.88586426
2006-09-10,Fiorentina,1734.7779541
2006-09-11,Fiorentina,1734.7779541
2006-09-13,Fiorentina,1735.24108887
2006-09-14,Fiorentina,1735.71618652
2006-09-15,Fiorentina,1739.7869873
2006-09-18,Fiorentina,1731.28088379
2006-09-21,Fiorentina,1735.38000488
2006-09-24,Fiorentina,1735.38000488
2006-09-25,Fiorentina,1727.62402344
2006-09-27,Fiorentina,1726.95507812
2006-09-28,Fiorentina,1720.63745117
2006-09-29,Fiorentina,1726.05224609
2006-10-01,Fiorentina,1726.05224609
2006-10-02,Fiorentina,1731.32836914
2006-10-15,Fiorentina,1731.32836914
2006-10-16,Fiorentina,1738.63330078
2006-10-18,Fiorentina,1739.92419434
2006-10-19,Fiorentina,1743.3671875
2006-10-20,Fiorentina,1744.61279297
2006-10-23,Fiorentina,1750.32629395
2006-10-26,Fiorentina,1756.58605957
2006-10-30,Fiorentina,1746.06494141
2006-11-01,Fiorentina,1745.90637207
2006-11-02,Fiorentina,1746.73168945
2006-11-03,Fiorentina,1743.14196777
2006-11-05,Fiorentina,1743.14196777
2006-11-06,Fiorentina,1735.56945801
2006-11-12,Fiorentina,1741.29382324
2006-11-13,Fiorentina,1741.29382324
2006-11-20,Fiorentina,1737.9152832
2006-11-22,Fiorentina,1734.05908203
2006-11-23,Fiorentina,1732.48937988
2006-11-24,Fiorentina,1730.01501465
2006-11-27,Fiorentina,1728.92297363
2006-11-30,Fiorentina,1731.55065918
2006-12-01,Fiorentina,1731.55065918
2006-12-02,Fiorentina,1731.55065918
2006-12-03,Fiorentina,1731.55065918
2006-12-04,Fiorentina,1737.47094727
2006-12-06,Fiorentina,1740.17944336
2006-12-07,Fiorentina,1734.34313965
2006-12-10,Fiorentina,1734.34313965
2006-12-11,Fiorentina,1741.34509277
2006-12-14,Fiorentina,1741.07165527
2006-12-15,Fiorentina,1740.96679688
2006-12-17,Fiorentina,1741.13171387
2006-12-21,Fiorentina,1750.5802002
2006-12-24,Fiorentina,1755.04333496
2007-01-02,Fiorentina,1755.04333496
2007-01-08,Fiorentina,1755.04333496
2007-01-15,Fiorentina,1753.88757324
2007-01-22,Fiorentina,1749.16113281
2007-01-29,Fiorentina,1752.39343262
2007-02-04,Fiorentina,1752.39343262
2007-02-05,Fiorentina,1752.39343262
2007-02-11,Fiorentina,1752.39343262
2007-02-12,Fiorentina,1757.90209961
2007-02-15,Fiorentina,1756.14941406
2007-02-16,Fiorentina,1754.70349121
2007-02-19,Fiorentina,1760.65332031
2007-02-21,Fiorentina,1760.65185547
2007-02-22,Fiorentina,1758.64318848
2007-02-23,Fiorentina,1754.65319824
2007-02-26,Fiorentina,1759.87133789
2007-02-27,Fiorentina,1759.87133789
2007-03-01,Fiorentina,1757.95068359
2007-03-04,Fiorentina,1757.95068359
2007-03-05,Fiorentina,1763.0345459
2007-03-07,Fiorentina,1769.8494873
2007-03-08,Fiorentina,1771.37145996
2007-03-12,Fiorentina,1771.03466797
2007-03-16,Fiorentina,1771.03466797
2007-03-19,Fiorentina,1770.00927734
2007-04-02,Fiorentina,1767.88146973
2007-04-04,Fiorentina,1765.99023438
2007-04-05,Fiorentina,1767.31347656
2007-04-06,Fiorentina,1767.31347656
2007-04-07,Fiorentina,1767.31347656
2007-04-08,Fiorentina,1771.01611328
2007-04-09,Fiorentina,1771.01611328
2007-04-11,Fiorentina,1765.84020996
2007-04-12,Fiorentina,1772.33325195
2007-04-16,Fiorentina,1774.82849121
2007-04-19,Fiorentina,1759.47631836
2007-04-22,Fiorentina,1759.47631836
2007-04-23,Fiorentina,1770.23205566
2007-04-25,Fiorentina,1770.05639648
2007-04-27,Fiorentina,1770.05639648
2007-04-29,Fiorentina,1772.98742676
2007-05-03,Fiorentina,1780.06628418
2007-05-07,Fiorentina,1785.68664551
2007-05-13,Fiorentina,1785.68664551
2007-05-14,Fiorentina,1788.26086426
2007-05-20,Fiorentina,1788.26086426
2007-05-21,Fiorentina,1782.94567871
2007-05-24,Fiorentina,1785.71960449
2007-05-28,Fiorentina,1792.5625
2007-06-10,Fiorentina,1792.5625
2007-08-12,Fiorentina,1792.5625
2007-08-15,Fiorentina,1790.64855957
2007-08-17,Fiorentina,1790.453125
2007-08-19,Fiorentina,1790.453125
2007-08-26,Fiorentina,1790.453125
2007-08-27,Fiorentina,1794.80651855
2007-08-29,Fiorentina,1799.52563477
2007-08-31,Fiorentina,1794.56726074
2007-09-04,Fiorentina,1799.04785156
2007-09-15,Fiorentina,1799.04785156
2007-09-17,Fiorentina,1793.5715332
2007-09-19,Fiorentina,1794.76867676
2007-09-20,Fiorentina,1792.45410156
2007-09-21,Fiorentina,1792.97424316
2007-09-24,Fiorentina,1797.37353516
2007-09-26,Fiorentina,1797.37353516
2007-09-27,Fiorentina,1796.20275879
2007-09-30,Fiorentina,1804.78808594
2007-10-01,Fiorentina,1804.78808594
2007-10-03,Fiorentina,1805.22631836
2007-10-04,Fiorentina,1802.53027344
2007-10-05,Fiorentina,1776.52905273
2007-10-07,Fiorentina,1776.52905273
2007-10-08,Fiorentina,1775.16479492
2007-10-21,Fiorentina,1775.16479492
2007-10-22,Fiorentina,1779.47827148
2007-10-24,Fiorentina,1782.69543457
2007-10-25,Fiorentina,1783.1229248
2007-10-26,Fiorentina,1790.14782715
2007-10-29,Fiorentina,1787.16125488
2007-11-01,Fiorentina,1790.31091309
2007-11-04,Fiorentina,1798.19641113
2007-11-05,Fiorentina,1798.19641113
2007-11-07,Fiorentina,1805.05761719
2007-11-08,Fiorentina,1806.06188965
2007-11-09,Fiorentina,1808.76269531
2007-11-12,Fiorentina,1795.28100586
2007-11-26,Fiorentina,1792.79589844
2007-11-28,Fiorentina,1797.28198242
2007-11-29,Fiorentina,1793.62438965
2007-11-30,Fiorentina,1792.39123535
2007-12-02,Fiorentina,1792.39123535
2007-12-03,Fiorentina,1782.57177734
2007-12-05,Fiorentina,1783.34741211
2007-12-07,Fiorentina,1783.34741211
2007-12-09,Fiorentina,1770.17944336
2007-12-10,Fiorentina,1770.17944336
2007-12-12,Fiorentina,1769.31933594
2007-12-13,Fiorentina,1771.31799316
2007-12-17,Fiorentina,1769.64672852
2007-12-20,Fiorentina,1769.64672852
2007-12-21,Fiorentina,1772.2277832
2007-12-23,Fiorentina,1772.2277832
2007-12-24,Fiorentina,1776.46166992
2007-12-27,Fiorentina,1776.46166992
2007-12-30,Fiorentina,1776.46166992
2008-01-02,Fiorentina,1776.46166992
2008-01-07,Fiorentina,1776.46166992
2008-01-14,Fiorentina,1782.69165039
2008-01-20,Fiorentina,1785.36975098
2008-01-28,Fiorentina,1793.15710449
2008-02-04,Fiorentina,1784.43737793
2008-02-10,Fiorentina,1783.44311523
2008-02-15,Fiorentina,1786.8067627
2008-02-16,Fiorentina,1786.8067627
2008-02-18,Fiorentina,1789.1204834
2008-02-20,Fiorentina,1786.30664062
2008-02-21,Fiorentina,1787.34631348
2008-02-22,Fiorentina,1788.97070312
2008-02-24,Fiorentina,1788.97070312
2008-02-25,Fiorentina,1784.08093262
2008-02-28,Fiorentina,1786.63903809
2008-03-02,Fiorentina,1786.63903809
2008-03-03,Fiorentina,1798.05993652
2008-03-05,Fiorentina,1793.70458984
2008-03-06,Fiorentina,1799.71850586
2008-03-07,Fiorentina,1816.5032959
2008-03-09,Fiorentina,1816.5032959
2008-03-10,Fiorentina,1806.18359375
2008-03-12,Fiorentina,1803.30224609
2008-03-13,Fiorentina,1790.2244873
2008-03-17,Fiorentina,1793.89929199
2008-03-20,Fiorentina,1779.46582031
2008-03-23,Fiorentina,1783.84008789
2008-03-30,Fiorentina,1783.84008789
2008-03-31,Fiorentina,1771.70141602
2008-04-02,Fiorentina,1769.31982422
2008-04-04,Fiorentina,1781.42504883
2008-04-07,Fiorentina,1785.03808594
2008-04-10,Fiorentina,1784.65844727
2008-04-11,Fiorentina,1794.73706055
2008-04-13,Fiorentina,1794.73706055
2008-04-14,Fiorentina,1789.39794922
2008-04-20,Fiorentina,1792.40759277
2008-04-21,Fiorentina,1792.40759277
2008-04-25,Fiorentina,1793.85498047
2008-04-27,Fiorentina,1793.85498047
2008-04-28,Fiorentina,1789.01098633
2008-05-02,Fiorentina,1784.59106445
2008-05-04,Fiorentina,1784.59106445
2008-05-05,Fiorentina,1774.13989258
2008-05-08,Fiorentina,1774.13989258
2008-05-12,Fiorentina,1777.89929199
2008-05-19,Fiorentina,1784.03283691
2008-08-13,Fiorentina,1790.44677734
2008-08-14,Fiorentina,1790.94567871
2008-08-15,Fiorentina,1791.10888672
2008-08-24,Fiorentina,1791.10888672
2008-08-27,Fiorentina,1791.1348877
2008-08-28,Fiorentina,1791.78649902
2008-08-29,Fiorentina,1791.8737793
2008-09-01,Fiorentina,1790.63867188
2008-09-15,Fiorentina,1781.26904297
2008-09-17,Fiorentina,1778.31518555
2008-09-18,Fiorentina,1785.0411377
2008-09-19,Fiorentina,1791.49914551
2008-09-22,Fiorentina,1794.44995117
2008-09-25,Fiorentina,1781.1685791
2008-09-28,Fiorentina,1784.4519043
2008-09-29,Fiorentina,1784.4519043
2008-10-01,Fiorentina,1774.06286621
2008-10-02,Fiorentina,1776.19494629
2008-10-03,Fiorentina,1766.94641113
2008-10-06,Fiorentina,1776.93725586
2008-10-19,Fiorentina,1781.62084961
2008-10-20,Fiorentina,1781.62084961
2008-10-22,Fiorentina,1772.44128418
2008-10-23,Fiorentina,1772.09716797
2008-10-24,Fiorentina,1779.9765625
2008-10-26,Fiorentina,1779.9765625
2008-10-27,Fiorentina,1790.42248535
2008-10-30,Fiorentina,1791.27941895
2008-11-02,Fiorentina,1791.27941895
2008-11-03,Fiorentina,1781.734375
2008-11-05,Fiorentina,1784.96411133
2008-11-06,Fiorentina,1788.31286621
2008-11-07,Fiorentina,1791.60510254
2008-11-09,Fiorentina,1791.60510254
2008-11-10,Fiorentina,1795.01916504
2008-11-16,Fiorentina,1795.01916504
2008-11-17,Fiorentina,1784.97619629
2008-11-23,Fiorentina,1791.48327637
2008-11-25,Fiorentina,1791.48327637
2008-11-26,Fiorentina,1778.23730469
2008-11-27,Fiorentina,1774.83740234
2008-11-28,Fiorentina,1773.3482666
2008-12-01,Fiorentina,1768.62902832
2008-12-04,Fiorentina,1765.42333984
2008-12-05,Fiorentina,1765.42333984
2008-12-08,Fiorentina,1776.40246582
2008-12-10,Fiorentina,1774.85107422
2008-12-11,Fiorentina,1779.36706543
2008-12-14,Fiorentina,1779.36706543
2008-12-15,Fiorentina,1783.35656738
2008-12-18,Fiorentina,1781.7545166
2008-12-19,Fiorentina,1781.00952148
2008-12-21,Fiorentina,1781.00952148
2008-12-22,Fiorentina,1789.39331055
2008-12-27,Fiorentina,1789.39331055
2009-01-04,Fiorentina,1789.39331055
2009-01-12,Fiorentina,1775.06958008
2009-01-18,Fiorentina,1770.13525391
2009-01-25,Fiorentina,1766.1809082
2009-01-26,Fiorentina,1766.1809082
2009-01-29,Fiorentina,1770.14868164
2009-02-03,Fiorentina,1779.59326172
2009-02-09,Fiorentina,1783.42712402
2009-02-16,Fiorentina,1783.70715332
2009-02-19,Fiorentina,1780.99255371
2009-02-20,Fiorentina,1765.77905273
2009-02-23,Fiorentina,1768.49780273
2009-02-25,Fiorentina,1766.89978027
2009-02-26,Fiorentina,1765.7142334
2009-02-27,Fiorentina,1752.65441895
2009-03-02,Fiorentina,1749.8326416
2009-03-08,Fiorentina,1749.8326416
2009-03-09,Fiorentina,1731.58276367
2009-03-11,Fiorentina,1730.44494629
2009-03-12,Fiorentina,1729.68334961
2009-03-13,Fiorentina,1733.74963379
2009-03-14,Fiorentina,1733.74963379
2009-03-15,Fiorentina,1733.74963379
2009-03-16,Fiorentina,1728.98022461
2009-03-17,Fiorentina,1728.98022461
2009-03-20,Fiorentina,1729.3729248
2009-03-22,Fiorentina,1729.3729248
2009-03-23,Fiorentina,1733.48901367
2009-04-04,Fiorentina,1733.48901367
2009-04-05,Fiorentina,1733.48901367
2009-04-06,Fiorentina,1741.58276367
2009-04-09,Fiorentina,1741.58276367
2009-04-10,Fiorentina,1739.40063477
2009-04-12,Fiorentina,1744.13037109
2009-04-13,Fiorentina,1744.13037109
2009-04-16,Fiorentina,1744.13037109
2009-04-17,Fiorentina,1743.1361084
2009-04-18,Fiorentina,1743.1361084
2009-04-19,Fiorentina,1743.1361084
2009-04-20,Fiorentina,1731.30175781
2009-04-24,Fiorentina,1731.30175781
2009-04-26,Fiorentina,1744.09594727
2009-05-04,Fiorentina,1746.83679199
2009-05-11,Fiorentina,1755.82385254
2009-05-17,Fiorentina,1755.82385254
2009-05-18,Fiorentina,1759.8026123
2009-05-25,Fiorentina,1756.57958984
2009-06-01,Fiorentina,1744.0078125
2009-07-31,Fiorentina,1744.60449219
2009-08-07,Fiorentina,1745.82995605
2009-08-16,Fiorentina,1745.82995605
2009-08-17,Fiorentina,1745.82995605
2009-08-19,Fiorentina,1751.55395508
2009-08-21,Fiorentina,1756.73352051
2009-08-23,Fiorentina,1754.57385254
2009-08-24,Fiorentina,1754.57385254
2009-08-27,Fiorentina,1758.06469727
2009-08-28,Fiorentina,1759.12194824
2009-08-31,Fiorentina,1763.73962402
2009-09-13,Fiorentina,1763.73962402
2009-09-14,Fiorentina,1767.45996094
2009-09-16,Fiorentina,1769.66674805
2009-09-17,Fiorentina,1763.05493164
2009-09-18,Fiorentina,1754.01464844
2009-09-21,Fiorentina,1745.62207031
2009-09-24,Fiorentina,1752.578125
2009-09-27,Fiorentina,1758.16113281
2009-09-30,Fiorentina,1777.99841309
2009-10-01,Fiorentina,1773.72363281
2009-10-02,Fiorentina,1777.25048828
2009-10-05,Fiorentina,1771.74804688
2009-10-18,Fiorentina,1775.60949707
2009-10-21,Fiorentina,1778.85693359
2009-10-22,Fiorentina,1783.56835938
2009-10-23,Fiorentina,1783.17126465
2009-10-26,Fiorentina,1769.35083008
2009-10-29,Fiorentina,1761.46582031
2009-11-01,Fiorentina,1761.46582031
2009-11-02,Fiorentina,1765.31860352
2009-11-04,Fiorentina,1766.48413086
2009-11-05,Fiorentina,1772.23413086
2009-11-06,Fiorentina,1773.99914551
2009-11-09,Fiorentina,1782.82092285
2009-11-22,Fiorentina,1769.7088623
2009-11-25,Fiorentina,1777.30432129
2009-11-26,Fiorentina,1773.03137207
2009-11-30,Fiorentina,1769.48950195
2009-12-03,Fiorentina,1766.09838867
2009-12-04,Fiorentina,1766.92333984
2009-12-07,Fiorentina,1771.53503418
2009-12-09,Fiorentina,1763.96191406
2009-12-10,Fiorentina,1782.23156738
2009-12-13,Fiorentina,1782.23156738
2009-12-14,Fiorentina,1772.79467773
2009-12-17,Fiorentina,1774.4206543
2009-12-18,Fiorentina,1767.3157959
2009-12-21,Fiorentina,1767.3157959
2010-01-03,Fiorentina,1767.3157959
2010-01-07,Fiorentina,1778.41125488
2010-01-11,Fiorentina,1781.7376709
2010-01-18,Fiorentina,1766.94519043
2010-01-25,Fiorentina,1753.95593262
2010-02-01,Fiorentina,1754.7253418
2010-02-07,Fiorentina,1754.7253418
2010-02-08,Fiorentina,1745.78857422
2010-02-14,Fiorentina,1734.8963623
2010-02-15,Fiorentina,1734.8963623
2010-02-17,Fiorentina,1732.99255371
2010-02-18,Fiorentina,1731.46862793
2010-02-19,Fiorentina,1732.55224609
2010-02-22,Fiorentina,1735.32250977
2010-02-25,Fiorentina,1728.56750488
2010-02-26,Fiorentina,1721.95361328
2010-02-28,Fiorentina,1721.03369141
2010-03-01,Fiorentina,1721.03369141
2010-03-07,Fiorentina,1711.10986328
2010-03-10,Fiorentina,1708.59094238
2010-03-11,Fiorentina,1706.29748535
2010-03-12,Fiorentina,1709.49804688
2010-03-13,Fiorentina,1709.49804688
2010-03-14,Fiorentina,1722.55871582
2010-03-15,Fiorentina,1722.55871582
2010-03-17,Fiorentina,1727.23693848
2010-03-19,Fiorentina,1720.07495117
2010-03-21,Fiorentina,1729.70263672
2010-03-22,Fiorentina,1729.70263672
2010-03-25,Fiorentina,1720.83935547
2010-03-29,Fiorentina,1728.65283203
2010-04-01,Fiorentina,1729.59985352
2010-04-04,Fiorentina,1729.10668945
2010-04-07,Fiorentina,1730.64672852
2010-04-09,Fiorentina,1730.64672852
2010-04-11,Fiorentina,1732.49768066
2010-04-12,Fiorentina,1732.49768066
2010-04-14,Fiorentina,1732.49768066
2010-04-18,Fiorentina,1732.49768066
2010-04-19,Fiorentina,1723.24035645
2010-04-21,Fiorentina,1727.55297852
2010-04-22,Fiorentina,1727.55297852
2010-04-25,Fiorentina,1727.55297852
2010-04-26,Fiorentina,1709.54528809
2010-04-29,Fiorentina,1710.6842041
2010-05-02,Fiorentina,1706.06262207
2010-05-06,Fiorentina,1706.06262207
2010-05-07,Fiorentina,1706.06262207
2010-05-10,Fiorentina,1700.68347168
2010-05-11,Fiorentina,1700.68347168
2010-05-13,Fiorentina,1700.68347168
2010-05-16,Fiorentina,1700.68347168
2010-05-17,Fiorentina,1689.24450684
2010-05-23,Fiorentina,1692.9864502
2010-07-30,Fiorentina,1693.0814209
2010-08-06,Fiorentina,1693.10229492
2010-08-15,Fiorentina,1693.10229492
2010-08-19,Fiorentina,1690.80090332
2010-08-20,Fiorentina,1692.91821289
2010-08-23,Fiorentina,1692.91821289
2010-08-25,Fiorentina,1692.74353027
2010-08-27,Fiorentina,1694.1895752
2010-08-29,Fiorentina,1694.1895752
2010-08-30,Fiorentina,1692.32946777
2010-08-31,Fiorentina,1692.32946777
2010-09-12,Fiorentina,1692.32946777
2010-09-13,Fiorentina,1683.1229248
2010-09-15,Fiorentina,1681.79577637
2010-09-16,Fiorentina,1682.27734375
2010-09-17,Fiorentina,1675.09277344
2010-09-19,Fiorentina,1664.51037598
2010-09-23,Fiorentina,1666.51464844
2010-09-24,Fiorentina,1666.51464844
2010-09-27,Fiorentina,1674.39331055
2010-09-28,Fiorentina,1674.39331055
2010-09-29,Fiorentina,1675.59765625
2010-09-30,Fiorentina,1677.85339355
2010-10-01,Fiorentina,1679.15808105
2010-10-04,Fiorentina,1670.38049316
2010-10-17,Fiorentina,1670.38049316
2010-10-18,Fiorentina,1665.38586426
2010-10-20,Fiorentina,1657.66882324
2010-10-21,Fiorentina,1658.88659668
2010-10-22,Fiorentina,1650.03125
2010-10-24,Fiorentina,1655.36340332
2010-10-25,Fiorentina,1655.36340332
2010-10-31,Fiorentina,1655.36340332
2010-11-01,Fiorentina,1656.9230957
2010-11-03,Fiorentina,1652.89916992
2010-11-04,Fiorentina,1656.58056641
2010-11-05,Fiorentina,1649.89379883
2010-11-07,Fiorentina,1649.89379883
2010-11-08,Fiorentina,1655.40454102
2010-11-11,Fiorentina,1651.59936523
2010-11-14,Fiorentina,1654.94165039
2010-11-20,Fiorentina,1654.94165039
2010-11-21,Fiorentina,1651.62365723
2010-11-22,Fiorentina,1651.62365723
2010-11-24,Fiorentina,1658.49743652
2010-11-25,Fiorentina,1659.46081543
2010-11-28,Fiorentina,1663.38220215
2010-11-29,Fiorentina,1663.38220215
2010-12-02,Fiorentina,1658.83435059
2010-12-03,Fiorentina,1656.65283203
2010-12-05,Fiorentina,1656.65283203
2010-12-06,Fiorentina,1662.07629395
2010-12-08,Fiorentina,1657.39672852
2010-12-09,Fiorentina,1650.22485352
2010-12-12,Fiorentina,1643.86999512
2010-12-13,Fiorentina,1643.86999512
2010-12-16,Fiorentina,1645.60217285
2010-12-17,Fiorentina,1639.64416504
2010-12-23,Fiorentina,1639.64416504
2010-12-29,Fiorentina,1639.64416504
2011-01-02,Fiorentina,1639.64416504
2011-01-04,Fiorentina,1639.64416504
2011-01-06,Fiorentina,1639.64416504
2011-01-07,Fiorentina,1640.6887207
2011-01-10,Fiorentina,1644.09265137
2011-01-11,Fiorentina,1644.09265137
2011-01-16,Fiorentina,1647.75793457
2011-01-24,Fiorentina,1642.36975098
2011-01-25,Fiorentina,1642.36975098
2011-01-30,Fiorentina,1634.2557373
2011-02-03,Fiorentina,1639.94189453
2011-02-07,Fiorentina,1640.7635498
2011-02-14,Fiorentina,1656.92272949
2011-02-16,Fiorentina,1654.48632812
2011-02-17,Fiorentina,1646.22705078
2011-02-18,Fiorentina,1645.84020996
2011-02-19,Fiorentina,1645.84020996
2011-02-21,Fiorentina,1642.4465332
2011-02-24,Fiorentina,1640.20263672
2011-02-25,Fiorentina,1637.69543457
2011-02-27,Fiorentina,1637.69543457
2011-02-28,Fiorentina,1636.13195801
2011-03-02,Fiorentina,1636.13195801
2011-03-07,Fiorentina,1644.18249512
2011-03-08,Fiorentina,1644.18249512
2011-03-09,Fiorentina,1642.50024414
2011-03-10,Fiorentina,1642.0670166
2011-03-11,Fiorentina,1642.0670166
2011-03-13,Fiorentina,1642.0670166
2011-03-14,Fiorentina,1650.95898438
2011-03-16,Fiorentina,1656.35009766
2011-03-18,Fiorentina,1656.35009766
2011-03-20,Fiorentina,1656.35009766
2011-03-21,Fiorentina,1655.89782715
2011-04-03,Fiorentina,1655.89782715
2011-04-04,Fiorentina,1654.04003906
2011-04-06,Fiorentina,1647.20336914
2011-04-08,Fiorentina,1647.20336914
2011-04-10,Fiorentina,1647.20336914
2011-04-11,Fiorentina,1640.16894531
2011-04-14,Fiorentina,1639.28857422
2011-04-17,Fiorentina,1639.28857422
2011-04-18,Fiorentina,1637.70507812
2011-04-24,Fiorentina,1646.92443848
2011-04-27,Fiorentina,1646.92443848
2011-05-02,Fiorentina,1659.4675293
2011-05-08,Fiorentina,1659.4675293
2011-05-09,Fiorentina,1654.43127441
2011-05-12,Fiorentina,1654.43127441
2011-05-15,Fiorentina,1654.43127441
2011-05-16,Fiorentina,1649.94018555
2011-05-20,Fiorentina,1649.94018555
2011-05-23,Fiorentina,1647.83630371
2011-05-29,Fiorentina,1647.83630371
2011-05-30,Fiorentina,1647.83630371
2011-06-19,Fiorentina,1647.83630371
2011-07-27,Fiorentina,1647.83630371
2011-07-29,Fiorentina,1645.58666992
2011-08-01,Fiorentina,1645.58666992
2011-08-05,Fiorentina,1643.80126953
2011-08-07,Fiorentina,1643.80126953
2011-08-08,Fiorentina,1643.80126953
2011-08-17,Fiorentina,1643.26098633
2011-08-19,Fiorentina,1642.20898438
2011-08-25,Fiorentina,1640.31359863
2011-08-26,Fiorentina,1634.24523926
2011-08-27,Fiorentina,1634.24523926
2011-09-11,Fiorentina,1634.24523926
2011-09-12,Fiorentina,1640.04931641
2011-09-14,Fiorentina,1642.86608887
2011-09-15,Fiorentina,1640.46313477
2011-09-16,Fiorentina,1640.34716797
2011-09-18,Fiorentina,1640.34716797
2011-09-19,Fiorentina,1632.7565918
2011-09-22,Fiorentina,1642.30810547
2011-09-25,Fiorentina,1645.55419922
2011-09-26,Fiorentina,1645.55419922
2011-09-27,Fiorentina,1645.55419922
2011-09-28,Fiorentina,1652.73950195
2011-09-29,Fiorentina,1653.72875977
2011-09-30,Fiorentina,1651.4901123
2011-10-01,Fiorentina,1651.4901123
2011-10-03,Fiorentina,1641.73779297
2011-10-10,Fiorentina,1641.73779297
2011-10-15,Fiorentina,1641.73779297
2011-10-17,Fiorentina,1639.92919922
2011-10-18,Fiorentina,1639.92919922
2011-10-19,Fiorentina,1645.1348877
2011-10-20,Fiorentina,1645.94958496
2011-10-21,Fiorentina,1648.91162109
2011-10-23,Fiorentina,1645.59765625
2011-10-24,Fiorentina,1645.59765625
2011-10-26,Fiorentina,1639.79260254
2011-10-27,Fiorentina,1639.79260254
2011-10-28,Fiorentina,1639.79260254
2011-10-30,Fiorentina,1639.79260254
2011-10-31,Fiorentina,1645.82275391
2011-11-02,Fiorentina,1644.12512207
2011-11-03,Fiorentina,1645.62512207
2011-11-04,Fiorentina,1643.04003906
2011-11-06,Fiorentina,1643.04003906
2011-11-07,Fiorentina,1634.75964355
2011-11-13,Fiorentina,1634.75964355
2011-11-14,Fiorentina,1634.75964355
2011-11-19,Fiorentina,1634.75964355
2011-11-20,Fiorentina,1637.35974121
2011-11-21,Fiorentina,1637.35974121
2011-11-23,Fiorentina,1641.06933594
2011-11-24,Fiorentina,1639.70629883
2011-11-26,Fiorentina,1639.70629883
2011-11-27,Fiorentina,1639.70629883
2011-11-28,Fiorentina,1629.39440918
2011-12-01,Fiorentina,1629.85620117
2011-12-02,Fiorentina,1629.06079102
2011-12-04,Fiorentina,1629.06079102
2011-12-05,Fiorentina,1641.96240234
2011-12-06,Fiorentina,1641.96240234
2011-12-07,Fiorentina,1640.66296387
2011-12-08,Fiorentina,1641.76708984
2011-12-11,Fiorentina,1635.01513672
2011-12-12,Fiorentina,1635.01513672
2011-12-15,Fiorentina,1637.98413086
2011-12-16,Fiorentina,1635.89086914
2011-12-18,Fiorentina,1632.88647461
2011-12-20,Fiorentina,1632.88647461
2011-12-21,Fiorentina,1631.79919434
2011-12-22,Fiorentina,1631.79919434
2012-01-05,Fiorentina,1631.79919434
2012-01-08,Fiorentina,1631.79919434
2012-01-09,Fiorentina,1641.52502441
2012-01-15,Fiorentina,1641.52502441
2012-01-16,Fiorentina,1628.58666992
2012-01-19,Fiorentina,1628.58666992
2012-01-22,Fiorentina,1628.58666992
2012-01-23,Fiorentina,1628.89575195
2012-01-30,Fiorentina,1633.91845703
2012-01-31,Fiorentina,1633.91845703
2012-02-05,Fiorentina,1633.91845703
2012-02-06,Fiorentina,1642.37426758
2012-02-09,Fiorentina,1642.37426758
2012-02-12,Fiorentina,1642.37426758
2012-02-13,Fiorentina,1642.37426758
2012-02-15,Fiorentina,1642.37426758
2012-02-16,Fiorentina,1649.15246582
2012-02-17,Fiorentina,1644.15270996
2012-02-18,Fiorentina,1630.83410645
2012-02-19,Fiorentina,1630.83410645
2012-02-20,Fiorentina,1630.83410645
2012-02-21,Fiorentina,1630.83410645
2012-02-22,Fiorentina,1623.39758301
2012-02-23,Fiorentina,1622.23608398
2012-02-24,Fiorentina,1627.33532715
2012-02-26,Fiorentina,1627.33532715
2012-02-27,Fiorentina,1621.9777832
2012-03-04,Fiorentina,1621.9777832
2012-03-05,Fiorentina,1627.85705566
2012-03-06,Fiorentina,1627.85705566
2012-03-07,Fiorentina,1624.91149902
2012-03-08,Fiorentina,1626.16455078
2012-03-09,Fiorentina,1622.25134277
2012-03-10,Fiorentina,1622.25134277
2012-03-12,Fiorentina,1615.40039062
2012-03-14,Fiorentina,1614.56396484
2012-03-15,Fiorentina,1607.96264648
2012-03-16,Fiorentina,1607.90917969
2012-03-18,Fiorentina,1592.81530762
2012-03-26,Fiorentina,1593.90795898
2012-03-29,Fiorentina,1594.28283691
2012-04-02,Fiorentina,1584.00732422
2012-04-04,Fiorentina,1582.6472168
2012-04-08,Fiorentina,1597.54296875
2012-04-12,Fiorentina,1595.46447754
2012-04-23,Fiorentina,1596.15161133
2012-04-26,Fiorentina,1607.20117188
2012-04-30,Fiorentina,1597.42749023
2012-05-03,Fiorentina,1592.55065918
2012-05-06,Fiorentina,1601.00427246
2012-05-14,Fiorentina,1598.17285156
2012-08-03,Fiorentina,1599.20556641
2012-08-10,Fiorentina,1598.7467041
2012-08-23,Fiorentina,1600.11108398
2012-08-24,Fiorentina,1602.9107666
2012-08-26,Fiorentina,1611.65441895
2012-08-29,Fiorentina,1611.05664062
2012-08-31,Fiorentina,1610.88256836
2012-09-03,Fiorentina,1606.65161133
2012-09-17,Fiorentina,1615.80029297
2012-09-19,Fiorentina,1614.02587891
2012-09-20,Fiorentina,1615.47180176
2012-09-21,Fiorentina,1616.66918945
2012-09-23,Fiorentina,1619.36352539
2012-09-24,Fiorentina,1619.36352539
2012-09-26,Fiorentina,1623.21459961
2012-09-27,Fiorentina,1623.21459961
2012-09-29,Fiorentina,1623.21459961
2012-09-30,Fiorentina,1623.21459961
2012-10-01,Fiorentina,1618.26330566
2012-10-03,Fiorentina,1617.71435547
2012-10-04,Fiorentina,1621.36230469
2012-10-05,Fiorentina,1622.98010254
2012-10-07,Fiorentina,1622.98010254
2012-10-08,Fiorentina,1629.36486816
2012-10-14,Fiorentina,1629.36486816
2012-10-21,Fiorentina,1629.36486816
2012-10-22,Fiorentina,1629.48840332
2012-10-24,Fiorentina,1627.31542969
2012-10-25,Fiorentina,1625.8137207
2012-10-26,Fiorentina,1617.41955566
2012-10-29,Fiorentina,1629.05126953
2012-11-01,Fiorentina,1629.05126953
2012-11-02,Fiorentina,1636.51477051
2012-11-03,Fiorentina,1636.51477051
2012-11-05,Fiorentina,1645.44995117
2012-11-07,Fiorentina,1645.13012695
2012-11-08,Fiorentina,1646.02502441
2012-11-09,Fiorentina,1648.13500977
2012-11-10,Fiorentina,1648.13500977
2012-11-11,Fiorentina,1648.13500977
2012-11-12,Fiorentina,1665.50231934
2012-11-18,Fiorentina,1665.50231934
2012-11-19,Fiorentina,1674.29760742
2012-11-21,Fiorentina,1678.22717285
2012-11-22,Fiorentina,1682.75354004
2012-11-23,Fiorentina,1677.90942383
2012-11-24,Fiorentina,1677.90942383
2012-11-25,Fiorentina,1677.90942383
2012-11-26,Fiorentina,1676.18334961
2012-11-28,Fiorentina,1676.18334961
2012-12-01,Fiorentina,1676.18334961
2012-12-02,Fiorentina,1676.18334961
2012-12-03,Fiorentina,1670.93737793
2012-12-05,Fiorentina,1667.28039551
2012-12-06,Fiorentina,1671.23913574
2012-12-07,Fiorentina,1662.71899414
2012-12-09,Fiorentina,1653.64440918
2012-12-10,Fiorentina,1653.64440918
2012-12-15,Fiorentina,1653.64440918
2012-12-16,Fiorentina,1653.64440918
2012-12-17,Fiorentina,1660.67712402
2012-12-21,Fiorentina,1660.67712402
2012-12-23,Fiorentina,1672.48474121
2012-12-30,Fiorentina,1672.48474121
2013-01-07,Fiorentina,1652.84887695
2013-01-13,Fiorentina,1652.84887695
2013-01-14,Fiorentina,1643.79455566
2013-01-21,Fiorentina,1643.42529297
2013-01-27,Fiorentina,1643.42529297
2013-01-28,Fiorentina,1636.53405762
2013-01-29,Fiorentina,1636.53405762
2013-02-02,Fiorentina,1636.53405762
2013-02-03,Fiorentina,1636.53405762
2013-02-04,Fiorentina,1645.67736816
2013-02-05,Fiorentina,1645.67736816
2013-02-09,Fiorentina,1645.67736816
2013-02-10,Fiorentina,1641.68969727
2013-02-13,Fiorentina,1644.1307373
2013-02-14,Fiorentina,1644.1307373
2013-02-15,Fiorentina,1641.54223633
2013-02-16,Fiorentina,1641.54223633
2013-02-18,Fiorentina,1653.80407715
2013-02-20,Fiorentina,1653.80407715
2013-02-21,Fiorentina,1658.07580566
2013-02-22,Fiorentina,1663.44921875
2013-02-24,Fiorentina,1663.44921875
2013-02-25,Fiorentina,1663.44921875
2013-02-27,Fiorentina,1655.35546875
2013-03-02,Fiorentina,1655.35546875
2013-03-03,Fiorentina,1655.35546875
2013-03-04,Fiorentina,1659.84863281
2013-03-06,Fiorentina,1659.84863281
2013-03-07,Fiorentina,1660.11730957
2013-03-08,Fiorentina,1662.19006348
2013-03-10,Fiorentina,1662.19006348
2013-03-11,Fiorentina,1677.48986816
2013-03-13,Fiorentina,1672.5592041
2013-03-14,Fiorentina,1672.5592041
2013-03-15,Fiorentina,1676.54272461
2013-03-17,Fiorentina,1676.54272461
2013-03-18,Fiorentina,1680.06054688
2013-03-31,Fiorentina,1671.02734375
2013-04-03,Fiorentina,1669.03869629
2013-04-05,Fiorentina,1665.58300781
2013-04-07,Fiorentina,1665.58300781
2013-04-08,Fiorentina,1667.12402344
2013-04-11,Fiorentina,1665.7590332
2013-04-12,Fiorentina,1664.5513916
2013-04-13,Fiorentina,1664.5513916
2013-04-14,Fiorentina,1674.85534668
2013-04-15,Fiorentina,1674.85534668
2013-04-20,Fiorentina,1674.85534668
2013-04-21,Fiorentina,1674.85534668
2013-04-22,Fiorentina,1678.77868652
2013-04-24,Fiorentina,1678.77868652
2013-04-28,Fiorentina,1678.77868652
2013-04-29,Fiorentina,1689.77331543
2013-05-02,Fiorentina,1689.77331543
2013-05-05,Fiorentina,1679.54626465
2013-05-06,Fiorentina,1679.54626465
2013-05-09,Fiorentina,1685.36035156
2013-05-12,Fiorentina,1685.36035156
2013-05-13,Fiorentina,1689.03833008
2013-05-20,Fiorentina,1695.51904297
2013-05-27,Fiorentina,1695.51904297
2013-06-02,Fiorentina,1695.51904297
2013-08-02,Fiorentina,1695.7824707
2013-08-07,Fiorentina,1695.7824707
2013-08-09,Fiorentina,1695.91809082
2013-08-12,Fiorentina,1695.91809082
2013-08-18,Fiorentina,1695.91809082
2013-08-20,Fiorentina,1695.91809082
2013-08-21,Fiorentina,1696.4128418
2013-08-23,Fiorentina,1696.17150879
2013-08-26,Fiorentina,1696.17150879
2013-08-27,Fiorentina,1700.96923828
2013-08-28,Fiorentina,1700.96923828
2013-08-29,Fiorentina,1704.42443848
2013-08-30,Fiorentina,1701.47460938
2013-08-31,Fiorentina,1701.47460938
2013-09-01,Fiorentina,1701.47460938
2013-09-02,Fiorentina,1710.75512695
2013-09-15,Fiorentina,1710.75512695
2013-09-16,Fiorentina,1706.09057617
2013-09-18,Fiorentina,1703.82055664
2013-09-19,Fiorentina,1709.25146484
2013-09-20,Fiorentina,1717.4206543
2013-09-23,Fiorentina,1725.06555176
2013-09-26,Fiorentina,1725.06555176
2013-09-27,Fiorentina,1717.03479004
2013-10-01,Fiorentina,1712.37878418
2013-10-02,Fiorentina,1710.32641602
2013-10-03,Fiorentina,1708.46289062
2013-10-04,Fiorentina,1718.97802734
2013-10-07,Fiorentina,1719.64501953
2013-10-20,Fiorentina,1719.64501953
2013-10-21,Fiorentina,1733.12036133
2013-10-22,Fiorentina,1733.12036133
2013-10-23,Fiorentina,1737.61743164
2013-10-24,Fiorentina,1736.73181152
2013-10-25,Fiorentina,1740.69921875
2013-10-27,Fiorentina,1740.69921875
2013-10-28,Fiorentina,1745.69274902
2013-10-31,Fiorentina,1736.71643066
2013-11-01,Fiorentina,1736.71643066
2013-11-03,Fiorentina,1751.43249512
2013-11-04,Fiorentina,1751.43249512
2013-11-06,Fiorentina,1752.67504883
2013-11-07,Fiorentina,1753.19042969
2013-11-08,Fiorentina,1759.1809082
2013-11-11,Fiorentina,1761.39196777
2013-11-25,Fiorentina,1751.93823242
2013-11-27,Fiorentina,1754.07067871
2013-11-28,Fiorentina,1754.73352051
2013-11-29,Fiorentina,1750.22753906
2013-12-03,Fiorentina,1753.19104004
2013-12-09,Fiorentina,1746.59155273
2013-12-11,Fiorentina,1746.59155273
2013-12-12,Fiorentina,1746.5949707
2013-12-13,Fiorentina,1750.60070801
2013-12-16,Fiorentina,1755.56237793
2013-12-22,Fiorentina,1755.56237793
2013-12-23,Fiorentina,1759.62915039
2014-01-06,Fiorentina,1761.52746582
2014-01-12,Fiorentina,1761.52746582
2014-01-13,Fiorentina,1758.8470459
2014-01-19,Fiorentina,1758.8470459
2014-01-20,Fiorentina,1767.05212402
2014-01-26,Fiorentina,1767.05212402
2014-01-27,Fiorentina,1761.0670166
2014-02-02,Fiorentina,1750.03808594
2014-02-09,Fiorentina,1754.42565918
2014-02-10,Fiorentina,1754.42565918
2014-02-16,Fiorentina,1742.70959473
2014-02-19,Fiorentina,1742.70959473
2014-02-20,Fiorentina,1741.58544922
2014-02-21,Fiorentina,1741.68591309
2014-02-25,Fiorentina,1741.2166748
2014-02-26,Fiorentina,1741.2166748
2014-02-28,Fiorentina,1742.89453125
2014-03-03,Fiorentina,1731.20166016
2014-03-09,Fiorentina,1731.20166016
2014-03-10,Fiorentina,1727.9173584
2014-03-12,Fiorentina,1726.40234375
2014-03-14,Fiorentina,1728.19750977
2014-03-16,Fiorentina,1728.19750977
2014-03-17,Fiorentina,1732.5559082
2014-03-20,Fiorentina,1732.5559082
2014-03-21,Fiorentina,1722.28881836
2014-03-22,Fiorentina,1722.28881836
2014-03-24,Fiorentina,1732.92724609
2014-03-27,Fiorentina,1718.29870605
2014-03-30,Fiorentina,1718.29870605
2014-03-31,Fiorentina,1716.41772461
2014-04-04,Fiorentina,1717.58081055
2014-04-06,Fiorentina,1717.58081055
2014-04-07,Fiorentina,1722.10742188
2014-04-08,Fiorentina,1722.10742188
2014-04-11,Fiorentina,1722.85375977
2014-04-14,Fiorentina,1730.95605469
2014-04-20,Fiorentina,1723.27807617
2014-04-25,Fiorentina,1721.70495605
2014-04-27,Fiorentina,1730.21826172
2014-05-01,Fiorentina,1730.21826172
2014-05-02,Fiorentina,1727.69628906
2014-05-03,Fiorentina,1727.69628906
2014-05-04,Fiorentina,1727.69628906
2014-05-05,Fiorentina,1727.69628906
2014-05-07,Fiorentina,1713.32409668
2014-05-08,Fiorentina,1713.32409668
2014-05-11,Fiorentina,1713.32409668
2014-05-12,Fiorentina,1716.72131348
2014-05-16,Fiorentina,1716.72131348
2014-05-19,Fiorentina,1712.99572754
2014-07-25,Fiorentina,1712.99572754
2014-07-31,Fiorentina,1712.99572754
2014-08-01,Fiorentina,1713.41174316
2014-08-07,Fiorentina,1713.41174316
2014-08-08,Fiorentina,1713.62646484
2014-08-10,Fiorentina,1713.62646484
2014-08-15,Fiorentina,1713.62646484
2014-08-18,Fiorentina,1713.62646484
2014-08-20,Fiorentina,1713.0916748
2014-08-21,Fiorentina,1713.0916748
2014-08-22,Fiorentina,1712.62780762
2014-08-24,Fiorentina,1712.62780762
2014-08-25,Fiorentina,1712.62780762
2014-08-28,Fiorentina,1708.87670898
2014-08-29,Fiorentina,1710.47253418
2014-08-31,Fiorentina,1702.70288086
2014-09-01,Fiorentina,1702.70288086
2014-09-14,Fiorentina,1702.70288086
2014-09-15,Fiorentina,1697.49694824
2014-09-17,Fiorentina,1698.14111328
2014-09-18,Fiorentina,1701.85986328
2014-09-19,Fiorentina,1713.64904785
2014-09-22,Fiorentina,1720.21411133
2014-09-25,Fiorentina,1714.14685059
2014-09-29,Fiorentina,1713.41601562
2014-10-01,Fiorentina,1715.28210449
2014-10-02,Fiorentina,1713.31433105
2014-10-03,Fiorentina,1725.83728027
2014-10-06,Fiorentina,1735.91748047
2014-10-19,Fiorentina,1735.91748047
2014-10-20,Fiorentina,1719.75354004
2014-10-22,Fiorentina,1716.00402832
2014-10-23,Fiorentina,1711.83312988
2014-10-24,Fiorentina,1714.94787598
2014-10-27,Fiorentina,1717.04394531
2014-10-30,Fiorentina,1725.3560791
2014-11-03,Fiorentina,1711.43676758
2014-11-05,Fiorentina,1712.39733887
2014-11-06,Fiorentina,1711.67199707
2014-11-07,Fiorentina,1701.58605957
2014-11-08,Fiorentina,1701.58605957
2014-11-09,Fiorentina,1701.58605957
2014-11-10,Fiorentina,1693.45983887
2014-11-24,Fiorentina,1700.38964844
2014-11-25,Fiorentina,1700.38964844
2014-11-26,Fiorentina,1700.45727539
2014-11-27,Fiorentina,1701.73864746
2014-11-28,Fiorentina,1709.96594238
2014-11-30,Fiorentina,1709.96594238
2014-12-01,Fiorentina,1722.66699219
2014-12-06,Fiorentina,1725.91833496
2014-12-07,Fiorentina,1725.91833496
2014-12-10,Fiorentina,1725.71960449
2014-12-11,Fiorentina,1722.92993164
2014-12-12,Fiorentina,1705.59057617
2014-12-13,Fiorentina,1705.59057617
2014-12-15,Fiorentina,1711.60461426
2014-12-17,Fiorentina,1711.60461426
2014-12-21,Fiorentina,1711.60461426
2014-12-22,Fiorentina,1705.56616211
2014-12-29,Fiorentina,1705.56616211
2015-01-07,Fiorentina,1695.34265137
2015-01-11,Fiorentina,1695.34265137
2015-01-12,Fiorentina,1699.78515625
2015-01-19,Fiorentina,1705.57336426
2015-01-25,Fiorentina,1705.57336426
2015-01-26,Fiorentina,1705.78210449
2015-02-01,Fiorentina,1704.41113281
2015-02-05,Fiorentina,1704.41113281
2015-02-09,Fiorentina,1708.16345215
2015-02-12,Fiorentina,1708.16345215
2015-02-15,Fiorentina,1717.3293457
2015-02-16,Fiorentina,1717.3293457
2015-02-20,Fiorentina,1724.08850098
2015-02-23,Fiorentina,1720.32849121
2015-02-25,Fiorentina,1721.24780273
2015-02-27,Fiorentina,1751.71057129
2015-03-01,Fiorentina,1751.71057129
2015-03-02,Fiorentina,1759.94519043
2015-03-08,Fiorentina,1759.94519043
2015-03-10,Fiorentina,1744.2121582
2015-03-12,Fiorentina,1744.2121582
2015-03-13,Fiorentina,1740.77331543
2015-03-17,Fiorentina,1745.90661621
2015-03-19,Fiorentina,1749.94567871
2015-03-20,Fiorentina,1773.83081055
2015-03-22,Fiorentina,1773.83081055
2015-03-23,Fiorentina,1771.21655273
2015-04-05,Fiorentina,1777.08520508
2015-04-13,Fiorentina,1765.16113281
2015-04-15,Fiorentina,1766.35986328
2015-04-17,Fiorentina,1776.73181152
2015-04-19,Fiorentina,1776.73181152
2015-04-21,Fiorentina,1762.95446777
2015-04-23,Fiorentina,1763.56689453
2015-04-24,Fiorentina,1778.41992188
2015-04-25,Fiorentina,1778.41992188
2015-04-27,Fiorentina,1757.00378418
2015-04-30,Fiorentina,1753.99865723
2015-05-02,Fiorentina,1753.99865723
2015-05-04,Fiorentina,1756.67297363
2015-05-06,Fiorentina,1758.51086426
2015-05-08,Fiorentina,1746.71032715
2015-05-09,Fiorentina,1746.71032715
2015-05-10,Fiorentina,1746.71032715
2015-05-11,Fiorentina,1753.37597656
2015-05-13,Fiorentina,1753.37597656
2015-05-14,Fiorentina,1757.27978516
2015-05-15,Fiorentina,1748.5
2015-05-17,Fiorentina,1748.5
2015-05-18,Fiorentina,1748.5
2015-05-19,Fiorentina,1753.09851074
2015-05-25,Fiorentina,1759.78259277
2015-05-31,Fiorentina,1759.78259277
2015-06-01,Fiorentina,1765.47827148
2015-06-07,Fiorentina,1763.25158691
2015-07-29,Fiorentina,1763.25158691
2015-07-31,Fiorentina,1750.78430176
2015-08-03,Fiorentina,1750.78430176
2015-08-07,Fiorentina,1751.27026367
2015-08-19,Fiorentina,1753.42407227
2015-08-23,Fiorentina,1753.42407227
2015-08-24,Fiorentina,1760.18774414
2015-08-27,Fiorentina,1754.39758301
2015-08-30,Fiorentina,1754.39758301
2015-08-31,Fiorentina,1742.29101562
2015-09-13,Fiorentina,1746.65856934
2015-09-16,Fiorentina,1750.43713379
2015-09-17,Fiorentina,1752.64599609
2015-09-18,Fiorentina,1739.89245605
2015-09-20,Fiorentina,1739.89245605
2015-09-21,Fiorentina,1744.18762207
2015-09-23,Fiorentina,1744.18762207
2015-09-24,Fiorentina,1746.65869141
2015-09-28,Fiorentina,1762.61315918
2015-09-30,Fiorentina,1758.76464844
2015-10-01,Fiorentina,1761.60375977
2015-10-02,Fiorentina,1776.55090332
2015-10-05,Fiorentina,1781.22192383
2015-10-18,Fiorentina,1781.22192383
2015-10-19,Fiorentina,1775.28161621
2015-10-21,Fiorentina,1776.44689941
2015-10-22,Fiorentina,1774.59228516
2015-10-23,Fiorentina,1756.2767334
2015-10-26,Fiorentina,1746.53955078
2015-10-29,Fiorentina,1754.73901367
2015-11-02,Fiorentina,1757.39782715
2015-11-04,Fiorentina,1757.3079834
2015-11-05,Fiorentina,1759.53430176
2015-11-06,Fiorentina,1768.89538574
2015-11-08,Fiorentina,1768.89538574
2015-11-09,Fiorentina,1778.15026855
2015-11-22,Fiorentina,1778.15026855
2015-11-23,Fiorentina,1771.7109375
2015-11-25,Fiorentina,1770.71142578
2015-11-26,Fiorentina,1772.5703125
2015-11-27,Fiorentina,1775.72155762
2015-11-30,Fiorentina,1775.72155762
2015-12-01,Fiorentina,1774.48950195
2015-12-06,Fiorentina,1774.48950195
2015-12-07,Fiorentina,1779.0501709
2015-12-09,Fiorentina,1776.22888184
2015-12-10,Fiorentina,1774.03674316
2015-12-11,Fiorentina,1777.05566406
2015-12-13,Fiorentina,1777.05566406
2015-12-14,Fiorentina,1772.29785156
2015-12-20,Fiorentina,1772.29785156
2015-12-21,Fiorentina,1776.68554688
2016-01-03,Fiorentina,1776.68554688
2016-01-07,Fiorentina,1784.56237793
2016-01-10,Fiorentina,1767.95483398
2016-01-18,Fiorentina,1756.8125
2016-01-24,Fiorentina,1756.8125
2016-01-25,Fiorentina,1762.33044434
2016-02-01,Fiorentina,1761.21228027
2016-02-04,Fiorentina,1763.22937012
2016-02-07,Fiorentina,1759.7878418
2016-02-08,Fiorentina,1759.7878418
2016-02-13,Fiorentina,1759.7878418
2016-02-14,Fiorentina,1759.7878418
2016-02-15,Fiorentina,1764.96411133
2016-02-18,Fiorentina,1763.99865723
2016-02-19,Fiorentina,1759.73547363
2016-02-22,Fiorentina,1765.32836914
2016-02-24,Fiorentina,1764.31420898
2016-02-25,Fiorentina,1764.31420898
2016-02-26,Fiorentina,1748.24707031
2016-02-28,Fiorentina,1748.24707031
2016-03-01,Fiorentina,1748.2388916
2016-03-02,Fiorentina,1748.2388916
2016-03-03,Fiorentina,1748.2388916
2016-03-05,Fiorentina,1738.87536621
2016-03-09,Fiorentina,1738.54394531
2016-03-11,Fiorentina,1739.60681152
2016-03-13,Fiorentina,1739.60681152
2016-03-14,Fiorentina,1732.91687012
2016-03-17,Fiorentina,1730.0098877
2016-03-18,Fiorentina,1723.00256348
2016-03-19,Fiorentina,1723.00256348
2016-03-21,Fiorentina,1718.47021484
2016-04-03,Fiorentina,1718.47021484
2016-04-04,Fiorentina,1713.07067871
2016-04-05,Fiorentina,1713.07067871
2016-04-07,Fiorentina,1713.07067871
2016-04-10,Fiorentina,1713.07067871
2016-04-11,Fiorentina,1699.06311035
2016-04-12,Fiorentina,1699.06311035
2016-04-13,Fiorentina,1699.06311035
2016-04-15,Fiorentina,1699.06311035
2016-04-17,Fiorentina,1699.06311035
2016-04-18,Fiorentina,1705.94543457
2016-04-20,Fiorentina,1705.94543457
2016-04-21,Fiorentina,1696.04858398
2016-04-22,Fiorentina,1696.04858398
2016-04-25,Fiorentina,1691.74719238
2016-04-29,Fiorentina,1691.74719238
2016-05-01,Fiorentina,1691.94104004
2016-05-06,Fiorentina,1691.94104004
2016-05-08,Fiorentina,1691.94104004
2016-05-09,Fiorentina,1686.5267334
2016-05-12,Fiorentina,1686.5267334
2016-05-16,Fiorentina,1700.77258301
2016-05-17,Fiorentina,1700.77258301
2016-05-19,Fiorentina,1700.77258301
2016-05-23,Fiorentina,1700.77258301
2016-05-26,Fiorentina,1700.77258301
2016-07-28,Fiorentina,1700.77258301
2016-07-29,Fiorentina,1701.26794434
2016-08-05,Fiorentina,1704.52209473
2016-08-08,Fiorentina,1704.52209473
2016-08-15,Fiorentina,1704.52209473
2016-08-18,Fiorentina,1705.24328613
2016-08-19,Fiorentina,1707.07397461
2016-08-21,Fiorentina,1704.83300781
2016-08-22,Fiorentina,1704.83300781
2016-08-23,Fiorentina,1704.83300781
2016-08-24,Fiorentina,1695.14343262
2016-08-26,Fiorentina,1695.1895752
2016-08-27,Fiorentina,1695.1895752
2016-08-29,Fiorentina,1699.90454102
2016-09-11,Fiorentina,1699.90454102
2016-09-12,Fiorentina,1699.90454102
2016-09-14,Fiorentina,1703.0065918
2016-09-15,Fiorentina,1701.23095703
2016-09-16,Fiorentina,1696.07177734
2016-09-19,Fiorentina,1704.06762695
2016-09-22,Fiorentina,1701.81896973
2016-09-25,Fiorentina,1701.81896973
2016-09-26,Fiorentina,1698.84997559
2016-09-28,Fiorentina,1701.3371582
2016-09-29,Fiorentina,1704.36230469
2016-09-30,Fiorentina,1702.39306641
2016-10-03,Fiorentina,1694.38598633
2016-10-15,Fiorentina,1694.38598633
2016-10-16,Fiorentina,1694.38598633
2016-10-17,Fiorentina,1689.40441895
2016-10-18,Fiorentina,1689.40441895
2016-10-19,Fiorentina,1690.99682617
2016-10-20,Fiorentina,1686.42199707
2016-10-21,Fiorentina,1697.50402832
2016-10-24,Fiorentina,1706.83984375
2016-10-27,Fiorentina,1699.35205078
2016-10-30,Fiorentina,1705.86462402
2016-11-02,Fiorentina,1705.7767334
2016-11-03,Fiorentina,1703.22106934
2016-11-04,Fiorentina,1707.24645996
2016-11-05,Fiorentina,1707.24645996
2016-11-06,Fiorentina,1707.24645996
2016-11-07,Fiorentina,1701.67138672
2016-11-19,Fiorentina,1701.67138672
2016-11-21,Fiorentina,1715.06018066
2016-11-23,Fiorentina,1719.1171875
2016-11-24,Fiorentina,1717.63317871
2016-11-25,Fiorentina,1694.98400879
2016-11-27,Fiorentina,1694.98400879
2016-11-28,Fiorentina,1694.98400879
2016-11-29,Fiorentina,1684.53442383
2016-12-01,Fiorentina,1684.53442383
2016-12-03,Fiorentina,1684.53442383
2016-12-05,Fiorentina,1687.02368164
2016-12-06,Fiorentina,1687.02368164
2016-12-07,Fiorentina,1690.93798828
2016-12-08,Fiorentina,1691.52001953
2016-12-09,Fiorentina,1699.0994873
2016-12-10,Fiorentina,1693.14001465
2016-12-11,Fiorentina,1693.14001465
2016-12-13,Fiorentina,1697.50305176
2016-12-14,Fiorentina,1697.50305176
2016-12-16,Fiorentina,1689.55273438
2016-12-19,Fiorentina,1681.54956055
2016-12-21,Fiorentina,1681.54956055
2016-12-23,Fiorentina,1682.7298584
2017-01-09,Fiorentina,1682.7298584
2017-01-16,Fiorentina,1694.66711426
2017-01-22,Fiorentina,1707.74291992
2017-01-23,Fiorentina,1707.74291992
2017-01-28,Fiorentina,1707.74291992
2017-01-29,Fiorentina,1707.74291992
2017-01-30,Fiorentina,1702.328125
2017-01-31,Fiorentina,1702.328125
2017-02-01,Fiorentina,1702.328125
2017-02-02,Fiorentina,1706.08654785
2017-02-06,Fiorentina,1706.08654785
2017-02-08,Fiorentina,1698.02416992
2017-02-11,Fiorentina,1698.02416992
2017-02-12,Fiorentina,1703.67504883
2017-02-14,Fiorentina,1703.67504883
2017-02-16,Fiorentina,1702.8848877
2017-02-17,Fiorentina,1722.31652832
2017-02-20,Fiorentina,1715.49365234
2017-02-23,Fiorentina,1718.02722168
2017-02-24,Fiorentina,1690.21228027
2017-02-25,Fiorentina,1690.21228027
2017-02-27,Fiorentina,1690.21228027
2017-02-28,Fiorentina,1686.4317627
2017-03-06,Fiorentina,1688.69848633
2017-03-08,Fiorentina,1687.70031738
2017-03-09,Fiorentina,1687.70031738
2017-03-10,Fiorentina,1684.03796387
2017-03-12,Fiorentina,1684.03796387
2017-03-13,Fiorentina,1687.00231934
2017-03-14,Fiorentina,1687.00231934
2017-03-15,Fiorentina,1687.5513916
2017-03-16,Fiorentina,1687.5513916
2017-03-17,Fiorentina,1686.18554688
2017-03-18,Fiorentina,1686.18554688
2017-03-19,Fiorentina,1686.18554688
2017-03-20,Fiorentina,1690.2130127
2017-03-26,Fiorentina,1690.2130127
2017-04-02,Fiorentina,1690.2130127
2017-04-03,Fiorentina,1693.58764648
2017-04-06,Fiorentina,1693.58764648
2017-04-10,Fiorentina,1693.20776367
2017-04-12,Fiorentina,1699.52514648
2017-04-13,Fiorentina,1699.52514648
2017-04-15,Fiorentina,1699.52514648
2017-04-16,Fiorentina,1685.1138916
2017-04-19,Fiorentina,1685.1138916
2017-04-20,Fiorentina,1686.97558594
2017-04-23,Fiorentina,1693.52490234
2017-04-24,Fiorentina,1693.52490234
2017-04-26,Fiorentina,1693.52490234
2017-04-29,Fiorentina,1693.52490234
2017-04-30,Fiorentina,1693.52490234
2017-05-01,Fiorentina,1676.47668457
2017-05-04,Fiorentina,1680.16345215
2017-05-06,Fiorentina,1680.16345215
2017-05-07,Fiorentina,1680.16345215
2017-05-08,Fiorentina,1680.22680664
2017-05-10,Fiorentina,1680.86010742
2017-05-14,Fiorentina,1688.61779785
2017-05-15,Fiorentina,1688.61779785
2017-05-18,Fiorentina,1688.61779785
2017-05-21,Fiorentina,1683.84899902
2017-05-22,Fiorentina,1683.84899902
2017-05-29,Fiorentina,1676.54919434
2017-05-30,Fiorentina,1676.54919434
2017-06-04,Fiorentina,1673.40283203
2017-07-14,Fiorentina,1673.40283203
2017-07-17,Fiorentina,1673.40283203
2017-07-24,Fiorentina,1673.40283203
2017-07-28,Fiorentina,1674.17028809
2017-08-04,Fiorentina,1674.85168457
2017-08-07,Fiorentina,1674.85168457
2017-08-11,Fiorentina,1674.85168457
2017-08-14,Fiorentina,1674.85168457
2017-08-16,Fiorentina,1674.85168457
2017-08-17,Fiorentina,1676.44665527
2017-08-18,Fiorentina,1677.37304688
2017-08-21,Fiorentina,1667.67675781
2017-08-22,Fiorentina,1667.67675781
2017-08-23,Fiorentina,1669.04931641
2017-08-25,Fiorentina,1669.16210938
2017-08-28,Fiorentina,1657.60693359
2017-09-09,Fiorentina,1657.60693359
2017-09-11,Fiorentina,1671.81030273
2017-09-13,Fiorentina,1669.59057617
2017-09-14,Fiorentina,1666.68713379
2017-09-15,Fiorentina,1677.87390137
2017-09-17,Fiorentina,1681.68457031
2017-09-21,Fiorentina,1680.0925293
2017-09-22,Fiorentina,1680.0925293
2017-09-24,Fiorentina,1680.0925293
2017-09-25,Fiorentina,1679.48413086
2017-09-26,Fiorentina,1679.48413086
2017-09-27,Fiorentina,1679.99926758
2017-09-28,Fiorentina,1681.53295898
2017-09-29,Fiorentina,1684.21728516
2017-10-01,Fiorentina,1684.21728516
2017-10-02,Fiorentina,1675.50878906
2017-10-15,Fiorentina,1675.50878906
2017-10-16,Fiorentina,1679.5411377
2017-10-18,Fiorentina,1677.79858398
2017-10-19,Fiorentina,1680.06018066
2017-10-20,Fiorentina,1682.90734863
2017-10-22,Fiorentina,1682.90734863
2017-10-23,Fiorentina,1690.30187988
2017-10-26,Fiorentina,1699.75610352
2017-10-30,Fiorentina,1688.80651855
2017-11-01,Fiorentina,1691.43286133
2017-11-02,Fiorentina,1686.95068359
2017-11-03,Fiorentina,1686.27868652
2017-11-05,Fiorentina,1686.27868652
2017-11-06,Fiorentina,1679.61303711
2017-11-20,Fiorentina,1676.84509277
2017-11-22,Fiorentina,1678.69042969
2017-11-23,Fiorentina,1676.01855469
2017-11-24,Fiorentina,1681.5838623
2017-11-27,Fiorentina,1685.91564941
2017-11-30,Fiorentina,1685.91564941
2017-12-03,Fiorentina,1685.91564941
2017-12-04,Fiorentina,1693.03857422
2017-12-06,Fiorentina,1694.79174805
2017-12-07,Fiorentina,1690.04980469
2017-12-08,Fiorentina,1682.4786377
2017-12-11,Fiorentina,1688.72033691
2017-12-12,Fiorentina,1688.72033691
2017-12-13,Fiorentina,1688.72033691
2017-12-17,Fiorentina,1688.72033691
2017-12-18,Fiorentina,1683.51733398
2017-12-23,Fiorentina,1689.59020996
2017-12-31,Fiorentina,1687.04907227
2018-01-06,Fiorentina,1687.32104492
2018-01-14,Fiorentina,1687.32104492
2018-01-21,Fiorentina,1687.32104492
2018-01-22,Fiorentina,1675.8605957
2018-01-27,Fiorentina,1675.8605957
2018-01-29,Fiorentina,1652.49121094
2018-01-30,Fiorentina,1652.49121094
2018-02-04,Fiorentina,1652.49121094
2018-02-05,Fiorentina,1659.92736816
2018-02-10,Fiorentina,1656.14758301
2018-02-11,Fiorentina,1656.14758301
2018-02-12,Fiorentina,1656.14758301
2018-02-14,Fiorentina,1654.28820801
2018-02-16,Fiorentina,1647.98120117
2018-02-17,Fiorentina,1647.98120117
2018-02-19,Fiorentina,1651.82128906
2018-02-22,Fiorentina,1650.39562988
2018-02-23,Fiorentina,1655.3659668
2018-02-25,Fiorentina,1655.3659668
2018-02-26,Fiorentina,1659.54321289
2018-03-04,Fiorentina,1659.54321289
2018-03-08,Fiorentina,1664.69848633
2018-03-09,Fiorentina,1659.3996582
2018-03-11,Fiorentina,1659.3996582
2018-03-12,Fiorentina,1661.65869141
2018-03-13,Fiorentina,1661.65869141
2018-03-14,Fiorentina,1665.0612793
2018-03-15,Fiorentina,1665.0612793
2018-03-16,Fiorentina,1669.54968262
2018-03-19,Fiorentina,1678.67736816
2018-04-01,Fiorentina,1683.46020508
2018-04-02,Fiorentina,1683.46020508
2018-04-04,Fiorentina,1687.95336914
2018-04-05,Fiorentina,1686.40478516
2018-04-06,Fiorentina,1689.52429199
2018-04-08,Fiorentina,1707.72180176
2018-04-09,Fiorentina,1707.72180176
2018-04-11,Fiorentina,1714.48669434
2018-04-12,Fiorentina,1716.87194824
2018-04-13,Fiorentina,1709.95385742
2018-04-16,Fiorentina,1704.04638672
2018-04-19,Fiorentina,1695.97302246
2018-04-22,Fiorentina,1686.59521484
2018-04-25,Fiorentina,1683.36767578
2018-04-26,Fiorentina,1683.36767578
2018-04-30,Fiorentina,1703.50854492
2018-05-03,Fiorentina,1704.47631836
2018-05-04,Fiorentina,1704.47631836
2018-05-06,Fiorentina,1704.47631836
2018-05-07,Fiorentina,1711.13586426
2018-05-14,Fiorentina,1697.5769043
2018-05-20,Fiorentina,1697.5769043
2018-05-21,Fiorentina,1684.82592773
2018-07-26,Fiorentina,1684.82592773
2018-07-27,Fiorentina,1683.65661621
2018-08-03,Fiorentina,1685.11096191
2018-08-10,Fiorentina,1685.5390625
2018-08-12,Fiorentina,1685.5390625
2018-08-15,Fiorentina,1685.5390625
2018-08-17,Fiorentina,1685.61096191
2018-08-19,Fiorentina,1685.61096191
2018-08-24,Fiorentina,1684.25842285
2018-08-27,Fiorentina,1692.6328125
2018-08-31,Fiorentina,1691.23095703
2018-09-02,Fiorentina,1691.23095703
2018-09-03,Fiorentina,1694.81164551
2018-09-16,Fiorentina,1691.59716797
2018-09-17,Fiorentina,1691.59716797
2018-09-19,Fiorentina,1694.37268066
2018-09-20,Fiorentina,1696.29785156
2018-09-21,Fiorentina,1697.41333008
2018-09-23,Fiorentina,1704.12536621
2018-09-26,Fiorentina,1698.9876709
2018-09-30,Fiorentina,1698.9876709
2018-10-01,Fiorentina,1708.25427246
2018-10-03,Fiorentina,1710.15576172
2018-10-04,Fiorentina,1715.9753418
2018-10-05,Fiorentina,1712.49890137
2018-10-07,Fiorentina,1712.49890137
2018-10-08,Fiorentina,1707.30664062
2018-10-21,Fiorentina,1707.30664062
2018-10-22,Fiorentina,1701.90039062
2018-10-24,Fiorentina,1706.73425293
2018-10-25,Fiorentina,1707.0760498
2018-10-26,Fiorentina,1707.53234863
2018-10-28,Fiorentina,1709.04089355
2018-10-29,Fiorentina,1709.04089355
2018-11-03,Fiorentina,1709.04089355
2018-11-04,Fiorentina,1710.63134766
2018-11-07,Fiorentina,1711.04052734
2018-11-08,Fiorentina,1708.69470215
2018-11-09,Fiorentina,1710.51953125
2018-11-10,Fiorentina,1706.58642578
2018-11-11,Fiorentina,1706.58642578
2018-11-12,Fiorentina,1706.58642578
2018-11-24,Fiorentina,1706.58642578
2018-11-26,Fiorentina,1704.20141602
2018-11-28,Fiorentina,1701.47570801
2018-11-29,Fiorentina,1701.41650391
2018-11-30,Fiorentina,1695.96118164
2018-12-02,Fiorentina,1690.59729004
2018-12-09,Fiorentina,1690.59729004
2018-12-10,Fiorentina,1690.64428711
2018-12-12,Fiorentina,1687.54846191
2018-12-13,Fiorentina,1679.06713867
2018-12-14,Fiorentina,1671.31152344
2018-12-16,Fiorentina,1671.31152344
2018-12-17,Fiorentina,1676.93188477
2018-12-18,Fiorentina,1676.93188477
2018-12-23,Fiorentina,1687.67407227
2018-12-27,Fiorentina,1673.78076172
2018-12-30,Fiorentina,1672.14611816
2019-01-20,Fiorentina,1672.14611816
2019-01-21,Fiorentina,1669.29309082
2019-01-27,Fiorentina,1669.29309082
2019-01-28,Fiorentina,1674.89892578
2019-01-30,Fiorentina,1674.89892578
2019-01-31,Fiorentina,1674.89892578
2019-02-03,Fiorentina,1674.89892578
2019-02-04,Fiorentina,1672.51367188
2019-02-05,Fiorentina,1672.51367188
2019-02-10,Fiorentina,1675.92565918
2019-02-11,Fiorentina,1675.92565918
2019-02-13,Fiorentina,1677.2434082
2019-02-15,Fiorentina,1676.40649414
2019-02-17,Fiorentina,1676.40649414
2019-02-18,Fiorentina,1686.47290039
2019-02-21,Fiorentina,1680.31970215
2019-02-22,Fiorentina,1681.68066406
2019-02-23,Fiorentina,1681.68066406
2019-02-24,Fiorentina,1681.68066406
2019-02-25,Fiorentina,1682.07067871
2019-02-27,Fiorentina,1682.07067871
2019-02-28,Fiorentina,1682.07067871
2019-03-02,Fiorentina,1682.07067871
2019-03-03,Fiorentina,1682.07067871
2019-03-04,Fiorentina,1673.85498047
2019-03-06,Fiorentina,1673.85498047
2019-03-07,Fiorentina,1669.28918457
2019-03-08,Fiorentina,1674.1262207
2019-03-11,Fiorentina,1672.83105469
2019-03-12,Fiorentina,1672.83105469
2019-03-13,Fiorentina,1680.40490723
2019-03-14,Fiorentina,1680.40490723
2019-03-15,Fiorentina,1674.98620605
2019-03-16,Fiorentina,1664.81237793
2019-03-17,Fiorentina,1664.81237793
2019-03-18,Fiorentina,1664.81237793
2019-03-31,Fiorentina,1664.81237793
2019-04-01,Fiorentina,1663.66308594
2019-04-04,Fiorentina,1667.50634766
2019-04-07,Fiorentina,1667.50634766
2019-04-08,Fiorentina,1653.45263672
2019-04-11,Fiorentina,1653.68591309
2019-04-12,Fiorentina,1650.77209473
2019-04-15,Fiorentina,1645.68603516
2019-04-17,Fiorentina,1639.12231445
2019-04-19,Fiorentina,1637.25891113
2019-04-21,Fiorentina,1635.69921875
2019-04-22,Fiorentina,1635.69921875
2019-04-28,Fiorentina,1635.69921875
2019-04-29,Fiorentina,1635.69921875
2019-04-30,Fiorentina,1624.24694824
2019-05-01,Fiorentina,1624.24694824
2019-05-05,Fiorentina,1624.24694824
2019-05-06,Fiorentina,1615.2253418
2019-05-08,Fiorentina,1615.2253418
2019-05-09,Fiorentina,1615.2253418
2019-05-12,Fiorentina,1607.57287598
2019-05-15,Fiorentina,1607.57287598
2019-05-19,Fiorentina,1607.57287598
2019-05-20,Fiorentina,1598.32519531
2019-05-27,Fiorentina,1594.74365234
2019-07-26,Fiorentina,1595.18322754
2019-07-31,Fiorentina,1595.18322754
2019-08-02,Fiorentina,1595.40148926
2019-08-09,Fiorentina,1596.98400879
2019-08-16,Fiorentina,1597.03894043
2019-08-19,Fiorentina,1597.03894043
2019-08-20,Fiorentina,1597.03894043
2019-08-23,Fiorentina,1593.76086426
2019-08-25,Fiorentina,1589.13964844
2019-08-30,Fiorentina,1587.82885742
2019-09-02,Fiorentina,1580.43798828
2019-09-15,Fiorentina,1586.16577148
2019-09-18,Fiorentina,1590.73364258
2019-09-19,Fiorentina,1586.05639648
2019-09-20,Fiorentina,1584.77111816
2019-09-23,Fiorentina,1590.1875
2019-09-26,Fiorentina,1596.42553711
2019-09-30,Fiorentina,1613.35388184
2019-10-02,Fiorentina,1612.03356934
2019-10-03,Fiorentina,1610.26855469
2019-10-04,Fiorentina,1611.11328125
2019-10-06,Fiorentina,1611.11328125
2019-10-07,Fiorentina,1616.09790039
2019-10-14,Fiorentina,1616.09790039
2019-10-20,Fiorentina,1616.09790039
2019-10-22,Fiorentina,1613.98339844
2019-10-23,Fiorentina,1613.66552734
2019-10-24,Fiorentina,1620.81713867
2019-10-25,Fiorentina,1617.00927734
2019-10-26,Fiorentina,1617.00927734
2019-10-28,Fiorentina,1608.52587891
2019-10-31,Fiorentina,1617.02990723
2019-11-02,Fiorentina,1617.02990723
2019-11-03,Fiorentina,1617.02990723
2019-11-04,Fiorentina,1612.54858398
2019-11-06,Fiorentina,1609.91699219
2019-11-07,Fiorentina,1613.15319824
2019-11-08,Fiorentina,1606.99255371
2019-11-09,Fiorentina,1606.99255371
2019-11-10,Fiorentina,1606.99255371
2019-11-11,Fiorentina,1595.09558105
2019-11-25,Fiorentina,1585.26025391
2019-11-27,Fiorentina,1590.06225586
2019-11-28,Fiorentina,1596.30480957
2019-11-29,Fiorentina,1601.13342285
2019-12-01,Fiorentina,1588.78552246
2019-12-09,Fiorentina,1584.16516113
2019-12-11,Fiorentina,1583.91052246
2019-12-12,Fiorentina,1593.27038574
2019-12-13,Fiorentina,1586.27770996
2019-12-16,Fiorentina,1590.09106445
2019-12-21,Fiorentina,1580.63867188
2020-01-07,Fiorentina,1582.79748535
2020-01-13,Fiorentina,1587.58081055
2020-01-19,Fiorentina,1606.99523926
2020-01-26,Fiorentina,1602.53234863
2020-01-27,Fiorentina,1602.53234863
2020-02-02,Fiorentina,1602.53234863
2020-02-03,Fiorentina,1599.96032715
2020-02-08,Fiorentina,1599.96032715
2020-02-09,Fiorentina,1594.96154785
2020-02-10,Fiorentina,1594.96154785
2020-02-17,Fiorentina,1613.34533691
2020-02-20,Fiorentina,1618.65930176
2020-02-21,Fiorentina,1621.3059082
2020-02-23,Fiorentina,1621.68359375
2020-02-24,Fiorentina,1621.68359375
2020-02-26,Fiorentina,1621.74633789
2020-02-27,Fiorentina,1619.35510254
2020-02-28,Fiorentina,1620.81164551
2020-02-29,Fiorentina,1620.81164551
2020-03-01,Fiorentina,1620.81164551
2020-03-05,Fiorentina,1620.81164551
2020-03-09,Fiorentina,1620.64086914
2020-03-11,Fiorentina,1622.43591309
2020-03-12,Fiorentina,1622.43591309
2020-03-13,Fiorentina,1622.43591309
2020-03-16,Fiorentina,1622.43591309
2020-05-17,Fiorentina,1622.43591309
2020-05-25,Fiorentina,1622.43591309
2020-05-27,Fiorentina,1622.43591309
2020-05-28,Fiorentina,1622.43591309
2020-06-04,Fiorentina,1622.43591309
2020-06-06,Fiorentina,1622.43591309
2020-06-14,Fiorentina,1622.43591309
2020-06-15,Fiorentina,1622.43591309
2020-06-18,Fiorentina,1622.43591309
2020-06-21,Fiorentina,1622.43591309
2020-06-23,Fiorentina,1616.93737793
2020-06-28,Fiorentina,1613.37231445
2020-07-01,Fiorentina,1613.37231445
2020-07-02,Fiorentina,1600.01220703
2020-07-06,Fiorentina,1608.90979004
2020-07-09,Fiorentina,1607.04321289
2020-07-10,Fiorentina,1607.04321289
2020-07-11,Fiorentina,1607.04321289
2020-07-13,Fiorentina,1604.26574707
2020-07-16,Fiorentina,1613.78125
2020-07-17,Fiorentina,1613.78125
2020-07-18,Fiorentina,1613.78125
2020-07-20,Fiorentina,1622.9642334
2020-07-22,Fiorentina,1622.9642334
2020-07-23,Fiorentina,1628.67492676
2020-07-27,Fiorentina,1624.28857422
2020-07-30,Fiorentina,1636.43981934
2020-08-03,Fiorentina,1643.15527344
2020-08-06,Fiorentina,1646.44677734
2020-08-07,Fiorentina,1643.19104004
2020-08-08,Fiorentina,1640.74890137
2020-08-09,Fiorentina,1639.0657959
2020-08-10,Fiorentina,1639.0657959
2020-08-11,Fiorentina,1641.68261719
2020-08-13,Fiorentina,1639.56335449
2020-08-15,Fiorentina,1639.56335449
2020-08-17,Fiorentina,1639.56335449
2020-08-18,Fiorentina,1645.10302734
2020-08-22,Fiorentina,1642.16088867
2020-08-28,Fiorentina,1642.16088867
2020-09-14,Fiorentina,1642.16088867
2020-09-16,Fiorentina,1642.16088867
2020-09-18,Fiorentina,1642.45776367
2020-09-20,Fiorentina,1647.91381836
2020-09-21,Fiorentina,1647.91381836
2020-09-25,Fiorentina,1648.5612793
2020-09-27,Fiorentina,1645.74401855
2020-10-02,Fiorentina,1643.99658203
2020-10-03,Fiorentina,1633.11425781
2020-10-05,Fiorentina,1633.11425781
2020-10-19,Fiorentina,1629.69067383
2020-10-21,Fiorentina,1637.12548828
2020-10-22,Fiorentina,1638.38391113
2020-10-23,Fiorentina,1638.44360352
2020-10-25,Fiorentina,1638.44360352
2020-10-26,Fiorentina,1643.95874023
2020-10-28,Fiorentina,1642.71899414
2020-10-29,Fiorentina,1639.10119629
2020-10-30,Fiorentina,1640.80407715
2020-11-01,Fiorentina,1640.80407715
2020-11-02,Fiorentina,1635.03161621
2020-11-04,Fiorentina,1629.50158691
2020-11-05,Fiorentina,1631.56945801
2020-11-06,Fiorentina,1627.77978516
2020-11-08,Fiorentina,1627.23205566
2020-11-09,Fiorentina,1627.23205566
2020-11-21,Fiorentina,1627.23205566
2020-11-22,Fiorentina,1627.23205566
2020-11-23,Fiorentina,1615.45776367
2020-11-25,Fiorentina,1618.59692383
2020-11-26,Fiorentina,1621.94970703
2020-11-27,Fiorentina,1624.77246094
2020-11-30,Fiorentina,1619.85180664
2020-12-02,Fiorentina,1620.66235352
2020-12-03,Fiorentina,1623.70397949
2020-12-04,Fiorentina,1625.71313477
2020-12-08,Fiorentina,1622.31848145
2020-12-09,Fiorentina,1627.57165527
2020-12-10,Fiorentina,1629.00195312
2020-12-11,Fiorentina,1622.57592773
2020-12-14,Fiorentina,1617.32653809
2020-12-17,Fiorentina,1618.3157959
2020-12-20,Fiorentina,1616.88659668
2020-12-21,Fiorentina,1616.88659668
2020-12-23,Fiorentina,1642.54992676
2020-12-24,Fiorentina,1642.54992676
2020-12-31,Fiorentina,1642.54992676
2021-01-03,Fiorentina,1642.54992676
2021-01-04,Fiorentina,1640.25073242
2021-01-07,Fiorentina,1635.15490723
2021-01-11,Fiorentina,1640.99682617
2021-01-13,Fiorentina,1640.99682617
2021-01-18,Fiorentina,1630.27404785
2021-01-20,Fiorentina,1630.27404785
2021-01-21,Fiorentina,1630.27404785
2021-01-23,Fiorentina,1630.27404785
2021-01-24,Fiorentina,1634.70288086
2021-01-25,Fiorentina,1634.70288086
2021-01-30,Fiorentina,1634.23864746
2021-02-03,Fiorentina,1634.23864746
2021-02-06,Fiorentina,1629.01269531
2021-02-08,Fiorentina,1629.01269531
2021-02-14,Fiorentina,1629.01269531
2021-02-15,Fiorentina,1621.74023438
2021-02-18,Fiorentina,1619.8026123
2021-02-19,Fiorentina,1618.55627441
2021-02-20,Fiorentina,1627.28967285
2021-02-21,Fiorentina,1627.28967285
2021-02-24,Fiorentina,1626.15148926
2021-02-25,Fiorentina,1624.26818848
2021-02-26,Fiorentina,1626.86975098
2021-02-28,Fiorentina,1626.86975098
2021-03-01,Fiorentina,1618.79345703
2021-03-04,Fiorentina,1613.69506836
2021-03-07,Fiorentina,1613.69506836
2021-03-08,Fiorentina,1610.14379883
2021-03-10,Fiorentina,1608.76806641
2021-03-11,Fiorentina,1608.76806641
2021-03-12,Fiorentina,1614.65270996
2021-03-13,Fiorentina,1614.65270996
2021-03-14,Fiorentina,1627.32348633
2021-03-15,Fiorentina,1627.32348633
2021-03-17,Fiorentina,1624.87524414
2021-03-18,Fiorentina,1624.8638916
2021-03-19,Fiorentina,1623.71936035
2021-03-21,Fiorentina,1623.71936035
2021-03-22,Fiorentina,1618.5637207
2021-03-28,Fiorentina,1618.5637207
2021-04-02,Fiorentina,1618.5637207
2021-04-04,Fiorentina,1618.81713867
2021-04-08,Fiorentina,1618.81713867
2021-04-09,Fiorentina,1622.03723145
2021-04-11,Fiorentina,1622.03723145
2021-04-12,Fiorentina,1618.23547363
2021-04-13,Fiorentina,1618.23547363
2021-04-16,Fiorentina,1619.24768066
2021-04-18,Fiorentina,1610.33557129
2021-04-21,Fiorentina,1619.43041992
2021-04-23,Fiorentina,1619.43041992
2021-04-26,Fiorentina,1624.39147949
2021-04-27,Fiorentina,1624.39147949
2021-04-30,Fiorentina,1622.21655273
2021-05-02,Fiorentina,1622.21655273
2021-05-03,Fiorentina,1623.1895752
2021-05-06,Fiorentina,1623.1895752
2021-05-07,Fiorentina,1623.65368652
2021-05-09,Fiorentina,1638.6998291
2021-05-11,Fiorentina,1638.6998291
2021-05-13,Fiorentina,1638.58312988
2021-05-17,Fiorentina,1631.59436035
2021-05-19,Fiorentina,1631.59436035
2021-05-23,Fiorentina,1628.54321289
2021-05-31,Fiorentina,1628.54321289
2021-06-04,Fiorentina,1628.54321289
2021-07-26,Fiorentina,1628.54321289
2021-08-02,Fiorentina,1628.54321289
2021-08-07,Fiorentina,1628.54321289
2021-08-08,Fiorentina,1628.54321289
2021-08-19,Fiorentina,1628.54321289
2021-08-20,Fiorentina,1629.33190918
2021-08-23,Fiorentina,1623.24182129
2021-08-25,Fiorentina,1623.24182129
2021-08-27,Fiorentina,1624.35327148
2021-08-28,Fiorentina,1624.35327148
2021-08-29,Fiorentina,1630.19775391
2021-08-30,Fiorentina,1630.19775391
2021-09-12,Fiorentina,1643.99658203
2021-09-15,Fiorentina,1647.29077148
2021-09-16,Fiorentina,1642.82873535
2021-09-17,Fiorentina,1640.98413086
2021-09-19,Fiorentina,1649.18640137
2021-09-20,Fiorentina,1649.18640137
2021-09-22,Fiorentina,1644.45788574
2021-09-23,Fiorentina,1644.45788574
2021-09-27,Fiorentina,1652.27001953
2021-09-29,Fiorentina,1647.78430176
2021-09-30,Fiorentina,1652.33666992
2021-10-01,Fiorentina,1650.73059082
2021-10-04,Fiorentina,1645.96252441
2021-10-17,Fiorentina,1645.96252441
2021-10-18,Fiorentina,1645.96252441
2021-10-19,Fiorentina,1634.79016113
2021-10-20,Fiorentina,1632.86328125
2021-10-21,Fiorentina,1633.15380859
2021-10-22,Fiorentina,1624.02758789
2021-10-24,Fiorentina,1624.02758789
2021-10-25,Fiorentina,1633.14111328
2021-10-26,Fiorentina,1633.14111328
2021-10-28,Fiorentina,1627.88537598
2021-10-31,Fiorentina,1627.88537598
2021-11-01,Fiorentina,1635.08081055
2021-11-03,Fiorentina,1636.84155273
2021-11-04,Fiorentina,1637.05578613
2021-11-05,Fiorentina,1637.08410645
2021-11-07,Fiorentina,1634.04125977
2021-11-21,Fiorentina,1645.61083984
2021-11-22,Fiorentina,1645.61083984
2021-11-23,Fiorentina,1645.61083984
2021-11-24,Fiorentina,1642.21276855
2021-11-25,Fiorentina,1642.57019043
2021-11-26,Fiorentina,1647.74194336
2021-11-28,Fiorentina,1638.43347168
2021-12-01,Fiorentina,1647.34326172
2021-12-04,Fiorentina,1647.34326172
2021-12-05,Fiorentina,1647.34326172
2021-12-06,Fiorentina,1655.62097168
2021-12-08,Fiorentina,1651.5814209
2021-12-09,Fiorentina,1652.140625
2021-12-10,Fiorentina,1649.40112305
2021-12-12,Fiorentina,1654.97998047
2021-12-13,Fiorentina,1654.97998047
2021-12-18,Fiorentina,1654.97998047
2021-12-19,Fiorentina,1654.97998047
2021-12-20,Fiorentina,1654.68347168
2021-12-23,Fiorentina,1654.02514648
2021-12-29,Fiorentina,1654.02514648
2022-01-04,Fiorentina,1654.02514648
2022-01-10,Fiorentina,1654.02514648
2022-01-11,Fiorentina,1636.32019043
2022-01-18,Fiorentina,1648.42041016
2022-01-21,Fiorentina,1648.42041016
2022-01-22,Fiorentina,1648.42041016
2022-01-24,Fiorentina,1645.76403809
2022-02-03,Fiorentina,1645.76403809
2022-02-06,Fiorentina,1633.42675781
2022-02-13,Fiorentina,1633.42675781
2022-02-14,Fiorentina,1633.42675781
2022-02-15,Fiorentina,1639.72851562
2022-02-17,Fiorentina,1637.49389648
2022-02-18,Fiorentina,1638.39624023
2022-02-20,Fiorentina,1638.39624023
2022-02-21,Fiorentina,1649.55273438
2022-02-23,Fiorentina,1650.17712402
2022-02-25,Fiorentina,1647.5682373
2022-02-26,Fiorentina,1647.5682373
2022-02-27,Fiorentina,1640.51367188
2022-03-06,Fiorentina,1640.51367188
2022-03-07,Fiorentina,1639.34533691
2022-03-09,Fiorentina,1640.01782227
2022-03-11,Fiorentina,1642.22692871
2022-03-13,Fiorentina,1642.22692871
2022-03-14,Fiorentina,1647.77612305
2022-03-17,Fiorentina,1641.01013184
2022-03-18,Fiorentina,1644.80932617
2022-03-20,Fiorentina,1650.67468262
2022-04-02,Fiorentina,1650.67468262
2022-04-04,Fiorentina,1655.08605957
2022-04-08,Fiorentina,1654.4197998
2022-04-10,Fiorentina,1654.4197998
2022-04-11,Fiorentina,1667.07543945
2022-04-15,Fiorentina,1667.67077637
2022-04-16,Fiorentina,1667.67077637
2022-04-17,Fiorentina,1670.39001465
2022-04-21,Fiorentina,1670.39001465
2022-04-25,Fiorentina,1658.18103027
2022-04-26,Fiorentina,1658.18103027
2022-04-27,Fiorentina,1658.18103027
2022-04-28,Fiorentina,1637.18823242
2022-04-29,Fiorentina,1637.97583008
2022-05-01,Fiorentina,1637.97583008
2022-05-02,Fiorentina,1634.56384277
2022-05-04,Fiorentina,1634.56384277
2022-05-06,Fiorentina,1637.67016602
2022-05-07,Fiorentina,1637.67016602
2022-05-08,Fiorentina,1637.67016602
2022-05-10,Fiorentina,1651.77575684
2022-05-16,Fiorentina,1651.77575684
2022-05-17,Fiorentina,1635.83154297
2022-05-20,Fiorentina,1635.83154297
2022-05-22,Fiorentina,1651.70251465
2022-05-26,Fiorentina,1654.35888672
2022-08-10,Fiorentina,1654.35888672
2022-08-12,Fiorentina,1654.35888672
2022-08-13,Fiorentina,1654.35888672
2022-08-15,Fiorentina,1657.58911133
2022-08-17,Fiorentina,1657.58911133
2022-08-18,Fiorentina,1657.58911133
2022-08-19,Fiorentina,1661.83752441
2022-08-21,Fiorentina,1661.83752441
2022-08-22,Fiorentina,1659.54187012
2022-08-23,Fiorentina,1659.54187012
2022-08-25,Fiorentina,1659.54187012
2022-08-26,Fiorentina,1666.41467285
2022-08-28,Fiorentina,1666.41467285
2022-08-29,Fiorentina,1669.32751465
2022-09-01,Fiorentina,1661.46337891
2022-09-02,Fiorentina,1661.46337891
2022-09-04,Fiorentina,1663.75
2022-09-05,Fiorentina,1663.75
2022-09-07,Fiorentina,1661.93469238
2022-09-08,Fiorentina,1665.45581055
2022-09-09,Fiorentina,1652.53588867
2022-09-10,Fiorentina,1652.53588867
2022-09-11,Fiorentina,1652.53588867
2022-09-12,Fiorentina,1644.05615234
2022-09-13,Fiorentina,1644.05615234
2022-09-14,Fiorentina,1646.14733887
2022-09-15,Fiorentina,1648.20007324
2022-09-16,Fiorentina,1620.7010498
2022-09-18,Fiorentina,1620.7010498
2022-09-19,Fiorentina,1630.09594727
2022-09-27,Fiorentina,1630.09594727
2022-10-02,Fiorentina,1630.09594727
2022-10-03,Fiorentina,1625.95922852
2022-10-04,Fiorentina,1625.95922852
2022-10-05,Fiorentina,1636.83459473
2022-10-06,Fiorentina,1634.67175293
2022-10-07,Fiorentina,1638.26977539
2022-10-08,Fiorentina,1638.26977539
2022-10-11,Fiorentina,1624.45495605
2022-10-12,Fiorentina,1614.94604492
2022-10-13,Fiorentina,1618.83325195
2022-10-14,Fiorentina,1622.47167969
2022-10-18,Fiorentina,1620.71765137
2022-10-23,Fiorentina,1616.63305664
2022-10-26,Fiorentina,1619.01342773
2022-10-27,Fiorentina,1621.75
2022-10-28,Fiorentina,1630.75708008
2022-10-30,Fiorentina,1630.75708008
2022-10-31,Fiorentina,1636.75268555
2022-11-02,Fiorentina,1633.11401367
2022-11-03,Fiorentina,1634.06994629
2022-11-04,Fiorentina,1636.85888672
2022-11-06,Fiorentina,1636.85888672
2022-11-07,Fiorentina,1645.84692383
2022-11-10,Fiorentina,1650.16418457
2022-11-14,Fiorentina,1647.15161133
2023-01-01,Fiorentina,1647.15161133
2023-01-05,Fiorentina,1643.29467773
2023-01-08,Fiorentina,1649.48449707
2023-01-09,Fiorentina,1649.48449707
2023-01-12,Fiorentina,1649.48449707
2023-01-15,Fiorentina,1649.48449707
2023-01-16,Fiorentina,1642.53442383
2023-01-20,Fiorentina,1642.53442383
2023-01-22,Fiorentina,1632.80444336
2023-01-28,Fiorentina,1632.80444336
2023-01-29,Fiorentina,1632.80444336
2023-01-30,Fiorentina,1636.66796875
2023-01-31,Fiorentina,1636.66796875
2023-02-02,Fiorentina,1636.66796875
2023-02-06,Fiorentina,1627.05407715
2023-02-12,Fiorentina,1627.05407715
2023-02-13,Fiorentina,1622.84436035
2023-02-14,Fiorentina,1622.84436035
2023-02-15,Fiorentina,1624.31420898
2023-02-16,Fiorentina,1624.31420898
2023-02-17,Fiorentina,1651.68554688
2023-02-19,Fiorentina,1651.68554688
2023-02-20,Fiorentina,1648.79711914
2023-02-22,Fiorentina,1650.75097656
2023-02-23,Fiorentina,1652.09838867
2023-02-24,Fiorentina,1667.8215332
2023-02-27,Fiorentina,1667.8215332
2023-02-28,Fiorentina,1680.39282227
2023-03-05,Fiorentina,1691.2487793
2023-03-08,Fiorentina,1688.29443359
2023-03-09,Fiorentina,1690.89819336
2023-03-10,Fiorentina,1695.90185547
2023-03-12,Fiorentina,1695.90185547
2023-03-13,Fiorentina,1701.76965332
2023-03-15,Fiorentina,1703.71838379
2023-03-16,Fiorentina,1704.89648438
2023-03-17,Fiorentina,1711.57849121
2023-03-20,Fiorentina,1715.61291504
2023-04-02,Fiorentina,1728.02355957
2023-04-08,Fiorentina,1728.02355957
2023-04-09,Fiorentina,1722.61181641
2023-04-10,Fiorentina,1722.61181641
2023-04-12,Fiorentina,1726.51062012
2023-04-13,Fiorentina,1726.51062012
2023-04-14,Fiorentina,1733.55480957
2023-04-17,Fiorentina,1733.55480957
2023-04-18,Fiorentina,1732.76318359
2023-04-20,Fiorentina,1733.60888672
2023-04-21,Fiorentina,1740.64233398
2023-04-23,Fiorentina,1740.64233398
2023-04-24,Fiorentina,1730.60974121
2023-04-28,Fiorentina,1730.60974121
2023-04-30,Fiorentina,1730.60974121
2023-05-01,Fiorentina,1737.42736816
2023-05-04,Fiorentina,1734.9329834
2023-05-05,Fiorentina,1734.9329834
2023-05-08,Fiorentina,1731.91625977
2023-05-12,Fiorentina,1720.10974121
2023-05-14,Fiorentina,1720.10974121
2023-05-15,Fiorentina,1728.40124512
2023-05-19,Fiorentina,1742.78503418
2023-05-21,Fiorentina,1742.78503418
2023-05-22,Fiorentina,1742.64453125
2023-05-25,Fiorentina,1742.64453125
2023-05-28,Fiorentina,1750.96557617
2023-05-29,Fiorentina,1750.96557617
2023-06-01,Fiorentina,1750.79882812
2023-06-03,Fiorentina,1760.69995117
2023-06-04,Fiorentina,1760.69995117
2023-06-05,Fiorentina,1760.69995117
2023-06-08,Fiorentina,1750.42675781
2023-06-11,Fiorentina,1749.2421875
2023-08-09,Fiorentina,1749.2421875
2023-08-13,Fiorentina,1749.2421875
2023-08-14,Fiorentina,1749.2421875
2023-08-18,Fiorentina,1749.2421875
2023-08-20,Fiorentina,1758.84069824
2023-08-22,Fiorentina,1758.84069824
2023-08-25,Fiorentina,1753.73754883
2023-08-27,Fiorentina,1753.73754883
2023-08-28,Fiorentina,1748.27490234
2023-09-01,Fiorentina,1755.66601562
2023-09-02,Fiorentina,1755.66601562
2023-09-03,Fiorentina,1755.66601562
2023-09-04,Fiorentina,1748.06213379
2023-09-18,Fiorentina,1755.18188477
2023-09-20,Fiorentina,1754.7713623
2023-09-21,Fiorentina,1755.6439209
2023-09-22,Fiorentina,1755.67871094
2023-09-25,Fiorentina,1764.63256836
2023-09-28,Fiorentina,1764.63256836
2023-09-29,Fiorentina,1761.75720215
2023-10-02,Fiorentina,1761.75720215
2023-10-03,Fiorentina,1766.6998291
2023-10-04,Fiorentina,1764.7401123
2023-10-05,Fiorentina,1767.57397461
2023-10-06,Fiorentina,1760.640625
2023-10-08,Fiorentina,1760.640625
2023-10-09,Fiorentina,1778.25244141
2023-10-22,Fiorentina,1778.25244141
2023-10-23,Fiorentina,1778.25244141
2023-10-24,Fiorentina,1759.30688477
2023-10-25,Fiorentina,1761.54858398
2023-10-26,Fiorentina,1754.70019531
2023-10-27,Fiorentina,1757.2019043
2023-10-29,Fiorentina,1757.2019043
2023-10-31,Fiorentina,1750.51635742
2023-11-04,Fiorentina,1750.51635742
2023-11-05,Fiorentina,1750.51635742
2023-11-06,Fiorentina,1743.44018555
2023-11-08,Fiorentina,1747.56213379
2023-11-09,Fiorentina,1746.72375488
2023-11-10,Fiorentina,1744.80126953
2023-11-12,Fiorentina,1744.80126953
2023-11-13,Fiorentina,1751.5234375
2023-11-26,Fiorentina,1746.26965332
2023-11-29,Fiorentina,1743.42236328
2023-11-30,Fiorentina,1741.06396484
2023-12-01,Fiorentina,1742.66271973
2023-12-04,Fiorentina,1748.35290527
2023-12-05,Fiorentina,1748.35290527
2023-12-07,Fiorentina,1748.35290527
2023-12-10,Fiorentina,1748.35290527
2023-12-11,Fiorentina,1750.20959473
2023-12-13,Fiorentina,1749.96594238
2023-12-14,Fiorentina,1751.89794922
2023-12-15,Fiorentina,1747.95812988
2023-12-17,Fiorentina,1747.95812988
2023-12-18,Fiorentina,1751.32617188
2023-12-19,Fiorentina,1751.32617188
2023-12-23,Fiorentina,1758.4251709
2023-12-28,Fiorentina,1758.4251709
2023-12-30,Fiorentina,1763.80981445
2024-01-01,Fiorentina,1763.80981445
2024-01-05,Fiorentina,1763.80981445
2024-01-06,Fiorentina,1763.80981445
2024-01-07,Fiorentina,1753.43762207
2024-01-15,Fiorentina,1749.02282715
2024-01-29,Fiorentina,1744.29272461
2024-02-01,Fiorentina,1744.29272461
2024-02-03,Fiorentina,1733.53588867
2024-02-10,Fiorentina,1733.53588867
2024-02-12,Fiorentina,1740.49926758
2024-02-15,Fiorentina,1732.32336426
2024-02-16,Fiorentina,1735.11328125
2024-02-18,Fiorentina,1735.11328125
2024-02-19,Fiorentina,1733.22583008
2024-02-21,Fiorentina,1733.90063477
2024-02-22,Fiorentina,1733.27954102
2024-02-23,Fiorentina,1732.31506348
2024-02-27,Fiorentina,1740.27941895
2024-03-03,Fiorentina,1740.51196289
2024-03-04,Fiorentina,1740.51196289
2024-03-06,Fiorentina,1737.32617188
2024-03-07,Fiorentina,1738.01647949
2024-03-08,Fiorentina,1749.88244629
2024-03-09,Fiorentina,1749.88244629
2024-03-11,Fiorentina,1750.38574219
2024-03-12,Fiorentina,1750.38574219
2024-03-13,Fiorentina,1747.20690918
2024-03-14,Fiorentina,1744.87426758
2024-03-15,Fiorentina,1749.86865234
2024-03-18,Fiorentina,1749.86865234
2024-03-31,Fiorentina,1743.85498047
2024-04-01,Fiorentina,1743.85498047
2024-04-03,Fiorentina,1743.85498047
2024-04-05,Fiorentina,1743.85498047
2024-04-08,Fiorentina,1738.51611328
2024-04-12,Fiorentina,1746.37402344
2024-04-16,Fiorentina,1742.86914062
2024-04-19,Fiorentina,1749.40405273
2024-04-22,Fiorentina,1754.88293457
2024-04-25,Fiorentina,1754.88293457
2024-04-26,Fiorentina,1754.88293457
2024-04-28,Fiorentina,1754.88293457
2024-04-29,Fiorentina,1761.79638672
2024-05-03,Fiorentina,1763.77868652
2024-05-05,Fiorentina,1763.77868652
2024-05-06,Fiorentina,1752.90905762
2024-05-08,Fiorentina,1752.90905762
2024-05-09,Fiorentina,1761.08569336
2024-05-10,Fiorentina,1763.61523438
2024-05-13,Fiorentina,1763.61523438
2024-05-14,Fiorentina,1768.68847656
2024-05-18,Fiorentina,1767.85754395
2024-05-20,Fiorentina,1767.85754395
2024-05-23,Fiorentina,1773.26135254
2024-05-24,Fiorentina,1778.48144531
2024-05-30,Fiorentina,1763.97094727
2024-06-02,Fiorentina,1763.97094727
2024-06-03,Fiorentina,1776.37329102
2024-08-18,Fiorentina,1772.00708008
2024-08-19,Fiorentina,1772.00708008
2024-08-21,Fiorentina,1772.00708008
2024-08-23,Fiorentina,1769.3059082
2024-08-26,Fiorentina,1763.04577637
2024-08-30,Fiorentina,1749.06677246
2024-09-02,Fiorentina,1745.14819336
2024-09-15,Fiorentina,1745.14819336
2024-09-16,Fiorentina,1741.19958496
2024-09-18,Fiorentina,1739.88439941
2024-09-19,Fiorentina,1739.41394043
2024-09-20,Fiorentina,1739.48571777
2024-09-23,Fiorentina,1747.26965332
2024-09-26,Fiorentina,1749.95983887
2024-09-27,Fiorentina,1748.93225098
2024-09-30,Fiorentina,1747.83239746
2024-10-02,Fiorentina,1747.23791504
2024-10-03,Fiorentina,1751.40966797
2024-10-04,Fiorentina,1749.81665039
2024-10-07,Fiorentina,1758.68151855
2024-10-20,Fiorentina,1758.68151855
2024-10-21,Fiorentina,1771.98413086
2024-10-23,Fiorentina,1767.72558594
2024-10-24,Fiorentina,1766.01916504
2024-10-25,Fiorentina,1774.75085449
2024-10-28,Fiorentina,1788.93139648
2024-11-01,Fiorentina,1794.70324707
2024-11-02,Fiorentina,1794.70324707
2024-11-04,Fiorentina,1802.28503418
2024-11-06,Fiorentina,1805.53735352
2024-11-07,Fiorentina,1810.74975586
2024-11-08,Fiorentina,1791.17541504
2024-11-11,Fiorentina,1796.04919434
2024-11-24,Fiorentina,1796.04919434
2024-11-25,Fiorentina,1800.9017334
2024-11-27,Fiorentina,1803.52429199
2024-11-28,Fiorentina,1800.86901855
2024-11-29,Fiorentina,1800.94128418
2024-12-02,Fiorentina,1800.94128418
2024-12-09,Fiorentina,1803.83911133
2024-12-11,Fiorentina,1798.41491699
2024-12-12,Fiorentina,1804.30664062
2024-12-13,Fiorentina,1811.56005859
2024-12-15,Fiorentina,1811.56005859
2024-12-16,Fiorentina,1803.21252441
2024-12-20,Fiorentina,1798.89904785
2024-12-23,Fiorentina,1798.89904785
2024-12-24,Fiorentina,1786.5534668
2024-12-30,Fiorentina,1789.76196289
2025-01-01,Fiorentina,1789.76196289
2025-01-04,Fiorentina,1789.76196289
2025-01-05,Fiorentina,1776.00183105
2025-01-07,Fiorentina,1776.00183105
2025-01-14,Fiorentina,1764.89880371
2025-01-15,Fiorentina,1764.89880371
2025-01-16,Fiorentina,1764.89880371
2025-01-17,Fiorentina,1764.89880371
2025-01-18,Fiorentina,1764.89880371
2025-01-19,Fiorentina,1764.89880371
2025-01-20,Fiorentina,1762.36743164
2025-01-22,Fiorentina,1764.66320801
2025-01-23,Fiorentina,1766.41967773
2025-01-24,Fiorentina,1765.17224121
2025-01-27,Fiorentina,1775.84423828
2025-01-30,Fiorentina,1768.76818848
2025-01-31,Fiorentina,1766.5032959
2025-02-03,Fiorentina,1771.62426758
2025-02-07,Fiorentina,1793.31298828
2025-02-11,Fiorentina,1790.08935547
2025-02-12,Fiorentina,1790.76147461
2025-02-13,Fiorentina,1788.62194824
2025-02-14,Fiorentina,1789.2487793
2025-02-16,Fiorentina,1789.2487793
2025-02-17,Fiorentina,1769.91821289
2025-02-19,Fiorentina,1759.17883301
2025-02-20,Fiorentina,1754.96411133
2025-02-21,Fiorentina,1756.85351562
2025-02-23,Fiorentina,1756.85351562
2025-02-24,Fiorentina,1745.79711914
2025-03-01,Fiorentina,1749.36987305
2025-03-03,Fiorentina,1749.36987305
2025-03-06,Fiorentina,1750.55078125
2025-03-07,Fiorentina,1747.37573242
2025-03-09,Fiorentina,1747.37573242
2025-03-10,Fiorentina,1742.54748535
2025-03-12,Fiorentina,1743.0
2025-03-14,Fiorentina,1748.38842773
2025-03-17,Fiorentina,1763.89794922
2025-03-31,Fiorentina,1773.0625
2025-04-01,Fiorentina,1773.0625
2025-04-06,Fiorentina,1774.35241699
2025-04-07,Fiorentina,1774.35241699
2025-04-08,Fiorentina,1774.35241699
2025-04-09,Fiorentina,1776.46655273
2025-04-11,Fiorentina,1773.98254395
2025-04-12,Fiorentina,1773.98254395
2025-04-13,Fiorentina,1773.98254395
2025-04-14,Fiorentina,1768.00805664
2025-04-17,Fiorentina,1768.32849121
2025-04-18,Fiorentina,1769.62390137
2025-04-20,Fiorentina,1769.62390137
2025-04-24,Fiorentina,1774.7310791
2025-04-25,Fiorentina,1774.7310791
2025-04-27,Fiorentina,1774.7310791
2025-04-28,Fiorentina,1777.63427734
2025-04-30,Fiorentina,1777.63427734
2025-05-01,Fiorentina,1778.44494629
2025-05-02,Fiorentina,1773.9753418
2025-05-05,Fiorentina,1767.81018066
2025-05-07,Fiorentina,1770.08679199
2025-05-09,Fiorentina,1760.79638672
2025-05-11,Fiorentina,1760.79638672
2025-05-12,Fiorentina,1760.79638672
2025-05-13,Fiorentina,1748.92626953
2025-05-18,Fiorentina,1748.92626953
2025-05-19,Fiorentina,1756.72753906
2025-05-25,Fiorentina,1756.72753906
2025-05-26,Fiorentina,1762.71557617
2025-06-01,Fiorentina,1757.21203613
2025-08-22,Fiorentina,1757.98181152
2025-08-25,Fiorentina,1754.79174805
2025-08-29,Fiorentina,1755.30151367
2025-09-01,Fiorentina,1754.09472656
2025-09-14,Fiorentina,1744.45056152
2025-09-17,Fiorentina,1743.6427002
2025-09-18,Fiorentina,1743.66418457
2025-09-19,Fiorentina,1741.9432373
2025-09-22,Fiorentina,1730.67736816
2025-09-25,Fiorentina,1732.734375
2025-09-26,Fiorentina,1731.52612305
2025-09-29,Fiorentina,1727.08288574
2025-10-01,Fiorentina,1729.2890625
2025-10-02,Fiorentina,1731.38146973
2025-10-03,Fiorentina,1728.10656738
2025-10-06,Fiorentina,1721.32849121
2025-10-19,Fiorentina,1721.32849121
2025-10-20,Fiorentina,1716.33813477
2025-10-21,Fiorentina,1716.33813477
2025-10-22,Fiorentina,1714.82092285
2025-10-23,Fiorentina,1711.9708252
2025-10-24,Fiorentina,1715.60339355
2025-10-25,Fiorentina,1715.60339355
2025-10-27,Fiorentina,1715.22070312
2025-10-30,Fiorentina,1710.70361328
2025-11-02,Fiorentina,1710.70361328
2025-11-03,Fiorentina,1697.66564941
2025-11-05,Fiorentina,1695.54626465
2025-11-06,Fiorentina,1698.44836426
2025-11-07,Fiorentina,1689.46166992
2025-11-10,Fiorentina,1688.64147949
2025-11-23,Fiorentina,1689.99963379
2025-11-25,Fiorentina,1689.99963379
2025-11-26,Fiorentina,1692.8145752
2025-11-27,Fiorentina,1695.98205566
2025-11-28,Fiorentina,1680.2076416
2025-11-30,Fiorentina,1680.2076416
2025-12-01,Fiorentina,1674.3404541
2025-12-07,Fiorentina,1662.63549805
2025-12-08,Fiorentina,1662.63549805
2025-12-10,Fiorentina,1662.01306152
2025-12-11,Fiorentina,1659.69506836
2025-12-12,Fiorentina,1667.35742188
2025-12-14,Fiorentina,1667.35742188
2025-12-15,Fiorentina,1655.67553711
2025-12-19,Fiorentina,1640.89135742
2025-12-22,Fiorentina,1653.86657715
2025-12-28,Fiorentina,1645.16540527
2025-12-31,Fiorentina,1645.16540527
2026-01-01,Fiorentina,1645.16540527
2026-01-04,Fiorentina,1645.16540527
2026-01-05,Fiorentina,1650.68310547
2026-01-08,Fiorentina,1654.28503418
2026-01-11,Fiorentina,1654.28503418
2026-01-12,Fiorentina,1657.67785645
2026-01-19,Fiorentina,1668.9083252
2026-01-21,Fiorentina,1664.59338379
2026-01-22,Fiorentina,1663.26696777
2026-01-23,Fiorentina,1663.25537109
2026-01-25,Fiorentina,1652.44799805
2026-01-29,Fiorentina,1650.81103516
2026-01-30,Fiorentina,1651.20983887
2026-02-01,Fiorentina,1647.40991211
2026-02-08,Fiorentina,1645.61450195
2026-02-15,Fiorentina,1657.05432129
2026-02-18,Fiorentina,1650.43615723
2026-02-19,Fiorentina,1647.62634277
2026-02-20,Fiorentina,1658.49743652
2026-02-24,Fiorentina,1662.25769043
2026-02-25,Fiorentina,1655.15783691
2026-02-26,Fiorentina,1659.84985352
2026-02-27,Fiorentina,1657.24389648
2026-03-01,Fiorentina,1657.24389648
2026-03-03,Fiorentina,1642.40319824
2026-03-05,Fiorentina,1642.40319824
2026-03-08,Fiorentina,1642.40319824
2026-03-09,Fiorentina,1640.36767578
2026-03-11,Fiorentina,1638.70825195
2026-03-13,Fiorentina,1641.15087891
2026-03-15,Fiorentina,1641.15087891
2026-03-16,Fiorentina,1641.15087891
2026-03-17,Fiorentina,1652.23498535
2026-03-19,Fiorentina,1651.35864258
2026-03-20,Fiorentina,1659.62902832
2026-03-22,Fiorentina,1659.62902832
2026-03-23,Fiorentina,1664.45092773
2026-04-05,Fiorentina,1669.87902832
2026-04-06,Fiorentina,1669.87902832
2026-04-10,Fiorentina,1659.83666992
2026-04-14,Fiorentina,1667.91271973
2026-04-17,Fiorentina,1665.29052734
2026-04-18,Fiorentina,1665.29052734
2026-04-21,Fiorentina,1663.17053223
2026-04-23,Fiorentina,1663.17053223
2026-04-24,Fiorentina,1663.17053223
2026-04-26,Fiorentina,1663.17053223
2026-04-27,Fiorentina,1660.85192871
2026-05-02,Fiorentina,1660.85192871
2026-05-03,Fiorentina,1660.85192871
2026-05-04,Fiorentina,1660.85192871
2026-05-05,Fiorentina,1652.45849609
2026-05-08,Fiorentina,1652.45849609
2026-05-10,Fiorentina,1652.45849609
2026-05-11,Fiorentina,1650.30566406
2026-05-14,Fiorentina,1650.30566406
2026-05-17,Fiorentina,1650.30566406
2026-05-18,Fiorentina,1668.82006836
2026-05-23,Fiorentina,1670.17321777
2026-06-08,Fiorentina,1670.17321777
