date_elo,team_elo,elo
1946-07-07,Sampdoria,1722.61303711
1946-09-23,Sampdoria,1715.29162598
1946-09-30,Sampdoria,1720.58666992
1946-10-07,Sampdoria,1723.5769043
1946-10-14,Sampdoria,1728.50268555
1946-10-21,Sampdoria,1730.98681641
1946-10-28,Sampdoria,1721.38684082
1946-11-04,Sampdoria,1730.54589844
1946-11-11,Sampdoria,1718.97729492
1946-11-13,Sampdoria,1728.14990234
1946-11-25,Sampdoria,1739.86474609
1946-12-08,Sampdoria,1741.86474609
1946-12-09,Sampdoria,1761.10253906
1946-12-16,Sampdoria,1762.3013916
1946-12-30,Sampdoria,1747.77819824
1947-01-06,Sampdoria,1743.63659668
1947-01-13,Sampdoria,1738.93835449
1947-01-20,Sampdoria,1741.23974609
1947-01-27,Sampdoria,1730.84423828
1947-02-03,Sampdoria,1724.17858887
1947-02-17,Sampdoria,1734.07165527
1947-02-24,Sampdoria,1727.24645996
1947-03-03,Sampdoria,1738.32080078
1947-03-10,Sampdoria,1734.35473633
1947-03-17,Sampdoria,1730.24816895
1947-03-24,Sampdoria,1722.52026367
1947-03-31,Sampdoria,1733.59899902
1947-04-07,Sampdoria,1729.32128906
1947-04-14,Sampdoria,1726.04931641
1947-04-21,Sampdoria,1721.16955566
1947-04-26,Sampdoria,1726.56970215
1947-04-29,Sampdoria,1729.56970215
1947-05-05,Sampdoria,1734.39880371
1947-05-15,Sampdoria,1737.39880371
1947-05-26,Sampdoria,1743.03161621
1947-06-02,Sampdoria,1739.40844727
1947-06-09,Sampdoria,1725.02319336
1947-06-16,Sampdoria,1719.15588379
1947-06-23,Sampdoria,1723.96459961
1947-06-30,Sampdoria,1718.4251709
1947-07-07,Sampdoria,1698.00048828
1947-09-15,Sampdoria,1692.34033203
1947-09-22,Sampdoria,1688.22692871
1947-09-29,Sampdoria,1680.65246582
1947-10-06,Sampdoria,1665.53015137
1947-10-20,Sampdoria,1671.70410156
1947-10-27,Sampdoria,1668.02758789
1947-11-03,Sampdoria,1682.3359375
1947-11-16,Sampdoria,1653.3359375
1947-11-17,Sampdoria,1649.75512695
1947-11-24,Sampdoria,1644.89147949
1947-12-01,Sampdoria,1649.78039551
1947-12-08,Sampdoria,1643.22070312
1947-12-19,Sampdoria,1647.22070312
1947-12-22,Sampdoria,1640.9942627
1947-12-29,Sampdoria,1638.18725586
1948-01-02,Sampdoria,1639.57727051
1948-01-05,Sampdoria,1632.91577148
1948-01-12,Sampdoria,1649.23681641
1948-01-19,Sampdoria,1646.38586426
1948-01-26,Sampdoria,1645.74499512
1948-02-09,Sampdoria,1651.19360352
1948-02-16,Sampdoria,1644.30664062
1948-02-23,Sampdoria,1659.05102539
1948-03-01,Sampdoria,1664.16418457
1948-03-08,Sampdoria,1682.08374023
1948-03-22,Sampdoria,1676.37658691
1948-03-29,Sampdoria,1684.83093262
1948-04-05,Sampdoria,1688.64404297
1948-04-06,Sampdoria,1694.64404297
1948-04-12,Sampdoria,1688.9387207
1948-04-23,Sampdoria,1684.4786377
1948-04-26,Sampdoria,1683.35656738
1948-05-03,Sampdoria,1676.9095459
1948-05-07,Sampdoria,1680.70251465
1948-05-10,Sampdoria,1685.73571777
1948-05-18,Sampdoria,1658.73571777
1948-05-24,Sampdoria,1654.71203613
1948-05-28,Sampdoria,1652.43017578
1948-05-31,Sampdoria,1657.13989258
1948-06-07,Sampdoria,1644.70397949
1948-06-14,Sampdoria,1648.50427246
1948-06-21,Sampdoria,1654.20471191
1948-06-28,Sampdoria,1660.42260742
1948-07-05,Sampdoria,1665.21484375
1948-09-20,Sampdoria,1659.39001465
1948-09-27,Sampdoria,1663.14501953
1948-10-04,Sampdoria,1658.52685547
1948-10-11,Sampdoria,1653.37341309
1948-10-18,Sampdoria,1661.86938477
1948-10-25,Sampdoria,1657.78125
1948-11-01,Sampdoria,1667.37426758
1948-11-05,Sampdoria,1676.58642578
1948-11-08,Sampdoria,1672.00170898
1948-11-15,Sampdoria,1687.83227539
1948-11-22,Sampdoria,1688.04138184
1948-11-29,Sampdoria,1681.25244141
1948-12-06,Sampdoria,1689.4432373
1948-12-13,Sampdoria,1699.55505371
1948-12-20,Sampdoria,1704.09362793
1948-12-24,Sampdoria,1723.88879395
1948-12-27,Sampdoria,1714.52331543
1949-01-07,Sampdoria,1718.79882812
1949-01-10,Sampdoria,1695.36901855
1949-01-17,Sampdoria,1705.04870605
1949-01-24,Sampdoria,1708.15393066
1949-01-28,Sampdoria,1706.90002441
1949-01-31,Sampdoria,1722.64111328
1949-02-07,Sampdoria,1726.65429688
1949-02-14,Sampdoria,1720.64477539
1949-02-21,Sampdoria,1713.49047852
1949-03-06,Sampdoria,1715.49047852
1949-03-07,Sampdoria,1694.43908691
1949-03-14,Sampdoria,1688.57653809
1949-03-21,Sampdoria,1692.22937012
1949-04-03,Sampdoria,1704.22937012
1949-04-04,Sampdoria,1697.68823242
1949-04-11,Sampdoria,1711.09680176
1949-04-18,Sampdoria,1704.16491699
1949-04-25,Sampdoria,1707.72509766
1949-05-01,Sampdoria,1702.9095459
1949-05-09,Sampdoria,1696.29345703
1949-05-16,Sampdoria,1690.72595215
1949-05-26,Sampdoria,1696.72595215
1949-05-30,Sampdoria,1690.39782715
1949-06-06,Sampdoria,1688.4119873
1949-06-17,Sampdoria,1684.4119873
1949-06-30,Sampdoria,1596.21948242
1949-07-03,Sampdoria,1602.55700684
1949-09-12,Sampdoria,1589.26928711
1949-09-19,Sampdoria,1584.46166992
1949-09-26,Sampdoria,1604.40673828
1949-10-03,Sampdoria,1598.2130127
1949-10-10,Sampdoria,1609.73669434
1949-10-17,Sampdoria,1627.22814941
1949-10-21,Sampdoria,1631.06054688
1949-10-24,Sampdoria,1628.02502441
1949-10-31,Sampdoria,1605.94946289
1949-11-07,Sampdoria,1610.77026367
1949-11-14,Sampdoria,1605.43005371
1949-11-21,Sampdoria,1608.58666992
1949-12-05,Sampdoria,1603.10253906
1949-12-09,Sampdoria,1607.18640137
1949-12-12,Sampdoria,1611.8807373
1949-12-19,Sampdoria,1603.37316895
1950-01-02,Sampdoria,1599.11120605
1950-01-06,Sampdoria,1600.91564941
1950-01-09,Sampdoria,1599.32092285
1950-01-16,Sampdoria,1595.87219238
1950-01-23,Sampdoria,1591.38208008
1950-01-30,Sampdoria,1588.35412598
1950-02-06,Sampdoria,1599.79711914
1950-02-13,Sampdoria,1594.77233887
1950-02-20,Sampdoria,1587.45446777
1950-02-23,Sampdoria,1597.30700684
1950-02-27,Sampdoria,1586.67626953
1950-03-13,Sampdoria,1583.76916504
1950-03-20,Sampdoria,1595.24462891
1950-03-27,Sampdoria,1600.18945312
1950-04-10,Sampdoria,1596.2010498
1950-04-17,Sampdoria,1583.74316406
1950-04-24,Sampdoria,1575.94177246
1950-05-01,Sampdoria,1572.10620117
1950-05-08,Sampdoria,1576.21496582
1950-05-15,Sampdoria,1570.99780273
1950-05-22,Sampdoria,1566.18127441
1950-05-29,Sampdoria,1552.74475098
1950-06-15,Sampdoria,1525.80639648
1950-06-17,Sampdoria,1510.4230957
1950-09-11,Sampdoria,1503.96972656
1950-09-18,Sampdoria,1498.08752441
1950-09-25,Sampdoria,1495.93078613
1950-10-02,Sampdoria,1498.16601562
1950-10-09,Sampdoria,1503.89685059
1950-10-16,Sampdoria,1510.79199219
1950-10-23,Sampdoria,1517.30603027
1950-10-30,Sampdoria,1505.20141602
1950-11-06,Sampdoria,1502.69628906
1950-11-13,Sampdoria,1507.18945312
1950-11-20,Sampdoria,1504.08703613
1950-11-27,Sampdoria,1498.71313477
1950-12-04,Sampdoria,1502.20776367
1950-12-11,Sampdoria,1496.55529785
1950-12-18,Sampdoria,1499.51745605
1951-01-01,Sampdoria,1504.62756348
1951-01-05,Sampdoria,1509.60192871
1951-01-08,Sampdoria,1515.30859375
1951-01-15,Sampdoria,1509.02209473
1951-01-22,Sampdoria,1503.97265625
1951-01-29,Sampdoria,1502.89477539
1951-02-05,Sampdoria,1507.85632324
1951-02-12,Sampdoria,1506.28637695
1951-02-19,Sampdoria,1510.43530273
1951-02-26,Sampdoria,1507.07824707
1951-03-05,Sampdoria,1505.42858887
1951-03-12,Sampdoria,1501.37646484
1951-03-19,Sampdoria,1489.25500488
1951-03-26,Sampdoria,1480.30432129
1951-04-02,Sampdoria,1477.31201172
1951-04-16,Sampdoria,1485.28820801
1951-04-23,Sampdoria,1497.19006348
1951-04-30,Sampdoria,1493.12536621
1951-05-14,Sampdoria,1483.54833984
1951-05-21,Sampdoria,1488.87097168
1951-06-03,Sampdoria,1485.41674805
1951-06-11,Sampdoria,1497.36706543
1951-06-18,Sampdoria,1505.0435791
1951-06-21,Sampdoria,1528.3963623
1951-06-25,Sampdoria,1541.14648438
1951-09-10,Sampdoria,1552.84509277
1951-09-17,Sampdoria,1548.63391113
1951-09-24,Sampdoria,1544.04296875
1951-10-01,Sampdoria,1555.55908203
1951-10-08,Sampdoria,1561.20153809
1951-10-15,Sampdoria,1560.46069336
1951-10-22,Sampdoria,1549.56115723
1951-10-29,Sampdoria,1563.30395508
1951-11-05,Sampdoria,1573.44165039
1951-11-19,Sampdoria,1568.31054688
1951-12-03,Sampdoria,1572.12792969
1951-12-10,Sampdoria,1577.82910156
1951-12-17,Sampdoria,1571.99560547
1951-12-24,Sampdoria,1574.96728516
1951-12-31,Sampdoria,1566.06945801
1952-01-07,Sampdoria,1560.98571777
1952-01-14,Sampdoria,1557.00292969
1952-01-21,Sampdoria,1560.92126465
1952-02-04,Sampdoria,1567.30700684
1952-02-11,Sampdoria,1571.93945312
1952-02-18,Sampdoria,1576.0925293
1952-03-03,Sampdoria,1580.42004395
1952-03-10,Sampdoria,1577.07324219
1952-03-17,Sampdoria,1579.52807617
1952-03-20,Sampdoria,1575.23828125
1952-03-24,Sampdoria,1587.97802734
1952-03-31,Sampdoria,1585.85046387
1952-04-06,Sampdoria,1584.72790527
1952-04-14,Sampdoria,1587.82006836
1952-04-21,Sampdoria,1591.45397949
1952-04-28,Sampdoria,1586.6932373
1952-05-05,Sampdoria,1590.67944336
1952-05-12,Sampdoria,1585.87255859
1952-05-26,Sampdoria,1601.15490723
1952-06-02,Sampdoria,1594.56542969
1952-06-09,Sampdoria,1598.26513672
1952-06-16,Sampdoria,1589.91760254
1952-06-23,Sampdoria,1595.98461914
1952-06-27,Sampdoria,1565.19433594
1952-06-29,Sampdoria,1573.13256836
1952-09-15,Sampdoria,1566.21020508
1952-09-22,Sampdoria,1563.76330566
1952-09-29,Sampdoria,1566.39562988
1952-10-06,Sampdoria,1561.31359863
1952-10-13,Sampdoria,1559.98144531
1952-10-20,Sampdoria,1549.8182373
1952-11-03,Sampdoria,1543.80822754
1952-11-10,Sampdoria,1539.57055664
1952-11-17,Sampdoria,1535.59008789
1952-11-24,Sampdoria,1533.95837402
1952-12-01,Sampdoria,1538.47338867
1952-12-08,Sampdoria,1543.84033203
1952-12-15,Sampdoria,1556.55041504
1952-12-22,Sampdoria,1551.72058105
1953-01-05,Sampdoria,1547.05053711
1953-01-12,Sampdoria,1545.85791016
1953-01-19,Sampdoria,1536.98913574
1953-01-26,Sampdoria,1541.37902832
1953-02-02,Sampdoria,1538.74621582
1953-02-09,Sampdoria,1545.23547363
1953-02-16,Sampdoria,1536.84289551
1953-02-23,Sampdoria,1546.63793945
1953-03-02,Sampdoria,1560.15063477
1953-03-09,Sampdoria,1556.53881836
1953-03-16,Sampdoria,1551.60095215
1953-03-23,Sampdoria,1556.10754395
1953-03-30,Sampdoria,1557.43481445
1953-04-06,Sampdoria,1568.73400879
1953-04-13,Sampdoria,1564.74731445
1953-04-20,Sampdoria,1569.93005371
1953-05-04,Sampdoria,1565.18273926
1953-05-11,Sampdoria,1558.68395996
1953-05-25,Sampdoria,1570.99328613
1953-06-01,Sampdoria,1578.17321777
1953-06-05,Sampdoria,1588.5032959
1953-06-08,Sampdoria,1552.57385254
1953-09-14,Sampdoria,1548.53283691
1953-09-21,Sampdoria,1544.09765625
1953-09-28,Sampdoria,1552.02758789
1953-10-05,Sampdoria,1562.24462891
1953-10-12,Sampdoria,1560.27502441
1953-10-19,Sampdoria,1563.96118164
1953-10-26,Sampdoria,1558.14685059
1953-11-02,Sampdoria,1564.21020508
1953-11-09,Sampdoria,1564.55322266
1953-11-23,Sampdoria,1574.13391113
1953-11-30,Sampdoria,1579.99816895
1953-12-07,Sampdoria,1573.6229248
1953-12-21,Sampdoria,1578.39404297
1953-12-28,Sampdoria,1582.99682617
1954-01-04,Sampdoria,1577.45544434
1954-01-11,Sampdoria,1573.24121094
1954-01-18,Sampdoria,1564.66711426
1954-02-01,Sampdoria,1557.40185547
1954-02-08,Sampdoria,1552.89697266
1954-02-15,Sampdoria,1559.65637207
1954-02-22,Sampdoria,1554.61120605
1954-03-01,Sampdoria,1548.02111816
1954-03-08,Sampdoria,1549.42456055
1954-03-15,Sampdoria,1543.96044922
1954-03-22,Sampdoria,1550.8560791
1954-03-29,Sampdoria,1548.71911621
1954-04-05,Sampdoria,1543.59130859
1954-04-19,Sampdoria,1534.47131348
1954-04-26,Sampdoria,1538.24169922
1954-05-03,Sampdoria,1533.27709961
1954-05-10,Sampdoria,1537.75891113
1954-05-17,Sampdoria,1547.51806641
1954-05-24,Sampdoria,1566.27539062
1954-05-31,Sampdoria,1561.73510742
1954-09-20,Sampdoria,1576.98291016
1954-09-27,Sampdoria,1563.45751953
1954-10-04,Sampdoria,1555.12915039
1954-10-11,Sampdoria,1553.02099609
1954-10-18,Sampdoria,1551.25854492
1954-10-25,Sampdoria,1544.31665039
1954-11-01,Sampdoria,1549.7298584
1954-11-08,Sampdoria,1545.21533203
1954-11-15,Sampdoria,1540.01647949
1954-11-22,Sampdoria,1534.81384277
1954-12-13,Sampdoria,1541.11767578
1954-12-20,Sampdoria,1544.54321289
1954-12-27,Sampdoria,1538.8001709
1955-01-03,Sampdoria,1535.00073242
1955-01-07,Sampdoria,1533.52783203
1955-01-24,Sampdoria,1538.94775391
1955-01-31,Sampdoria,1556.86938477
1955-02-07,Sampdoria,1551.93212891
1955-02-14,Sampdoria,1572.43737793
1955-02-21,Sampdoria,1577.33825684
1955-02-28,Sampdoria,1573.62072754
1955-03-07,Sampdoria,1572.62792969
1955-03-14,Sampdoria,1576.8527832
1955-03-21,Sampdoria,1578.75219727
1955-04-04,Sampdoria,1574.93847656
1955-04-11,Sampdoria,1576.69873047
1955-04-18,Sampdoria,1584.31689453
1955-04-25,Sampdoria,1579.92150879
1955-05-02,Sampdoria,1568.88232422
1955-05-09,Sampdoria,1576.41210938
1955-05-16,Sampdoria,1570.08068848
1955-06-06,Sampdoria,1574.50390625
1955-06-13,Sampdoria,1585.95422363
1955-06-20,Sampdoria,1590.97705078
1955-06-24,Sampdoria,1567.27783203
1955-06-26,Sampdoria,1578.52331543
1955-09-19,Sampdoria,1581.66491699
1955-09-26,Sampdoria,1575.76025391
1955-10-03,Sampdoria,1557.15307617
1955-10-10,Sampdoria,1567.16125488
1955-10-17,Sampdoria,1575.16064453
1955-10-24,Sampdoria,1568.23388672
1955-10-31,Sampdoria,1575.18225098
1955-11-02,Sampdoria,1546.35266113
1955-11-07,Sampdoria,1547.42626953
1955-11-14,Sampdoria,1557.48937988
1955-11-24,Sampdoria,1594.75793457
1955-12-05,Sampdoria,1581.0333252
1955-12-22,Sampdoria,1590.44372559
1955-12-27,Sampdoria,1580.44226074
1956-01-02,Sampdoria,1585.95556641
1956-01-09,Sampdoria,1576.45019531
1956-01-16,Sampdoria,1582.42980957
1956-01-19,Sampdoria,1598.89648438
1956-01-23,Sampdoria,1595.27172852
1956-01-30,Sampdoria,1600.73950195
1956-02-06,Sampdoria,1601.44934082
1956-02-13,Sampdoria,1631.63256836
1956-02-27,Sampdoria,1633.93359375
1956-03-01,Sampdoria,1634.54382324
1956-03-05,Sampdoria,1629.69311523
1956-03-11,Sampdoria,1633.390625
1956-03-19,Sampdoria,1628.22814941
1956-03-26,Sampdoria,1619.48205566
1956-04-02,Sampdoria,1624.796875
1956-04-09,Sampdoria,1617.63708496
1956-04-16,Sampdoria,1631.90625
1956-04-20,Sampdoria,1627.8001709
1956-04-30,Sampdoria,1622.35339355
1956-05-02,Sampdoria,1614.34606934
1956-05-07,Sampdoria,1623.25280762
1956-05-11,Sampdoria,1608.67834473
1956-05-14,Sampdoria,1590.94750977
1956-05-21,Sampdoria,1592.0802002
1956-05-28,Sampdoria,1586.35668945
1956-06-04,Sampdoria,1598.56494141
1956-06-30,Sampdoria,1607.3737793
1956-07-04,Sampdoria,1626.50170898
1956-09-17,Sampdoria,1646.64477539
1956-09-24,Sampdoria,1650.43249512
1956-10-01,Sampdoria,1666.0994873
1956-10-08,Sampdoria,1669.48596191
1956-10-15,Sampdoria,1669.11132812
1956-10-22,Sampdoria,1669.60021973
1956-10-29,Sampdoria,1673.12353516
1956-11-19,Sampdoria,1665.70166016
1956-11-22,Sampdoria,1656.08862305
1956-11-26,Sampdoria,1650.83215332
1956-11-29,Sampdoria,1665.99768066
1956-12-03,Sampdoria,1654.80554199
1956-12-17,Sampdoria,1644.99145508
1956-12-24,Sampdoria,1652.84228516
1956-12-31,Sampdoria,1650.09057617
1957-01-07,Sampdoria,1643.23632812
1957-01-14,Sampdoria,1643.49914551
1957-01-21,Sampdoria,1651.48535156
1957-01-28,Sampdoria,1649.3737793
1957-02-04,Sampdoria,1654.86779785
1957-02-07,Sampdoria,1655.8248291
1957-02-11,Sampdoria,1657.11755371
1957-02-18,Sampdoria,1635.00854492
1957-02-25,Sampdoria,1639.99499512
1957-02-28,Sampdoria,1644.74475098
1957-03-04,Sampdoria,1639.98864746
1957-03-11,Sampdoria,1635.01098633
1957-03-18,Sampdoria,1637.62585449
1957-03-25,Sampdoria,1645.9498291
1957-04-01,Sampdoria,1648.25354004
1957-04-04,Sampdoria,1660.69689941
1957-04-08,Sampdoria,1656.78137207
1957-04-15,Sampdoria,1661.73144531
1957-04-19,Sampdoria,1660.8137207
1957-04-29,Sampdoria,1658.8503418
1957-05-06,Sampdoria,1653.25378418
1957-05-20,Sampdoria,1657.38427734
1957-05-31,Sampdoria,1648.06860352
1957-06-03,Sampdoria,1654.20983887
1957-06-10,Sampdoria,1647.55310059
1957-06-17,Sampdoria,1638.53356934
1957-06-21,Sampdoria,1626.74719238
1957-06-24,Sampdoria,1641.18664551
1957-09-09,Sampdoria,1636.81481934
1957-09-16,Sampdoria,1642.99743652
1957-09-23,Sampdoria,1636.92712402
1957-09-30,Sampdoria,1650.49951172
1957-10-03,Sampdoria,1655.91552734
1957-10-07,Sampdoria,1651.27648926
1957-10-10,Sampdoria,1646.01538086
1957-10-14,Sampdoria,1650.50500488
1957-10-28,Sampdoria,1646.49865723
1957-10-31,Sampdoria,1659.9276123
1957-11-02,Sampdoria,1651.73010254
1957-11-05,Sampdoria,1656.16638184
1957-11-18,Sampdoria,1649.85388184
1957-11-25,Sampdoria,1647.01672363
1957-11-28,Sampdoria,1661.16784668
1957-12-12,Sampdoria,1660.71936035
1957-12-16,Sampdoria,1653.33032227
1957-12-23,Sampdoria,1662.99694824
1957-12-27,Sampdoria,1648.18847656
1958-01-06,Sampdoria,1656.06384277
1958-01-09,Sampdoria,1650.65808105
1958-01-20,Sampdoria,1646.36413574
1958-01-27,Sampdoria,1640.81347656
1958-02-03,Sampdoria,1651.75146484
1958-02-10,Sampdoria,1643.90026855
1958-02-13,Sampdoria,1645.59265137
1958-02-17,Sampdoria,1635.27478027
1958-02-24,Sampdoria,1630.66149902
1958-02-27,Sampdoria,1632.60192871
1958-03-03,Sampdoria,1623.65649414
1958-03-10,Sampdoria,1619.58361816
1958-03-17,Sampdoria,1637.63415527
1958-03-31,Sampdoria,1623.40258789
1958-04-07,Sampdoria,1628.86523438
1958-04-14,Sampdoria,1635.36730957
1958-04-21,Sampdoria,1639.81750488
1958-04-28,Sampdoria,1635.7277832
1958-05-05,Sampdoria,1648.92089844
1958-05-09,Sampdoria,1649.23388672
1958-05-12,Sampdoria,1656.98522949
1958-05-15,Sampdoria,1668.10461426
1958-05-19,Sampdoria,1660.15124512
1958-05-26,Sampdoria,1670.69921875
1958-05-29,Sampdoria,1666.97351074
1958-09-22,Sampdoria,1662.63659668
1958-09-25,Sampdoria,1663.39025879
1958-09-29,Sampdoria,1672.08544922
1958-10-02,Sampdoria,1637.16479492
1958-10-06,Sampdoria,1633.48828125
1958-10-13,Sampdoria,1632.84533691
1958-10-20,Sampdoria,1637.05969238
1958-10-27,Sampdoria,1637.52587891
1958-11-03,Sampdoria,1647.29846191
1958-11-17,Sampdoria,1651.73681641
1958-11-24,Sampdoria,1644.4185791
1958-12-01,Sampdoria,1649.51672363
1958-12-08,Sampdoria,1658.17810059
1958-12-22,Sampdoria,1655.28356934
1958-12-29,Sampdoria,1660.45288086
1959-01-05,Sampdoria,1671.17321777
1959-01-12,Sampdoria,1668.27844238
1959-01-19,Sampdoria,1679.18786621
1959-01-26,Sampdoria,1678.80773926
1959-02-02,Sampdoria,1666.69909668
1959-02-09,Sampdoria,1674.765625
1959-02-16,Sampdoria,1671.03344727
1959-02-23,Sampdoria,1666.75671387
1959-03-03,Sampdoria,1671.77722168
1959-03-16,Sampdoria,1668.05700684
1959-03-23,Sampdoria,1662.76708984
1959-03-30,Sampdoria,1664.53381348
1959-04-06,Sampdoria,1651.69836426
1959-04-13,Sampdoria,1644.98095703
1959-04-20,Sampdoria,1640.54443359
1959-04-27,Sampdoria,1648.02307129
1959-05-18,Sampdoria,1656.97607422
1959-05-25,Sampdoria,1664.00549316
1959-05-29,Sampdoria,1659.58093262
1959-06-01,Sampdoria,1663.99353027
1959-06-08,Sampdoria,1668.58544922
1959-09-14,Sampdoria,1668.54125977
1959-09-21,Sampdoria,1675.7989502
1959-09-24,Sampdoria,1675.9798584
1959-09-28,Sampdoria,1668.67993164
1959-10-05,Sampdoria,1672.01489258
1959-10-12,Sampdoria,1670.3927002
1959-10-19,Sampdoria,1672.3157959
1959-10-26,Sampdoria,1673.67211914
1959-11-05,Sampdoria,1667.1295166
1959-11-09,Sampdoria,1662.68334961
1959-11-16,Sampdoria,1671.42797852
1959-11-23,Sampdoria,1676.20837402
1959-11-26,Sampdoria,1672.70996094
1959-12-07,Sampdoria,1664.1295166
1959-12-14,Sampdoria,1645.90942383
1959-12-28,Sampdoria,1629.62463379
1960-01-02,Sampdoria,1625.58898926
1960-01-03,Sampdoria,1625.58898926
1960-01-11,Sampdoria,1621.83300781
1960-01-17,Sampdoria,1621.83300781
1960-01-18,Sampdoria,1631.5760498
1960-01-24,Sampdoria,1631.5760498
1960-01-25,Sampdoria,1621.70275879
1960-02-01,Sampdoria,1615.65979004
1960-02-08,Sampdoria,1619.56774902
1960-02-15,Sampdoria,1614.14050293
1960-02-22,Sampdoria,1616.50549316
1960-02-28,Sampdoria,1616.50549316
1960-02-29,Sampdoria,1623.16394043
1960-03-02,Sampdoria,1623.16394043
1960-03-07,Sampdoria,1629.09033203
1960-03-08,Sampdoria,1629.09033203
1960-03-17,Sampdoria,1629.09033203
1960-03-21,Sampdoria,1623.36022949
1960-03-24,Sampdoria,1623.36022949
1960-03-27,Sampdoria,1623.36022949
1960-03-28,Sampdoria,1617.31481934
1960-04-03,Sampdoria,1617.31481934
1960-04-04,Sampdoria,1623.27844238
1960-04-05,Sampdoria,1623.27844238
1960-04-10,Sampdoria,1623.27844238
1960-04-11,Sampdoria,1634.91992188
1960-04-14,Sampdoria,1634.91992188
1960-04-18,Sampdoria,1641.86315918
1960-04-19,Sampdoria,1641.86315918
1960-04-20,Sampdoria,1641.86315918
1960-04-25,Sampdoria,1644.91064453
1960-04-27,Sampdoria,1644.91064453
1960-05-01,Sampdoria,1644.91064453
1960-05-02,Sampdoria,1652.63989258
1960-05-03,Sampdoria,1652.63989258
1960-05-09,Sampdoria,1654.9942627
1960-05-14,Sampdoria,1654.9942627
1960-05-16,Sampdoria,1663.68774414
1960-05-22,Sampdoria,1663.68774414
1960-05-23,Sampdoria,1653.34460449
1960-05-30,Sampdoria,1660.66967773
1960-06-05,Sampdoria,1660.66967773
1960-06-06,Sampdoria,1656.45703125
1960-06-13,Sampdoria,1656.45703125
1960-06-19,Sampdoria,1656.45703125
1960-06-20,Sampdoria,1656.45703125
1960-06-27,Sampdoria,1656.45703125
1960-07-08,Sampdoria,1656.45703125
1960-07-13,Sampdoria,1656.45703125
1960-08-01,Sampdoria,1656.45703125
1960-08-08,Sampdoria,1656.45703125
1960-08-15,Sampdoria,1656.45703125
1960-08-21,Sampdoria,1656.45703125
1960-09-01,Sampdoria,1656.45703125
1960-09-10,Sampdoria,1656.45703125
1960-09-11,Sampdoria,1656.45703125
1960-09-12,Sampdoria,1656.45703125
1960-09-18,Sampdoria,1656.45703125
1960-09-19,Sampdoria,1656.45703125
1960-09-20,Sampdoria,1656.45703125
1960-09-22,Sampdoria,1656.22290039
1960-09-24,Sampdoria,1656.22290039
1960-09-26,Sampdoria,1665.49682617
1960-10-03,Sampdoria,1677.00634766
1960-10-10,Sampdoria,1679.27746582
1960-10-13,Sampdoria,1654.76525879
1960-10-17,Sampdoria,1653.40258789
1960-10-23,Sampdoria,1653.40258789
1960-10-24,Sampdoria,1654.90332031
1960-10-31,Sampdoria,1654.90332031
1960-11-03,Sampdoria,1654.90332031
1960-11-07,Sampdoria,1657.79309082
1960-11-09,Sampdoria,1657.79309082
1960-11-12,Sampdoria,1657.79309082
1960-11-13,Sampdoria,1657.79309082
1960-11-14,Sampdoria,1657.76672363
1960-11-17,Sampdoria,1657.76672363
1960-11-20,Sampdoria,1657.76672363
1960-11-21,Sampdoria,1653.27185059
1960-11-27,Sampdoria,1653.27185059
1960-11-28,Sampdoria,1647.71716309
1960-12-04,Sampdoria,1647.71716309
1960-12-05,Sampdoria,1650.87756348
1960-12-08,Sampdoria,1650.87756348
1960-12-11,Sampdoria,1650.87756348
1960-12-12,Sampdoria,1650.87756348
1960-12-19,Sampdoria,1638.6932373
1960-12-25,Sampdoria,1638.6932373
1960-12-26,Sampdoria,1636.62683105
1960-12-28,Sampdoria,1636.62683105
1961-01-02,Sampdoria,1644.21435547
1961-01-09,Sampdoria,1640.6282959
1961-01-16,Sampdoria,1643.43188477
1961-01-19,Sampdoria,1643.43188477
1961-01-22,Sampdoria,1643.43188477
1961-01-23,Sampdoria,1625.58129883
1961-01-30,Sampdoria,1629.97094727
1961-02-05,Sampdoria,1629.97094727
1961-02-06,Sampdoria,1632.97680664
1961-02-12,Sampdoria,1632.97680664
1961-02-13,Sampdoria,1630.63342285
1961-02-19,Sampdoria,1630.63342285
1961-02-20,Sampdoria,1636.01452637
1961-02-26,Sampdoria,1636.01452637
1961-02-27,Sampdoria,1632.82385254
1961-03-05,Sampdoria,1632.82385254
1961-03-06,Sampdoria,1627.33215332
1961-03-13,Sampdoria,1636.48974609
1961-03-16,Sampdoria,1636.48974609
1961-03-19,Sampdoria,1636.48974609
1961-03-20,Sampdoria,1638.87817383
1961-03-27,Sampdoria,1632.47424316
1961-03-29,Sampdoria,1632.47424316
1961-03-31,Sampdoria,1632.47424316
1961-04-02,Sampdoria,1632.47424316
1961-04-03,Sampdoria,1641.69067383
1961-04-10,Sampdoria,1659.95153809
1961-04-14,Sampdoria,1659.95153809
1961-04-17,Sampdoria,1664.00097656
1961-04-21,Sampdoria,1664.00097656
1961-04-23,Sampdoria,1664.00097656
1961-04-24,Sampdoria,1664.00097656
1961-04-27,Sampdoria,1664.00097656
1961-05-01,Sampdoria,1671.56274414
1961-05-04,Sampdoria,1671.56274414
1961-05-05,Sampdoria,1671.56274414
1961-05-08,Sampdoria,1662.50048828
1961-05-15,Sampdoria,1667.07946777
1961-05-19,Sampdoria,1667.07946777
1961-05-22,Sampdoria,1659.91381836
1961-05-28,Sampdoria,1659.91381836
1961-05-31,Sampdoria,1662.89697266
1961-06-04,Sampdoria,1662.89697266
1961-06-05,Sampdoria,1665.28564453
1961-06-15,Sampdoria,1665.28564453
1961-06-21,Sampdoria,1665.28564453
1961-06-27,Sampdoria,1665.28564453
1961-07-03,Sampdoria,1665.28564453
1961-07-09,Sampdoria,1665.28564453
1961-07-24,Sampdoria,1665.28564453
1961-08-20,Sampdoria,1665.28564453
1961-08-21,Sampdoria,1665.28564453
1961-08-25,Sampdoria,1665.28564453
1961-08-28,Sampdoria,1669.48498535
1961-08-31,Sampdoria,1669.48498535
1961-09-03,Sampdoria,1669.48498535
1961-09-04,Sampdoria,1674.11218262
1961-09-06,Sampdoria,1674.11218262
1961-09-10,Sampdoria,1674.11218262
1961-09-11,Sampdoria,1678.24841309
1961-09-12,Sampdoria,1678.24841309
1961-09-14,Sampdoria,1667.80175781
1961-09-16,Sampdoria,1667.80175781
1961-09-17,Sampdoria,1667.80175781
1961-09-18,Sampdoria,1670.0736084
1961-09-21,Sampdoria,1671.01220703
1961-09-22,Sampdoria,1671.01220703
1961-09-25,Sampdoria,1683.6262207
1961-09-28,Sampdoria,1684.16577148
1961-09-29,Sampdoria,1684.16577148
1961-10-02,Sampdoria,1663.53845215
1961-10-03,Sampdoria,1663.53845215
1961-10-05,Sampdoria,1667.58398438
1961-10-09,Sampdoria,1658.93066406
1961-10-13,Sampdoria,1658.93066406
1961-10-16,Sampdoria,1658.93066406
1961-10-19,Sampdoria,1658.93066406
1961-10-22,Sampdoria,1658.93066406
1961-10-23,Sampdoria,1652.60290527
1961-10-26,Sampdoria,1658.54870605
1961-10-29,Sampdoria,1658.54870605
1961-10-30,Sampdoria,1658.18579102
1961-11-01,Sampdoria,1658.18579102
1961-11-02,Sampdoria,1658.18579102
1961-11-09,Sampdoria,1666.7545166
1961-11-12,Sampdoria,1666.7545166
1961-11-13,Sampdoria,1666.02416992
1961-11-15,Sampdoria,1666.02416992
1961-11-16,Sampdoria,1673.85961914
1961-11-19,Sampdoria,1673.85961914
1961-11-20,Sampdoria,1675.52502441
1961-11-23,Sampdoria,1692.44775391
1961-11-27,Sampdoria,1684.3482666
1961-11-30,Sampdoria,1684.3482666
1961-12-01,Sampdoria,1684.3482666
1961-12-03,Sampdoria,1684.3482666
1961-12-04,Sampdoria,1684.60229492
1961-12-11,Sampdoria,1668.79626465
1961-12-18,Sampdoria,1670.58105469
1961-12-24,Sampdoria,1670.58105469
1961-12-25,Sampdoria,1673.57629395
1962-01-01,Sampdoria,1662.11694336
1962-01-08,Sampdoria,1658.7388916
1962-01-14,Sampdoria,1658.7388916
1962-01-15,Sampdoria,1666.18945312
1962-01-22,Sampdoria,1656.11816406
1962-01-29,Sampdoria,1646.83398438
1962-02-04,Sampdoria,1646.83398438
1962-02-05,Sampdoria,1638.74206543
1962-02-08,Sampdoria,1638.74206543
1962-02-11,Sampdoria,1638.74206543
1962-02-12,Sampdoria,1633.57446289
1962-02-15,Sampdoria,1630.53320312
1962-02-19,Sampdoria,1627.92272949
1962-02-21,Sampdoria,1627.92272949
1962-02-22,Sampdoria,1626.55456543
1962-02-25,Sampdoria,1626.55456543
1962-02-26,Sampdoria,1627.00500488
1962-02-27,Sampdoria,1629.87768555
1962-02-28,Sampdoria,1632.22595215
1962-03-01,Sampdoria,1626.57373047
1962-03-04,Sampdoria,1626.57373047
1962-03-05,Sampdoria,1608.75378418
1962-03-07,Sampdoria,1608.75378418
1962-03-11,Sampdoria,1608.75378418
1962-03-12,Sampdoria,1615.53149414
1962-03-15,Sampdoria,1615.53149414
1962-03-18,Sampdoria,1615.53149414
1962-03-19,Sampdoria,1611.7355957
1962-03-22,Sampdoria,1616.7467041
1962-03-25,Sampdoria,1616.7467041
1962-03-26,Sampdoria,1630.17687988
1962-03-29,Sampdoria,1630.17687988
1962-03-31,Sampdoria,1630.17687988
1962-04-01,Sampdoria,1630.17687988
1962-04-02,Sampdoria,1633.63623047
1962-04-04,Sampdoria,1633.63623047
1962-04-05,Sampdoria,1633.63623047
1962-04-08,Sampdoria,1633.63623047
1962-04-09,Sampdoria,1630.30737305
1962-04-11,Sampdoria,1630.30737305
1962-04-12,Sampdoria,1641.62414551
1962-04-15,Sampdoria,1641.62414551
1962-04-16,Sampdoria,1649.94848633
1962-04-17,Sampdoria,1649.94848633
1962-04-22,Sampdoria,1649.94848633
1962-04-29,Sampdoria,1649.94848633
1962-05-03,Sampdoria,1649.94848633
1962-05-06,Sampdoria,1649.94848633
1962-05-11,Sampdoria,1650.60119629
1962-05-20,Sampdoria,1650.60119629
1962-06-02,Sampdoria,1650.60119629
1962-06-06,Sampdoria,1650.60119629
1962-06-08,Sampdoria,1650.60119629
1962-06-12,Sampdoria,1650.60119629
1962-07-03,Sampdoria,1650.60119629
1962-08-12,Sampdoria,1650.60119629
1962-08-16,Sampdoria,1650.60119629
1962-08-20,Sampdoria,1650.60119629
1962-08-21,Sampdoria,1650.60119629
1962-08-26,Sampdoria,1650.60119629
1962-08-27,Sampdoria,1650.60119629
1962-08-28,Sampdoria,1650.60119629
1962-08-30,Sampdoria,1650.60119629
1962-09-05,Sampdoria,1650.60119629
1962-09-06,Sampdoria,1633.41345215
1962-09-09,Sampdoria,1633.41345215
1962-09-10,Sampdoria,1633.41345215
1962-09-13,Sampdoria,1633.43200684
1962-09-17,Sampdoria,1637.5637207
1962-09-18,Sampdoria,1637.5637207
1962-09-20,Sampdoria,1637.59436035
1962-09-23,Sampdoria,1637.59436035
1962-09-24,Sampdoria,1645.59692383
1962-09-25,Sampdoria,1645.59692383
1962-09-27,Sampdoria,1649.91333008
1962-09-30,Sampdoria,1649.91333008
1962-10-01,Sampdoria,1639.10827637
1962-10-04,Sampdoria,1639.10827637
1962-10-06,Sampdoria,1639.10827637
1962-10-07,Sampdoria,1639.10827637
1962-10-08,Sampdoria,1627.24182129
1962-10-11,Sampdoria,1636.58068848
1962-10-13,Sampdoria,1636.58068848
1962-10-14,Sampdoria,1636.58068848
1962-10-15,Sampdoria,1630.94604492
1962-10-16,Sampdoria,1630.94604492
1962-10-18,Sampdoria,1630.94604492
1962-10-19,Sampdoria,1630.94604492
1962-10-20,Sampdoria,1630.94604492
1962-10-21,Sampdoria,1630.94604492
1962-10-22,Sampdoria,1625.01000977
1962-10-29,Sampdoria,1634.76147461
1962-11-01,Sampdoria,1634.76147461
1962-11-02,Sampdoria,1626.75476074
1962-11-05,Sampdoria,1637.44995117
1962-11-07,Sampdoria,1637.44995117
1962-11-12,Sampdoria,1637.44995117
1962-11-15,Sampdoria,1643.55603027
1962-11-18,Sampdoria,1643.55603027
1962-11-19,Sampdoria,1638.99975586
1962-11-20,Sampdoria,1641.38696289
1962-11-26,Sampdoria,1633.7322998
1962-11-29,Sampdoria,1629.03076172
1962-12-02,Sampdoria,1629.03076172
1962-12-03,Sampdoria,1629.03076172
1962-12-05,Sampdoria,1650.6484375
1962-12-09,Sampdoria,1650.6484375
1962-12-10,Sampdoria,1658.95629883
1962-12-13,Sampdoria,1658.95629883
1962-12-17,Sampdoria,1650.77246094
1962-12-23,Sampdoria,1650.77246094
1962-12-24,Sampdoria,1646.69873047
1962-12-27,Sampdoria,1646.69873047
1962-12-31,Sampdoria,1631.0402832
1963-01-06,Sampdoria,1631.0402832
1963-01-07,Sampdoria,1633.65942383
1963-01-14,Sampdoria,1630.28552246
1963-01-15,Sampdoria,1630.28552246
1963-01-21,Sampdoria,1640.2232666
1963-01-24,Sampdoria,1640.63879395
1963-01-28,Sampdoria,1647.36340332
1963-01-29,Sampdoria,1647.36340332
1963-02-04,Sampdoria,1632.80249023
1963-02-07,Sampdoria,1621.20715332
1963-02-11,Sampdoria,1616.76318359
1963-02-17,Sampdoria,1616.76318359
1963-02-18,Sampdoria,1623.77355957
1963-02-20,Sampdoria,1623.77355957
1963-02-24,Sampdoria,1623.77355957
1963-02-25,Sampdoria,1632.98718262
1963-03-03,Sampdoria,1632.98718262
1963-03-04,Sampdoria,1640.31347656
1963-03-06,Sampdoria,1640.31347656
1963-03-07,Sampdoria,1640.31347656
1963-03-10,Sampdoria,1640.31347656
1963-03-11,Sampdoria,1634.75817871
1963-03-14,Sampdoria,1635.32202148
1963-03-15,Sampdoria,1635.32202148
1963-03-18,Sampdoria,1645.92724609
1963-03-21,Sampdoria,1649.11413574
1963-03-22,Sampdoria,1649.11413574
1963-03-24,Sampdoria,1649.11413574
1963-03-25,Sampdoria,1649.11413574
1963-04-01,Sampdoria,1651.52062988
1963-04-04,Sampdoria,1639.80053711
1963-04-07,Sampdoria,1639.80053711
1963-04-08,Sampdoria,1634.97094727
1963-04-09,Sampdoria,1634.97094727
1963-04-14,Sampdoria,1634.97094727
1963-04-15,Sampdoria,1649.24194336
1963-04-22,Sampdoria,1653.94030762
1963-04-25,Sampdoria,1657.32629395
1963-04-29,Sampdoria,1657.00878906
1963-05-02,Sampdoria,1657.55200195
1963-05-03,Sampdoria,1657.55200195
1963-05-05,Sampdoria,1657.55200195
1963-05-06,Sampdoria,1651.00817871
1963-05-08,Sampdoria,1651.00817871
1963-05-13,Sampdoria,1651.00817871
1963-05-16,Sampdoria,1651.00817871
1963-05-19,Sampdoria,1651.00817871
1963-05-20,Sampdoria,1655.83312988
1963-05-23,Sampdoria,1662.48474121
1963-05-26,Sampdoria,1662.48474121
1963-05-27,Sampdoria,1654.81933594
1963-06-02,Sampdoria,1654.81933594
1963-06-09,Sampdoria,1654.81933594
1963-06-16,Sampdoria,1654.81933594
1963-06-17,Sampdoria,1654.81933594
1963-07-05,Sampdoria,1654.81933594
1963-07-14,Sampdoria,1654.81933594
1963-07-29,Sampdoria,1654.81933594
1963-07-31,Sampdoria,1654.81933594
1963-08-12,Sampdoria,1654.81933594
1963-08-23,Sampdoria,1654.81933594
1963-08-25,Sampdoria,1654.81933594
1963-08-26,Sampdoria,1654.81933594
1963-08-27,Sampdoria,1654.81933594
1963-08-28,Sampdoria,1654.81933594
1963-08-31,Sampdoria,1654.81933594
1963-09-01,Sampdoria,1654.81933594
1963-09-02,Sampdoria,1654.81933594
1963-09-04,Sampdoria,1654.81933594
1963-09-05,Sampdoria,1659.32067871
1963-09-09,Sampdoria,1659.32067871
1963-09-12,Sampdoria,1659.32067871
1963-09-14,Sampdoria,1659.32067871
1963-09-15,Sampdoria,1659.32067871
1963-09-16,Sampdoria,1664.05737305
1963-09-19,Sampdoria,1667.41699219
1963-09-22,Sampdoria,1667.41699219
1963-09-23,Sampdoria,1662.19519043
1963-09-26,Sampdoria,1660.47717285
1963-09-30,Sampdoria,1649.23132324
1963-10-02,Sampdoria,1649.23132324
1963-10-04,Sampdoria,1649.23132324
1963-10-06,Sampdoria,1649.23132324
1963-10-07,Sampdoria,1655.95458984
1963-10-10,Sampdoria,1651.60241699
1963-10-11,Sampdoria,1651.60241699
1963-10-13,Sampdoria,1651.60241699
1963-10-15,Sampdoria,1639.02990723
1963-10-17,Sampdoria,1639.02990723
1963-10-21,Sampdoria,1637.42321777
1963-10-24,Sampdoria,1648.11975098
1963-10-27,Sampdoria,1648.11975098
1963-10-28,Sampdoria,1640.81726074
1963-10-29,Sampdoria,1640.81726074
1963-11-01,Sampdoria,1640.81726074
1963-11-03,Sampdoria,1640.81726074
1963-11-06,Sampdoria,1640.81726074
1963-11-07,Sampdoria,1640.81726074
1963-11-10,Sampdoria,1640.81726074
1963-11-11,Sampdoria,1640.81726074
1963-11-17,Sampdoria,1640.81726074
1963-11-18,Sampdoria,1633.91271973
1963-11-21,Sampdoria,1633.91271973
1963-11-24,Sampdoria,1633.91271973
1963-11-25,Sampdoria,1638.9128418
1963-11-28,Sampdoria,1638.41259766
1963-12-01,Sampdoria,1638.41259766
1963-12-02,Sampdoria,1628.28125
1963-12-04,Sampdoria,1628.28125
1963-12-05,Sampdoria,1635.52307129
1963-12-08,Sampdoria,1635.52307129
1963-12-09,Sampdoria,1630.19433594
1963-12-15,Sampdoria,1630.19433594
1963-12-16,Sampdoria,1630.19433594
1963-12-19,Sampdoria,1630.19433594
1963-12-23,Sampdoria,1647.81201172
1963-12-29,Sampdoria,1647.81201172
1963-12-30,Sampdoria,1652.33300781
1964-01-02,Sampdoria,1652.33300781
1964-01-06,Sampdoria,1656.52685547
1964-01-12,Sampdoria,1656.52685547
1964-01-13,Sampdoria,1653.94799805
1964-01-20,Sampdoria,1642.33105469
1964-01-27,Sampdoria,1635.26916504
1964-01-30,Sampdoria,1630.40466309
1964-02-03,Sampdoria,1619.11181641
1964-02-10,Sampdoria,1612.54272461
1964-02-14,Sampdoria,1612.83630371
1964-02-17,Sampdoria,1610.61486816
1964-02-24,Sampdoria,1632.17810059
1964-02-27,Sampdoria,1635.21508789
1964-02-29,Sampdoria,1635.21508789
1964-03-02,Sampdoria,1624.79772949
1964-03-03,Sampdoria,1624.79772949
1964-03-05,Sampdoria,1624.98266602
1964-03-07,Sampdoria,1624.98266602
1964-03-09,Sampdoria,1623.17602539
1964-03-14,Sampdoria,1623.17602539
1964-03-15,Sampdoria,1623.17602539
1964-03-16,Sampdoria,1620.67712402
1964-03-19,Sampdoria,1620.67712402
1964-03-23,Sampdoria,1631.51037598
1964-03-26,Sampdoria,1631.51037598
1964-03-29,Sampdoria,1631.51037598
1964-03-30,Sampdoria,1639.51098633
1964-04-05,Sampdoria,1639.51098633
1964-04-06,Sampdoria,1632.1418457
1964-04-09,Sampdoria,1632.1418457
1964-04-12,Sampdoria,1632.1418457
1964-04-16,Sampdoria,1634.26867676
1964-04-18,Sampdoria,1634.26867676
1964-04-19,Sampdoria,1634.26867676
1964-04-20,Sampdoria,1630.24060059
1964-04-25,Sampdoria,1630.24060059
1964-04-26,Sampdoria,1630.24060059
1964-04-27,Sampdoria,1644.82385254
1964-04-30,Sampdoria,1646.68981934
1964-05-04,Sampdoria,1644.52697754
1964-05-06,Sampdoria,1644.52697754
1964-05-10,Sampdoria,1644.52697754
1964-05-11,Sampdoria,1644.52697754
1964-05-16,Sampdoria,1644.52697754
1964-05-18,Sampdoria,1641.26208496
1964-05-21,Sampdoria,1641.26208496
1964-05-22,Sampdoria,1641.26208496
1964-05-24,Sampdoria,1641.26208496
1964-05-25,Sampdoria,1644.00610352
1964-05-28,Sampdoria,1654.47607422
1964-05-29,Sampdoria,1654.47607422
1964-05-31,Sampdoria,1654.47607422
1964-06-01,Sampdoria,1650.10302734
1964-06-08,Sampdoria,1659.8692627
1964-06-09,Sampdoria,1659.8692627
1964-06-19,Sampdoria,1659.8692627
1964-06-25,Sampdoria,1659.8692627
1964-06-26,Sampdoria,1659.8692627
1964-07-02,Sampdoria,1659.8692627
1964-07-16,Sampdoria,1659.8692627
1964-07-20,Sampdoria,1659.8692627
1964-08-03,Sampdoria,1659.8692627
1964-08-09,Sampdoria,1659.8692627
1964-08-15,Sampdoria,1659.8692627
1964-08-19,Sampdoria,1659.8692627
1964-08-23,Sampdoria,1659.8692627
1964-08-24,Sampdoria,1659.8692627
1964-08-25,Sampdoria,1659.8692627
1964-08-30,Sampdoria,1659.8692627
1964-09-03,Sampdoria,1659.8692627
1964-09-10,Sampdoria,1659.03430176
1964-09-13,Sampdoria,1659.03430176
1964-09-14,Sampdoria,1662.89099121
1964-09-17,Sampdoria,1662.89099121
1964-09-21,Sampdoria,1675.83435059
1964-09-24,Sampdoria,1676.23535156
1964-09-27,Sampdoria,1676.23535156
1964-09-28,Sampdoria,1677.30761719
1964-10-05,Sampdoria,1683.09436035
1964-10-07,Sampdoria,1683.09436035
1964-10-08,Sampdoria,1684.77441406
1964-10-12,Sampdoria,1699.30651855
1964-10-15,Sampdoria,1693.23059082
1964-10-18,Sampdoria,1693.23059082
1964-10-19,Sampdoria,1696.73156738
1964-10-25,Sampdoria,1696.73156738
1964-10-26,Sampdoria,1686.17382812
1964-11-01,Sampdoria,1686.17382812
1964-11-09,Sampdoria,1678.04528809
1964-11-12,Sampdoria,1678.7824707
1964-11-15,Sampdoria,1678.7824707
1964-11-16,Sampdoria,1673.61730957
1964-11-23,Sampdoria,1667.61853027
1964-11-26,Sampdoria,1667.61853027
1964-11-30,Sampdoria,1665.38964844
1964-12-04,Sampdoria,1665.95458984
1964-12-06,Sampdoria,1665.95458984
1964-12-07,Sampdoria,1666.05212402
1964-12-10,Sampdoria,1666.05212402
1964-12-14,Sampdoria,1664.48999023
1964-12-17,Sampdoria,1664.48999023
1964-12-21,Sampdoria,1660.73754883
1964-12-24,Sampdoria,1660.73754883
1964-12-27,Sampdoria,1660.73754883
1964-12-28,Sampdoria,1649.42663574
1964-12-29,Sampdoria,1649.42663574
1965-01-04,Sampdoria,1651.45776367
1965-01-11,Sampdoria,1646.94165039
1965-01-18,Sampdoria,1652.11535645
1965-01-21,Sampdoria,1652.11535645
1965-01-25,Sampdoria,1633.71252441
1965-02-01,Sampdoria,1647.56005859
1965-02-08,Sampdoria,1651.53674316
1965-02-14,Sampdoria,1651.53674316
1965-02-15,Sampdoria,1647.27978516
1965-02-18,Sampdoria,1649.66345215
1965-02-22,Sampdoria,1651.28796387
1965-02-25,Sampdoria,1651.28796387
1965-03-01,Sampdoria,1645.15698242
1965-03-04,Sampdoria,1642.51501465
1965-03-08,Sampdoria,1638.39575195
1965-03-18,Sampdoria,1646.3145752
1965-03-22,Sampdoria,1644.23779297
1965-03-28,Sampdoria,1644.23779297
1965-03-29,Sampdoria,1652.90319824
1965-04-05,Sampdoria,1641.07458496
1965-04-12,Sampdoria,1655.01794434
1965-04-15,Sampdoria,1655.01794434
1965-04-21,Sampdoria,1658.41430664
1965-04-26,Sampdoria,1654.17382812
1965-04-27,Sampdoria,1654.17382812
1965-04-28,Sampdoria,1650.81018066
1965-04-29,Sampdoria,1650.81018066
1965-05-01,Sampdoria,1650.81018066
1965-05-03,Sampdoria,1650.81018066
1965-05-05,Sampdoria,1646.03710938
1965-05-06,Sampdoria,1634.34606934
1965-05-10,Sampdoria,1626.2701416
1965-05-13,Sampdoria,1633.69726562
1965-05-17,Sampdoria,1628.90161133
1965-05-24,Sampdoria,1624.4576416
1965-05-28,Sampdoria,1628.42236328
1965-05-31,Sampdoria,1631.65527344
1965-06-06,Sampdoria,1631.65527344
1965-06-07,Sampdoria,1635.02160645
1965-06-17,Sampdoria,1635.02160645
1965-06-21,Sampdoria,1635.02160645
1965-06-27,Sampdoria,1635.02160645
1965-07-20,Sampdoria,1635.02160645
1965-07-24,Sampdoria,1635.02160645
1965-08-02,Sampdoria,1635.02160645
1965-08-09,Sampdoria,1635.02160645
1965-08-16,Sampdoria,1635.02160645
1965-08-26,Sampdoria,1635.02160645
1965-08-28,Sampdoria,1635.02160645
1965-08-30,Sampdoria,1635.02160645
1965-08-31,Sampdoria,1635.02160645
1965-09-03,Sampdoria,1635.02160645
1965-09-05,Sampdoria,1635.02160645
1965-09-06,Sampdoria,1635.32653809
1965-09-09,Sampdoria,1635.32653809
1965-09-10,Sampdoria,1635.32653809
1965-09-12,Sampdoria,1635.32653809
1965-09-13,Sampdoria,1639.85424805
1965-09-15,Sampdoria,1639.85424805
1965-09-16,Sampdoria,1639.85424805
1965-09-19,Sampdoria,1639.85424805
1965-09-20,Sampdoria,1629.31091309
1965-09-23,Sampdoria,1629.31091309
1965-09-27,Sampdoria,1627.34863281
1965-09-30,Sampdoria,1628.37866211
1965-10-03,Sampdoria,1628.37866211
1965-10-04,Sampdoria,1633.58435059
1965-10-11,Sampdoria,1627.91052246
1965-10-14,Sampdoria,1619.38598633
1965-10-16,Sampdoria,1619.38598633
1965-10-17,Sampdoria,1619.38598633
1965-10-18,Sampdoria,1607.21459961
1965-10-25,Sampdoria,1602.2421875
1965-11-15,Sampdoria,1607.24182129
1965-11-18,Sampdoria,1607.24182129
1965-11-21,Sampdoria,1607.24182129
1965-11-22,Sampdoria,1603.66027832
1965-11-29,Sampdoria,1609.14050293
1965-12-02,Sampdoria,1608.43286133
1965-12-05,Sampdoria,1608.43286133
1965-12-06,Sampdoria,1608.43286133
1965-12-13,Sampdoria,1603.74462891
1965-12-16,Sampdoria,1604.65209961
1965-12-20,Sampdoria,1596.95483398
1965-12-27,Sampdoria,1601.49304199
1966-01-03,Sampdoria,1607.64025879
1966-01-09,Sampdoria,1607.64025879
1966-01-10,Sampdoria,1612.70239258
1966-01-13,Sampdoria,1612.70239258
1966-01-17,Sampdoria,1613.52246094
1966-01-24,Sampdoria,1610.57714844
1966-01-30,Sampdoria,1610.57714844
1966-01-31,Sampdoria,1609.52294922
1966-02-07,Sampdoria,1605.71875
1966-02-14,Sampdoria,1600.89343262
1966-02-21,Sampdoria,1592.86523438
1966-02-24,Sampdoria,1596.37158203
1966-02-28,Sampdoria,1582.23388672
1966-03-03,Sampdoria,1583.60266113
1966-03-07,Sampdoria,1581.81213379
1966-03-14,Sampdoria,1570.70690918
1966-03-28,Sampdoria,1582.84521484
1966-04-04,Sampdoria,1582.35144043
1966-04-11,Sampdoria,1592.8572998
1966-04-14,Sampdoria,1592.34472656
1966-04-18,Sampdoria,1601.14465332
1966-04-21,Sampdoria,1593.27294922
1966-04-25,Sampdoria,1601.91748047
1966-05-02,Sampdoria,1607.4576416
1966-05-06,Sampdoria,1607.4576416
1966-05-09,Sampdoria,1611.21557617
1966-05-14,Sampdoria,1611.21557617
1966-05-16,Sampdoria,1618.89294434
1966-05-22,Sampdoria,1618.89294434
1966-05-23,Sampdoria,1616.31152344
1966-05-28,Sampdoria,1616.31152344
1966-05-29,Sampdoria,1616.31152344
1966-06-06,Sampdoria,1616.31152344
1966-06-09,Sampdoria,1616.31152344
1966-06-13,Sampdoria,1616.31152344
1966-06-19,Sampdoria,1616.31152344
1966-06-27,Sampdoria,1616.31152344
1966-07-03,Sampdoria,1616.31152344
1966-07-29,Sampdoria,1616.31152344
1966-08-15,Sampdoria,1616.31152344
1966-08-19,Sampdoria,1616.31152344
1966-08-21,Sampdoria,1616.31152344
1966-09-01,Sampdoria,1616.31152344
1966-09-05,Sampdoria,1616.31152344
1966-09-06,Sampdoria,1616.31152344
1966-09-11,Sampdoria,1616.31152344
1966-09-12,Sampdoria,1628.25219727
1966-09-19,Sampdoria,1621.99377441
1966-09-22,Sampdoria,1621.99377441
1966-09-25,Sampdoria,1621.99377441
1966-09-26,Sampdoria,1620.56530762
1966-09-29,Sampdoria,1619.33557129
1966-10-02,Sampdoria,1619.33557129
1966-10-03,Sampdoria,1622.77722168
1966-10-06,Sampdoria,1609.17211914
1966-10-09,Sampdoria,1609.17211914
1966-10-10,Sampdoria,1610.15649414
1966-10-13,Sampdoria,1613.37878418
1966-10-16,Sampdoria,1613.37878418
1966-10-17,Sampdoria,1609.47900391
1966-10-21,Sampdoria,1609.47900391
1966-10-24,Sampdoria,1607.85180664
1966-10-29,Sampdoria,1607.85180664
1966-10-31,Sampdoria,1613.8380127
1966-11-06,Sampdoria,1613.8380127
1966-11-07,Sampdoria,1608.92297363
1966-11-09,Sampdoria,1608.92297363
1966-11-10,Sampdoria,1608.92297363
1966-11-14,Sampdoria,1610.76403809
1966-11-17,Sampdoria,1610.18200684
1966-11-18,Sampdoria,1610.18200684
1966-11-20,Sampdoria,1610.18200684
1966-11-21,Sampdoria,1616.52026367
1966-11-24,Sampdoria,1616.52026367
1966-11-27,Sampdoria,1616.52026367
1966-11-28,Sampdoria,1616.52026367
1966-12-01,Sampdoria,1616.52026367
1966-12-04,Sampdoria,1616.52026367
1966-12-05,Sampdoria,1616.75463867
1966-12-07,Sampdoria,1616.75463867
1966-12-08,Sampdoria,1616.75463867
1966-12-09,Sampdoria,1626.0838623
1966-12-11,Sampdoria,1626.0838623
1966-12-12,Sampdoria,1629.9831543
1966-12-18,Sampdoria,1629.9831543
1966-12-19,Sampdoria,1637.13037109
1966-12-22,Sampdoria,1637.13037109
1966-12-25,Sampdoria,1642.0760498
1966-12-26,Sampdoria,1642.0760498
1966-12-27,Sampdoria,1642.0760498
1966-12-28,Sampdoria,1642.0760498
1967-01-01,Sampdoria,1642.82141113
1967-01-08,Sampdoria,1642.82141113
1967-01-09,Sampdoria,1644.42675781
1967-01-16,Sampdoria,1642.21887207
1967-01-22,Sampdoria,1642.21887207
1967-01-23,Sampdoria,1639.71984863
1967-02-05,Sampdoria,1639.71984863
1967-02-06,Sampdoria,1642.18200684
1967-02-13,Sampdoria,1649.10998535
1967-02-16,Sampdoria,1649.5637207
1967-02-19,Sampdoria,1649.5637207
1967-02-20,Sampdoria,1635.07055664
1967-02-27,Sampdoria,1645.34741211
1967-03-02,Sampdoria,1658.08984375
1967-03-05,Sampdoria,1658.08984375
1967-03-06,Sampdoria,1652.12988281
1967-03-09,Sampdoria,1652.12988281
1967-03-12,Sampdoria,1652.12988281
1967-03-13,Sampdoria,1644.18688965
1967-03-19,Sampdoria,1644.18688965
1967-03-20,Sampdoria,1646.24523926
1967-03-27,Sampdoria,1646.62512207
1967-03-28,Sampdoria,1646.62512207
1967-03-29,Sampdoria,1646.62512207
1967-04-02,Sampdoria,1646.62512207
1967-04-03,Sampdoria,1646.62512207
1967-04-09,Sampdoria,1646.62512207
1967-04-10,Sampdoria,1658.68310547
1967-04-17,Sampdoria,1664.6072998
1967-04-20,Sampdoria,1661.56262207
1967-04-23,Sampdoria,1661.56262207
1967-04-24,Sampdoria,1668.64819336
1967-04-26,Sampdoria,1668.64819336
1967-04-27,Sampdoria,1671.65881348
1967-04-30,Sampdoria,1671.65881348
1967-05-01,Sampdoria,1674.23999023
1967-05-04,Sampdoria,1675.7121582
1967-05-07,Sampdoria,1675.7121582
1967-05-08,Sampdoria,1667.56237793
1967-05-14,Sampdoria,1667.56237793
1967-05-15,Sampdoria,1669.95129395
1967-05-21,Sampdoria,1669.95129395
1967-05-22,Sampdoria,1669.5333252
1967-05-26,Sampdoria,1662.44250488
1967-05-29,Sampdoria,1664.89758301
1967-06-01,Sampdoria,1664.89758301
1967-06-05,Sampdoria,1655.10864258
1967-06-10,Sampdoria,1655.10864258
1967-06-12,Sampdoria,1658.80249023
1967-06-19,Sampdoria,1660.69018555
1967-06-22,Sampdoria,1660.69018555
1967-06-26,Sampdoria,1660.69018555
1967-07-03,Sampdoria,1660.69018555
1967-08-18,Sampdoria,1660.69018555
1967-08-20,Sampdoria,1660.69018555
1967-08-21,Sampdoria,1660.69018555
1967-08-22,Sampdoria,1660.69018555
1967-09-11,Sampdoria,1660.69018555
1967-09-14,Sampdoria,1660.69018555
1967-09-21,Sampdoria,1667.03308105
1967-09-24,Sampdoria,1667.03308105
1967-09-25,Sampdoria,1659.98144531
1967-10-01,Sampdoria,1659.98144531
1967-10-02,Sampdoria,1653.53808594
1967-10-09,Sampdoria,1662.87805176
1967-10-12,Sampdoria,1664.66149902
1967-10-15,Sampdoria,1664.66149902
1967-10-16,Sampdoria,1659.49182129
1967-10-22,Sampdoria,1659.49182129
1967-10-23,Sampdoria,1657.36767578
1967-10-30,Sampdoria,1667.81030273
1967-11-05,Sampdoria,1667.81030273
1967-11-06,Sampdoria,1667.54187012
1967-11-12,Sampdoria,1667.54187012
1967-11-13,Sampdoria,1663.38903809
1967-11-17,Sampdoria,1663.38903809
1967-11-19,Sampdoria,1663.38903809
1967-11-23,Sampdoria,1667.19763184
1967-11-26,Sampdoria,1667.19763184
1967-11-27,Sampdoria,1665.6784668
1967-11-30,Sampdoria,1665.13696289
1967-12-03,Sampdoria,1665.13696289
1967-12-04,Sampdoria,1658.7121582
1967-12-07,Sampdoria,1658.7121582
1967-12-08,Sampdoria,1658.09008789
1967-12-10,Sampdoria,1658.6685791
1967-12-14,Sampdoria,1660.37658691
1967-12-18,Sampdoria,1657.57800293
1967-12-24,Sampdoria,1657.57800293
1967-12-27,Sampdoria,1657.57800293
1967-12-31,Sampdoria,1657.57800293
1968-01-01,Sampdoria,1661.39086914
1968-01-07,Sampdoria,1661.39086914
1968-01-08,Sampdoria,1662.55529785
1968-01-15,Sampdoria,1657.05432129
1968-01-21,Sampdoria,1657.05432129
1968-01-22,Sampdoria,1663.35192871
1968-01-29,Sampdoria,1660.6394043
1968-02-01,Sampdoria,1659.03405762
1968-02-04,Sampdoria,1659.03405762
1968-02-05,Sampdoria,1669.74658203
1968-02-12,Sampdoria,1669.55249023
1968-02-15,Sampdoria,1669.55249023
1968-02-18,Sampdoria,1669.55249023
1968-02-19,Sampdoria,1672.84692383
1968-02-26,Sampdoria,1677.43920898
1968-02-29,Sampdoria,1680.06604004
1968-03-03,Sampdoria,1680.06604004
1968-03-04,Sampdoria,1685.94848633
1968-03-11,Sampdoria,1673.72351074
1968-03-14,Sampdoria,1665.31018066
1968-03-15,Sampdoria,1665.31018066
1968-03-17,Sampdoria,1665.31018066
1968-03-18,Sampdoria,1670.1184082
1968-03-21,Sampdoria,1682.0267334
1968-03-24,Sampdoria,1682.0267334
1968-03-25,Sampdoria,1686.1776123
1968-03-31,Sampdoria,1686.1776123
1968-04-01,Sampdoria,1691.94140625
1968-04-10,Sampdoria,1691.94140625
1968-04-14,Sampdoria,1691.94140625
1968-04-15,Sampdoria,1694.17150879
1968-04-16,Sampdoria,1694.17150879
1968-04-21,Sampdoria,1694.17150879
1968-04-28,Sampdoria,1694.17150879
1968-04-29,Sampdoria,1699.17236328
1968-05-02,Sampdoria,1702.37145996
1968-05-06,Sampdoria,1697.88818359
1968-05-09,Sampdoria,1701.32055664
1968-05-10,Sampdoria,1696.55688477
1968-05-13,Sampdoria,1692.01220703
1968-05-16,Sampdoria,1682.90698242
1968-05-24,Sampdoria,1686.85400391
1968-05-26,Sampdoria,1686.85400391
1968-05-30,Sampdoria,1686.85400391
1968-06-04,Sampdoria,1686.85400391
1968-06-13,Sampdoria,1686.85400391
1968-06-21,Sampdoria,1686.85400391
1968-08-11,Sampdoria,1686.85400391
1968-08-14,Sampdoria,1686.85400391
1968-08-18,Sampdoria,1686.85400391
1968-08-21,Sampdoria,1686.85400391
1968-08-22,Sampdoria,1686.85400391
1968-08-25,Sampdoria,1686.85400391
1968-08-26,Sampdoria,1686.85400391
1968-08-27,Sampdoria,1686.85400391
1968-08-29,Sampdoria,1686.85400391
1968-09-01,Sampdoria,1686.85400391
1968-09-08,Sampdoria,1686.85400391
1968-09-15,Sampdoria,1686.85400391
1968-09-19,Sampdoria,1684.20397949
1968-09-29,Sampdoria,1684.20397949
1968-09-30,Sampdoria,1682.25756836
1968-10-03,Sampdoria,1685.42456055
1968-10-06,Sampdoria,1685.42456055
1968-10-07,Sampdoria,1684.04748535
1968-10-14,Sampdoria,1708.12670898
1968-10-20,Sampdoria,1708.12670898
1968-10-28,Sampdoria,1694.29467773
1968-10-31,Sampdoria,1694.29467773
1968-11-03,Sampdoria,1694.29467773
1968-11-04,Sampdoria,1688.7331543
1968-11-11,Sampdoria,1697.95385742
1968-11-18,Sampdoria,1694.68835449
1968-11-25,Sampdoria,1690.08728027
1968-12-02,Sampdoria,1681.5826416
1968-12-05,Sampdoria,1681.5826416
1968-12-08,Sampdoria,1681.5826416
1968-12-09,Sampdoria,1685.56774902
1968-12-16,Sampdoria,1691.22924805
1968-12-23,Sampdoria,1678.48901367
1968-12-27,Sampdoria,1678.48901367
1968-12-30,Sampdoria,1678.48901367
1969-01-02,Sampdoria,1678.48901367
1969-01-06,Sampdoria,1678.48901367
1969-01-12,Sampdoria,1678.48901367
1969-01-13,Sampdoria,1668.6854248
1969-01-19,Sampdoria,1668.6854248
1969-01-20,Sampdoria,1660.96936035
1969-01-26,Sampdoria,1660.96936035
1969-01-27,Sampdoria,1667.27148438
1969-02-03,Sampdoria,1669.95166016
1969-02-09,Sampdoria,1669.95166016
1969-02-10,Sampdoria,1664.77282715
1969-02-16,Sampdoria,1664.77282715
1969-02-17,Sampdoria,1651.8782959
1969-02-19,Sampdoria,1651.8782959
1969-02-20,Sampdoria,1638.10058594
1969-02-24,Sampdoria,1632.56115723
1969-03-02,Sampdoria,1632.56115723
1969-03-03,Sampdoria,1630.00756836
1969-03-06,Sampdoria,1625.90795898
1969-03-10,Sampdoria,1629.78210449
1969-03-13,Sampdoria,1642.01843262
1969-03-16,Sampdoria,1642.01843262
1969-03-17,Sampdoria,1643.90368652
1969-03-24,Sampdoria,1647.04394531
1969-03-31,Sampdoria,1647.04394531
1969-04-05,Sampdoria,1647.04394531
1969-04-07,Sampdoria,1633.94482422
1969-04-09,Sampdoria,1633.94482422
1969-04-10,Sampdoria,1633.94482422
1969-04-12,Sampdoria,1633.94482422
1969-04-13,Sampdoria,1633.94482422
1969-04-14,Sampdoria,1654.6619873
1969-04-16,Sampdoria,1654.6619873
1969-04-21,Sampdoria,1653.21411133
1969-04-24,Sampdoria,1657.02868652
1969-04-28,Sampdoria,1664.06005859
1969-05-02,Sampdoria,1664.06005859
1969-05-05,Sampdoria,1669.17346191
1969-05-12,Sampdoria,1675.36999512
1969-05-16,Sampdoria,1675.95947266
1969-05-19,Sampdoria,1675.54174805
1969-05-22,Sampdoria,1675.54174805
1969-05-29,Sampdoria,1682.21081543
1969-06-16,Sampdoria,1682.21081543
1969-06-23,Sampdoria,1682.21081543
1969-06-30,Sampdoria,1682.21081543
1969-07-07,Sampdoria,1682.21081543
1969-08-10,Sampdoria,1682.21081543
1969-08-13,Sampdoria,1682.21081543
1969-09-01,Sampdoria,1682.21081543
1969-09-04,Sampdoria,1682.21081543
1969-09-08,Sampdoria,1682.21081543
1969-09-11,Sampdoria,1682.24768066
1969-09-13,Sampdoria,1682.24768066
1969-09-14,Sampdoria,1682.24768066
1969-09-15,Sampdoria,1681.95788574
1969-09-18,Sampdoria,1681.48022461
1969-09-21,Sampdoria,1681.48022461
1969-09-22,Sampdoria,1678.04833984
1969-09-25,Sampdoria,1678.05456543
1969-09-28,Sampdoria,1678.05456543
1969-09-29,Sampdoria,1676.21557617
1969-10-02,Sampdoria,1677.37744141
1969-10-04,Sampdoria,1677.37744141
1969-10-05,Sampdoria,1677.37744141
1969-10-06,Sampdoria,1676.70092773
1969-10-13,Sampdoria,1670.7689209
1969-10-19,Sampdoria,1670.7689209
1969-10-20,Sampdoria,1669.95849609
1969-10-25,Sampdoria,1669.95849609
1969-10-27,Sampdoria,1672.34436035
1969-11-02,Sampdoria,1672.34436035
1969-11-03,Sampdoria,1672.34436035
1969-11-09,Sampdoria,1672.34436035
1969-11-10,Sampdoria,1678.57678223
1969-11-13,Sampdoria,1684.44433594
1969-11-16,Sampdoria,1684.44433594
1969-11-17,Sampdoria,1688.81872559
1969-11-23,Sampdoria,1688.81872559
1969-11-24,Sampdoria,1688.81872559
1969-11-27,Sampdoria,1671.67956543
1969-11-29,Sampdoria,1671.67956543
1969-12-01,Sampdoria,1673.24938965
1969-12-04,Sampdoria,1673.24938965
1969-12-08,Sampdoria,1659.9387207
1969-12-14,Sampdoria,1659.9387207
1969-12-15,Sampdoria,1649.29638672
1969-12-22,Sampdoria,1652.65136719
1969-12-29,Sampdoria,1651.06652832
1970-01-05,Sampdoria,1648.81091309
1970-01-12,Sampdoria,1644.08679199
1970-01-18,Sampdoria,1644.08679199
1970-01-19,Sampdoria,1643.72473145
1970-01-26,Sampdoria,1635.02539062
1970-02-02,Sampdoria,1632.07397461
1970-02-09,Sampdoria,1615.8269043
1970-02-11,Sampdoria,1615.8269043
1970-02-16,Sampdoria,1636.96276855
1970-02-22,Sampdoria,1636.96276855
1970-03-02,Sampdoria,1641.4621582
1970-03-04,Sampdoria,1641.4621582
1970-03-05,Sampdoria,1633.53796387
1970-03-08,Sampdoria,1633.53796387
1970-03-09,Sampdoria,1635.81872559
1970-03-16,Sampdoria,1645.19458008
1970-03-18,Sampdoria,1645.19458008
1970-03-19,Sampdoria,1645.29626465
1970-03-23,Sampdoria,1652.22143555
1970-03-29,Sampdoria,1652.22143555
1970-03-30,Sampdoria,1656.5546875
1970-03-31,Sampdoria,1656.5546875
1970-04-01,Sampdoria,1656.5546875
1970-04-02,Sampdoria,1652.49914551
1970-04-03,Sampdoria,1652.49914551
1970-04-05,Sampdoria,1652.49914551
1970-04-06,Sampdoria,1647.05090332
1970-04-11,Sampdoria,1647.05090332
1970-04-12,Sampdoria,1647.05090332
1970-04-13,Sampdoria,1652.14160156
1970-04-16,Sampdoria,1656.17895508
1970-04-20,Sampdoria,1660.26513672
1970-04-22,Sampdoria,1660.26513672
1970-04-23,Sampdoria,1660.60083008
1970-04-26,Sampdoria,1660.60083008
1970-04-27,Sampdoria,1646.8302002
1970-04-30,Sampdoria,1646.8302002
1970-05-04,Sampdoria,1646.8302002
1970-05-11,Sampdoria,1646.8302002
1970-05-23,Sampdoria,1646.8302002
1970-05-28,Sampdoria,1646.8302002
1970-05-31,Sampdoria,1646.8302002
1970-06-14,Sampdoria,1646.8302002
1970-06-15,Sampdoria,1646.8302002
1970-06-18,Sampdoria,1646.8302002
1970-06-25,Sampdoria,1646.8302002
1970-07-13,Sampdoria,1646.8302002
1970-07-21,Sampdoria,1646.8302002
1970-07-23,Sampdoria,1646.8302002
1970-08-03,Sampdoria,1646.8302002
1970-08-04,Sampdoria,1646.8302002
1970-08-10,Sampdoria,1646.8302002
1970-08-13,Sampdoria,1646.8302002
1970-08-16,Sampdoria,1646.8302002
1970-08-17,Sampdoria,1646.8302002
1970-08-18,Sampdoria,1646.8302002
1970-08-19,Sampdoria,1646.8302002
1970-08-23,Sampdoria,1646.8302002
1970-08-24,Sampdoria,1646.8302002
1970-08-27,Sampdoria,1646.8302002
1970-08-30,Sampdoria,1646.8302002
1970-08-31,Sampdoria,1646.8302002
1970-09-02,Sampdoria,1646.8302002
1970-09-03,Sampdoria,1646.8302002
1970-09-07,Sampdoria,1646.8302002
1970-09-12,Sampdoria,1646.8302002
1970-09-13,Sampdoria,1646.8302002
1970-09-17,Sampdoria,1653.0267334
1970-09-20,Sampdoria,1653.0267334
1970-09-26,Sampdoria,1653.0267334
1970-09-27,Sampdoria,1653.0267334
1970-09-28,Sampdoria,1651.13562012
1970-10-01,Sampdoria,1640.3347168
1970-10-04,Sampdoria,1640.3347168
1970-10-05,Sampdoria,1640.3347168
1970-10-07,Sampdoria,1640.3347168
1970-10-08,Sampdoria,1631.98034668
1970-10-11,Sampdoria,1631.98034668
1970-10-12,Sampdoria,1628.37109375
1970-10-15,Sampdoria,1628.37109375
1970-10-19,Sampdoria,1628.37109375
1970-10-20,Sampdoria,1628.37109375
1970-10-22,Sampdoria,1627.74584961
1970-10-24,Sampdoria,1627.74584961
1970-10-25,Sampdoria,1627.74584961
1970-10-26,Sampdoria,1634.6270752
1970-10-31,Sampdoria,1634.6270752
1970-11-02,Sampdoria,1634.6270752
1970-11-05,Sampdoria,1634.6270752
1970-11-06,Sampdoria,1620.94470215
1970-11-07,Sampdoria,1620.94470215
1970-11-09,Sampdoria,1624.85351562
1970-11-15,Sampdoria,1624.85351562
1970-11-16,Sampdoria,1635.09863281
1970-11-22,Sampdoria,1635.09863281
1970-11-23,Sampdoria,1639.44995117
1970-11-29,Sampdoria,1639.44995117
1970-11-30,Sampdoria,1637.52124023
1970-12-14,Sampdoria,1637.10131836
1970-12-21,Sampdoria,1631.44445801
1970-12-24,Sampdoria,1631.44445801
1970-12-28,Sampdoria,1633.93371582
1971-01-04,Sampdoria,1625.03320312
1971-01-07,Sampdoria,1625.03320312
1971-01-10,Sampdoria,1625.03320312
1971-01-11,Sampdoria,1637.82556152
1971-01-17,Sampdoria,1637.82556152
1971-01-18,Sampdoria,1640.51635742
1971-01-25,Sampdoria,1629.1739502
1971-01-31,Sampdoria,1629.1739502
1971-02-01,Sampdoria,1630.28613281
1971-02-07,Sampdoria,1630.28613281
1971-02-08,Sampdoria,1636.32177734
1971-02-14,Sampdoria,1636.32177734
1971-02-15,Sampdoria,1639.25708008
1971-03-01,Sampdoria,1652.61401367
1971-03-06,Sampdoria,1652.61401367
1971-03-08,Sampdoria,1650.22436523
1971-03-10,Sampdoria,1650.22436523
1971-03-11,Sampdoria,1650.22436523
1971-03-14,Sampdoria,1650.22436523
1971-03-15,Sampdoria,1642.13500977
1971-03-22,Sampdoria,1632.46289062
1971-03-25,Sampdoria,1632.46289062
1971-03-29,Sampdoria,1636.44274902
1971-04-04,Sampdoria,1636.44274902
1971-04-05,Sampdoria,1640.86486816
1971-04-11,Sampdoria,1640.86486816
1971-04-12,Sampdoria,1629.43457031
1971-04-13,Sampdoria,1629.43457031
1971-04-14,Sampdoria,1629.43457031
1971-04-18,Sampdoria,1629.43457031
1971-04-19,Sampdoria,1636.43920898
1971-04-26,Sampdoria,1633.96960449
1971-04-27,Sampdoria,1633.96960449
1971-04-28,Sampdoria,1633.96960449
1971-04-29,Sampdoria,1633.96960449
1971-05-01,Sampdoria,1633.96960449
1971-05-02,Sampdoria,1633.96960449
1971-05-03,Sampdoria,1629.90673828
1971-05-17,Sampdoria,1635.45068359
1971-05-20,Sampdoria,1635.45068359
1971-05-22,Sampdoria,1635.45068359
1971-05-23,Sampdoria,1635.45068359
1971-05-24,Sampdoria,1639.22436523
1971-05-30,Sampdoria,1639.22436523
1971-05-31,Sampdoria,1639.22436523
1971-06-03,Sampdoria,1639.22436523
1971-06-06,Sampdoria,1639.22436523
1971-06-10,Sampdoria,1639.22436523
1971-06-14,Sampdoria,1639.22436523
1971-06-17,Sampdoria,1639.22436523
1971-06-21,Sampdoria,1639.22436523
1971-06-28,Sampdoria,1639.22436523
1971-07-02,Sampdoria,1639.22436523
1971-07-06,Sampdoria,1639.22436523
1971-08-02,Sampdoria,1639.22436523
1971-08-04,Sampdoria,1639.22436523
1971-08-09,Sampdoria,1639.22436523
1971-08-12,Sampdoria,1639.22436523
1971-08-15,Sampdoria,1639.22436523
1971-08-22,Sampdoria,1639.22436523
1971-08-23,Sampdoria,1639.22436523
1971-08-30,Sampdoria,1639.22436523
1971-09-02,Sampdoria,1639.22436523
1971-09-05,Sampdoria,1639.22436523
1971-09-09,Sampdoria,1639.22436523
1971-09-16,Sampdoria,1633.77539062
1971-09-20,Sampdoria,1633.77539062
1971-09-23,Sampdoria,1633.79626465
1971-09-26,Sampdoria,1633.79626465
1971-09-27,Sampdoria,1633.79626465
1971-09-29,Sampdoria,1647.76757812
1971-09-30,Sampdoria,1648.16333008
1971-10-01,Sampdoria,1631.75793457
1971-10-03,Sampdoria,1631.75793457
1971-10-04,Sampdoria,1638.94812012
1971-10-09,Sampdoria,1638.94812012
1971-10-10,Sampdoria,1638.94812012
1971-10-14,Sampdoria,1638.94812012
1971-10-18,Sampdoria,1634.79870605
1971-10-21,Sampdoria,1627.00134277
1971-10-22,Sampdoria,1632.37634277
1971-10-23,Sampdoria,1632.37634277
1971-10-25,Sampdoria,1637.98486328
1971-10-27,Sampdoria,1637.98486328
1971-10-30,Sampdoria,1637.98486328
1971-11-01,Sampdoria,1632.33044434
1971-11-04,Sampdoria,1629.90612793
1971-11-05,Sampdoria,1634.91162109
1971-11-07,Sampdoria,1634.91162109
1971-11-08,Sampdoria,1625.83984375
1971-11-14,Sampdoria,1625.83984375
1971-11-15,Sampdoria,1620.07556152
1971-11-18,Sampdoria,1620.07556152
1971-11-21,Sampdoria,1620.07556152
1971-11-22,Sampdoria,1620.07556152
1971-11-24,Sampdoria,1620.07556152
1971-11-25,Sampdoria,1624.3260498
1971-11-29,Sampdoria,1627.99560547
1971-12-02,Sampdoria,1637.91345215
1971-12-05,Sampdoria,1637.91345215
1971-12-06,Sampdoria,1642.9317627
1971-12-09,Sampdoria,1642.45056152
1971-12-12,Sampdoria,1642.45056152
1971-12-13,Sampdoria,1652.44519043
1971-12-19,Sampdoria,1652.44519043
1971-12-20,Sampdoria,1649.45654297
1971-12-27,Sampdoria,1655.3614502
1972-01-02,Sampdoria,1655.3614502
1972-01-03,Sampdoria,1652.03381348
1972-01-07,Sampdoria,1652.03381348
1972-01-09,Sampdoria,1652.03381348
1972-01-10,Sampdoria,1659.4855957
1972-01-17,Sampdoria,1659.18640137
1972-01-24,Sampdoria,1664.28662109
1972-01-30,Sampdoria,1664.28662109
1972-01-31,Sampdoria,1659.09350586
1972-02-07,Sampdoria,1665.96398926
1972-02-13,Sampdoria,1665.96398926
1972-02-14,Sampdoria,1656.08435059
1972-02-20,Sampdoria,1656.08435059
1972-02-21,Sampdoria,1648.8203125
1972-02-24,Sampdoria,1649.72692871
1972-02-27,Sampdoria,1649.72692871
1972-02-28,Sampdoria,1656.91662598
1972-03-05,Sampdoria,1656.91662598
1972-03-08,Sampdoria,1657.81054688
1972-03-09,Sampdoria,1648.90393066
1972-03-10,Sampdoria,1648.90393066
1972-03-11,Sampdoria,1649.03027344
1972-03-12,Sampdoria,1649.03027344
1972-03-13,Sampdoria,1655.73608398
1972-03-18,Sampdoria,1655.73608398
1972-03-20,Sampdoria,1657.17773438
1972-03-23,Sampdoria,1653.07507324
1972-03-25,Sampdoria,1655.6451416
1972-03-26,Sampdoria,1655.6451416
1972-03-27,Sampdoria,1648.91333008
1972-03-30,Sampdoria,1648.91333008
1972-04-02,Sampdoria,1648.91333008
1972-04-03,Sampdoria,1643.01733398
1972-04-04,Sampdoria,1643.01733398
1972-04-05,Sampdoria,1643.01733398
1972-04-06,Sampdoria,1640.14416504
1972-04-09,Sampdoria,1640.14416504
1972-04-10,Sampdoria,1641.10571289
1972-04-13,Sampdoria,1641.10571289
1972-04-16,Sampdoria,1641.10571289
1972-04-17,Sampdoria,1649.75561523
1972-04-20,Sampdoria,1647.8371582
1972-04-24,Sampdoria,1642.04455566
1972-04-29,Sampdoria,1642.04455566
1972-05-01,Sampdoria,1642.04455566
1972-05-04,Sampdoria,1642.04455566
1972-05-07,Sampdoria,1642.04455566
1972-05-08,Sampdoria,1643.13500977
1972-05-20,Sampdoria,1643.13500977
1972-05-21,Sampdoria,1643.13500977
1972-05-22,Sampdoria,1639.10473633
1972-05-23,Sampdoria,1639.10473633
1972-05-29,Sampdoria,1637.93139648
1972-06-01,Sampdoria,1633.43408203
1972-06-02,Sampdoria,1633.43408203
1972-06-08,Sampdoria,1633.43408203
1972-06-19,Sampdoria,1633.43408203
1972-06-22,Sampdoria,1633.43408203
1972-06-25,Sampdoria,1633.43408203
1972-06-29,Sampdoria,1633.43408203
1972-07-03,Sampdoria,1633.43408203
1972-07-10,Sampdoria,1633.43408203
1972-07-20,Sampdoria,1633.43408203
1972-08-07,Sampdoria,1633.43408203
1972-08-21,Sampdoria,1633.43408203
1972-08-28,Sampdoria,1633.43408203
1972-09-04,Sampdoria,1633.43408203
1972-09-07,Sampdoria,1633.4588623
1972-09-14,Sampdoria,1634.74768066
1972-09-15,Sampdoria,1634.34960938
1972-09-17,Sampdoria,1634.34960938
1972-09-18,Sampdoria,1634.34960938
1972-09-21,Sampdoria,1634.34960938
1972-09-24,Sampdoria,1634.34960938
1972-09-25,Sampdoria,1625.2265625
1972-09-27,Sampdoria,1625.2265625
1972-09-28,Sampdoria,1594.74645996
1972-09-30,Sampdoria,1594.74645996
1972-10-01,Sampdoria,1594.74645996
1972-10-02,Sampdoria,1589.62866211
1972-10-16,Sampdoria,1583.0480957
1972-10-21,Sampdoria,1585.10693359
1972-10-26,Sampdoria,1579.64831543
1972-11-06,Sampdoria,1575.42382812
1972-11-08,Sampdoria,1572.10546875
1972-11-09,Sampdoria,1581.00671387
1972-11-13,Sampdoria,1588.29125977
1972-11-20,Sampdoria,1583.68823242
1972-11-27,Sampdoria,1586.54626465
1972-11-30,Sampdoria,1581.07629395
1972-12-04,Sampdoria,1578.44555664
1972-12-11,Sampdoria,1576.67138672
1972-12-14,Sampdoria,1573.41345215
1972-12-18,Sampdoria,1569.71105957
1972-12-25,Sampdoria,1575.83679199
1972-12-31,Sampdoria,1563.62597656
1973-01-08,Sampdoria,1568.59155273
1973-01-22,Sampdoria,1576.14733887
1973-01-29,Sampdoria,1571.52111816
1973-02-05,Sampdoria,1570.3770752
1973-02-12,Sampdoria,1577.22827148
1973-02-19,Sampdoria,1571.96557617
1973-03-05,Sampdoria,1588.64416504
1973-03-08,Sampdoria,1587.93896484
1973-03-12,Sampdoria,1581.3560791
1973-03-19,Sampdoria,1595.24377441
1973-03-22,Sampdoria,1601.56115723
1973-03-25,Sampdoria,1601.56115723
1973-03-26,Sampdoria,1596.82189941
1973-04-01,Sampdoria,1596.82189941
1973-04-02,Sampdoria,1596.82189941
1973-04-08,Sampdoria,1596.82189941
1973-04-09,Sampdoria,1587.40942383
1973-04-12,Sampdoria,1590.31518555
1973-04-16,Sampdoria,1586.99328613
1973-04-23,Sampdoria,1577.24755859
1973-04-26,Sampdoria,1585.17895508
1973-04-30,Sampdoria,1590.12817383
1973-05-06,Sampdoria,1590.12817383
1973-05-07,Sampdoria,1593.18041992
1973-05-10,Sampdoria,1593.18041992
1973-05-13,Sampdoria,1593.18041992
1973-05-14,Sampdoria,1590.94946289
1973-05-17,Sampdoria,1595.79699707
1973-05-21,Sampdoria,1610.0291748
1973-05-27,Sampdoria,1610.0291748
1973-05-28,Sampdoria,1610.0291748
1973-05-31,Sampdoria,1607.01135254
1973-06-14,Sampdoria,1607.01135254
1973-08-20,Sampdoria,1607.01135254
1973-08-27,Sampdoria,1607.01135254
1973-09-02,Sampdoria,1607.01135254
1973-09-09,Sampdoria,1607.01135254
1973-09-10,Sampdoria,1607.01135254
1973-09-13,Sampdoria,1607.01135254
1973-09-20,Sampdoria,1589.23962402
1973-10-04,Sampdoria,1569.32324219
1973-10-08,Sampdoria,1580.46801758
1973-10-16,Sampdoria,1577.17724609
1973-10-25,Sampdoria,1568.42407227
1973-10-29,Sampdoria,1566.23815918
1973-11-05,Sampdoria,1561.95141602
1973-11-08,Sampdoria,1566.28137207
1973-11-19,Sampdoria,1564.80554199
1973-11-26,Sampdoria,1579.67858887
1973-12-03,Sampdoria,1575.26074219
1973-12-10,Sampdoria,1568.89282227
1973-12-17,Sampdoria,1566.60876465
1973-12-24,Sampdoria,1560.16552734
1973-12-31,Sampdoria,1554.35412598
1974-01-07,Sampdoria,1549.33300781
1974-01-14,Sampdoria,1549.21704102
1974-01-22,Sampdoria,1551.63525391
1974-01-28,Sampdoria,1543.47045898
1974-02-04,Sampdoria,1541.79504395
1974-02-11,Sampdoria,1551.23730469
1974-02-18,Sampdoria,1547.17529297
1974-03-04,Sampdoria,1546.54980469
1974-03-11,Sampdoria,1551.74194336
1974-03-14,Sampdoria,1553.26757812
1974-03-18,Sampdoria,1548.6739502
1974-03-21,Sampdoria,1548.96386719
1974-03-25,Sampdoria,1551.9206543
1974-04-01,Sampdoria,1556.88781738
1974-04-08,Sampdoria,1552.42712402
1974-04-11,Sampdoria,1556.35925293
1974-04-16,Sampdoria,1552.66223145
1974-04-22,Sampdoria,1550.1484375
1974-04-25,Sampdoria,1554.55456543
1974-04-29,Sampdoria,1552.25244141
1974-05-06,Sampdoria,1549.47229004
1974-05-09,Sampdoria,1543.84448242
1974-05-13,Sampdoria,1549.69641113
1974-05-20,Sampdoria,1555.57470703
1974-09-19,Sampdoria,1555.36474609
1974-09-26,Sampdoria,1551.86914062
1974-10-03,Sampdoria,1558.6229248
1974-10-07,Sampdoria,1564.9967041
1974-10-14,Sampdoria,1570.20202637
1974-10-21,Sampdoria,1566.26831055
1974-10-24,Sampdoria,1562.76208496
1974-10-28,Sampdoria,1562.24865723
1974-11-05,Sampdoria,1554.77038574
1974-11-07,Sampdoria,1563.0456543
1974-11-11,Sampdoria,1558.68725586
1974-11-25,Sampdoria,1558.73937988
1974-11-28,Sampdoria,1549.51208496
1974-12-02,Sampdoria,1546.04541016
1974-12-09,Sampdoria,1548.96716309
1974-12-12,Sampdoria,1553.71508789
1974-12-16,Sampdoria,1547.4630127
1974-12-24,Sampdoria,1547.44055176
1975-01-06,Sampdoria,1552.15930176
1975-01-13,Sampdoria,1548.73034668
1975-01-20,Sampdoria,1545.55944824
1975-01-27,Sampdoria,1565.83654785
1975-02-03,Sampdoria,1554.94641113
1975-02-10,Sampdoria,1543.14099121
1975-02-17,Sampdoria,1534.53369141
1975-02-24,Sampdoria,1530.77770996
1975-03-03,Sampdoria,1539.05334473
1975-03-06,Sampdoria,1541.87719727
1975-03-10,Sampdoria,1539.86730957
1975-03-17,Sampdoria,1546.22497559
1975-03-20,Sampdoria,1548.96386719
1975-03-24,Sampdoria,1552.65844727
1975-04-01,Sampdoria,1557.78039551
1975-04-07,Sampdoria,1554.18188477
1975-04-10,Sampdoria,1550.20214844
1975-04-14,Sampdoria,1556.77111816
1975-04-24,Sampdoria,1549.10473633
1975-04-28,Sampdoria,1556.25708008
1975-05-05,Sampdoria,1555.81115723
1975-05-12,Sampdoria,1559.32568359
1975-05-19,Sampdoria,1549.62316895
1975-09-17,Sampdoria,1548.66223145
1975-09-18,Sampdoria,1545.64050293
1975-10-02,Sampdoria,1555.69995117
1975-10-06,Sampdoria,1548.64697266
1975-10-13,Sampdoria,1546.44543457
1975-10-20,Sampdoria,1551.34484863
1975-10-23,Sampdoria,1547.76196289
1975-11-03,Sampdoria,1551.85498047
1975-11-06,Sampdoria,1542.93286133
1975-11-10,Sampdoria,1542.6463623
1975-11-17,Sampdoria,1556.70703125
1975-11-27,Sampdoria,1564.02331543
1975-12-01,Sampdoria,1552.78930664
1975-12-08,Sampdoria,1557.9362793
1975-12-11,Sampdoria,1548.94873047
1975-12-15,Sampdoria,1545.82165527
1975-12-22,Sampdoria,1535.88183594
1975-12-31,Sampdoria,1538.78979492
1976-01-19,Sampdoria,1541.94702148
1976-01-26,Sampdoria,1535.06396484
1976-02-02,Sampdoria,1541.8873291
1976-02-10,Sampdoria,1547.17077637
1976-02-16,Sampdoria,1540.58337402
1976-02-23,Sampdoria,1542.4473877
1976-02-29,Sampdoria,1532.04284668
1976-03-04,Sampdoria,1527.65795898
1976-03-08,Sampdoria,1524.39550781
1976-03-15,Sampdoria,1523.84130859
1976-03-18,Sampdoria,1520.85913086
1976-03-22,Sampdoria,1527.49853516
1976-03-29,Sampdoria,1518.9552002
1976-04-05,Sampdoria,1527.04223633
1976-04-12,Sampdoria,1523.5369873
1976-04-20,Sampdoria,1532.01928711
1976-04-26,Sampdoria,1528.50952148
1976-05-03,Sampdoria,1533.6763916
1976-05-10,Sampdoria,1531.67199707
1976-05-17,Sampdoria,1540.74731445
1976-09-16,Sampdoria,1528.59631348
1976-09-30,Sampdoria,1540.07495117
1976-10-01,Sampdoria,1541.17700195
1976-10-04,Sampdoria,1538.11999512
1976-10-11,Sampdoria,1539.26257324
1976-10-21,Sampdoria,1535.18859863
1976-10-25,Sampdoria,1528.33410645
1976-11-01,Sampdoria,1527.25366211
1976-11-04,Sampdoria,1539.48022461
1976-11-05,Sampdoria,1539.56848145
1976-11-08,Sampdoria,1541.42553711
1976-11-22,Sampdoria,1546.80725098
1976-11-25,Sampdoria,1544.26672363
1976-11-29,Sampdoria,1534.21704102
1976-12-06,Sampdoria,1541.3815918
1976-12-09,Sampdoria,1542.3145752
1976-12-13,Sampdoria,1533.2232666
1976-12-20,Sampdoria,1538.75195312
1977-01-03,Sampdoria,1539.66296387
1977-01-10,Sampdoria,1531.87475586
1977-01-17,Sampdoria,1536.17028809
1977-01-31,Sampdoria,1533.02807617
1977-02-07,Sampdoria,1530.96826172
1977-02-14,Sampdoria,1525.84008789
1977-02-22,Sampdoria,1520.56262207
1977-03-01,Sampdoria,1527.04077148
1977-03-03,Sampdoria,1528.61535645
1977-03-04,Sampdoria,1534.7409668
1977-03-07,Sampdoria,1531.23986816
1977-03-14,Sampdoria,1520.01940918
1977-03-17,Sampdoria,1521.24963379
1977-03-21,Sampdoria,1525.73815918
1977-03-28,Sampdoria,1530.38891602
1977-04-04,Sampdoria,1534.89916992
1977-04-07,Sampdoria,1536.57373047
1977-04-11,Sampdoria,1542.78918457
1977-04-18,Sampdoria,1541.63598633
1977-04-21,Sampdoria,1536.55529785
1977-04-25,Sampdoria,1542.9753418
1977-05-03,Sampdoria,1549.0748291
1977-05-05,Sampdoria,1548.71191406
1977-05-09,Sampdoria,1556.91833496
1977-05-16,Sampdoria,1549.6953125
1977-05-19,Sampdoria,1552.21350098
1977-05-23,Sampdoria,1546.83117676
1977-07-02,Sampdoria,1546.83117676
1977-09-12,Sampdoria,1546.55761719
1977-09-15,Sampdoria,1534.61279297
1977-09-19,Sampdoria,1529.23986816
1977-09-26,Sampdoria,1528.82409668
1977-09-29,Sampdoria,1536.27478027
1977-10-03,Sampdoria,1540.33935547
1977-10-10,Sampdoria,1527.24902344
1977-10-17,Sampdoria,1520.92810059
1977-10-20,Sampdoria,1524.22619629
1977-10-24,Sampdoria,1530.97351074
1977-10-31,Sampdoria,1533.66894531
1977-11-03,Sampdoria,1517.88903809
1977-11-07,Sampdoria,1507.20056152
1977-11-14,Sampdoria,1501.73779297
1977-11-21,Sampdoria,1494.28857422
1977-11-24,Sampdoria,1493.85046387
1977-11-28,Sampdoria,1496.64575195
1977-12-05,Sampdoria,1501.01538086
1977-12-08,Sampdoria,1488.61450195
1977-12-12,Sampdoria,1479.84716797
1977-12-19,Sampdoria,1483.51940918
1978-01-01,Sampdoria,1476.81726074
1978-01-09,Sampdoria,1485.16833496
1978-01-16,Sampdoria,1491.8013916
1978-01-23,Sampdoria,1484.06884766
1978-01-30,Sampdoria,1478.63745117
1978-02-06,Sampdoria,1471.67138672
1978-02-13,Sampdoria,1466.61254883
1978-02-20,Sampdoria,1458.31005859
1978-02-27,Sampdoria,1465.12548828
1978-03-02,Sampdoria,1468.22900391
1978-03-06,Sampdoria,1460.84680176
1978-03-13,Sampdoria,1463.24743652
1978-03-16,Sampdoria,1458.71496582
1978-03-27,Sampdoria,1460.7121582
1978-03-30,Sampdoria,1461.15100098
1978-04-03,Sampdoria,1449.50744629
1978-04-10,Sampdoria,1452.1159668
1978-04-13,Sampdoria,1445.5267334
1978-04-17,Sampdoria,1440.34851074
1978-04-24,Sampdoria,1451.86975098
1978-05-01,Sampdoria,1454.71972656
1978-05-08,Sampdoria,1460.20031738
1978-05-15,Sampdoria,1462.42700195
1978-05-22,Sampdoria,1458.27172852
1978-05-29,Sampdoria,1459.421875
1978-06-05,Sampdoria,1455.75231934
1978-06-12,Sampdoria,1443.32507324
1978-09-14,Sampdoria,1432.63867188
1978-09-25,Sampdoria,1428.21118164
1978-09-28,Sampdoria,1408.58068848
1978-10-02,Sampdoria,1403.05224609
1978-10-09,Sampdoria,1397.95751953
1978-10-16,Sampdoria,1399.76574707
1978-10-19,Sampdoria,1403.78613281
1978-10-23,Sampdoria,1390.00390625
1978-10-26,Sampdoria,1390.06494141
1978-10-30,Sampdoria,1383.1295166
1978-11-02,Sampdoria,1387.37768555
1978-11-06,Sampdoria,1393.26379395
1978-11-13,Sampdoria,1395.2635498
1978-11-20,Sampdoria,1390.91247559
1978-11-23,Sampdoria,1388.74841309
1978-11-27,Sampdoria,1396.16564941
1978-12-04,Sampdoria,1399.35583496
1978-12-07,Sampdoria,1397.55786133
1978-12-11,Sampdoria,1393.140625
1978-12-18,Sampdoria,1385.64697266
1979-01-08,Sampdoria,1383.70715332
1979-01-15,Sampdoria,1377.1451416
1979-01-22,Sampdoria,1383.60021973
1979-01-29,Sampdoria,1385.68151855
1979-02-05,Sampdoria,1384.55078125
1979-02-12,Sampdoria,1378.69702148
1979-02-19,Sampdoria,1381.5723877
1979-02-26,Sampdoria,1388.18835449
1979-03-05,Sampdoria,1401.14135742
1979-03-08,Sampdoria,1398.78710938
1979-03-12,Sampdoria,1395.4642334
1979-03-19,Sampdoria,1407.28161621
1979-03-22,Sampdoria,1405.53137207
1979-03-26,Sampdoria,1411.00842285
1979-04-02,Sampdoria,1404.30981445
1979-04-09,Sampdoria,1408.87670898
1979-04-15,Sampdoria,1403.80371094
1979-04-23,Sampdoria,1406.94995117
1979-04-30,Sampdoria,1394.35705566
1979-05-07,Sampdoria,1405.27233887
1979-05-14,Sampdoria,1399.61352539
1979-05-21,Sampdoria,1392.90063477
1979-05-28,Sampdoria,1388.36889648
1979-06-04,Sampdoria,1392.62646484
1979-06-11,Sampdoria,1388.47839355
1979-06-18,Sampdoria,1381.10388184
1979-06-25,Sampdoria,1377.64941406
1979-09-17,Sampdoria,1383.46240234
1979-09-20,Sampdoria,1402.07055664
1979-09-24,Sampdoria,1401.48498535
1979-10-01,Sampdoria,1409.8026123
1979-10-04,Sampdoria,1404.36901855
1979-10-05,Sampdoria,1405.52624512
1979-10-08,Sampdoria,1400.07397461
1979-10-15,Sampdoria,1387.81506348
1979-10-22,Sampdoria,1378.22314453
1979-10-25,Sampdoria,1384.27050781
1979-10-29,Sampdoria,1387.92712402
1979-11-02,Sampdoria,1357.18200684
1979-11-05,Sampdoria,1354.72717285
1979-11-08,Sampdoria,1358.55273438
1979-11-12,Sampdoria,1360.95361328
1979-11-19,Sampdoria,1347.96716309
1979-11-26,Sampdoria,1343.15490723
1979-12-03,Sampdoria,1340.47167969
1979-12-10,Sampdoria,1339.01293945
1979-12-17,Sampdoria,1334.02197266
1979-12-24,Sampdoria,1345.96276855
1980-01-07,Sampdoria,1342.57739258
1980-01-14,Sampdoria,1345.41625977
1980-01-21,Sampdoria,1345.2734375
1980-01-28,Sampdoria,1348.77734375
1980-02-04,Sampdoria,1349.08081055
1980-02-11,Sampdoria,1354.00402832
1980-02-18,Sampdoria,1363.1907959
1980-02-25,Sampdoria,1372.81860352
1980-03-03,Sampdoria,1378.64782715
1980-03-06,Sampdoria,1380.74023438
1980-03-10,Sampdoria,1374.69836426
1980-03-17,Sampdoria,1380.80981445
1980-03-20,Sampdoria,1384.91760254
1980-03-24,Sampdoria,1376.39355469
1980-03-31,Sampdoria,1381.06384277
1980-04-06,Sampdoria,1381.21899414
1980-04-10,Sampdoria,1385.84814453
1980-04-14,Sampdoria,1394.70031738
1980-04-21,Sampdoria,1396.70922852
1980-04-24,Sampdoria,1387.84191895
1980-04-28,Sampdoria,1392.21887207
1980-05-05,Sampdoria,1389.45495605
1980-05-12,Sampdoria,1386.10974121
1980-05-19,Sampdoria,1388.10827637
1980-05-26,Sampdoria,1392.58459473
1980-06-02,Sampdoria,1395.83813477
1980-06-09,Sampdoria,1402.56799316
1980-09-15,Sampdoria,1400.06164551
1980-09-18,Sampdoria,1424.85168457
1980-09-22,Sampdoria,1427.77172852
1980-09-29,Sampdoria,1432.68994141
1980-10-02,Sampdoria,1420.91809082
1980-10-06,Sampdoria,1422.32275391
1980-10-13,Sampdoria,1429.87646484
1980-10-20,Sampdoria,1437.10827637
1980-10-23,Sampdoria,1445.42224121
1980-10-27,Sampdoria,1448.04492188
1980-11-03,Sampdoria,1440.69274902
1980-11-06,Sampdoria,1444.41101074
1980-11-10,Sampdoria,1430.69006348
1980-11-17,Sampdoria,1417.8873291
1980-11-24,Sampdoria,1423.38085938
1980-11-27,Sampdoria,1423.3392334
1980-12-01,Sampdoria,1439.16101074
1980-12-08,Sampdoria,1435.59680176
1980-12-11,Sampdoria,1435.40856934
1980-12-15,Sampdoria,1435.71569824
1980-12-22,Sampdoria,1434.77954102
1981-01-05,Sampdoria,1437.13183594
1981-01-12,Sampdoria,1440.0916748
1981-01-19,Sampdoria,1442.26672363
1981-01-26,Sampdoria,1447.6439209
1981-02-09,Sampdoria,1448.99963379
1981-02-16,Sampdoria,1446.53588867
1981-02-23,Sampdoria,1447.96691895
1981-03-02,Sampdoria,1443.28149414
1981-03-05,Sampdoria,1440.0255127
1981-03-09,Sampdoria,1433.60070801
1981-03-16,Sampdoria,1437.31884766
1981-03-19,Sampdoria,1448.35803223
1981-03-23,Sampdoria,1463.05419922
1981-03-30,Sampdoria,1458.29443359
1981-04-06,Sampdoria,1458.21203613
1981-04-09,Sampdoria,1455.81848145
1981-04-13,Sampdoria,1450.80432129
1981-04-19,Sampdoria,1452.94702148
1981-04-23,Sampdoria,1452.5168457
1981-04-27,Sampdoria,1447.70214844
1981-05-11,Sampdoria,1450.95898438
1981-05-18,Sampdoria,1437.88500977
1981-05-25,Sampdoria,1450.23693848
1981-06-01,Sampdoria,1446.3638916
1981-06-08,Sampdoria,1446.56921387
1981-06-15,Sampdoria,1450.68115234
1981-06-22,Sampdoria,1443.43603516
1981-09-14,Sampdoria,1438.51208496
1981-09-17,Sampdoria,1434.16247559
1981-09-21,Sampdoria,1441.46081543
1981-09-28,Sampdoria,1441.55151367
1981-10-01,Sampdoria,1447.75024414
1981-10-05,Sampdoria,1434.0189209
1981-10-12,Sampdoria,1427.70446777
1981-10-19,Sampdoria,1432.75012207
1981-10-22,Sampdoria,1419.94238281
1981-10-26,Sampdoria,1412.64477539
1981-11-02,Sampdoria,1416.13146973
1981-11-05,Sampdoria,1405.82580566
1981-11-09,Sampdoria,1415.90734863
1981-11-16,Sampdoria,1414.1439209
1981-11-23,Sampdoria,1418.31774902
1981-11-30,Sampdoria,1428.81848145
1981-12-07,Sampdoria,1423.78100586
1981-12-14,Sampdoria,1409.78210449
1981-12-21,Sampdoria,1411.99023438
1982-01-04,Sampdoria,1416.7130127
1982-01-11,Sampdoria,1410.12304688
1982-01-18,Sampdoria,1411.26013184
1982-01-25,Sampdoria,1415.44030762
1982-02-08,Sampdoria,1427.02514648
1982-02-15,Sampdoria,1429.49890137
1982-02-22,Sampdoria,1434.76599121
1982-03-01,Sampdoria,1434.63745117
1982-03-08,Sampdoria,1429.77001953
1982-03-15,Sampdoria,1420.4654541
1982-03-22,Sampdoria,1424.77575684
1982-03-29,Sampdoria,1432.82128906
1982-04-05,Sampdoria,1435.95471191
1982-04-12,Sampdoria,1438.53991699
1982-04-19,Sampdoria,1452.26708984
1982-04-26,Sampdoria,1448.65307617
1982-05-03,Sampdoria,1459.09960938
1982-05-10,Sampdoria,1457.99182129
1982-05-17,Sampdoria,1454.31286621
1982-05-24,Sampdoria,1465.94348145
1982-05-31,Sampdoria,1471.71411133
1982-06-07,Sampdoria,1465.95861816
1982-06-14,Sampdoria,1456.62231445
1982-07-05,Sampdoria,1456.62231445
1982-09-13,Sampdoria,1469.24450684
1982-09-16,Sampdoria,1478.37841797
1982-09-20,Sampdoria,1492.21508789
1982-09-27,Sampdoria,1501.97900391
1982-09-30,Sampdoria,1505.51708984
1982-10-04,Sampdoria,1498.69372559
1982-10-11,Sampdoria,1506.84338379
1982-10-18,Sampdoria,1497.75817871
1982-10-21,Sampdoria,1498.18212891
1982-10-25,Sampdoria,1490.78881836
1982-11-01,Sampdoria,1488.15966797
1982-11-04,Sampdoria,1495.61047363
1982-11-08,Sampdoria,1508.65905762
1982-11-22,Sampdoria,1506.12890625
1982-11-25,Sampdoria,1506.60058594
1982-11-29,Sampdoria,1508.81469727
1982-12-09,Sampdoria,1519.02270508
1982-12-13,Sampdoria,1503.57775879
1982-12-20,Sampdoria,1498.19274902
1983-01-03,Sampdoria,1499.19604492
1983-01-10,Sampdoria,1503.0682373
1983-01-17,Sampdoria,1510.55090332
1983-01-24,Sampdoria,1511.65209961
1983-01-31,Sampdoria,1509.36987305
1983-02-07,Sampdoria,1514.53369141
1983-02-21,Sampdoria,1516.23059082
1983-02-28,Sampdoria,1514.94812012
1983-03-03,Sampdoria,1513.39929199
1983-03-07,Sampdoria,1511.12597656
1983-03-14,Sampdoria,1526.66870117
1983-03-17,Sampdoria,1529.33959961
1983-03-21,Sampdoria,1527.44506836
1983-03-28,Sampdoria,1530.7401123
1983-04-07,Sampdoria,1532.34301758
1983-04-11,Sampdoria,1528.8626709
1983-04-21,Sampdoria,1530.05859375
1983-04-25,Sampdoria,1554.53393555
1983-05-02,Sampdoria,1550.75805664
1983-05-09,Sampdoria,1545.74243164
1983-05-16,Sampdoria,1542.50036621
1983-05-26,Sampdoria,1539.81958008
1983-09-13,Sampdoria,1553.3840332
1983-09-15,Sampdoria,1558.46789551
1983-09-19,Sampdoria,1551.46044922
1983-09-26,Sampdoria,1552.12768555
1983-09-29,Sampdoria,1567.54052734
1983-10-03,Sampdoria,1558.7902832
1983-10-10,Sampdoria,1553.64807129
1983-10-20,Sampdoria,1551.50695801
1983-10-24,Sampdoria,1547.22424316
1983-10-31,Sampdoria,1562.88305664
1983-11-03,Sampdoria,1573.99914551
1983-11-07,Sampdoria,1579.66809082
1983-11-21,Sampdoria,1595.72473145
1983-11-24,Sampdoria,1595.65258789
1983-11-28,Sampdoria,1600.71496582
1983-12-05,Sampdoria,1606.04455566
1983-12-08,Sampdoria,1599.54541016
1983-12-11,Sampdoria,1599.54541016
1983-12-12,Sampdoria,1600.9979248
1983-12-18,Sampdoria,1600.9979248
1983-12-19,Sampdoria,1609.6895752
1983-12-27,Sampdoria,1609.6895752
1983-12-28,Sampdoria,1609.6895752
1984-01-01,Sampdoria,1604.70556641
1984-01-02,Sampdoria,1604.70556641
1984-01-03,Sampdoria,1604.70556641
1984-01-09,Sampdoria,1592.37939453
1984-01-16,Sampdoria,1578.07214355
1984-01-23,Sampdoria,1584.81555176
1984-01-30,Sampdoria,1588.3001709
1984-02-13,Sampdoria,1582.64196777
1984-02-20,Sampdoria,1575.02526855
1984-02-27,Sampdoria,1571.98339844
1984-03-08,Sampdoria,1580.1348877
1984-03-12,Sampdoria,1582.88757324
1984-03-19,Sampdoria,1584.12512207
1984-03-22,Sampdoria,1585.20715332
1984-03-26,Sampdoria,1572.66442871
1984-04-02,Sampdoria,1594.80126953
1984-04-12,Sampdoria,1594.65441895
1984-04-16,Sampdoria,1590.10900879
1984-04-22,Sampdoria,1593.81518555
1984-04-26,Sampdoria,1606.34558105
1984-04-29,Sampdoria,1606.34558105
1984-04-30,Sampdoria,1609.78051758
1984-05-03,Sampdoria,1609.78051758
1984-05-06,Sampdoria,1609.78051758
1984-05-07,Sampdoria,1615.00500488
1984-05-08,Sampdoria,1615.00500488
1984-05-10,Sampdoria,1615.00500488
1984-05-13,Sampdoria,1615.00500488
1984-05-14,Sampdoria,1626.43408203
1984-05-17,Sampdoria,1630.02331543
1984-05-19,Sampdoria,1630.02331543
1984-05-20,Sampdoria,1630.02331543
1984-05-26,Sampdoria,1630.02331543
1984-05-28,Sampdoria,1630.02331543
1984-05-31,Sampdoria,1630.92333984
1984-06-02,Sampdoria,1630.92333984
1984-06-19,Sampdoria,1630.92333984
1984-06-24,Sampdoria,1630.92333984
1984-06-28,Sampdoria,1630.92333984
1984-07-02,Sampdoria,1630.92333984
1984-07-21,Sampdoria,1630.92333984
1984-07-29,Sampdoria,1630.92333984
1984-08-03,Sampdoria,1630.92333984
1984-08-12,Sampdoria,1630.92333984
1984-08-19,Sampdoria,1630.92333984
1984-08-23,Sampdoria,1630.92333984
1984-08-25,Sampdoria,1630.92333984
1984-08-28,Sampdoria,1630.92333984
1984-08-30,Sampdoria,1630.92333984
1984-09-01,Sampdoria,1630.92333984
1984-09-02,Sampdoria,1630.92333984
1984-09-03,Sampdoria,1630.92333984
1984-09-06,Sampdoria,1630.92333984
1984-09-08,Sampdoria,1630.92333984
1984-09-09,Sampdoria,1630.92333984
1984-09-16,Sampdoria,1630.92333984
1984-09-17,Sampdoria,1633.69799805
1984-09-20,Sampdoria,1634.52197266
1984-09-21,Sampdoria,1632.73571777
1984-09-23,Sampdoria,1632.73571777
1984-09-24,Sampdoria,1635.51599121
1984-09-27,Sampdoria,1635.51599121
1984-09-29,Sampdoria,1635.51599121
1984-09-30,Sampdoria,1635.51599121
1984-10-01,Sampdoria,1640.97619629
1984-10-04,Sampdoria,1648.68640137
1984-10-06,Sampdoria,1648.68640137
1984-10-07,Sampdoria,1648.68640137
1984-10-08,Sampdoria,1655.39147949
1984-10-14,Sampdoria,1655.39147949
1984-10-15,Sampdoria,1664.2277832
1984-10-20,Sampdoria,1664.2277832
1984-10-21,Sampdoria,1664.2277832
1984-10-22,Sampdoria,1658.04431152
1984-10-25,Sampdoria,1664.61694336
1984-10-29,Sampdoria,1660.51879883
1984-11-01,Sampdoria,1660.51879883
1984-11-03,Sampdoria,1660.51879883
1984-11-04,Sampdoria,1660.51879883
1984-11-08,Sampdoria,1657.49450684
1984-11-12,Sampdoria,1660.65429688
1984-11-19,Sampdoria,1665.41149902
1984-11-26,Sampdoria,1676.92150879
1984-11-29,Sampdoria,1677.51428223
1984-12-03,Sampdoria,1671.0057373
1984-12-09,Sampdoria,1671.0057373
1984-12-13,Sampdoria,1675.60205078
1984-12-16,Sampdoria,1675.60205078
1984-12-17,Sampdoria,1679.20043945
1984-12-22,Sampdoria,1679.20043945
1984-12-23,Sampdoria,1679.20043945
1984-12-24,Sampdoria,1674.24084473
1984-12-27,Sampdoria,1674.24084473
1984-12-31,Sampdoria,1674.24084473
1985-01-07,Sampdoria,1674.24072266
1985-01-13,Sampdoria,1674.24072266
1985-01-14,Sampdoria,1675.10180664
1985-01-21,Sampdoria,1673.67077637
1985-01-28,Sampdoria,1668.64550781
1985-02-03,Sampdoria,1668.64550781
1985-02-11,Sampdoria,1657.78833008
1985-02-13,Sampdoria,1657.78833008
1985-02-17,Sampdoria,1657.78833008
1985-02-18,Sampdoria,1672.18151855
1985-02-21,Sampdoria,1672.18151855
1985-02-24,Sampdoria,1672.18151855
1985-02-25,Sampdoria,1692.8494873
1985-03-02,Sampdoria,1692.8494873
1985-03-03,Sampdoria,1692.8494873
1985-03-04,Sampdoria,1696.0916748
1985-03-07,Sampdoria,1697.13879395
1985-03-11,Sampdoria,1697.13879395
1985-03-17,Sampdoria,1697.13879395
1985-03-18,Sampdoria,1700.47277832
1985-03-21,Sampdoria,1705.49438477
1985-03-24,Sampdoria,1705.49438477
1985-03-25,Sampdoria,1705.45227051
1985-03-31,Sampdoria,1705.45227051
1985-04-01,Sampdoria,1702.93383789
1985-04-04,Sampdoria,1702.93383789
1985-04-08,Sampdoria,1702.93383789
1985-04-09,Sampdoria,1702.93383789
1985-04-11,Sampdoria,1711.23815918
1985-04-14,Sampdoria,1711.23815918
1985-04-15,Sampdoria,1715.85961914
1985-04-22,Sampdoria,1727.01965332
1985-04-25,Sampdoria,1714.75793457
1985-04-28,Sampdoria,1714.75793457
1985-04-29,Sampdoria,1706.53100586
1985-05-06,Sampdoria,1695.83752441
1985-05-08,Sampdoria,1695.83752441
1985-05-13,Sampdoria,1701.90844727
1985-05-15,Sampdoria,1701.90844727
1985-05-20,Sampdoria,1707.33984375
1985-05-30,Sampdoria,1712.85595703
1985-07-01,Sampdoria,1712.85595703
1985-07-17,Sampdoria,1712.85595703
1985-07-31,Sampdoria,1712.85595703
1985-08-03,Sampdoria,1712.85595703
1985-08-11,Sampdoria,1712.85595703
1985-08-18,Sampdoria,1712.85595703
1985-08-19,Sampdoria,1712.85595703
1985-08-22,Sampdoria,1712.85595703
1985-08-24,Sampdoria,1712.85595703
1985-08-25,Sampdoria,1712.85595703
1985-09-01,Sampdoria,1712.85595703
1985-09-02,Sampdoria,1712.85595703
1985-09-05,Sampdoria,1712.85595703
1985-09-08,Sampdoria,1712.85595703
1985-09-09,Sampdoria,1706.69116211
1985-09-16,Sampdoria,1709.53405762
1985-09-19,Sampdoria,1710.35510254
1985-09-23,Sampdoria,1702.90893555
1985-09-29,Sampdoria,1702.90893555
1985-09-30,Sampdoria,1698.03820801
1985-10-02,Sampdoria,1698.03820801
1985-10-03,Sampdoria,1714.14794922
1985-10-06,Sampdoria,1714.14794922
1985-10-07,Sampdoria,1710.44055176
1985-10-14,Sampdoria,1705.99841309
1985-10-20,Sampdoria,1705.99841309
1985-10-21,Sampdoria,1700.01538086
1985-10-24,Sampdoria,1684.55871582
1985-10-27,Sampdoria,1684.55871582
1985-10-28,Sampdoria,1697.22119141
1985-11-03,Sampdoria,1697.22119141
1985-11-04,Sampdoria,1677.66845703
1985-11-07,Sampdoria,1672.93994141
1985-11-10,Sampdoria,1672.93994141
1985-11-11,Sampdoria,1676.90686035
1985-11-17,Sampdoria,1676.90686035
1985-11-20,Sampdoria,1676.90686035
1985-11-24,Sampdoria,1676.90686035
1985-11-25,Sampdoria,1677.29443359
1985-11-28,Sampdoria,1676.77563477
1985-12-02,Sampdoria,1683.61682129
1985-12-04,Sampdoria,1683.61682129
1985-12-09,Sampdoria,1683.61682129
1985-12-12,Sampdoria,1679.32080078
1985-12-16,Sampdoria,1687.52612305
1985-12-18,Sampdoria,1687.52612305
1985-12-22,Sampdoria,1687.52612305
1985-12-23,Sampdoria,1683.72351074
1985-12-27,Sampdoria,1683.72351074
1985-12-29,Sampdoria,1683.72351074
1985-12-30,Sampdoria,1683.72351074
1986-01-01,Sampdoria,1681.62280273
1986-01-05,Sampdoria,1681.62280273
1986-01-06,Sampdoria,1677.92407227
1986-01-13,Sampdoria,1677.95947266
1986-01-19,Sampdoria,1677.95947266
1986-01-20,Sampdoria,1683.90026855
1986-01-27,Sampdoria,1680.6505127
1986-02-01,Sampdoria,1680.6505127
1986-02-10,Sampdoria,1684.67431641
1986-02-17,Sampdoria,1681.05151367
1986-02-24,Sampdoria,1674.28125
1986-03-02,Sampdoria,1674.28125
1986-03-03,Sampdoria,1680.55529785
1986-03-06,Sampdoria,1685.3815918
1986-03-10,Sampdoria,1678.04699707
1986-03-17,Sampdoria,1685.12597656
1986-03-20,Sampdoria,1682.35632324
1986-03-23,Sampdoria,1682.35632324
1986-03-24,Sampdoria,1676.77246094
1986-04-02,Sampdoria,1676.77246094
1986-04-03,Sampdoria,1680.93139648
1986-04-07,Sampdoria,1678.17248535
1986-04-14,Sampdoria,1678.37658691
1986-04-17,Sampdoria,1670.31091309
1986-04-19,Sampdoria,1670.31091309
1986-04-20,Sampdoria,1670.31091309
1986-04-21,Sampdoria,1662.94750977
1986-04-23,Sampdoria,1662.94750977
1986-04-27,Sampdoria,1662.94750977
1986-04-28,Sampdoria,1660.73132324
1986-04-30,Sampdoria,1660.73132324
1986-05-03,Sampdoria,1660.73132324
1986-05-04,Sampdoria,1660.73132324
1986-05-05,Sampdoria,1660.73132324
1986-05-11,Sampdoria,1660.73132324
1986-05-12,Sampdoria,1660.73132324
1986-05-26,Sampdoria,1660.73132324
1986-06-01,Sampdoria,1660.73132324
1986-07-10,Sampdoria,1660.73132324
1986-07-13,Sampdoria,1660.73132324
1986-07-21,Sampdoria,1660.73132324
1986-07-22,Sampdoria,1660.73132324
1986-08-10,Sampdoria,1660.73132324
1986-08-14,Sampdoria,1660.73132324
1986-08-17,Sampdoria,1660.73132324
1986-08-20,Sampdoria,1660.73132324
1986-08-27,Sampdoria,1660.73132324
1986-09-03,Sampdoria,1660.73132324
1986-09-04,Sampdoria,1660.73132324
1986-09-07,Sampdoria,1660.73132324
1986-09-14,Sampdoria,1660.73132324
1986-09-15,Sampdoria,1665.37268066
1986-09-18,Sampdoria,1679.37145996
1986-09-21,Sampdoria,1679.37145996
1986-09-22,Sampdoria,1672.38818359
1986-09-28,Sampdoria,1672.38818359
1986-09-29,Sampdoria,1660.03515625
1986-10-02,Sampdoria,1649.8614502
1986-10-03,Sampdoria,1646.74060059
1986-10-05,Sampdoria,1646.74060059
1986-10-06,Sampdoria,1650.66296387
1986-10-09,Sampdoria,1650.66296387
1986-10-12,Sampdoria,1650.66296387
1986-10-13,Sampdoria,1641.22790527
1986-10-20,Sampdoria,1637.78039551
1986-10-23,Sampdoria,1639.96643066
1986-10-27,Sampdoria,1645.07763672
1986-11-02,Sampdoria,1645.07763672
1986-11-03,Sampdoria,1652.60644531
1986-11-06,Sampdoria,1656.52172852
1986-11-08,Sampdoria,1656.52172852
1986-11-09,Sampdoria,1656.52172852
1986-11-10,Sampdoria,1656.52172852
1986-11-16,Sampdoria,1656.52172852
1986-11-17,Sampdoria,1656.52172852
1986-11-21,Sampdoria,1667.06054688
1986-11-23,Sampdoria,1667.06054688
1986-11-24,Sampdoria,1669.09960938
1986-11-26,Sampdoria,1669.09960938
1986-11-27,Sampdoria,1671.36096191
1986-11-29,Sampdoria,1671.36096191
1986-11-30,Sampdoria,1671.36096191
1986-12-01,Sampdoria,1674.50634766
1986-12-06,Sampdoria,1674.50634766
1986-12-08,Sampdoria,1674.50634766
1986-12-11,Sampdoria,1681.81762695
1986-12-12,Sampdoria,1681.32336426
1986-12-14,Sampdoria,1681.32336426
1986-12-15,Sampdoria,1672.06274414
1986-12-22,Sampdoria,1687.29736328
1987-01-02,Sampdoria,1687.29736328
1987-01-05,Sampdoria,1686.19543457
1987-01-12,Sampdoria,1679.76928711
1987-01-19,Sampdoria,1673.3425293
1987-01-25,Sampdoria,1673.3425293
1987-01-26,Sampdoria,1673.3425293
1987-02-01,Sampdoria,1673.3425293
1987-02-02,Sampdoria,1680.07128906
1987-02-08,Sampdoria,1680.07128906
1987-02-09,Sampdoria,1683.11303711
1987-02-11,Sampdoria,1683.11303711
1987-02-15,Sampdoria,1683.11303711
1987-02-22,Sampdoria,1683.11303711
1987-02-23,Sampdoria,1679.48852539
1987-03-01,Sampdoria,1679.48852539
1987-03-02,Sampdoria,1685.72021484
1987-03-05,Sampdoria,1683.92541504
1987-03-08,Sampdoria,1683.92541504
1987-03-09,Sampdoria,1693.55480957
1987-03-15,Sampdoria,1693.55480957
1987-03-16,Sampdoria,1693.13366699
1987-03-19,Sampdoria,1682.50463867
1987-03-21,Sampdoria,1682.50463867
1987-03-23,Sampdoria,1685.9798584
1987-03-25,Sampdoria,1685.9798584
1987-03-29,Sampdoria,1685.9798584
1987-03-30,Sampdoria,1703.91479492
1987-04-05,Sampdoria,1703.91479492
1987-04-06,Sampdoria,1697.43835449
1987-04-07,Sampdoria,1697.43835449
1987-04-08,Sampdoria,1697.43835449
1987-04-09,Sampdoria,1697.43835449
1987-04-12,Sampdoria,1697.43835449
1987-04-13,Sampdoria,1705.97937012
1987-04-15,Sampdoria,1705.97937012
1987-04-19,Sampdoria,1705.97937012
1987-04-21,Sampdoria,1705.97937012
1987-04-23,Sampdoria,1705.97937012
1987-04-25,Sampdoria,1705.97937012
1987-04-27,Sampdoria,1700.01733398
1987-05-01,Sampdoria,1700.01733398
1987-05-02,Sampdoria,1700.01733398
1987-05-04,Sampdoria,1696.75708008
1987-05-05,Sampdoria,1696.75708008
1987-05-06,Sampdoria,1696.75708008
1987-05-07,Sampdoria,1696.75708008
1987-05-09,Sampdoria,1696.75708008
1987-05-10,Sampdoria,1696.75708008
1987-05-11,Sampdoria,1719.54711914
1987-05-16,Sampdoria,1719.54711914
1987-05-17,Sampdoria,1719.54711914
1987-05-18,Sampdoria,1725.94018555
1987-05-24,Sampdoria,1716.78833008
1987-05-31,Sampdoria,1716.78833008
1987-06-07,Sampdoria,1716.78833008
1987-06-13,Sampdoria,1716.78833008
1987-06-18,Sampdoria,1716.78833008
1987-06-21,Sampdoria,1716.78833008
1987-07-22,Sampdoria,1716.78833008
1987-08-01,Sampdoria,1716.78833008
1987-08-02,Sampdoria,1716.78833008
1987-08-09,Sampdoria,1716.78833008
1987-08-16,Sampdoria,1716.78833008
1987-08-17,Sampdoria,1716.78833008
1987-08-19,Sampdoria,1716.78833008
1987-08-23,Sampdoria,1716.78833008
1987-08-25,Sampdoria,1716.78833008
1987-09-03,Sampdoria,1716.78833008
1987-09-06,Sampdoria,1716.78833008
1987-09-13,Sampdoria,1716.78833008
1987-09-14,Sampdoria,1719.60461426
1987-09-17,Sampdoria,1716.21240234
1987-09-20,Sampdoria,1716.21240234
1987-09-21,Sampdoria,1704.72595215
1987-09-27,Sampdoria,1704.72595215
1987-09-28,Sampdoria,1712.00427246
1987-09-30,Sampdoria,1712.00427246
1987-10-01,Sampdoria,1727.45825195
1987-10-04,Sampdoria,1727.45825195
1987-10-05,Sampdoria,1736.46801758
1987-10-12,Sampdoria,1732.42102051
1987-10-22,Sampdoria,1716.62194824
1987-10-26,Sampdoria,1715.28430176
1987-11-01,Sampdoria,1715.28430176
1987-11-02,Sampdoria,1718.40527344
1987-11-04,Sampdoria,1723.10986328
1987-11-05,Sampdoria,1723.33105469
1987-11-08,Sampdoria,1723.33105469
1987-11-09,Sampdoria,1731.78210449
1987-11-15,Sampdoria,1731.78210449
1987-11-22,Sampdoria,1731.78210449
1987-11-23,Sampdoria,1733.34338379
1987-11-26,Sampdoria,1730.8059082
1987-11-30,Sampdoria,1726.98022461
1987-12-06,Sampdoria,1726.98022461
1987-12-07,Sampdoria,1726.98022461
1987-12-10,Sampdoria,1726.5871582
1987-12-14,Sampdoria,1730.14550781
1987-12-20,Sampdoria,1730.14550781
1987-12-21,Sampdoria,1734.75061035
1988-01-02,Sampdoria,1734.75061035
1988-01-04,Sampdoria,1730.07678223
1988-01-11,Sampdoria,1737.56396484
1988-01-17,Sampdoria,1737.56396484
1988-01-18,Sampdoria,1727.1550293
1988-01-24,Sampdoria,1727.1550293
1988-01-25,Sampdoria,1725.46496582
1988-02-01,Sampdoria,1719.86877441
1988-02-07,Sampdoria,1719.86877441
1988-02-08,Sampdoria,1711.74133301
1988-02-14,Sampdoria,1711.74133301
1988-02-15,Sampdoria,1716.3795166
1988-02-21,Sampdoria,1716.3795166
1988-02-29,Sampdoria,1712.33361816
1988-03-02,Sampdoria,1716.6036377
1988-03-03,Sampdoria,1713.14660645
1988-03-06,Sampdoria,1713.14660645
1988-03-07,Sampdoria,1715.26074219
1988-03-09,Sampdoria,1715.26074219
1988-03-10,Sampdoria,1715.26074219
1988-03-14,Sampdoria,1701.85705566
1988-03-16,Sampdoria,1705.25402832
1988-03-17,Sampdoria,1705.82543945
1988-03-20,Sampdoria,1705.82543945
1988-03-21,Sampdoria,1709.9543457
1988-03-27,Sampdoria,1709.9543457
1988-03-28,Sampdoria,1713.34448242
1988-04-03,Sampdoria,1713.34448242
1988-04-05,Sampdoria,1713.34448242
1988-04-07,Sampdoria,1713.63012695
1988-04-11,Sampdoria,1731.42993164
1988-04-16,Sampdoria,1731.42993164
1988-04-17,Sampdoria,1731.42993164
1988-04-18,Sampdoria,1731.02026367
1988-04-21,Sampdoria,1725.79345703
1988-04-24,Sampdoria,1725.79345703
1988-04-25,Sampdoria,1722.30847168
1988-05-02,Sampdoria,1714.60070801
1988-05-03,Sampdoria,1714.60070801
1988-05-09,Sampdoria,1707.69116211
1988-05-11,Sampdoria,1707.69116211
1988-05-15,Sampdoria,1707.69116211
1988-05-16,Sampdoria,1720.7911377
1988-05-19,Sampdoria,1720.7911377
1988-06-03,Sampdoria,1720.7911377
1988-06-11,Sampdoria,1720.7911377
1988-06-14,Sampdoria,1720.7911377
1988-07-05,Sampdoria,1720.7911377
1988-08-02,Sampdoria,1720.7911377
1988-08-28,Sampdoria,1720.7911377
1988-09-07,Sampdoria,1720.7911377
1988-09-08,Sampdoria,1711.38598633
1988-09-11,Sampdoria,1711.38598633
1988-09-12,Sampdoria,1711.38598633
1988-09-14,Sampdoria,1711.38598633
1988-09-18,Sampdoria,1711.38598633
1988-09-19,Sampdoria,1711.38598633
1988-09-22,Sampdoria,1711.38598633
1988-09-25,Sampdoria,1711.38598633
1988-09-26,Sampdoria,1711.38598633
1988-10-02,Sampdoria,1711.38598633
1988-10-06,Sampdoria,1714.81652832
1988-10-07,Sampdoria,1723.50720215
1988-10-09,Sampdoria,1723.50720215
1988-10-10,Sampdoria,1733.34008789
1988-10-12,Sampdoria,1747.44726562
1988-10-17,Sampdoria,1751.09436035
1988-10-23,Sampdoria,1751.09436035
1988-10-24,Sampdoria,1749.36938477
1988-10-27,Sampdoria,1755.64282227
1988-10-31,Sampdoria,1757.86108398
1988-11-02,Sampdoria,1757.86108398
1988-11-06,Sampdoria,1757.86108398
1988-11-07,Sampdoria,1752.6184082
1988-11-10,Sampdoria,1761.9864502
1988-11-11,Sampdoria,1762.57458496
1988-11-13,Sampdoria,1762.57458496
1988-11-14,Sampdoria,1762.57458496
1988-11-21,Sampdoria,1766.23022461
1988-11-24,Sampdoria,1779.91967773
1988-11-27,Sampdoria,1779.91967773
1988-11-28,Sampdoria,1792.39550781
1988-12-05,Sampdoria,1774.82189941
1988-12-08,Sampdoria,1752.31286621
1988-12-12,Sampdoria,1756.06445312
1988-12-19,Sampdoria,1760.40063477
1988-12-27,Sampdoria,1760.40063477
1989-01-01,Sampdoria,1764.1282959
1989-01-08,Sampdoria,1764.1282959
1989-01-09,Sampdoria,1758.2088623
1989-01-16,Sampdoria,1764.17468262
1989-01-23,Sampdoria,1762.46325684
1989-01-30,Sampdoria,1761.33093262
1989-02-05,Sampdoria,1761.33093262
1989-02-06,Sampdoria,1763.65527344
1989-02-13,Sampdoria,1761.30200195
1989-02-20,Sampdoria,1767.21228027
1989-02-27,Sampdoria,1776.67504883
1989-03-02,Sampdoria,1788.59973145
1989-03-05,Sampdoria,1788.59973145
1989-03-06,Sampdoria,1791.33117676
1989-03-13,Sampdoria,1788.33984375
1989-03-16,Sampdoria,1792.76977539
1989-03-20,Sampdoria,1782.60095215
1989-04-02,Sampdoria,1782.60095215
1989-04-03,Sampdoria,1780.80688477
1989-04-06,Sampdoria,1787.67224121
1989-04-09,Sampdoria,1787.67224121
1989-04-10,Sampdoria,1774.22558594
1989-04-17,Sampdoria,1766.21130371
1989-04-20,Sampdoria,1808.74829102
1989-05-01,Sampdoria,1797.07055664
1989-05-04,Sampdoria,1796.14331055
1989-05-08,Sampdoria,1786.74389648
1989-05-11,Sampdoria,1771.10864258
1989-05-15,Sampdoria,1770.94763184
1989-05-16,Sampdoria,1770.94763184
1989-05-18,Sampdoria,1774.36987305
1989-05-21,Sampdoria,1774.36987305
1989-05-22,Sampdoria,1767.11804199
1989-05-25,Sampdoria,1774.61462402
1989-05-26,Sampdoria,1774.61462402
1989-05-29,Sampdoria,1779.05078125
1989-06-05,Sampdoria,1784.79602051
1989-06-12,Sampdoria,1787.99438477
1989-06-19,Sampdoria,1778.4876709
1989-06-21,Sampdoria,1778.4876709
1989-06-26,Sampdoria,1782.21032715
1989-07-30,Sampdoria,1782.21032715
1989-08-21,Sampdoria,1782.21032715
1989-08-28,Sampdoria,1792.98522949
1989-09-02,Sampdoria,1792.98522949
1989-09-04,Sampdoria,1785.94091797
1989-09-07,Sampdoria,1777.63085938
1989-09-11,Sampdoria,1789.02575684
1989-09-13,Sampdoria,1790.2220459
1989-09-14,Sampdoria,1786.90197754
1989-09-15,Sampdoria,1787.1138916
1989-09-17,Sampdoria,1787.1138916
1989-09-18,Sampdoria,1784.88549805
1989-09-24,Sampdoria,1784.88549805
1989-09-25,Sampdoria,1787.90917969
1989-09-27,Sampdoria,1787.90136719
1989-09-28,Sampdoria,1772.89367676
1989-10-02,Sampdoria,1779.8314209
1989-10-09,Sampdoria,1782.14941406
1989-10-15,Sampdoria,1782.14941406
1989-10-18,Sampdoria,1790.2265625
1989-10-19,Sampdoria,1793.36938477
1989-10-22,Sampdoria,1793.36938477
1989-10-23,Sampdoria,1781.70166016
1989-10-30,Sampdoria,1777.0345459
1989-11-01,Sampdoria,1777.0345459
1989-11-02,Sampdoria,1794.08508301
1989-11-05,Sampdoria,1794.08508301
1989-11-06,Sampdoria,1799.67138672
1989-11-12,Sampdoria,1799.67138672
1989-11-19,Sampdoria,1799.67138672
1989-11-20,Sampdoria,1804.78027344
1989-11-23,Sampdoria,1797.72399902
1989-11-27,Sampdoria,1802.421875
1989-11-30,Sampdoria,1802.421875
1989-12-03,Sampdoria,1802.421875
1989-12-04,Sampdoria,1801.48718262
1989-12-07,Sampdoria,1800.94616699
1989-12-11,Sampdoria,1800.49169922
1989-12-17,Sampdoria,1800.49169922
1989-12-18,Sampdoria,1806.73974609
1989-12-31,Sampdoria,1799.00646973
1990-01-08,Sampdoria,1803.22839355
1990-01-15,Sampdoria,1813.11755371
1990-01-18,Sampdoria,1815.97399902
1990-01-22,Sampdoria,1809.40344238
1990-01-29,Sampdoria,1811.69238281
1990-02-05,Sampdoria,1811.89562988
1990-02-12,Sampdoria,1804.65075684
1990-02-18,Sampdoria,1804.65075684
1990-02-19,Sampdoria,1793.91711426
1990-02-26,Sampdoria,1799.46325684
1990-03-03,Sampdoria,1799.46325684
1990-03-04,Sampdoria,1799.46325684
1990-03-05,Sampdoria,1796.5135498
1990-03-07,Sampdoria,1796.5135498
1990-03-08,Sampdoria,1806.12780762
1990-03-11,Sampdoria,1806.12780762
1990-03-12,Sampdoria,1807.12219238
1990-03-17,Sampdoria,1807.12219238
1990-03-19,Sampdoria,1812.85058594
1990-03-22,Sampdoria,1817.22045898
1990-03-23,Sampdoria,1819.6003418
1990-03-26,Sampdoria,1810.42919922
1990-04-04,Sampdoria,1820.31311035
1990-04-05,Sampdoria,1820.79321289
1990-04-09,Sampdoria,1822.93164062
1990-04-15,Sampdoria,1819.76391602
1990-04-18,Sampdoria,1821.01672363
1990-04-19,Sampdoria,1833.32751465
1990-04-23,Sampdoria,1826.31481934
1990-04-30,Sampdoria,1835.48266602
1990-05-10,Sampdoria,1850.68029785
1990-05-24,Sampdoria,1852.53930664
1990-09-10,Sampdoria,1854.8380127
1990-09-17,Sampdoria,1853.99279785
1990-09-20,Sampdoria,1849.37109375
1990-09-24,Sampdoria,1851.88000488
1990-10-01,Sampdoria,1855.43139648
1990-10-04,Sampdoria,1879.97973633
1990-10-08,Sampdoria,1877.13635254
1990-10-14,Sampdoria,1877.13635254
1990-10-22,Sampdoria,1882.02905273
1990-10-25,Sampdoria,1874.58898926
1990-10-28,Sampdoria,1874.58898926
1990-10-29,Sampdoria,1887.81506348
1990-11-08,Sampdoria,1907.10180664
1990-11-12,Sampdoria,1909.89648438
1990-11-19,Sampdoria,1927.30200195
1990-11-26,Sampdoria,1911.43884277
1990-11-29,Sampdoria,1911.30004883
1990-12-03,Sampdoria,1906.25219727
1990-12-13,Sampdoria,1913.79455566
1990-12-17,Sampdoria,1911.59472656
1990-12-31,Sampdoria,1919.54467773
1991-01-07,Sampdoria,1904.85852051
1991-01-14,Sampdoria,1894.24755859
1991-01-21,Sampdoria,1887.64331055
1991-01-24,Sampdoria,1891.35009766
1991-01-28,Sampdoria,1896.33508301
1991-02-04,Sampdoria,1899.13684082
1991-02-11,Sampdoria,1910.16503906
1991-02-18,Sampdoria,1915.24597168
1991-02-24,Sampdoria,1915.24597168
1991-02-25,Sampdoria,1917.50256348
1991-03-04,Sampdoria,1915.890625
1991-03-07,Sampdoria,1911.04919434
1991-03-11,Sampdoria,1920.00817871
1991-03-18,Sampdoria,1928.63232422
1991-03-21,Sampdoria,1891.24401855
1991-03-25,Sampdoria,1898.05725098
1991-03-31,Sampdoria,1897.59692383
1991-04-02,Sampdoria,1897.59692383
1991-04-08,Sampdoria,1889.61193848
1991-04-11,Sampdoria,1887.78808594
1991-04-14,Sampdoria,1887.78808594
1991-04-15,Sampdoria,1896.91943359
1991-04-22,Sampdoria,1898.89160156
1991-04-24,Sampdoria,1898.89160156
1991-04-25,Sampdoria,1899.88244629
1991-05-06,Sampdoria,1916.12609863
1991-05-13,Sampdoria,1915.49291992
1991-05-16,Sampdoria,1915.49291992
1991-05-20,Sampdoria,1917.87609863
1991-05-27,Sampdoria,1915.98193359
1991-08-18,Sampdoria,1915.98193359
1991-09-02,Sampdoria,1904.55493164
1991-09-09,Sampdoria,1906.58850098
1991-09-16,Sampdoria,1903.88452148
1991-09-19,Sampdoria,1905.42272949
1991-09-20,Sampdoria,1904.07592773
1991-09-23,Sampdoria,1914.8067627
1991-09-30,Sampdoria,1916.92089844
1991-10-02,Sampdoria,1915.85705566
1991-10-03,Sampdoria,1900.42358398
1991-10-04,Sampdoria,1904.47619629
1991-10-07,Sampdoria,1894.43029785
1991-10-21,Sampdoria,1873.92199707
1991-10-24,Sampdoria,1872.31750488
1991-10-25,Sampdoria,1873.44055176
1991-10-28,Sampdoria,1874.47180176
1991-11-04,Sampdoria,1867.95458984
1991-11-07,Sampdoria,1874.17834473
1991-11-18,Sampdoria,1861.00134277
1991-11-25,Sampdoria,1851.21459961
1991-11-28,Sampdoria,1860.27783203
1991-12-02,Sampdoria,1855.41345215
1991-12-09,Sampdoria,1853.83374023
1991-12-12,Sampdoria,1851.48144531
1991-12-13,Sampdoria,1851.48144531
1991-12-16,Sampdoria,1857.22302246
1991-12-22,Sampdoria,1857.22302246
1991-12-27,Sampdoria,1857.22302246
1992-01-06,Sampdoria,1865.56506348
1992-01-13,Sampdoria,1868.94274902
1992-01-20,Sampdoria,1873.5291748
1992-01-27,Sampdoria,1866.10534668
1992-01-30,Sampdoria,1866.10534668
1992-02-02,Sampdoria,1866.10534668
1992-02-03,Sampdoria,1863.35852051
1992-02-10,Sampdoria,1856.0267334
1992-02-17,Sampdoria,1858.68334961
1992-02-24,Sampdoria,1862.73828125
1992-03-02,Sampdoria,1868.12414551
1992-03-05,Sampdoria,1862.73217773
1992-03-09,Sampdoria,1863.18774414
1992-03-16,Sampdoria,1858.34069824
1992-03-19,Sampdoria,1864.82775879
1992-03-20,Sampdoria,1865.00195312
1992-03-30,Sampdoria,1861.3067627
1992-04-02,Sampdoria,1877.49377441
1992-04-06,Sampdoria,1870.49157715
1992-04-13,Sampdoria,1865.22583008
1992-04-16,Sampdoria,1859.09667969
1992-04-19,Sampdoria,1861.93017578
1992-04-27,Sampdoria,1855.6126709
1992-04-30,Sampdoria,1852.54992676
1992-05-04,Sampdoria,1856.42285156
1992-05-11,Sampdoria,1861.07568359
1992-05-14,Sampdoria,1860.73669434
1992-05-18,Sampdoria,1868.640625
1992-05-21,Sampdoria,1855.45666504
1992-05-25,Sampdoria,1847.89257812
1992-06-01,Sampdoria,1847.89257812
1992-09-07,Sampdoria,1842.52539062
1992-09-14,Sampdoria,1847.06079102
1992-09-17,Sampdoria,1853.48950195
1992-09-20,Sampdoria,1853.48950195
1992-09-21,Sampdoria,1858.68518066
1992-09-30,Sampdoria,1858.69262695
1992-10-01,Sampdoria,1859.76513672
1992-10-02,Sampdoria,1860.20812988
1992-10-05,Sampdoria,1863.31713867
1992-10-19,Sampdoria,1867.20385742
1992-10-21,Sampdoria,1868.4152832
1992-10-22,Sampdoria,1859.20007324
1992-10-23,Sampdoria,1853.02319336
1992-10-26,Sampdoria,1837.70153809
1992-11-02,Sampdoria,1843.38256836
1992-11-04,Sampdoria,1843.30895996
1992-11-05,Sampdoria,1848.07373047
1992-11-06,Sampdoria,1845.50756836
1992-11-09,Sampdoria,1847.79858398
1992-11-23,Sampdoria,1853.33532715
1992-11-26,Sampdoria,1855.69543457
1992-11-30,Sampdoria,1847.75
1992-12-06,Sampdoria,1847.75
1992-12-07,Sampdoria,1834.36120605
1992-12-10,Sampdoria,1837.59265137
1992-12-11,Sampdoria,1838.81237793
1992-12-14,Sampdoria,1835.39135742
1992-12-24,Sampdoria,1829.30737305
1993-01-04,Sampdoria,1823.6628418
1993-01-11,Sampdoria,1821.28295898
1993-01-18,Sampdoria,1823.7869873
1993-01-25,Sampdoria,1826.3145752
1993-02-01,Sampdoria,1819.92871094
1993-02-08,Sampdoria,1822.44030762
1993-02-14,Sampdoria,1822.44030762
1993-02-15,Sampdoria,1826.11499023
1993-03-01,Sampdoria,1822.37475586
1993-03-03,Sampdoria,1823.03686523
1993-03-04,Sampdoria,1826.69250488
1993-03-05,Sampdoria,1825.56994629
1993-03-08,Sampdoria,1814.33642578
1993-03-15,Sampdoria,1828.30432129
1993-03-17,Sampdoria,1833.3104248
1993-03-18,Sampdoria,1838.12097168
1993-03-19,Sampdoria,1832.02111816
1993-03-22,Sampdoria,1836.76403809
1993-03-29,Sampdoria,1836.54638672
1993-04-03,Sampdoria,1836.54638672
1993-04-05,Sampdoria,1821.25354004
1993-04-07,Sampdoria,1824.38146973
1993-04-08,Sampdoria,1825.35009766
1993-04-11,Sampdoria,1828.46252441
1993-04-15,Sampdoria,1828.46252441
1993-04-18,Sampdoria,1834.01416016
1993-04-22,Sampdoria,1834.51184082
1993-04-23,Sampdoria,1836.7355957
1993-04-26,Sampdoria,1846.65124512
1993-05-06,Sampdoria,1850.44567871
1993-05-10,Sampdoria,1842.52587891
1993-05-13,Sampdoria,1844.5411377
1993-05-17,Sampdoria,1837.00695801
1993-05-20,Sampdoria,1837.48022461
1993-05-24,Sampdoria,1842.13537598
1993-05-27,Sampdoria,1837.44372559
1993-05-31,Sampdoria,1833.34106445
1993-06-07,Sampdoria,1821.10229492
1993-06-14,Sampdoria,1821.10229492
1993-08-30,Sampdoria,1831.09130859
1993-09-06,Sampdoria,1833.24768066
1993-09-09,Sampdoria,1826.65588379
1993-09-13,Sampdoria,1828.68896484
1993-09-15,Sampdoria,1828.77636719
1993-09-16,Sampdoria,1829.47216797
1993-09-17,Sampdoria,1828.3182373
1993-09-20,Sampdoria,1839.24731445
1993-09-25,Sampdoria,1839.24731445
1993-09-27,Sampdoria,1837.26037598
1993-09-29,Sampdoria,1837.33178711
1993-09-30,Sampdoria,1840.09985352
1993-10-03,Sampdoria,1840.09985352
1993-10-04,Sampdoria,1855.87390137
1993-10-18,Sampdoria,1843.23266602
1993-10-20,Sampdoria,1843.23266602
1993-10-21,Sampdoria,1843.21203613
1993-10-25,Sampdoria,1853.32495117
1993-11-01,Sampdoria,1861.84008789
1993-11-03,Sampdoria,1861.89086914
1993-11-04,Sampdoria,1859.48266602
1993-11-05,Sampdoria,1851.70617676
1993-11-08,Sampdoria,1839.17492676
1993-11-11,Sampdoria,1839.17492676
1993-11-22,Sampdoria,1847.1307373
1993-11-25,Sampdoria,1850.81958008
1993-11-26,Sampdoria,1853.35827637
1993-11-29,Sampdoria,1857.65600586
1993-12-02,Sampdoria,1859.00268555
1993-12-06,Sampdoria,1858.42675781
1993-12-09,Sampdoria,1859.17956543
1993-12-13,Sampdoria,1850.72912598
1993-12-20,Sampdoria,1852.98925781
1994-01-03,Sampdoria,1854.97766113
1994-01-10,Sampdoria,1862.50170898
1994-01-17,Sampdoria,1852.25793457
1994-01-24,Sampdoria,1850.06518555
1994-01-31,Sampdoria,1857.97973633
1994-02-07,Sampdoria,1863.37658691
1994-02-14,Sampdoria,1858.38146973
1994-02-21,Sampdoria,1861.92956543
1994-02-28,Sampdoria,1870.60571289
1994-03-02,Sampdoria,1874.0657959
1994-03-03,Sampdoria,1872.92297363
1994-03-04,Sampdoria,1873.9642334
1994-03-07,Sampdoria,1877.82263184
1994-03-14,Sampdoria,1874.84936523
1994-03-16,Sampdoria,1871.4654541
1994-03-17,Sampdoria,1873.20678711
1994-03-18,Sampdoria,1871.86767578
1994-03-21,Sampdoria,1872.89587402
1994-03-28,Sampdoria,1880.45324707
1994-03-30,Sampdoria,1879.65539551
1994-03-31,Sampdoria,1876.6048584
1994-04-05,Sampdoria,1875.59350586
1994-04-11,Sampdoria,1869.64440918
1994-04-14,Sampdoria,1872.58630371
1994-04-18,Sampdoria,1878.71313477
1994-04-25,Sampdoria,1877.33642578
1994-04-27,Sampdoria,1879.95336914
1994-04-28,Sampdoria,1880.79980469
1994-05-02,Sampdoria,1869.06811523
1994-05-05,Sampdoria,1865.33288574
1994-05-12,Sampdoria,1865.97277832
1994-05-19,Sampdoria,1870.47607422
1994-09-05,Sampdoria,1874.14794922
1994-09-12,Sampdoria,1884.56066895
1994-09-14,Sampdoria,1882.05847168
1994-09-15,Sampdoria,1876.4173584
1994-09-16,Sampdoria,1875.93774414
1994-09-19,Sampdoria,1870.44177246
1994-09-26,Sampdoria,1866.02429199
1994-09-28,Sampdoria,1869.54211426
1994-09-29,Sampdoria,1870.25170898
1994-09-30,Sampdoria,1868.11962891
1994-10-03,Sampdoria,1862.015625
1994-10-16,Sampdoria,1869.92858887
1994-10-19,Sampdoria,1871.5513916
1994-10-20,Sampdoria,1870.30090332
1994-10-21,Sampdoria,1873.27844238
1994-10-24,Sampdoria,1877.6105957
1994-10-31,Sampdoria,1872.37194824
1994-11-02,Sampdoria,1873.44824219
1994-11-03,Sampdoria,1873.87280273
1994-11-04,Sampdoria,1873.5625
1994-11-07,Sampdoria,1864.14562988
1994-11-20,Sampdoria,1864.14562988
1994-11-21,Sampdoria,1858.66320801
1994-11-23,Sampdoria,1857.4654541
1994-11-24,Sampdoria,1849.93017578
1994-11-25,Sampdoria,1849.5390625
1994-11-28,Sampdoria,1850.46166992
1994-12-03,Sampdoria,1844.765625
1994-12-05,Sampdoria,1847.72705078
1994-12-07,Sampdoria,1850.9440918
1994-12-08,Sampdoria,1853.82128906
1994-12-12,Sampdoria,1850.20446777
1994-12-19,Sampdoria,1858.65368652
1995-01-09,Sampdoria,1865.9354248
1995-01-16,Sampdoria,1855.28222656
1995-01-23,Sampdoria,1848.43945312
1995-01-30,Sampdoria,1857.36157227
1995-02-13,Sampdoria,1859.68017578
1995-02-20,Sampdoria,1859.45019531
1995-02-27,Sampdoria,1850.32336426
1995-03-02,Sampdoria,1853.07751465
1995-03-03,Sampdoria,1839.16821289
1995-03-06,Sampdoria,1848.28625488
1995-03-12,Sampdoria,1848.28625488
1995-03-13,Sampdoria,1843.6730957
1995-03-15,Sampdoria,1844.35974121
1995-03-16,Sampdoria,1845.39892578
1995-03-17,Sampdoria,1858.03356934
1995-03-19,Sampdoria,1858.03356934
1995-03-20,Sampdoria,1840.93188477
1995-04-03,Sampdoria,1831.14025879
1995-04-05,Sampdoria,1830.39929199
1995-04-06,Sampdoria,1833.02722168
1995-04-07,Sampdoria,1830.34118652
1995-04-10,Sampdoria,1833.62109375
1995-04-15,Sampdoria,1835.49645996
1995-04-19,Sampdoria,1843.05175781
1995-04-20,Sampdoria,1844.38879395
1995-04-21,Sampdoria,1839.34326172
1995-04-24,Sampdoria,1834.86413574
1995-05-01,Sampdoria,1826.97314453
1995-05-08,Sampdoria,1828.51452637
1995-05-15,Sampdoria,1843.0970459
1995-05-22,Sampdoria,1838.64453125
1995-05-25,Sampdoria,1834.97888184
1995-05-29,Sampdoria,1831.43859863
1995-06-05,Sampdoria,1839.39575195
1995-08-28,Sampdoria,1836.9732666
1995-09-11,Sampdoria,1837.27124023
1995-09-13,Sampdoria,1837.58630371
1995-09-14,Sampdoria,1841.76574707
1995-09-15,Sampdoria,1841.78173828
1995-09-18,Sampdoria,1853.5534668
1995-09-25,Sampdoria,1854.11975098
1995-09-27,Sampdoria,1845.75109863
1995-09-28,Sampdoria,1846.52685547
1995-09-29,Sampdoria,1846.53015137
1995-10-02,Sampdoria,1833.98986816
1995-10-16,Sampdoria,1824.97265625
1995-10-18,Sampdoria,1824.9510498
1995-10-19,Sampdoria,1825.35961914
1995-10-20,Sampdoria,1818.84985352
1995-10-23,Sampdoria,1822.99438477
1995-10-30,Sampdoria,1821.23815918
1995-11-01,Sampdoria,1809.46008301
1995-11-02,Sampdoria,1811.79260254
1995-11-03,Sampdoria,1818.46984863
1995-11-06,Sampdoria,1814.4744873
1995-11-20,Sampdoria,1806.82434082
1995-11-22,Sampdoria,1805.39343262
1995-11-23,Sampdoria,1800.61633301
1995-11-24,Sampdoria,1801.99133301
1995-11-27,Sampdoria,1805.890625
1995-12-04,Sampdoria,1816.27233887
1995-12-06,Sampdoria,1818.72753906
1995-12-07,Sampdoria,1817.41430664
1995-12-08,Sampdoria,1817.70214844
1995-12-11,Sampdoria,1828.265625
1995-12-18,Sampdoria,1819.34655762
1995-12-24,Sampdoria,1815.07287598
1996-01-08,Sampdoria,1809.56188965
1996-01-11,Sampdoria,1809.56188965
1996-01-15,Sampdoria,1804.13024902
1996-01-22,Sampdoria,1798.39916992
1996-01-29,Sampdoria,1802.74194336
1996-02-05,Sampdoria,1799.34216309
1996-02-08,Sampdoria,1799.34216309
1996-02-12,Sampdoria,1802.81054688
1996-02-18,Sampdoria,1802.81054688
1996-02-19,Sampdoria,1792.00476074
1996-02-26,Sampdoria,1797.01330566
1996-03-03,Sampdoria,1797.01330566
1996-03-04,Sampdoria,1801.36132812
1996-03-06,Sampdoria,1795.72949219
1996-03-08,Sampdoria,1796.73144531
1996-03-10,Sampdoria,1796.73144531
1996-03-11,Sampdoria,1800.00146484
1996-03-20,Sampdoria,1790.77819824
1996-03-21,Sampdoria,1794.35693359
1996-03-22,Sampdoria,1788.10864258
1996-03-25,Sampdoria,1774.52050781
1996-03-28,Sampdoria,1774.52050781
1996-03-31,Sampdoria,1774.52050781
1996-04-01,Sampdoria,1787.90405273
1996-04-02,Sampdoria,1787.90405273
1996-04-04,Sampdoria,1789.65197754
1996-04-05,Sampdoria,1789.65197754
1996-04-07,Sampdoria,1792.95324707
1996-04-11,Sampdoria,1809.50744629
1996-04-15,Sampdoria,1832.52087402
1996-04-18,Sampdoria,1832.66308594
1996-04-21,Sampdoria,1832.66308594
1996-04-22,Sampdoria,1829.22949219
1996-04-28,Sampdoria,1829.22949219
1996-04-29,Sampdoria,1821.45837402
1996-05-01,Sampdoria,1821.45837402
1996-05-06,Sampdoria,1834.39233398
1996-05-13,Sampdoria,1834.96716309
1996-05-23,Sampdoria,1835.10290527
1996-09-09,Sampdoria,1824.80310059
1996-09-11,Sampdoria,1831.60876465
1996-09-12,Sampdoria,1827.31018066
1996-09-13,Sampdoria,1827.17736816
1996-09-16,Sampdoria,1833.8527832
1996-09-21,Sampdoria,1833.8527832
1996-09-22,Sampdoria,1833.8527832
1996-09-23,Sampdoria,1854.76940918
1996-09-25,Sampdoria,1846.24365234
1996-09-26,Sampdoria,1850.47802734
1996-09-27,Sampdoria,1850.74572754
1996-09-30,Sampdoria,1836.58654785
1996-10-13,Sampdoria,1836.58654785
1996-10-14,Sampdoria,1826.93139648
1996-10-16,Sampdoria,1820.40966797
1996-10-17,Sampdoria,1815.47619629
1996-10-18,Sampdoria,1815.30993652
1996-10-21,Sampdoria,1818.15332031
1996-10-27,Sampdoria,1818.15332031
1996-10-28,Sampdoria,1815.59545898
1996-10-30,Sampdoria,1804.05163574
1996-10-31,Sampdoria,1806.83642578
1996-11-01,Sampdoria,1808.7388916
1996-11-03,Sampdoria,1808.7388916
1996-11-04,Sampdoria,1813.06164551
1996-11-07,Sampdoria,1813.06164551
1996-11-18,Sampdoria,1808.76855469
1996-11-20,Sampdoria,1811.30334473
1996-11-21,Sampdoria,1812.78881836
1996-11-25,Sampdoria,1815.81689453
1996-11-29,Sampdoria,1818.70178223
1996-12-02,Sampdoria,1815.17077637
1996-12-04,Sampdoria,1815.85217285
1996-12-05,Sampdoria,1810.6739502
1996-12-08,Sampdoria,1810.6739502
1996-12-09,Sampdoria,1801.81359863
1996-12-16,Sampdoria,1813.09204102
1996-12-23,Sampdoria,1816.8314209
1997-01-06,Sampdoria,1824.20068359
1997-01-13,Sampdoria,1828.47802734
1997-01-20,Sampdoria,1830.60766602
1997-01-27,Sampdoria,1833.11608887
1997-02-03,Sampdoria,1843.34643555
1997-02-10,Sampdoria,1843.34643555
1997-02-17,Sampdoria,1831.30725098
1997-02-24,Sampdoria,1831.34228516
1997-03-03,Sampdoria,1816.98925781
1997-03-05,Sampdoria,1817.56958008
1997-03-06,Sampdoria,1817.68591309
1997-03-07,Sampdoria,1822.45263672
1997-03-09,Sampdoria,1822.45263672
1997-03-10,Sampdoria,1807.01733398
1997-03-13,Sampdoria,1807.01733398
1997-03-15,Sampdoria,1807.01733398
1997-03-17,Sampdoria,1810.43444824
1997-03-19,Sampdoria,1811.19592285
1997-03-20,Sampdoria,1811.99133301
1997-03-21,Sampdoria,1810.16333008
1997-03-24,Sampdoria,1809.37963867
1997-04-06,Sampdoria,1809.37963867
1997-04-07,Sampdoria,1800.29248047
1997-04-09,Sampdoria,1804.13269043
1997-04-10,Sampdoria,1806.72058105
1997-04-11,Sampdoria,1808.84289551
1997-04-13,Sampdoria,1808.84289551
1997-04-14,Sampdoria,1814.10217285
1997-04-17,Sampdoria,1814.10217285
1997-04-20,Sampdoria,1814.10217285
1997-04-21,Sampdoria,1806.7532959
1997-04-23,Sampdoria,1807.83227539
1997-04-24,Sampdoria,1809.84802246
1997-04-25,Sampdoria,1802.7845459
1997-05-05,Sampdoria,1808.63525391
1997-05-08,Sampdoria,1806.78149414
1997-05-12,Sampdoria,1796.80578613
1997-05-15,Sampdoria,1796.80578613
1997-05-16,Sampdoria,1797.65917969
1997-05-19,Sampdoria,1806.7890625
1997-05-22,Sampdoria,1807.31604004
1997-05-25,Sampdoria,1807.31604004
1997-05-26,Sampdoria,1814.83239746
1997-05-29,Sampdoria,1809.20397949
1997-06-02,Sampdoria,1804.6628418
1997-08-09,Sampdoria,1804.6628418
1997-08-14,Sampdoria,1807.26147461
1997-08-23,Sampdoria,1807.26147461
1997-08-28,Sampdoria,1808.37695312
1997-09-01,Sampdoria,1812.23181152
1997-09-14,Sampdoria,1809.21179199
1997-09-17,Sampdoria,1790.42382812
1997-09-18,Sampdoria,1791.81115723
1997-09-19,Sampdoria,1793.97912598
1997-09-21,Sampdoria,1793.97912598
1997-09-22,Sampdoria,1805.37524414
1997-09-28,Sampdoria,1805.27587891
1997-10-01,Sampdoria,1793.00537109
1997-10-02,Sampdoria,1790.80993652
1997-10-03,Sampdoria,1791.46118164
1997-10-06,Sampdoria,1785.86083984
1997-10-16,Sampdoria,1785.86083984
1997-10-19,Sampdoria,1785.86083984
1997-10-20,Sampdoria,1789.96936035
1997-10-22,Sampdoria,1783.3795166
1997-10-23,Sampdoria,1785.61584473
1997-10-24,Sampdoria,1787.0657959
1997-11-02,Sampdoria,1787.0657959
1997-11-03,Sampdoria,1767.0637207
1997-11-05,Sampdoria,1774.89782715
1997-11-06,Sampdoria,1771.82080078
1997-11-07,Sampdoria,1771.86022949
1997-11-10,Sampdoria,1764.63110352
1997-11-23,Sampdoria,1764.63110352
1997-11-24,Sampdoria,1767.3684082
1997-11-26,Sampdoria,1765.00476074
1997-11-27,Sampdoria,1758.85656738
1997-11-28,Sampdoria,1756.3170166
1997-12-01,Sampdoria,1756.76672363
1997-12-07,Sampdoria,1757.02038574
1997-12-10,Sampdoria,1763.33178711
1997-12-11,Sampdoria,1763.90136719
1997-12-15,Sampdoria,1746.10852051
1997-12-22,Sampdoria,1751.52380371
1998-01-05,Sampdoria,1754.82641602
1998-01-12,Sampdoria,1768.22412109
1998-01-19,Sampdoria,1774.88037109
1998-01-25,Sampdoria,1774.88037109
1998-01-26,Sampdoria,1771.8873291
1998-02-01,Sampdoria,1771.8873291
1998-02-02,Sampdoria,1772.58544922
1998-02-09,Sampdoria,1775.27282715
1998-02-12,Sampdoria,1779.7265625
1998-02-14,Sampdoria,1779.7265625
1998-02-16,Sampdoria,1774.71887207
1998-02-23,Sampdoria,1758.40563965
1998-03-02,Sampdoria,1750.35046387
1998-03-04,Sampdoria,1752.17089844
1998-03-05,Sampdoria,1749.72729492
1998-03-06,Sampdoria,1753.9128418
1998-03-08,Sampdoria,1753.9128418
1998-03-09,Sampdoria,1748.83300781
1998-03-15,Sampdoria,1735.0078125
1998-03-16,Sampdoria,1735.0078125
1998-03-18,Sampdoria,1738.81140137
1998-03-19,Sampdoria,1743.79199219
1998-03-20,Sampdoria,1745.19360352
1998-03-22,Sampdoria,1745.19360352
1998-03-23,Sampdoria,1752.73449707
1998-03-29,Sampdoria,1752.73449707
1998-03-30,Sampdoria,1741.6739502
1998-03-31,Sampdoria,1743.22485352
1998-04-02,Sampdoria,1746.59887695
1998-04-03,Sampdoria,1747.66296387
1998-04-06,Sampdoria,1742.90783691
1998-04-10,Sampdoria,1742.90783691
1998-04-12,Sampdoria,1749.11230469
1998-04-13,Sampdoria,1749.11230469
1998-04-15,Sampdoria,1751.45202637
1998-04-16,Sampdoria,1751.34289551
1998-04-17,Sampdoria,1746.48413086
1998-04-19,Sampdoria,1746.48413086
1998-04-20,Sampdoria,1754.78198242
1998-04-27,Sampdoria,1763.79455566
1998-05-04,Sampdoria,1768.74047852
1998-05-11,Sampdoria,1762.01049805
1998-05-17,Sampdoria,1756.0871582
1998-05-21,Sampdoria,1751.66638184
1998-08-09,Sampdoria,1751.66638184
1998-08-13,Sampdoria,1751.7166748
1998-08-16,Sampdoria,1751.7166748
1998-08-27,Sampdoria,1751.73486328
1998-08-30,Sampdoria,1751.73486328
1998-08-31,Sampdoria,1751.73486328
1998-09-13,Sampdoria,1756.62463379
1998-09-16,Sampdoria,1756.22583008
1998-09-17,Sampdoria,1749.58691406
1998-09-18,Sampdoria,1747.54431152
1998-09-20,Sampdoria,1747.54431152
1998-09-21,Sampdoria,1741.99841309
1998-09-27,Sampdoria,1741.99841309
1998-09-28,Sampdoria,1724.71350098
1998-09-30,Sampdoria,1727.6652832
1998-10-01,Sampdoria,1727.74169922
1998-10-02,Sampdoria,1730.18847656
1998-10-04,Sampdoria,1730.18847656
1998-10-05,Sampdoria,1737.6940918
1998-10-19,Sampdoria,1726.55773926
1998-10-21,Sampdoria,1728.84851074
1998-10-22,Sampdoria,1729.3807373
1998-10-23,Sampdoria,1727.58605957
1998-10-25,Sampdoria,1727.58605957
1998-10-26,Sampdoria,1733.86999512
1998-11-01,Sampdoria,1733.86999512
1998-11-02,Sampdoria,1730.78125
1998-11-04,Sampdoria,1736.28918457
1998-11-05,Sampdoria,1733.42651367
1998-11-06,Sampdoria,1736.69946289
1998-11-08,Sampdoria,1736.69946289
1998-11-09,Sampdoria,1740.07995605
1998-11-12,Sampdoria,1740.07995605
1998-11-15,Sampdoria,1740.07995605
1998-11-16,Sampdoria,1735.19555664
1998-11-22,Sampdoria,1735.19555664
1998-11-23,Sampdoria,1730.51159668
1998-11-25,Sampdoria,1734.82080078
1998-11-26,Sampdoria,1736.90979004
1998-11-29,Sampdoria,1736.90979004
1998-11-30,Sampdoria,1736.00561523
1998-12-03,Sampdoria,1734.90148926
1998-12-06,Sampdoria,1723.79199219
1998-12-09,Sampdoria,1725.47314453
1998-12-10,Sampdoria,1729.84204102
1998-12-14,Sampdoria,1724.06555176
1998-12-21,Sampdoria,1722.70581055
1998-12-22,Sampdoria,1722.70581055
1998-12-27,Sampdoria,1722.70581055
1998-12-29,Sampdoria,1722.70581055
1999-01-04,Sampdoria,1722.70581055
1999-01-07,Sampdoria,1719.90454102
1999-01-11,Sampdoria,1719.37695312
1999-01-17,Sampdoria,1719.37695312
1999-01-18,Sampdoria,1711.62927246
1999-01-19,Sampdoria,1711.62927246
1999-01-25,Sampdoria,1711.24230957
1999-02-01,Sampdoria,1702.21875
1999-02-08,Sampdoria,1698.93505859
1999-02-15,Sampdoria,1694.65808105
1999-02-18,Sampdoria,1694.65808105
1999-02-21,Sampdoria,1694.65808105
1999-02-22,Sampdoria,1699.87927246
1999-02-28,Sampdoria,1699.87927246
1999-03-01,Sampdoria,1709.04968262
1999-03-03,Sampdoria,1712.64953613
1999-03-04,Sampdoria,1709.203125
1999-03-05,Sampdoria,1709.2755127
1999-03-08,Sampdoria,1702.46081543
1999-03-15,Sampdoria,1693.20751953
1999-03-17,Sampdoria,1693.41894531
1999-03-18,Sampdoria,1693.00878906
1999-03-19,Sampdoria,1693.01379395
1999-03-21,Sampdoria,1693.01379395
1999-03-22,Sampdoria,1710.8157959
1999-04-04,Sampdoria,1704.81640625
1999-04-07,Sampdoria,1709.1953125
1999-04-08,Sampdoria,1711.01184082
1999-04-09,Sampdoria,1711.13146973
1999-04-11,Sampdoria,1711.13146973
1999-04-12,Sampdoria,1715.63879395
1999-04-14,Sampdoria,1715.63879395
1999-04-15,Sampdoria,1715.63879395
1999-04-18,Sampdoria,1722.5369873
1999-04-21,Sampdoria,1718.66418457
1999-04-22,Sampdoria,1712.8659668
1999-04-23,Sampdoria,1713.20458984
1999-04-25,Sampdoria,1713.20458984
1999-04-26,Sampdoria,1706.29187012
1999-05-02,Sampdoria,1706.29187012
1999-05-03,Sampdoria,1703.67736816
1999-05-09,Sampdoria,1703.67736816
1999-05-10,Sampdoria,1711.51013184
1999-05-13,Sampdoria,1715.45300293
1999-05-15,Sampdoria,1715.45300293
1999-05-17,Sampdoria,1719.92749023
1999-05-20,Sampdoria,1721.85351562
1999-05-24,Sampdoria,1726.97119141
1999-05-25,Sampdoria,1726.97119141
1999-06-21,Sampdoria,1726.97119141
1999-07-02,Sampdoria,1726.97119141
1999-07-08,Sampdoria,1726.97119141
1999-08-09,Sampdoria,1726.97119141
1999-08-12,Sampdoria,1723.02050781
1999-08-15,Sampdoria,1723.02050781
1999-08-16,Sampdoria,1723.02050781
1999-08-23,Sampdoria,1723.02050781
1999-08-26,Sampdoria,1719.94970703
1999-08-28,Sampdoria,1719.94970703
1999-08-29,Sampdoria,1719.94970703
1999-08-30,Sampdoria,1724.93933105
1999-09-06,Sampdoria,1719.38842773
1999-09-12,Sampdoria,1719.38842773
1999-09-13,Sampdoria,1710.87536621
1999-09-15,Sampdoria,1710.24414062
1999-09-16,Sampdoria,1710.96228027
1999-09-17,Sampdoria,1713.04516602
1999-09-19,Sampdoria,1713.04516602
1999-09-20,Sampdoria,1715.22155762
1999-09-22,Sampdoria,1715.84960938
1999-09-23,Sampdoria,1714.80871582
1999-09-28,Sampdoria,1720.56628418
1999-09-29,Sampdoria,1718.32946777
1999-09-30,Sampdoria,1717.94995117
1999-10-01,Sampdoria,1718.95092773
1999-10-04,Sampdoria,1712.21496582
1999-10-11,Sampdoria,1717.05957031
1999-10-20,Sampdoria,1720.51855469
1999-10-21,Sampdoria,1717.75317383
1999-10-22,Sampdoria,1718.55334473
1999-10-23,Sampdoria,1717.48400879
1999-10-25,Sampdoria,1717.48400879
1999-10-27,Sampdoria,1715.82458496
1999-10-28,Sampdoria,1718.12646484
1999-11-01,Sampdoria,1711.45080566
1999-11-03,Sampdoria,1718.10437012
1999-11-04,Sampdoria,1714.61401367
1999-11-05,Sampdoria,1717.02685547
1999-11-15,Sampdoria,1710.68212891
1999-11-20,Sampdoria,1710.68212891
1999-11-22,Sampdoria,1710.68212891
1999-11-23,Sampdoria,1702.65869141
1999-11-24,Sampdoria,1700.64306641
1999-11-25,Sampdoria,1704.05517578
1999-11-26,Sampdoria,1706.80224609
1999-11-29,Sampdoria,1710.9786377
1999-12-02,Sampdoria,1710.9786377
1999-12-05,Sampdoria,1710.9786377
1999-12-06,Sampdoria,1705.40148926
1999-12-08,Sampdoria,1702.02709961
1999-12-09,Sampdoria,1702.53186035
1999-12-10,Sampdoria,1707.39575195
1999-12-11,Sampdoria,1707.39575195
1999-12-12,Sampdoria,1707.39575195
1999-12-13,Sampdoria,1710.43994141
1999-12-15,Sampdoria,1710.43994141
1999-12-18,Sampdoria,1710.43994141
1999-12-20,Sampdoria,1709.3704834
1999-12-22,Sampdoria,1709.3704834
1999-12-23,Sampdoria,1709.3704834
2000-01-06,Sampdoria,1709.3704834
2000-01-07,Sampdoria,1698.30004883
2000-01-10,Sampdoria,1690.70959473
2000-01-13,Sampdoria,1690.70959473
2000-01-16,Sampdoria,1690.70959473
2000-01-17,Sampdoria,1697.69665527
2000-01-24,Sampdoria,1699.91235352
2000-01-29,Sampdoria,1709.78259277
2000-02-02,Sampdoria,1709.78259277
2000-02-03,Sampdoria,1709.78259277
2000-02-06,Sampdoria,1709.78259277
2000-02-10,Sampdoria,1709.78259277
2000-02-12,Sampdoria,1709.78259277
2000-02-14,Sampdoria,1703.42175293
2000-02-15,Sampdoria,1703.42175293
2000-02-16,Sampdoria,1703.42175293
2000-02-19,Sampdoria,1703.42175293
2000-02-21,Sampdoria,1711.25927734
2000-02-26,Sampdoria,1714.85510254
2000-03-01,Sampdoria,1708.02734375
2000-03-02,Sampdoria,1709.95251465
2000-03-03,Sampdoria,1708.99389648
2000-03-06,Sampdoria,1715.7845459
2000-03-08,Sampdoria,1711.07995605
2000-03-09,Sampdoria,1710.22412109
2000-03-10,Sampdoria,1690.76708984
2000-03-12,Sampdoria,1690.76708984
2000-03-14,Sampdoria,1692.19580078
2000-03-15,Sampdoria,1693.53479004
2000-03-16,Sampdoria,1692.29882812
2000-03-20,Sampdoria,1692.29882812
2000-03-21,Sampdoria,1678.32543945
2000-03-22,Sampdoria,1676.6418457
2000-03-23,Sampdoria,1680.1706543
2000-03-26,Sampdoria,1680.1706543
2000-03-27,Sampdoria,1671.42578125
2000-04-02,Sampdoria,1671.42578125
2000-04-03,Sampdoria,1654.140625
2000-04-06,Sampdoria,1648.53942871
2000-04-07,Sampdoria,1648.53942871
2000-04-08,Sampdoria,1648.7232666
2000-04-09,Sampdoria,1648.7232666
2000-04-10,Sampdoria,1648.7232666
2000-04-13,Sampdoria,1648.7232666
2000-04-16,Sampdoria,1648.7232666
2000-04-17,Sampdoria,1648.7232666
2000-04-19,Sampdoria,1648.15820312
2000-04-20,Sampdoria,1648.15820312
2000-04-23,Sampdoria,1630.4666748
2000-04-24,Sampdoria,1630.4666748
2000-04-25,Sampdoria,1630.4666748
2000-04-30,Sampdoria,1630.4666748
2000-05-01,Sampdoria,1623.20300293
2000-05-08,Sampdoria,1631.31884766
2000-05-13,Sampdoria,1617.62426758
2000-05-22,Sampdoria,1621.02587891
2000-05-29,Sampdoria,1623.09802246
2000-06-05,Sampdoria,1629.36938477
2000-06-12,Sampdoria,1631.83679199
2000-07-17,Sampdoria,1631.83679199
2000-07-23,Sampdoria,1631.83679199
2000-07-30,Sampdoria,1631.83679199
2000-08-03,Sampdoria,1631.83679199
2000-08-05,Sampdoria,1631.83679199
2000-08-09,Sampdoria,1631.83679199
2000-08-10,Sampdoria,1631.40380859
2000-08-12,Sampdoria,1631.40380859
2000-08-13,Sampdoria,1631.40380859
2000-08-20,Sampdoria,1631.40380859
2000-08-23,Sampdoria,1633.49365234
2000-08-24,Sampdoria,1626.99621582
2000-09-04,Sampdoria,1630.3104248
2000-09-06,Sampdoria,1630.3104248
2000-09-07,Sampdoria,1630.3104248
2000-09-10,Sampdoria,1630.3104248
2000-09-11,Sampdoria,1630.3104248
2000-09-12,Sampdoria,1639.55810547
2000-09-13,Sampdoria,1642.23217773
2000-09-14,Sampdoria,1643.41589355
2000-09-15,Sampdoria,1642.53942871
2000-09-17,Sampdoria,1642.53942871
2000-09-18,Sampdoria,1642.53942871
2000-09-20,Sampdoria,1641.04064941
2000-09-21,Sampdoria,1637.01721191
2000-09-24,Sampdoria,1637.01721191
2000-09-25,Sampdoria,1637.01721191
2000-09-27,Sampdoria,1642.38891602
2000-09-28,Sampdoria,1638.42834473
2000-09-29,Sampdoria,1632.73266602
2000-10-01,Sampdoria,1632.73266602
2000-10-02,Sampdoria,1632.73266602
2000-10-03,Sampdoria,1626.81445312
2000-10-09,Sampdoria,1614.19604492
2000-10-18,Sampdoria,1612.88500977
2000-10-19,Sampdoria,1613.1451416
2000-10-23,Sampdoria,1612.50549316
2000-10-25,Sampdoria,1608.61083984
2000-10-26,Sampdoria,1609.38708496
2000-10-27,Sampdoria,1610.39526367
2000-10-30,Sampdoria,1615.80957031
2000-11-02,Sampdoria,1615.09033203
2000-11-08,Sampdoria,1623.56152344
2000-11-09,Sampdoria,1618.16381836
2000-11-10,Sampdoria,1610.74169922
2000-11-13,Sampdoria,1622.42919922
2000-11-20,Sampdoria,1617.63708496
2000-11-22,Sampdoria,1616.58654785
2000-11-23,Sampdoria,1613.89941406
2000-11-24,Sampdoria,1611.67602539
2000-11-28,Sampdoria,1610.27246094
2000-12-04,Sampdoria,1604.15270996
2000-12-06,Sampdoria,1604.97839355
2000-12-07,Sampdoria,1609.19470215
2000-12-08,Sampdoria,1614.68994141
2000-12-12,Sampdoria,1618.5670166
2000-12-19,Sampdoria,1621.47436523
2000-12-24,Sampdoria,1609.66748047
2001-01-15,Sampdoria,1622.80981445
2001-01-22,Sampdoria,1616.63293457
2001-01-29,Sampdoria,1618.22619629
2001-02-06,Sampdoria,1623.72607422
2001-02-12,Sampdoria,1610.53723145
2001-02-14,Sampdoria,1609.48364258
2001-02-15,Sampdoria,1607.2064209
2001-02-16,Sampdoria,1603.18811035
2001-02-19,Sampdoria,1608.04199219
2001-02-21,Sampdoria,1608.0045166
2001-02-22,Sampdoria,1607.69140625
2001-02-23,Sampdoria,1600.54016113
2001-02-26,Sampdoria,1608.72827148
2001-03-03,Sampdoria,1609.16796875
2001-03-07,Sampdoria,1610.00500488
2001-03-08,Sampdoria,1607.15625
2001-03-12,Sampdoria,1611.06164551
2001-03-14,Sampdoria,1611.23193359
2001-03-15,Sampdoria,1612.09008789
2001-03-19,Sampdoria,1613.74291992
2001-03-26,Sampdoria,1617.0871582
2001-04-03,Sampdoria,1605.49987793
2001-04-09,Sampdoria,1609.68017578
2001-04-15,Sampdoria,1611.50415039
2001-04-23,Sampdoria,1614.67126465
2001-05-01,Sampdoria,1613.20251465
2001-05-13,Sampdoria,1613.42236328
2001-05-21,Sampdoria,1623.0793457
2001-05-28,Sampdoria,1617.33251953
2001-06-04,Sampdoria,1620.0703125
2001-06-11,Sampdoria,1616.72131348
2001-08-09,Sampdoria,1609.82434082
2001-08-22,Sampdoria,1611.49572754
2001-08-23,Sampdoria,1613.30322266
2001-08-27,Sampdoria,1600.96569824
2001-09-03,Sampdoria,1596.17272949
2001-09-11,Sampdoria,1588.39929199
2001-09-12,Sampdoria,1582.52319336
2001-09-17,Sampdoria,1568.27502441
2001-09-19,Sampdoria,1568.94433594
2001-09-20,Sampdoria,1562.76037598
2001-09-21,Sampdoria,1563.03771973
2001-09-25,Sampdoria,1575.19519043
2001-09-26,Sampdoria,1574.37512207
2001-09-27,Sampdoria,1572.67272949
2001-09-28,Sampdoria,1574.26086426
2001-10-01,Sampdoria,1560.71081543
2001-10-09,Sampdoria,1568.98242188
2001-10-11,Sampdoria,1569.32568359
2001-10-15,Sampdoria,1574.04309082
2001-10-17,Sampdoria,1577.07275391
2001-10-18,Sampdoria,1577.70092773
2001-10-19,Sampdoria,1586.32568359
2001-10-24,Sampdoria,1587.75817871
2001-10-25,Sampdoria,1590.74304199
2001-10-29,Sampdoria,1593.24511719
2001-10-31,Sampdoria,1588.54382324
2001-11-01,Sampdoria,1585.56689453
2001-11-02,Sampdoria,1587.98999023
2001-11-06,Sampdoria,1581.54797363
2001-11-19,Sampdoria,1580.69030762
2001-11-21,Sampdoria,1580.75878906
2001-11-22,Sampdoria,1583.82775879
2001-11-23,Sampdoria,1579.93164062
2001-11-26,Sampdoria,1575.96191406
2001-11-30,Sampdoria,1579.54882812
2001-12-03,Sampdoria,1578.75891113
2001-12-05,Sampdoria,1576.18786621
2001-12-06,Sampdoria,1575.28564453
2001-12-07,Sampdoria,1585.14489746
2001-12-10,Sampdoria,1591.29980469
2001-12-17,Sampdoria,1580.58288574
2001-12-20,Sampdoria,1571.47973633
2001-12-24,Sampdoria,1577.98181152
2002-01-07,Sampdoria,1591.75646973
2002-01-14,Sampdoria,1596.25244141
2002-01-19,Sampdoria,1595.55371094
2002-02-05,Sampdoria,1594.87121582
2002-02-11,Sampdoria,1587.16491699
2002-02-18,Sampdoria,1583.36401367
2002-02-20,Sampdoria,1582.90307617
2002-02-21,Sampdoria,1584.20507812
2002-02-22,Sampdoria,1586.09997559
2002-02-25,Sampdoria,1574.23999023
2002-02-27,Sampdoria,1577.02246094
2002-02-28,Sampdoria,1574.22045898
2002-03-01,Sampdoria,1565.25012207
2002-03-02,Sampdoria,1565.95300293
2002-03-11,Sampdoria,1543.64501953
2002-03-13,Sampdoria,1540.7142334
2002-03-14,Sampdoria,1538.3536377
2002-03-15,Sampdoria,1535.4888916
2002-03-18,Sampdoria,1546.33105469
2002-03-20,Sampdoria,1543.99243164
2002-03-21,Sampdoria,1545.70214844
2002-03-22,Sampdoria,1555.51318359
2002-03-31,Sampdoria,1542.31738281
2002-04-05,Sampdoria,1533.84155273
2002-04-09,Sampdoria,1531.00415039
2002-04-12,Sampdoria,1530.66247559
2002-04-15,Sampdoria,1530.77722168
2002-04-22,Sampdoria,1512.45007324
2002-04-29,Sampdoria,1505.5546875
2002-05-06,Sampdoria,1510.46704102
2002-05-13,Sampdoria,1513.17858887
2002-05-20,Sampdoria,1520.24865723
2002-05-27,Sampdoria,1530.67382812
2002-06-03,Sampdoria,1518.89794922
2002-08-15,Sampdoria,1520.28234863
2002-08-28,Sampdoria,1522.61401367
2002-08-29,Sampdoria,1523.55554199
2002-09-15,Sampdoria,1533.58691406
2002-09-18,Sampdoria,1526.88317871
2002-09-19,Sampdoria,1528.40454102
2002-09-20,Sampdoria,1530.73303223
2002-09-22,Sampdoria,1529.66113281
2002-09-25,Sampdoria,1540.91918945
2002-09-26,Sampdoria,1541.93237305
2002-09-29,Sampdoria,1547.24084473
2002-10-02,Sampdoria,1552.69775391
2002-10-03,Sampdoria,1549.86352539
2002-10-04,Sampdoria,1541.92553711
2002-10-06,Sampdoria,1545.30822754
2002-10-14,Sampdoria,1548.82983398
2002-10-20,Sampdoria,1549.76574707
2002-10-23,Sampdoria,1547.77392578
2002-10-24,Sampdoria,1546.83276367
2002-10-27,Sampdoria,1548.67456055
2002-10-30,Sampdoria,1547.18566895
2002-10-31,Sampdoria,1552.40844727
2002-11-01,Sampdoria,1552.97570801
2002-11-03,Sampdoria,1547.92285156
2002-11-08,Sampdoria,1553.79699707
2002-11-11,Sampdoria,1561.18444824
2002-11-13,Sampdoria,1561.79284668
2002-11-14,Sampdoria,1560.40527344
2002-11-15,Sampdoria,1554.35803223
2002-11-16,Sampdoria,1559.54382324
2002-11-25,Sampdoria,1552.47143555
2002-11-27,Sampdoria,1555.48742676
2002-11-28,Sampdoria,1556.26489258
2002-11-29,Sampdoria,1556.99597168
2002-12-02,Sampdoria,1553.18737793
2002-12-09,Sampdoria,1542.32287598
2002-12-11,Sampdoria,1541.38879395
2002-12-12,Sampdoria,1546.10522461
2002-12-13,Sampdoria,1545.75036621
2002-12-14,Sampdoria,1539.12243652
2002-12-23,Sampdoria,1546.17578125
2003-01-07,Sampdoria,1546.43737793
2003-01-13,Sampdoria,1547.87145996
2003-01-18,Sampdoria,1558.0135498
2003-01-27,Sampdoria,1558.71008301
2003-02-03,Sampdoria,1563.26538086
2003-02-11,Sampdoria,1557.55834961
2003-02-19,Sampdoria,1551.77600098
2003-02-20,Sampdoria,1550.62646484
2003-02-21,Sampdoria,1548.13781738
2003-02-24,Sampdoria,1554.69750977
2003-02-26,Sampdoria,1550.2520752
2003-02-27,Sampdoria,1557.8581543
2003-03-03,Sampdoria,1568.6920166
2003-03-05,Sampdoria,1573.50073242
2003-03-11,Sampdoria,1579.92504883
2003-03-12,Sampdoria,1580.68603516
2003-03-13,Sampdoria,1580.5736084
2003-03-14,Sampdoria,1581.18725586
2003-03-17,Sampdoria,1579.46398926
2003-03-19,Sampdoria,1572.26611328
2003-03-20,Sampdoria,1574.21582031
2003-03-21,Sampdoria,1576.39123535
2003-03-24,Sampdoria,1581.62683105
2003-03-31,Sampdoria,1576.43139648
2003-04-08,Sampdoria,1576.77319336
2003-04-09,Sampdoria,1577.27844238
2003-04-10,Sampdoria,1577.55456543
2003-04-11,Sampdoria,1573.12084961
2003-04-13,Sampdoria,1575.72631836
2003-04-20,Sampdoria,1587.86975098
2003-04-23,Sampdoria,1593.74353027
2003-04-24,Sampdoria,1596.08728027
2003-04-25,Sampdoria,1595.01721191
2003-04-29,Sampdoria,1591.36779785
2003-05-04,Sampdoria,1601.12036133
2003-05-07,Sampdoria,1600.41796875
2003-05-13,Sampdoria,1601.73376465
2003-05-15,Sampdoria,1606.17810059
2003-05-18,Sampdoria,1612.14208984
2003-05-25,Sampdoria,1613.32373047
2003-06-01,Sampdoria,1607.57263184
2003-06-08,Sampdoria,1594.6505127
2003-07-02,Sampdoria,1594.6505127
2003-08-14,Sampdoria,1596.38513184
2003-08-28,Sampdoria,1598.15637207
2003-08-31,Sampdoria,1602.51086426
2003-09-14,Sampdoria,1597.87036133
2003-09-17,Sampdoria,1603.26062012
2003-09-18,Sampdoria,1610.53466797
2003-09-22,Sampdoria,1618.25134277
2003-09-25,Sampdoria,1619.78137207
2003-09-29,Sampdoria,1627.52526855
2003-10-01,Sampdoria,1630.36901855
2003-10-02,Sampdoria,1628.83325195
2003-10-06,Sampdoria,1626.20678711
2003-10-16,Sampdoria,1621.0222168
2003-10-20,Sampdoria,1626.36657715
2003-10-22,Sampdoria,1621.3302002
2003-10-23,Sampdoria,1614.45727539
2003-10-27,Sampdoria,1606.00866699
2003-11-03,Sampdoria,1617.60754395
2003-11-05,Sampdoria,1612.03918457
2003-11-06,Sampdoria,1609.91711426
2003-11-07,Sampdoria,1612.24450684
2003-11-09,Sampdoria,1619.18066406
2003-11-24,Sampdoria,1620.4276123
2003-11-26,Sampdoria,1614.41845703
2003-11-27,Sampdoria,1616.17456055
2003-11-28,Sampdoria,1617.39477539
2003-12-01,Sampdoria,1622.67443848
2003-12-03,Sampdoria,1618.01818848
2003-12-08,Sampdoria,1624.13635254
2003-12-10,Sampdoria,1617.57617188
2003-12-11,Sampdoria,1620.08227539
2003-12-14,Sampdoria,1622.6796875
2003-12-15,Sampdoria,1622.6796875
2003-12-21,Sampdoria,1622.6796875
2003-12-22,Sampdoria,1619.87536621
2004-01-07,Sampdoria,1632.23742676
2004-01-12,Sampdoria,1628.03198242
2004-01-18,Sampdoria,1628.03198242
2004-01-19,Sampdoria,1625.08654785
2004-01-25,Sampdoria,1633.23303223
2004-01-26,Sampdoria,1633.23303223
2004-02-01,Sampdoria,1633.23303223
2004-02-02,Sampdoria,1638.72851562
2004-02-09,Sampdoria,1640.43737793
2004-02-12,Sampdoria,1640.43737793
2004-02-16,Sampdoria,1643.85876465
2004-02-22,Sampdoria,1636.19116211
2004-02-25,Sampdoria,1636.0880127
2004-02-26,Sampdoria,1634.63574219
2004-02-27,Sampdoria,1630.46386719
2004-03-01,Sampdoria,1637.55200195
2004-03-04,Sampdoria,1632.50634766
2004-03-08,Sampdoria,1629.77172852
2004-03-10,Sampdoria,1626.36169434
2004-03-11,Sampdoria,1629.09753418
2004-03-12,Sampdoria,1625.90441895
2004-03-14,Sampdoria,1631.49902344
2004-03-15,Sampdoria,1631.49902344
2004-03-16,Sampdoria,1631.49902344
2004-03-21,Sampdoria,1631.49902344
2004-03-22,Sampdoria,1632.54162598
2004-03-24,Sampdoria,1636.90441895
2004-03-25,Sampdoria,1636.90441895
2004-03-26,Sampdoria,1638.5234375
2004-03-28,Sampdoria,1638.5234375
2004-03-29,Sampdoria,1634.62463379
2004-04-04,Sampdoria,1634.62463379
2004-04-05,Sampdoria,1640.17944336
2004-04-07,Sampdoria,1640.17944336
2004-04-08,Sampdoria,1631.89819336
2004-04-09,Sampdoria,1630.30847168
2004-04-11,Sampdoria,1631.66870117
2004-04-15,Sampdoria,1627.57678223
2004-04-17,Sampdoria,1627.57678223
2004-04-18,Sampdoria,1627.57678223
2004-04-19,Sampdoria,1632.19836426
2004-04-21,Sampdoria,1632.19836426
2004-04-25,Sampdoria,1632.19836426
2004-04-26,Sampdoria,1624.67919922
2004-05-03,Sampdoria,1611.39624023
2004-05-10,Sampdoria,1608.11108398
2004-05-17,Sampdoria,1610.95593262
2004-08-11,Sampdoria,1609.24230957
2004-08-12,Sampdoria,1610.14196777
2004-08-25,Sampdoria,1613.44763184
2004-08-26,Sampdoria,1615.8269043
2004-09-13,Sampdoria,1608.44995117
2004-09-15,Sampdoria,1612.92456055
2004-09-16,Sampdoria,1608.15246582
2004-09-17,Sampdoria,1604.83276367
2004-09-20,Sampdoria,1597.97583008
2004-09-23,Sampdoria,1590.18457031
2004-09-27,Sampdoria,1603.00073242
2004-09-29,Sampdoria,1601.77539062
2004-09-30,Sampdoria,1607.94616699
2004-10-01,Sampdoria,1607.48693848
2004-10-04,Sampdoria,1614.30566406
2004-10-18,Sampdoria,1624.95959473
2004-10-20,Sampdoria,1624.00085449
2004-10-21,Sampdoria,1635.65466309
2004-10-22,Sampdoria,1633.55041504
2004-10-24,Sampdoria,1633.55041504
2004-10-25,Sampdoria,1623.375
2004-10-28,Sampdoria,1640.42956543
2004-10-30,Sampdoria,1640.42956543
2004-10-31,Sampdoria,1636.12756348
2004-11-03,Sampdoria,1634.28991699
2004-11-04,Sampdoria,1636.48950195
2004-11-05,Sampdoria,1635.13745117
2004-11-07,Sampdoria,1635.13745117
2004-11-08,Sampdoria,1635.85559082
2004-11-11,Sampdoria,1632.25646973
2004-11-14,Sampdoria,1632.25646973
2004-11-15,Sampdoria,1622.31481934
2004-11-24,Sampdoria,1621.16247559
2004-11-25,Sampdoria,1623.3996582
2004-11-26,Sampdoria,1619.27368164
2004-11-29,Sampdoria,1626.54296875
2004-12-03,Sampdoria,1625.39990234
2004-12-06,Sampdoria,1630.03491211
2004-12-08,Sampdoria,1631.25305176
2004-12-09,Sampdoria,1624.81945801
2004-12-13,Sampdoria,1630.1114502
2004-12-16,Sampdoria,1630.1114502
2004-12-17,Sampdoria,1631.78527832
2004-12-20,Sampdoria,1649.55175781
2005-01-07,Sampdoria,1660.55578613
2005-01-10,Sampdoria,1657.61535645
2005-01-16,Sampdoria,1657.61535645
2005-01-17,Sampdoria,1654.10522461
2005-01-24,Sampdoria,1664.86853027
2005-01-31,Sampdoria,1660.04394531
2005-02-03,Sampdoria,1674.76550293
2005-02-06,Sampdoria,1681.00683594
2005-02-07,Sampdoria,1681.00683594
2005-02-14,Sampdoria,1672.81481934
2005-02-17,Sampdoria,1672.54846191
2005-02-18,Sampdoria,1672.54846191
2005-02-21,Sampdoria,1677.54199219
2005-02-23,Sampdoria,1676.43188477
2005-02-24,Sampdoria,1681.28833008
2005-02-25,Sampdoria,1689.23754883
2005-02-27,Sampdoria,1697.64282227
2005-03-06,Sampdoria,1697.64282227
2005-03-07,Sampdoria,1701.60424805
2005-03-09,Sampdoria,1703.68139648
2005-03-10,Sampdoria,1708.82299805
2005-03-11,Sampdoria,1710.17932129
2005-03-14,Sampdoria,1708.04150391
2005-03-16,Sampdoria,1710.74169922
2005-03-17,Sampdoria,1710.74169922
2005-03-18,Sampdoria,1714.34143066
2005-03-19,Sampdoria,1714.34143066
2005-03-20,Sampdoria,1714.34143066
2005-03-21,Sampdoria,1700.56335449
2005-04-06,Sampdoria,1699.39099121
2005-04-08,Sampdoria,1700.67077637
2005-04-10,Sampdoria,1700.67077637
2005-04-11,Sampdoria,1701.4942627
2005-04-14,Sampdoria,1697.88269043
2005-04-15,Sampdoria,1698.95446777
2005-04-17,Sampdoria,1704.45751953
2005-04-18,Sampdoria,1704.45751953
2005-04-21,Sampdoria,1707.01000977
2005-04-24,Sampdoria,1707.01000977
2005-04-25,Sampdoria,1712.25610352
2005-04-27,Sampdoria,1715.13635254
2005-04-29,Sampdoria,1714.48669434
2005-04-30,Sampdoria,1714.48669434
2005-05-01,Sampdoria,1714.48669434
2005-05-02,Sampdoria,1715.03771973
2005-05-05,Sampdoria,1714.13452148
2005-05-06,Sampdoria,1709.4597168
2005-05-08,Sampdoria,1709.4597168
2005-05-09,Sampdoria,1716.30822754
2005-05-15,Sampdoria,1716.30822754
2005-05-16,Sampdoria,1719.36022949
2005-05-22,Sampdoria,1719.36022949
2005-05-23,Sampdoria,1712.41906738
2005-05-26,Sampdoria,1711.53149414
2005-05-30,Sampdoria,1711.65600586
2005-08-04,Sampdoria,1711.65600586
2005-08-08,Sampdoria,1711.65600586
2005-08-10,Sampdoria,1711.65600586
2005-08-11,Sampdoria,1717.31481934
2005-08-21,Sampdoria,1717.31481934
2005-08-24,Sampdoria,1718.67126465
2005-08-25,Sampdoria,1718.45617676
2005-08-28,Sampdoria,1709.78857422
2005-08-29,Sampdoria,1709.78857422
2005-09-11,Sampdoria,1709.78857422
2005-09-12,Sampdoria,1713.69616699
2005-09-14,Sampdoria,1715.16723633
2005-09-15,Sampdoria,1718.96386719
2005-09-16,Sampdoria,1720.40698242
2005-09-19,Sampdoria,1731.37817383
2005-09-22,Sampdoria,1737.58215332
2005-09-26,Sampdoria,1725.03857422
2005-09-28,Sampdoria,1724.14648438
2005-09-29,Sampdoria,1723.87683105
2005-09-30,Sampdoria,1728.35754395
2005-10-02,Sampdoria,1728.35754395
2005-10-03,Sampdoria,1741.5435791
2005-10-16,Sampdoria,1741.5435791
2005-10-17,Sampdoria,1729.8828125
2005-10-19,Sampdoria,1726.80273438
2005-10-20,Sampdoria,1720.33679199
2005-10-21,Sampdoria,1724.17419434
2005-10-23,Sampdoria,1724.17419434
2005-10-24,Sampdoria,1719.55786133
2005-10-27,Sampdoria,1716.47302246
2005-10-28,Sampdoria,1716.47302246
2005-10-29,Sampdoria,1716.47302246
2005-10-30,Sampdoria,1717.51708984
2005-10-31,Sampdoria,1717.51708984
2005-11-02,Sampdoria,1716.0559082
2005-11-03,Sampdoria,1716.49682617
2005-11-04,Sampdoria,1709.06323242
2005-11-06,Sampdoria,1709.06323242
2005-11-07,Sampdoria,1723.20483398
2005-11-08,Sampdoria,1723.20483398
2005-11-21,Sampdoria,1730.12487793
2005-11-23,Sampdoria,1733.64733887
2005-11-24,Sampdoria,1737.91345215
2005-11-25,Sampdoria,1743.60644531
2005-11-27,Sampdoria,1743.60644531
2005-11-28,Sampdoria,1729.42163086
2005-12-01,Sampdoria,1725.07519531
2005-12-02,Sampdoria,1721.109375
2005-12-04,Sampdoria,1721.109375
2005-12-05,Sampdoria,1726.08764648
2005-12-07,Sampdoria,1725.42382812
2005-12-08,Sampdoria,1724.23400879
2005-12-11,Sampdoria,1724.23400879
2005-12-12,Sampdoria,1723.82751465
2005-12-15,Sampdoria,1726.19262695
2005-12-16,Sampdoria,1720.8314209
2005-12-18,Sampdoria,1720.8314209
2005-12-19,Sampdoria,1716.98999023
2005-12-22,Sampdoria,1707.99633789
2005-12-23,Sampdoria,1707.99633789
2005-12-27,Sampdoria,1707.99633789
2006-01-03,Sampdoria,1707.99633789
2006-01-05,Sampdoria,1707.99633789
2006-01-08,Sampdoria,1707.99633789
2006-01-09,Sampdoria,1691.95861816
2006-01-15,Sampdoria,1705.20581055
2006-01-16,Sampdoria,1705.20581055
2006-01-19,Sampdoria,1713.56286621
2006-01-22,Sampdoria,1713.56286621
2006-01-23,Sampdoria,1705.00231934
2006-01-28,Sampdoria,1705.00231934
2006-01-29,Sampdoria,1711.98156738
2006-02-05,Sampdoria,1711.98156738
2006-02-06,Sampdoria,1704.89794922
2006-02-09,Sampdoria,1706.70739746
2006-02-12,Sampdoria,1706.70739746
2006-02-13,Sampdoria,1712.2208252
2006-02-16,Sampdoria,1719.99658203
2006-02-17,Sampdoria,1718.75073242
2006-02-19,Sampdoria,1718.75073242
2006-02-20,Sampdoria,1704.57946777
2006-02-22,Sampdoria,1705.77783203
2006-02-23,Sampdoria,1705.31677246
2006-02-24,Sampdoria,1708.53674316
2006-02-26,Sampdoria,1708.53674316
2006-02-27,Sampdoria,1701.00585938
2006-03-05,Sampdoria,1696.71594238
2006-03-08,Sampdoria,1698.83825684
2006-03-09,Sampdoria,1703.0267334
2006-03-10,Sampdoria,1702.49365234
2006-03-12,Sampdoria,1699.99438477
2006-03-13,Sampdoria,1699.99438477
2006-03-15,Sampdoria,1700.66442871
2006-03-16,Sampdoria,1698.92590332
2006-03-17,Sampdoria,1691.14575195
2006-03-19,Sampdoria,1691.14575195
2006-03-20,Sampdoria,1675.35180664
2006-03-23,Sampdoria,1675.35180664
2006-03-26,Sampdoria,1675.35180664
2006-03-27,Sampdoria,1667.49963379
2006-03-29,Sampdoria,1663.55273438
2006-03-30,Sampdoria,1664.86193848
2006-03-31,Sampdoria,1664.86193848
2006-04-02,Sampdoria,1664.86193848
2006-04-03,Sampdoria,1660.91674805
2006-04-05,Sampdoria,1661.24060059
2006-04-06,Sampdoria,1658.95214844
2006-04-07,Sampdoria,1658.95214844
2006-04-09,Sampdoria,1658.95214844
2006-04-10,Sampdoria,1651.17724609
2006-04-16,Sampdoria,1641.17370605
2006-04-18,Sampdoria,1641.17370605
2006-04-19,Sampdoria,1638.3137207
2006-04-23,Sampdoria,1643.98791504
2006-04-24,Sampdoria,1643.98791504
2006-04-27,Sampdoria,1643.76721191
2006-04-30,Sampdoria,1643.76721191
2006-05-01,Sampdoria,1641.85302734
2006-05-04,Sampdoria,1641.85302734
2006-05-07,Sampdoria,1641.85302734
2006-05-08,Sampdoria,1644.10021973
2006-05-14,Sampdoria,1644.10021973
2006-05-15,Sampdoria,1626.33959961
2006-05-18,Sampdoria,1626.33959961
2006-05-22,Sampdoria,1626.33959961
2006-05-28,Sampdoria,1626.33959961
2006-06-05,Sampdoria,1626.33959961
2006-06-18,Sampdoria,1626.33959961
2006-07-13,Sampdoria,1626.33959961
2006-08-10,Sampdoria,1622.91320801
2006-08-23,Sampdoria,1623.49462891
2006-08-24,Sampdoria,1621.99975586
2006-09-11,Sampdoria,1611.19152832
2006-09-13,Sampdoria,1611.65466309
2006-09-14,Sampdoria,1612.12976074
2006-09-15,Sampdoria,1616.20068359
2006-09-17,Sampdoria,1623.24108887
2006-09-21,Sampdoria,1621.80773926
2006-09-25,Sampdoria,1622.50939941
2006-09-27,Sampdoria,1621.8404541
2006-09-28,Sampdoria,1615.52270508
2006-09-29,Sampdoria,1620.93762207
2006-10-02,Sampdoria,1627.44506836
2006-10-15,Sampdoria,1633.30236816
2006-10-16,Sampdoria,1633.30236816
2006-10-17,Sampdoria,1633.30236816
2006-10-18,Sampdoria,1634.59338379
2006-10-19,Sampdoria,1638.03625488
2006-10-20,Sampdoria,1639.28198242
2006-10-22,Sampdoria,1639.28198242
2006-10-23,Sampdoria,1632.74987793
2006-10-26,Sampdoria,1644.72766113
2006-10-29,Sampdoria,1644.72766113
2006-10-30,Sampdoria,1637.87597656
2006-11-01,Sampdoria,1637.7175293
2006-11-02,Sampdoria,1638.54284668
2006-11-03,Sampdoria,1634.953125
2006-11-04,Sampdoria,1634.953125
2006-11-05,Sampdoria,1634.953125
2006-11-06,Sampdoria,1629.16552734
2006-11-13,Sampdoria,1638.95617676
2006-11-19,Sampdoria,1638.95617676
2006-11-20,Sampdoria,1631.41772461
2006-11-22,Sampdoria,1627.56152344
2006-11-23,Sampdoria,1625.99182129
2006-11-24,Sampdoria,1623.51745605
2006-11-27,Sampdoria,1615.33691406
2006-11-30,Sampdoria,1617.96459961
2006-12-04,Sampdoria,1630.46813965
2006-12-06,Sampdoria,1633.17663574
2006-12-07,Sampdoria,1627.3404541
2006-12-11,Sampdoria,1624.44750977
2006-12-14,Sampdoria,1624.17407227
2006-12-15,Sampdoria,1624.06921387
2006-12-18,Sampdoria,1633.91723633
2006-12-21,Sampdoria,1644.73828125
2006-12-24,Sampdoria,1634.60986328
2007-01-07,Sampdoria,1634.60986328
2007-01-15,Sampdoria,1635.76574707
2007-01-21,Sampdoria,1635.76574707
2007-01-22,Sampdoria,1626.60461426
2007-01-29,Sampdoria,1621.20349121
2007-02-12,Sampdoria,1626.76342773
2007-02-15,Sampdoria,1625.01062012
2007-02-16,Sampdoria,1623.56469727
2007-02-19,Sampdoria,1632.7043457
2007-02-20,Sampdoria,1632.7043457
2007-02-21,Sampdoria,1632.70288086
2007-02-22,Sampdoria,1630.6940918
2007-02-23,Sampdoria,1626.70422363
2007-02-26,Sampdoria,1624.53283691
2007-03-01,Sampdoria,1630.59509277
2007-03-05,Sampdoria,1627.01074219
2007-03-07,Sampdoria,1633.82568359
2007-03-08,Sampdoria,1635.34765625
2007-03-09,Sampdoria,1635.34765625
2007-03-10,Sampdoria,1635.34765625
2007-03-11,Sampdoria,1631.82568359
2007-03-12,Sampdoria,1631.82568359
2007-03-14,Sampdoria,1631.82568359
2007-03-15,Sampdoria,1631.82568359
2007-03-16,Sampdoria,1631.82568359
2007-03-17,Sampdoria,1631.82568359
2007-03-18,Sampdoria,1630.6706543
2007-03-19,Sampdoria,1630.6706543
2007-03-26,Sampdoria,1630.6706543
2007-03-31,Sampdoria,1630.6706543
2007-04-01,Sampdoria,1630.6706543
2007-04-02,Sampdoria,1632.72900391
2007-04-04,Sampdoria,1630.83776855
2007-04-05,Sampdoria,1632.16113281
2007-04-06,Sampdoria,1632.16113281
2007-04-07,Sampdoria,1632.16113281
2007-04-08,Sampdoria,1637.50085449
2007-04-11,Sampdoria,1632.32495117
2007-04-12,Sampdoria,1638.81787109
2007-04-15,Sampdoria,1638.81787109
2007-04-16,Sampdoria,1633.72351074
2007-04-19,Sampdoria,1627.94067383
2007-04-22,Sampdoria,1632.92199707
2007-04-23,Sampdoria,1632.92199707
2007-04-25,Sampdoria,1632.74645996
2007-04-27,Sampdoria,1632.74645996
2007-04-28,Sampdoria,1632.74645996
2007-04-29,Sampdoria,1632.74645996
2007-04-30,Sampdoria,1646.11120605
2007-05-03,Sampdoria,1653.19006348
2007-05-06,Sampdoria,1653.19006348
2007-05-07,Sampdoria,1650.57275391
2007-05-11,Sampdoria,1650.57275391
2007-05-13,Sampdoria,1650.57275391
2007-05-14,Sampdoria,1642.97009277
2007-05-17,Sampdoria,1642.97009277
2007-05-21,Sampdoria,1647.4732666
2007-05-24,Sampdoria,1650.24719238
2007-05-25,Sampdoria,1650.24719238
2007-05-26,Sampdoria,1650.24719238
2007-05-27,Sampdoria,1650.24719238
2007-05-28,Sampdoria,1643.40429688
2007-06-11,Sampdoria,1643.40429688
2007-06-17,Sampdoria,1643.40429688
2007-07-22,Sampdoria,1643.40429688
2007-07-29,Sampdoria,1643.40429688
2007-08-05,Sampdoria,1643.40429688
2007-08-08,Sampdoria,1643.40429688
2007-08-12,Sampdoria,1643.40429688
2007-08-15,Sampdoria,1641.49023438
2007-08-17,Sampdoria,1640.72595215
2007-08-19,Sampdoria,1640.72595215
2007-08-27,Sampdoria,1649.93945312
2007-08-29,Sampdoria,1654.65856934
2007-08-30,Sampdoria,1654.65856934
2007-08-31,Sampdoria,1635.28051758
2007-09-03,Sampdoria,1636.65563965
2007-09-15,Sampdoria,1636.65563965
2007-09-16,Sampdoria,1636.65563965
2007-09-17,Sampdoria,1626.9987793
2007-09-19,Sampdoria,1628.19592285
2007-09-20,Sampdoria,1625.88122559
2007-09-21,Sampdoria,1619.11242676
2007-09-24,Sampdoria,1616.28613281
2007-09-27,Sampdoria,1613.16320801
2007-10-01,Sampdoria,1626.3392334
2007-10-03,Sampdoria,1626.77746582
2007-10-04,Sampdoria,1624.08129883
2007-10-05,Sampdoria,1604.42456055
2007-10-08,Sampdoria,1597.39489746
2007-10-22,Sampdoria,1608.65710449
2007-10-24,Sampdoria,1611.87426758
2007-10-25,Sampdoria,1612.30175781
2007-10-26,Sampdoria,1614.05627441
2007-10-29,Sampdoria,1604.12145996
2007-11-01,Sampdoria,1593.80993652
2007-11-05,Sampdoria,1610.78039551
2007-11-07,Sampdoria,1617.64160156
2007-11-08,Sampdoria,1618.64587402
2007-11-09,Sampdoria,1619.31689453
2007-11-11,Sampdoria,1630.05102539
2007-11-12,Sampdoria,1630.05102539
2007-11-19,Sampdoria,1630.05102539
2007-11-25,Sampdoria,1630.05102539
2007-11-26,Sampdoria,1619.98413086
2007-11-28,Sampdoria,1624.47021484
2007-11-29,Sampdoria,1620.81262207
2007-11-30,Sampdoria,1620.50695801
2007-12-02,Sampdoria,1631.86572266
2007-12-03,Sampdoria,1631.86572266
2007-12-05,Sampdoria,1632.64135742
2007-12-10,Sampdoria,1627.40234375
2007-12-12,Sampdoria,1626.54223633
2007-12-13,Sampdoria,1628.54089355
2007-12-16,Sampdoria,1628.54089355
2007-12-17,Sampdoria,1630.2121582
2007-12-20,Sampdoria,1630.2121582
2007-12-21,Sampdoria,1630.85046387
2007-12-22,Sampdoria,1630.85046387
2007-12-23,Sampdoria,1627.83874512
2007-12-24,Sampdoria,1627.83874512
2007-12-27,Sampdoria,1627.83874512
2007-12-30,Sampdoria,1627.83874512
2008-01-03,Sampdoria,1627.83874512
2008-01-06,Sampdoria,1627.83874512
2008-01-13,Sampdoria,1627.83874512
2008-01-14,Sampdoria,1640.4152832
2008-01-20,Sampdoria,1640.4152832
2008-01-21,Sampdoria,1647.10400391
2008-01-24,Sampdoria,1647.10400391
2008-01-27,Sampdoria,1652.13061523
2008-01-28,Sampdoria,1652.13061523
2008-02-03,Sampdoria,1652.13061523
2008-02-04,Sampdoria,1647.03430176
2008-02-10,Sampdoria,1647.03430176
2008-02-11,Sampdoria,1655.04724121
2008-02-14,Sampdoria,1655.04724121
2008-02-15,Sampdoria,1655.89428711
2008-02-17,Sampdoria,1655.89428711
2008-02-18,Sampdoria,1665.54333496
2008-02-20,Sampdoria,1662.72949219
2008-02-21,Sampdoria,1663.76916504
2008-02-22,Sampdoria,1664.17590332
2008-02-25,Sampdoria,1668.97216797
2008-02-28,Sampdoria,1658.00842285
2008-03-03,Sampdoria,1654.84863281
2008-03-05,Sampdoria,1650.49328613
2008-03-06,Sampdoria,1656.50732422
2008-03-07,Sampdoria,1660.70532227
2008-03-10,Sampdoria,1670.22509766
2008-03-12,Sampdoria,1667.34375
2008-03-13,Sampdoria,1664.07922363
2008-03-16,Sampdoria,1664.07922363
2008-03-17,Sampdoria,1669.93200684
2008-03-20,Sampdoria,1684.10754395
2008-03-23,Sampdoria,1678.87487793
2008-03-24,Sampdoria,1678.87487793
2008-03-30,Sampdoria,1678.87487793
2008-03-31,Sampdoria,1690.59362793
2008-04-02,Sampdoria,1688.21203613
2008-04-04,Sampdoria,1691.24597168
2008-04-06,Sampdoria,1691.24597168
2008-04-07,Sampdoria,1696.59216309
2008-04-10,Sampdoria,1696.21252441
2008-04-11,Sampdoria,1698.73461914
2008-04-14,Sampdoria,1690.54736328
2008-04-20,Sampdoria,1690.54736328
2008-04-21,Sampdoria,1700.04394531
2008-04-25,Sampdoria,1700.40734863
2008-04-27,Sampdoria,1700.40734863
2008-04-28,Sampdoria,1705.25134277
2008-05-02,Sampdoria,1704.14123535
2008-05-04,Sampdoria,1704.14123535
2008-05-05,Sampdoria,1693.28723145
2008-05-12,Sampdoria,1706.4543457
2008-05-18,Sampdoria,1707.47912598
2008-05-23,Sampdoria,1707.47912598
2008-08-13,Sampdoria,1709.14916992
2008-08-14,Sampdoria,1709.64807129
2008-08-15,Sampdoria,1709.8112793
2008-08-18,Sampdoria,1709.8112793
2008-08-25,Sampdoria,1709.8112793
2008-08-27,Sampdoria,1709.83728027
2008-08-28,Sampdoria,1710.00634766
2008-08-29,Sampdoria,1710.09362793
2008-08-31,Sampdoria,1713.0090332
2008-09-01,Sampdoria,1713.0090332
2008-09-14,Sampdoria,1713.0090332
2008-09-15,Sampdoria,1704.88232422
2008-09-17,Sampdoria,1701.92858887
2008-09-18,Sampdoria,1704.50756836
2008-09-19,Sampdoria,1711.55029297
2008-09-21,Sampdoria,1711.55029297
2008-09-22,Sampdoria,1707.65600586
2008-09-25,Sampdoria,1708.96765137
2008-09-28,Sampdoria,1710.26416016
2008-10-01,Sampdoria,1705.64880371
2008-10-02,Sampdoria,1707.78088379
2008-10-03,Sampdoria,1698.60876465
2008-10-06,Sampdoria,1688.68847656
2008-10-20,Sampdoria,1682.83618164
2008-10-22,Sampdoria,1682.94824219
2008-10-23,Sampdoria,1682.60400391
2008-10-24,Sampdoria,1697.55444336
2008-10-26,Sampdoria,1697.55444336
2008-10-27,Sampdoria,1703.52587891
2008-11-03,Sampdoria,1707.42004395
2008-11-04,Sampdoria,1707.42004395
2008-11-05,Sampdoria,1710.64978027
2008-11-06,Sampdoria,1716.05566406
2008-11-07,Sampdoria,1719.34790039
2008-11-09,Sampdoria,1719.34790039
2008-11-10,Sampdoria,1710.40148926
2008-11-16,Sampdoria,1710.40148926
2008-11-17,Sampdoria,1715.34436035
2008-11-23,Sampdoria,1715.34436035
2008-11-24,Sampdoria,1722.90429688
2008-11-26,Sampdoria,1719.12524414
2008-11-27,Sampdoria,1715.7253418
2008-11-28,Sampdoria,1710.07641602
2008-12-01,Sampdoria,1702.42687988
2008-12-02,Sampdoria,1702.42687988
2008-12-04,Sampdoria,1686.79711914
2008-12-05,Sampdoria,1686.79711914
2008-12-08,Sampdoria,1676.03527832
2008-12-10,Sampdoria,1674.48376465
2008-12-11,Sampdoria,1673.32702637
2008-12-13,Sampdoria,1673.32702637
2008-12-14,Sampdoria,1673.32702637
2008-12-15,Sampdoria,1685.87426758
2008-12-18,Sampdoria,1684.27233887
2008-12-19,Sampdoria,1694.28930664
2008-12-21,Sampdoria,1694.28930664
2008-12-22,Sampdoria,1685.90551758
2008-12-27,Sampdoria,1685.90551758
2008-12-28,Sampdoria,1685.90551758
2009-01-04,Sampdoria,1685.90551758
2009-01-05,Sampdoria,1685.90551758
2009-01-11,Sampdoria,1685.90551758
2009-01-12,Sampdoria,1687.78063965
2009-01-15,Sampdoria,1683.33813477
2009-01-19,Sampdoria,1667.83068848
2009-01-26,Sampdoria,1665.73913574
2009-01-29,Sampdoria,1675.1751709
2009-02-01,Sampdoria,1675.1751709
2009-02-02,Sampdoria,1675.64379883
2009-02-09,Sampdoria,1672.24414062
2009-02-15,Sampdoria,1672.24414062
2009-02-16,Sampdoria,1678.59069824
2009-02-19,Sampdoria,1665.89477539
2009-02-20,Sampdoria,1662.65087891
2009-02-21,Sampdoria,1662.65087891
2009-02-22,Sampdoria,1662.65087891
2009-02-23,Sampdoria,1669.22827148
2009-02-25,Sampdoria,1667.63012695
2009-02-26,Sampdoria,1666.44470215
2009-02-27,Sampdoria,1647.56787109
2009-02-28,Sampdoria,1647.56787109
2009-03-01,Sampdoria,1647.56787109
2009-03-02,Sampdoria,1657.48974609
2009-03-03,Sampdoria,1657.48974609
2009-03-05,Sampdoria,1657.48974609
2009-03-08,Sampdoria,1657.48974609
2009-03-09,Sampdoria,1643.5682373
2009-03-11,Sampdoria,1642.43029785
2009-03-12,Sampdoria,1641.66870117
2009-03-13,Sampdoria,1645.73498535
2009-03-15,Sampdoria,1645.73498535
2009-03-16,Sampdoria,1648.44287109
2009-03-20,Sampdoria,1648.83557129
2009-03-21,Sampdoria,1648.83557129
2009-03-23,Sampdoria,1660.4876709
2009-04-06,Sampdoria,1657.25634766
2009-04-09,Sampdoria,1657.25634766
2009-04-10,Sampdoria,1655.07421875
2009-04-12,Sampdoria,1666.08972168
2009-04-13,Sampdoria,1666.08972168
2009-04-16,Sampdoria,1666.08972168
2009-04-17,Sampdoria,1665.09545898
2009-04-20,Sampdoria,1653.81958008
2009-04-27,Sampdoria,1652.09851074
2009-05-04,Sampdoria,1644.83605957
2009-05-07,Sampdoria,1644.83605957
2009-05-10,Sampdoria,1655.44421387
2009-05-11,Sampdoria,1655.44421387
2009-05-12,Sampdoria,1655.44421387
2009-05-14,Sampdoria,1655.44421387
2009-05-17,Sampdoria,1655.44421387
2009-05-18,Sampdoria,1651.46557617
2009-05-25,Sampdoria,1650.73681641
2009-05-28,Sampdoria,1650.73681641
2009-05-31,Sampdoria,1650.73681641
2009-06-01,Sampdoria,1653.765625
2009-06-14,Sampdoria,1653.765625
2009-07-17,Sampdoria,1653.765625
2009-07-19,Sampdoria,1653.765625
2009-07-24,Sampdoria,1653.765625
2009-07-29,Sampdoria,1653.765625
2009-07-31,Sampdoria,1654.36230469
2009-08-03,Sampdoria,1654.36230469
2009-08-05,Sampdoria,1654.36230469
2009-08-07,Sampdoria,1655.58776855
2009-08-08,Sampdoria,1655.58776855
2009-08-09,Sampdoria,1655.58776855
2009-08-10,Sampdoria,1655.58776855
2009-08-16,Sampdoria,1655.58776855
2009-08-18,Sampdoria,1655.58776855
2009-08-19,Sampdoria,1657.06164551
2009-08-20,Sampdoria,1657.06164551
2009-08-21,Sampdoria,1662.24121094
2009-08-23,Sampdoria,1662.24121094
2009-08-24,Sampdoria,1670.70581055
2009-08-27,Sampdoria,1671.59936523
2009-08-28,Sampdoria,1672.65661621
2009-08-31,Sampdoria,1682.8034668
2009-09-01,Sampdoria,1682.8034668
2009-09-07,Sampdoria,1682.8034668
2009-09-13,Sampdoria,1682.8034668
2009-09-14,Sampdoria,1691.61218262
2009-09-16,Sampdoria,1693.8190918
2009-09-17,Sampdoria,1692.30334473
2009-09-18,Sampdoria,1683.26306152
2009-09-21,Sampdoria,1691.92260742
2009-09-24,Sampdoria,1684.96643066
2009-09-27,Sampdoria,1695.9934082
2009-09-30,Sampdoria,1700.00622559
2009-10-01,Sampdoria,1695.73144531
2009-10-02,Sampdoria,1699.25817871
2009-10-04,Sampdoria,1699.25817871
2009-10-05,Sampdoria,1695.22973633
2009-10-06,Sampdoria,1695.22973633
2009-10-18,Sampdoria,1695.22973633
2009-10-19,Sampdoria,1696.05664062
2009-10-21,Sampdoria,1695.91503906
2009-10-22,Sampdoria,1700.62646484
2009-10-23,Sampdoria,1700.22937012
2009-10-25,Sampdoria,1706.81652832
2009-10-26,Sampdoria,1706.81652832
2009-10-29,Sampdoria,1700.03955078
2009-10-31,Sampdoria,1700.03955078
2009-11-02,Sampdoria,1695.88647461
2009-11-04,Sampdoria,1697.05212402
2009-11-05,Sampdoria,1700.59558105
2009-11-06,Sampdoria,1702.3605957
2009-11-09,Sampdoria,1693.0144043
2009-11-23,Sampdoria,1698.21044922
2009-11-25,Sampdoria,1698.34436035
2009-11-26,Sampdoria,1694.0715332
2009-11-29,Sampdoria,1684.58703613
2009-11-30,Sampdoria,1684.58703613
2009-12-03,Sampdoria,1681.19592285
2009-12-04,Sampdoria,1682.02075195
2009-12-06,Sampdoria,1676.46850586
2009-12-09,Sampdoria,1668.89538574
2009-12-10,Sampdoria,1674.38806152
2009-12-14,Sampdoria,1675.14611816
2009-12-17,Sampdoria,1676.77209473
2009-12-18,Sampdoria,1669.66723633
2009-12-21,Sampdoria,1657.74560547
2009-12-27,Sampdoria,1657.74560547
2009-12-29,Sampdoria,1657.74560547
2010-01-04,Sampdoria,1657.74560547
2010-01-07,Sampdoria,1656.47070312
2010-01-10,Sampdoria,1656.47070312
2010-01-11,Sampdoria,1651.05297852
2010-01-14,Sampdoria,1651.05297852
2010-01-18,Sampdoria,1646.58935547
2010-01-21,Sampdoria,1646.58935547
2010-01-24,Sampdoria,1646.58935547
2010-01-25,Sampdoria,1657.39257812
2010-01-28,Sampdoria,1657.39257812
2010-01-31,Sampdoria,1657.39257812
2010-02-01,Sampdoria,1664.17126465
2010-02-07,Sampdoria,1664.17126465
2010-02-08,Sampdoria,1671.86987305
2010-02-14,Sampdoria,1682.76208496
2010-02-15,Sampdoria,1682.76208496
2010-02-17,Sampdoria,1680.85827637
2010-02-18,Sampdoria,1680.48083496
2010-02-19,Sampdoria,1681.56445312
2010-02-21,Sampdoria,1688.48083496
2010-02-25,Sampdoria,1690.12731934
2010-02-26,Sampdoria,1683.51342773
2010-02-28,Sampdoria,1683.51342773
2010-03-01,Sampdoria,1675.37487793
2010-03-07,Sampdoria,1675.37487793
2010-03-08,Sampdoria,1679.96948242
2010-03-10,Sampdoria,1679.34838867
2010-03-11,Sampdoria,1677.05493164
2010-03-12,Sampdoria,1680.25549316
2010-03-15,Sampdoria,1680.92810059
2010-03-17,Sampdoria,1685.60632324
2010-03-19,Sampdoria,1678.44433594
2010-03-22,Sampdoria,1685.70898438
2010-03-25,Sampdoria,1678.09204102
2010-03-29,Sampdoria,1674.64257812
2010-04-01,Sampdoria,1675.58959961
2010-04-04,Sampdoria,1684.64416504
2010-04-05,Sampdoria,1684.64416504
2010-04-07,Sampdoria,1686.1842041
2010-04-12,Sampdoria,1692.10620117
2010-04-15,Sampdoria,1692.10620117
2010-04-18,Sampdoria,1692.10620117
2010-04-19,Sampdoria,1700.72045898
2010-04-21,Sampdoria,1705.03295898
2010-04-26,Sampdoria,1717.82299805
2010-04-29,Sampdoria,1718.96191406
2010-05-03,Sampdoria,1722.87463379
2010-05-05,Sampdoria,1722.87463379
2010-05-09,Sampdoria,1722.87463379
2010-05-10,Sampdoria,1725.51123047
2010-05-13,Sampdoria,1725.51123047
2010-05-17,Sampdoria,1731.10083008
2010-05-23,Sampdoria,1734.84265137
2010-07-25,Sampdoria,1734.84265137
2010-07-30,Sampdoria,1734.93774414
2010-08-05,Sampdoria,1734.93774414
2010-08-06,Sampdoria,1734.95861816
2010-08-16,Sampdoria,1734.95861816
2010-08-18,Sampdoria,1734.95861816
2010-08-19,Sampdoria,1725.95422363
2010-08-20,Sampdoria,1728.0715332
2010-08-22,Sampdoria,1728.0715332
2010-08-23,Sampdoria,1728.0715332
2010-08-25,Sampdoria,1727.38378906
2010-08-27,Sampdoria,1728.82983398
2010-08-30,Sampdoria,1735.61889648
2010-09-12,Sampdoria,1735.61889648
2010-09-13,Sampdoria,1736.7331543
2010-09-15,Sampdoria,1735.40600586
2010-09-16,Sampdoria,1735.88757324
2010-09-17,Sampdoria,1730.83508301
2010-09-20,Sampdoria,1719.57202148
2010-09-23,Sampdoria,1719.98486328
2010-09-24,Sampdoria,1719.98486328
2010-09-27,Sampdoria,1715.37670898
2010-09-29,Sampdoria,1716.58105469
2010-09-30,Sampdoria,1718.83679199
2010-10-01,Sampdoria,1721.20874023
2010-10-04,Sampdoria,1720.7043457
2010-10-18,Sampdoria,1725.69885254
2010-10-20,Sampdoria,1717.98181152
2010-10-21,Sampdoria,1719.19958496
2010-10-22,Sampdoria,1702.01550293
2010-10-25,Sampdoria,1708.86621094
2010-10-31,Sampdoria,1708.86621094
2010-11-01,Sampdoria,1714.4440918
2010-11-03,Sampdoria,1710.42004395
2010-11-04,Sampdoria,1714.10144043
2010-11-05,Sampdoria,1703.21923828
2010-11-08,Sampdoria,1698.67492676
2010-11-11,Sampdoria,1698.67492676
2010-11-12,Sampdoria,1690.11962891
2010-11-15,Sampdoria,1685.83630371
2010-11-21,Sampdoria,1685.83630371
2010-11-22,Sampdoria,1692.55993652
2010-11-24,Sampdoria,1699.43371582
2010-11-25,Sampdoria,1700.39709473
2010-11-28,Sampdoria,1701.17468262
2010-11-29,Sampdoria,1701.17468262
2010-12-02,Sampdoria,1686.51794434
2010-12-03,Sampdoria,1684.33642578
2010-12-04,Sampdoria,1684.33642578
2010-12-06,Sampdoria,1690.65124512
2010-12-07,Sampdoria,1690.65124512
2010-12-08,Sampdoria,1685.97167969
2010-12-09,Sampdoria,1678.79992676
2010-12-11,Sampdoria,1678.79992676
2010-12-12,Sampdoria,1678.79992676
2010-12-13,Sampdoria,1668.80114746
2010-12-16,Sampdoria,1670.53320312
2010-12-17,Sampdoria,1645.86669922
2010-12-29,Sampdoria,1645.86669922
2011-01-03,Sampdoria,1645.86669922
2011-01-07,Sampdoria,1637.09436035
2011-01-09,Sampdoria,1637.09436035
2011-01-10,Sampdoria,1646.12792969
2011-01-11,Sampdoria,1646.12792969
2011-01-16,Sampdoria,1646.12792969
2011-01-17,Sampdoria,1640.35302734
2011-01-18,Sampdoria,1640.35302734
2011-01-24,Sampdoria,1638.88659668
2011-01-25,Sampdoria,1638.88659668
2011-01-31,Sampdoria,1629.31591797
2011-02-03,Sampdoria,1619.04858398
2011-02-06,Sampdoria,1612.3963623
2011-02-14,Sampdoria,1621.29174805
2011-02-16,Sampdoria,1618.85534668
2011-02-17,Sampdoria,1606.31872559
2011-02-18,Sampdoria,1605.93188477
2011-02-21,Sampdoria,1609.32556152
2011-02-24,Sampdoria,1607.08154297
2011-02-25,Sampdoria,1604.57446289
2011-02-28,Sampdoria,1597.3972168
2011-03-07,Sampdoria,1584.49609375
2011-03-09,Sampdoria,1582.81384277
2011-03-10,Sampdoria,1582.38061523
2011-03-14,Sampdoria,1575.50927734
2011-03-16,Sampdoria,1580.90039062
2011-03-21,Sampdoria,1570.51062012
2011-04-04,Sampdoria,1573.38562012
2011-04-06,Sampdoria,1566.5489502
2011-04-11,Sampdoria,1555.33215332
2011-04-14,Sampdoria,1554.45178223
2011-04-17,Sampdoria,1550.66992188
2011-04-24,Sampdoria,1559.53234863
2011-05-02,Sampdoria,1556.37060547
2011-05-09,Sampdoria,1551.34997559
2011-05-16,Sampdoria,1543.10717773
2011-05-23,Sampdoria,1538.56396484
2011-07-03,Sampdoria,1538.56396484
2011-07-29,Sampdoria,1536.31433105
2011-08-05,Sampdoria,1534.52893066
2011-08-17,Sampdoria,1533.98864746
2011-08-19,Sampdoria,1532.93664551
2011-08-25,Sampdoria,1531.04125977
2011-08-26,Sampdoria,1521.01428223
2011-08-31,Sampdoria,1520.90783691
2011-09-05,Sampdoria,1526.63439941
2011-09-13,Sampdoria,1536.43786621
2011-09-14,Sampdoria,1539.25463867
2011-09-15,Sampdoria,1536.85168457
2011-09-16,Sampdoria,1536.73571777
2011-09-18,Sampdoria,1531.82568359
2011-09-25,Sampdoria,1540.47558594
2011-09-28,Sampdoria,1547.66088867
2011-09-29,Sampdoria,1548.65014648
2011-09-30,Sampdoria,1546.41149902
2011-10-01,Sampdoria,1534.82507324
2011-10-06,Sampdoria,1531.35534668
2011-10-10,Sampdoria,1527.21130371
2011-10-16,Sampdoria,1533.5480957
2011-10-19,Sampdoria,1538.75378418
2011-10-20,Sampdoria,1539.56835938
2011-10-21,Sampdoria,1542.53039551
2011-10-23,Sampdoria,1537.60900879
2011-10-30,Sampdoria,1521.4810791
2011-11-02,Sampdoria,1525.45214844
2011-11-03,Sampdoria,1526.95214844
2011-11-04,Sampdoria,1524.3671875
2011-11-08,Sampdoria,1524.2388916
2011-11-14,Sampdoria,1510.5078125
2011-11-20,Sampdoria,1511.02233887
2011-11-23,Sampdoria,1514.73181152
2011-11-24,Sampdoria,1513.36877441
2011-11-27,Sampdoria,1508.35583496
2011-12-01,Sampdoria,1508.81750488
2011-12-02,Sampdoria,1508.0222168
2011-12-04,Sampdoria,1509.05615234
2011-12-07,Sampdoria,1507.7565918
2011-12-08,Sampdoria,1508.86083984
2011-12-10,Sampdoria,1504.1496582
2011-12-15,Sampdoria,1507.11853027
2011-12-16,Sampdoria,1505.02526855
2011-12-20,Sampdoria,1496.62243652
2012-01-07,Sampdoria,1486.04321289
2012-01-15,Sampdoria,1495.90759277
2012-01-21,Sampdoria,1491.89672852
2012-01-29,Sampdoria,1489.3293457
2012-02-05,Sampdoria,1496.43249512
2012-02-12,Sampdoria,1499.98999023
2012-02-16,Sampdoria,1506.76818848
2012-02-17,Sampdoria,1501.76843262
2012-02-21,Sampdoria,1495.28564453
2012-02-22,Sampdoria,1499.24157715
2012-02-23,Sampdoria,1498.08007812
2012-02-24,Sampdoria,1503.17932129
2012-03-04,Sampdoria,1511.17871094
2012-03-07,Sampdoria,1511.93640137
2012-03-09,Sampdoria,1508.02307129
2012-03-11,Sampdoria,1509.5769043
2012-03-14,Sampdoria,1508.74060059
2012-03-15,Sampdoria,1502.13916016
2012-03-16,Sampdoria,1502.08581543
2012-03-18,Sampdoria,1497.32800293
2012-03-25,Sampdoria,1504.48791504
2012-03-29,Sampdoria,1504.86279297
2012-04-01,Sampdoria,1508.74328613
2012-04-04,Sampdoria,1507.38317871
2012-04-07,Sampdoria,1498.06274414
2012-04-15,Sampdoria,1507.12280273
2012-04-22,Sampdoria,1504.11401367
2012-04-29,Sampdoria,1512.0760498
2012-05-02,Sampdoria,1523.04772949
2012-05-07,Sampdoria,1530.19226074
2012-05-13,Sampdoria,1537.02661133
2012-05-21,Sampdoria,1521.70837402
2012-05-27,Sampdoria,1511.00390625
2012-05-31,Sampdoria,1515.49047852
2012-06-03,Sampdoria,1521.9967041
2012-06-07,Sampdoria,1525.15771484
2012-06-10,Sampdoria,1536.20788574
2012-07-02,Sampdoria,1536.20788574
2012-08-03,Sampdoria,1537.24060059
2012-08-10,Sampdoria,1536.78173828
2012-08-23,Sampdoria,1538.14611816
2012-08-24,Sampdoria,1540.94580078
2012-08-27,Sampdoria,1556.21618652
2012-08-29,Sampdoria,1555.61828613
2012-08-31,Sampdoria,1555.44433594
2012-09-03,Sampdoria,1562.45019531
2012-09-17,Sampdoria,1570.29541016
2012-09-19,Sampdoria,1568.52087402
2012-09-20,Sampdoria,1569.96679688
2012-09-21,Sampdoria,1571.16418457
2012-09-24,Sampdoria,1568.40344238
2012-09-27,Sampdoria,1572.21179199
2012-10-01,Sampdoria,1566.73693848
2012-10-03,Sampdoria,1566.18786621
2012-10-04,Sampdoria,1569.83581543
2012-10-05,Sampdoria,1571.45361328
2012-10-07,Sampdoria,1564.66027832
2012-10-22,Sampdoria,1559.88562012
2012-10-24,Sampdoria,1557.71264648
2012-10-25,Sampdoria,1556.2109375
2012-10-26,Sampdoria,1547.81677246
2012-10-29,Sampdoria,1538.26965332
2012-11-01,Sampdoria,1535.35131836
2012-11-05,Sampdoria,1526.77294922
2012-11-07,Sampdoria,1526.453125
2012-11-08,Sampdoria,1527.34802246
2012-11-09,Sampdoria,1529.45800781
2012-11-12,Sampdoria,1520.74023438
2012-11-19,Sampdoria,1530.22924805
2012-11-21,Sampdoria,1534.15881348
2012-11-22,Sampdoria,1538.68518066
2012-11-23,Sampdoria,1533.84106445
2012-11-26,Sampdoria,1541.74621582
2012-12-03,Sampdoria,1546.9921875
2012-12-05,Sampdoria,1543.33508301
2012-12-06,Sampdoria,1547.29394531
2012-12-07,Sampdoria,1538.77380371
2012-12-11,Sampdoria,1528.11328125
2012-12-17,Sampdoria,1521.41650391
2012-12-23,Sampdoria,1515.91455078
2013-01-07,Sampdoria,1531.81945801
2013-01-14,Sampdoria,1535.72131348
2013-01-21,Sampdoria,1529.22241211
2013-01-28,Sampdoria,1542.64660645
2013-02-03,Sampdoria,1545.59448242
2013-02-11,Sampdoria,1557.39074707
2013-02-13,Sampdoria,1559.83190918
2013-02-15,Sampdoria,1557.2434082
2013-02-18,Sampdoria,1562.8236084
2013-02-21,Sampdoria,1567.09533691
2013-02-22,Sampdoria,1572.46875
2013-02-25,Sampdoria,1581.69494629
2013-03-04,Sampdoria,1589.13037109
2013-03-07,Sampdoria,1589.39916992
2013-03-08,Sampdoria,1591.47192383
2013-03-11,Sampdoria,1581.60375977
2013-03-13,Sampdoria,1576.6730957
2013-03-15,Sampdoria,1580.65649414
2013-03-31,Sampdoria,1582.1607666
2013-04-03,Sampdoria,1580.17211914
2013-04-04,Sampdoria,1570.04711914
2013-04-05,Sampdoria,1566.59130859
2013-04-08,Sampdoria,1551.51135254
2013-04-11,Sampdoria,1550.14624023
2013-04-12,Sampdoria,1548.93859863
2013-04-15,Sampdoria,1549.84155273
2013-04-22,Sampdoria,1553.03808594
2013-04-29,Sampdoria,1542.04345703
2013-05-06,Sampdoria,1536.60974121
2013-05-09,Sampdoria,1537.42138672
2013-05-13,Sampdoria,1532.28979492
2013-05-19,Sampdoria,1546.73327637
2013-08-02,Sampdoria,1546.9967041
2013-08-09,Sampdoria,1547.13232422
2013-08-21,Sampdoria,1547.6270752
2013-08-23,Sampdoria,1542.43762207
2013-08-25,Sampdoria,1539.30737305
2013-08-29,Sampdoria,1542.76257324
2013-08-30,Sampdoria,1541.47973633
2013-09-02,Sampdoria,1544.30407715
2013-09-16,Sampdoria,1526.95507812
2013-09-18,Sampdoria,1524.68505859
2013-09-19,Sampdoria,1530.11584473
2013-09-20,Sampdoria,1532.98144531
2013-09-22,Sampdoria,1536.61853027
2013-09-26,Sampdoria,1529.29467773
2013-09-29,Sampdoria,1527.13745117
2013-10-02,Sampdoria,1525.08508301
2013-10-03,Sampdoria,1523.22155762
2013-10-04,Sampdoria,1525.4979248
2013-10-07,Sampdoria,1524.7043457
2013-10-21,Sampdoria,1534.43579102
2013-10-23,Sampdoria,1538.93273926
2013-10-24,Sampdoria,1538.04711914
2013-10-25,Sampdoria,1537.92028809
2013-10-27,Sampdoria,1545.26513672
2013-10-31,Sampdoria,1537.4005127
2013-11-04,Sampdoria,1526.72521973
2013-11-06,Sampdoria,1527.96777344
2013-11-07,Sampdoria,1528.4831543
2013-11-08,Sampdoria,1530.61962891
2013-11-11,Sampdoria,1528.40856934
2013-11-25,Sampdoria,1530.66687012
2013-11-27,Sampdoria,1532.79919434
2013-11-28,Sampdoria,1533.46203613
2013-11-29,Sampdoria,1534.0078125
2013-12-02,Sampdoria,1539.59326172
2013-12-09,Sampdoria,1549.84765625
2013-12-12,Sampdoria,1549.85107422
2013-12-13,Sampdoria,1549.86071777
2013-12-16,Sampdoria,1560.72546387
2013-12-23,Sampdoria,1560.76574707
2014-01-07,Sampdoria,1557.60974121
2014-01-14,Sampdoria,1572.26013184
2014-01-19,Sampdoria,1570.17919922
2014-01-27,Sampdoria,1568.46374512
2014-02-04,Sampdoria,1578.93310547
2014-02-10,Sampdoria,1585.84326172
2014-02-17,Sampdoria,1580.89916992
2014-02-20,Sampdoria,1579.77502441
2014-02-21,Sampdoria,1577.53515625
2014-02-24,Sampdoria,1569.40905762
2014-02-28,Sampdoria,1571.19213867
2014-03-03,Sampdoria,1586.83544922
2014-03-10,Sampdoria,1593.50085449
2014-03-12,Sampdoria,1591.98583984
2014-03-14,Sampdoria,1590.05090332
2014-03-17,Sampdoria,1578.0032959
2014-03-21,Sampdoria,1576.30078125
2014-03-24,Sampdoria,1591.25512695
2014-03-27,Sampdoria,1598.06945801
2014-03-31,Sampdoria,1599.95031738
2014-04-04,Sampdoria,1601.11352539
2014-04-07,Sampdoria,1593.37036133
2014-04-11,Sampdoria,1594.11669922
2014-04-14,Sampdoria,1578.69360352
2014-04-20,Sampdoria,1570.40783691
2014-04-25,Sampdoria,1568.8347168
2014-04-28,Sampdoria,1575.00378418
2014-05-02,Sampdoria,1572.48181152
2014-05-05,Sampdoria,1565.51989746
2014-05-12,Sampdoria,1558.15698242
2014-05-18,Sampdoria,1561.10803223
2014-08-01,Sampdoria,1561.52404785
2014-08-08,Sampdoria,1561.73876953
2014-08-20,Sampdoria,1561.20397949
2014-08-22,Sampdoria,1560.7401123
2014-08-28,Sampdoria,1556.98901367
2014-08-29,Sampdoria,1558.58483887
2014-09-01,Sampdoria,1560.5177002
2014-09-15,Sampdoria,1572.6953125
2014-09-17,Sampdoria,1573.33947754
2014-09-18,Sampdoria,1577.05822754
2014-09-19,Sampdoria,1583.94445801
2014-09-22,Sampdoria,1583.84216309
2014-09-25,Sampdoria,1590.07763672
2014-09-29,Sampdoria,1599.33764648
2014-10-01,Sampdoria,1601.20373535
2014-10-02,Sampdoria,1599.23596191
2014-10-03,Sampdoria,1604.35522461
2014-10-06,Sampdoria,1610.68103027
2014-10-13,Sampdoria,1610.68103027
2014-10-20,Sampdoria,1611.28674316
2014-10-22,Sampdoria,1607.53723145
2014-10-23,Sampdoria,1603.36645508
2014-10-24,Sampdoria,1599.74401855
2014-10-26,Sampdoria,1603.37060547
2014-10-27,Sampdoria,1603.37060547
2014-10-30,Sampdoria,1598.44714355
2014-11-03,Sampdoria,1612.36633301
2014-11-04,Sampdoria,1612.36633301
2014-11-05,Sampdoria,1613.3269043
2014-11-06,Sampdoria,1612.60144043
2014-11-07,Sampdoria,1607.73010254
2014-11-08,Sampdoria,1607.73010254
2014-11-09,Sampdoria,1608.66796875
2014-11-10,Sampdoria,1608.66796875
2014-11-16,Sampdoria,1608.66796875
2014-11-24,Sampdoria,1606.26538086
2014-11-26,Sampdoria,1606.33300781
2014-11-27,Sampdoria,1607.61437988
2014-11-28,Sampdoria,1610.49597168
2014-11-29,Sampdoria,1610.49597168
2014-11-30,Sampdoria,1610.49597168
2014-12-01,Sampdoria,1610.49597168
2014-12-02,Sampdoria,1613.11914062
2014-12-07,Sampdoria,1613.11914062
2014-12-09,Sampdoria,1625.15698242
2014-12-10,Sampdoria,1624.95825195
2014-12-11,Sampdoria,1622.1685791
2014-12-12,Sampdoria,1620.8782959
2014-12-14,Sampdoria,1620.8782959
2014-12-15,Sampdoria,1628.29138184
2014-12-16,Sampdoria,1628.29138184
2014-12-18,Sampdoria,1628.29138184
2014-12-21,Sampdoria,1628.29138184
2014-12-22,Sampdoria,1625.92211914
2015-01-06,Sampdoria,1616.49328613
2015-01-11,Sampdoria,1616.49328613
2015-01-12,Sampdoria,1621.1171875
2015-01-17,Sampdoria,1621.1171875
2015-01-18,Sampdoria,1621.1171875
2015-01-19,Sampdoria,1632.52856445
2015-01-25,Sampdoria,1632.52856445
2015-01-26,Sampdoria,1629.95581055
2015-02-01,Sampdoria,1629.95581055
2015-02-02,Sampdoria,1616.59533691
2015-02-05,Sampdoria,1616.59533691
2015-02-08,Sampdoria,1616.59533691
2015-02-09,Sampdoria,1613.78796387
2015-02-15,Sampdoria,1613.78796387
2015-02-16,Sampdoria,1605.52246094
2015-02-20,Sampdoria,1608.60839844
2015-02-25,Sampdoria,1608.11962891
2015-02-27,Sampdoria,1623.42993164
2015-03-01,Sampdoria,1623.42993164
2015-03-02,Sampdoria,1631.93359375
2015-03-04,Sampdoria,1631.93359375
2015-03-08,Sampdoria,1638.40136719
2015-03-09,Sampdoria,1638.40136719
2015-03-13,Sampdoria,1637.13757324
2015-03-15,Sampdoria,1637.13757324
2015-03-17,Sampdoria,1655.78161621
2015-03-19,Sampdoria,1659.82067871
2015-03-20,Sampdoria,1660.6348877
2015-03-21,Sampdoria,1660.6348877
2015-03-22,Sampdoria,1660.6348877
2015-03-23,Sampdoria,1667.60205078
2015-04-05,Sampdoria,1661.73327637
2015-04-06,Sampdoria,1661.73327637
2015-04-08,Sampdoria,1661.73327637
2015-04-12,Sampdoria,1661.73327637
2015-04-13,Sampdoria,1664.59802246
2015-04-15,Sampdoria,1665.79675293
2015-04-17,Sampdoria,1674.03601074
2015-04-19,Sampdoria,1667.98681641
2015-04-20,Sampdoria,1667.98681641
2015-04-21,Sampdoria,1667.98681641
2015-04-23,Sampdoria,1668.59924316
2015-04-24,Sampdoria,1672.40234375
2015-04-25,Sampdoria,1672.40234375
2015-04-26,Sampdoria,1672.40234375
2015-04-27,Sampdoria,1667.52282715
2015-04-30,Sampdoria,1664.27368164
2015-05-02,Sampdoria,1664.27368164
2015-05-03,Sampdoria,1660.68530273
2015-05-04,Sampdoria,1660.68530273
2015-05-06,Sampdoria,1662.52319336
2015-05-07,Sampdoria,1662.52319336
2015-05-08,Sampdoria,1658.58459473
2015-05-09,Sampdoria,1658.58459473
2015-05-10,Sampdoria,1658.58459473
2015-05-11,Sampdoria,1674.14025879
2015-05-14,Sampdoria,1678.04406738
2015-05-15,Sampdoria,1672.58581543
2015-05-17,Sampdoria,1664.78369141
2015-05-18,Sampdoria,1664.78369141
2015-05-20,Sampdoria,1664.78369141
2015-05-24,Sampdoria,1664.78369141
2015-05-25,Sampdoria,1665.14831543
2015-05-31,Sampdoria,1665.14831543
2015-06-01,Sampdoria,1660.51367188
2015-06-07,Sampdoria,1658.2869873
2015-06-08,Sampdoria,1658.2869873
2015-06-14,Sampdoria,1658.2869873
2015-06-18,Sampdoria,1658.2869873
2015-06-22,Sampdoria,1658.2869873
2015-07-10,Sampdoria,1658.2869873
2015-07-24,Sampdoria,1658.2869873
2015-07-26,Sampdoria,1658.2869873
2015-07-29,Sampdoria,1658.2869873
2015-07-31,Sampdoria,1609.17114258
2015-08-03,Sampdoria,1609.17114258
2015-08-04,Sampdoria,1609.17114258
2015-08-05,Sampdoria,1609.17114258
2015-08-06,Sampdoria,1609.17114258
2015-08-07,Sampdoria,1611.08459473
2015-08-09,Sampdoria,1611.08459473
2015-08-10,Sampdoria,1611.08459473
2015-08-11,Sampdoria,1611.08459473
2015-08-15,Sampdoria,1611.08459473
2015-08-19,Sampdoria,1613.23852539
2015-08-21,Sampdoria,1613.23852539
2015-08-23,Sampdoria,1613.23852539
2015-08-24,Sampdoria,1620.89379883
2015-08-27,Sampdoria,1615.1036377
2015-08-28,Sampdoria,1615.1036377
2015-08-29,Sampdoria,1615.1036377
2015-08-30,Sampdoria,1615.1036377
2015-08-31,Sampdoria,1619.94128418
2015-09-13,Sampdoria,1619.94128418
2015-09-14,Sampdoria,1619.94128418
2015-09-15,Sampdoria,1624.59863281
2015-09-16,Sampdoria,1628.37719727
2015-09-17,Sampdoria,1630.58605957
2015-09-18,Sampdoria,1629.50305176
2015-09-20,Sampdoria,1629.50305176
2015-09-21,Sampdoria,1622.67089844
2015-09-24,Sampdoria,1632.49230957
2015-09-27,Sampdoria,1632.49230957
2015-09-29,Sampdoria,1625.22045898
2015-09-30,Sampdoria,1621.37182617
2015-10-01,Sampdoria,1624.21105957
2015-10-02,Sampdoria,1631.18054199
2015-10-03,Sampdoria,1631.18054199
2015-10-04,Sampdoria,1631.18054199
2015-10-05,Sampdoria,1631.36730957
2015-10-18,Sampdoria,1631.36730957
2015-10-19,Sampdoria,1616.68371582
2015-10-21,Sampdoria,1617.84899902
2015-10-22,Sampdoria,1615.99438477
2015-10-23,Sampdoria,1614.2935791
2015-10-25,Sampdoria,1614.2935791
2015-10-26,Sampdoria,1624.1229248
2015-10-30,Sampdoria,1620.72253418
2015-11-01,Sampdoria,1620.72253418
2015-11-02,Sampdoria,1620.72253418
2015-11-03,Sampdoria,1622.84240723
2015-11-04,Sampdoria,1622.75256348
2015-11-05,Sampdoria,1624.97875977
2015-11-06,Sampdoria,1630.25720215
2015-11-08,Sampdoria,1630.25720215
2015-11-09,Sampdoria,1621.00231934
2015-11-23,Sampdoria,1614.12744141
2015-11-25,Sampdoria,1613.12805176
2015-11-26,Sampdoria,1614.98681641
2015-11-27,Sampdoria,1618.46264648
2015-11-29,Sampdoria,1611.30236816
2015-11-30,Sampdoria,1611.30236816
2015-12-03,Sampdoria,1611.30236816
2015-12-05,Sampdoria,1611.30236816
2015-12-06,Sampdoria,1611.30236816
2015-12-07,Sampdoria,1598.5324707
2015-12-09,Sampdoria,1595.71105957
2015-12-10,Sampdoria,1593.51904297
2015-12-11,Sampdoria,1595.27966309
2015-12-15,Sampdoria,1600.46582031
2015-12-21,Sampdoria,1609.08361816
2015-12-27,Sampdoria,1609.08361816
2016-01-03,Sampdoria,1609.08361816
2016-01-06,Sampdoria,1620.00708008
2016-01-11,Sampdoria,1616.74645996
2016-01-13,Sampdoria,1616.74645996
2016-01-17,Sampdoria,1616.74645996
2016-01-18,Sampdoria,1608.06738281
2016-01-23,Sampdoria,1608.06738281
2016-01-25,Sampdoria,1601.87609863
2016-02-01,Sampdoria,1594.76586914
2016-02-04,Sampdoria,1594.06860352
2016-02-08,Sampdoria,1591.34143066
2016-02-15,Sampdoria,1588.95568848
2016-02-18,Sampdoria,1587.99035645
2016-02-19,Sampdoria,1585.70471191
2016-02-21,Sampdoria,1580.82922363
2016-02-24,Sampdoria,1579.81506348
2016-02-26,Sampdoria,1576.08654785
2016-02-29,Sampdoria,1581.76574707
2016-03-06,Sampdoria,1597.63513184
2016-03-09,Sampdoria,1597.30371094
2016-03-11,Sampdoria,1598.36657715
2016-03-13,Sampdoria,1600.63000488
2016-03-17,Sampdoria,1597.72314453
2016-03-18,Sampdoria,1590.71569824
2016-03-21,Sampdoria,1580.93859863
2016-04-04,Sampdoria,1586.33813477
2016-04-11,Sampdoria,1594.72607422
2016-04-18,Sampdoria,1587.21435547
2016-04-21,Sampdoria,1590.63208008
2016-04-25,Sampdoria,1599.08813477
2016-05-02,Sampdoria,1588.4934082
2016-05-09,Sampdoria,1572.78417969
2016-05-15,Sampdoria,1570.34216309
2016-07-29,Sampdoria,1570.83752441
2016-08-05,Sampdoria,1574.0916748
2016-08-18,Sampdoria,1574.81298828
2016-08-19,Sampdoria,1576.64367676
2016-08-22,Sampdoria,1586.82214355
2016-08-24,Sampdoria,1577.13256836
2016-08-26,Sampdoria,1577.17871094
2016-08-29,Sampdoria,1583.49938965
2016-09-12,Sampdoria,1581.05273438
2016-09-14,Sampdoria,1584.15478516
2016-09-15,Sampdoria,1582.37927246
2016-09-16,Sampdoria,1579.77416992
2016-09-17,Sampdoria,1571.77856445
2016-09-22,Sampdoria,1561.89562988
2016-09-27,Sampdoria,1555.51159668
2016-09-28,Sampdoria,1557.9987793
2016-09-29,Sampdoria,1561.02392578
2016-09-30,Sampdoria,1554.41210938
2016-10-03,Sampdoria,1552.43383789
2016-10-16,Sampdoria,1553.34790039
2016-10-19,Sampdoria,1554.94030762
2016-10-20,Sampdoria,1550.36547852
2016-10-21,Sampdoria,1553.68713379
2016-10-23,Sampdoria,1561.85656738
2016-10-27,Sampdoria,1560.10253906
2016-10-31,Sampdoria,1568.75622559
2016-11-02,Sampdoria,1568.66833496
2016-11-03,Sampdoria,1566.1126709
2016-11-04,Sampdoria,1566.79345703
2016-11-07,Sampdoria,1572.36853027
2016-11-21,Sampdoria,1580.06726074
2016-11-23,Sampdoria,1584.12426758
2016-11-24,Sampdoria,1582.64025879
2016-11-25,Sampdoria,1575.24523926
2016-11-28,Sampdoria,1573.86889648
2016-12-05,Sampdoria,1585.11669922
2016-12-07,Sampdoria,1589.03100586
2016-12-08,Sampdoria,1589.61303711
2016-12-09,Sampdoria,1591.67956543
2016-12-10,Sampdoria,1585.72009277
2016-12-11,Sampdoria,1578.49938965
2016-12-19,Sampdoria,1572.96801758
2016-12-23,Sampdoria,1570.72229004
2017-01-08,Sampdoria,1568.88549805
2017-01-16,Sampdoria,1565.8067627
2017-01-23,Sampdoria,1561.66137695
2017-01-30,Sampdoria,1573.50256348
2017-02-06,Sampdoria,1586.22619629
2017-02-13,Sampdoria,1593.66052246
2017-02-16,Sampdoria,1592.87036133
2017-02-17,Sampdoria,1602.47436523
2017-02-19,Sampdoria,1602.47436523
2017-02-20,Sampdoria,1598.69287109
2017-02-23,Sampdoria,1601.22644043
2017-02-24,Sampdoria,1593.24060059
2017-02-27,Sampdoria,1592.47180176
2017-03-05,Sampdoria,1596.66784668
2017-03-08,Sampdoria,1595.66967773
2017-03-10,Sampdoria,1592.00744629
2017-03-12,Sampdoria,1601.2232666
2017-03-15,Sampdoria,1601.77233887
2017-03-17,Sampdoria,1600.40649414
2017-03-20,Sampdoria,1597.61547852
2017-04-04,Sampdoria,1610.26855469
2017-04-06,Sampdoria,1610.26855469
2017-04-10,Sampdoria,1610.6484375
2017-04-11,Sampdoria,1610.6484375
2017-04-12,Sampdoria,1616.96582031
2017-04-13,Sampdoria,1616.96582031
2017-04-14,Sampdoria,1616.96582031
2017-04-16,Sampdoria,1609.99902344
2017-04-18,Sampdoria,1609.99902344
2017-04-20,Sampdoria,1611.86071777
2017-04-23,Sampdoria,1611.86071777
2017-04-24,Sampdoria,1598.64733887
2017-04-30,Sampdoria,1601.91430664
2017-05-04,Sampdoria,1605.60107422
2017-05-08,Sampdoria,1598.47973633
2017-05-10,Sampdoria,1599.11303711
2017-05-15,Sampdoria,1596.15783691
2017-05-22,Sampdoria,1597.64709473
2017-05-29,Sampdoria,1592.68579102
2017-06-04,Sampdoria,1589.53942871
2017-07-28,Sampdoria,1590.30688477
2017-08-04,Sampdoria,1590.98815918
2017-08-17,Sampdoria,1592.58325195
2017-08-18,Sampdoria,1593.50964355
2017-08-21,Sampdoria,1597.32348633
2017-08-23,Sampdoria,1598.69604492
2017-08-25,Sampdoria,1598.80883789
2017-08-28,Sampdoria,1610.36401367
2017-08-29,Sampdoria,1610.36401367
2017-09-04,Sampdoria,1610.36401367
2017-09-10,Sampdoria,1610.36401367
2017-09-13,Sampdoria,1608.14428711
2017-09-14,Sampdoria,1605.24084473
2017-09-15,Sampdoria,1616.4276123
2017-09-17,Sampdoria,1616.4276123
2017-09-18,Sampdoria,1619.82141113
2017-09-21,Sampdoria,1618.81835938
2017-09-25,Sampdoria,1631.44616699
2017-09-27,Sampdoria,1631.96142578
2017-09-28,Sampdoria,1633.49499512
2017-09-29,Sampdoria,1636.17932129
2017-10-01,Sampdoria,1619.62792969
2017-10-02,Sampdoria,1619.62792969
2017-10-08,Sampdoria,1619.62792969
2017-10-15,Sampdoria,1619.62792969
2017-10-16,Sampdoria,1632.94848633
2017-10-18,Sampdoria,1631.20593262
2017-10-19,Sampdoria,1633.4675293
2017-10-20,Sampdoria,1636.31469727
2017-10-22,Sampdoria,1645.27770996
2017-10-25,Sampdoria,1641.58911133
2017-10-30,Sampdoria,1650.76586914
2017-11-01,Sampdoria,1653.39221191
2017-11-02,Sampdoria,1648.91003418
2017-11-03,Sampdoria,1648.23803711
2017-11-05,Sampdoria,1658.1517334
2017-11-06,Sampdoria,1658.1517334
2017-11-20,Sampdoria,1671.92614746
2017-11-22,Sampdoria,1673.77160645
2017-11-23,Sampdoria,1671.09973145
2017-11-24,Sampdoria,1676.66503906
2017-11-26,Sampdoria,1661.19934082
2017-11-27,Sampdoria,1661.19934082
2017-12-04,Sampdoria,1654.72949219
2017-12-06,Sampdoria,1656.48266602
2017-12-07,Sampdoria,1651.74072266
2017-12-08,Sampdoria,1644.16955566
2017-12-09,Sampdoria,1644.16955566
2017-12-10,Sampdoria,1643.5291748
2017-12-11,Sampdoria,1643.5291748
2017-12-17,Sampdoria,1643.5291748
2017-12-18,Sampdoria,1632.28369141
2017-12-19,Sampdoria,1632.28369141
2017-12-21,Sampdoria,1632.28369141
2017-12-24,Sampdoria,1630.22924805
2017-12-27,Sampdoria,1630.22924805
2017-12-31,Sampdoria,1635.90356445
2018-01-02,Sampdoria,1635.90356445
2018-01-07,Sampdoria,1623.82055664
2018-01-14,Sampdoria,1623.82055664
2018-01-21,Sampdoria,1623.82055664
2018-01-22,Sampdoria,1635.28088379
2018-01-25,Sampdoria,1639.38916016
2018-01-28,Sampdoria,1639.38916016
2018-01-29,Sampdoria,1653.24438477
2018-01-30,Sampdoria,1653.24438477
2018-02-04,Sampdoria,1652.13110352
2018-02-05,Sampdoria,1652.13110352
2018-02-12,Sampdoria,1657.28430176
2018-02-14,Sampdoria,1655.42492676
2018-02-15,Sampdoria,1655.42492676
2018-02-16,Sampdoria,1649.11791992
2018-02-17,Sampdoria,1649.11791992
2018-02-19,Sampdoria,1643.34057617
2018-02-22,Sampdoria,1641.91491699
2018-02-23,Sampdoria,1646.88525391
2018-02-25,Sampdoria,1646.88525391
2018-02-26,Sampdoria,1652.59729004
2018-02-27,Sampdoria,1652.59729004
2018-03-04,Sampdoria,1652.59729004
2018-03-06,Sampdoria,1652.59729004
2018-03-08,Sampdoria,1657.75256348
2018-03-09,Sampdoria,1652.45373535
2018-03-12,Sampdoria,1634.42175293
2018-03-13,Sampdoria,1634.42175293
2018-03-14,Sampdoria,1637.82434082
2018-03-15,Sampdoria,1637.82434082
2018-03-16,Sampdoria,1642.31274414
2018-03-19,Sampdoria,1626.56066895
2018-04-01,Sampdoria,1617.65112305
2018-04-02,Sampdoria,1617.65112305
2018-04-04,Sampdoria,1624.61975098
2018-04-05,Sampdoria,1623.07128906
2018-04-06,Sampdoria,1626.1907959
2018-04-08,Sampdoria,1623.28588867
2018-04-09,Sampdoria,1623.28588867
2018-04-11,Sampdoria,1630.05090332
2018-04-12,Sampdoria,1632.43615723
2018-04-13,Sampdoria,1625.51806641
2018-04-15,Sampdoria,1625.51806641
2018-04-16,Sampdoria,1623.56176758
2018-04-19,Sampdoria,1629.20300293
2018-04-21,Sampdoria,1629.20300293
2018-04-22,Sampdoria,1629.20300293
2018-04-23,Sampdoria,1622.01293945
2018-04-25,Sampdoria,1618.78540039
2018-04-27,Sampdoria,1618.78540039
2018-04-30,Sampdoria,1626.99951172
2018-05-03,Sampdoria,1627.96716309
2018-05-05,Sampdoria,1627.96716309
2018-05-06,Sampdoria,1627.96716309
2018-05-07,Sampdoria,1620.24389648
2018-05-12,Sampdoria,1620.24389648
2018-05-13,Sampdoria,1620.24389648
2018-05-14,Sampdoria,1614.71228027
2018-05-15,Sampdoria,1614.71228027
2018-05-20,Sampdoria,1614.71228027
2018-05-21,Sampdoria,1602.63012695
2018-05-22,Sampdoria,1602.63012695
2018-06-08,Sampdoria,1602.63012695
2018-06-11,Sampdoria,1602.63012695
2018-07-12,Sampdoria,1602.63012695
2018-07-27,Sampdoria,1601.46081543
2018-08-02,Sampdoria,1601.46081543
2018-08-03,Sampdoria,1602.91516113
2018-08-05,Sampdoria,1602.91516113
2018-08-08,Sampdoria,1602.91516113
2018-08-10,Sampdoria,1603.34326172
2018-08-12,Sampdoria,1603.34326172
2018-08-13,Sampdoria,1603.34326172
2018-08-17,Sampdoria,1603.41516113
2018-08-18,Sampdoria,1603.41516113
2018-08-23,Sampdoria,1603.41516113
2018-08-24,Sampdoria,1602.06262207
2018-08-25,Sampdoria,1602.06262207
2018-08-26,Sampdoria,1602.06262207
2018-08-27,Sampdoria,1594.43762207
2018-08-31,Sampdoria,1593.0357666
2018-09-03,Sampdoria,1615.66040039
2018-09-15,Sampdoria,1615.66040039
2018-09-16,Sampdoria,1630.37036133
2018-09-17,Sampdoria,1630.37036133
2018-09-18,Sampdoria,1630.37036133
2018-09-19,Sampdoria,1633.14587402
2018-09-20,Sampdoria,1634.77624512
2018-09-21,Sampdoria,1635.89172363
2018-09-23,Sampdoria,1628.9979248
2018-09-25,Sampdoria,1628.9979248
2018-09-26,Sampdoria,1628.9979248
2018-09-27,Sampdoria,1628.79467773
2018-09-28,Sampdoria,1628.79467773
2018-10-01,Sampdoria,1628.79467773
2018-10-02,Sampdoria,1633.74182129
2018-10-03,Sampdoria,1635.64331055
2018-10-04,Sampdoria,1641.4630127
2018-10-05,Sampdoria,1637.9864502
2018-10-07,Sampdoria,1637.9864502
2018-10-08,Sampdoria,1649.52197266
2018-10-21,Sampdoria,1649.52197266
2018-10-22,Sampdoria,1649.52197266
2018-10-23,Sampdoria,1647.05273438
2018-10-24,Sampdoria,1651.88659668
2018-10-25,Sampdoria,1652.22839355
2018-10-26,Sampdoria,1652.68469238
2018-10-28,Sampdoria,1652.68469238
2018-10-29,Sampdoria,1648.2421875
2018-10-30,Sampdoria,1648.2421875
2018-11-04,Sampdoria,1648.2421875
2018-11-05,Sampdoria,1633.70581055
2018-11-07,Sampdoria,1634.1151123
2018-11-08,Sampdoria,1631.76928711
2018-11-09,Sampdoria,1633.59411621
2018-11-10,Sampdoria,1633.59411621
2018-11-11,Sampdoria,1633.59411621
2018-11-12,Sampdoria,1629.20629883
2018-11-24,Sampdoria,1629.20629883
2018-11-25,Sampdoria,1629.20629883
2018-11-26,Sampdoria,1629.47460938
2018-11-27,Sampdoria,1629.47460938
2018-11-28,Sampdoria,1626.74902344
2018-11-29,Sampdoria,1626.68981934
2018-11-30,Sampdoria,1621.23449707
2018-12-01,Sampdoria,1621.23449707
2018-12-02,Sampdoria,1629.65917969
2018-12-08,Sampdoria,1629.65917969
2018-12-09,Sampdoria,1634.37097168
2018-12-10,Sampdoria,1634.37097168
2018-12-12,Sampdoria,1631.27514648
2018-12-13,Sampdoria,1622.79382324
2018-12-14,Sampdoria,1615.03820801
2018-12-17,Sampdoria,1620.9239502
2018-12-18,Sampdoria,1620.9239502
2018-12-23,Sampdoria,1632.56408691
2018-12-24,Sampdoria,1632.56408691
2018-12-27,Sampdoria,1637.63549805
2018-12-30,Sampdoria,1636.40820312
2019-01-13,Sampdoria,1636.40820312
2019-01-14,Sampdoria,1636.40820312
2019-01-15,Sampdoria,1636.40820312
2019-01-17,Sampdoria,1636.40820312
2019-01-20,Sampdoria,1636.40820312
2019-01-21,Sampdoria,1639.26123047
2019-01-27,Sampdoria,1647.39135742
2019-01-30,Sampdoria,1647.39135742
2019-02-03,Sampdoria,1643.11022949
2019-02-04,Sampdoria,1643.11022949
2019-02-11,Sampdoria,1629.91552734
2019-02-13,Sampdoria,1631.23339844
2019-02-15,Sampdoria,1630.39648438
2019-02-17,Sampdoria,1630.39648438
2019-02-18,Sampdoria,1626.47436523
2019-02-21,Sampdoria,1620.32116699
2019-02-22,Sampdoria,1621.68212891
2019-02-24,Sampdoria,1621.68212891
2019-02-25,Sampdoria,1626.0925293
2019-03-04,Sampdoria,1633.12731934
2019-03-07,Sampdoria,1628.56152344
2019-03-08,Sampdoria,1633.39855957
2019-03-11,Sampdoria,1625.86523438
2019-03-13,Sampdoria,1633.43908691
2019-03-15,Sampdoria,1628.02050781
2019-03-16,Sampdoria,1628.02050781
2019-03-17,Sampdoria,1640.1328125
2019-03-31,Sampdoria,1648.74841309
2019-04-01,Sampdoria,1648.74841309
2019-04-04,Sampdoria,1643.46594238
2019-04-06,Sampdoria,1643.46594238
2019-04-07,Sampdoria,1636.2467041
2019-04-08,Sampdoria,1636.2467041
2019-04-09,Sampdoria,1636.2467041
2019-04-10,Sampdoria,1636.2467041
2019-04-11,Sampdoria,1636.48010254
2019-04-12,Sampdoria,1633.56616211
2019-04-15,Sampdoria,1639.84729004
2019-04-17,Sampdoria,1633.28356934
2019-04-19,Sampdoria,1631.42016602
2019-04-20,Sampdoria,1631.42016602
2019-04-21,Sampdoria,1616.08007812
2019-04-22,Sampdoria,1616.08007812
2019-04-23,Sampdoria,1616.08007812
2019-04-24,Sampdoria,1616.08007812
2019-04-27,Sampdoria,1616.08007812
2019-04-29,Sampdoria,1607.85546875
2019-05-04,Sampdoria,1607.85546875
2019-05-06,Sampdoria,1606.75280762
2019-05-08,Sampdoria,1606.75280762
2019-05-12,Sampdoria,1606.75280762
2019-05-13,Sampdoria,1595.14904785
2019-05-20,Sampdoria,1592.72021484
2019-05-27,Sampdoria,1612.12451172
2019-05-28,Sampdoria,1612.12451172
2019-07-12,Sampdoria,1612.12451172
2019-07-26,Sampdoria,1612.56420898
2019-08-02,Sampdoria,1612.78234863
2019-08-04,Sampdoria,1612.78234863
2019-08-07,Sampdoria,1612.78234863
2019-08-09,Sampdoria,1614.36499023
2019-08-11,Sampdoria,1614.36499023
2019-08-14,Sampdoria,1614.36499023
2019-08-16,Sampdoria,1614.41992188
2019-08-18,Sampdoria,1614.41992188
2019-08-21,Sampdoria,1614.41992188
2019-08-22,Sampdoria,1614.41992188
2019-08-23,Sampdoria,1611.1418457
2019-08-24,Sampdoria,1611.1418457
2019-08-25,Sampdoria,1611.1418457
2019-08-26,Sampdoria,1596.56079102
2019-08-30,Sampdoria,1595.24987793
2019-09-02,Sampdoria,1583.24536133
2019-09-15,Sampdoria,1580.27490234
2019-09-18,Sampdoria,1584.84289551
2019-09-19,Sampdoria,1580.16564941
2019-09-20,Sampdoria,1578.88024902
2019-09-23,Sampdoria,1587.90161133
2019-09-26,Sampdoria,1581.66357422
2019-09-29,Sampdoria,1574.07653809
2019-10-02,Sampdoria,1572.75610352
2019-10-03,Sampdoria,1570.99121094
2019-10-04,Sampdoria,1571.83581543
2019-10-06,Sampdoria,1557.8651123
2019-10-21,Sampdoria,1561.04394531
2019-10-23,Sampdoria,1560.72607422
2019-10-24,Sampdoria,1567.87768555
2019-10-25,Sampdoria,1564.06982422
2019-10-28,Sampdoria,1557.91479492
2019-10-31,Sampdoria,1553.96203613
2019-11-05,Sampdoria,1562.74499512
2019-11-06,Sampdoria,1560.11340332
2019-11-07,Sampdoria,1563.34960938
2019-11-08,Sampdoria,1557.18896484
2019-11-11,Sampdoria,1560.1875
2019-11-25,Sampdoria,1566.00695801
2019-11-27,Sampdoria,1570.80895996
2019-11-28,Sampdoria,1577.0513916
2019-11-29,Sampdoria,1581.88012695
2019-12-03,Sampdoria,1576.40234375
2019-12-09,Sampdoria,1565.62780762
2019-12-11,Sampdoria,1565.37329102
2019-12-12,Sampdoria,1574.7331543
2019-12-13,Sampdoria,1567.74047852
2019-12-15,Sampdoria,1576.28100586
2019-12-19,Sampdoria,1573.69812012
2020-01-07,Sampdoria,1578.02893066
2020-01-13,Sampdoria,1586.25720215
2020-01-19,Sampdoria,1579.78234863
2020-01-27,Sampdoria,1578.02075195
2020-02-04,Sampdoria,1570.93225098
2020-02-09,Sampdoria,1586.24377441
2020-02-17,Sampdoria,1567.85998535
2020-02-20,Sampdoria,1573.17382812
2020-02-21,Sampdoria,1575.82055664
2020-02-26,Sampdoria,1575.88330078
2020-02-27,Sampdoria,1573.49206543
2020-02-28,Sampdoria,1574.9486084
2020-03-09,Sampdoria,1581.26989746
2020-03-11,Sampdoria,1583.06494141
2020-06-22,Sampdoria,1580.68334961
2020-06-25,Sampdoria,1577.46118164
2020-06-29,Sampdoria,1568.58374023
2020-07-02,Sampdoria,1575.80371094
2020-07-06,Sampdoria,1584.63037109
2020-07-09,Sampdoria,1581.99206543
2020-07-13,Sampdoria,1595.3527832
2020-07-16,Sampdoria,1606.72546387
2020-07-20,Sampdoria,1615.05554199
2020-07-22,Sampdoria,1615.05554199
2020-07-23,Sampdoria,1604.08959961
2020-07-27,Sampdoria,1601.60595703
2020-07-30,Sampdoria,1592.28295898
2020-08-02,Sampdoria,1589.81066895
2020-08-06,Sampdoria,1593.10217285
2020-08-07,Sampdoria,1589.84643555
2020-08-08,Sampdoria,1587.40429688
2020-08-09,Sampdoria,1585.72119141
2020-08-11,Sampdoria,1588.3380127
2020-08-13,Sampdoria,1586.21887207
2020-08-18,Sampdoria,1591.75842285
2020-08-22,Sampdoria,1588.81628418
2020-09-18,Sampdoria,1589.11328125
2020-09-21,Sampdoria,1585.5045166
2020-09-25,Sampdoria,1586.15209961
2020-09-27,Sampdoria,1576.00048828
2020-10-02,Sampdoria,1574.25305176
2020-10-03,Sampdoria,1585.13537598
2020-10-18,Sampdoria,1602.96679688
2020-10-21,Sampdoria,1610.40148926
2020-10-22,Sampdoria,1611.66003418
2020-10-23,Sampdoria,1611.71972656
2020-10-25,Sampdoria,1631.83435059
2020-10-26,Sampdoria,1631.83435059
2020-10-28,Sampdoria,1630.59460449
2020-10-29,Sampdoria,1626.97680664
2020-10-30,Sampdoria,1628.6796875
2020-11-02,Sampdoria,1625.38708496
2020-11-03,Sampdoria,1625.38708496
2020-11-04,Sampdoria,1619.85705566
2020-11-05,Sampdoria,1621.92492676
2020-11-06,Sampdoria,1618.13525391
2020-11-08,Sampdoria,1607.01940918
2020-11-09,Sampdoria,1607.01940918
2020-11-22,Sampdoria,1607.01940918
2020-11-23,Sampdoria,1597.12109375
2020-11-25,Sampdoria,1600.26025391
2020-11-26,Sampdoria,1603.61291504
2020-11-27,Sampdoria,1606.43566895
2020-11-28,Sampdoria,1606.43566895
2020-12-01,Sampdoria,1606.50622559
2020-12-02,Sampdoria,1607.31689453
2020-12-03,Sampdoria,1610.35839844
2020-12-04,Sampdoria,1612.36767578
2020-12-07,Sampdoria,1608.19091797
2020-12-09,Sampdoria,1613.4440918
2020-12-10,Sampdoria,1614.87438965
2020-12-11,Sampdoria,1608.44836426
2020-12-13,Sampdoria,1608.44836426
2020-12-14,Sampdoria,1605.29077148
2020-12-15,Sampdoria,1605.29077148
2020-12-16,Sampdoria,1605.29077148
2020-12-17,Sampdoria,1614.31665039
2020-12-20,Sampdoria,1620.74365234
2020-12-23,Sampdoria,1620.74365234
2020-12-24,Sampdoria,1613.52331543
2020-12-27,Sampdoria,1613.52331543
2021-01-03,Sampdoria,1613.52331543
2021-01-04,Sampdoria,1609.98876953
2021-01-07,Sampdoria,1623.40771484
2021-01-10,Sampdoria,1623.40771484
2021-01-12,Sampdoria,1612.89685059
2021-01-13,Sampdoria,1612.89685059
2021-01-17,Sampdoria,1619.49438477
2021-01-18,Sampdoria,1619.49438477
2021-01-20,Sampdoria,1619.49438477
2021-01-21,Sampdoria,1619.49438477
2021-01-25,Sampdoria,1629.64831543
2021-01-28,Sampdoria,1629.64831543
2021-01-31,Sampdoria,1624.74255371
2021-02-01,Sampdoria,1624.74255371
2021-02-02,Sampdoria,1624.74255371
2021-02-04,Sampdoria,1624.74255371
2021-02-06,Sampdoria,1624.74255371
2021-02-07,Sampdoria,1624.74255371
2021-02-08,Sampdoria,1623.86950684
2021-02-14,Sampdoria,1623.86950684
2021-02-15,Sampdoria,1631.14196777
2021-02-16,Sampdoria,1631.14196777
2021-02-17,Sampdoria,1631.14196777
2021-02-18,Sampdoria,1629.20446777
2021-02-19,Sampdoria,1627.95812988
2021-02-21,Sampdoria,1624.13098145
2021-02-22,Sampdoria,1624.13098145
2021-02-24,Sampdoria,1622.99279785
2021-02-25,Sampdoria,1621.10949707
2021-02-26,Sampdoria,1623.71105957
2021-02-28,Sampdoria,1623.71105957
2021-03-01,Sampdoria,1618.05200195
2021-03-04,Sampdoria,1618.18884277
2021-03-07,Sampdoria,1618.18884277
2021-03-08,Sampdoria,1615.68566895
2021-03-10,Sampdoria,1614.30993652
2021-03-11,Sampdoria,1614.30993652
2021-03-12,Sampdoria,1620.19458008
2021-03-13,Sampdoria,1620.19458008
2021-03-15,Sampdoria,1609.4185791
2021-03-17,Sampdoria,1606.97021484
2021-03-18,Sampdoria,1606.95898438
2021-03-19,Sampdoria,1605.81433105
2021-03-22,Sampdoria,1612.33972168
2021-04-02,Sampdoria,1612.33972168
2021-04-04,Sampdoria,1617.49963379
2021-04-05,Sampdoria,1617.49963379
2021-04-07,Sampdoria,1617.49963379
2021-04-09,Sampdoria,1620.71972656
2021-04-11,Sampdoria,1620.71972656
2021-04-12,Sampdoria,1613.67883301
2021-04-13,Sampdoria,1613.67883301
2021-04-15,Sampdoria,1613.67883301
2021-04-16,Sampdoria,1614.69116211
2021-04-18,Sampdoria,1624.8873291
2021-04-22,Sampdoria,1629.84741211
2021-04-23,Sampdoria,1629.84741211
2021-04-25,Sampdoria,1624.08837891
2021-04-26,Sampdoria,1624.08837891
2021-04-27,Sampdoria,1624.08837891
2021-04-30,Sampdoria,1621.91345215
2021-05-02,Sampdoria,1621.91345215
2021-05-03,Sampdoria,1636.04553223
2021-05-06,Sampdoria,1636.04553223
2021-05-07,Sampdoria,1636.50952148
2021-05-09,Sampdoria,1632.42346191
2021-05-10,Sampdoria,1632.42346191
2021-05-13,Sampdoria,1628.18151855
2021-05-14,Sampdoria,1628.18151855
2021-05-17,Sampdoria,1636.79821777
2021-05-19,Sampdoria,1636.79821777
2021-05-23,Sampdoria,1643.21496582
2021-08-11,Sampdoria,1643.21496582
2021-08-16,Sampdoria,1643.21496582
2021-08-19,Sampdoria,1643.21496582
2021-08-20,Sampdoria,1644.00366211
2021-08-24,Sampdoria,1638.93554688
2021-08-26,Sampdoria,1638.93554688
2021-08-27,Sampdoria,1640.04711914
2021-08-29,Sampdoria,1640.04711914
2021-08-30,Sampdoria,1643.06640625
2021-09-12,Sampdoria,1643.06640625
2021-09-13,Sampdoria,1648.71887207
2021-09-14,Sampdoria,1648.71887207
2021-09-15,Sampdoria,1652.01306152
2021-09-16,Sampdoria,1647.55114746
2021-09-17,Sampdoria,1645.7064209
2021-09-20,Sampdoria,1656.65344238
2021-09-21,Sampdoria,1656.65344238
2021-09-22,Sampdoria,1656.65344238
2021-09-24,Sampdoria,1647.24645996
2021-09-26,Sampdoria,1647.24645996
2021-09-27,Sampdoria,1644.05603027
2021-09-29,Sampdoria,1639.57019043
2021-09-30,Sampdoria,1644.12255859
2021-10-01,Sampdoria,1642.51660156
2021-10-02,Sampdoria,1642.51660156
2021-10-03,Sampdoria,1642.51660156
2021-10-04,Sampdoria,1639.90844727
2021-10-18,Sampdoria,1626.9822998
2021-10-20,Sampdoria,1625.05541992
2021-10-21,Sampdoria,1625.34594727
2021-10-22,Sampdoria,1616.21984863
2021-10-23,Sampdoria,1620.6907959
2021-10-26,Sampdoria,1620.6907959
2021-10-28,Sampdoria,1614.26940918
2021-10-30,Sampdoria,1614.26940918
2021-10-31,Sampdoria,1600.98291016
2021-11-01,Sampdoria,1600.98291016
2021-11-03,Sampdoria,1602.74365234
2021-11-04,Sampdoria,1602.95776367
2021-11-05,Sampdoria,1602.98620605
2021-11-08,Sampdoria,1593.82055664
2021-11-22,Sampdoria,1601.59350586
2021-11-24,Sampdoria,1598.19543457
2021-11-25,Sampdoria,1598.55297852
2021-11-26,Sampdoria,1603.72460938
2021-11-28,Sampdoria,1614.16040039
2021-12-01,Sampdoria,1605.25061035
2021-12-02,Sampdoria,1605.25061035
2021-12-04,Sampdoria,1605.25061035
2021-12-05,Sampdoria,1605.25061035
2021-12-06,Sampdoria,1596.15319824
2021-12-08,Sampdoria,1592.11364746
2021-12-09,Sampdoria,1592.67285156
2021-12-10,Sampdoria,1589.93334961
2021-12-11,Sampdoria,1601.00085449
2021-12-12,Sampdoria,1601.00085449
2021-12-13,Sampdoria,1601.00085449
2021-12-15,Sampdoria,1601.00085449
2021-12-19,Sampdoria,1601.00085449
2021-12-20,Sampdoria,1597.18920898
2021-12-23,Sampdoria,1601.48303223
2021-12-27,Sampdoria,1601.48303223
2021-12-28,Sampdoria,1601.48303223
2021-12-29,Sampdoria,1601.48303223
2022-01-07,Sampdoria,1590.53125
2022-01-10,Sampdoria,1587.43640137
2022-01-16,Sampdoria,1579.54602051
2022-01-24,Sampdoria,1571.08251953
2022-02-07,Sampdoria,1589.71520996
2022-02-14,Sampdoria,1586.86950684
2022-02-17,Sampdoria,1584.6348877
2022-02-18,Sampdoria,1585.53723145
2022-02-20,Sampdoria,1594.8236084
2022-02-23,Sampdoria,1595.44799805
2022-02-25,Sampdoria,1592.83911133
2022-03-01,Sampdoria,1586.78466797
2022-03-06,Sampdoria,1579.61975098
2022-03-09,Sampdoria,1580.29211426
2022-03-11,Sampdoria,1582.5012207
2022-03-13,Sampdoria,1578.01818848
2022-03-17,Sampdoria,1571.25231934
2022-03-18,Sampdoria,1575.05151367
2022-03-21,Sampdoria,1584.33325195
2022-04-04,Sampdoria,1579.08789062
2022-04-08,Sampdoria,1578.42163086
2022-04-12,Sampdoria,1568.35107422
2022-04-15,Sampdoria,1568.94628906
2022-04-17,Sampdoria,1556.72021484
2022-04-24,Sampdoria,1560.0703125
2022-04-29,Sampdoria,1560.85803223
2022-05-01,Sampdoria,1567.23913574
2022-05-06,Sampdoria,1570.34545898
2022-05-08,Sampdoria,1565.23156738
2022-05-17,Sampdoria,1581.17578125
2022-05-23,Sampdoria,1577.9263916
2022-05-26,Sampdoria,1580.58288574
2022-08-14,Sampdoria,1573.203125
2022-08-19,Sampdoria,1574.30993652
2022-08-23,Sampdoria,1578.94995117
2022-08-26,Sampdoria,1580.74108887
2022-08-29,Sampdoria,1562.29248047
2022-09-01,Sampdoria,1565.95788574
2022-09-05,Sampdoria,1560.5826416
2022-09-07,Sampdoria,1558.76733398
2022-09-08,Sampdoria,1562.28845215
2022-09-09,Sampdoria,1558.2052002
2022-09-11,Sampdoria,1555.24194336
2022-09-14,Sampdoria,1557.33312988
2022-09-15,Sampdoria,1559.38586426
2022-09-16,Sampdoria,1546.4934082
2022-09-18,Sampdoria,1539.01672363
2022-10-03,Sampdoria,1521.72717285
2022-10-05,Sampdoria,1532.60253906
2022-10-06,Sampdoria,1530.43969727
2022-10-07,Sampdoria,1528.38183594
2022-10-09,Sampdoria,1531.01721191
2022-10-12,Sampdoria,1521.50830078
2022-10-13,Sampdoria,1525.39550781
2022-10-14,Sampdoria,1525.70446777
2022-10-18,Sampdoria,1521.57861328
2022-10-25,Sampdoria,1529.41711426
2022-10-26,Sampdoria,1531.79760742
2022-10-27,Sampdoria,1534.53405762
2022-10-28,Sampdoria,1537.8861084
2022-10-30,Sampdoria,1535.23864746
2022-11-02,Sampdoria,1531.59997559
2022-11-03,Sampdoria,1532.55603027
2022-11-04,Sampdoria,1532.35498047
2022-11-07,Sampdoria,1523.36694336
2022-11-10,Sampdoria,1516.88549805
2022-11-13,Sampdoria,1504.27612305
2023-01-05,Sampdoria,1516.20092773
2023-01-09,Sampdoria,1513.92041016
2023-01-17,Sampdoria,1508.20959473
2023-01-23,Sampdoria,1502.65979004
2023-01-29,Sampdoria,1499.37463379
2023-02-07,Sampdoria,1502.62988281
2023-02-14,Sampdoria,1509.58728027
2023-02-15,Sampdoria,1511.05700684
2023-02-17,Sampdoria,1516.36364746
2023-02-19,Sampdoria,1509.89379883
2023-02-22,Sampdoria,1511.84765625
2023-02-23,Sampdoria,1513.19519043
2023-02-24,Sampdoria,1523.70861816
2023-02-28,Sampdoria,1521.10498047
2023-03-06,Sampdoria,1520.54455566
2023-03-08,Sampdoria,1517.59020996
2023-03-09,Sampdoria,1520.19396973
2023-03-10,Sampdoria,1524.58776855
2023-03-13,Sampdoria,1521.77160645
2023-03-15,Sampdoria,1523.72033691
2023-03-16,Sampdoria,1524.89855957
2023-03-17,Sampdoria,1527.93933105
2023-03-20,Sampdoria,1540.3972168
2023-04-03,Sampdoria,1536.37670898
2023-04-09,Sampdoria,1525.97644043
2023-04-12,Sampdoria,1529.87524414
2023-04-14,Sampdoria,1531.35510254
2023-04-17,Sampdoria,1533.57324219
2023-04-20,Sampdoria,1534.41906738
2023-04-21,Sampdoria,1541.55212402
2023-04-23,Sampdoria,1541.24694824
2023-05-01,Sampdoria,1534.42919922
2023-05-04,Sampdoria,1526.43334961
2023-05-09,Sampdoria,1521.39233398
2023-05-12,Sampdoria,1518.84570312
2023-05-16,Sampdoria,1520.18994141
2023-05-19,Sampdoria,1522.52648926
2023-05-21,Sampdoria,1519.19812012
2023-05-27,Sampdoria,1521.8807373
2023-06-01,Sampdoria,1521.71398926
2023-06-05,Sampdoria,1520.38232422
2023-06-08,Sampdoria,1517.9005127
2023-06-11,Sampdoria,1516.71594238
2023-07-02,Sampdoria,1516.71594238
2023-08-20,Sampdoria,1522.70922852
2023-08-25,Sampdoria,1521.44458008
2023-08-26,Sampdoria,1505.88305664
2023-08-31,Sampdoria,1496.18066406
2023-09-01,Sampdoria,1498.01342773
2023-09-04,Sampdoria,1500.04943848
2023-09-19,Sampdoria,1488.83605957
2023-09-20,Sampdoria,1488.42553711
2023-09-21,Sampdoria,1489.2980957
2023-09-22,Sampdoria,1491.00292969
2023-09-25,Sampdoria,1493.59790039
2023-09-28,Sampdoria,1486.21875
2023-10-02,Sampdoria,1474.87548828
2023-10-04,Sampdoria,1472.91564941
2023-10-05,Sampdoria,1475.74951172
2023-10-06,Sampdoria,1476.96813965
2023-10-08,Sampdoria,1476.87683105
2023-10-23,Sampdoria,1484.97180176
2023-10-25,Sampdoria,1487.21350098
2023-10-26,Sampdoria,1480.36523438
2023-10-27,Sampdoria,1481.51257324
2023-10-29,Sampdoria,1471.28259277
2023-11-05,Sampdoria,1478.53015137
2023-11-08,Sampdoria,1482.65209961
2023-11-09,Sampdoria,1481.8137207
2023-11-10,Sampdoria,1478.65026855
2023-11-12,Sampdoria,1490.33984375
2023-11-25,Sampdoria,1496.96704102
2023-11-29,Sampdoria,1494.11975098
2023-11-30,Sampdoria,1491.76135254
2023-12-01,Sampdoria,1490.28552246
2023-12-04,Sampdoria,1476.78735352
2023-12-10,Sampdoria,1483.10888672
2023-12-13,Sampdoria,1482.86523438
2023-12-14,Sampdoria,1484.79724121
2023-12-15,Sampdoria,1486.57336426
2023-12-17,Sampdoria,1492.85876465
2023-12-24,Sampdoria,1479.5838623
2023-12-27,Sampdoria,1477.68774414
2024-01-01,Sampdoria,1477.68774414
2024-01-15,Sampdoria,1469.25646973
2024-01-20,Sampdoria,1456.42114258
2024-01-29,Sampdoria,1466.2286377
2024-02-04,Sampdoria,1463.52929688
2024-02-11,Sampdoria,1453.22570801
2024-02-15,Sampdoria,1454.56628418
2024-02-16,Sampdoria,1457.35620117
2024-02-18,Sampdoria,1455.16772461
2024-02-21,Sampdoria,1455.84265137
2024-02-22,Sampdoria,1455.22155762
2024-02-23,Sampdoria,1454.25695801
2024-02-24,Sampdoria,1462.93432617
2024-02-28,Sampdoria,1455.61657715
2024-03-04,Sampdoria,1465.5255127
2024-03-06,Sampdoria,1462.33972168
2024-03-07,Sampdoria,1463.02990723
2024-03-08,Sampdoria,1470.3692627
2024-03-12,Sampdoria,1476.07897949
2024-03-13,Sampdoria,1472.90014648
2024-03-14,Sampdoria,1470.56750488
2024-03-15,Sampdoria,1475.15637207
2024-03-17,Sampdoria,1483.29858398
2024-04-02,Sampdoria,1492.08203125
2024-04-07,Sampdoria,1492.55566406
2024-04-12,Sampdoria,1499.77966309
2024-04-14,Sampdoria,1489.50244141
2024-04-19,Sampdoria,1490.84863281
2024-04-21,Sampdoria,1490.89257812
2024-04-28,Sampdoria,1491.35473633
2024-05-02,Sampdoria,1496.03857422
2024-05-03,Sampdoria,1494.89587402
2024-05-06,Sampdoria,1499.93835449
2024-05-09,Sampdoria,1501.8782959
2024-05-10,Sampdoria,1504.40795898
2024-05-11,Sampdoria,1516.48986816
2024-05-18,Sampdoria,1505.08398438
2024-05-23,Sampdoria,1510.48779297
2024-05-30,Sampdoria,1507.04284668
2024-08-19,Sampdoria,1510.99438477
2024-08-23,Sampdoria,1510.33349609
2024-08-25,Sampdoria,1498.67578125
2024-08-28,Sampdoria,1492.56005859
2024-08-30,Sampdoria,1489.13696289
2024-09-01,Sampdoria,1486.00720215
2024-09-16,Sampdoria,1478.27844238
2024-09-18,Sampdoria,1476.96313477
2024-09-19,Sampdoria,1476.49279785
2024-09-20,Sampdoria,1476.5645752
2024-09-22,Sampdoria,1483.13037109
2024-09-26,Sampdoria,1485.82055664
2024-09-27,Sampdoria,1484.79296875
2024-09-30,Sampdoria,1496.29101562
2024-10-02,Sampdoria,1495.6965332
2024-10-03,Sampdoria,1499.86816406
2024-10-04,Sampdoria,1498.04370117
2024-10-05,Sampdoria,1487.1628418
2024-10-21,Sampdoria,1498.07116699
2024-10-23,Sampdoria,1493.81262207
2024-10-24,Sampdoria,1492.10620117
2024-10-25,Sampdoria,1496.61608887
2024-10-28,Sampdoria,1501.69836426
2024-10-31,Sampdoria,1500.00390625
2024-11-04,Sampdoria,1489.33728027
2024-11-06,Sampdoria,1492.58959961
2024-11-07,Sampdoria,1497.80200195
2024-11-08,Sampdoria,1493.96813965
2024-11-10,Sampdoria,1482.48754883
2024-11-25,Sampdoria,1483.40893555
2024-11-27,Sampdoria,1486.03149414
2024-11-28,Sampdoria,1483.3762207
2024-11-29,Sampdoria,1482.50720215
2024-12-01,Sampdoria,1481.12426758
2024-12-09,Sampdoria,1473.8404541
2024-12-11,Sampdoria,1468.41625977
2024-12-12,Sampdoria,1474.3079834
2024-12-13,Sampdoria,1479.50927734
2024-12-15,Sampdoria,1480.34887695
2024-12-20,Sampdoria,1479.34216309
2024-12-23,Sampdoria,1481.86877441
2024-12-27,Sampdoria,1479.60644531
2024-12-30,Sampdoria,1471.93908691
2025-01-01,Sampdoria,1471.93908691
2025-01-13,Sampdoria,1472.45593262
2025-01-18,Sampdoria,1462.38122559
2025-01-22,Sampdoria,1464.67700195
2025-01-23,Sampdoria,1466.43347168
2025-01-24,Sampdoria,1465.18591309
2025-01-26,Sampdoria,1465.70471191
2025-01-30,Sampdoria,1458.62866211
2025-01-31,Sampdoria,1456.36376953
2025-02-02,Sampdoria,1462.57385254
2025-02-09,Sampdoria,1469.4498291
2025-02-12,Sampdoria,1470.12207031
2025-02-13,Sampdoria,1467.98254395
2025-02-14,Sampdoria,1468.609375
2025-02-16,Sampdoria,1460.43847656
2025-02-19,Sampdoria,1449.69909668
2025-02-20,Sampdoria,1445.484375
2025-02-21,Sampdoria,1447.3737793
2025-02-22,Sampdoria,1451.15136719
2025-03-03,Sampdoria,1452.75
2025-03-06,Sampdoria,1453.9309082
2025-03-07,Sampdoria,1454.77270508
2025-03-09,Sampdoria,1453.99499512
2025-03-12,Sampdoria,1454.44750977
2025-03-14,Sampdoria,1452.65844727
2025-03-17,Sampdoria,1452.28857422
2025-03-30,Sampdoria,1437.17895508
2025-04-07,Sampdoria,1430.03637695
2025-04-09,Sampdoria,1432.1505127
2025-04-11,Sampdoria,1429.36999512
2025-04-13,Sampdoria,1435.43054199
2025-04-17,Sampdoria,1435.75097656
2025-04-18,Sampdoria,1436.89538574
2025-04-26,Sampdoria,1429.19763184
2025-05-01,Sampdoria,1430.00830078
2025-05-02,Sampdoria,1430.86437988
2025-05-05,Sampdoria,1432.95568848
2025-05-07,Sampdoria,1435.2322998
2025-05-09,Sampdoria,1433.09924316
2025-05-10,Sampdoria,1440.26599121
2025-05-14,Sampdoria,1441.91101074
2025-06-01,Sampdoria,1436.40734863
2025-06-16,Sampdoria,1446.56762695
2025-06-23,Sampdoria,1461.80102539
2025-08-22,Sampdoria,1461.984375
2025-08-26,Sampdoria,1447.57336426
2025-08-29,Sampdoria,1447.69494629
2025-09-01,Sampdoria,1437.73193359
2025-09-14,Sampdoria,1428.60778809
2025-09-17,Sampdoria,1427.79992676
2025-09-18,Sampdoria,1427.82141113
2025-09-19,Sampdoria,1426.10046387
2025-09-21,Sampdoria,1421.00622559
2025-09-25,Sampdoria,1423.06323242
2025-09-26,Sampdoria,1421.85498047
2025-09-28,Sampdoria,1422.78466797
2025-10-01,Sampdoria,1424.99072266
2025-10-02,Sampdoria,1426.88317871
2025-10-03,Sampdoria,1422.40283203
2025-10-06,Sampdoria,1432.77832031
2025-10-18,Sampdoria,1419.99768066
2025-10-22,Sampdoria,1418.48046875
2025-10-23,Sampdoria,1415.63024902
2025-10-24,Sampdoria,1413.5020752
2025-10-26,Sampdoria,1414.1340332
2025-10-29,Sampdoria,1418.27685547
2025-11-03,Sampdoria,1407.31640625
2025-11-05,Sampdoria,1405.19702148
2025-11-06,Sampdoria,1408.09912109
2025-11-07,Sampdoria,1405.61669922
2025-11-09,Sampdoria,1400.14526367
2025-11-25,Sampdoria,1408.4810791
2025-11-26,Sampdoria,1411.29602051
2025-11-27,Sampdoria,1414.46350098
2025-11-28,Sampdoria,1412.14001465
2025-12-01,Sampdoria,1405.95117188
2025-12-08,Sampdoria,1412.94592285
2025-12-10,Sampdoria,1412.32348633
2025-12-11,Sampdoria,1410.00549316
2025-12-12,Sampdoria,1415.99951172
2025-12-13,Sampdoria,1411.18212891
2025-12-19,Sampdoria,1407.77282715
2025-12-21,Sampdoria,1408.65820312
2025-12-28,Sampdoria,1415.40063477
2026-01-01,Sampdoria,1415.40063477
2026-01-11,Sampdoria,1407.29162598
2026-01-17,Sampdoria,1404.8104248
2026-01-21,Sampdoria,1400.4954834
2026-01-22,Sampdoria,1399.16906738
2026-01-23,Sampdoria,1399.15759277
2026-01-26,Sampdoria,1402.21447754
2026-01-29,Sampdoria,1400.57751465
2026-01-30,Sampdoria,1400.97631836
2026-02-01,Sampdoria,1408.84851074
2026-02-08,Sampdoria,1419.28466797
2026-02-11,Sampdoria,1420.86816406
2026-02-15,Sampdoria,1426.92504883
2026-02-18,Sampdoria,1420.30688477
2026-02-19,Sampdoria,1417.49707031
2026-02-20,Sampdoria,1420.87634277
2026-02-22,Sampdoria,1411.98571777
2026-02-25,Sampdoria,1404.88586426
2026-02-26,Sampdoria,1409.57800293
2026-02-27,Sampdoria,1409.57067871
2026-02-28,Sampdoria,1394.35107422
2026-03-05,Sampdoria,1396.6875
2026-03-09,Sampdoria,1389.50476074
2026-03-11,Sampdoria,1387.84533691
2026-03-13,Sampdoria,1388.40136719
2026-03-15,Sampdoria,1392.62463379
2026-03-19,Sampdoria,1381.703125
2026-03-20,Sampdoria,1383.57849121
2026-03-23,Sampdoria,1390.09899902
2026-04-07,Sampdoria,1398.35461426
2026-04-10,Sampdoria,1395.01196289
2026-04-12,Sampdoria,1403.70874023
2026-04-17,Sampdoria,1402.07568359
2026-04-18,Sampdoria,1392.04980469
2026-04-26,Sampdoria,1392.99829102
2026-05-02,Sampdoria,1399.47351074
2026-05-09,Sampdoria,1390.78149414
2026-06-08,Sampdoria,1390.78149414
