date_elo,team_elo,elo
1946-07-07,Genoa,1722.61303711
1946-09-23,Genoa,1732.96716309
1946-09-30,Genoa,1727.20361328
1946-10-07,Genoa,1724.14709473
1946-10-14,Genoa,1727.80517578
1946-10-21,Genoa,1724.91235352
1946-10-28,Genoa,1719.63317871
1946-11-04,Genoa,1710.47399902
1946-11-11,Genoa,1717.4206543
1946-11-13,Genoa,1715.42822266
1946-11-25,Genoa,1709.49316406
1946-12-08,Genoa,1711.49316406
1946-12-09,Genoa,1720.95739746
1946-12-16,Genoa,1712.53466797
1946-12-23,Genoa,1721.93017578
1946-12-30,Genoa,1724.36999512
1947-01-06,Genoa,1716.24584961
1947-01-13,Genoa,1711.34069824
1947-01-20,Genoa,1722.14453125
1947-01-27,Genoa,1723.60803223
1947-02-03,Genoa,1729.62390137
1947-02-17,Genoa,1714.78100586
1947-02-24,Genoa,1719.5078125
1947-03-03,Genoa,1714.23364258
1947-03-10,Genoa,1724.02783203
1947-03-17,Genoa,1727.04663086
1947-03-24,Genoa,1733.76049805
1947-03-31,Genoa,1722.68164062
1947-04-07,Genoa,1719.17272949
1947-04-14,Genoa,1715.65942383
1947-04-21,Genoa,1712.73022461
1947-04-29,Genoa,1715.73022461
1947-05-05,Genoa,1718.57873535
1947-05-15,Genoa,1721.57873535
1947-05-19,Genoa,1709.40258789
1947-05-26,Genoa,1719.44238281
1947-06-02,Genoa,1726.13439941
1947-06-09,Genoa,1720.7434082
1947-06-16,Genoa,1725.75585938
1947-06-23,Genoa,1727.57275391
1947-06-30,Genoa,1730.97766113
1947-07-07,Genoa,1722.48754883
1947-09-15,Genoa,1734.65063477
1947-09-22,Genoa,1738.89746094
1947-09-29,Genoa,1731.22558594
1947-10-06,Genoa,1726.66369629
1947-10-13,Genoa,1734.4901123
1947-10-20,Genoa,1730.61254883
1947-10-27,Genoa,1737.45202637
1947-11-16,Genoa,1708.45202637
1947-11-17,Genoa,1712.03271484
1947-11-24,Genoa,1708.03759766
1947-12-01,Genoa,1699.89221191
1947-12-08,Genoa,1708.87792969
1947-12-19,Genoa,1712.87792969
1947-12-22,Genoa,1708.22436523
1948-01-02,Genoa,1694.82165527
1948-01-05,Genoa,1678.21704102
1948-01-12,Genoa,1675.2833252
1948-01-19,Genoa,1673.89208984
1948-01-26,Genoa,1668.42724609
1948-02-02,Genoa,1657.58666992
1948-02-09,Genoa,1652.99194336
1948-02-16,Genoa,1647.42443848
1948-02-23,Genoa,1639.36877441
1948-03-01,Genoa,1637.33337402
1948-03-08,Genoa,1650.74926758
1948-03-15,Genoa,1655.60546875
1948-03-22,Genoa,1665.45861816
1948-03-29,Genoa,1658.1126709
1948-04-06,Genoa,1664.1126709
1948-04-23,Genoa,1668.57275391
1948-04-26,Genoa,1673.34069824
1948-05-03,Genoa,1678.98608398
1948-05-07,Genoa,1696.33740234
1948-05-10,Genoa,1699.44641113
1948-05-18,Genoa,1672.44641113
1948-05-24,Genoa,1667.31665039
1948-05-28,Genoa,1671.01599121
1948-05-31,Genoa,1662.48449707
1948-06-07,Genoa,1659.07434082
1948-06-14,Genoa,1654.08398438
1948-06-21,Genoa,1658.82543945
1948-06-28,Genoa,1649.90283203
1948-07-05,Genoa,1659.6697998
1948-09-20,Genoa,1663.75512695
1948-09-27,Genoa,1667.35974121
1948-10-04,Genoa,1673.54711914
1948-10-11,Genoa,1677.04992676
1948-10-18,Genoa,1668.55407715
1948-10-25,Genoa,1675.84289551
1948-11-01,Genoa,1671.26660156
1948-11-05,Genoa,1664.53479004
1948-11-08,Genoa,1667.10693359
1948-11-15,Genoa,1670.51611328
1948-11-22,Genoa,1676.03063965
1948-11-29,Genoa,1679.63830566
1948-12-06,Genoa,1683.33605957
1948-12-09,Genoa,1689.04309082
1948-12-13,Genoa,1694.28344727
1948-12-20,Genoa,1702.14624023
1948-12-27,Genoa,1719.28210449
1949-01-03,Genoa,1722.6270752
1949-01-07,Genoa,1716.55212402
1949-01-10,Genoa,1716.34692383
1949-01-17,Genoa,1718.52526855
1949-01-24,Genoa,1714.9050293
1949-01-31,Genoa,1709.54394531
1949-02-07,Genoa,1705.53076172
1949-02-14,Genoa,1701.97058105
1949-02-21,Genoa,1704.49243164
1949-03-06,Genoa,1706.49243164
1949-03-07,Genoa,1694.78942871
1949-03-14,Genoa,1697.50195312
1949-03-21,Genoa,1687.29223633
1949-04-03,Genoa,1699.29223633
1949-04-04,Genoa,1701.60449219
1949-04-11,Genoa,1695.69689941
1949-04-18,Genoa,1702.86901855
1949-04-25,Genoa,1709.32226562
1949-05-01,Genoa,1704.70959473
1949-05-09,Genoa,1675.27050781
1949-05-16,Genoa,1673.48022461
1949-05-26,Genoa,1679.48022461
1949-05-30,Genoa,1672.82836914
1949-06-17,Genoa,1668.82836914
1949-06-30,Genoa,1580.63586426
1949-07-03,Genoa,1586.9732666
1949-09-12,Genoa,1580.47705078
1949-09-19,Genoa,1583.4017334
1949-09-26,Genoa,1578.25646973
1949-10-03,Genoa,1574.61535645
1949-10-10,Genoa,1563.0916748
1949-10-17,Genoa,1569.04370117
1949-10-21,Genoa,1573.17626953
1949-10-24,Genoa,1564.13977051
1949-10-31,Genoa,1569.20117188
1949-11-07,Genoa,1562.72900391
1949-11-14,Genoa,1569.31445312
1949-11-21,Genoa,1567.72143555
1949-12-05,Genoa,1570.265625
1949-12-09,Genoa,1566.72155762
1949-12-12,Genoa,1556.60327148
1949-12-19,Genoa,1556.76184082
1949-12-27,Genoa,1560.96386719
1950-01-02,Genoa,1565.68652344
1950-01-09,Genoa,1573.75341797
1950-01-16,Genoa,1576.39465332
1950-01-23,Genoa,1569.14245605
1950-01-30,Genoa,1572.78393555
1950-02-06,Genoa,1577.6673584
1950-02-13,Genoa,1582.69213867
1950-02-20,Genoa,1586.328125
1950-02-24,Genoa,1581.18664551
1950-02-27,Genoa,1577.28430176
1950-03-13,Genoa,1573.04980469
1950-03-20,Genoa,1577.21728516
1950-03-27,Genoa,1573.16491699
1950-04-10,Genoa,1579.70336914
1950-04-17,Genoa,1572.67590332
1950-04-24,Genoa,1581.90710449
1950-05-01,Genoa,1583.46337891
1950-05-08,Genoa,1580.88549805
1950-05-15,Genoa,1576.29296875
1950-05-22,Genoa,1562.76196289
1950-05-29,Genoa,1556.65148926
1950-06-15,Genoa,1529.71313477
1950-06-17,Genoa,1514.32983398
1950-09-11,Genoa,1517.47753906
1950-09-18,Genoa,1513.56140137
1950-09-25,Genoa,1497.14086914
1950-10-02,Genoa,1494.47497559
1950-10-09,Genoa,1491.78527832
1950-10-16,Genoa,1497.86499023
1950-10-23,Genoa,1493.48583984
1950-10-30,Genoa,1491.99157715
1950-11-06,Genoa,1486.61706543
1950-11-13,Genoa,1480.21594238
1950-11-20,Genoa,1478.359375
1950-11-27,Genoa,1485.86938477
1950-12-04,Genoa,1482.37475586
1950-12-11,Genoa,1471.62011719
1950-12-18,Genoa,1468.83947754
1950-12-25,Genoa,1461.02844238
1951-01-01,Genoa,1454.97485352
1951-01-08,Genoa,1460.24841309
1951-01-15,Genoa,1463.1628418
1951-01-22,Genoa,1467.86535645
1951-01-29,Genoa,1464.2598877
1951-02-05,Genoa,1461.62573242
1951-02-12,Genoa,1467.72668457
1951-02-19,Genoa,1465.87341309
1951-02-26,Genoa,1456.06762695
1951-03-05,Genoa,1451.33227539
1951-03-12,Genoa,1444.72961426
1951-03-19,Genoa,1457.6184082
1951-03-26,Genoa,1462.20922852
1951-04-02,Genoa,1467.8380127
1951-04-16,Genoa,1464.9576416
1951-04-23,Genoa,1453.05578613
1951-04-30,Genoa,1459.8059082
1951-05-14,Genoa,1473.37268066
1951-05-21,Genoa,1471.6998291
1951-05-28,Genoa,1477.03735352
1951-06-11,Genoa,1481.70227051
1951-06-18,Genoa,1480.35778809
1951-06-21,Genoa,1503.71069336
1951-06-25,Genoa,1516.46069336
1951-07-02,Genoa,1516.46069336
1951-09-10,Genoa,1534.2322998
1951-09-17,Genoa,1528.51928711
1951-09-24,Genoa,1531.63146973
1951-10-01,Genoa,1534.9967041
1951-10-08,Genoa,1548.83508301
1951-10-15,Genoa,1551.79467773
1951-10-22,Genoa,1543.38232422
1951-10-29,Genoa,1548.72265625
1951-11-05,Genoa,1561.28283691
1951-11-19,Genoa,1554.48596191
1951-12-03,Genoa,1557.23864746
1951-12-10,Genoa,1551.77941895
1951-12-17,Genoa,1554.96533203
1951-12-24,Genoa,1558.56542969
1951-12-31,Genoa,1551.55554199
1952-01-07,Genoa,1554.01403809
1952-01-14,Genoa,1556.03259277
1952-01-21,Genoa,1548.78393555
1952-01-28,Genoa,1551.25280762
1952-02-04,Genoa,1544.60595703
1952-02-11,Genoa,1534.67102051
1952-02-18,Genoa,1522.20300293
1952-03-03,Genoa,1524.42565918
1952-03-10,Genoa,1510.50561523
1952-03-17,Genoa,1520.20324707
1952-03-24,Genoa,1513.64428711
1952-03-31,Genoa,1507.54040527
1952-04-07,Genoa,1513.18737793
1952-04-14,Genoa,1506.4362793
1952-04-21,Genoa,1497.89746094
1952-04-28,Genoa,1480.86169434
1952-05-05,Genoa,1473.58105469
1952-05-12,Genoa,1466.18029785
1952-05-26,Genoa,1474.50024414
1952-06-02,Genoa,1481.38684082
1952-06-09,Genoa,1497.56079102
1952-06-16,Genoa,1502.96118164
1952-06-23,Genoa,1505.68310547
1952-06-27,Genoa,1474.89282227
1952-06-29,Genoa,1482.83105469
1952-09-15,Genoa,1487.02819824
1952-09-22,Genoa,1499.41430664
1952-09-29,Genoa,1503.90112305
1952-10-06,Genoa,1506.92382812
1952-10-13,Genoa,1510.08850098
1952-10-20,Genoa,1519.23059082
1952-11-03,Genoa,1523.13879395
1952-11-10,Genoa,1525.96679688
1952-11-17,Genoa,1518.6796875
1952-11-24,Genoa,1505.44055176
1952-12-01,Genoa,1494.93139648
1952-12-08,Genoa,1490.53857422
1952-12-15,Genoa,1484.41296387
1952-12-22,Genoa,1487.35742188
1953-01-05,Genoa,1490.15380859
1953-01-12,Genoa,1493.24938965
1953-01-19,Genoa,1496.72558594
1953-01-26,Genoa,1490.85400391
1953-02-02,Genoa,1497.51245117
1953-02-09,Genoa,1499.55065918
1953-02-16,Genoa,1503.86523438
1953-02-23,Genoa,1506.4810791
1953-03-02,Genoa,1500.87890625
1953-03-09,Genoa,1514.14099121
1953-03-16,Genoa,1517.81213379
1953-03-23,Genoa,1511.42944336
1953-03-30,Genoa,1513.39404297
1953-04-06,Genoa,1518.86291504
1953-04-13,Genoa,1510.06420898
1953-04-20,Genoa,1504.75561523
1953-05-04,Genoa,1515.47607422
1953-05-11,Genoa,1518.10888672
1953-05-25,Genoa,1518.83972168
1953-06-01,Genoa,1521.97900391
1953-06-05,Genoa,1532.30908203
1953-06-08,Genoa,1496.37963867
1953-07-02,Genoa,1496.37963867
1953-09-14,Genoa,1489.51257324
1953-09-21,Genoa,1481.64624023
1953-09-28,Genoa,1486.35571289
1953-10-05,Genoa,1484.83312988
1953-10-12,Genoa,1489.99450684
1953-10-19,Genoa,1487.2364502
1953-10-26,Genoa,1496.11437988
1953-11-02,Genoa,1493.06787109
1953-11-09,Genoa,1490.27856445
1953-11-23,Genoa,1480.69787598
1953-11-30,Genoa,1476.42553711
1953-12-07,Genoa,1480.36303711
1953-12-21,Genoa,1474.50476074
1953-12-28,Genoa,1473.16210938
1954-01-04,Genoa,1482.79077148
1954-01-11,Genoa,1490.00891113
1954-01-18,Genoa,1495.36047363
1954-02-01,Genoa,1502.43408203
1954-02-08,Genoa,1500.67797852
1954-02-15,Genoa,1505.15734863
1954-02-22,Genoa,1510.66918945
1954-03-01,Genoa,1505.85681152
1954-03-08,Genoa,1494.89135742
1954-03-15,Genoa,1488.62756348
1954-03-22,Genoa,1485.19274902
1954-03-29,Genoa,1487.60546875
1954-04-05,Genoa,1492.73327637
1954-04-19,Genoa,1497.14782715
1954-04-26,Genoa,1499.56652832
1954-05-03,Genoa,1507.32348633
1954-05-10,Genoa,1498.72033691
1954-05-17,Genoa,1491.46337891
1954-05-24,Genoa,1491.80737305
1954-05-31,Genoa,1487.26025391
1954-09-20,Genoa,1487.70751953
1954-09-27,Genoa,1484.73840332
1954-10-04,Genoa,1481.44018555
1954-10-11,Genoa,1473.2623291
1954-10-18,Genoa,1470.06994629
1954-10-25,Genoa,1478.23815918
1954-11-01,Genoa,1482.70092773
1954-11-08,Genoa,1474.27587891
1954-11-15,Genoa,1479.47473145
1954-11-22,Genoa,1495.47143555
1954-12-13,Genoa,1510.30554199
1954-12-20,Genoa,1508.75793457
1954-12-27,Genoa,1508.4375
1955-01-03,Genoa,1526.29455566
1955-01-07,Genoa,1534.05212402
1955-01-24,Genoa,1529.61132812
1955-01-31,Genoa,1533.94445801
1955-02-07,Genoa,1529.21118164
1955-02-14,Genoa,1536.19213867
1955-02-21,Genoa,1530.1439209
1955-02-28,Genoa,1527.67260742
1955-03-07,Genoa,1520.31640625
1955-03-14,Genoa,1515.87573242
1955-03-21,Genoa,1512.47302246
1955-04-04,Genoa,1509.24890137
1955-04-11,Genoa,1507.48864746
1955-04-18,Genoa,1521.81970215
1955-04-25,Genoa,1502.78295898
1955-05-02,Genoa,1515.4251709
1955-05-09,Genoa,1521.28503418
1955-05-16,Genoa,1526.55834961
1955-06-06,Genoa,1508.18334961
1955-06-13,Genoa,1501.05725098
1955-06-20,Genoa,1510.08276367
1955-06-24,Genoa,1486.38354492
1955-06-26,Genoa,1497.62902832
1955-09-19,Genoa,1491.82775879
1955-09-26,Genoa,1491.85656738
1955-10-03,Genoa,1489.13684082
1955-10-10,Genoa,1494.81054688
1955-10-17,Genoa,1488.61230469
1955-10-24,Genoa,1495.5390625
1955-10-31,Genoa,1489.05749512
1955-11-02,Genoa,1460.2277832
1955-11-07,Genoa,1473.99780273
1955-11-14,Genoa,1471.00097656
1955-11-24,Genoa,1508.26953125
1955-12-09,Genoa,1517.54638672
1955-12-22,Genoa,1513.07165527
1955-12-26,Genoa,1520.79663086
1956-01-02,Genoa,1511.85046387
1956-01-09,Genoa,1518.23291016
1956-01-16,Genoa,1514.98303223
1956-01-19,Genoa,1531.44970703
1956-01-23,Genoa,1526.12475586
1956-01-30,Genoa,1523.29345703
1956-02-06,Genoa,1528.74902344
1956-02-13,Genoa,1558.93225098
1956-02-20,Genoa,1554.51904297
1956-02-27,Genoa,1563.95812988
1956-03-05,Genoa,1568.29394531
1956-03-12,Genoa,1564.35925293
1956-03-19,Genoa,1569.52172852
1956-03-26,Genoa,1573.35559082
1956-04-02,Genoa,1571.64782715
1956-04-09,Genoa,1569.82580566
1956-04-16,Genoa,1565.83654785
1956-04-20,Genoa,1561.73046875
1956-04-30,Genoa,1565.19970703
1956-05-02,Genoa,1557.19250488
1956-05-07,Genoa,1552.14770508
1956-05-11,Genoa,1557.12768555
1956-05-14,Genoa,1567.84301758
1956-05-21,Genoa,1562.18127441
1956-05-28,Genoa,1558.45959473
1956-06-04,Genoa,1572.6484375
1956-06-30,Genoa,1581.45727539
1956-07-04,Genoa,1600.58520508
1956-09-17,Genoa,1598.51318359
1956-09-24,Genoa,1608.80883789
1956-10-01,Genoa,1607.11499023
1956-10-08,Genoa,1605.15380859
1956-10-15,Genoa,1598.38586426
1956-10-22,Genoa,1594.57543945
1956-10-29,Genoa,1591.05212402
1956-11-19,Genoa,1579.56079102
1956-11-22,Genoa,1569.94775391
1956-11-26,Genoa,1567.92041016
1956-11-29,Genoa,1583.08605957
1956-12-03,Genoa,1587.08105469
1956-12-17,Genoa,1587.18762207
1956-12-24,Genoa,1582.33374023
1956-12-31,Genoa,1579.66809082
1957-01-07,Genoa,1584.76953125
1957-01-14,Genoa,1583.29003906
1957-01-21,Genoa,1594.703125
1957-01-28,Genoa,1607.18212891
1957-02-04,Genoa,1611.60961914
1957-02-07,Genoa,1612.56677246
1957-02-11,Genoa,1617.37438965
1957-02-18,Genoa,1611.1595459
1957-02-25,Genoa,1602.47351074
1957-02-28,Genoa,1607.2232666
1957-03-04,Genoa,1601.91259766
1957-03-11,Genoa,1595.04199219
1957-03-18,Genoa,1592.42712402
1957-03-25,Genoa,1587.51037598
1957-04-01,Genoa,1580.39746094
1957-04-04,Genoa,1592.84082031
1957-04-08,Genoa,1598.28222656
1957-04-15,Genoa,1594.55212402
1957-04-19,Genoa,1593.63427734
1957-04-29,Genoa,1605.17346191
1957-05-06,Genoa,1599.05456543
1957-05-20,Genoa,1611.43066406
1957-05-31,Genoa,1602.11486816
1957-06-03,Genoa,1608.08154297
1957-06-10,Genoa,1604.52978516
1957-06-17,Genoa,1609.65332031
1957-06-21,Genoa,1597.86682129
1957-06-24,Genoa,1612.30639648
1957-09-09,Genoa,1603.77966309
1957-09-16,Genoa,1584.80395508
1957-09-23,Genoa,1581.75622559
1957-09-30,Genoa,1580.18798828
1957-10-03,Genoa,1585.60400391
1957-10-07,Genoa,1582.28735352
1957-10-10,Genoa,1577.02624512
1957-10-14,Genoa,1567.01586914
1957-10-28,Genoa,1572.04711914
1957-10-31,Genoa,1585.47607422
1957-11-02,Genoa,1593.67358398
1957-11-05,Genoa,1577.56628418
1957-11-18,Genoa,1566.75170898
1957-11-25,Genoa,1573.01965332
1957-11-28,Genoa,1587.17077637
1957-12-12,Genoa,1586.72216797
1957-12-16,Genoa,1594.84484863
1957-12-23,Genoa,1591.80627441
1957-12-27,Genoa,1597.54858398
1957-12-30,Genoa,1595.84350586
1958-01-06,Genoa,1601.64147949
1958-01-20,Genoa,1603.28601074
1958-01-27,Genoa,1610.52380371
1958-02-03,Genoa,1605.33752441
1958-02-10,Genoa,1594.70495605
1958-02-13,Genoa,1596.39746094
1958-02-17,Genoa,1602.6940918
1958-02-24,Genoa,1611.59277344
1958-02-27,Genoa,1613.53320312
1958-03-03,Genoa,1610.81872559
1958-03-10,Genoa,1614.89160156
1958-03-17,Genoa,1611.40441895
1958-03-31,Genoa,1605.33044434
1958-04-07,Genoa,1611.38830566
1958-04-14,Genoa,1615.83532715
1958-04-21,Genoa,1621.60754395
1958-04-28,Genoa,1635.56726074
1958-05-05,Genoa,1633.59265137
1958-05-09,Genoa,1633.90563965
1958-05-12,Genoa,1628.71813965
1958-05-15,Genoa,1639.83752441
1958-05-19,Genoa,1649.13635254
1958-05-26,Genoa,1677.0723877
1958-05-29,Genoa,1673.34667969
1958-09-22,Genoa,1670.61987305
1958-09-25,Genoa,1671.37341309
1958-09-29,Genoa,1667.72558594
1958-10-02,Genoa,1632.80493164
1958-10-06,Genoa,1640.6817627
1958-10-13,Genoa,1651.9798584
1958-10-20,Genoa,1654.89660645
1958-10-27,Genoa,1655.66552734
1958-11-03,Genoa,1650.29675293
1958-11-17,Genoa,1645.85839844
1958-11-24,Genoa,1650.24816895
1958-12-01,Genoa,1644.45214844
1958-12-08,Genoa,1647.5826416
1958-12-29,Genoa,1641.76574707
1959-01-02,Genoa,1639.60266113
1959-01-05,Genoa,1629.00805664
1959-01-12,Genoa,1644.94543457
1959-01-19,Genoa,1623.63085938
1959-01-26,Genoa,1616.35083008
1959-02-02,Genoa,1621.03515625
1959-02-09,Genoa,1626.47277832
1959-02-16,Genoa,1621.23864746
1959-02-23,Genoa,1611.52075195
1959-03-03,Genoa,1621.41308594
1959-03-16,Genoa,1616.37939453
1959-03-23,Genoa,1610.36120605
1959-03-30,Genoa,1608.59436035
1959-04-06,Genoa,1598.87438965
1959-04-13,Genoa,1605.5032959
1959-04-20,Genoa,1612.73095703
1959-04-27,Genoa,1604.61315918
1959-05-18,Genoa,1607.29541016
1959-05-25,Genoa,1603.75158691
1959-05-29,Genoa,1600.28833008
1959-06-03,Genoa,1623.06835938
1959-06-08,Genoa,1620.45874023
1959-09-14,Genoa,1620.41455078
1959-09-21,Genoa,1617.13879395
1959-09-24,Genoa,1617.31970215
1959-09-28,Genoa,1602.84326172
1959-10-12,Genoa,1597.76599121
1959-10-19,Genoa,1589.70373535
1959-10-26,Genoa,1575.55554199
1959-11-05,Genoa,1569.01293945
1959-11-09,Genoa,1573.36755371
1959-11-16,Genoa,1564.6229248
1959-11-23,Genoa,1562.51062012
1959-11-26,Genoa,1559.01220703
1959-12-07,Genoa,1556.68847656
1959-12-14,Genoa,1553.65661621
1959-12-21,Genoa,1558.85986328
1959-12-28,Genoa,1556.46252441
1960-01-11,Genoa,1546.46020508
1960-01-25,Genoa,1550.52124023
1960-02-01,Genoa,1553.4597168
1960-02-04,Genoa,1558.40246582
1960-02-08,Genoa,1565.4822998
1960-02-15,Genoa,1561.31799316
1960-02-22,Genoa,1558.60864258
1960-02-29,Genoa,1563.12402344
1960-03-07,Genoa,1561.89916992
1960-03-21,Genoa,1558.67333984
1960-03-28,Genoa,1556.0925293
1960-04-04,Genoa,1550.12878418
1960-04-11,Genoa,1540.77172852
1960-04-18,Genoa,1537.46472168
1960-04-25,Genoa,1537.98071289
1960-05-02,Genoa,1533.38537598
1960-05-09,Genoa,1523.63439941
1960-05-16,Genoa,1529.07287598
1960-05-23,Genoa,1514.77587891
1960-05-30,Genoa,1512.56298828
1960-06-06,Genoa,1511.21508789
1960-07-02,Genoa,1511.21508789
1960-09-22,Genoa,1510.98095703
1960-09-26,Genoa,1497.85021973
1960-10-03,Genoa,1501.23730469
1960-10-10,Genoa,1507.66369629
1960-10-13,Genoa,1483.15161133
1960-10-17,Genoa,1491.1394043
1960-10-24,Genoa,1495.93896484
1960-10-31,Genoa,1500.31445312
1960-11-07,Genoa,1504.48413086
1960-11-14,Genoa,1487.28625488
1960-11-21,Genoa,1489.49230957
1960-11-28,Genoa,1493.49743652
1960-12-05,Genoa,1480.41381836
1960-12-12,Genoa,1475.34033203
1960-12-19,Genoa,1470.95812988
1960-12-26,Genoa,1474.18505859
1961-01-02,Genoa,1483.29785156
1961-01-09,Genoa,1486.08728027
1961-01-16,Genoa,1491.14367676
1961-01-23,Genoa,1495.9230957
1961-01-30,Genoa,1491.4140625
1961-02-06,Genoa,1503.54785156
1961-02-13,Genoa,1498.53100586
1961-02-20,Genoa,1500.73864746
1961-02-27,Genoa,1494.22009277
1961-03-06,Genoa,1495.97644043
1961-03-13,Genoa,1484.33276367
1961-03-20,Genoa,1472.33776855
1961-03-27,Genoa,1464.63977051
1961-04-03,Genoa,1472.8157959
1961-04-10,Genoa,1494.55090332
1961-04-17,Genoa,1482.53942871
1961-04-24,Genoa,1473.61413574
1961-05-01,Genoa,1485.35046387
1961-05-08,Genoa,1490.75073242
1961-05-12,Genoa,1493.85583496
1961-05-15,Genoa,1485.53759766
1961-05-22,Genoa,1482.59265137
1961-05-29,Genoa,1485.29248047
1961-06-05,Genoa,1480.26489258
1961-09-04,Genoa,1484.0949707
1961-09-11,Genoa,1478.79541016
1961-09-18,Genoa,1492.28320312
1961-09-21,Genoa,1493.22192383
1961-09-25,Genoa,1497.38720703
1961-09-28,Genoa,1497.92675781
1961-10-02,Genoa,1499.95532227
1961-10-09,Genoa,1503.48181152
1961-10-23,Genoa,1519.2677002
1961-10-26,Genoa,1525.21350098
1961-10-30,Genoa,1532.32556152
1961-11-06,Genoa,1532.80712891
1961-11-09,Genoa,1541.37585449
1961-11-16,Genoa,1549.21118164
1961-11-20,Genoa,1552.25170898
1961-11-23,Genoa,1569.17443848
1961-11-27,Genoa,1577.22827148
1961-12-04,Genoa,1583.64746094
1961-12-11,Genoa,1572.95166016
1961-12-18,Genoa,1567.30712891
1961-12-25,Genoa,1570.83740234
1962-01-01,Genoa,1572.21826172
1962-01-08,Genoa,1576.19250488
1962-01-15,Genoa,1584.64892578
1962-01-22,Genoa,1587.97631836
1962-01-29,Genoa,1581.46276855
1962-02-05,Genoa,1587.3059082
1962-02-12,Genoa,1582.98718262
1962-02-15,Genoa,1579.94604492
1962-02-19,Genoa,1591.5949707
1962-02-22,Genoa,1590.22668457
1962-02-23,Genoa,1590.22668457
1962-02-26,Genoa,1595.02880859
1962-02-27,Genoa,1597.90148926
1962-02-28,Genoa,1600.24975586
1962-03-01,Genoa,1594.59753418
1962-03-05,Genoa,1585.62939453
1962-03-12,Genoa,1589.21386719
1962-03-19,Genoa,1590.57348633
1962-03-22,Genoa,1595.58459473
1962-03-25,Genoa,1595.58459473
1962-03-26,Genoa,1601.37121582
1962-04-01,Genoa,1601.37121582
1962-04-02,Genoa,1600.06311035
1962-04-08,Genoa,1600.06311035
1962-04-09,Genoa,1604.63647461
1962-04-12,Genoa,1615.95324707
1962-04-16,Genoa,1632.34643555
1962-04-18,Genoa,1632.34643555
1962-04-20,Genoa,1632.34643555
1962-04-22,Genoa,1632.34643555
1962-04-23,Genoa,1626.12072754
1962-04-24,Genoa,1626.12072754
1962-04-25,Genoa,1626.12072754
1962-04-26,Genoa,1626.12072754
1962-04-29,Genoa,1626.12072754
1962-04-30,Genoa,1624.20947266
1962-05-01,Genoa,1624.20947266
1962-05-07,Genoa,1614.20751953
1962-05-11,Genoa,1614.86035156
1962-05-14,Genoa,1609.4753418
1962-05-20,Genoa,1609.4753418
1962-05-21,Genoa,1600.97021484
1962-05-27,Genoa,1600.97021484
1962-05-28,Genoa,1604.49255371
1962-06-03,Genoa,1604.49255371
1962-06-04,Genoa,1613.95800781
1962-06-10,Genoa,1613.95800781
1962-06-12,Genoa,1613.95800781
1962-06-13,Genoa,1613.95800781
1962-06-24,Genoa,1613.95800781
1962-07-02,Genoa,1613.95800781
1962-07-03,Genoa,1613.95800781
1962-07-06,Genoa,1613.95800781
1962-07-16,Genoa,1613.95800781
1962-07-28,Genoa,1613.95800781
1962-08-06,Genoa,1613.95800781
1962-08-13,Genoa,1613.95800781
1962-08-17,Genoa,1613.95800781
1962-08-23,Genoa,1613.95800781
1962-08-26,Genoa,1613.95800781
1962-09-02,Genoa,1613.95800781
1962-09-04,Genoa,1613.95800781
1962-09-06,Genoa,1596.77026367
1962-09-09,Genoa,1596.77026367
1962-09-10,Genoa,1596.77026367
1962-09-13,Genoa,1596.78869629
1962-09-16,Genoa,1596.78869629
1962-09-17,Genoa,1595.90185547
1962-09-20,Genoa,1595.93249512
1962-09-21,Genoa,1595.93249512
1962-09-24,Genoa,1596.67492676
1962-09-27,Genoa,1600.99121094
1962-09-30,Genoa,1600.99121094
1962-10-01,Genoa,1608.0994873
1962-10-04,Genoa,1608.0994873
1962-10-05,Genoa,1608.0994873
1962-10-07,Genoa,1608.0994873
1962-10-08,Genoa,1601.59765625
1962-10-11,Genoa,1610.93652344
1962-10-15,Genoa,1616.57104492
1962-10-22,Genoa,1622.76293945
1962-10-29,Genoa,1616.1607666
1962-10-31,Genoa,1616.1607666
1962-11-01,Genoa,1616.1607666
1962-11-02,Genoa,1606.81970215
1962-11-05,Genoa,1601.56408691
1962-11-07,Genoa,1601.56408691
1962-11-08,Genoa,1601.56408691
1962-11-11,Genoa,1601.56408691
1962-11-12,Genoa,1601.56408691
1962-11-15,Genoa,1607.67016602
1962-11-18,Genoa,1607.67016602
1962-11-19,Genoa,1618.45385742
1962-11-20,Genoa,1620.84118652
1962-11-25,Genoa,1620.84118652
1962-11-26,Genoa,1625.74072266
1962-11-29,Genoa,1621.03918457
1962-12-02,Genoa,1621.03918457
1962-12-05,Genoa,1642.65686035
1962-12-09,Genoa,1642.65686035
1962-12-10,Genoa,1635.36914062
1962-12-17,Genoa,1635.50634766
1962-12-23,Genoa,1635.50634766
1962-12-24,Genoa,1630.09423828
1962-12-27,Genoa,1630.09423828
1962-12-30,Genoa,1630.09423828
1962-12-31,Genoa,1626.02172852
1963-01-07,Genoa,1623.70507812
1963-01-14,Genoa,1623.70507812
1963-01-15,Genoa,1630.35803223
1963-01-21,Genoa,1627.38867188
1963-01-24,Genoa,1627.80419922
1963-01-28,Genoa,1623.1295166
1963-02-07,Genoa,1611.53430176
1963-02-11,Genoa,1616.84375
1963-02-17,Genoa,1616.84375
1963-02-18,Genoa,1609.83337402
1963-02-21,Genoa,1613.4498291
1963-02-24,Genoa,1613.4498291
1963-02-25,Genoa,1607.65161133
1963-03-03,Genoa,1607.65161133
1963-03-04,Genoa,1616.55566406
1963-03-06,Genoa,1616.55566406
1963-03-11,Genoa,1613.05383301
1963-03-14,Genoa,1613.61767578
1963-03-17,Genoa,1613.61767578
1963-03-18,Genoa,1606.93432617
1963-03-21,Genoa,1610.12121582
1963-03-25,Genoa,1610.12121582
1963-04-01,Genoa,1612.95593262
1963-04-02,Genoa,1612.95593262
1963-04-03,Genoa,1612.95593262
1963-04-04,Genoa,1601.23596191
1963-04-07,Genoa,1601.23596191
1963-04-08,Genoa,1607.78027344
1963-04-09,Genoa,1607.78027344
1963-04-10,Genoa,1607.78027344
1963-04-11,Genoa,1607.78027344
1963-04-13,Genoa,1607.78027344
1963-04-14,Genoa,1607.78027344
1963-04-15,Genoa,1604.33337402
1963-04-16,Genoa,1604.33337402
1963-04-17,Genoa,1604.33337402
1963-04-18,Genoa,1604.33337402
1963-04-19,Genoa,1604.33337402
1963-04-22,Genoa,1602.28942871
1963-04-23,Genoa,1602.28942871
1963-04-25,Genoa,1605.67541504
1963-04-28,Genoa,1605.67541504
1963-04-29,Genoa,1604.22814941
1963-04-30,Genoa,1604.22814941
1963-05-01,Genoa,1604.22814941
1963-05-02,Genoa,1604.7713623
1963-05-06,Genoa,1613.32788086
1963-05-10,Genoa,1613.32788086
1963-05-12,Genoa,1613.32788086
1963-05-13,Genoa,1613.32788086
1963-05-14,Genoa,1613.32788086
1963-05-16,Genoa,1613.32788086
1963-05-18,Genoa,1613.32788086
1963-05-19,Genoa,1613.32788086
1963-05-20,Genoa,1603.86804199
1963-05-23,Genoa,1610.51965332
1963-05-24,Genoa,1610.51965332
1963-05-27,Genoa,1618.72314453
1963-06-03,Genoa,1618.72314453
1963-06-04,Genoa,1618.72314453
1963-06-09,Genoa,1618.72314453
1963-06-13,Genoa,1618.72314453
1963-06-16,Genoa,1618.72314453
1963-06-17,Genoa,1618.72314453
1963-06-22,Genoa,1618.72314453
1963-06-24,Genoa,1618.72314453
1963-07-01,Genoa,1618.72314453
1963-07-05,Genoa,1618.72314453
1963-08-22,Genoa,1618.72314453
1963-08-25,Genoa,1618.72314453
1963-08-26,Genoa,1618.72314453
1963-08-27,Genoa,1618.72314453
1963-09-02,Genoa,1618.72314453
1963-09-05,Genoa,1623.2244873
1963-09-08,Genoa,1623.2244873
1963-09-09,Genoa,1623.2244873
1963-09-12,Genoa,1623.2244873
1963-09-14,Genoa,1623.2244873
1963-09-15,Genoa,1623.2244873
1963-09-16,Genoa,1629.63574219
1963-09-17,Genoa,1629.63574219
1963-09-19,Genoa,1632.99536133
1963-09-23,Genoa,1632.99536133
1963-09-26,Genoa,1651.28039551
1963-09-29,Genoa,1651.28039551
1963-09-30,Genoa,1646.10473633
1963-10-02,Genoa,1646.10473633
1963-10-03,Genoa,1646.10473633
1963-10-04,Genoa,1646.10473633
1963-10-06,Genoa,1646.10473633
1963-10-07,Genoa,1644.03955078
1963-10-10,Genoa,1639.68737793
1963-10-13,Genoa,1639.68737793
1963-10-15,Genoa,1627.11486816
1963-10-16,Genoa,1627.11486816
1963-10-20,Genoa,1627.11486816
1963-10-21,Genoa,1622.23046875
1963-10-23,Genoa,1622.23046875
1963-10-24,Genoa,1618.46484375
1963-10-27,Genoa,1618.46484375
1963-10-28,Genoa,1626.52758789
1963-11-01,Genoa,1626.52758789
1963-11-03,Genoa,1626.52758789
1963-11-04,Genoa,1626.52758789
1963-11-08,Genoa,1626.52758789
1963-11-10,Genoa,1626.52758789
1963-11-11,Genoa,1626.52758789
1963-11-17,Genoa,1626.52758789
1963-11-18,Genoa,1623.96875
1963-11-20,Genoa,1623.96875
1963-11-21,Genoa,1623.96875
1963-11-24,Genoa,1623.96875
1963-11-25,Genoa,1627.87792969
1963-11-28,Genoa,1627.37768555
1963-12-02,Genoa,1625.29626465
1963-12-04,Genoa,1625.29626465
1963-12-05,Genoa,1632.53808594
1963-12-08,Genoa,1632.53808594
1963-12-09,Genoa,1636.60986328
1963-12-12,Genoa,1636.60986328
1963-12-16,Genoa,1636.60986328
1963-12-19,Genoa,1636.60986328
1963-12-21,Genoa,1636.60986328
1963-12-22,Genoa,1636.60986328
1963-12-23,Genoa,1631.37329102
1963-12-27,Genoa,1631.37329102
1963-12-30,Genoa,1637.5411377
1964-01-03,Genoa,1637.5411377
1964-01-05,Genoa,1637.5411377
1964-01-06,Genoa,1637.5411377
1964-01-13,Genoa,1644.12487793
1964-01-18,Genoa,1644.12487793
1964-01-19,Genoa,1644.12487793
1964-01-20,Genoa,1655.74182129
1964-01-27,Genoa,1645.95800781
1964-01-30,Genoa,1639.25976562
1964-02-02,Genoa,1639.25976562
1964-02-03,Genoa,1630.97143555
1964-02-10,Genoa,1627.96655273
1964-02-14,Genoa,1628.26013184
1964-02-16,Genoa,1628.26013184
1964-02-17,Genoa,1636.86169434
1964-02-23,Genoa,1636.86169434
1964-02-24,Genoa,1639.87731934
1964-02-27,Genoa,1642.91418457
1964-03-02,Genoa,1636.39489746
1964-03-05,Genoa,1636.57983398
1964-03-08,Genoa,1636.57983398
1964-03-09,Genoa,1634.6270752
1964-03-14,Genoa,1634.6270752
1964-03-16,Genoa,1630.68981934
1964-03-19,Genoa,1630.68981934
1964-03-20,Genoa,1630.68981934
1964-03-23,Genoa,1619.85656738
1964-03-26,Genoa,1619.85656738
1964-03-30,Genoa,1636.61352539
1964-04-02,Genoa,1636.61352539
1964-04-05,Genoa,1636.61352539
1964-04-06,Genoa,1642.10559082
1964-04-09,Genoa,1642.10559082
1964-04-12,Genoa,1642.10559082
1964-04-13,Genoa,1642.10559082
1964-04-14,Genoa,1642.10559082
1964-04-15,Genoa,1642.10559082
1964-04-16,Genoa,1644.23242188
1964-04-20,Genoa,1639.23754883
1964-04-25,Genoa,1639.23754883
1964-04-26,Genoa,1639.23754883
1964-04-27,Genoa,1644.40661621
1964-04-30,Genoa,1646.27258301
1964-05-04,Genoa,1655.53442383
1964-05-18,Genoa,1649.03894043
1964-05-22,Genoa,1649.03894043
1964-05-24,Genoa,1642.86303711
1964-05-25,Genoa,1642.86303711
1964-05-28,Genoa,1653.33300781
1964-05-29,Genoa,1653.33300781
1964-05-31,Genoa,1653.33300781
1964-06-01,Genoa,1664.85229492
1964-06-03,Genoa,1664.85229492
1964-06-09,Genoa,1664.85229492
1964-06-12,Genoa,1664.85229492
1964-06-19,Genoa,1664.85229492
1964-06-21,Genoa,1664.85229492
1964-06-25,Genoa,1664.85229492
1964-06-26,Genoa,1664.85229492
1964-07-02,Genoa,1664.85229492
1964-07-16,Genoa,1664.85229492
1964-07-20,Genoa,1664.85229492
1964-08-25,Genoa,1664.85229492
1964-08-26,Genoa,1664.85229492
1964-08-30,Genoa,1664.85229492
1964-09-06,Genoa,1664.85229492
1964-09-10,Genoa,1664.01733398
1964-09-13,Genoa,1664.01733398
1964-09-14,Genoa,1669.12683105
1964-09-21,Genoa,1662.86657715
1964-09-24,Genoa,1663.26757812
1964-09-27,Genoa,1663.26757812
1964-09-28,Genoa,1665.72387695
1964-10-04,Genoa,1665.72387695
1964-10-05,Genoa,1660.32092285
1964-10-07,Genoa,1660.32092285
1964-10-08,Genoa,1662.00085449
1964-10-11,Genoa,1662.00085449
1964-10-12,Genoa,1657.34350586
1964-10-14,Genoa,1657.34350586
1964-10-15,Genoa,1651.26745605
1964-10-19,Genoa,1652.37145996
1964-10-26,Genoa,1643.77160645
1964-10-31,Genoa,1643.77160645
1964-11-01,Genoa,1643.77160645
1964-11-02,Genoa,1643.77160645
1964-11-08,Genoa,1643.77160645
1964-11-09,Genoa,1637.08496094
1964-11-12,Genoa,1637.82214355
1964-11-16,Genoa,1633.57128906
1964-11-22,Genoa,1633.57128906
1964-11-23,Genoa,1639.57006836
1964-11-30,Genoa,1644.60473633
1964-12-03,Genoa,1644.60473633
1964-12-04,Genoa,1645.16967773
1964-12-06,Genoa,1645.16967773
1964-12-07,Genoa,1645.26721191
1964-12-09,Genoa,1645.26721191
1964-12-13,Genoa,1645.26721191
1964-12-14,Genoa,1642.07458496
1964-12-17,Genoa,1642.07458496
1964-12-20,Genoa,1642.07458496
1964-12-21,Genoa,1644.52380371
1964-12-27,Genoa,1644.52380371
1964-12-28,Genoa,1648.47753906
1964-12-29,Genoa,1648.47753906
1965-01-04,Genoa,1643.35083008
1965-01-10,Genoa,1643.35083008
1965-01-11,Genoa,1642.17297363
1965-01-17,Genoa,1642.17297363
1965-01-18,Genoa,1635.52111816
1965-01-21,Genoa,1635.52111816
1965-01-25,Genoa,1639.21813965
1965-02-01,Genoa,1645.34765625
1965-02-04,Genoa,1645.34765625
1965-02-08,Genoa,1643.27734375
1965-02-11,Genoa,1643.27734375
1965-02-15,Genoa,1640.03674316
1965-02-18,Genoa,1642.42041016
1965-02-22,Genoa,1639.96179199
1965-02-28,Genoa,1639.96179199
1965-03-01,Genoa,1644.34545898
1965-03-04,Genoa,1641.70349121
1965-03-08,Genoa,1634.78942871
1965-03-17,Genoa,1634.78942871
1965-03-18,Genoa,1642.70837402
1965-03-22,Genoa,1634.28198242
1965-03-29,Genoa,1626.1763916
1965-04-04,Genoa,1626.1763916
1965-04-05,Genoa,1638.00500488
1965-04-08,Genoa,1638.00500488
1965-04-10,Genoa,1638.00500488
1965-04-11,Genoa,1638.00500488
1965-04-12,Genoa,1635.87060547
1965-04-17,Genoa,1635.87060547
1965-04-19,Genoa,1635.87060547
1965-04-20,Genoa,1635.87060547
1965-04-21,Genoa,1639.26708984
1965-04-25,Genoa,1639.26708984
1965-04-26,Genoa,1655.85791016
1965-04-27,Genoa,1655.85791016
1965-04-28,Genoa,1652.49438477
1965-04-29,Genoa,1652.49438477
1965-05-01,Genoa,1652.49438477
1965-05-03,Genoa,1652.49438477
1965-05-05,Genoa,1647.72131348
1965-05-06,Genoa,1636.03027344
1965-05-10,Genoa,1624.14477539
1965-05-13,Genoa,1631.57189941
1965-05-15,Genoa,1631.57189941
1965-05-17,Genoa,1639.9173584
1965-05-19,Genoa,1639.9173584
1965-05-20,Genoa,1639.9173584
1965-05-24,Genoa,1634.73596191
1965-05-28,Genoa,1638.70068359
1965-05-30,Genoa,1638.70068359
1965-05-31,Genoa,1642.3223877
1965-06-01,Genoa,1642.3223877
1965-06-03,Genoa,1642.3223877
1965-06-07,Genoa,1656.8828125
1965-06-14,Genoa,1656.8828125
1965-06-21,Genoa,1656.8828125
1965-07-01,Genoa,1656.8828125
1965-07-02,Genoa,1656.8828125
1965-07-07,Genoa,1656.8828125
1965-07-12,Genoa,1656.8828125
1965-07-16,Genoa,1656.8828125
1965-08-06,Genoa,1656.8828125
1965-08-15,Genoa,1656.8828125
1965-08-16,Genoa,1656.8828125
1965-08-22,Genoa,1656.8828125
1965-08-24,Genoa,1656.8828125
1965-08-26,Genoa,1656.8828125
1965-08-29,Genoa,1656.8828125
1965-09-05,Genoa,1656.8828125
1965-09-06,Genoa,1666.84289551
1965-09-07,Genoa,1666.84289551
1965-09-12,Genoa,1666.84289551
1965-09-13,Genoa,1659.83276367
1965-09-16,Genoa,1659.83276367
1965-09-18,Genoa,1659.83276367
1965-09-20,Genoa,1650.82458496
1965-09-23,Genoa,1650.82458496
1965-09-26,Genoa,1650.82458496
1965-09-27,Genoa,1654.53112793
1965-09-30,Genoa,1655.56115723
1965-10-03,Genoa,1655.56115723
1965-10-04,Genoa,1644.28588867
1965-10-10,Genoa,1644.28588867
1965-10-11,Genoa,1646.68835449
1965-10-14,Genoa,1638.16381836
1965-10-18,Genoa,1629.86962891
1965-10-21,Genoa,1629.86962891
1965-10-24,Genoa,1629.86962891
1965-10-25,Genoa,1626.47766113
1965-11-01,Genoa,1613.84155273
1965-11-04,Genoa,1613.84155273
1965-11-05,Genoa,1613.84155273
1965-11-07,Genoa,1613.84155273
1965-11-08,Genoa,1617.30383301
1965-11-10,Genoa,1617.30383301
1965-11-14,Genoa,1617.30383301
1965-11-15,Genoa,1618.51574707
1965-11-17,Genoa,1618.51574707
1965-11-18,Genoa,1618.51574707
1965-11-21,Genoa,1618.51574707
1965-11-22,Genoa,1621.60375977
1965-11-25,Genoa,1621.60375977
1965-11-28,Genoa,1621.60375977
1965-11-29,Genoa,1613.13891602
1965-12-02,Genoa,1612.43139648
1965-12-06,Genoa,1607.0579834
1965-12-13,Genoa,1607.0579834
1965-12-16,Genoa,1607.96557617
1965-12-19,Genoa,1607.96557617
1965-12-20,Genoa,1606.85742188
1965-12-27,Genoa,1600.85144043
1966-01-03,Genoa,1592.55859375
1966-01-10,Genoa,1594.92431641
1966-01-17,Genoa,1597.91418457
1966-02-07,Genoa,1603.82177734
1966-02-14,Genoa,1603.55090332
1966-02-17,Genoa,1603.55090332
1966-02-21,Genoa,1609.84216309
1966-02-24,Genoa,1613.34851074
1966-02-28,Genoa,1613.59851074
1966-03-01,Genoa,1613.59851074
1966-03-02,Genoa,1613.59851074
1966-03-03,Genoa,1614.96716309
1966-03-06,Genoa,1614.96716309
1966-03-07,Genoa,1618.77062988
1966-03-10,Genoa,1618.77062988
1966-03-13,Genoa,1618.77062988
1966-03-14,Genoa,1618.77062988
1966-03-16,Genoa,1618.77062988
1966-03-20,Genoa,1618.77062988
1966-03-21,Genoa,1632.19702148
1966-03-24,Genoa,1632.19702148
1966-03-28,Genoa,1626.51611328
1966-04-04,Genoa,1620.36791992
1966-04-06,Genoa,1620.36791992
1966-04-10,Genoa,1620.36791992
1966-04-11,Genoa,1624.32910156
1966-04-13,Genoa,1624.32910156
1966-04-14,Genoa,1623.81665039
1966-04-18,Genoa,1612.87097168
1966-04-20,Genoa,1612.87097168
1966-04-21,Genoa,1604.99926758
1966-04-24,Genoa,1604.99926758
1966-04-25,Genoa,1600.59472656
1966-05-02,Genoa,1601.20056152
1966-05-09,Genoa,1604.9888916
1966-05-16,Genoa,1595.21374512
1966-05-23,Genoa,1598.08862305
1966-05-30,Genoa,1597.80517578
1966-06-06,Genoa,1591.53161621
1966-06-13,Genoa,1599.19763184
1966-06-20,Genoa,1604.96252441
1966-09-10,Genoa,1604.96252441
1966-09-12,Genoa,1607.34082031
1966-09-18,Genoa,1607.34082031
1966-09-19,Genoa,1599.68005371
1966-09-26,Genoa,1602.89331055
1966-09-29,Genoa,1601.66357422
1966-10-03,Genoa,1594.7286377
1966-10-06,Genoa,1581.12353516
1966-10-10,Genoa,1576.6373291
1966-10-13,Genoa,1579.85961914
1966-10-17,Genoa,1583.75927734
1966-10-24,Genoa,1579.52502441
1966-10-31,Genoa,1569.26245117
1966-11-07,Genoa,1570.27819824
1966-11-14,Genoa,1565.06433105
1966-11-17,Genoa,1564.4822998
1966-11-21,Genoa,1555.61962891
1966-12-05,Genoa,1560.10998535
1966-12-09,Genoa,1569.43920898
1966-12-12,Genoa,1561.86157227
1966-12-19,Genoa,1569.68945312
1966-12-25,Genoa,1563.56616211
1967-01-01,Genoa,1558.39172363
1967-01-09,Genoa,1559.66931152
1967-01-16,Genoa,1555.78857422
1967-01-23,Genoa,1542.68322754
1967-02-06,Genoa,1535.16540527
1967-02-13,Genoa,1539.84216309
1967-02-16,Genoa,1540.29602051
1967-02-20,Genoa,1532.9230957
1967-02-27,Genoa,1538.15710449
1967-03-02,Genoa,1550.89953613
1967-03-06,Genoa,1543.1496582
1967-03-13,Genoa,1551.09265137
1967-03-20,Genoa,1554.65966797
1967-03-27,Genoa,1561.78808594
1967-04-10,Genoa,1566.28442383
1967-04-17,Genoa,1559.37207031
1967-04-20,Genoa,1556.32727051
1967-04-24,Genoa,1551.38439941
1967-04-27,Genoa,1554.39501953
1967-05-01,Genoa,1563.15649414
1967-05-04,Genoa,1564.62866211
1967-05-08,Genoa,1571.22070312
1967-05-15,Genoa,1575.55126953
1967-05-22,Genoa,1571.04870605
1967-05-26,Genoa,1563.95788574
1967-05-29,Genoa,1553.81054688
1967-06-05,Genoa,1566.06884766
1967-06-12,Genoa,1561.07897949
1967-06-19,Genoa,1551.06994629
1967-09-11,Genoa,1545.18359375
1967-09-18,Genoa,1541.46350098
1967-09-21,Genoa,1547.80651855
1967-09-25,Genoa,1542.07727051
1967-10-02,Genoa,1555.64941406
1967-10-09,Genoa,1547.60375977
1967-10-12,Genoa,1549.38720703
1967-10-16,Genoa,1545.67382812
1967-10-23,Genoa,1539.5826416
1967-10-30,Genoa,1544.39953613
1967-11-06,Genoa,1545.99572754
1967-11-13,Genoa,1542.06018066
1967-11-23,Genoa,1545.86877441
1967-11-27,Genoa,1541.16943359
1967-11-30,Genoa,1540.62792969
1967-12-04,Genoa,1539.1730957
1967-12-08,Genoa,1538.55102539
1967-12-11,Genoa,1533.82189941
1967-12-14,Genoa,1535.5300293
1967-12-18,Genoa,1532.23400879
1967-12-25,Genoa,1546.1114502
1968-01-01,Genoa,1542.97937012
1968-01-08,Genoa,1547.44628906
1968-01-15,Genoa,1555.82275391
1968-01-22,Genoa,1561.99462891
1968-01-29,Genoa,1562.22888184
1968-02-01,Genoa,1560.62353516
1968-02-05,Genoa,1555.50292969
1968-02-12,Genoa,1548.75720215
1968-02-19,Genoa,1545.58032227
1968-02-26,Genoa,1549.46862793
1968-02-29,Genoa,1552.09558105
1968-03-04,Genoa,1557.00292969
1968-03-11,Genoa,1558.88916016
1968-03-14,Genoa,1550.47583008
1968-03-18,Genoa,1545.26843262
1968-03-21,Genoa,1557.17687988
1968-03-25,Genoa,1551.8692627
1968-04-01,Genoa,1558.52844238
1968-04-08,Genoa,1577.76208496
1968-04-22,Genoa,1566.80175781
1968-04-29,Genoa,1562.7677002
1968-05-02,Genoa,1565.96691895
1968-05-06,Genoa,1555.61486816
1968-05-09,Genoa,1559.04724121
1968-05-10,Genoa,1554.28356934
1968-05-13,Genoa,1549.50561523
1968-05-16,Genoa,1540.40039062
1968-05-20,Genoa,1543.5592041
1968-05-24,Genoa,1547.50634766
1968-05-27,Genoa,1550.53588867
1968-06-03,Genoa,1539.09777832
1968-06-10,Genoa,1543.3203125
1968-06-17,Genoa,1545.2421875
1968-06-24,Genoa,1540.9954834
1968-09-19,Genoa,1538.34545898
1968-09-30,Genoa,1544.90332031
1968-10-03,Genoa,1548.0703125
1968-10-07,Genoa,1539.03466797
1968-10-14,Genoa,1543.33813477
1968-10-21,Genoa,1545.6027832
1968-11-04,Genoa,1541.6373291
1968-11-11,Genoa,1550.90441895
1968-11-18,Genoa,1560.15893555
1968-11-25,Genoa,1564.99353027
1968-12-02,Genoa,1559.890625
1968-12-09,Genoa,1573.84277344
1968-12-16,Genoa,1562.91430664
1968-12-23,Genoa,1553.51196289
1968-12-30,Genoa,1556.64465332
1969-01-06,Genoa,1564.58215332
1969-01-13,Genoa,1559.83532715
1969-01-20,Genoa,1555.00170898
1969-01-27,Genoa,1552.65185547
1969-02-03,Genoa,1558.50390625
1969-02-10,Genoa,1563.26599121
1969-02-17,Genoa,1564.60131836
1969-02-20,Genoa,1550.82373047
1969-02-24,Genoa,1556.8338623
1969-03-03,Genoa,1558.6730957
1969-03-06,Genoa,1554.57348633
1969-03-10,Genoa,1549.48132324
1969-03-13,Genoa,1561.71765137
1969-03-17,Genoa,1563.72155762
1969-03-24,Genoa,1550.15026855
1969-03-31,Genoa,1552.8861084
1969-04-14,Genoa,1550.32641602
1969-04-21,Genoa,1552.87756348
1969-04-24,Genoa,1556.69213867
1969-04-28,Genoa,1551.83544922
1969-05-05,Genoa,1555.09411621
1969-05-12,Genoa,1550.60852051
1969-05-16,Genoa,1562.14819336
1969-05-19,Genoa,1554.80969238
1969-05-26,Genoa,1557.60070801
1969-05-29,Genoa,1564.26965332
1969-06-02,Genoa,1561.75769043
1969-06-09,Genoa,1557.54724121
1969-06-16,Genoa,1556.07141113
1969-06-23,Genoa,1567.11291504
1969-09-11,Genoa,1567.14978027
1969-09-15,Genoa,1560.71166992
1969-09-18,Genoa,1560.23400879
1969-09-22,Genoa,1567.41467285
1969-09-25,Genoa,1567.42089844
1969-09-29,Genoa,1550.56689453
1969-10-02,Genoa,1551.7286377
1969-10-06,Genoa,1543.93835449
1969-10-13,Genoa,1548.22021484
1969-10-20,Genoa,1542.10058594
1969-10-27,Genoa,1538.80395508
1969-11-03,Genoa,1543.69226074
1969-11-13,Genoa,1549.55981445
1969-11-17,Genoa,1536.58410645
1969-11-24,Genoa,1522.61108398
1969-11-27,Genoa,1505.47180176
1969-12-01,Genoa,1507.76745605
1969-12-08,Genoa,1503.84887695
1969-12-15,Genoa,1506.87341309
1969-12-22,Genoa,1502.56188965
1969-12-29,Genoa,1505.92419434
1970-01-05,Genoa,1512.79272461
1970-01-12,Genoa,1519.94567871
1970-01-19,Genoa,1524.89880371
1970-01-26,Genoa,1518.90905762
1970-02-02,Genoa,1507.3684082
1970-02-09,Genoa,1504.50366211
1970-02-16,Genoa,1509.62133789
1970-02-23,Genoa,1508.13671875
1970-03-02,Genoa,1510.69458008
1970-03-05,Genoa,1502.77038574
1970-03-09,Genoa,1491.58129883
1970-03-16,Genoa,1495.36108398
1970-03-19,Genoa,1495.46276855
1970-03-23,Genoa,1493.67138672
1970-04-02,Genoa,1489.61584473
1970-04-06,Genoa,1500.46362305
1970-04-13,Genoa,1496.18652344
1970-04-16,Genoa,1500.22375488
1970-04-20,Genoa,1496.55627441
1970-04-23,Genoa,1496.89196777
1970-04-27,Genoa,1490.84375
1970-05-04,Genoa,1499.14086914
1970-05-11,Genoa,1492.38769531
1970-05-18,Genoa,1489.74597168
1970-05-25,Genoa,1494.60632324
1970-06-01,Genoa,1489.23046875
1970-06-08,Genoa,1477.08605957
1970-06-15,Genoa,1475.52099609
1971-07-01,Genoa,1467.11645508
1971-09-16,Genoa,1461.66748047
1971-09-23,Genoa,1461.68835449
1971-09-27,Genoa,1467.42700195
1971-09-29,Genoa,1481.39819336
1971-09-30,Genoa,1481.79406738
1971-10-01,Genoa,1465.38867188
1971-10-04,Genoa,1469.39611816
1971-10-11,Genoa,1466.22912598
1971-10-18,Genoa,1457.83093262
1971-10-21,Genoa,1450.03356934
1971-10-22,Genoa,1455.40844727
1971-10-25,Genoa,1445.5760498
1971-11-01,Genoa,1442.8347168
1971-11-04,Genoa,1440.41052246
1971-11-05,Genoa,1445.41589355
1971-11-08,Genoa,1440.98583984
1971-11-15,Genoa,1437.25134277
1971-11-22,Genoa,1427.60510254
1971-11-25,Genoa,1431.85559082
1971-11-29,Genoa,1436.53955078
1971-12-02,Genoa,1446.45739746
1971-12-06,Genoa,1442.8079834
1971-12-09,Genoa,1442.32678223
1971-12-13,Genoa,1450.15063477
1971-12-20,Genoa,1455.00854492
1971-12-27,Genoa,1461.2800293
1972-01-03,Genoa,1466.96130371
1972-01-10,Genoa,1473.65576172
1972-01-17,Genoa,1476.82861328
1972-01-24,Genoa,1473.48937988
1972-01-31,Genoa,1481.12109375
1972-02-14,Genoa,1485.78430176
1972-02-21,Genoa,1483.22595215
1972-02-24,Genoa,1484.13244629
1972-02-28,Genoa,1495.82434082
1972-03-06,Genoa,1501.86669922
1972-03-08,Genoa,1502.76062012
1972-03-09,Genoa,1493.85400391
1972-03-11,Genoa,1493.98034668
1972-03-13,Genoa,1499.06481934
1972-03-20,Genoa,1505.67163086
1972-03-23,Genoa,1501.5690918
1972-03-25,Genoa,1504.13916016
1972-03-27,Genoa,1516.82995605
1972-04-03,Genoa,1525.64440918
1972-04-06,Genoa,1522.77124023
1972-04-10,Genoa,1517.43933105
1972-04-17,Genoa,1500.45825195
1972-04-20,Genoa,1498.53991699
1972-04-24,Genoa,1504.67138672
1972-05-01,Genoa,1500.50073242
1972-05-08,Genoa,1501.52355957
1972-05-15,Genoa,1499.7376709
1972-05-22,Genoa,1506.09179688
1972-05-29,Genoa,1509.05554199
1972-06-01,Genoa,1504.55822754
1972-06-05,Genoa,1508.11694336
1972-06-12,Genoa,1495.95373535
1972-06-19,Genoa,1514.19921875
1972-09-07,Genoa,1514.22399902
1972-09-14,Genoa,1515.51281738
1972-09-15,Genoa,1515.11474609
1972-09-18,Genoa,1520.8704834
1972-09-25,Genoa,1524.71459961
1972-09-28,Genoa,1494.234375
1972-10-02,Genoa,1499.65197754
1972-10-09,Genoa,1511.65405273
1972-10-16,Genoa,1520.03381348
1972-10-23,Genoa,1528.4486084
1972-10-26,Genoa,1522.98999023
1972-10-30,Genoa,1526.29956055
1972-11-06,Genoa,1528.48181152
1972-11-08,Genoa,1525.16345215
1972-11-09,Genoa,1534.06469727
1972-11-13,Genoa,1540.72436523
1972-11-20,Genoa,1532.95874023
1972-11-27,Genoa,1536.10180664
1972-11-30,Genoa,1530.63183594
1972-12-04,Genoa,1540.2043457
1972-12-11,Genoa,1542.52099609
1972-12-14,Genoa,1539.26306152
1972-12-18,Genoa,1535.9083252
1972-12-25,Genoa,1522.46813965
1972-12-31,Genoa,1525.47631836
1973-01-08,Genoa,1528.03857422
1973-01-15,Genoa,1524.50817871
1973-01-22,Genoa,1523.97399902
1973-02-05,Genoa,1525.67944336
1973-02-12,Genoa,1530.92333984
1973-02-19,Genoa,1533.03125
1973-02-26,Genoa,1539.95605469
1973-03-05,Genoa,1542.84033203
1973-03-08,Genoa,1542.13513184
1973-03-12,Genoa,1542.59777832
1973-03-19,Genoa,1551.68945312
1973-03-22,Genoa,1558.00683594
1973-04-02,Genoa,1563.5802002
1973-04-09,Genoa,1556.18395996
1973-04-12,Genoa,1559.08959961
1973-04-16,Genoa,1554.4654541
1973-04-23,Genoa,1554.08911133
1973-04-26,Genoa,1562.02050781
1973-04-30,Genoa,1565.26831055
1973-05-07,Genoa,1569.8581543
1973-05-14,Genoa,1563.01257324
1973-05-17,Genoa,1567.86010742
1973-05-21,Genoa,1554.14599609
1973-05-26,Genoa,1557.54602051
1973-05-31,Genoa,1554.52819824
1973-06-04,Genoa,1554.14892578
1973-06-11,Genoa,1565.49694824
1973-06-18,Genoa,1567.61804199
1973-07-02,Genoa,1567.61804199
1973-09-20,Genoa,1549.84631348
1973-10-04,Genoa,1529.92993164
1973-10-08,Genoa,1536.20349121
1973-10-16,Genoa,1528.60070801
1973-10-25,Genoa,1519.84753418
1973-10-29,Genoa,1522.95935059
1973-11-05,Genoa,1529.55175781
1973-11-08,Genoa,1533.88171387
1973-11-19,Genoa,1531.29003906
1973-11-26,Genoa,1516.41699219
1973-12-03,Genoa,1519.81994629
1973-12-10,Genoa,1518.93286133
1973-12-17,Genoa,1514.13623047
1973-12-24,Genoa,1513.93164062
1973-12-31,Genoa,1510.6697998
1974-01-07,Genoa,1504.31774902
1974-01-14,Genoa,1502.5970459
1974-01-22,Genoa,1508.41564941
1974-01-28,Genoa,1505.67224121
1974-02-04,Genoa,1506.71289062
1974-02-11,Genoa,1513.77331543
1974-02-18,Genoa,1510.47265625
1974-03-04,Genoa,1505.14025879
1974-03-11,Genoa,1500.25878906
1974-03-14,Genoa,1501.7845459
1974-03-18,Genoa,1506.37817383
1974-03-21,Genoa,1506.66809082
1974-03-25,Genoa,1496.0369873
1974-04-01,Genoa,1510.14416504
1974-04-08,Genoa,1515.57067871
1974-04-11,Genoa,1519.50292969
1974-04-16,Genoa,1514.88659668
1974-04-22,Genoa,1503.16125488
1974-04-25,Genoa,1507.56738281
1974-04-29,Genoa,1506.03930664
1974-05-05,Genoa,1500.27734375
1974-05-09,Genoa,1494.6496582
1974-05-13,Genoa,1489.34008789
1974-05-20,Genoa,1482.01342773
1974-07-02,Genoa,1482.01342773
1974-09-19,Genoa,1481.80358887
1974-09-26,Genoa,1478.30786133
1974-09-30,Genoa,1482.35180664
1974-10-03,Genoa,1489.10559082
1974-10-07,Genoa,1498.09375
1974-10-14,Genoa,1506.83532715
1974-10-21,Genoa,1512.54516602
1974-10-24,Genoa,1509.03881836
1974-10-28,Genoa,1496.43139648
1974-11-04,Genoa,1488.6472168
1974-11-07,Genoa,1496.92236328
1974-11-11,Genoa,1496.55847168
1974-11-18,Genoa,1501.13122559
1974-11-25,Genoa,1494.96716309
1974-11-28,Genoa,1485.73974609
1974-12-02,Genoa,1480.70153809
1974-12-09,Genoa,1485.28833008
1974-12-12,Genoa,1490.03625488
1974-12-16,Genoa,1484.36730957
1974-12-23,Genoa,1477.41186523
1975-01-06,Genoa,1474.8215332
1975-01-13,Genoa,1461.40344238
1975-01-20,Genoa,1470.77087402
1975-01-27,Genoa,1458.55895996
1975-02-03,Genoa,1453.28649902
1975-02-10,Genoa,1448.82348633
1975-02-17,Genoa,1442.39025879
1975-02-24,Genoa,1446.26855469
1975-03-03,Genoa,1451.55883789
1975-03-06,Genoa,1454.3828125
1975-03-10,Genoa,1458.65844727
1975-03-17,Genoa,1454.26831055
1975-03-20,Genoa,1457.00720215
1975-03-24,Genoa,1461.23754883
1975-03-31,Genoa,1466.734375
1975-04-07,Genoa,1460.69714355
1975-04-10,Genoa,1456.71740723
1975-04-14,Genoa,1452.61364746
1975-04-21,Genoa,1449.5859375
1975-04-24,Genoa,1441.91955566
1975-04-28,Genoa,1454.12683105
1975-05-05,Genoa,1447.36120605
1975-05-12,Genoa,1451.52197266
1975-05-19,Genoa,1464.37280273
1975-05-26,Genoa,1457.3729248
1975-06-02,Genoa,1461.62731934
1975-06-09,Genoa,1454.28930664
1975-06-16,Genoa,1449.82055664
1975-06-23,Genoa,1443.04162598
1975-09-17,Genoa,1442.08068848
1975-09-18,Genoa,1439.05895996
1975-09-29,Genoa,1446.95654297
1975-10-02,Genoa,1457.01599121
1975-10-06,Genoa,1458.29382324
1975-10-13,Genoa,1464.57531738
1975-10-20,Genoa,1468.9732666
1975-10-23,Genoa,1465.39038086
1975-10-27,Genoa,1470.96447754
1975-11-03,Genoa,1475.64526367
1975-11-06,Genoa,1466.72314453
1975-11-10,Genoa,1459.43762207
1975-11-17,Genoa,1466.27441406
1975-11-24,Genoa,1462.0559082
1975-11-27,Genoa,1469.37219238
1975-12-01,Genoa,1476.02685547
1975-12-08,Genoa,1478.45800781
1975-12-11,Genoa,1469.47045898
1975-12-15,Genoa,1457.61889648
1975-12-22,Genoa,1459.66882324
1976-01-05,Genoa,1455.8873291
1976-01-12,Genoa,1458.88122559
1976-01-19,Genoa,1454.3293457
1976-01-26,Genoa,1457.21801758
1976-02-02,Genoa,1464.72412109
1976-02-09,Genoa,1478.44152832
1976-02-16,Genoa,1494.12084961
1976-02-23,Genoa,1488.18981934
1976-03-01,Genoa,1489.60852051
1976-03-04,Genoa,1485.22363281
1976-03-08,Genoa,1469.15527344
1976-03-15,Genoa,1468.95141602
1976-03-18,Genoa,1465.96923828
1976-03-22,Genoa,1458.42028809
1976-03-29,Genoa,1452.96911621
1976-04-05,Genoa,1463.94848633
1976-04-12,Genoa,1460.31335449
1976-04-19,Genoa,1453.95788574
1976-04-26,Genoa,1461.15808105
1976-05-03,Genoa,1464.73706055
1976-05-10,Genoa,1451.49975586
1976-05-17,Genoa,1472.18823242
1976-05-24,Genoa,1467.82849121
1976-05-31,Genoa,1481.37341309
1976-06-07,Genoa,1476.39892578
1976-06-14,Genoa,1478.99328613
1976-06-21,Genoa,1485.0489502
1976-07-04,Genoa,1485.0489502
1976-09-16,Genoa,1472.89794922
1976-09-30,Genoa,1484.37658691
1976-10-01,Genoa,1485.4786377
1976-10-04,Genoa,1484.80285645
1976-10-11,Genoa,1483.84741211
1976-10-21,Genoa,1479.7734375
1976-10-25,Genoa,1473.79760742
1976-11-01,Genoa,1470.40710449
1976-11-04,Genoa,1482.63366699
1976-11-05,Genoa,1482.72192383
1976-11-08,Genoa,1480.86486816
1976-11-22,Genoa,1478.34960938
1976-11-25,Genoa,1475.80908203
1976-11-29,Genoa,1476.2623291
1976-12-06,Genoa,1482.36242676
1976-12-09,Genoa,1483.29541016
1976-12-13,Genoa,1490.46765137
1976-12-20,Genoa,1502.72216797
1977-01-03,Genoa,1513.97619629
1977-01-10,Genoa,1523.21325684
1977-01-17,Genoa,1529.51599121
1977-01-31,Genoa,1524.77148438
1977-02-07,Genoa,1528.2286377
1977-02-14,Genoa,1524.46203613
1977-02-22,Genoa,1528.87585449
1977-03-01,Genoa,1535.58630371
1977-03-03,Genoa,1537.16101074
1977-03-04,Genoa,1543.28649902
1977-03-07,Genoa,1540.47851562
1977-03-14,Genoa,1551.69909668
1977-03-17,Genoa,1552.92919922
1977-03-21,Genoa,1552.40649414
1977-03-28,Genoa,1566.08032227
1977-04-04,Genoa,1549.57641602
1977-04-07,Genoa,1551.25109863
1977-04-11,Genoa,1558.34020996
1977-04-18,Genoa,1551.25939941
1977-04-21,Genoa,1546.17871094
1977-04-25,Genoa,1533.9387207
1977-05-03,Genoa,1536.98144531
1977-05-05,Genoa,1536.6184082
1977-05-09,Genoa,1530.57177734
1977-05-16,Genoa,1535.93981934
1977-05-19,Genoa,1538.45800781
1977-05-23,Genoa,1536.12646484
1977-09-12,Genoa,1543.06213379
1977-09-15,Genoa,1531.11730957
1977-09-19,Genoa,1536.76098633
1977-09-26,Genoa,1545.32995605
1977-09-29,Genoa,1552.78063965
1977-10-03,Genoa,1558.2076416
1977-10-20,Genoa,1561.5057373
1977-10-24,Genoa,1557.76782227
1977-10-31,Genoa,1555.61730957
1977-11-03,Genoa,1539.83740234
1977-11-07,Genoa,1535.80639648
1977-11-21,Genoa,1538.48010254
1977-11-24,Genoa,1538.04199219
1977-11-28,Genoa,1535.7701416
1977-12-08,Genoa,1523.3692627
1977-12-12,Genoa,1527.27282715
1977-12-19,Genoa,1522.46655273
1978-01-01,Genoa,1512.08764648
1978-01-09,Genoa,1507.13647461
1978-01-16,Genoa,1502.58496094
1978-01-23,Genoa,1509.07312012
1978-01-30,Genoa,1514.22583008
1978-02-06,Genoa,1513.63122559
1978-02-13,Genoa,1518.66381836
1978-02-20,Genoa,1518.03259277
1978-02-27,Genoa,1511.1619873
1978-03-02,Genoa,1514.26538086
1978-03-06,Genoa,1508.09216309
1978-03-13,Genoa,1511.09741211
1978-03-16,Genoa,1506.56494141
1978-03-20,Genoa,1495.3425293
1978-03-27,Genoa,1500.39355469
1978-03-30,Genoa,1500.83239746
1978-04-03,Genoa,1503.12145996
1978-04-10,Genoa,1509.34130859
1978-04-13,Genoa,1502.7520752
1978-04-17,Genoa,1499.19018555
1978-04-24,Genoa,1496.62866211
1978-05-01,Genoa,1497.08129883
1978-05-08,Genoa,1501.92016602
1978-07-02,Genoa,1501.92016602
1978-09-14,Genoa,1491.23376465
1978-09-25,Genoa,1492.52404785
1978-09-28,Genoa,1472.89355469
1978-10-02,Genoa,1468.17431641
1978-10-09,Genoa,1455.23730469
1978-10-16,Genoa,1458.16027832
1978-10-19,Genoa,1462.18066406
1978-10-23,Genoa,1475.9630127
1978-10-26,Genoa,1476.02404785
1978-10-30,Genoa,1469.38269043
1978-11-02,Genoa,1473.63085938
1978-11-06,Genoa,1473.02331543
1978-11-13,Genoa,1459.59448242
1978-11-20,Genoa,1451.03771973
1978-11-23,Genoa,1448.87365723
1978-11-27,Genoa,1441.33312988
1978-12-04,Genoa,1446.08618164
1978-12-07,Genoa,1444.28833008
1978-12-11,Genoa,1447.50646973
1978-12-18,Genoa,1452.74951172
1979-01-08,Genoa,1445.00354004
1979-01-15,Genoa,1441.73803711
1979-01-22,Genoa,1434.08459473
1979-01-29,Genoa,1440.14416504
1979-02-05,Genoa,1439.97253418
1979-02-12,Genoa,1442.89990234
1979-02-19,Genoa,1448.28442383
1979-02-26,Genoa,1443.2388916
1979-03-05,Genoa,1429.73852539
1979-03-08,Genoa,1427.38427734
1979-03-12,Genoa,1420.06811523
1979-03-19,Genoa,1408.25073242
1979-03-22,Genoa,1406.50048828
1979-03-26,Genoa,1398.67456055
1979-04-02,Genoa,1402.69128418
1979-04-09,Genoa,1397.24304199
1979-04-15,Genoa,1384.87036133
1979-04-23,Genoa,1389.76623535
1979-04-30,Genoa,1391.8223877
1979-05-07,Genoa,1390.05419922
1979-05-14,Genoa,1394.44104004
1979-05-21,Genoa,1390.83666992
1979-05-28,Genoa,1393.76062012
1979-06-04,Genoa,1389.22680664
1979-06-11,Genoa,1384.03344727
1979-06-18,Genoa,1387.45422363
1979-06-25,Genoa,1397.16223145
1979-09-17,Genoa,1391.74475098
1979-09-20,Genoa,1410.35302734
1979-09-24,Genoa,1420.40551758
1979-10-01,Genoa,1427.4041748
1979-10-04,Genoa,1421.97058105
1979-10-05,Genoa,1423.12780762
1979-10-08,Genoa,1411.04638672
1979-10-15,Genoa,1417.31884766
1979-10-22,Genoa,1411.25427246
1979-10-25,Genoa,1417.30163574
1979-10-29,Genoa,1413.64501953
1979-11-02,Genoa,1382.89990234
1979-11-05,Genoa,1373.18115234
1979-11-08,Genoa,1377.00671387
1979-11-12,Genoa,1373.67163086
1979-11-19,Genoa,1386.38757324
1979-11-26,Genoa,1394.19726562
1979-12-03,Genoa,1396.25720215
1979-12-10,Genoa,1389.62988281
1979-12-17,Genoa,1389.62365723
1979-12-24,Genoa,1394.07922363
1980-01-07,Genoa,1385.34423828
1980-01-14,Genoa,1382.43041992
1980-01-21,Genoa,1375.09350586
1980-01-28,Genoa,1371.94140625
1980-02-04,Genoa,1384.46142578
1980-02-11,Genoa,1380.71264648
1980-02-18,Genoa,1374.86560059
1980-02-25,Genoa,1379.8046875
1980-03-03,Genoa,1383.72875977
1980-03-06,Genoa,1385.82116699
1980-03-10,Genoa,1383.79089355
1980-03-17,Genoa,1377.67944336
1980-03-20,Genoa,1381.78735352
1980-03-24,Genoa,1387.73254395
1980-03-31,Genoa,1381.57531738
1980-04-06,Genoa,1391.72277832
1980-04-10,Genoa,1396.35205078
1980-04-14,Genoa,1388.75793457
1980-04-21,Genoa,1385.89929199
1980-04-24,Genoa,1377.03198242
1980-04-28,Genoa,1373.05786133
1980-05-05,Genoa,1366.4732666
1980-05-12,Genoa,1369.07580566
1980-05-19,Genoa,1374.27868652
1980-05-26,Genoa,1376.64501953
1980-06-02,Genoa,1372.71972656
1980-06-09,Genoa,1375.25866699
1980-09-15,Genoa,1379.75390625
1980-09-18,Genoa,1404.54394531
1980-09-22,Genoa,1410.72106934
1980-09-29,Genoa,1408.2779541
1980-10-02,Genoa,1396.50610352
1980-10-06,Genoa,1403.35180664
1980-10-13,Genoa,1396.60656738
1980-10-20,Genoa,1404.68798828
1980-10-23,Genoa,1413.00183105
1980-10-27,Genoa,1415.31286621
1980-11-03,Genoa,1422.62963867
1980-11-06,Genoa,1426.34790039
1980-11-10,Genoa,1416.9708252
1980-11-17,Genoa,1420.59606934
1980-11-24,Genoa,1423.11462402
1980-11-27,Genoa,1423.07299805
1980-12-01,Genoa,1422.39672852
1980-12-08,Genoa,1425.9609375
1980-12-11,Genoa,1425.77270508
1980-12-15,Genoa,1421.52600098
1980-12-22,Genoa,1414.45532227
1981-01-05,Genoa,1422.48535156
1981-01-12,Genoa,1415.08215332
1981-01-19,Genoa,1422.35021973
1981-01-26,Genoa,1422.8137207
1981-02-09,Genoa,1419.11486816
1981-02-16,Genoa,1413.06665039
1981-02-23,Genoa,1416.00341797
1981-03-02,Genoa,1418.40710449
1981-03-05,Genoa,1415.15112305
1981-03-09,Genoa,1419.95837402
1981-03-16,Genoa,1433.88769531
1981-03-19,Genoa,1444.92700195
1981-03-23,Genoa,1451.24841309
1981-03-30,Genoa,1443.91503906
1981-04-06,Genoa,1448.01953125
1981-04-09,Genoa,1445.62609863
1981-04-13,Genoa,1453.39501953
1981-04-19,Genoa,1458.04858398
1981-04-23,Genoa,1457.6184082
1981-04-27,Genoa,1461.49035645
1981-05-11,Genoa,1458.23352051
1981-05-18,Genoa,1458.98718262
1981-05-25,Genoa,1465.43713379
1981-06-01,Genoa,1465.28088379
1981-06-08,Genoa,1470.55053711
1981-06-15,Genoa,1478.89367676
1981-06-22,Genoa,1483.89782715
1981-07-02,Genoa,1483.89782715
1981-09-14,Genoa,1475.08508301
1981-09-17,Genoa,1470.73535156
1981-09-21,Genoa,1473.09289551
1981-09-28,Genoa,1470.52624512
1981-10-01,Genoa,1476.72497559
1981-10-05,Genoa,1481.05554199
1981-10-12,Genoa,1474.60217285
1981-10-22,Genoa,1461.79443359
1981-10-26,Genoa,1467.0637207
1981-11-02,Genoa,1473.90161133
1981-11-05,Genoa,1463.59606934
1981-11-09,Genoa,1475.67578125
1981-11-23,Genoa,1472.0949707
1981-11-30,Genoa,1469.80834961
1981-12-14,Genoa,1474.32067871
1981-12-21,Genoa,1472.17419434
1982-01-04,Genoa,1476.2364502
1982-01-11,Genoa,1471.51025391
1982-01-18,Genoa,1483.13793945
1982-01-25,Genoa,1476.7142334
1982-02-01,Genoa,1480.85839844
1982-02-08,Genoa,1483.5982666
1982-02-15,Genoa,1468.9765625
1982-03-01,Genoa,1466.16101074
1982-03-08,Genoa,1460.30871582
1982-03-15,Genoa,1462.08691406
1982-03-22,Genoa,1460.65966797
1982-03-29,Genoa,1462.57421875
1982-04-05,Genoa,1467.30541992
1982-04-19,Genoa,1456.16943359
1982-04-26,Genoa,1451.09741211
1982-05-03,Genoa,1457.63818359
1982-05-10,Genoa,1467.42895508
1982-05-17,Genoa,1473.27722168
1982-09-13,Genoa,1477.63330078
1982-09-16,Genoa,1486.76733398
1982-09-20,Genoa,1476.02587891
1982-09-27,Genoa,1480.34069824
1982-09-30,Genoa,1483.87878418
1982-10-04,Genoa,1472.2512207
1982-10-11,Genoa,1483.6796875
1982-10-18,Genoa,1494.49194336
1982-10-21,Genoa,1494.91577148
1982-10-25,Genoa,1484.34399414
1982-11-01,Genoa,1486.88647461
1982-11-04,Genoa,1494.33740234
1982-11-08,Genoa,1492.13977051
1982-11-22,Genoa,1489.13183594
1982-11-25,Genoa,1489.60351562
1982-11-29,Genoa,1487.3894043
1982-12-09,Genoa,1497.59741211
1982-12-13,Genoa,1502.12658691
1982-12-20,Genoa,1507.71166992
1983-01-03,Genoa,1504.45397949
1983-01-10,Genoa,1516.50268555
1983-01-17,Genoa,1514.44030762
1983-01-24,Genoa,1511.20703125
1983-01-31,Genoa,1509.71923828
1983-02-07,Genoa,1513.79125977
1983-02-21,Genoa,1519.49121094
1983-02-28,Genoa,1522.7487793
1983-03-03,Genoa,1521.20007324
1983-03-07,Genoa,1524.65893555
1983-03-14,Genoa,1532.22998047
1983-03-17,Genoa,1534.90075684
1983-03-21,Genoa,1526.8314209
1983-03-28,Genoa,1518.54089355
1983-04-07,Genoa,1520.1439209
1983-04-11,Genoa,1523.62426758
1983-04-21,Genoa,1524.8203125
1983-04-25,Genoa,1522.90258789
1983-05-02,Genoa,1525.50976562
1983-05-09,Genoa,1527.10131836
1983-05-16,Genoa,1524.88903809
1983-05-26,Genoa,1522.20825195
1983-09-13,Genoa,1497.89599609
1983-09-15,Genoa,1502.9798584
1983-09-19,Genoa,1508.16833496
1983-09-26,Genoa,1503.83300781
1983-09-29,Genoa,1519.24584961
1983-10-03,Genoa,1522.93981934
1983-10-10,Genoa,1521.23193359
1983-10-20,Genoa,1519.09082031
1983-10-24,Genoa,1504.33740234
1983-10-31,Genoa,1511.8536377
1983-11-03,Genoa,1522.96972656
1983-11-07,Genoa,1517.30078125
1983-11-21,Genoa,1517.4942627
1983-11-24,Genoa,1517.42211914
1983-11-28,Genoa,1522.65576172
1983-12-05,Genoa,1519.25720215
1983-12-08,Genoa,1512.75817871
1983-12-12,Genoa,1519.51330566
1983-12-19,Genoa,1525.0715332
1984-01-01,Genoa,1525.33508301
1984-01-09,Genoa,1523.55273438
1984-01-16,Genoa,1518.47070312
1984-01-23,Genoa,1516.45153809
1984-01-30,Genoa,1510.4453125
1984-02-13,Genoa,1507.12133789
1984-02-20,Genoa,1499.36328125
1984-02-27,Genoa,1492.98620605
1984-03-08,Genoa,1501.13769531
1984-03-12,Genoa,1498.45983887
1984-03-19,Genoa,1497.22241211
1984-03-22,Genoa,1498.30456543
1984-03-26,Genoa,1505.40649414
1984-04-02,Genoa,1512.83337402
1984-04-12,Genoa,1512.68652344
1984-04-16,Genoa,1522.33166504
1984-04-22,Genoa,1531.19360352
1984-04-26,Genoa,1543.72399902
1984-04-30,Genoa,1542.58935547
1984-05-07,Genoa,1549.37646484
1984-05-14,Genoa,1561.23327637
1984-05-17,Genoa,1564.82250977
1984-05-31,Genoa,1565.72253418
1984-07-02,Genoa,1565.72253418
1984-09-17,Genoa,1557.70544434
1984-09-20,Genoa,1558.52941895
1984-09-21,Genoa,1556.74304199
1984-09-24,Genoa,1561.11877441
1984-10-01,Genoa,1562.06408691
1984-10-04,Genoa,1569.77429199
1984-10-08,Genoa,1555.79589844
1984-10-15,Genoa,1557.54248047
1984-10-22,Genoa,1560.10400391
1984-10-25,Genoa,1566.67663574
1984-10-29,Genoa,1559.16137695
1984-11-05,Genoa,1553.16015625
1984-11-08,Genoa,1550.13574219
1984-11-12,Genoa,1550.25183105
1984-11-19,Genoa,1553.52990723
1984-11-26,Genoa,1544.26904297
1984-11-29,Genoa,1544.86193848
1984-12-03,Genoa,1553.91992188
1984-12-10,Genoa,1548.24682617
1984-12-13,Genoa,1552.84313965
1984-12-17,Genoa,1553.88964844
1984-12-24,Genoa,1557.12536621
1985-01-07,Genoa,1552.55810547
1985-01-14,Genoa,1557.18603516
1985-01-21,Genoa,1561.21130371
1985-01-28,Genoa,1552.49450684
1985-02-04,Genoa,1555.43640137
1985-02-18,Genoa,1566.12573242
1985-02-25,Genoa,1559.89831543
1985-03-04,Genoa,1553.1472168
1985-03-07,Genoa,1554.19445801
1985-03-11,Genoa,1549.96154785
1985-03-18,Genoa,1550.49243164
1985-03-21,Genoa,1555.51403809
1985-03-25,Genoa,1559.44250488
1985-04-01,Genoa,1549.01647949
1985-04-07,Genoa,1542.36950684
1985-04-11,Genoa,1550.67382812
1985-04-15,Genoa,1543.37597656
1985-04-22,Genoa,1550.78186035
1985-04-25,Genoa,1538.5201416
1985-04-29,Genoa,1532.37548828
1985-05-06,Genoa,1548.62390137
1985-05-13,Genoa,1542.34924316
1985-05-20,Genoa,1543.17468262
1985-05-27,Genoa,1549.35192871
1985-05-30,Genoa,1554.86816406
1985-06-03,Genoa,1547.3770752
1985-06-10,Genoa,1534.85205078
1985-06-17,Genoa,1529.25756836
1985-09-09,Genoa,1534.78149414
1985-09-16,Genoa,1536.24121094
1985-09-19,Genoa,1534.89575195
1985-09-23,Genoa,1528.51928711
1985-09-30,Genoa,1533.35388184
1985-10-03,Genoa,1548.27307129
1985-10-07,Genoa,1549.43481445
1985-10-14,Genoa,1544.50842285
1985-10-21,Genoa,1539.39782715
1985-10-24,Genoa,1532.25292969
1985-10-28,Genoa,1536.63720703
1985-11-04,Genoa,1533.05029297
1985-11-07,Genoa,1530.43469238
1985-11-11,Genoa,1518.90234375
1985-11-18,Genoa,1525.37963867
1985-11-25,Genoa,1530.51989746
1985-11-28,Genoa,1530.00109863
1985-12-02,Genoa,1532.82006836
1985-12-09,Genoa,1527.56005859
1985-12-12,Genoa,1523.26391602
1985-12-16,Genoa,1515.80639648
1985-12-23,Genoa,1519.16760254
1986-01-06,Genoa,1521.15087891
1986-01-13,Genoa,1524.41357422
1986-01-20,Genoa,1514.96936035
1986-01-27,Genoa,1508.76635742
1986-02-03,Genoa,1513.23901367
1986-02-10,Genoa,1519.42346191
1986-02-17,Genoa,1521.08654785
1986-02-24,Genoa,1525.41674805
1986-03-03,Genoa,1519.4440918
1986-03-06,Genoa,1524.27026367
1986-03-10,Genoa,1529.31176758
1986-03-17,Genoa,1532.08996582
1986-03-20,Genoa,1529.32043457
1986-03-30,Genoa,1536.2109375
1986-04-03,Genoa,1540.36975098
1986-04-07,Genoa,1534.62548828
1986-04-14,Genoa,1525.65246582
1986-04-17,Genoa,1517.58666992
1986-04-28,Genoa,1520.41015625
1986-05-05,Genoa,1515.17004395
1986-05-12,Genoa,1509.1652832
1986-05-19,Genoa,1512.7767334
1986-05-26,Genoa,1513.23913574
1986-06-02,Genoa,1500.54992676
1986-06-09,Genoa,1511.05187988
1986-06-16,Genoa,1497.42541504
1986-09-15,Genoa,1499.88903809
1986-09-18,Genoa,1513.88769531
1986-09-22,Genoa,1517.8737793
1986-09-29,Genoa,1520.93908691
1986-10-02,Genoa,1510.76538086
1986-10-03,Genoa,1507.64453125
1986-10-06,Genoa,1503.03845215
1986-10-13,Genoa,1507.17883301
1986-10-20,Genoa,1512.85852051
1986-10-23,Genoa,1515.04455566
1986-10-27,Genoa,1518.36621094
1986-11-03,Genoa,1524.38598633
1986-11-06,Genoa,1528.30126953
1986-11-10,Genoa,1521.43139648
1986-11-17,Genoa,1514.42321777
1986-11-24,Genoa,1521.21142578
1986-11-27,Genoa,1523.47265625
1986-12-01,Genoa,1524.71313477
1986-12-08,Genoa,1529.67687988
1986-12-11,Genoa,1536.98828125
1986-12-12,Genoa,1536.49389648
1986-12-15,Genoa,1541.95739746
1986-12-22,Genoa,1543.43908691
1987-01-05,Genoa,1533.63049316
1987-01-12,Genoa,1528.78466797
1987-01-19,Genoa,1531.98205566
1987-01-26,Genoa,1525.42614746
1987-02-09,Genoa,1530.18273926
1987-02-16,Genoa,1524.93774414
1987-03-02,Genoa,1520.74255371
1987-03-05,Genoa,1518.94763184
1987-03-09,Genoa,1510.1986084
1987-03-16,Genoa,1516.14477539
1987-03-19,Genoa,1505.515625
1987-03-23,Genoa,1507.60705566
1987-03-30,Genoa,1503.43103027
1987-04-06,Genoa,1508.14343262
1987-04-13,Genoa,1512.30712891
1987-04-20,Genoa,1509.40124512
1987-04-27,Genoa,1511.26208496
1987-05-04,Genoa,1515.59399414
1987-05-11,Genoa,1510.33410645
1987-05-18,Genoa,1511.78552246
1987-05-25,Genoa,1507.12475586
1987-06-01,Genoa,1513.78417969
1987-06-08,Genoa,1505.28405762
1987-06-15,Genoa,1513.2734375
1987-06-22,Genoa,1502.1270752
1987-09-14,Genoa,1504.61157227
1987-09-17,Genoa,1501.21936035
1987-09-21,Genoa,1487.89038086
1987-09-28,Genoa,1490.49975586
1987-10-01,Genoa,1505.95385742
1987-10-05,Genoa,1500.77734375
1987-10-12,Genoa,1511.21142578
1987-10-19,Genoa,1499.45776367
1987-10-22,Genoa,1483.65881348
1987-10-26,Genoa,1472.3416748
1987-11-02,Genoa,1476.76647949
1987-11-04,Genoa,1481.47106934
1987-11-05,Genoa,1481.69226074
1987-11-09,Genoa,1488.28259277
1987-11-16,Genoa,1482.43310547
1987-11-23,Genoa,1491.2322998
1987-11-26,Genoa,1488.69482422
1987-11-30,Genoa,1484.48840332
1987-12-07,Genoa,1480.98095703
1987-12-10,Genoa,1480.58776855
1987-12-14,Genoa,1478.03808594
1987-12-21,Genoa,1482.73266602
1988-01-04,Genoa,1477.94909668
1988-01-11,Genoa,1472.11767578
1988-01-18,Genoa,1475.01049805
1988-01-25,Genoa,1469.57116699
1988-02-08,Genoa,1474.02026367
1988-02-15,Genoa,1489.0657959
1988-02-22,Genoa,1485.02233887
1988-03-02,Genoa,1489.2923584
1988-03-03,Genoa,1485.83532715
1988-03-07,Genoa,1477.45568848
1988-03-14,Genoa,1464.72875977
1988-03-16,Genoa,1468.12561035
1988-03-17,Genoa,1468.69714355
1988-03-21,Genoa,1462.57434082
1988-03-28,Genoa,1467.86645508
1988-04-03,Genoa,1465.32299805
1988-04-07,Genoa,1465.60864258
1988-04-11,Genoa,1460.32739258
1988-04-18,Genoa,1467.93139648
1988-04-21,Genoa,1462.70458984
1988-04-25,Genoa,1458.3458252
1988-05-02,Genoa,1456.77282715
1988-05-09,Genoa,1453.00842285
1988-05-16,Genoa,1441.85986328
1988-05-23,Genoa,1445.32702637
1988-05-30,Genoa,1441.8449707
1988-06-06,Genoa,1436.15686035
1988-06-13,Genoa,1440.83325195
1988-06-20,Genoa,1456.07592773
1988-09-08,Genoa,1448.48303223
1988-09-12,Genoa,1451.35241699
1988-09-19,Genoa,1459.30541992
1988-09-26,Genoa,1474.36193848
1988-10-03,Genoa,1485.50439453
1988-10-06,Genoa,1488.93493652
1988-10-07,Genoa,1492.85876465
1988-10-10,Genoa,1488.21618652
1988-10-12,Genoa,1502.32336426
1988-10-17,Genoa,1495.95153809
1988-10-24,Genoa,1507.15258789
1988-10-27,Genoa,1511.95227051
1988-10-31,Genoa,1529.10229492
1988-11-07,Genoa,1532.63305664
1988-11-10,Genoa,1540.26879883
1988-11-11,Genoa,1540.85693359
1988-11-14,Genoa,1537.44616699
1988-11-21,Genoa,1549.25256348
1988-11-24,Genoa,1562.94213867
1988-11-28,Genoa,1569.28320312
1988-12-05,Genoa,1572.86560059
1988-12-08,Genoa,1550.35656738
1988-12-12,Genoa,1553.14160156
1988-12-19,Genoa,1563.36230469
1989-01-01,Genoa,1559.68359375
1989-01-09,Genoa,1560.98095703
1989-01-16,Genoa,1568.95385742
1989-01-23,Genoa,1568.41174316
1989-01-30,Genoa,1571.98913574
1989-02-06,Genoa,1572.3470459
1989-02-13,Genoa,1566.52722168
1989-02-27,Genoa,1561.5703125
1989-03-02,Genoa,1566.92907715
1989-03-06,Genoa,1559.62841797
1989-03-13,Genoa,1562.39489746
1989-03-16,Genoa,1565.98999023
1989-03-20,Genoa,1569.68713379
1989-03-26,Genoa,1575.07714844
1989-04-03,Genoa,1574.91955566
1989-04-06,Genoa,1582.65795898
1989-04-10,Genoa,1583.05651855
1989-04-17,Genoa,1577.93395996
1989-04-20,Genoa,1602.29333496
1989-04-23,Genoa,1602.29333496
1989-04-24,Genoa,1603.04504395
1989-04-30,Genoa,1603.04504395
1989-05-01,Genoa,1603.04504395
1989-05-02,Genoa,1603.04504395
1989-05-04,Genoa,1602.11791992
1989-05-07,Genoa,1602.11791992
1989-05-08,Genoa,1599.46472168
1989-05-10,Genoa,1599.46472168
1989-05-11,Genoa,1594.59179688
1989-05-15,Genoa,1585.93164062
1989-05-18,Genoa,1589.35388184
1989-05-22,Genoa,1591.94946289
1989-05-25,Genoa,1599.44604492
1989-05-29,Genoa,1600.83691406
1989-06-01,Genoa,1600.83691406
1989-06-05,Genoa,1595.66931152
1989-06-12,Genoa,1599.35559082
1989-06-19,Genoa,1603.05285645
1989-06-26,Genoa,1603.05285645
1989-07-03,Genoa,1603.05285645
1989-08-03,Genoa,1603.05285645
1989-08-07,Genoa,1603.05285645
1989-08-10,Genoa,1603.05285645
1989-08-17,Genoa,1603.05285645
1989-08-20,Genoa,1603.05285645
1989-08-24,Genoa,1603.05285645
1989-08-28,Genoa,1609.88952637
1989-09-02,Genoa,1609.88952637
1989-09-04,Genoa,1615.3302002
1989-09-07,Genoa,1602.48168945
1989-09-09,Genoa,1602.48168945
1989-09-10,Genoa,1602.48168945
1989-09-11,Genoa,1613.4387207
1989-09-13,Genoa,1614.6348877
1989-09-14,Genoa,1611.23400879
1989-09-15,Genoa,1611.44604492
1989-09-18,Genoa,1616.24731445
1989-09-21,Genoa,1616.24731445
1989-09-25,Genoa,1611.8046875
1989-09-27,Genoa,1611.80224609
1989-09-28,Genoa,1596.79467773
1989-10-02,Genoa,1589.85693359
1989-10-09,Genoa,1606.37451172
1989-10-15,Genoa,1606.37451172
1989-10-16,Genoa,1606.37451172
1989-10-18,Genoa,1608.875
1989-10-19,Genoa,1612.01782227
1989-10-21,Genoa,1612.01782227
1989-10-22,Genoa,1612.01782227
1989-10-23,Genoa,1605.69750977
1989-10-29,Genoa,1605.69750977
1989-10-30,Genoa,1609.48681641
1989-11-01,Genoa,1609.48681641
1989-11-02,Genoa,1619.40222168
1989-11-05,Genoa,1619.40222168
1989-11-06,Genoa,1622.91149902
1989-11-13,Genoa,1622.91149902
1989-11-18,Genoa,1622.91149902
1989-11-20,Genoa,1610.81469727
1989-11-23,Genoa,1603.75854492
1989-11-25,Genoa,1603.75854492
1989-11-26,Genoa,1603.75854492
1989-11-27,Genoa,1608.06091309
1989-11-29,Genoa,1608.06091309
1989-12-03,Genoa,1608.06091309
1989-12-04,Genoa,1596.08825684
1989-12-06,Genoa,1596.08825684
1989-12-07,Genoa,1595.54724121
1989-12-11,Genoa,1593.98425293
1989-12-18,Genoa,1593.4597168
1989-12-31,Genoa,1597.23046875
1990-01-08,Genoa,1592.5670166
1990-01-15,Genoa,1592.0723877
1990-01-18,Genoa,1606.64318848
1990-01-21,Genoa,1606.64318848
1990-01-22,Genoa,1611.59570312
1990-01-29,Genoa,1610.45861816
1990-02-03,Genoa,1610.45861816
1990-02-04,Genoa,1610.45861816
1990-02-05,Genoa,1608.36376953
1990-02-12,Genoa,1615.60852051
1990-02-15,Genoa,1615.60852051
1990-02-18,Genoa,1615.60852051
1990-02-19,Genoa,1611.53710938
1990-02-26,Genoa,1618.8527832
1990-03-04,Genoa,1618.8527832
1990-03-05,Genoa,1616.85253906
1990-03-08,Genoa,1624.75305176
1990-03-12,Genoa,1621.79797363
1990-03-19,Genoa,1624.96398926
1990-03-21,Genoa,1624.96398926
1990-03-22,Genoa,1629.3338623
1990-03-23,Genoa,1630.05383301
1990-03-24,Genoa,1630.05383301
1990-03-25,Genoa,1630.05383301
1990-03-26,Genoa,1627.61437988
1990-04-02,Genoa,1627.61437988
1990-04-04,Genoa,1633.15698242
1990-04-05,Genoa,1633.63708496
1990-04-09,Genoa,1637.08190918
1990-04-12,Genoa,1637.08190918
1990-04-13,Genoa,1637.08190918
1990-04-15,Genoa,1640.15466309
1990-04-16,Genoa,1640.15466309
1990-04-17,Genoa,1640.15466309
1990-04-18,Genoa,1641.4074707
1990-04-19,Genoa,1650.05297852
1990-04-22,Genoa,1650.05297852
1990-04-23,Genoa,1645.86108398
1990-04-26,Genoa,1645.86108398
1990-04-30,Genoa,1652.7434082
1990-05-06,Genoa,1652.7434082
1990-05-10,Genoa,1657.25732422
1990-05-20,Genoa,1657.25732422
1990-05-24,Genoa,1659.11633301
1990-07-22,Genoa,1659.11633301
1990-08-09,Genoa,1659.11633301
1990-08-12,Genoa,1659.11633301
1990-08-15,Genoa,1659.11633301
1990-08-19,Genoa,1659.11633301
1990-08-25,Genoa,1659.11633301
1990-08-26,Genoa,1659.11633301
1990-08-29,Genoa,1659.11633301
1990-09-02,Genoa,1659.11633301
1990-09-05,Genoa,1659.11633301
1990-09-08,Genoa,1659.11633301
1990-09-10,Genoa,1657.86730957
1990-09-16,Genoa,1657.86730957
1990-09-17,Genoa,1672.4699707
1990-09-20,Genoa,1670.89025879
1990-09-21,Genoa,1670.89025879
1990-09-24,Genoa,1674.67675781
1990-09-29,Genoa,1674.67675781
1990-09-30,Genoa,1674.67675781
1990-10-01,Genoa,1671.18725586
1990-10-03,Genoa,1671.18725586
1990-10-04,Genoa,1687.01660156
1990-10-06,Genoa,1687.01660156
1990-10-07,Genoa,1687.01660156
1990-10-08,Genoa,1688.70007324
1990-10-14,Genoa,1688.70007324
1990-10-21,Genoa,1688.70007324
1990-10-22,Genoa,1676.99328613
1990-10-24,Genoa,1676.99328613
1990-10-25,Genoa,1668.67138672
1990-10-27,Genoa,1668.67138672
1990-10-29,Genoa,1665.33776855
1990-11-04,Genoa,1665.33776855
1990-11-08,Genoa,1684.24462891
1990-11-12,Genoa,1689.01855469
1990-11-15,Genoa,1689.01855469
1990-11-18,Genoa,1689.01855469
1990-11-19,Genoa,1687.59594727
1990-11-24,Genoa,1687.59594727
1990-11-25,Genoa,1687.59594727
1990-11-26,Genoa,1703.45922852
1990-11-29,Genoa,1703.32043457
1990-12-02,Genoa,1703.32043457
1990-12-03,Genoa,1709.18273926
1990-12-10,Genoa,1712.82983398
1990-12-12,Genoa,1712.82983398
1990-12-13,Genoa,1720.37207031
1990-12-16,Genoa,1720.37207031
1990-12-17,Genoa,1728.49804688
1990-12-27,Genoa,1728.49804688
1990-12-30,Genoa,1728.49804688
1990-12-31,Genoa,1720.38391113
1991-01-07,Genoa,1718.35498047
1991-01-14,Genoa,1727.84521484
1991-01-20,Genoa,1727.84521484
1991-01-21,Genoa,1742.69360352
1991-01-27,Genoa,1742.69360352
1991-01-28,Genoa,1745.62524414
1991-02-03,Genoa,1745.62524414
1991-02-04,Genoa,1739.68554688
1991-02-11,Genoa,1746.26635742
1991-02-17,Genoa,1746.26635742
1991-02-18,Genoa,1764.19152832
1991-02-24,Genoa,1764.19152832
1991-02-25,Genoa,1760.3182373
1991-03-03,Genoa,1760.3182373
1991-03-04,Genoa,1766.85656738
1991-03-07,Genoa,1765.39904785
1991-03-10,Genoa,1765.39904785
1991-03-11,Genoa,1780.50891113
1991-03-16,Genoa,1780.50891113
1991-03-17,Genoa,1780.50891113
1991-03-18,Genoa,1785.17724609
1991-03-20,Genoa,1785.17724609
1991-03-21,Genoa,1771.71447754
1991-03-24,Genoa,1771.71447754
1991-03-25,Genoa,1761.87976074
1991-03-31,Genoa,1762.34008789
1991-04-02,Genoa,1762.34008789
1991-04-08,Genoa,1755.95397949
1991-04-11,Genoa,1754.13012695
1991-04-14,Genoa,1754.13012695
1991-04-15,Genoa,1761.21118164
1991-04-18,Genoa,1761.21118164
1991-04-21,Genoa,1761.21118164
1991-04-22,Genoa,1761.32250977
1991-04-24,Genoa,1761.32250977
1991-04-25,Genoa,1762.31335449
1991-05-06,Genoa,1756.65893555
1991-05-12,Genoa,1756.65893555
1991-05-13,Genoa,1772.31774902
1991-05-16,Genoa,1772.31774902
1991-05-20,Genoa,1775.34875488
1991-05-27,Genoa,1784.34033203
1991-06-03,Genoa,1784.34033203
1991-08-18,Genoa,1784.34033203
1991-08-19,Genoa,1784.34033203
1991-08-22,Genoa,1784.34033203
1991-08-29,Genoa,1784.34033203
1991-09-01,Genoa,1784.34033203
1991-09-02,Genoa,1788.01147461
1991-09-09,Genoa,1779.10400391
1991-09-12,Genoa,1779.10400391
1991-09-15,Genoa,1779.10400391
1991-09-16,Genoa,1781.68664551
1991-09-19,Genoa,1783.16955566
1991-09-20,Genoa,1777.4708252
1991-09-23,Genoa,1781.82885742
1991-09-29,Genoa,1781.82885742
1991-09-30,Genoa,1781.82885742
1991-10-02,Genoa,1780.76501465
1991-10-03,Genoa,1765.33081055
1991-10-04,Genoa,1779.63513184
1991-10-06,Genoa,1779.63513184
1991-10-07,Genoa,1785.91455078
1991-10-13,Genoa,1785.91455078
1991-10-21,Genoa,1787.82910156
1991-10-24,Genoa,1792.32275391
1991-10-25,Genoa,1793.44580078
1991-10-28,Genoa,1792.41455078
1991-11-04,Genoa,1775.46569824
1991-11-07,Genoa,1782.35388184
1991-11-11,Genoa,1782.35388184
1991-11-18,Genoa,1772.91479492
1991-11-21,Genoa,1779.62890625
1991-11-25,Genoa,1773.82800293
1991-11-28,Genoa,1785.23852539
1991-12-02,Genoa,1792.50073242
1991-12-07,Genoa,1792.50073242
1991-12-09,Genoa,1798.93554688
1991-12-12,Genoa,1800.13806152
1991-12-13,Genoa,1800.13806152
1991-12-16,Genoa,1804.57324219
1992-01-06,Genoa,1801.07128906
1992-01-13,Genoa,1793.39880371
1992-01-19,Genoa,1793.39880371
1992-01-20,Genoa,1783.66918945
1992-01-27,Genoa,1773.7064209
1992-02-02,Genoa,1773.7064209
1992-02-03,Genoa,1778.45593262
1992-02-09,Genoa,1778.45593262
1992-02-10,Genoa,1786.67651367
1992-02-17,Genoa,1783.62854004
1992-02-24,Genoa,1785.51025391
1992-03-02,Genoa,1778.75427246
1992-03-05,Genoa,1790.05578613
1992-03-09,Genoa,1794.44287109
1992-03-16,Genoa,1799.28991699
1992-03-19,Genoa,1812.72851562
1992-03-20,Genoa,1812.90270996
1992-03-29,Genoa,1812.90270996
1992-03-30,Genoa,1806.33862305
1992-04-02,Genoa,1793.78100586
1992-04-05,Genoa,1793.78100586
1992-04-06,Genoa,1796.48327637
1992-04-13,Genoa,1796.95800781
1992-04-16,Genoa,1800.99316406
1992-04-17,Genoa,1800.99316406
1992-04-19,Genoa,1780.76062012
1992-04-23,Genoa,1780.76062012
1992-04-27,Genoa,1772.39929199
1992-04-30,Genoa,1769.33654785
1992-05-03,Genoa,1769.33654785
1992-05-04,Genoa,1759.39013672
1992-05-06,Genoa,1759.39013672
1992-05-10,Genoa,1751.5435791
1992-05-11,Genoa,1751.5435791
1992-05-14,Genoa,1751.20458984
1992-05-18,Genoa,1735.95788574
1992-05-21,Genoa,1732.24145508
1992-05-24,Genoa,1732.24145508
1992-05-25,Genoa,1728.90808105
1992-06-07,Genoa,1728.90808105
1992-08-15,Genoa,1728.90808105
1992-08-23,Genoa,1728.90808105
1992-08-27,Genoa,1728.90808105
1992-08-30,Genoa,1728.90808105
1992-09-02,Genoa,1728.90808105
1992-09-03,Genoa,1728.90808105
1992-09-07,Genoa,1732.49255371
1992-09-13,Genoa,1732.49255371
1992-09-14,Genoa,1731.22900391
1992-09-16,Genoa,1731.22900391
1992-09-17,Genoa,1737.65771484
1992-09-18,Genoa,1737.65771484
1992-09-21,Genoa,1738.47595215
1992-09-26,Genoa,1738.47595215
1992-09-28,Genoa,1741.89941406
1992-09-30,Genoa,1741.90686035
1992-10-01,Genoa,1742.97937012
1992-10-02,Genoa,1743.42236328
1992-10-04,Genoa,1743.42236328
1992-10-05,Genoa,1737.14709473
1992-10-08,Genoa,1737.14709473
1992-10-12,Genoa,1737.14709473
1992-10-18,Genoa,1737.14709473
1992-10-19,Genoa,1739.59008789
1992-10-21,Genoa,1740.80151367
1992-10-22,Genoa,1731.58618164
1992-10-23,Genoa,1725.40942383
1992-10-26,Genoa,1728.52783203
1992-11-01,Genoa,1728.52783203
1992-11-02,Genoa,1722.84680176
1992-11-04,Genoa,1722.77319336
1992-11-05,Genoa,1727.5378418
1992-11-06,Genoa,1724.97167969
1992-11-09,Genoa,1713.97021484
1992-11-20,Genoa,1713.97021484
1992-11-22,Genoa,1713.97021484
1992-11-23,Genoa,1701.39892578
1992-11-26,Genoa,1703.7590332
1992-11-29,Genoa,1703.7590332
1992-11-30,Genoa,1712.54589844
1992-12-04,Genoa,1712.54589844
1992-12-06,Genoa,1712.54589844
1992-12-07,Genoa,1714.20495605
1992-12-09,Genoa,1714.20495605
1992-12-10,Genoa,1717.43640137
1992-12-11,Genoa,1718.65612793
1992-12-14,Genoa,1725.24572754
1992-12-19,Genoa,1725.24572754
1992-12-29,Genoa,1725.24572754
1993-01-04,Genoa,1717.92285156
1993-01-11,Genoa,1713.69689941
1993-01-18,Genoa,1720.32617188
1993-01-25,Genoa,1719.38964844
1993-01-30,Genoa,1719.38964844
1993-02-01,Genoa,1717.02685547
1993-02-08,Genoa,1710.74084473
1993-02-11,Genoa,1710.74084473
1993-02-15,Genoa,1708.14477539
1993-02-20,Genoa,1708.14477539
1993-02-21,Genoa,1708.14477539
1993-02-25,Genoa,1708.14477539
1993-02-28,Genoa,1708.14477539
1993-03-01,Genoa,1699.41235352
1993-03-02,Genoa,1699.41235352
1993-03-03,Genoa,1700.07446289
1993-03-04,Genoa,1703.73010254
1993-03-05,Genoa,1702.60754395
1993-03-07,Genoa,1702.60754395
1993-03-08,Genoa,1703.68286133
1993-03-11,Genoa,1703.68286133
1993-03-14,Genoa,1703.68286133
1993-03-15,Genoa,1700.72741699
1993-03-17,Genoa,1705.73352051
1993-03-18,Genoa,1710.54406738
1993-03-19,Genoa,1704.44421387
1993-03-21,Genoa,1704.44421387
1993-03-22,Genoa,1712.68859863
1993-03-29,Genoa,1712.90612793
1993-04-05,Genoa,1705.01843262
1993-04-07,Genoa,1708.1463623
1993-04-08,Genoa,1709.11499023
1993-04-09,Genoa,1709.11499023
1993-04-11,Genoa,1713.87268066
1993-04-13,Genoa,1713.87268066
1993-04-19,Genoa,1719.52416992
1993-04-22,Genoa,1720.02185059
1993-04-23,Genoa,1722.24572754
1993-04-25,Genoa,1722.24572754
1993-04-26,Genoa,1717.6229248
1993-04-29,Genoa,1717.6229248
1993-05-03,Genoa,1717.6229248
1993-05-06,Genoa,1721.41723633
1993-05-10,Genoa,1727.04138184
1993-05-13,Genoa,1729.05664062
1993-05-16,Genoa,1729.05664062
1993-05-17,Genoa,1730.74291992
1993-05-20,Genoa,1731.21606445
1993-05-22,Genoa,1731.21606445
1993-05-24,Genoa,1731.72253418
1993-05-27,Genoa,1727.03088379
1993-05-31,Genoa,1739.1809082
1993-06-07,Genoa,1742.74694824
1993-06-14,Genoa,1742.74694824
1993-06-21,Genoa,1742.74694824
1993-06-28,Genoa,1742.74694824
1993-07-10,Genoa,1742.74694824
1993-07-18,Genoa,1742.74694824
1993-08-04,Genoa,1742.74694824
1993-08-11,Genoa,1742.74694824
1993-08-30,Genoa,1751.99658203
1993-09-06,Genoa,1750.20068359
1993-09-09,Genoa,1747.85498047
1993-09-12,Genoa,1747.85498047
1993-09-13,Genoa,1744.59863281
1993-09-15,Genoa,1744.68591309
1993-09-16,Genoa,1745.38183594
1993-09-17,Genoa,1744.2277832
1993-09-19,Genoa,1744.2277832
1993-09-20,Genoa,1742.25061035
1993-09-26,Genoa,1742.25061035
1993-09-27,Genoa,1736.41418457
1993-09-29,Genoa,1736.48547363
1993-09-30,Genoa,1739.25354004
1993-10-03,Genoa,1739.25354004
1993-10-04,Genoa,1734.11364746
1993-10-05,Genoa,1734.11364746
1993-10-17,Genoa,1734.11364746
1993-10-18,Genoa,1733.82409668
1993-10-20,Genoa,1733.82409668
1993-10-21,Genoa,1733.8034668
1993-10-24,Genoa,1733.8034668
1993-10-25,Genoa,1720.82275391
1993-11-01,Genoa,1716.0267334
1993-11-03,Genoa,1716.07739258
1993-11-04,Genoa,1713.66918945
1993-11-05,Genoa,1705.89282227
1993-11-07,Genoa,1705.89282227
1993-11-08,Genoa,1726.84741211
1993-11-11,Genoa,1726.84741211
1993-11-14,Genoa,1726.84741211
1993-11-21,Genoa,1726.84741211
1993-11-22,Genoa,1736.09680176
1993-11-25,Genoa,1739.78552246
1993-11-26,Genoa,1742.32421875
1993-11-29,Genoa,1732.93127441
1993-12-02,Genoa,1734.2779541
1993-12-05,Genoa,1734.2779541
1993-12-06,Genoa,1734.85388184
1993-12-08,Genoa,1734.85388184
1993-12-09,Genoa,1735.60668945
1993-12-12,Genoa,1735.60668945
1993-12-13,Genoa,1716.67700195
1993-12-20,Genoa,1711.32055664
1993-12-27,Genoa,1711.32055664
1994-01-02,Genoa,1711.32055664
1994-01-03,Genoa,1717.06958008
1994-01-05,Genoa,1717.06958008
1994-01-10,Genoa,1722.02832031
1994-01-16,Genoa,1722.02832031
1994-01-17,Genoa,1725.85461426
1994-01-24,Genoa,1730.22253418
1994-01-31,Genoa,1714.80102539
1994-02-06,Genoa,1714.80102539
1994-02-07,Genoa,1720.06640625
1994-02-14,Genoa,1719.12243652
1994-02-20,Genoa,1719.12243652
1994-02-21,Genoa,1721.2064209
1994-02-27,Genoa,1721.2064209
1994-02-28,Genoa,1725.44482422
1994-03-02,Genoa,1728.90478516
1994-03-03,Genoa,1727.76208496
1994-03-04,Genoa,1728.80322266
1994-03-06,Genoa,1728.80322266
1994-03-07,Genoa,1730.67431641
1994-03-12,Genoa,1730.67431641
1994-03-14,Genoa,1732.08837891
1994-03-16,Genoa,1728.70446777
1994-03-17,Genoa,1730.44580078
1994-03-18,Genoa,1729.10681152
1994-03-20,Genoa,1729.10681152
1994-03-21,Genoa,1737.70874023
1994-03-28,Genoa,1756.33435059
1994-03-30,Genoa,1755.53637695
1994-03-31,Genoa,1752.48583984
1994-04-03,Genoa,1752.48583984
1994-04-04,Genoa,1752.48583984
1994-04-05,Genoa,1751.49450684
1994-04-07,Genoa,1751.49450684
1994-04-11,Genoa,1757.44348145
1994-04-13,Genoa,1757.44348145
1994-04-14,Genoa,1760.38549805
1994-04-18,Genoa,1751.01940918
1994-04-25,Genoa,1754.59802246
1994-04-27,Genoa,1757.21508789
1994-04-28,Genoa,1758.06152344
1994-05-02,Genoa,1760.72619629
1994-05-04,Genoa,1760.72619629
1994-05-05,Genoa,1756.99084473
1994-05-08,Genoa,1756.99084473
1994-05-12,Genoa,1757.6307373
1994-05-19,Genoa,1762.1340332
1994-08-22,Genoa,1762.1340332
1994-08-24,Genoa,1762.1340332
1994-08-27,Genoa,1762.1340332
1994-08-28,Genoa,1762.1340332
1994-09-04,Genoa,1762.1340332
1994-09-05,Genoa,1760.18493652
1994-09-12,Genoa,1756.32250977
1994-09-14,Genoa,1753.8203125
1994-09-15,Genoa,1748.17932129
1994-09-16,Genoa,1748.24499512
1994-09-19,Genoa,1741.26660156
1994-09-24,Genoa,1741.26660156
1994-09-25,Genoa,1741.26660156
1994-09-26,Genoa,1739.15661621
1994-09-28,Genoa,1742.67431641
1994-09-29,Genoa,1743.3840332
1994-09-30,Genoa,1740.68762207
1994-10-03,Genoa,1747.04150391
1994-10-07,Genoa,1747.04150391
1994-10-09,Genoa,1747.04150391
1994-10-10,Genoa,1747.04150391
1994-10-16,Genoa,1755.65881348
1994-10-19,Genoa,1757.28161621
1994-10-20,Genoa,1756.03112793
1994-10-21,Genoa,1756.83972168
1994-10-24,Genoa,1748.80383301
1994-10-29,Genoa,1748.80383301
1994-10-30,Genoa,1748.80383301
1994-10-31,Genoa,1735.55285645
1994-11-01,Genoa,1735.55285645
1994-11-02,Genoa,1736.62915039
1994-11-03,Genoa,1737.05371094
1994-11-04,Genoa,1736.97021484
1994-11-05,Genoa,1736.97021484
1994-11-07,Genoa,1744.34289551
1994-11-13,Genoa,1744.34289551
1994-11-20,Genoa,1744.34289551
1994-11-21,Genoa,1739.81237793
1994-11-23,Genoa,1738.61450195
1994-11-24,Genoa,1731.0793457
1994-11-25,Genoa,1730.68823242
1994-11-28,Genoa,1719.39611816
1994-12-03,Genoa,1713.70007324
1994-12-04,Genoa,1713.70007324
1994-12-05,Genoa,1710.73864746
1994-12-07,Genoa,1713.95556641
1994-12-08,Genoa,1716.83288574
1994-12-12,Genoa,1718.63049316
1994-12-19,Genoa,1725.75341797
1994-12-27,Genoa,1725.75341797
1994-12-29,Genoa,1725.75341797
1995-01-09,Genoa,1721.19506836
1995-01-16,Genoa,1724.79064941
1995-01-23,Genoa,1728.47229004
1995-02-12,Genoa,1728.47229004
1995-02-13,Genoa,1721.66064453
1995-02-16,Genoa,1723.66650391
1995-02-18,Genoa,1723.66650391
1995-02-20,Genoa,1732.00598145
1995-02-27,Genoa,1727.45043945
1995-03-02,Genoa,1730.20471191
1995-03-03,Genoa,1727.41882324
1995-03-05,Genoa,1727.41882324
1995-03-06,Genoa,1736.79187012
1995-03-09,Genoa,1736.79187012
1995-03-12,Genoa,1736.79187012
1995-03-13,Genoa,1739.91894531
1995-03-15,Genoa,1740.60559082
1995-03-16,Genoa,1741.64477539
1995-03-17,Genoa,1742.99694824
1995-03-19,Genoa,1742.99694824
1995-03-20,Genoa,1735.94604492
1995-03-23,Genoa,1735.94604492
1995-03-25,Genoa,1735.94604492
1995-03-26,Genoa,1735.94604492
1995-04-03,Genoa,1731.47265625
1995-04-05,Genoa,1730.73168945
1995-04-06,Genoa,1733.35961914
1995-04-07,Genoa,1732.64013672
1995-04-10,Genoa,1727.33996582
1995-04-15,Genoa,1725.99768066
1995-04-17,Genoa,1725.99768066
1995-04-19,Genoa,1733.55297852
1995-04-20,Genoa,1734.89001465
1995-04-21,Genoa,1733.54492188
1995-04-24,Genoa,1723.75866699
1995-05-01,Genoa,1731.6496582
1995-05-04,Genoa,1731.6496582
1995-05-07,Genoa,1731.6496582
1995-05-08,Genoa,1738.40844727
1995-05-14,Genoa,1726.69042969
1995-05-22,Genoa,1735.98010254
1995-05-25,Genoa,1732.31445312
1995-05-28,Genoa,1732.31445312
1995-05-29,Genoa,1734.17041016
1995-06-05,Genoa,1740.13427734
1995-06-11,Genoa,1738.44555664
1995-06-16,Genoa,1738.44555664
1995-07-02,Genoa,1738.44555664
1995-07-27,Genoa,1738.44555664
1995-08-05,Genoa,1738.44555664
1995-08-09,Genoa,1738.44555664
1995-08-19,Genoa,1738.44555664
1995-08-21,Genoa,1738.44555664
1995-08-25,Genoa,1738.44555664
1995-08-28,Genoa,1724.48999023
1995-08-31,Genoa,1724.48999023
1995-09-03,Genoa,1724.48999023
1995-09-04,Genoa,1729.88903809
1995-09-10,Genoa,1729.88903809
1995-09-11,Genoa,1731.96862793
1995-09-13,Genoa,1732.28369141
1995-09-14,Genoa,1736.46313477
1995-09-15,Genoa,1736.47912598
1995-09-17,Genoa,1736.47912598
1995-09-18,Genoa,1735.43237305
1995-09-25,Genoa,1729.44421387
1995-09-27,Genoa,1721.07568359
1995-09-28,Genoa,1721.85144043
1995-09-29,Genoa,1721.85461426
1995-10-02,Genoa,1728.49951172
1995-10-05,Genoa,1728.49951172
1995-10-09,Genoa,1730.81335449
1995-10-16,Genoa,1733.53430176
1995-10-18,Genoa,1733.51269531
1995-10-19,Genoa,1733.92126465
1995-10-20,Genoa,1727.41162109
1995-10-22,Genoa,1727.41162109
1995-10-23,Genoa,1726.16442871
1995-10-30,Genoa,1731.13195801
1995-11-01,Genoa,1719.35388184
1995-11-02,Genoa,1721.68640137
1995-11-03,Genoa,1728.36364746
1995-11-06,Genoa,1716.4206543
1995-11-13,Genoa,1719.23901367
1995-11-22,Genoa,1717.80822754
1995-11-23,Genoa,1713.03112793
1995-11-24,Genoa,1714.40612793
1995-11-26,Genoa,1714.40612793
1995-11-27,Genoa,1703.22290039
1995-12-03,Genoa,1703.22290039
1995-12-04,Genoa,1688.89428711
1995-12-06,Genoa,1691.34960938
1995-12-07,Genoa,1690.03625488
1995-12-08,Genoa,1690.32421875
1995-12-09,Genoa,1690.32421875
1995-12-10,Genoa,1690.32421875
1995-12-11,Genoa,1688.43933105
1995-12-18,Genoa,1691.58215332
1995-12-24,Genoa,1684.94140625
1996-01-04,Genoa,1684.94140625
1996-01-08,Genoa,1671.2298584
1996-01-14,Genoa,1671.2298584
1996-01-15,Genoa,1653.52758789
1996-01-22,Genoa,1647.97143555
1996-01-25,Genoa,1647.97143555
1996-01-29,Genoa,1639.92980957
1996-02-05,Genoa,1639.36999512
1996-02-11,Genoa,1639.36999512
1996-02-18,Genoa,1639.36999512
1996-02-19,Genoa,1627.35754395
1996-02-26,Genoa,1630.13562012
1996-03-02,Genoa,1630.13562012
1996-03-04,Genoa,1635.31787109
1996-03-06,Genoa,1629.68603516
1996-03-08,Genoa,1630.68798828
1996-03-10,Genoa,1630.68798828
1996-03-11,Genoa,1621.11914062
1996-03-19,Genoa,1621.11914062
1996-03-20,Genoa,1611.89575195
1996-03-21,Genoa,1615.4744873
1996-03-22,Genoa,1609.22631836
1996-03-25,Genoa,1601.17907715
1996-04-01,Genoa,1609.11547852
1996-04-04,Genoa,1610.86352539
1996-04-07,Genoa,1604.36022949
1996-04-15,Genoa,1598.87438965
1996-04-18,Genoa,1599.01660156
1996-04-22,Genoa,1585.93151855
1996-04-29,Genoa,1591.6595459
1996-05-06,Genoa,1585.89746094
1996-05-13,Genoa,1591.91174316
1996-05-20,Genoa,1601.53723145
1996-05-23,Genoa,1601.67297363
1996-05-27,Genoa,1597.28955078
1996-06-03,Genoa,1599.06103516
1996-06-10,Genoa,1604.22668457
1996-09-09,Genoa,1599.72900391
1996-09-11,Genoa,1606.5345459
1996-09-12,Genoa,1602.23596191
1996-09-13,Genoa,1602.10327148
1996-09-16,Genoa,1598.3190918
1996-09-23,Genoa,1604.84423828
1996-09-25,Genoa,1596.31848145
1996-09-26,Genoa,1600.55285645
1996-09-27,Genoa,1600.82055664
1996-09-30,Genoa,1602.58972168
1996-10-07,Genoa,1600.4239502
1996-10-14,Genoa,1605.15332031
1996-10-16,Genoa,1598.6315918
1996-10-17,Genoa,1593.69812012
1996-10-18,Genoa,1593.53186035
1996-10-21,Genoa,1594.37451172
1996-10-28,Genoa,1590.52563477
1996-10-30,Genoa,1578.98193359
1996-10-31,Genoa,1581.76672363
1996-11-01,Genoa,1583.66906738
1996-11-04,Genoa,1593.12194824
1996-11-11,Genoa,1589.16149902
1996-11-20,Genoa,1591.69641113
1996-11-21,Genoa,1593.18188477
1996-11-25,Genoa,1588.67651367
1996-11-29,Genoa,1591.56140137
1996-12-02,Genoa,1582.61010742
1996-12-04,Genoa,1583.29150391
1996-12-05,Genoa,1578.11340332
1996-12-09,Genoa,1582.78015137
1996-12-16,Genoa,1592.06567383
1996-12-23,Genoa,1594.60290527
1997-01-06,Genoa,1581.83032227
1997-01-13,Genoa,1574.85925293
1997-01-20,Genoa,1581.82324219
1997-01-27,Genoa,1583.29711914
1997-02-03,Genoa,1600.62744141
1997-02-10,Genoa,1608.56530762
1997-02-17,Genoa,1608.89306641
1997-02-24,Genoa,1612.1373291
1997-03-03,Genoa,1615.82324219
1997-03-05,Genoa,1616.40356445
1997-03-06,Genoa,1616.51989746
1997-03-07,Genoa,1621.28662109
1997-03-10,Genoa,1613.87768555
1997-03-16,Genoa,1613.87768555
1997-03-19,Genoa,1614.63916016
1997-03-20,Genoa,1615.43469238
1997-03-21,Genoa,1613.60656738
1997-03-24,Genoa,1600.31103516
1997-03-30,Genoa,1602.06872559
1997-04-07,Genoa,1608.828125
1997-04-09,Genoa,1612.66833496
1997-04-10,Genoa,1615.25634766
1997-04-11,Genoa,1617.37866211
1997-04-13,Genoa,1617.37866211
1997-04-14,Genoa,1631.47692871
1997-04-17,Genoa,1631.47692871
1997-04-21,Genoa,1633.19799805
1997-04-23,Genoa,1634.27697754
1997-04-24,Genoa,1636.29260254
1997-04-25,Genoa,1629.22912598
1997-04-28,Genoa,1608.46618652
1997-05-05,Genoa,1618.35083008
1997-05-06,Genoa,1618.35083008
1997-05-08,Genoa,1616.49719238
1997-05-11,Genoa,1616.49719238
1997-05-12,Genoa,1626.69677734
1997-05-15,Genoa,1626.69677734
1997-05-18,Genoa,1626.69677734
1997-05-19,Genoa,1630.90820312
1997-05-20,Genoa,1630.90820312
1997-05-22,Genoa,1631.43518066
1997-05-26,Genoa,1632.21459961
1997-05-29,Genoa,1626.58618164
1997-06-01,Genoa,1626.58618164
1997-06-02,Genoa,1626.58618164
1997-06-09,Genoa,1632.51293945
1997-06-16,Genoa,1632.00915527
1997-06-19,Genoa,1632.00915527
1997-06-23,Genoa,1636.67468262
1997-06-30,Genoa,1636.67468262
1997-07-14,Genoa,1636.67468262
1997-07-20,Genoa,1636.67468262
1997-07-27,Genoa,1636.67468262
1997-07-28,Genoa,1636.67468262
1997-07-31,Genoa,1636.67468262
1997-08-03,Genoa,1636.67468262
1997-08-04,Genoa,1636.67468262
1997-08-05,Genoa,1636.67468262
1997-08-06,Genoa,1636.67468262
1997-08-10,Genoa,1636.67468262
1997-08-11,Genoa,1636.67468262
1997-08-13,Genoa,1636.67468262
1997-08-14,Genoa,1639.27331543
1997-08-25,Genoa,1639.27331543
1997-08-28,Genoa,1640.38879395
1997-08-31,Genoa,1640.38879395
1997-09-01,Genoa,1629.02294922
1997-09-05,Genoa,1629.02294922
1997-09-08,Genoa,1623.76367188
1997-09-13,Genoa,1623.76367188
1997-09-14,Genoa,1623.76367188
1997-09-15,Genoa,1614.89404297
1997-09-17,Genoa,1609.93017578
1997-09-18,Genoa,1611.31738281
1997-09-19,Genoa,1613.48547363
1997-09-22,Genoa,1601.68530273
1997-09-29,Genoa,1594.71142578
1997-10-01,Genoa,1594.66674805
1997-10-02,Genoa,1592.47131348
1997-10-03,Genoa,1593.12255859
1997-10-06,Genoa,1581.24719238
1997-10-13,Genoa,1586.03295898
1997-10-20,Genoa,1595.29138184
1997-10-22,Genoa,1588.70166016
1997-10-23,Genoa,1590.93786621
1997-10-24,Genoa,1592.38781738
1997-10-27,Genoa,1585.20275879
1997-11-05,Genoa,1593.03674316
1997-11-06,Genoa,1589.95983887
1997-11-07,Genoa,1589.99914551
1997-11-10,Genoa,1593.4230957
1997-11-17,Genoa,1583.27294922
1997-11-26,Genoa,1580.90930176
1997-11-27,Genoa,1574.7611084
1997-11-28,Genoa,1572.22143555
1997-12-01,Genoa,1578.73242188
1997-12-08,Genoa,1573.39855957
1997-12-10,Genoa,1579.70996094
1997-12-11,Genoa,1580.27941895
1997-12-15,Genoa,1576.2401123
1997-12-22,Genoa,1568.84448242
1998-01-05,Genoa,1577.70324707
1998-01-12,Genoa,1576.92041016
1998-01-19,Genoa,1581.56567383
1998-01-26,Genoa,1581.64526367
1998-02-02,Genoa,1589.90075684
1998-02-09,Genoa,1598.47888184
1998-02-16,Genoa,1601.55432129
1998-02-23,Genoa,1610.56188965
1998-03-01,Genoa,1606.58544922
1998-03-04,Genoa,1608.40588379
1998-03-05,Genoa,1605.9621582
1998-03-06,Genoa,1610.14770508
1998-03-09,Genoa,1614.78491211
1998-03-16,Genoa,1602.74072266
1998-03-18,Genoa,1606.54431152
1998-03-19,Genoa,1611.52490234
1998-03-20,Genoa,1612.9263916
1998-03-23,Genoa,1609.20117188
1998-03-31,Genoa,1610.7520752
1998-04-02,Genoa,1614.12609863
1998-04-03,Genoa,1615.19018555
1998-04-06,Genoa,1624.28039551
1998-04-10,Genoa,1624.28039551
1998-04-12,Genoa,1612.32666016
1998-04-15,Genoa,1614.66650391
1998-04-16,Genoa,1614.55725098
1998-04-17,Genoa,1609.69848633
1998-04-19,Genoa,1614.30371094
1998-04-27,Genoa,1614.28027344
1998-05-04,Genoa,1612.57092285
1998-05-11,Genoa,1603.54772949
1998-05-18,Genoa,1590.90344238
1998-05-21,Genoa,1586.48266602
1998-05-25,Genoa,1581.67358398
1998-06-01,Genoa,1584.6875
1998-06-08,Genoa,1572.85498047
1998-06-15,Genoa,1576.97094727
1998-08-13,Genoa,1577.0213623
1998-08-27,Genoa,1577.03955078
1998-09-07,Genoa,1573.33312988
1998-09-14,Genoa,1563.05383301
1998-09-16,Genoa,1562.6550293
1998-09-17,Genoa,1556.01611328
1998-09-18,Genoa,1553.97363281
1998-09-21,Genoa,1567.01306152
1998-09-28,Genoa,1550.84729004
1998-09-30,Genoa,1553.79907227
1998-10-01,Genoa,1553.87536621
1998-10-02,Genoa,1556.32214355
1998-10-05,Genoa,1557.48852539
1998-10-11,Genoa,1562.88037109
1998-10-18,Genoa,1555.00891113
1998-10-21,Genoa,1557.29968262
1998-10-22,Genoa,1557.83203125
1998-10-23,Genoa,1556.03735352
1998-11-02,Genoa,1551.99853516
1998-11-04,Genoa,1557.50646973
1998-11-05,Genoa,1554.64379883
1998-11-06,Genoa,1557.91674805
1998-11-09,Genoa,1560.47631836
1998-11-16,Genoa,1567.90795898
1998-11-23,Genoa,1562.34729004
1998-11-25,Genoa,1566.65637207
1998-11-26,Genoa,1568.74536133
1998-11-30,Genoa,1574.82763672
1998-12-03,Genoa,1573.72351074
1998-12-07,Genoa,1567.46484375
1998-12-09,Genoa,1569.14599609
1998-12-10,Genoa,1573.51489258
1998-12-14,Genoa,1569.80419922
1998-12-21,Genoa,1570.27441406
1999-01-07,Genoa,1567.91577148
1999-01-11,Genoa,1560.9786377
1999-01-18,Genoa,1567.49438477
1999-01-25,Genoa,1563.69042969
1999-02-01,Genoa,1571.98828125
1999-02-08,Genoa,1565.80163574
1999-02-15,Genoa,1570.49133301
1999-02-22,Genoa,1565.52941895
1999-03-01,Genoa,1574.88500977
1999-03-03,Genoa,1578.48474121
1999-03-04,Genoa,1575.03833008
1999-03-05,Genoa,1575.11071777
1999-03-08,Genoa,1566.49047852
1999-03-14,Genoa,1574.08764648
1999-03-17,Genoa,1574.29907227
1999-03-18,Genoa,1573.88903809
1999-03-19,Genoa,1573.8939209
1999-03-29,Genoa,1575.59326172
1999-04-04,Genoa,1571.57739258
1999-04-07,Genoa,1575.95629883
1999-04-08,Genoa,1577.77282715
1999-04-09,Genoa,1577.89245605
1999-04-12,Genoa,1577.41442871
1999-04-19,Genoa,1574.82617188
1999-04-21,Genoa,1570.95336914
1999-04-22,Genoa,1565.1550293
1999-04-23,Genoa,1565.49365234
1999-04-25,Genoa,1558.72631836
1999-05-03,Genoa,1557.60803223
1999-05-10,Genoa,1571.33215332
1999-05-13,Genoa,1575.27502441
1999-05-17,Genoa,1571.20373535
1999-05-20,Genoa,1573.12963867
1999-05-24,Genoa,1577.36474609
1999-05-31,Genoa,1572.68444824
1999-06-07,Genoa,1575.52807617
1999-06-14,Genoa,1573.93054199
1999-08-12,Genoa,1569.97998047
1999-08-26,Genoa,1566.90905762
1999-08-30,Genoa,1573.30859375
1999-09-06,Genoa,1578.51525879
1999-09-13,Genoa,1568.84545898
1999-09-15,Genoa,1568.2142334
1999-09-16,Genoa,1568.93237305
1999-09-17,Genoa,1571.01525879
1999-09-20,Genoa,1565.2409668
1999-09-22,Genoa,1565.86901855
1999-09-23,Genoa,1564.82800293
1999-09-25,Genoa,1578.25817871
1999-09-29,Genoa,1576.0213623
1999-09-30,Genoa,1575.64196777
1999-10-01,Genoa,1576.64282227
1999-10-04,Genoa,1570.75805664
1999-10-11,Genoa,1564.24121094
1999-10-20,Genoa,1567.70019531
1999-10-21,Genoa,1564.93481445
1999-10-22,Genoa,1565.73498535
1999-10-23,Genoa,1566.80444336
1999-10-27,Genoa,1565.14501953
1999-10-28,Genoa,1567.44689941
1999-11-01,Genoa,1558.52246094
1999-11-03,Genoa,1565.17602539
1999-11-04,Genoa,1561.68579102
1999-11-05,Genoa,1563.0333252
1999-11-08,Genoa,1559.18371582
1999-11-15,Genoa,1552.5592041
1999-11-20,Genoa,1560.86035156
1999-11-24,Genoa,1558.84472656
1999-11-25,Genoa,1562.25683594
1999-11-26,Genoa,1565.00390625
1999-11-27,Genoa,1562.1661377
1999-12-06,Genoa,1556.60742188
1999-12-08,Genoa,1553.23303223
1999-12-09,Genoa,1553.7376709
1999-12-10,Genoa,1558.6015625
1999-12-14,Genoa,1571.9901123
1999-12-20,Genoa,1575.45849609
2000-01-07,Genoa,1583.10949707
2000-01-10,Genoa,1575.60205078
2000-01-15,Genoa,1565.42529297
2000-01-24,Genoa,1568.41931152
2000-01-31,Genoa,1568.5513916
2000-02-14,Genoa,1562.21728516
2000-02-21,Genoa,1570.40100098
2000-02-28,Genoa,1567.06713867
2000-03-01,Genoa,1560.23950195
2000-03-02,Genoa,1562.16467285
2000-03-03,Genoa,1561.20605469
2000-03-06,Genoa,1569.37548828
2000-03-08,Genoa,1564.67089844
2000-03-09,Genoa,1563.81506348
2000-03-10,Genoa,1544.35803223
2000-03-13,Genoa,1549.23449707
2000-03-15,Genoa,1550.57348633
2000-03-16,Genoa,1549.33752441
2000-03-21,Genoa,1563.31079102
2000-03-22,Genoa,1561.62719727
2000-03-23,Genoa,1565.15600586
2000-03-27,Genoa,1569.05004883
2000-04-01,Genoa,1562.05981445
2000-04-06,Genoa,1556.45861816
2000-04-10,Genoa,1560.77246094
2000-04-19,Genoa,1560.20739746
2000-04-23,Genoa,1562.53295898
2000-04-29,Genoa,1569.77648926
2000-05-08,Genoa,1561.4152832
2000-05-15,Genoa,1559.796875
2000-05-22,Genoa,1571.04418945
2000-05-29,Genoa,1573.6796875
2000-06-05,Genoa,1578.2755127
2000-06-12,Genoa,1595.11975098
2000-08-10,Genoa,1594.68676758
2000-08-23,Genoa,1596.7767334
2000-08-24,Genoa,1590.2791748
2000-09-04,Genoa,1583.7310791
2000-09-11,Genoa,1577.98974609
2000-09-13,Genoa,1580.66381836
2000-09-14,Genoa,1581.84765625
2000-09-15,Genoa,1580.97106934
2000-09-18,Genoa,1583.52001953
2000-09-20,Genoa,1582.02124023
2000-09-21,Genoa,1583.57189941
2000-09-26,Genoa,1578.63513184
2000-09-27,Genoa,1584.00695801
2000-09-28,Genoa,1581.24438477
2000-09-29,Genoa,1575.54870605
2000-10-02,Genoa,1564.36547852
2000-10-10,Genoa,1558.34802246
2000-10-18,Genoa,1557.0369873
2000-10-19,Genoa,1557.29711914
2000-10-23,Genoa,1555.51281738
2000-10-25,Genoa,1551.61816406
2000-10-26,Genoa,1552.39453125
2000-10-27,Genoa,1553.40258789
2000-10-30,Genoa,1555.51037598
2000-11-02,Genoa,1560.76281738
2000-11-08,Genoa,1557.38500977
2000-11-09,Genoa,1551.98742676
2000-11-10,Genoa,1544.56530762
2000-11-13,Genoa,1550.4407959
2000-11-20,Genoa,1543.51708984
2000-11-22,Genoa,1542.46655273
2000-11-23,Genoa,1539.77941895
2000-11-24,Genoa,1543.5534668
2000-12-04,Genoa,1545.42431641
2000-12-06,Genoa,1546.25
2000-12-07,Genoa,1550.46630859
2000-12-08,Genoa,1555.96154785
2000-12-11,Genoa,1550.95324707
2000-12-18,Genoa,1556.2388916
2000-12-24,Genoa,1557.62316895
2001-01-15,Genoa,1553.89074707
2001-01-22,Genoa,1546.16040039
2001-01-27,Genoa,1536.23400879
2001-02-05,Genoa,1529.50769043
2001-02-12,Genoa,1519.30834961
2001-02-14,Genoa,1518.25488281
2001-02-15,Genoa,1515.97753906
2001-02-16,Genoa,1511.95935059
2001-02-19,Genoa,1512.9420166
2001-02-21,Genoa,1512.90466309
2001-02-22,Genoa,1512.59155273
2001-02-23,Genoa,1505.44030762
2001-02-27,Genoa,1516.75439453
2001-03-05,Genoa,1515.2746582
2001-03-07,Genoa,1516.11169434
2001-03-08,Genoa,1513.26293945
2001-03-12,Genoa,1518.06311035
2001-03-14,Genoa,1518.23339844
2001-03-15,Genoa,1519.09155273
2001-03-19,Genoa,1514.92675781
2001-03-26,Genoa,1509.24536133
2001-04-03,Genoa,1520.83276367
2001-04-09,Genoa,1537.95678711
2001-04-15,Genoa,1544.77770996
2001-04-23,Genoa,1549.54846191
2001-04-30,Genoa,1545.13671875
2001-05-13,Genoa,1544.6340332
2001-05-21,Genoa,1545.34411621
2001-05-28,Genoa,1551.22363281
2001-06-04,Genoa,1551.09631348
2001-06-11,Genoa,1558.98730469
2001-08-09,Genoa,1552.09020996
2001-08-22,Genoa,1553.76171875
2001-08-23,Genoa,1555.5690918
2001-08-25,Genoa,1542.55236816
2001-09-03,Genoa,1551.40551758
2001-09-10,Genoa,1554.69421387
2001-09-12,Genoa,1548.81799316
2001-09-17,Genoa,1556.7520752
2001-09-19,Genoa,1557.42138672
2001-09-20,Genoa,1551.23742676
2001-09-21,Genoa,1551.51477051
2001-09-24,Genoa,1557.14477539
2001-09-26,Genoa,1556.3248291
2001-09-27,Genoa,1554.62243652
2001-09-28,Genoa,1556.21057129
2001-09-29,Genoa,1558.86828613
2001-10-08,Genoa,1558.90344238
2001-10-11,Genoa,1559.2467041
2001-10-13,Genoa,1551.93041992
2001-10-17,Genoa,1554.96008301
2001-10-18,Genoa,1555.58825684
2001-10-19,Genoa,1564.2130127
2001-10-24,Genoa,1565.64550781
2001-10-25,Genoa,1568.63037109
2001-10-29,Genoa,1577.29675293
2001-10-31,Genoa,1572.59545898
2001-11-01,Genoa,1569.61853027
2001-11-02,Genoa,1572.04162598
2001-11-06,Genoa,1578.48364258
2001-11-12,Genoa,1570.11425781
2001-11-20,Genoa,1568.33508301
2001-11-21,Genoa,1568.40356445
2001-11-23,Genoa,1564.50732422
2001-11-26,Genoa,1556.04675293
2001-11-30,Genoa,1559.63366699
2001-12-03,Genoa,1554.68249512
2001-12-05,Genoa,1552.1114502
2001-12-06,Genoa,1551.20922852
2001-12-07,Genoa,1561.06848145
2001-12-11,Genoa,1562.84301758
2001-12-17,Genoa,1561.77978516
2001-12-20,Genoa,1556.38598633
2001-12-24,Genoa,1548.67944336
2002-01-07,Genoa,1549.07189941
2002-01-14,Genoa,1544.21887207
2002-01-21,Genoa,1540.41992188
2002-02-04,Genoa,1533.68310547
2002-02-11,Genoa,1528.64831543
2002-02-18,Genoa,1529.5925293
2002-02-20,Genoa,1529.13146973
2002-02-21,Genoa,1530.43347168
2002-02-22,Genoa,1532.32836914
2002-02-25,Genoa,1517.4543457
2002-02-27,Genoa,1520.23669434
2002-02-28,Genoa,1517.43481445
2002-03-01,Genoa,1508.46447754
2002-03-04,Genoa,1496.49621582
2002-03-11,Genoa,1497.5559082
2002-03-13,Genoa,1494.625
2002-03-14,Genoa,1492.26452637
2002-03-15,Genoa,1489.39978027
2002-03-16,Genoa,1498.9239502
2002-03-20,Genoa,1496.58532715
2002-03-21,Genoa,1498.29504395
2002-03-22,Genoa,1508.1060791
2002-03-31,Genoa,1519.57702637
2002-04-05,Genoa,1511.10119629
2002-04-09,Genoa,1513.93859863
2002-04-12,Genoa,1513.59692383
2002-04-15,Genoa,1518.4041748
2002-04-22,Genoa,1521.26513672
2002-04-29,Genoa,1526.25378418
2002-05-06,Genoa,1517.30578613
2002-05-13,Genoa,1516.87133789
2002-05-20,Genoa,1512.76135254
2002-05-27,Genoa,1510.60351562
2002-06-03,Genoa,1515.45825195
2002-08-15,Genoa,1516.84265137
2002-08-28,Genoa,1519.17431641
2002-08-29,Genoa,1520.11584473
2002-09-15,Genoa,1511.61682129
2002-09-18,Genoa,1504.91308594
2002-09-19,Genoa,1506.43444824
2002-09-20,Genoa,1508.76293945
2002-09-22,Genoa,1506.63256836
2002-09-25,Genoa,1517.890625
2002-09-26,Genoa,1518.90393066
2002-09-29,Genoa,1513.40063477
2002-10-02,Genoa,1518.85754395
2002-10-03,Genoa,1516.0234375
2002-10-04,Genoa,1508.08532715
2002-10-06,Genoa,1517.82897949
2002-10-14,Genoa,1528.22143555
2002-10-20,Genoa,1524.19726562
2002-10-23,Genoa,1522.20556641
2002-10-24,Genoa,1521.26428223
2002-10-27,Genoa,1520.59277344
2002-10-30,Genoa,1519.10388184
2002-10-31,Genoa,1524.32666016
2002-11-01,Genoa,1524.8939209
2002-11-02,Genoa,1513.75219727
2002-11-06,Genoa,1507.06738281
2002-11-11,Genoa,1517.84838867
2002-11-13,Genoa,1518.45666504
2002-11-14,Genoa,1517.0690918
2002-11-15,Genoa,1511.02185059
2002-11-16,Genoa,1505.8359375
2002-11-26,Genoa,1505.41149902
2002-11-27,Genoa,1508.42736816
2002-11-28,Genoa,1509.20483398
2002-11-29,Genoa,1509.93591309
2002-12-02,Genoa,1510.61975098
2002-12-09,Genoa,1512.04016113
2002-12-11,Genoa,1511.1060791
2002-12-12,Genoa,1515.82263184
2002-12-13,Genoa,1515.46765137
2002-12-16,Genoa,1524.03051758
2002-12-23,Genoa,1518.36877441
2003-01-07,Genoa,1524.8560791
2003-01-13,Genoa,1522.06384277
2003-01-20,Genoa,1514.49755859
2003-01-27,Genoa,1501.27636719
2003-02-03,Genoa,1516.7199707
2003-02-08,Genoa,1522.30627441
2003-02-19,Genoa,1516.52380371
2003-02-20,Genoa,1515.37426758
2003-02-21,Genoa,1512.88574219
2003-02-24,Genoa,1505.83886719
2003-02-26,Genoa,1501.39343262
2003-02-27,Genoa,1508.99963379
2003-03-03,Genoa,1492.65979004
2003-03-05,Genoa,1497.46838379
2003-03-10,Genoa,1498.02893066
2003-03-12,Genoa,1498.78979492
2003-03-13,Genoa,1498.67736816
2003-03-14,Genoa,1499.29101562
2003-03-17,Genoa,1497.27770996
2003-03-19,Genoa,1490.07983398
2003-03-20,Genoa,1492.02954102
2003-03-21,Genoa,1494.20495605
2003-03-22,Genoa,1488.65100098
2003-03-31,Genoa,1484.86206055
2003-04-06,Genoa,1492.84814453
2003-04-09,Genoa,1493.35339355
2003-04-10,Genoa,1493.6295166
2003-04-11,Genoa,1489.19580078
2003-04-13,Genoa,1492.42346191
2003-04-20,Genoa,1480.2800293
2003-04-23,Genoa,1486.15380859
2003-04-24,Genoa,1488.49755859
2003-04-25,Genoa,1487.42749023
2003-04-27,Genoa,1491.66894531
2003-05-04,Genoa,1480.18347168
2003-05-07,Genoa,1479.4810791
2003-05-11,Genoa,1477.58874512
2003-05-15,Genoa,1482.03308105
2003-05-18,Genoa,1477.72387695
2003-05-25,Genoa,1466.52246094
2003-06-01,Genoa,1461.56567383
2003-06-08,Genoa,1470.21716309
2003-08-14,Genoa,1471.95178223
2003-08-28,Genoa,1473.72302246
2003-09-12,Genoa,1463.54382324
2003-09-15,Genoa,1459.92651367
2003-09-17,Genoa,1465.31677246
2003-09-18,Genoa,1472.59069824
2003-09-21,Genoa,1463.43395996
2003-09-24,Genoa,1461.30432129
2003-09-25,Genoa,1462.83447266
2003-09-28,Genoa,1459.40808105
2003-10-01,Genoa,1462.25183105
2003-10-02,Genoa,1460.71594238
2003-10-05,Genoa,1471.30151367
2003-10-09,Genoa,1481.76513672
2003-10-13,Genoa,1484.44702148
2003-10-16,Genoa,1487.60583496
2003-10-19,Genoa,1484.75317383
2003-10-22,Genoa,1479.71679688
2003-10-23,Genoa,1472.84375
2003-10-26,Genoa,1464.62194824
2003-11-03,Genoa,1451.2857666
2003-11-05,Genoa,1445.71740723
2003-11-06,Genoa,1443.59533691
2003-11-07,Genoa,1445.92272949
2003-11-10,Genoa,1450.33056641
2003-11-17,Genoa,1453.51928711
2003-11-21,Genoa,1451.66088867
2003-11-24,Genoa,1461.02514648
2003-11-26,Genoa,1455.01586914
2003-11-27,Genoa,1456.77197266
2003-11-28,Genoa,1457.9921875
2003-11-29,Genoa,1459.04248047
2003-12-03,Genoa,1454.38623047
2003-12-08,Genoa,1445.25598145
2003-12-10,Genoa,1438.69567871
2003-12-11,Genoa,1441.2019043
2003-12-15,Genoa,1436.98193359
2003-12-22,Genoa,1431.65600586
2004-01-07,Genoa,1421.97607422
2004-01-12,Genoa,1426.45715332
2004-01-19,Genoa,1428.27929688
2004-01-26,Genoa,1423.48986816
2004-02-02,Genoa,1422.11450195
2004-02-09,Genoa,1426.67663574
2004-02-16,Genoa,1435.23388672
2004-02-23,Genoa,1432.90319824
2004-02-25,Genoa,1432.80004883
2004-02-26,Genoa,1431.34777832
2004-02-27,Genoa,1427.17590332
2004-02-28,Genoa,1442.33166504
2004-03-04,Genoa,1437.28613281
2004-03-05,Genoa,1431.46691895
2004-03-08,Genoa,1437.62023926
2004-03-10,Genoa,1434.21020508
2004-03-11,Genoa,1436.94616699
2004-03-12,Genoa,1433.75292969
2004-03-13,Genoa,1436.3770752
2004-03-19,Genoa,1446.08898926
2004-03-22,Genoa,1457.31835938
2004-03-24,Genoa,1461.68103027
2004-03-26,Genoa,1463.30004883
2004-03-28,Genoa,1457.6171875
2004-04-04,Genoa,1468.46337891
2004-04-08,Genoa,1460.18225098
2004-04-09,Genoa,1458.59240723
2004-04-11,Genoa,1465.40869141
2004-04-15,Genoa,1461.31677246
2004-04-18,Genoa,1456.45446777
2004-04-25,Genoa,1444.13867188
2004-05-02,Genoa,1439.08056641
2004-05-08,Genoa,1439.21899414
2004-05-17,Genoa,1431.98803711
2004-05-23,Genoa,1444.67407227
2004-05-30,Genoa,1456.40942383
2004-06-06,Genoa,1454.08850098
2004-06-13,Genoa,1458.06896973
2004-08-11,Genoa,1456.35534668
2004-08-12,Genoa,1457.25488281
2004-08-25,Genoa,1460.56054688
2004-08-26,Genoa,1462.93981934
2004-09-14,Genoa,1467.77282715
2004-09-15,Genoa,1472.24743652
2004-09-16,Genoa,1467.4753418
2004-09-17,Genoa,1464.15563965
2004-09-19,Genoa,1469.27807617
2004-09-22,Genoa,1464.15441895
2004-09-26,Genoa,1473.98925781
2004-09-29,Genoa,1472.76391602
2004-09-30,Genoa,1478.93469238
2004-10-01,Genoa,1478.4753418
2004-10-02,Genoa,1483.96789551
2004-10-07,Genoa,1493.79309082
2004-10-11,Genoa,1502.4777832
2004-10-19,Genoa,1506.3737793
2004-10-20,Genoa,1505.41503906
2004-10-21,Genoa,1517.06884766
2004-10-22,Genoa,1514.96472168
2004-10-24,Genoa,1515.30102539
2004-10-27,Genoa,1511.85253906
2004-10-31,Genoa,1528.07910156
2004-11-03,Genoa,1526.24145508
2004-11-04,Genoa,1528.44104004
2004-11-05,Genoa,1527.08898926
2004-11-08,Genoa,1523.32873535
2004-11-14,Genoa,1536.01782227
2004-11-22,Genoa,1543.94116211
2004-11-24,Genoa,1542.78881836
2004-11-25,Genoa,1545.02600098
2004-11-26,Genoa,1540.90014648
2004-11-29,Genoa,1549.28930664
2004-12-03,Genoa,1548.14611816
2004-12-06,Genoa,1551.23840332
2004-12-08,Genoa,1552.4564209
2004-12-09,Genoa,1546.02294922
2004-12-11,Genoa,1544.21679688
2004-12-17,Genoa,1545.89050293
2004-12-20,Genoa,1552.82214355
2005-01-07,Genoa,1549.9420166
2005-01-10,Genoa,1554.46337891
2005-01-17,Genoa,1564.02990723
2005-01-22,Genoa,1560.2076416
2005-01-31,Genoa,1558.03796387
2005-02-04,Genoa,1554.15771484
2005-02-07,Genoa,1533.83435059
2005-02-14,Genoa,1524.13391113
2005-02-17,Genoa,1523.86755371
2005-02-21,Genoa,1524.73364258
2005-02-23,Genoa,1523.62353516
2005-02-24,Genoa,1528.47998047
2005-02-25,Genoa,1536.42919922
2005-02-28,Genoa,1540.89929199
2005-03-08,Genoa,1528.90722656
2005-03-09,Genoa,1530.984375
2005-03-10,Genoa,1536.12609863
2005-03-11,Genoa,1537.4822998
2005-03-14,Genoa,1542.31994629
2005-03-16,Genoa,1545.0201416
2005-03-18,Genoa,1548.61987305
2005-03-27,Genoa,1550.5703125
2005-04-06,Genoa,1549.39794922
2005-04-08,Genoa,1550.6776123
2005-04-10,Genoa,1554.85424805
2005-04-14,Genoa,1551.24267578
2005-04-15,Genoa,1552.31445312
2005-04-17,Genoa,1552.65380859
2005-04-21,Genoa,1548.37207031
2005-04-26,Genoa,1564.80310059
2005-04-27,Genoa,1567.68347168
2005-04-29,Genoa,1567.03369141
2005-05-01,Genoa,1562.98803711
2005-05-05,Genoa,1562.08483887
2005-05-06,Genoa,1557.40991211
2005-05-08,Genoa,1556.97644043
2005-05-15,Genoa,1551.23034668
2005-05-22,Genoa,1555.12280273
2005-05-26,Genoa,1554.23522949
2005-05-29,Genoa,1556.80432129
2005-06-06,Genoa,1557.20361328
2005-06-12,Genoa,1559.80212402
2006-07-02,Genoa,1493.42333984
2006-08-10,Genoa,1489.99707031
2006-08-23,Genoa,1490.57849121
2006-08-24,Genoa,1489.08361816
2006-09-10,Genoa,1498.29309082
2006-09-13,Genoa,1498.75634766
2006-09-14,Genoa,1499.23144531
2006-09-15,Genoa,1503.30224609
2006-09-17,Genoa,1507.98095703
2006-09-20,Genoa,1501.49755859
2006-09-24,Genoa,1509.6036377
2006-09-27,Genoa,1508.93469238
2006-09-28,Genoa,1502.61706543
2006-09-29,Genoa,1508.03186035
2006-10-01,Genoa,1503.50317383
2006-10-09,Genoa,1514.3848877
2006-10-15,Genoa,1529.82995605
2006-10-18,Genoa,1531.12084961
2006-10-19,Genoa,1534.5637207
2006-10-20,Genoa,1535.80944824
2006-10-22,Genoa,1541.6328125
2006-10-31,Genoa,1541.52441406
2006-11-01,Genoa,1541.36584473
2006-11-02,Genoa,1542.19116211
2006-11-03,Genoa,1538.60144043
2006-11-05,Genoa,1534.4921875
2006-11-12,Genoa,1535.66809082
2006-11-19,Genoa,1524.26904297
2006-11-22,Genoa,1520.41271973
2006-11-23,Genoa,1518.84313965
2006-11-24,Genoa,1516.36865234
2006-11-25,Genoa,1509.19787598
2006-11-30,Genoa,1511.82556152
2006-12-02,Genoa,1518.9074707
2006-12-06,Genoa,1521.6159668
2006-12-07,Genoa,1515.77978516
2006-12-10,Genoa,1524.87182617
2006-12-14,Genoa,1524.59851074
2006-12-15,Genoa,1524.49365234
2006-12-17,Genoa,1530.0670166
2006-12-20,Genoa,1538.73474121
2006-12-23,Genoa,1535.7434082
2007-01-14,Genoa,1525.43920898
2007-01-20,Genoa,1531.95336914
2007-01-30,Genoa,1534.59082031
2007-02-11,Genoa,1527.69128418
2007-02-15,Genoa,1525.93859863
2007-02-16,Genoa,1524.49267578
2007-02-18,Genoa,1529.91149902
2007-02-21,Genoa,1529.91003418
2007-02-22,Genoa,1527.90124512
2007-02-23,Genoa,1523.91137695
2007-02-25,Genoa,1514.66662598
2007-03-04,Genoa,1519.98632812
2007-03-07,Genoa,1526.80126953
2007-03-08,Genoa,1528.32324219
2007-03-11,Genoa,1529.14599609
2007-03-14,Genoa,1539.5255127
2007-03-18,Genoa,1532.15441895
2007-03-26,Genoa,1547.03967285
2007-03-31,Genoa,1551.99816895
2007-04-04,Genoa,1550.10681152
2007-04-05,Genoa,1551.43017578
2007-04-07,Genoa,1559.46435547
2007-04-11,Genoa,1554.28845215
2007-04-12,Genoa,1560.78137207
2007-04-14,Genoa,1571.41687012
2007-04-18,Genoa,1577.48461914
2007-04-22,Genoa,1575.12255859
2007-04-25,Genoa,1574.94689941
2007-04-28,Genoa,1578.80969238
2007-05-02,Genoa,1583.93273926
2007-05-03,Genoa,1591.01171875
2007-05-06,Genoa,1601.0291748
2007-05-14,Genoa,1604.08886719
2007-05-20,Genoa,1602.48999023
2007-05-24,Genoa,1605.26391602
2007-05-27,Genoa,1608.4029541
2007-06-04,Genoa,1600.64050293
2007-06-11,Genoa,1598.52697754
2007-07-02,Genoa,1598.52697754
2007-08-15,Genoa,1596.61303711
2007-08-17,Genoa,1596.41760254
2007-08-27,Genoa,1590.50439453
2007-08-29,Genoa,1595.22351074
2007-08-31,Genoa,1590.26513672
2007-09-03,Genoa,1592.1661377
2007-09-17,Genoa,1590.10510254
2007-09-19,Genoa,1591.30236816
2007-09-20,Genoa,1588.9876709
2007-09-21,Genoa,1589.4666748
2007-09-24,Genoa,1592.29296875
2007-09-27,Genoa,1599.6027832
2007-10-01,Genoa,1610.83105469
2007-10-03,Genoa,1611.26928711
2007-10-04,Genoa,1608.57312012
2007-10-05,Genoa,1593.30517578
2007-10-08,Genoa,1601.78125
2007-10-22,Genoa,1599.51660156
2007-10-24,Genoa,1602.73388672
2007-10-25,Genoa,1603.16125488
2007-10-26,Genoa,1604.91577148
2007-10-29,Genoa,1607.90234375
2007-11-01,Genoa,1605.25927734
2007-11-05,Genoa,1604.69226074
2007-11-07,Genoa,1611.5534668
2007-11-08,Genoa,1612.55761719
2007-11-09,Genoa,1613.22875977
2007-11-12,Genoa,1604.82226562
2007-11-25,Genoa,1600.56811523
2007-11-28,Genoa,1605.05419922
2007-11-29,Genoa,1601.39660645
2007-11-30,Genoa,1601.09094238
2007-12-03,Genoa,1603.52978516
2007-12-05,Genoa,1604.30541992
2007-12-10,Genoa,1588.83410645
2007-12-12,Genoa,1587.97412109
2007-12-13,Genoa,1589.97265625
2007-12-17,Genoa,1592.70898438
2007-12-21,Genoa,1593.34729004
2007-12-23,Genoa,1600.20141602
2008-01-14,Genoa,1612.91625977
2008-01-20,Genoa,1619.86828613
2008-01-28,Genoa,1617.10864258
2008-02-04,Genoa,1622.66833496
2008-02-11,Genoa,1624.84631348
2008-02-15,Genoa,1625.69335938
2008-02-18,Genoa,1616.04431152
2008-02-20,Genoa,1613.23059082
2008-02-21,Genoa,1614.27026367
2008-02-22,Genoa,1614.67687988
2008-02-25,Genoa,1630.96484375
2008-02-27,Genoa,1630.96484375
2008-02-28,Genoa,1638.8848877
2008-03-01,Genoa,1638.8848877
2008-03-03,Genoa,1630.82177734
2008-03-05,Genoa,1626.46643066
2008-03-06,Genoa,1632.48034668
2008-03-07,Genoa,1636.67834473
2008-03-10,Genoa,1628.44567871
2008-03-12,Genoa,1625.56445312
2008-03-13,Genoa,1622.29992676
2008-03-17,Genoa,1618.625
2008-03-20,Genoa,1623.63293457
2008-03-23,Genoa,1634.8338623
2008-03-24,Genoa,1634.8338623
2008-03-30,Genoa,1634.8338623
2008-03-31,Genoa,1642.2635498
2008-04-01,Genoa,1642.2635498
2008-04-02,Genoa,1639.88195801
2008-04-04,Genoa,1642.91589355
2008-04-06,Genoa,1640.9552002
2008-04-07,Genoa,1640.9552002
2008-04-10,Genoa,1640.57568359
2008-04-11,Genoa,1643.09765625
2008-04-12,Genoa,1643.09765625
2008-04-14,Genoa,1652.1875
2008-04-16,Genoa,1652.1875
2008-04-21,Genoa,1662.49731445
2008-04-25,Genoa,1662.8605957
2008-04-28,Genoa,1650.40893555
2008-05-02,Genoa,1649.29882812
2008-05-05,Genoa,1642.30541992
2008-05-07,Genoa,1642.30541992
2008-05-08,Genoa,1642.30541992
2008-05-11,Genoa,1642.30541992
2008-05-12,Genoa,1629.36584473
2008-05-18,Genoa,1629.36584473
2008-05-19,Genoa,1621.28747559
2008-06-02,Genoa,1621.28747559
2008-07-31,Genoa,1621.28747559
2008-08-04,Genoa,1621.28747559
2008-08-13,Genoa,1622.95739746
2008-08-14,Genoa,1623.4564209
2008-08-15,Genoa,1623.61962891
2008-08-17,Genoa,1623.61962891
2008-08-27,Genoa,1623.64562988
2008-08-28,Genoa,1623.8145752
2008-08-29,Genoa,1623.90197754
2008-08-31,Genoa,1623.90197754
2008-09-01,Genoa,1617.08947754
2008-09-15,Genoa,1632.54162598
2008-09-17,Genoa,1629.58789062
2008-09-18,Genoa,1632.16687012
2008-09-19,Genoa,1638.62487793
2008-09-22,Genoa,1633.30004883
2008-09-25,Genoa,1648.95056152
2008-09-28,Genoa,1645.66711426
2008-09-29,Genoa,1645.66711426
2008-10-01,Genoa,1641.05187988
2008-10-02,Genoa,1643.18395996
2008-10-03,Genoa,1633.9354248
2008-10-05,Genoa,1633.9354248
2008-10-06,Genoa,1640.72827148
2008-10-13,Genoa,1640.72827148
2008-10-18,Genoa,1640.72827148
2008-10-19,Genoa,1640.72827148
2008-10-20,Genoa,1647.19689941
2008-10-22,Genoa,1647.30895996
2008-10-23,Genoa,1646.96472168
2008-10-24,Genoa,1654.84411621
2008-10-26,Genoa,1654.84411621
2008-10-27,Genoa,1662.49035645
2008-10-29,Genoa,1662.49035645
2008-10-30,Genoa,1667.50097656
2008-11-02,Genoa,1667.50097656
2008-11-03,Genoa,1671.43945312
2008-11-05,Genoa,1674.66918945
2008-11-06,Genoa,1680.07507324
2008-11-07,Genoa,1683.36730957
2008-11-09,Genoa,1683.36730957
2008-11-10,Genoa,1692.44677734
2008-11-14,Genoa,1687.93066406
2008-11-17,Genoa,1687.93066406
2008-11-23,Genoa,1687.93066406
2008-11-24,Genoa,1691.95849609
2008-11-26,Genoa,1688.17944336
2008-11-27,Genoa,1684.77954102
2008-11-28,Genoa,1683.29040527
2008-12-01,Genoa,1678.72570801
2008-12-04,Genoa,1675.5201416
2008-12-05,Genoa,1675.5201416
2008-12-07,Genoa,1675.5201416
2008-12-08,Genoa,1686.28198242
2008-12-09,Genoa,1686.28198242
2008-12-10,Genoa,1684.73046875
2008-12-11,Genoa,1683.57373047
2008-12-13,Genoa,1683.57373047
2008-12-14,Genoa,1683.57373047
2008-12-15,Genoa,1680.68884277
2008-12-18,Genoa,1679.08679199
2008-12-19,Genoa,1678.34179688
2008-12-21,Genoa,1678.34179688
2008-12-22,Genoa,1686.54699707
2008-12-27,Genoa,1686.54699707
2008-12-28,Genoa,1686.54699707
2009-01-04,Genoa,1686.54699707
2009-01-05,Genoa,1686.54699707
2009-01-11,Genoa,1692.99316406
2009-01-12,Genoa,1692.99316406
2009-01-18,Genoa,1692.99316406
2009-01-19,Genoa,1705.67297363
2009-01-26,Genoa,1700.70727539
2009-01-29,Genoa,1706.36010742
2009-02-01,Genoa,1706.36010742
2009-02-02,Genoa,1711.68981934
2009-02-08,Genoa,1711.68981934
2009-02-09,Genoa,1705.95922852
2009-02-15,Genoa,1705.95922852
2009-02-16,Genoa,1705.67919922
2009-02-19,Genoa,1702.96459961
2009-02-20,Genoa,1699.72070312
2009-02-22,Genoa,1699.72070312
2009-02-23,Genoa,1708.70300293
2009-02-25,Genoa,1707.1048584
2009-02-26,Genoa,1705.91943359
2009-02-27,Genoa,1697.65722656
2009-03-01,Genoa,1697.65722656
2009-03-02,Genoa,1697.79125977
2009-03-05,Genoa,1697.79125977
2009-03-08,Genoa,1689.79467773
2009-03-09,Genoa,1689.79467773
2009-03-11,Genoa,1688.65686035
2009-03-12,Genoa,1687.89526367
2009-03-13,Genoa,1691.96154785
2009-03-15,Genoa,1701.46594238
2009-03-19,Genoa,1701.46594238
2009-03-20,Genoa,1701.85864258
2009-03-22,Genoa,1701.85864258
2009-03-23,Genoa,1709.52954102
2009-04-05,Genoa,1709.52954102
2009-04-06,Genoa,1716.12268066
2009-04-09,Genoa,1716.12268066
2009-04-10,Genoa,1713.94055176
2009-04-12,Genoa,1723.3795166
2009-04-13,Genoa,1723.3795166
2009-04-17,Genoa,1722.38525391
2009-04-19,Genoa,1710.92578125
2009-04-26,Genoa,1710.92578125
2009-04-27,Genoa,1696.93701172
2009-04-30,Genoa,1696.93701172
2009-05-03,Genoa,1696.93701172
2009-05-04,Genoa,1704.19958496
2009-05-07,Genoa,1704.19958496
2009-05-09,Genoa,1704.19958496
2009-05-10,Genoa,1704.19958496
2009-05-11,Genoa,1704.53686523
2009-05-13,Genoa,1704.53686523
2009-05-14,Genoa,1704.53686523
2009-05-18,Genoa,1700.66040039
2009-05-25,Genoa,1707.60290527
2009-05-28,Genoa,1707.60290527
2009-05-31,Genoa,1707.60290527
2009-06-01,Genoa,1713.14123535
2009-07-27,Genoa,1713.14123535
2009-07-30,Genoa,1713.14123535
2009-07-31,Genoa,1713.73791504
2009-08-02,Genoa,1713.73791504
2009-08-06,Genoa,1713.73791504
2009-08-07,Genoa,1714.96337891
2009-08-09,Genoa,1714.96337891
2009-08-10,Genoa,1714.96337891
2009-08-19,Genoa,1716.43725586
2009-08-21,Genoa,1728.18945312
2009-08-24,Genoa,1735.74084473
2009-08-25,Genoa,1735.74084473
2009-08-26,Genoa,1735.74084473
2009-08-27,Genoa,1736.63439941
2009-08-28,Genoa,1740.01757812
2009-08-31,Genoa,1747.51245117
2009-09-13,Genoa,1747.51245117
2009-09-14,Genoa,1753.64831543
2009-09-16,Genoa,1755.85510254
2009-09-17,Genoa,1754.33947754
2009-09-18,Genoa,1748.84362793
2009-09-21,Genoa,1736.00830078
2009-09-24,Genoa,1736.00830078
2009-09-25,Genoa,1736.99865723
2009-09-27,Genoa,1736.99865723
2009-09-28,Genoa,1727.97644043
2009-09-30,Genoa,1731.98925781
2009-10-01,Genoa,1727.71447754
2009-10-02,Genoa,1726.55358887
2009-10-04,Genoa,1726.55358887
2009-10-05,Genoa,1736.20031738
2009-10-18,Genoa,1721.70715332
2009-10-19,Genoa,1721.70715332
2009-10-21,Genoa,1721.56555176
2009-10-22,Genoa,1726.27697754
2009-10-23,Genoa,1715.11706543
2009-10-26,Genoa,1707.14538574
2009-10-29,Genoa,1715.03039551
2009-11-01,Genoa,1715.03039551
2009-11-02,Genoa,1716.87927246
2009-11-04,Genoa,1718.04492188
2009-11-05,Genoa,1721.58837891
2009-11-06,Genoa,1729.9152832
2009-11-07,Genoa,1729.9152832
2009-11-09,Genoa,1734.88989258
2009-11-22,Genoa,1734.88989258
2009-11-23,Genoa,1724.98193359
2009-11-25,Genoa,1725.1159668
2009-11-26,Genoa,1720.84301758
2009-11-29,Genoa,1730.32751465
2009-12-03,Genoa,1723.82263184
2009-12-04,Genoa,1724.64746094
2009-12-06,Genoa,1724.64746094
2009-12-07,Genoa,1720.83410645
2009-12-09,Genoa,1713.26098633
2009-12-10,Genoa,1718.75366211
2009-12-14,Genoa,1710.15783691
2009-12-17,Genoa,1711.78393555
2009-12-18,Genoa,1697.64123535
2009-12-20,Genoa,1697.64123535
2009-12-24,Genoa,1697.64123535
2010-01-07,Genoa,1691.09716797
2010-01-10,Genoa,1691.09716797
2010-01-11,Genoa,1696.01086426
2010-01-17,Genoa,1696.01086426
2010-01-18,Genoa,1689.3515625
2010-01-21,Genoa,1685.85546875
2010-01-25,Genoa,1691.88000488
2010-01-31,Genoa,1694.43151855
2010-02-07,Genoa,1694.43151855
2010-02-08,Genoa,1699.35522461
2010-02-15,Genoa,1694.43920898
2010-02-17,Genoa,1692.53540039
2010-02-18,Genoa,1692.15783691
2010-02-19,Genoa,1693.24157715
2010-02-21,Genoa,1702.1439209
2010-02-22,Genoa,1702.1439209
2010-02-25,Genoa,1703.79040527
2010-02-26,Genoa,1697.17651367
2010-02-28,Genoa,1697.17651367
2010-03-01,Genoa,1684.72216797
2010-03-07,Genoa,1684.72216797
2010-03-08,Genoa,1691.45898438
2010-03-10,Genoa,1690.8380127
2010-03-11,Genoa,1688.54455566
2010-03-12,Genoa,1691.74511719
2010-03-14,Genoa,1691.74511719
2010-03-15,Genoa,1699.66430664
2010-03-17,Genoa,1704.34265137
2010-03-19,Genoa,1697.18054199
2010-03-21,Genoa,1687.55285645
2010-03-25,Genoa,1686.06616211
2010-03-29,Genoa,1685.28076172
2010-04-01,Genoa,1686.2277832
2010-04-04,Genoa,1680.43139648
2010-04-07,Genoa,1681.97131348
2010-04-11,Genoa,1681.97131348
2010-04-12,Genoa,1676.04943848
2010-04-16,Genoa,1676.04943848
2010-04-19,Genoa,1685.30529785
2010-04-21,Genoa,1689.61779785
2010-04-26,Genoa,1678.25793457
2010-04-28,Genoa,1678.25793457
2010-04-29,Genoa,1679.39685059
2010-05-02,Genoa,1679.39685059
2010-05-03,Genoa,1665.97009277
2010-05-05,Genoa,1665.97009277
2010-05-06,Genoa,1665.97009277
2010-05-09,Genoa,1665.97009277
2010-05-10,Genoa,1674.99951172
2010-05-13,Genoa,1674.99951172
2010-05-16,Genoa,1674.99951172
2010-05-17,Genoa,1667.90380859
2010-05-23,Genoa,1671.64562988
2010-07-30,Genoa,1671.74072266
2010-08-06,Genoa,1671.76147461
2010-08-19,Genoa,1669.46008301
2010-08-20,Genoa,1671.57739258
2010-08-22,Genoa,1671.57739258
2010-08-25,Genoa,1671.40270996
2010-08-26,Genoa,1671.40270996
2010-08-27,Genoa,1672.84875488
2010-08-28,Genoa,1672.84875488
2010-08-29,Genoa,1682.70849609
2010-08-30,Genoa,1682.70849609
2010-09-12,Genoa,1682.70849609
2010-09-13,Genoa,1666.9934082
2010-09-15,Genoa,1665.66625977
2010-09-16,Genoa,1666.14782715
2010-09-17,Genoa,1658.96325684
2010-09-19,Genoa,1658.96325684
2010-09-20,Genoa,1660.74084473
2010-09-23,Genoa,1658.73657227
2010-09-24,Genoa,1658.73657227
2010-09-25,Genoa,1658.73657227
2010-09-26,Genoa,1654.9387207
2010-09-27,Genoa,1654.9387207
2010-09-29,Genoa,1656.14306641
2010-09-30,Genoa,1658.39880371
2010-10-01,Genoa,1659.70349121
2010-10-02,Genoa,1659.70349121
2010-10-03,Genoa,1659.70349121
2010-10-04,Genoa,1665.70910645
2010-10-17,Genoa,1662.11779785
2010-10-18,Genoa,1662.11779785
2010-10-20,Genoa,1654.40063477
2010-10-21,Genoa,1655.6184082
2010-10-22,Genoa,1646.76306152
2010-10-24,Genoa,1646.76306152
2010-10-25,Genoa,1652.43261719
2010-10-30,Genoa,1648.33947754
2010-10-31,Genoa,1648.33947754
2010-11-03,Genoa,1644.31542969
2010-11-04,Genoa,1647.99682617
2010-11-05,Genoa,1641.31018066
2010-11-07,Genoa,1641.31018066
2010-11-08,Genoa,1636.22619629
2010-11-11,Genoa,1641.43347168
2010-11-15,Genoa,1651.34484863
2010-11-20,Genoa,1651.34484863
2010-11-22,Genoa,1638.72961426
2010-11-23,Genoa,1638.72961426
2010-11-24,Genoa,1645.60339355
2010-11-25,Genoa,1646.56677246
2010-11-29,Genoa,1645.96582031
2010-12-02,Genoa,1641.41784668
2010-12-03,Genoa,1639.23632812
2010-12-05,Genoa,1639.23632812
2010-12-06,Genoa,1649.93688965
2010-12-08,Genoa,1645.25732422
2010-12-09,Genoa,1638.08544922
2010-12-12,Genoa,1628.8605957
2010-12-13,Genoa,1628.8605957
2010-12-16,Genoa,1630.59265137
2010-12-17,Genoa,1624.63464355
2010-12-19,Genoa,1624.63464355
2010-12-20,Genoa,1624.63464355
2010-12-23,Genoa,1624.63464355
2010-12-27,Genoa,1624.63464355
2010-12-29,Genoa,1624.63464355
2011-01-05,Genoa,1624.63464355
2011-01-07,Genoa,1623.44543457
2011-01-09,Genoa,1623.44543457
2011-01-10,Genoa,1622.60473633
2011-01-16,Genoa,1622.60473633
2011-01-17,Genoa,1608.82836914
2011-01-23,Genoa,1610.96447754
2011-01-31,Genoa,1619.28198242
2011-02-03,Genoa,1613.5958252
2011-02-07,Genoa,1615.7512207
2011-02-14,Genoa,1615.16992188
2011-02-16,Genoa,1612.73352051
2011-02-17,Genoa,1620.88562012
2011-02-18,Genoa,1620.49865723
2011-02-20,Genoa,1620.49865723
2011-02-21,Genoa,1628.95166016
2011-02-24,Genoa,1626.70776367
2011-02-25,Genoa,1624.20056152
2011-02-27,Genoa,1624.20056152
2011-02-28,Genoa,1616.3770752
2011-03-07,Genoa,1612.2520752
2011-03-09,Genoa,1610.56982422
2011-03-10,Genoa,1610.13659668
2011-03-14,Genoa,1616.45141602
2011-03-16,Genoa,1621.8425293
2011-03-21,Genoa,1624.15429688
2011-04-02,Genoa,1624.15429688
2011-04-03,Genoa,1624.15429688
2011-04-04,Genoa,1613.81530762
2011-04-06,Genoa,1606.9786377
2011-04-11,Genoa,1602.00708008
2011-04-14,Genoa,1601.12670898
2011-04-18,Genoa,1609.30541992
2011-04-24,Genoa,1615.92541504
2011-05-01,Genoa,1611.29602051
2011-05-09,Genoa,1616.31665039
2011-05-15,Genoa,1608.59191895
2011-05-23,Genoa,1613.56054688
2011-05-30,Genoa,1613.56054688
2011-06-05,Genoa,1613.56054688
2011-07-29,Genoa,1611.31091309
2011-08-05,Genoa,1609.52539062
2011-08-17,Genoa,1608.98522949
2011-08-19,Genoa,1607.93322754
2011-08-25,Genoa,1606.0378418
2011-08-26,Genoa,1599.96948242
2011-09-12,Genoa,1596.3581543
2011-09-14,Genoa,1599.17492676
2011-09-15,Genoa,1596.77197266
2011-09-16,Genoa,1596.65600586
2011-09-19,Genoa,1607.78747559
2011-09-22,Genoa,1617.6763916
2011-09-26,Genoa,1610.3302002
2011-09-28,Genoa,1617.515625
2011-09-29,Genoa,1618.50476074
2011-09-30,Genoa,1616.26611328
2011-10-03,Genoa,1605.86486816
2011-10-17,Genoa,1601.47851562
2011-10-19,Genoa,1606.68408203
2011-10-20,Genoa,1607.4987793
2011-10-21,Genoa,1610.46081543
2011-10-23,Genoa,1614.01879883
2011-10-27,Genoa,1621.85766602
2011-10-30,Genoa,1621.85766602
2011-10-31,Genoa,1615.82751465
2011-11-02,Genoa,1614.12976074
2011-11-03,Genoa,1615.62988281
2011-11-04,Genoa,1613.0447998
2011-11-21,Genoa,1616.40771484
2011-11-23,Genoa,1620.11730957
2011-11-24,Genoa,1618.75427246
2011-11-28,Genoa,1605.21252441
2011-12-01,Genoa,1605.67431641
2011-12-02,Genoa,1604.87890625
2011-12-03,Genoa,1598.00927734
2011-12-07,Genoa,1596.7097168
2011-12-08,Genoa,1597.81396484
2011-12-11,Genoa,1609.62475586
2011-12-14,Genoa,1603.34851074
2011-12-15,Genoa,1606.31750488
2011-12-16,Genoa,1604.22424316
2011-12-19,Genoa,1609.47241211
2011-12-22,Genoa,1600.03491211
2012-01-09,Genoa,1587.03967285
2012-01-16,Genoa,1596.97595215
2012-01-23,Genoa,1587.34338379
2012-01-30,Genoa,1597.37475586
2012-02-06,Genoa,1606.75708008
2012-02-13,Genoa,1592.9161377
2012-02-16,Genoa,1592.76367188
2012-02-17,Genoa,1587.76391602
2012-02-20,Genoa,1577.82592773
2012-02-22,Genoa,1581.78186035
2012-02-23,Genoa,1580.62036133
2012-02-24,Genoa,1585.71960449
2012-02-26,Genoa,1584.86108398
2012-03-05,Genoa,1585.81237793
2012-03-07,Genoa,1582.86682129
2012-03-09,Genoa,1578.95349121
2012-03-12,Genoa,1581.5300293
2012-03-14,Genoa,1580.69360352
2012-03-15,Genoa,1574.09228516
2012-03-16,Genoa,1574.03881836
2012-03-20,Genoa,1569.46630859
2012-03-26,Genoa,1568.37365723
2012-03-29,Genoa,1568.74853516
2012-04-02,Genoa,1564.72351074
2012-04-04,Genoa,1563.36340332
2012-04-08,Genoa,1562.61462402
2012-04-12,Genoa,1558.53845215
2012-04-23,Genoa,1542.91015625
2012-04-26,Genoa,1541.00061035
2012-04-30,Genoa,1535.47143555
2012-05-03,Genoa,1542.93200684
2012-05-07,Genoa,1537.50024414
2012-05-14,Genoa,1547.5892334
2012-08-03,Genoa,1548.62194824
2012-08-10,Genoa,1548.16308594
2012-08-23,Genoa,1549.52746582
2012-08-24,Genoa,1552.32714844
2012-08-27,Genoa,1561.8996582
2012-08-29,Genoa,1561.30175781
2012-08-31,Genoa,1561.12780762
2012-09-03,Genoa,1555.50146484
2012-09-17,Genoa,1550.43554688
2012-09-19,Genoa,1548.66113281
2012-09-20,Genoa,1550.10705566
2012-09-21,Genoa,1551.30444336
2012-09-24,Genoa,1564.00280762
2012-09-27,Genoa,1564.81689453
2012-10-01,Genoa,1569.33728027
2012-10-03,Genoa,1568.78820801
2012-10-04,Genoa,1572.4362793
2012-10-05,Genoa,1574.05407715
2012-10-07,Genoa,1571.70446777
2012-10-22,Genoa,1561.49633789
2012-10-24,Genoa,1559.32336426
2012-10-25,Genoa,1557.8215332
2012-10-26,Genoa,1549.42749023
2012-10-28,Genoa,1546.80664062
2012-11-02,Genoa,1539.34313965
2012-11-05,Genoa,1533.22412109
2012-11-07,Genoa,1532.90429688
2012-11-08,Genoa,1533.79919434
2012-11-09,Genoa,1535.90917969
2012-11-12,Genoa,1528.51733398
2012-11-19,Genoa,1519.02832031
2012-11-21,Genoa,1522.95788574
2012-11-22,Genoa,1527.48425293
2012-11-23,Genoa,1522.64001465
2012-11-26,Genoa,1534.02368164
2012-12-03,Genoa,1521.19250488
2012-12-05,Genoa,1517.53540039
2012-12-06,Genoa,1521.49414062
2012-12-07,Genoa,1512.97399902
2012-12-10,Genoa,1503.2857666
2012-12-17,Genoa,1502.27575684
2012-12-23,Genoa,1508.7590332
2013-01-07,Genoa,1520.18676758
2013-01-14,Genoa,1514.10852051
2013-01-21,Genoa,1503.35473633
2013-01-27,Genoa,1511.52050781
2013-02-04,Genoa,1522.40075684
2013-02-11,Genoa,1527.26721191
2013-02-13,Genoa,1529.70825195
2013-02-15,Genoa,1527.11975098
2013-02-18,Genoa,1536.51660156
2013-02-21,Genoa,1540.78820801
2013-02-22,Genoa,1546.16162109
2013-02-24,Genoa,1547.89379883
2013-03-04,Genoa,1542.40881348
2013-03-07,Genoa,1542.6776123
2013-03-08,Genoa,1544.75036621
2013-03-09,Genoa,1539.37597656
2013-03-13,Genoa,1534.4453125
2013-03-15,Genoa,1538.42871094
2013-03-18,Genoa,1534.91088867
2013-03-31,Genoa,1534.00927734
2013-04-03,Genoa,1532.02062988
2013-04-05,Genoa,1528.56481934
2013-04-08,Genoa,1524.40588379
2013-04-11,Genoa,1523.04077148
2013-04-12,Genoa,1521.83312988
2013-04-15,Genoa,1520.93017578
2013-04-21,Genoa,1520.56384277
2013-04-29,Genoa,1531.69030762
2013-05-06,Genoa,1539.42687988
2013-05-09,Genoa,1541.23779297
2013-05-13,Genoa,1542.18994141
2013-05-20,Genoa,1545.24304199
2013-08-02,Genoa,1545.50634766
2013-08-09,Genoa,1545.64196777
2013-08-21,Genoa,1546.13684082
2013-08-23,Genoa,1540.9473877
2013-08-26,Genoa,1534.07055664
2013-08-29,Genoa,1537.52575684
2013-08-30,Genoa,1536.24291992
2013-09-02,Genoa,1526.96240234
2013-09-16,Genoa,1544.31152344
2013-09-18,Genoa,1542.04150391
2013-09-19,Genoa,1547.47229004
2013-09-20,Genoa,1550.33776855
2013-09-22,Genoa,1548.20007324
2013-09-25,Genoa,1544.33654785
2013-09-29,Genoa,1538.59387207
2013-10-02,Genoa,1536.54150391
2013-10-03,Genoa,1534.67785645
2013-10-04,Genoa,1536.9543457
2013-10-07,Genoa,1540.2052002
2013-10-21,Genoa,1547.04321289
2013-10-23,Genoa,1551.5402832
2013-10-24,Genoa,1550.65466309
2013-10-25,Genoa,1550.52783203
2013-10-28,Genoa,1548.15112305
2013-10-31,Genoa,1556.26013184
2013-11-04,Genoa,1574.25390625
2013-11-06,Genoa,1575.49645996
2013-11-07,Genoa,1576.01184082
2013-11-08,Genoa,1578.14831543
2013-11-11,Genoa,1587.98388672
2013-11-24,Genoa,1593.69506836
2013-11-27,Genoa,1595.82739258
2013-11-28,Genoa,1596.49023438
2013-11-29,Genoa,1597.03601074
2013-12-01,Genoa,1594.65673828
2013-12-09,Genoa,1587.95532227
2013-12-12,Genoa,1587.95874023
2013-12-13,Genoa,1587.96838379
2013-12-16,Genoa,1585.45703125
2013-12-23,Genoa,1578.56298828
2014-01-07,Genoa,1586.05786133
2014-01-13,Genoa,1579.87463379
2014-01-20,Genoa,1588.56396484
2014-01-27,Genoa,1594.54919434
2014-02-04,Genoa,1584.07995605
2014-02-10,Genoa,1591.53112793
2014-02-17,Genoa,1590.79138184
2014-02-20,Genoa,1589.66723633
2014-02-21,Genoa,1587.42749023
2014-02-25,Genoa,1593.55004883
2014-02-28,Genoa,1595.33312988
2014-03-03,Genoa,1603.48449707
2014-03-10,Genoa,1595.35852051
2014-03-12,Genoa,1593.84350586
2014-03-14,Genoa,1591.90856934
2014-03-17,Genoa,1588.99584961
2014-03-21,Genoa,1587.29333496
2014-03-24,Genoa,1591.52270508
2014-03-27,Genoa,1603.3404541
2014-03-31,Genoa,1589.57702637
2014-04-04,Genoa,1590.74023438
2014-04-08,Genoa,1584.53979492
2014-04-11,Genoa,1585.28613281
2014-04-14,Genoa,1579.29455566
2014-04-20,Genoa,1569.39660645
2014-04-25,Genoa,1567.82348633
2014-04-28,Genoa,1569.80505371
2014-05-02,Genoa,1567.28308105
2014-05-05,Genoa,1564.71801758
2014-05-12,Genoa,1553.71411133
2014-05-19,Genoa,1565.89440918
2014-08-01,Genoa,1566.31054688
2014-08-08,Genoa,1566.52514648
2014-08-20,Genoa,1565.99047852
2014-08-22,Genoa,1565.52648926
2014-08-28,Genoa,1561.7755127
2014-08-29,Genoa,1563.37133789
2014-09-01,Genoa,1559.17358398
2014-09-15,Genoa,1564.3795166
2014-09-17,Genoa,1565.02380371
2014-09-18,Genoa,1568.74255371
2014-09-19,Genoa,1575.62866211
2014-09-22,Genoa,1584.32214355
2014-09-25,Genoa,1586.55102539
2014-09-29,Genoa,1577.29101562
2014-10-01,Genoa,1579.15710449
2014-10-02,Genoa,1577.18920898
2014-10-03,Genoa,1582.30847168
2014-10-06,Genoa,1593.53125
2014-10-21,Genoa,1590.14416504
2014-10-22,Genoa,1586.39465332
2014-10-23,Genoa,1582.22387695
2014-10-24,Genoa,1578.60144043
2014-10-27,Genoa,1587.15734863
2014-10-30,Genoa,1601.48181152
2014-11-03,Genoa,1616.44055176
2014-11-05,Genoa,1617.40112305
2014-11-06,Genoa,1616.67578125
2014-11-07,Genoa,1611.80444336
2014-11-10,Genoa,1612.43481445
2014-11-16,Genoa,1612.43481445
2014-11-23,Genoa,1612.43481445
2014-11-24,Genoa,1612.43481445
2014-11-25,Genoa,1609.47033691
2014-11-26,Genoa,1609.53796387
2014-11-27,Genoa,1610.81945801
2014-11-28,Genoa,1613.7010498
2014-11-29,Genoa,1613.7010498
2014-11-30,Genoa,1613.7010498
2014-12-01,Genoa,1623.93566895
2014-12-02,Genoa,1623.93566895
2014-12-03,Genoa,1623.93566895
2014-12-04,Genoa,1623.93566895
2014-12-07,Genoa,1623.93566895
2014-12-08,Genoa,1632.77209473
2014-12-09,Genoa,1632.77209473
2014-12-10,Genoa,1632.57336426
2014-12-11,Genoa,1629.78369141
2014-12-12,Genoa,1628.4934082
2014-12-14,Genoa,1628.4934082
2014-12-15,Genoa,1622.77282715
2014-12-17,Genoa,1622.77282715
2014-12-18,Genoa,1622.77282715
2014-12-21,Genoa,1622.77282715
2014-12-22,Genoa,1615.68786621
2014-12-27,Genoa,1615.68786621
2015-01-07,Genoa,1612.57043457
2015-01-11,Genoa,1612.57043457
2015-01-12,Genoa,1605.07641602
2015-01-19,Genoa,1602.4128418
2015-01-27,Genoa,1599.03723145
2015-02-01,Genoa,1600.40820312
2015-02-10,Genoa,1611.8079834
2015-02-16,Genoa,1620.57214355
2015-02-19,Genoa,1620.57214355
2015-02-20,Genoa,1623.65808105
2015-02-23,Genoa,1623.65808105
2015-02-25,Genoa,1625.98547363
2015-02-26,Genoa,1625.98547363
2015-02-27,Genoa,1641.2956543
2015-03-02,Genoa,1641.2956543
2015-03-09,Genoa,1641.14233398
2015-03-12,Genoa,1641.14233398
2015-03-13,Genoa,1639.87854004
2015-03-14,Genoa,1639.87854004
2015-03-15,Genoa,1639.87854004
2015-03-16,Genoa,1623.3515625
2015-03-19,Genoa,1627.390625
2015-03-20,Genoa,1628.20483398
2015-03-21,Genoa,1628.20483398
2015-03-22,Genoa,1628.20483398
2015-03-23,Genoa,1626.65991211
2015-04-04,Genoa,1626.65991211
2015-04-05,Genoa,1624.71118164
2015-04-06,Genoa,1624.71118164
2015-04-10,Genoa,1624.71118164
2015-04-12,Genoa,1630.89025879
2015-04-15,Genoa,1632.08898926
2015-04-16,Genoa,1638.90283203
2015-04-17,Genoa,1647.14208984
2015-04-19,Genoa,1647.14208984
2015-04-20,Genoa,1640.31298828
2015-04-22,Genoa,1640.31298828
2015-04-23,Genoa,1640.92541504
2015-04-24,Genoa,1644.72851562
2015-04-27,Genoa,1649.72375488
2015-04-28,Genoa,1649.72375488
2015-04-30,Genoa,1665.6529541
2015-05-02,Genoa,1665.6529541
2015-05-03,Genoa,1665.6529541
2015-05-04,Genoa,1659.72241211
2015-05-06,Genoa,1661.56030273
2015-05-08,Genoa,1657.62158203
2015-05-09,Genoa,1657.62158203
2015-05-10,Genoa,1657.62158203
2015-05-11,Genoa,1657.62158203
2015-05-12,Genoa,1672.33300781
2015-05-14,Genoa,1676.23681641
2015-05-15,Genoa,1670.77856445
2015-05-17,Genoa,1670.77856445
2015-05-18,Genoa,1684.92724609
2015-05-19,Genoa,1684.92724609
2015-05-24,Genoa,1691.80859375
2015-05-25,Genoa,1691.80859375
2015-05-31,Genoa,1691.80859375
2015-06-01,Genoa,1679.61437988
2015-06-07,Genoa,1677.38769531
2015-06-12,Genoa,1677.38769531
2015-06-15,Genoa,1677.38769531
2015-07-24,Genoa,1677.38769531
2015-07-31,Genoa,1664.92041016
2015-08-02,Genoa,1664.92041016
2015-08-07,Genoa,1665.40637207
2015-08-09,Genoa,1665.40637207
2015-08-10,Genoa,1665.40637207
2015-08-15,Genoa,1665.40637207
2015-08-19,Genoa,1667.56018066
2015-08-21,Genoa,1667.56018066
2015-08-24,Genoa,1660.20458984
2015-08-25,Genoa,1660.20458984
2015-08-27,Genoa,1654.41455078
2015-08-28,Genoa,1654.41455078
2015-08-31,Genoa,1661.63745117
2015-09-12,Genoa,1661.63745117
2015-09-13,Genoa,1657.26989746
2015-09-14,Genoa,1657.26989746
2015-09-16,Genoa,1661.04846191
2015-09-17,Genoa,1663.25732422
2015-09-18,Genoa,1662.17431641
2015-09-19,Genoa,1662.17431641
2015-09-20,Genoa,1662.17431641
2015-09-21,Genoa,1656.23364258
2015-09-24,Genoa,1649.35046387
2015-09-26,Genoa,1649.35046387
2015-09-28,Genoa,1656.38049316
2015-09-30,Genoa,1652.53198242
2015-10-01,Genoa,1655.37109375
2015-10-02,Genoa,1662.34057617
2015-10-04,Genoa,1662.34057617
2015-10-05,Genoa,1661.94494629
2015-10-18,Genoa,1661.94494629
2015-10-19,Genoa,1667.60913086
2015-10-21,Genoa,1668.77441406
2015-10-22,Genoa,1666.9197998
2015-10-23,Genoa,1665.21899414
2015-10-25,Genoa,1653.0904541
2015-10-26,Genoa,1653.0904541
2015-10-29,Genoa,1655.79370117
2015-11-01,Genoa,1655.79370117
2015-11-02,Genoa,1657.80236816
2015-11-04,Genoa,1657.71252441
2015-11-05,Genoa,1659.9387207
2015-11-06,Genoa,1665.21716309
2015-11-08,Genoa,1665.21716309
2015-11-09,Genoa,1662.40515137
2015-11-23,Genoa,1668.0715332
2015-11-24,Genoa,1668.0715332
2015-11-25,Genoa,1667.07202148
2015-11-26,Genoa,1668.93078613
2015-11-27,Genoa,1672.40661621
2015-11-28,Genoa,1672.40661621
2015-11-30,Genoa,1658.22558594
2015-12-04,Genoa,1658.22558594
2015-12-06,Genoa,1654.08227539
2015-12-07,Genoa,1654.08227539
2015-12-09,Genoa,1651.26098633
2015-12-10,Genoa,1649.06884766
2015-12-11,Genoa,1650.82958984
2015-12-13,Genoa,1637.7364502
2015-12-14,Genoa,1637.7364502
2015-12-20,Genoa,1637.7364502
2015-12-21,Genoa,1632.95227051
2015-12-22,Genoa,1632.95227051
2015-12-27,Genoa,1632.95227051
2015-12-31,Genoa,1632.95227051
2016-01-04,Genoa,1632.95227051
2016-01-06,Genoa,1622.02880859
2016-01-10,Genoa,1622.02880859
2016-01-11,Genoa,1635.54870605
2016-01-14,Genoa,1635.54870605
2016-01-18,Genoa,1646.11987305
2016-01-23,Genoa,1646.11987305
2016-01-25,Genoa,1645.7668457
2016-01-31,Genoa,1645.7668457
2016-02-01,Genoa,1646.8848877
2016-02-03,Genoa,1646.8848877
2016-02-04,Genoa,1645.38549805
2016-02-07,Genoa,1645.20263672
2016-02-08,Genoa,1645.20263672
2016-02-13,Genoa,1645.20263672
2016-02-14,Genoa,1645.20263672
2016-02-15,Genoa,1640.8260498
2016-02-18,Genoa,1639.8605957
2016-02-19,Genoa,1637.57495117
2016-02-22,Genoa,1642.23205566
2016-02-24,Genoa,1641.21789551
2016-02-26,Genoa,1637.48937988
2016-02-28,Genoa,1637.48937988
2016-02-29,Genoa,1630.50622559
2016-03-01,Genoa,1630.50622559
2016-03-02,Genoa,1630.50622559
2016-03-05,Genoa,1630.50622559
2016-03-07,Genoa,1635.75537109
2016-03-08,Genoa,1635.75537109
2016-03-09,Genoa,1635.42407227
2016-03-11,Genoa,1636.48693848
2016-03-13,Genoa,1636.48693848
2016-03-14,Genoa,1642.47851562
2016-03-17,Genoa,1639.57165527
2016-03-18,Genoa,1632.56420898
2016-03-20,Genoa,1632.56420898
2016-03-21,Genoa,1629.15148926
2016-03-28,Genoa,1629.15148926
2016-04-04,Genoa,1635.47375488
2016-04-10,Genoa,1645.85717773
2016-04-11,Genoa,1645.85717773
2016-04-14,Genoa,1645.85717773
2016-04-15,Genoa,1645.85717773
2016-04-16,Genoa,1645.85717773
2016-04-17,Genoa,1628.91357422
2016-04-18,Genoa,1628.91357422
2016-04-21,Genoa,1637.2623291
2016-04-22,Genoa,1637.2623291
2016-04-25,Genoa,1624.5769043
2016-05-02,Genoa,1624.5769043
2016-05-03,Genoa,1618.8371582
2016-05-09,Genoa,1634.54638672
2016-05-12,Genoa,1634.54638672
2016-05-13,Genoa,1634.54638672
2016-05-16,Genoa,1623.10888672
2016-05-17,Genoa,1623.10888672
2016-05-19,Genoa,1623.10888672
2016-05-20,Genoa,1623.10888672
2016-05-22,Genoa,1623.10888672
2016-05-26,Genoa,1623.10888672
2016-05-30,Genoa,1623.10888672
2016-06-12,Genoa,1623.10888672
2016-06-19,Genoa,1623.10888672
2016-07-29,Genoa,1623.60424805
2016-08-04,Genoa,1623.60424805
2016-08-05,Genoa,1626.85839844
2016-08-06,Genoa,1626.85839844
2016-08-14,Genoa,1626.85839844
2016-08-18,Genoa,1627.57971191
2016-08-19,Genoa,1629.41040039
2016-08-21,Genoa,1629.41040039
2016-08-22,Genoa,1635.90893555
2016-08-24,Genoa,1626.21948242
2016-08-26,Genoa,1626.265625
2016-08-27,Genoa,1626.265625
2016-08-28,Genoa,1626.265625
2016-08-29,Genoa,1635.00439453
2016-09-10,Genoa,1635.00439453
2016-09-11,Genoa,1635.00439453
2016-09-12,Genoa,1635.00439453
2016-09-13,Genoa,1635.00439453
2016-09-14,Genoa,1638.10644531
2016-09-15,Genoa,1636.33081055
2016-09-16,Genoa,1633.72583008
2016-09-18,Genoa,1633.72583008
2016-09-19,Genoa,1627.16638184
2016-09-21,Genoa,1627.16638184
2016-09-22,Genoa,1630.44250488
2016-09-23,Genoa,1630.44250488
2016-09-26,Genoa,1625.47558594
2016-09-28,Genoa,1627.96276855
2016-09-29,Genoa,1630.98791504
2016-09-30,Genoa,1624.37609863
2016-10-03,Genoa,1632.79870605
2016-10-16,Genoa,1632.79870605
2016-10-17,Genoa,1628.48986816
2016-10-19,Genoa,1630.08227539
2016-10-20,Genoa,1625.50744629
2016-10-21,Genoa,1628.82922363
2016-10-23,Genoa,1620.65979004
2016-10-26,Genoa,1635.04858398
2016-10-29,Genoa,1635.04858398
2016-10-30,Genoa,1635.04858398
2016-10-31,Genoa,1622.89282227
2016-11-02,Genoa,1622.80493164
2016-11-03,Genoa,1620.24926758
2016-11-04,Genoa,1620.93005371
2016-11-06,Genoa,1620.93005371
2016-11-07,Genoa,1617.01123047
2016-11-14,Genoa,1617.01123047
2016-11-20,Genoa,1617.01123047
2016-11-21,Genoa,1611.03417969
2016-11-23,Genoa,1615.09118652
2016-11-24,Genoa,1613.60717773
2016-11-25,Genoa,1606.2121582
2016-11-28,Genoa,1626.06835938
2016-11-29,Genoa,1626.06835938
2016-12-01,Genoa,1626.06835938
2016-12-04,Genoa,1626.06835938
2016-12-05,Genoa,1626.06835938
2016-12-06,Genoa,1627.47155762
2016-12-07,Genoa,1631.38598633
2016-12-08,Genoa,1631.96801758
2016-12-09,Genoa,1634.0345459
2016-12-10,Genoa,1628.07495117
2016-12-11,Genoa,1628.07495117
2016-12-12,Genoa,1620.29187012
2016-12-16,Genoa,1628.2421875
2016-12-18,Genoa,1628.2421875
2016-12-19,Genoa,1614.80810547
2016-12-21,Genoa,1614.80810547
2016-12-22,Genoa,1614.80810547
2016-12-23,Genoa,1609.34777832
2017-01-01,Genoa,1609.34777832
2017-01-04,Genoa,1609.34777832
2017-01-08,Genoa,1609.34777832
2017-01-09,Genoa,1603.78979492
2017-01-16,Genoa,1590.68225098
2017-01-23,Genoa,1584.75219727
2017-01-30,Genoa,1590.16699219
2017-02-06,Genoa,1580.41357422
2017-02-11,Genoa,1577.85766602
2017-02-16,Genoa,1577.06750488
2017-02-17,Genoa,1586.67150879
2017-02-20,Genoa,1564.1751709
2017-02-23,Genoa,1566.70874023
2017-02-24,Genoa,1558.72290039
2017-02-27,Genoa,1555.89746094
2017-03-06,Genoa,1569.23669434
2017-03-08,Genoa,1568.23852539
2017-03-10,Genoa,1564.57617188
2017-03-12,Genoa,1555.36035156
2017-03-15,Genoa,1555.90930176
2017-03-17,Genoa,1554.5435791
2017-03-19,Genoa,1551.28808594
2017-04-03,Genoa,1535.9498291
2017-04-10,Genoa,1526.69274902
2017-04-12,Genoa,1533.01013184
2017-04-16,Genoa,1536.07104492
2017-04-20,Genoa,1537.93273926
2017-04-24,Genoa,1536.52246094
2017-05-01,Genoa,1527.05126953
2017-05-04,Genoa,1530.73815918
2017-05-08,Genoa,1540.96228027
2017-05-10,Genoa,1541.59558105
2017-05-15,Genoa,1533.81506348
2017-05-22,Genoa,1542.80224609
2017-05-29,Genoa,1541.42822266
2017-06-04,Genoa,1538.28173828
2017-07-28,Genoa,1539.04931641
2017-08-04,Genoa,1539.73059082
2017-08-17,Genoa,1541.32556152
2017-08-18,Genoa,1542.2520752
2017-08-21,Genoa,1546.55480957
2017-08-23,Genoa,1547.92736816
2017-08-25,Genoa,1548.04016113
2017-08-27,Genoa,1545.53356934
2017-09-11,Genoa,1539.58984375
2017-09-13,Genoa,1537.37023926
2017-09-14,Genoa,1534.46679688
2017-09-15,Genoa,1545.65344238
2017-09-18,Genoa,1540.4185791
2017-09-21,Genoa,1539.18798828
2017-09-25,Genoa,1536.76428223
2017-09-27,Genoa,1537.27941895
2017-09-28,Genoa,1538.81311035
2017-09-29,Genoa,1541.49731445
2017-10-01,Genoa,1532.55810547
2017-10-16,Genoa,1543.22497559
2017-10-18,Genoa,1541.48242188
2017-10-19,Genoa,1543.74401855
2017-10-20,Genoa,1546.59118652
2017-10-23,Genoa,1552.25683594
2017-10-26,Genoa,1550.13818359
2017-10-30,Genoa,1542.71875
2017-11-01,Genoa,1545.34509277
2017-11-02,Genoa,1540.86279297
2017-11-03,Genoa,1540.1907959
2017-11-05,Genoa,1530.27709961
2017-11-20,Genoa,1540.140625
2017-11-22,Genoa,1541.98596191
2017-11-23,Genoa,1539.31408691
2017-11-24,Genoa,1544.87939453
2017-11-27,Genoa,1551.56762695
2017-12-05,Genoa,1560.37902832
2017-12-06,Genoa,1562.13232422
2017-12-07,Genoa,1557.39025879
2017-12-08,Genoa,1549.8190918
2017-12-13,Genoa,1544.7286377
2017-12-18,Genoa,1549.93164062
2017-12-24,Genoa,1553.80187988
2017-12-31,Genoa,1558.16931152
2018-01-07,Genoa,1565.9876709
2018-01-23,Genoa,1565.05065918
2018-01-29,Genoa,1556.8314209
2018-02-06,Genoa,1570.73608398
2018-02-12,Genoa,1579.75402832
2018-02-14,Genoa,1577.89465332
2018-02-16,Genoa,1571.58764648
2018-02-18,Genoa,1587.28356934
2018-02-22,Genoa,1585.85791016
2018-02-23,Genoa,1590.82824707
2018-02-25,Genoa,1580.54748535
2018-03-08,Genoa,1585.70275879
2018-03-09,Genoa,1580.40393066
2018-03-12,Genoa,1574.16381836
2018-03-14,Genoa,1577.56640625
2018-03-16,Genoa,1582.05480957
2018-03-19,Genoa,1580.41394043
2018-04-01,Genoa,1577.35168457
2018-04-04,Genoa,1577.86560059
2018-04-05,Genoa,1576.31713867
2018-04-06,Genoa,1579.43652344
2018-04-08,Genoa,1582.34143066
2018-04-11,Genoa,1589.10632324
2018-04-12,Genoa,1591.49157715
2018-04-13,Genoa,1584.57348633
2018-04-15,Genoa,1589.86706543
2018-04-19,Genoa,1587.80407715
2018-04-24,Genoa,1594.22338867
2018-04-25,Genoa,1590.99584961
2018-04-30,Genoa,1586.00585938
2018-05-03,Genoa,1586.97363281
2018-05-07,Genoa,1580.31408691
2018-05-13,Genoa,1570.09521484
2018-05-21,Genoa,1563.2121582
2018-07-27,Genoa,1562.04284668
2018-08-03,Genoa,1563.49719238
2018-08-10,Genoa,1563.92529297
2018-08-17,Genoa,1563.99719238
2018-08-24,Genoa,1562.64465332
2018-08-27,Genoa,1570.05419922
2018-08-31,Genoa,1568.65222168
2018-09-03,Genoa,1560.56567383
2018-09-17,Genoa,1566.41430664
2018-09-19,Genoa,1569.18969727
2018-09-20,Genoa,1570.96740723
2018-09-21,Genoa,1572.08288574
2018-09-24,Genoa,1567.59204102
2018-09-27,Genoa,1575.99084473
2018-10-01,Genoa,1583.45129395
2018-10-03,Genoa,1585.3527832
2018-10-04,Genoa,1591.17236328
2018-10-05,Genoa,1587.69592285
2018-10-08,Genoa,1571.18237305
2018-10-21,Genoa,1580.07519531
2018-10-24,Genoa,1584.90905762
2018-10-25,Genoa,1585.25085449
2018-10-26,Genoa,1585.70715332
2018-10-29,Genoa,1583.38427734
2018-11-01,Genoa,1580.24560547
2018-11-04,Genoa,1575.24914551
2018-11-07,Genoa,1575.6583252
2018-11-08,Genoa,1573.3125
2018-11-09,Genoa,1575.1373291
2018-11-11,Genoa,1572.33618164
2018-11-26,Genoa,1572.06787109
2018-11-28,Genoa,1569.34228516
2018-11-29,Genoa,1569.28308105
2018-11-30,Genoa,1563.82775879
2018-12-03,Genoa,1560.14050293
2018-12-10,Genoa,1557.8885498
2018-12-12,Genoa,1554.79260254
2018-12-13,Genoa,1546.3112793
2018-12-14,Genoa,1538.55578613
2018-12-17,Genoa,1536.4753418
2018-12-23,Genoa,1551.51757812
2018-12-27,Genoa,1545.16235352
2018-12-30,Genoa,1546.79699707
2019-01-22,Genoa,1538.36853027
2019-01-29,Genoa,1551.98120117
2019-02-04,Genoa,1551.77209473
2019-02-11,Genoa,1552.20019531
2019-02-13,Genoa,1553.51794434
2019-02-15,Genoa,1552.68103027
2019-02-18,Genoa,1563.02978516
2019-02-21,Genoa,1556.87658691
2019-02-22,Genoa,1558.23754883
2019-02-25,Genoa,1557.93981934
2019-03-04,Genoa,1554.15209961
2019-03-07,Genoa,1549.58642578
2019-03-08,Genoa,1554.42333984
2019-03-10,Genoa,1546.90258789
2019-03-13,Genoa,1554.47644043
2019-03-15,Genoa,1549.05773926
2019-03-18,Genoa,1572.06848145
2019-03-31,Genoa,1561.61437988
2019-04-04,Genoa,1550.72668457
2019-04-08,Genoa,1558.56286621
2019-04-11,Genoa,1558.79614258
2019-04-12,Genoa,1555.88220215
2019-04-15,Genoa,1549.60107422
2019-04-17,Genoa,1543.03735352
2019-04-19,Genoa,1541.17407227
2019-04-21,Genoa,1534.66271973
2019-04-29,Genoa,1537.24316406
2019-05-06,Genoa,1540.97375488
2019-05-12,Genoa,1538.43920898
2019-05-19,Genoa,1536.66455078
2019-05-27,Genoa,1540.24609375
2019-07-26,Genoa,1540.68566895
2019-08-02,Genoa,1540.90393066
2019-08-09,Genoa,1542.4864502
2019-08-16,Genoa,1542.54150391
2019-08-23,Genoa,1539.26330566
2019-08-26,Genoa,1545.97131348
2019-08-30,Genoa,1544.66052246
2019-09-02,Genoa,1552.0513916
2019-09-16,Genoa,1546.98303223
2019-09-18,Genoa,1551.55090332
2019-09-19,Genoa,1546.87365723
2019-09-20,Genoa,1545.58837891
2019-09-21,Genoa,1535.91503906
2019-09-26,Genoa,1535.19116211
2019-09-30,Genoa,1527.42260742
2019-10-02,Genoa,1526.10229492
2019-10-03,Genoa,1524.33728027
2019-10-04,Genoa,1525.18200684
2019-10-06,Genoa,1519.11010742
2019-10-21,Genoa,1505.23950195
2019-10-23,Genoa,1504.92175293
2019-10-24,Genoa,1512.07336426
2019-10-25,Genoa,1508.26550293
2019-10-27,Genoa,1516.59545898
2019-10-31,Genoa,1515.59436035
2019-11-04,Genoa,1502.30395508
2019-11-06,Genoa,1499.67236328
2019-11-07,Genoa,1502.90856934
2019-11-08,Genoa,1496.7479248
2019-11-10,Genoa,1504.57958984
2019-11-26,Genoa,1506.72924805
2019-11-27,Genoa,1511.53125
2019-11-28,Genoa,1517.77380371
2019-11-29,Genoa,1522.60241699
2019-12-01,Genoa,1516.00500488
2019-12-09,Genoa,1517.73474121
2019-12-11,Genoa,1517.48010254
2019-12-12,Genoa,1526.83996582
2019-12-13,Genoa,1519.84729004
2019-12-15,Genoa,1511.30664062
2019-12-22,Genoa,1508.02978516
2020-01-06,Genoa,1516.39025879
2020-01-13,Genoa,1509.4654541
2020-01-20,Genoa,1503.72314453
2020-01-26,Genoa,1508.18603516
2020-02-03,Genoa,1515.61181641
2020-02-10,Genoa,1524.37329102
2020-02-16,Genoa,1544.52380371
2020-02-20,Genoa,1549.83764648
2020-02-21,Genoa,1552.484375
2020-02-24,Genoa,1548.19812012
2020-02-26,Genoa,1548.26086426
2020-02-27,Genoa,1545.86962891
2020-02-28,Genoa,1547.32617188
2020-03-09,Genoa,1560.1171875
2020-03-11,Genoa,1561.91223145
2020-06-24,Genoa,1546.55310059
2020-06-28,Genoa,1545.6114502
2020-07-01,Genoa,1542.90649414
2020-07-06,Genoa,1545.24035645
2020-07-09,Genoa,1541.39941406
2020-07-13,Genoa,1549.05957031
2020-07-17,Genoa,1539.50061035
2020-07-20,Genoa,1544.97802734
2020-07-23,Genoa,1555.94396973
2020-07-26,Genoa,1549.33886719
2020-07-30,Genoa,1539.00695801
2020-08-03,Genoa,1551.64868164
2020-08-06,Genoa,1554.94018555
2020-08-07,Genoa,1551.68444824
2020-08-08,Genoa,1549.24243164
2020-08-09,Genoa,1547.5592041
2020-08-11,Genoa,1550.17602539
2020-08-13,Genoa,1548.05688477
2020-08-18,Genoa,1553.59655762
2020-08-22,Genoa,1550.65429688
2020-09-18,Genoa,1550.95129395
2020-09-21,Genoa,1560.7923584
2020-09-25,Genoa,1561.43981934
2020-09-28,Genoa,1555.06860352
2020-10-02,Genoa,1553.32116699
2020-10-20,Genoa,1554.64953613
2020-10-21,Genoa,1562.08422852
2020-10-22,Genoa,1563.34277344
2020-10-23,Genoa,1563.40246582
2020-10-25,Genoa,1559.22119141
2020-10-28,Genoa,1557.98144531
2020-10-29,Genoa,1554.36352539
2020-10-30,Genoa,1556.06652832
2020-11-02,Genoa,1559.35900879
2020-11-04,Genoa,1553.82897949
2020-11-05,Genoa,1547.15344238
2020-11-06,Genoa,1543.36364746
2020-11-09,Genoa,1538.03747559
2020-11-23,Genoa,1531.71289062
2020-11-25,Genoa,1534.85205078
2020-11-26,Genoa,1538.20471191
2020-11-27,Genoa,1541.02746582
2020-12-01,Genoa,1532.8494873
2020-12-02,Genoa,1533.66015625
2020-12-03,Genoa,1536.70166016
2020-12-04,Genoa,1538.71081543
2020-12-08,Genoa,1542.10546875
2020-12-09,Genoa,1547.35864258
2020-12-10,Genoa,1548.7890625
2020-12-11,Genoa,1542.36291504
2020-12-14,Genoa,1539.41162109
2020-12-17,Genoa,1545.24353027
2020-12-21,Genoa,1535.65600586
2020-12-24,Genoa,1543.4152832
2021-01-04,Genoa,1547.70214844
2021-01-07,Genoa,1543.48522949
2021-01-10,Genoa,1555.6673584
2021-01-18,Genoa,1562.89306641
2021-01-25,Genoa,1570.02270508
2021-02-01,Genoa,1582.83837891
2021-02-07,Genoa,1594.58483887
2021-02-14,Genoa,1595.32470703
2021-02-15,Genoa,1595.32470703
2021-02-18,Genoa,1593.38720703
2021-02-19,Genoa,1592.14086914
2021-02-21,Genoa,1591.51477051
2021-02-24,Genoa,1590.37646484
2021-02-25,Genoa,1588.49316406
2021-02-26,Genoa,1591.09484863
2021-02-27,Genoa,1591.09484863
2021-02-28,Genoa,1591.09484863
2021-03-01,Genoa,1587.9251709
2021-03-04,Genoa,1587.78845215
2021-03-08,Genoa,1584.62768555
2021-03-10,Genoa,1583.25183105
2021-03-12,Genoa,1589.13659668
2021-03-14,Genoa,1589.30957031
2021-03-17,Genoa,1586.86120605
2021-03-18,Genoa,1586.84997559
2021-03-19,Genoa,1585.70532227
2021-03-20,Genoa,1593.41784668
2021-03-21,Genoa,1593.41784668
2021-03-22,Genoa,1593.41784668
2021-03-31,Genoa,1593.41784668
2021-04-04,Genoa,1593.16455078
2021-04-09,Genoa,1596.38464355
2021-04-12,Genoa,1593.20397949
2021-04-16,Genoa,1594.21618652
2021-04-19,Genoa,1591.1114502
2021-04-22,Genoa,1588.5925293
2021-04-25,Genoa,1596.42114258
2021-04-30,Genoa,1594.24621582
2021-05-03,Genoa,1591.10070801
2021-05-07,Genoa,1591.56469727
2021-05-10,Genoa,1584.69909668
2021-05-13,Genoa,1598.74145508
2021-05-16,Genoa,1595.47961426
2021-05-17,Genoa,1595.47961426
2021-05-21,Genoa,1595.47961426
2021-05-23,Genoa,1604.8112793
2021-06-03,Genoa,1604.8112793
2021-08-01,Genoa,1604.8112793
2021-08-04,Genoa,1604.8112793
2021-08-13,Genoa,1604.8112793
2021-08-15,Genoa,1604.8112793
2021-08-16,Genoa,1604.8112793
2021-08-19,Genoa,1604.8112793
2021-08-20,Genoa,1605.60009766
2021-08-22,Genoa,1602.19177246
2021-08-23,Genoa,1602.19177246
2021-08-27,Genoa,1603.30322266
2021-08-28,Genoa,1603.30322266
2021-08-30,Genoa,1599.15710449
2021-09-13,Genoa,1607.89453125
2021-09-14,Genoa,1607.89453125
2021-09-15,Genoa,1611.1887207
2021-09-16,Genoa,1606.72668457
2021-09-17,Genoa,1604.88208008
2021-09-18,Genoa,1604.88208008
2021-09-19,Genoa,1596.67980957
2021-09-22,Genoa,1598.01220703
2021-09-24,Genoa,1598.01220703
2021-09-26,Genoa,1596.4041748
2021-09-29,Genoa,1591.91833496
2021-09-30,Genoa,1596.4708252
2021-10-01,Genoa,1594.86474609
2021-10-02,Genoa,1594.86474609
2021-10-03,Genoa,1584.40246582
2021-10-18,Genoa,1585.84960938
2021-10-20,Genoa,1583.92272949
2021-10-21,Genoa,1584.21325684
2021-10-22,Genoa,1575.08703613
2021-10-23,Genoa,1568.3145752
2021-10-27,Genoa,1568.00976562
2021-11-01,Genoa,1564.16918945
2021-11-03,Genoa,1565.92980957
2021-11-04,Genoa,1566.14404297
2021-11-05,Genoa,1566.17236328
2021-11-06,Genoa,1567.140625
2021-11-22,Genoa,1559.3013916
2021-11-24,Genoa,1555.90319824
2021-11-25,Genoa,1556.26074219
2021-11-26,Genoa,1561.43249512
2021-11-29,Genoa,1563.44628906
2021-12-02,Genoa,1557.44274902
2021-12-06,Genoa,1554.57385254
2021-12-08,Genoa,1550.53430176
2021-12-09,Genoa,1551.09362793
2021-12-10,Genoa,1548.35412598
2021-12-11,Genoa,1537.28662109
2021-12-18,Genoa,1532.22265625
2021-12-22,Genoa,1538.16235352
2022-01-07,Genoa,1542.23986816
2022-01-10,Genoa,1532.56066895
2022-01-18,Genoa,1520.46044922
2022-01-23,Genoa,1521.62976074
2022-02-06,Genoa,1527.21740723
2022-02-14,Genoa,1524.0020752
2022-02-17,Genoa,1521.76757812
2022-02-18,Genoa,1522.6697998
2022-02-21,Genoa,1522.63647461
2022-02-23,Genoa,1523.26086426
2022-02-25,Genoa,1520.65209961
2022-02-26,Genoa,1527.69140625
2022-03-07,Genoa,1527.26306152
2022-03-09,Genoa,1527.93554688
2022-03-11,Genoa,1530.14465332
2022-03-14,Genoa,1537.00817871
2022-03-17,Genoa,1530.24230957
2022-03-18,Genoa,1534.04150391
2022-03-19,Genoa,1542.98205566
2022-04-05,Genoa,1537.85168457
2022-04-08,Genoa,1537.1854248
2022-04-11,Genoa,1528.83569336
2022-04-15,Genoa,1529.4309082
2022-04-16,Genoa,1526.44799805
2022-04-25,Genoa,1533.73925781
2022-04-29,Genoa,1534.52685547
2022-05-01,Genoa,1528.14562988
2022-05-06,Genoa,1531.25195312
2022-05-07,Genoa,1545.33630371
2022-05-16,Genoa,1541.38647461
2022-05-22,Genoa,1533.36669922
2022-05-26,Genoa,1536.02307129
2022-07-02,Genoa,1536.02307129
2022-08-15,Genoa,1543.60644531
2022-08-19,Genoa,1544.71337891
2022-08-21,Genoa,1541.8347168
2022-08-26,Genoa,1543.62585449
2022-08-29,Genoa,1550.32287598
2022-09-04,Genoa,1546.32299805
2022-09-07,Genoa,1544.50769043
2022-09-08,Genoa,1548.02880859
2022-09-09,Genoa,1543.94555664
2022-09-10,Genoa,1531.94006348
2022-09-14,Genoa,1534.03125
2022-09-15,Genoa,1536.08398438
2022-09-16,Genoa,1523.19152832
2022-09-18,Genoa,1526.08203125
2022-10-02,Genoa,1534.94238281
2022-10-05,Genoa,1545.81774902
2022-10-06,Genoa,1543.65478516
2022-10-07,Genoa,1541.59692383
2022-10-08,Genoa,1539.13085938
2022-10-12,Genoa,1529.62194824
2022-10-13,Genoa,1533.50927734
2022-10-14,Genoa,1533.8182373
2022-10-16,Genoa,1538.30944824
2022-10-23,Genoa,1544.67138672
2022-10-26,Genoa,1547.05187988
2022-10-27,Genoa,1549.78833008
2022-10-28,Genoa,1553.14038086
2022-10-30,Genoa,1549.68078613
2022-11-02,Genoa,1546.04199219
2022-11-03,Genoa,1546.99804688
2022-11-04,Genoa,1546.79699707
2022-11-08,Genoa,1535.89880371
2022-11-14,Genoa,1530.13598633
2022-11-28,Genoa,1518.67382812
2022-12-05,Genoa,1506.39990234
2022-12-09,Genoa,1512.36950684
2022-12-12,Genoa,1511.45239258
2022-12-19,Genoa,1518.36950684
2022-12-27,Genoa,1525.22143555
2023-01-17,Genoa,1529.87841797
2023-01-22,Genoa,1536.91259766
2023-01-29,Genoa,1533.93273926
2023-02-06,Genoa,1519.71374512
2023-02-11,Genoa,1526.15551758
2023-02-15,Genoa,1527.62524414
2023-02-17,Genoa,1532.9317627
2023-02-20,Genoa,1530.34558105
2023-02-22,Genoa,1532.29943848
2023-02-23,Genoa,1533.64685059
2023-02-24,Genoa,1544.16040039
2023-02-26,Genoa,1550.92565918
2023-03-02,Genoa,1550.56604004
2023-03-07,Genoa,1556.0489502
2023-03-08,Genoa,1553.09460449
2023-03-09,Genoa,1555.69836426
2023-03-10,Genoa,1560.09204102
2023-03-13,Genoa,1563.7244873
2023-03-15,Genoa,1565.67333984
2023-03-16,Genoa,1566.85144043
2023-03-17,Genoa,1569.89221191
2023-03-19,Genoa,1578.61083984
2023-04-01,Genoa,1582.00756836
2023-04-11,Genoa,1579.13305664
2023-04-12,Genoa,1583.03173828
2023-04-14,Genoa,1584.51159668
2023-04-16,Genoa,1589.78295898
2023-04-20,Genoa,1590.62866211
2023-04-21,Genoa,1597.76184082
2023-04-23,Genoa,1602.7154541
2023-05-02,Genoa,1600.19250488
2023-05-07,Genoa,1604.09997559
2023-05-12,Genoa,1601.55334473
2023-05-14,Genoa,1593.96166992
2023-05-19,Genoa,1596.29821777
2023-05-20,Genoa,1601.21643066
2023-06-01,Genoa,1601.04968262
2023-06-08,Genoa,1598.56774902
2023-06-11,Genoa,1597.38317871
2023-07-02,Genoa,1597.38317871
2023-08-20,Genoa,1587.78466797
2023-08-25,Genoa,1586.51989746
2023-08-28,Genoa,1600.09350586
2023-09-01,Genoa,1601.92626953
2023-09-04,Genoa,1596.85144043
2023-09-17,Genoa,1603.06311035
2023-09-20,Genoa,1602.65258789
2023-09-21,Genoa,1603.52526855
2023-09-22,Genoa,1605.23010254
2023-09-23,Genoa,1598.47094727
2023-09-29,Genoa,1618.63110352
2023-10-01,Genoa,1618.63110352
2023-10-02,Genoa,1620.23706055
2023-10-03,Genoa,1620.23706055
2023-10-04,Genoa,1618.27722168
2023-10-05,Genoa,1621.11108398
2023-10-06,Genoa,1622.32971191
2023-10-07,Genoa,1622.32971191
2023-10-08,Genoa,1618.64208984
2023-10-09,Genoa,1618.64208984
2023-10-22,Genoa,1618.64208984
2023-10-23,Genoa,1613.65270996
2023-10-24,Genoa,1613.65270996
2023-10-25,Genoa,1615.89440918
2023-10-26,Genoa,1609.04614258
2023-10-27,Genoa,1610.19348145
2023-10-28,Genoa,1616.26062012
2023-10-29,Genoa,1616.26062012
2023-10-30,Genoa,1616.26062012
2023-10-31,Genoa,1616.26062012
2023-11-04,Genoa,1616.26062012
2023-11-05,Genoa,1616.26062012
2023-11-06,Genoa,1607.60949707
2023-11-08,Genoa,1611.73156738
2023-11-09,Genoa,1610.89306641
2023-11-10,Genoa,1607.72961426
2023-11-11,Genoa,1614.54638672
2023-11-13,Genoa,1614.54638672
2023-11-19,Genoa,1614.54638672
2023-11-26,Genoa,1614.54638672
2023-11-27,Genoa,1607.29785156
2023-11-29,Genoa,1604.45056152
2023-11-30,Genoa,1602.09216309
2023-12-01,Genoa,1600.61633301
2023-12-03,Genoa,1599.34985352
2023-12-11,Genoa,1593.89794922
2023-12-13,Genoa,1593.6541748
2023-12-14,Genoa,1595.58630371
2023-12-15,Genoa,1597.36242676
2023-12-16,Genoa,1602.63061523
2023-12-23,Genoa,1612.68823242
2023-12-30,Genoa,1619.31726074
2024-01-01,Genoa,1619.31726074
2024-01-06,Genoa,1623.7677002
2024-01-07,Genoa,1623.7677002
2024-01-08,Genoa,1623.7677002
2024-01-14,Genoa,1624.72668457
2024-01-15,Genoa,1624.72668457
2024-01-21,Genoa,1624.72668457
2024-01-22,Genoa,1632.95141602
2024-01-27,Genoa,1632.95141602
2024-01-29,Genoa,1638.78552246
2024-02-04,Genoa,1639.21240234
2024-02-05,Genoa,1639.21240234
2024-02-06,Genoa,1639.21240234
2024-02-12,Genoa,1629.43811035
2024-02-15,Genoa,1630.77868652
2024-02-16,Genoa,1633.56872559
2024-02-18,Genoa,1639.45935059
2024-02-21,Genoa,1640.13427734
2024-02-22,Genoa,1639.51318359
2024-02-23,Genoa,1638.54858398
2024-02-25,Genoa,1648.49157715
2024-02-26,Genoa,1648.49157715
2024-02-27,Genoa,1648.49157715
2024-03-03,Genoa,1648.49157715
2024-03-05,Genoa,1647.05151367
2024-03-06,Genoa,1643.86572266
2024-03-07,Genoa,1644.55603027
2024-03-08,Genoa,1651.89538574
2024-03-10,Genoa,1643.10717773
2024-03-11,Genoa,1643.10717773
2024-03-12,Genoa,1643.10717773
2024-03-13,Genoa,1639.9284668
2024-03-14,Genoa,1637.5958252
2024-03-15,Genoa,1642.18457031
2024-03-17,Genoa,1642.18457031
2024-03-18,Genoa,1648.00256348
2024-03-31,Genoa,1644.6027832
2024-04-07,Genoa,1644.6027832
2024-04-08,Genoa,1652.91296387
2024-04-12,Genoa,1660.13696289
2024-04-13,Genoa,1660.13696289
2024-04-14,Genoa,1660.13696289
2024-04-16,Genoa,1663.6418457
2024-04-18,Genoa,1663.6418457
2024-04-19,Genoa,1664.98815918
2024-04-20,Genoa,1658.36975098
2024-04-24,Genoa,1658.36975098
2024-04-25,Genoa,1658.36975098
2024-04-28,Genoa,1658.36975098
2024-04-30,Genoa,1668.94299316
2024-05-03,Genoa,1667.80029297
2024-05-04,Genoa,1667.80029297
2024-05-06,Genoa,1673.6027832
2024-05-09,Genoa,1675.54272461
2024-05-10,Genoa,1678.07226562
2024-05-12,Genoa,1678.07226562
2024-05-13,Genoa,1683.26367188
2024-05-14,Genoa,1683.26367188
2024-05-19,Genoa,1683.26367188
2024-05-20,Genoa,1679.33300781
2024-05-23,Genoa,1684.73681641
2024-05-25,Genoa,1699.63757324
2024-05-26,Genoa,1699.63757324
2024-05-27,Genoa,1699.63757324
2024-05-30,Genoa,1696.19250488
2024-07-28,Genoa,1696.19250488
2024-08-03,Genoa,1696.19250488
2024-08-08,Genoa,1696.19250488
2024-08-12,Genoa,1696.19250488
2024-08-14,Genoa,1696.19250488
2024-08-18,Genoa,1701.92797852
2024-08-23,Genoa,1701.26696777
2024-08-25,Genoa,1709.72131348
2024-08-26,Genoa,1709.72131348
2024-08-28,Genoa,1709.72131348
2024-08-30,Genoa,1706.29833984
2024-09-02,Genoa,1690.64916992
2024-09-16,Genoa,1692.17114258
2024-09-18,Genoa,1690.85595703
2024-09-19,Genoa,1690.38549805
2024-09-20,Genoa,1690.45727539
2024-09-22,Genoa,1675.59484863
2024-09-23,Genoa,1675.59484863
2024-09-26,Genoa,1678.28503418
2024-09-27,Genoa,1677.25744629
2024-09-29,Genoa,1667.78552246
2024-09-30,Genoa,1667.78552246
2024-10-02,Genoa,1667.19104004
2024-10-03,Genoa,1671.36279297
2024-10-04,Genoa,1669.53820801
2024-10-06,Genoa,1663.70910645
2024-10-20,Genoa,1665.13952637
2024-10-21,Genoa,1665.13952637
2024-10-22,Genoa,1665.13952637
2024-10-23,Genoa,1660.88098145
2024-10-24,Genoa,1659.17456055
2024-10-25,Genoa,1663.68444824
2024-10-28,Genoa,1656.93896484
2024-10-31,Genoa,1656.93896484
2024-11-01,Genoa,1651.16711426
2024-11-02,Genoa,1651.16711426
2024-11-03,Genoa,1651.16711426
2024-11-05,Genoa,1658.56945801
2024-11-06,Genoa,1661.82177734
2024-11-07,Genoa,1667.03417969
2024-11-08,Genoa,1659.13208008
2024-11-10,Genoa,1659.13208008
2024-11-11,Genoa,1659.13208008
2024-11-24,Genoa,1659.13208008
2024-11-25,Genoa,1656.41235352
2024-11-27,Genoa,1659.03491211
2024-11-28,Genoa,1656.37963867
2024-11-29,Genoa,1655.51062012
2024-11-30,Genoa,1655.51062012
2024-12-02,Genoa,1669.14941406
2024-12-05,Genoa,1669.14941406
2024-12-08,Genoa,1669.16992188
2024-12-11,Genoa,1663.74572754
2024-12-12,Genoa,1669.63745117
2024-12-13,Genoa,1674.83874512
2024-12-16,Genoa,1680.16442871
2024-12-20,Genoa,1679.15771484
2024-12-21,Genoa,1679.15771484
2024-12-22,Genoa,1673.78601074
2024-12-24,Genoa,1673.78601074
2024-12-27,Genoa,1673.78601074
2024-12-29,Genoa,1682.75366211
2024-12-30,Genoa,1682.75366211
2025-01-01,Genoa,1682.75366211
2025-01-06,Genoa,1681.56750488
2025-01-07,Genoa,1681.56750488
2025-01-12,Genoa,1681.56750488
2025-01-13,Genoa,1686.84191895
2025-01-15,Genoa,1686.84191895
2025-01-18,Genoa,1679.49243164
2025-01-19,Genoa,1679.49243164
2025-01-20,Genoa,1679.49243164
2025-01-21,Genoa,1679.49243164
2025-01-22,Genoa,1681.78820801
2025-01-23,Genoa,1683.54467773
2025-01-24,Genoa,1682.29711914
2025-01-27,Genoa,1682.29711914
2025-01-28,Genoa,1690.61999512
2025-01-30,Genoa,1683.54382324
2025-01-31,Genoa,1681.27893066
2025-02-03,Genoa,1676.15795898
2025-02-06,Genoa,1676.15795898
2025-02-09,Genoa,1678.58129883
2025-02-12,Genoa,1679.25354004
2025-02-13,Genoa,1677.11401367
2025-02-14,Genoa,1677.74084473
2025-02-17,Genoa,1677.74084473
2025-02-18,Genoa,1683.67114258
2025-02-19,Genoa,1672.9317627
2025-02-20,Genoa,1668.71704102
2025-02-21,Genoa,1670.60644531
2025-02-22,Genoa,1670.60644531
2025-02-23,Genoa,1668.66809082
2025-03-03,Genoa,1665.21984863
2025-03-05,Genoa,1665.21984863
2025-03-06,Genoa,1666.40075684
2025-03-07,Genoa,1667.24255371
2025-03-08,Genoa,1666.65344238
2025-03-09,Genoa,1666.65344238
2025-03-10,Genoa,1666.65344238
2025-03-12,Genoa,1667.10595703
2025-03-13,Genoa,1667.10595703
2025-03-14,Genoa,1665.31689453
2025-03-15,Genoa,1670.5625
2025-03-16,Genoa,1670.5625
2025-03-17,Genoa,1670.5625
2025-03-30,Genoa,1666.51013184
2025-04-05,Genoa,1673.4354248
2025-04-06,Genoa,1673.4354248
2025-04-09,Genoa,1675.54956055
2025-04-10,Genoa,1675.54956055
2025-04-11,Genoa,1672.76904297
2025-04-12,Genoa,1672.76904297
2025-04-13,Genoa,1672.76904297
2025-04-14,Genoa,1672.16845703
2025-04-17,Genoa,1672.4888916
2025-04-18,Genoa,1673.63330078
2025-04-24,Genoa,1664.35253906
2025-04-25,Genoa,1664.35253906
2025-04-28,Genoa,1656.52893066
2025-05-01,Genoa,1657.33959961
2025-05-02,Genoa,1656.31262207
2025-05-04,Genoa,1656.31262207
2025-05-05,Genoa,1656.31262207
2025-05-06,Genoa,1650.27416992
2025-05-07,Genoa,1652.55078125
2025-05-09,Genoa,1650.41772461
2025-05-10,Genoa,1650.41772461
2025-05-11,Genoa,1650.41772461
2025-05-12,Genoa,1656.54724121
2025-05-18,Genoa,1652.25146484
2025-05-19,Genoa,1652.25146484
2025-05-25,Genoa,1669.79772949
2025-06-01,Genoa,1664.29406738
2025-07-23,Genoa,1664.29406738
2025-07-25,Genoa,1664.29406738
2025-08-01,Genoa,1664.29406738
2025-08-11,Genoa,1664.29406738
2025-08-15,Genoa,1664.29406738
2025-08-16,Genoa,1664.29406738
2025-08-18,Genoa,1664.29406738
2025-08-22,Genoa,1664.47741699
2025-08-24,Genoa,1661.11364746
2025-08-25,Genoa,1661.11364746
2025-08-27,Genoa,1661.11364746
2025-08-29,Genoa,1661.23522949
2025-08-30,Genoa,1661.23522949
2025-08-31,Genoa,1661.23522949
2025-09-01,Genoa,1655.6640625
2025-09-13,Genoa,1655.6640625
2025-09-14,Genoa,1655.6640625
2025-09-15,Genoa,1655.6640625
2025-09-16,Genoa,1656.95336914
2025-09-17,Genoa,1656.14538574
2025-09-18,Genoa,1656.16687012
2025-09-19,Genoa,1654.44604492
2025-09-21,Genoa,1649.41748047
2025-09-22,Genoa,1649.41748047
2025-09-25,Genoa,1651.47436523
2025-09-26,Genoa,1650.26623535
2025-09-28,Genoa,1650.26623535
2025-09-29,Genoa,1650.26623535
2025-09-30,Genoa,1638.40979004
2025-10-01,Genoa,1640.61584473
2025-10-02,Genoa,1642.70825195
2025-10-03,Genoa,1638.22790527
2025-10-04,Genoa,1638.22790527
2025-10-05,Genoa,1638.22790527
2025-10-06,Genoa,1635.38513184
2025-10-18,Genoa,1635.38513184
2025-10-20,Genoa,1632.9552002
2025-10-22,Genoa,1631.43811035
2025-10-23,Genoa,1628.58789062
2025-10-24,Genoa,1626.45959473
2025-10-26,Genoa,1626.45959473
2025-10-27,Genoa,1620.48425293
2025-10-30,Genoa,1605.08288574
2025-10-31,Genoa,1605.08288574
2025-11-02,Genoa,1605.08288574
2025-11-04,Genoa,1614.53845215
2025-11-05,Genoa,1612.41906738
2025-11-06,Genoa,1615.32116699
2025-11-07,Genoa,1612.83874512
2025-11-10,Genoa,1613.65893555
2025-11-23,Genoa,1614.39038086
2025-11-26,Genoa,1617.20544434
2025-11-27,Genoa,1620.37280273
2025-11-28,Genoa,1618.04931641
2025-11-29,Genoa,1618.04931641
2025-11-30,Genoa,1623.63708496
2025-12-01,Genoa,1623.63708496
2025-12-07,Genoa,1623.63708496
2025-12-08,Genoa,1623.63708496
2025-12-09,Genoa,1633.11828613
2025-12-10,Genoa,1632.49584961
2025-12-11,Genoa,1630.17773438
2025-12-12,Genoa,1636.17175293
2025-12-13,Genoa,1636.17175293
2025-12-14,Genoa,1636.17175293
2025-12-15,Genoa,1633.19396973
2025-12-19,Genoa,1629.78466797
2025-12-22,Genoa,1624.59863281
2025-12-30,Genoa,1620.06188965
2026-01-01,Genoa,1620.06188965
2026-01-04,Genoa,1616.3536377
2026-01-05,Genoa,1616.3536377
2026-01-08,Genoa,1616.3536377
2026-01-09,Genoa,1622.53625488
2026-01-11,Genoa,1622.53625488
2026-01-12,Genoa,1622.53625488
2026-01-13,Genoa,1633.93078613
2026-01-19,Genoa,1634.37487793
2026-01-21,Genoa,1630.05993652
2026-01-22,Genoa,1628.73352051
2026-01-23,Genoa,1628.72192383
2026-01-25,Genoa,1628.72192383
2026-01-26,Genoa,1638.07849121
2026-01-28,Genoa,1638.07849121
2026-01-29,Genoa,1636.44152832
2026-01-30,Genoa,1636.84033203
2026-01-31,Genoa,1631.53295898
2026-02-01,Genoa,1631.53295898
2026-02-03,Genoa,1631.53295898
2026-02-08,Genoa,1626.42260742
2026-02-09,Genoa,1626.42260742
2026-02-10,Genoa,1626.42260742
2026-02-16,Genoa,1625.66247559
2026-02-18,Genoa,1619.04431152
2026-02-19,Genoa,1616.23449707
2026-02-20,Genoa,1619.61376953
2026-02-21,Genoa,1619.61376953
2026-02-22,Genoa,1619.61376953
2026-02-23,Genoa,1632.04943848
2026-02-25,Genoa,1624.94958496
2026-02-26,Genoa,1629.64160156
2026-02-27,Genoa,1629.63427734
2026-03-01,Genoa,1626.80151367
2026-03-03,Genoa,1626.80151367
2026-03-08,Genoa,1626.80151367
2026-03-09,Genoa,1638.34973145
2026-03-11,Genoa,1636.69018555
2026-03-12,Genoa,1636.69018555
2026-03-13,Genoa,1637.24633789
2026-03-15,Genoa,1637.24633789
2026-03-16,Genoa,1646.11938477
2026-03-17,Genoa,1646.11938477
2026-03-19,Genoa,1645.24291992
2026-03-20,Genoa,1647.11828613
2026-03-21,Genoa,1632.83935547
2026-03-22,Genoa,1632.83935547
2026-04-05,Genoa,1632.83935547
2026-04-06,Genoa,1632.83935547
2026-04-07,Genoa,1627.73278809
2026-04-10,Genoa,1624.39001465
2026-04-12,Genoa,1624.39001465
2026-04-13,Genoa,1631.36193848
2026-04-15,Genoa,1631.36193848
2026-04-17,Genoa,1629.72888184
2026-04-18,Genoa,1629.72888184
2026-04-19,Genoa,1629.72888184
2026-04-20,Genoa,1635.51098633
2026-04-22,Genoa,1635.51098633
2026-04-27,Genoa,1625.93908691
2026-05-03,Genoa,1631.14331055
2026-05-04,Genoa,1631.14331055
2026-05-07,Genoa,1631.14331055
2026-05-08,Genoa,1631.14331055
2026-05-10,Genoa,1631.14331055
2026-05-11,Genoa,1633.29614258
2026-05-13,Genoa,1633.29614258
2026-05-14,Genoa,1633.29614258
2026-05-17,Genoa,1633.29614258
2026-05-18,Genoa,1627.00512695
2026-05-25,Genoa,1618.22717285
2026-06-08,Genoa,1618.22717285
