date_elo,team_elo,elo
1946-07-07,Torino,1722.61303711
1946-09-23,Torino,1719.81176758
1946-09-30,Torino,1730.57958984
1946-10-07,Torino,1727.58935547
1946-10-14,Torino,1721.79907227
1946-10-21,Torino,1719.88549805
1946-10-28,Torino,1735.89367676
1946-11-04,Torino,1749.86291504
1946-11-11,Torino,1761.86779785
1946-11-13,Torino,1769.51525879
1946-11-25,Torino,1785.60644531
1946-12-08,Torino,1787.60644531
1946-12-09,Torino,1791.69616699
1946-12-16,Torino,1792.38256836
1946-12-23,Torino,1800.54589844
1946-12-30,Torino,1813.64709473
1947-01-06,Torino,1821.77111816
1947-01-13,Torino,1825.22180176
1947-01-20,Torino,1813.35986328
1947-01-27,Torino,1822.49108887
1947-02-03,Torino,1818.94274902
1947-02-17,Torino,1825.48022461
1947-02-24,Torino,1831.19763184
1947-03-03,Torino,1820.12316895
1947-03-10,Torino,1823.81079102
1947-03-17,Torino,1833.37719727
1947-03-24,Torino,1838.50646973
1947-03-31,Torino,1843.3651123
1947-04-07,Torino,1842.94067383
1947-04-14,Torino,1849.46057129
1947-04-21,Torino,1856.22375488
1947-04-29,Torino,1859.22375488
1947-05-05,Torino,1868.63635254
1947-05-15,Torino,1871.63635254
1947-05-19,Torino,1874.1529541
1947-05-26,Torino,1885.97875977
1947-06-02,Torino,1889.3861084
1947-06-09,Torino,1894.77709961
1947-06-16,Torino,1892.76586914
1947-06-23,Torino,1896.44116211
1947-06-30,Torino,1902.90991211
1947-07-07,Torino,1914.78686523
1947-09-15,Torino,1918.09643555
1947-09-22,Torino,1906.98925781
1947-09-29,Torino,1909.04418945
1947-10-06,Torino,1921.7722168
1947-10-13,Torino,1924.39196777
1947-10-20,Torino,1928.85217285
1947-10-27,Torino,1923.38598633
1947-11-03,Torino,1913.64074707
1947-11-16,Torino,1884.64074707
1947-11-17,Torino,1886.765625
1947-11-24,Torino,1891.62927246
1947-12-01,Torino,1889.3536377
1947-12-08,Torino,1894.51647949
1947-12-19,Torino,1898.51647949
1947-12-22,Torino,1887.93054199
1947-12-29,Torino,1890.55151367
1948-01-02,Torino,1893.82421875
1948-01-05,Torino,1891.51818848
1948-01-12,Torino,1899.44152832
1948-01-19,Torino,1900.83288574
1948-01-26,Torino,1894.58105469
1948-02-02,Torino,1907.87084961
1948-02-16,Torino,1903.88195801
1948-02-23,Torino,1906.10949707
1948-03-01,Torino,1900.87683105
1948-03-08,Torino,1902.87158203
1948-03-15,Torino,1912.21313477
1948-03-22,Torino,1913.61804199
1948-03-29,Torino,1913.95385742
1948-04-06,Torino,1919.95385742
1948-04-12,Torino,1923.45397949
1948-04-18,Torino,1929.72106934
1948-04-26,Torino,1930.84313965
1948-05-03,Torino,1934.0177002
1948-05-07,Torino,1939.03210449
1948-05-10,Torino,1942.02868652
1948-05-18,Torino,1915.02868652
1948-05-24,Torino,1911.89562988
1948-05-28,Torino,1917.39672852
1948-05-31,Torino,1918.45251465
1948-06-07,Torino,1919.8795166
1948-06-14,Torino,1924.86987305
1948-06-21,Torino,1926.51879883
1948-06-28,Torino,1928.88146973
1948-09-20,Torino,1930.24121094
1948-09-27,Torino,1919.98571777
1948-10-04,Torino,1921.59301758
1948-10-11,Torino,1927.88708496
1948-10-18,Torino,1928.57507324
1948-10-25,Torino,1935.95776367
1948-11-01,Torino,1936.56921387
1948-11-05,Torino,1927.71472168
1948-11-08,Torino,1928.50915527
1948-11-15,Torino,1924.92675781
1948-11-22,Torino,1929.38635254
1948-11-29,Torino,1921.06262207
1948-12-06,Torino,1926.6751709
1948-12-13,Torino,1928.41662598
1948-12-20,Torino,1924.90490723
1948-12-27,Torino,1907.76916504
1948-12-30,Torino,1908.89526367
1949-01-07,Torino,1903.77246094
1949-01-10,Torino,1908.87280273
1949-01-17,Torino,1909.97644043
1949-01-24,Torino,1914.76013184
1949-01-28,Torino,1916.01403809
1949-01-31,Torino,1916.60791016
1949-02-07,Torino,1913.17687988
1949-02-14,Torino,1915.27148438
1949-02-21,Torino,1910.66113281
1949-03-06,Torino,1912.66113281
1949-03-07,Torino,1915.61682129
1949-03-14,Torino,1912.25
1949-03-21,Torino,1913.3795166
1949-04-03,Torino,1925.3795166
1949-04-04,Torino,1926.42333984
1949-04-11,Torino,1924.32092285
1949-04-18,Torino,1925.40905762
1949-04-25,Torino,1922.34716797
1949-05-01,Torino,1923.29541016
1949-05-16,Torino,1925.08569336
1949-05-23,Torino,1926.02734375
1949-05-26,Torino,1932.02734375
1949-05-30,Torino,1938.35546875
1949-06-13,Torino,1939.43566895
1949-06-17,Torino,1935.43566895
1949-06-30,Torino,1827.52282715
1949-07-03,Torino,1835.86279297
1949-09-12,Torino,1840.2520752
1949-09-19,Torino,1841.42028809
1949-09-26,Torino,1821.47509766
1949-10-03,Torino,1822.55029297
1949-10-10,Torino,1832.00598145
1949-10-17,Torino,1823.0098877
1949-10-21,Torino,1804.63977051
1949-10-24,Torino,1806.8326416
1949-10-31,Torino,1790.82324219
1949-11-07,Torino,1771.06164551
1949-11-14,Torino,1783.81787109
1949-11-21,Torino,1785.4107666
1949-12-05,Torino,1770.20678711
1949-12-09,Torino,1772.05749512
1949-12-12,Torino,1766.05944824
1949-12-19,Torino,1758.73742676
1949-12-27,Torino,1751.42382812
1950-01-02,Torino,1742.5826416
1950-01-09,Torino,1743.41235352
1950-01-16,Torino,1744.55810547
1950-01-24,Torino,1726.75231934
1950-01-30,Torino,1729.78015137
1950-02-06,Torino,1729.41137695
1950-02-13,Torino,1732.27709961
1950-02-20,Torino,1710.14953613
1950-02-24,Torino,1712.36877441
1950-02-27,Torino,1705.75317383
1950-03-13,Torino,1709.38671875
1950-03-20,Torino,1706.5612793
1950-03-27,Torino,1698.50231934
1950-04-10,Torino,1691.96386719
1950-04-17,Torino,1694.81164551
1950-04-26,Torino,1684.23486328
1950-05-01,Torino,1688.53503418
1950-05-08,Torino,1679.41088867
1950-05-15,Torino,1683.5135498
1950-05-22,Torino,1686.98303223
1950-05-29,Torino,1690.30969238
1950-06-15,Torino,1663.37121582
1950-06-17,Torino,1647.98791504
1950-09-11,Torino,1649.5723877
1950-09-18,Torino,1652.44567871
1950-09-25,Torino,1654.60241699
1950-10-02,Torino,1641.23596191
1950-10-09,Torino,1633.67333984
1950-10-16,Torino,1627.80700684
1950-10-23,Torino,1630.14282227
1950-10-30,Torino,1632.11486816
1950-11-06,Torino,1625.35900879
1950-11-13,Torino,1611.63769531
1950-11-20,Torino,1613.49438477
1950-11-27,Torino,1603.19018555
1950-12-04,Torino,1596.98498535
1950-12-11,Torino,1594.55163574
1950-12-18,Torino,1589.3684082
1951-01-01,Torino,1582.90429688
1951-01-05,Torino,1577.48669434
1951-01-08,Torino,1575.49145508
1951-01-15,Torino,1577.97961426
1951-01-22,Torino,1580.81054688
1951-01-29,Torino,1576.03405762
1951-02-05,Torino,1571.07250977
1951-02-12,Torino,1566.04077148
1951-02-19,Torino,1568.91564941
1951-02-26,Torino,1564.03100586
1951-03-05,Torino,1558.52209473
1951-03-12,Torino,1562.38110352
1951-03-19,Torino,1564.95336914
1951-03-26,Torino,1562.62768555
1951-04-02,Torino,1556.99890137
1951-04-16,Torino,1559.89147949
1951-04-23,Torino,1553.70056152
1951-04-30,Torino,1542.99230957
1951-05-14,Torino,1548.42248535
1951-05-21,Torino,1544.7713623
1951-05-28,Torino,1538.61169434
1951-06-11,Torino,1547.79382324
1951-06-18,Torino,1543.34216309
1951-06-21,Torino,1566.69494629
1951-06-25,Torino,1579.44506836
1951-09-10,Torino,1576.07177734
1951-09-17,Torino,1580.5994873
1951-09-24,Torino,1585.21875
1951-10-01,Torino,1572.81298828
1951-10-08,Torino,1571.36340332
1951-10-15,Torino,1576.6105957
1951-10-22,Torino,1564.68884277
1951-10-29,Torino,1559.89941406
1951-11-05,Torino,1546.17053223
1951-11-19,Torino,1556.8692627
1951-12-03,Torino,1559.55249023
1951-12-10,Torino,1577.30847168
1951-12-17,Torino,1583.14196777
1951-12-24,Torino,1586.75488281
1951-12-31,Torino,1581.25878906
1952-01-07,Torino,1577.80493164
1952-01-14,Torino,1564.52661133
1952-01-21,Torino,1559.90673828
1952-02-04,Torino,1567.91003418
1952-02-11,Torino,1571.88989258
1952-02-18,Torino,1577.01147461
1952-03-03,Torino,1572.66137695
1952-03-10,Torino,1582.36889648
1952-03-17,Torino,1571.77124023
1952-03-20,Torino,1575.39294434
1952-03-24,Torino,1573.39050293
1952-03-31,Torino,1571.33459473
1952-04-07,Torino,1564.82141113
1952-04-14,Torino,1571.28930664
1952-04-21,Torino,1568.82458496
1952-04-28,Torino,1574.12402344
1952-05-05,Torino,1570.13793945
1952-05-12,Torino,1574.10229492
1952-05-26,Torino,1566.15930176
1952-06-02,Torino,1576.58703613
1952-06-09,Torino,1577.20349121
1952-06-16,Torino,1566.77172852
1952-06-23,Torino,1561.90490723
1952-06-27,Torino,1531.11462402
1952-06-29,Torino,1539.05285645
1952-09-15,Torino,1545.9753418
1952-09-22,Torino,1541.34802246
1952-09-29,Torino,1542.5703125
1952-10-06,Torino,1535.30200195
1952-10-13,Torino,1543.40356445
1952-10-20,Torino,1547.85241699
1952-11-03,Torino,1545.16503906
1952-11-10,Torino,1543.35559082
1952-11-17,Torino,1531.78417969
1952-11-24,Torino,1529.26721191
1952-12-01,Torino,1536.66308594
1952-12-08,Torino,1528.88647461
1952-12-15,Torino,1519.84179688
1952-12-22,Torino,1531.79492188
1953-01-07,Torino,1534.73754883
1953-01-12,Torino,1553.79748535
1953-01-19,Torino,1550.33056641
1953-01-26,Torino,1545.94067383
1953-02-02,Torino,1524.34240723
1953-02-09,Torino,1547.56835938
1953-02-16,Torino,1543.49450684
1953-02-23,Torino,1537.62939453
1953-03-02,Torino,1533.53930664
1953-03-09,Torino,1530.55993652
1953-03-16,Torino,1524.43701172
1953-03-23,Torino,1542.46948242
1953-03-30,Torino,1550.25268555
1953-04-06,Torino,1554.46618652
1953-04-13,Torino,1563.31726074
1953-04-20,Torino,1558.70349121
1953-05-04,Torino,1562.59216309
1953-05-11,Torino,1559.29199219
1953-05-25,Torino,1568.57763672
1953-06-01,Torino,1573.35461426
1953-06-05,Torino,1583.68469238
1953-06-08,Torino,1547.75524902
1953-09-14,Torino,1551.79626465
1953-09-21,Torino,1538.88537598
1953-09-28,Torino,1533.46533203
1953-10-05,Torino,1538.58300781
1953-10-12,Torino,1543.04675293
1953-10-19,Torino,1533.6328125
1953-10-26,Torino,1522.07983398
1953-11-02,Torino,1525.12634277
1953-11-09,Torino,1530.38623047
1953-11-23,Torino,1525.26477051
1953-11-30,Torino,1513.71801758
1953-12-07,Torino,1517.36328125
1953-12-21,Torino,1521.45947266
1953-12-28,Torino,1527.52685547
1954-01-04,Torino,1528.88891602
1954-01-11,Torino,1530.02453613
1954-01-18,Torino,1533.9276123
1954-02-01,Torino,1541.19287109
1954-02-08,Torino,1547.15905762
1954-02-22,Torino,1550.62841797
1954-02-26,Torino,1539.92724609
1954-03-01,Torino,1537.0255127
1954-03-08,Torino,1544.62182617
1954-03-15,Torino,1556.31689453
1954-03-22,Torino,1559.75170898
1954-03-29,Torino,1570.32763672
1954-04-05,Torino,1564.72924805
1954-04-19,Torino,1578.76611328
1954-04-26,Torino,1561.96325684
1954-05-03,Torino,1563.28564453
1954-05-10,Torino,1561.14038086
1954-05-17,Torino,1555.3260498
1954-05-24,Torino,1552.70288086
1954-05-31,Torino,1542.35900879
1954-09-20,Torino,1532.32666016
1954-09-27,Torino,1526.83996582
1954-10-04,Torino,1529.12207031
1954-10-11,Torino,1548.8996582
1954-10-18,Torino,1552.80334473
1954-10-25,Torino,1549.77661133
1954-11-01,Torino,1564.35974121
1954-11-08,Torino,1568.87426758
1954-11-15,Torino,1564.91113281
1954-11-22,Torino,1562.2869873
1954-12-13,Torino,1569.55395508
1954-12-20,Torino,1577.52075195
1954-12-27,Torino,1581.40942383
1955-01-03,Torino,1590.52868652
1955-01-07,Torino,1580.15234375
1955-01-24,Torino,1569.13952637
1955-01-31,Torino,1564.80651855
1955-02-07,Torino,1558.38830566
1955-02-14,Torino,1554.43505859
1955-02-21,Torino,1560.42980957
1955-02-28,Torino,1566.28295898
1955-03-07,Torino,1567.60900879
1955-03-14,Torino,1560.20141602
1955-03-21,Torino,1566.82348633
1955-04-04,Torino,1570.63720703
1955-04-11,Torino,1569.88476562
1955-04-18,Torino,1565.7956543
1955-04-25,Torino,1560.15246582
1955-05-02,Torino,1564.35107422
1955-05-09,Torino,1558.22375488
1955-05-16,Torino,1562.02062988
1955-06-06,Torino,1567.0213623
1955-06-13,Torino,1565.01330566
1955-06-20,Torino,1555.98779297
1955-06-24,Torino,1532.28857422
1955-06-26,Torino,1543.53393555
1955-09-19,Torino,1548.77185059
1955-09-26,Torino,1554.29431152
1955-10-03,Torino,1564.7668457
1955-10-10,Torino,1562.48681641
1955-10-17,Torino,1557.64672852
1955-10-24,Torino,1554.60681152
1955-10-31,Torino,1561.88122559
1955-11-02,Torino,1533.05151367
1955-11-07,Torino,1528.42138672
1955-11-14,Torino,1538.67053223
1955-11-24,Torino,1575.93908691
1955-12-05,Torino,1581.60058594
1955-12-09,Torino,1572.3236084
1955-12-26,Torino,1578.05822754
1956-01-02,Torino,1586.63439941
1956-01-09,Torino,1576.87109375
1956-01-16,Torino,1576.57043457
1956-01-19,Torino,1593.03710938
1956-01-23,Torino,1596.66186523
1956-01-30,Torino,1599.90490723
1956-02-06,Torino,1581.44042969
1956-02-13,Torino,1611.62365723
1956-02-27,Torino,1595.57531738
1956-03-05,Torino,1613.28063965
1956-03-08,Torino,1601.2565918
1956-03-12,Torino,1595.83276367
1956-03-19,Torino,1583.18969727
1956-03-26,Torino,1577.60839844
1956-04-02,Torino,1570.94934082
1956-04-09,Torino,1568.13671875
1956-04-16,Torino,1566.89526367
1956-04-20,Torino,1562.78918457
1956-04-30,Torino,1559.31982422
1956-05-02,Torino,1551.31262207
1956-05-07,Torino,1547.94128418
1956-05-11,Torino,1544.57763672
1956-05-14,Torino,1551.53088379
1956-05-21,Torino,1549.0682373
1956-05-28,Torino,1554.79162598
1956-06-04,Torino,1565.3371582
1956-06-30,Torino,1574.14611816
1956-07-04,Torino,1593.27392578
1956-09-17,Torino,1592.45336914
1956-09-24,Torino,1588.66564941
1956-10-01,Torino,1598.57336426
1956-10-08,Torino,1592.45629883
1956-10-15,Torino,1597.29077148
1956-10-22,Torino,1615.18713379
1956-10-29,Torino,1619.47363281
1956-11-19,Torino,1618.15759277
1956-11-22,Torino,1608.54455566
1956-11-26,Torino,1601.54650879
1956-11-29,Torino,1616.71203613
1956-12-03,Torino,1612.71691895
1956-12-17,Torino,1606.36535645
1956-12-24,Torino,1590.41088867
1956-12-31,Torino,1597.59680176
1957-01-07,Torino,1594.73681641
1957-01-14,Torino,1590.94885254
1957-01-21,Torino,1581.62841797
1957-01-28,Torino,1573.83752441
1957-02-04,Torino,1579.85021973
1957-02-07,Torino,1580.80737305
1957-02-11,Torino,1579.51477051
1957-02-18,Torino,1577.46533203
1957-02-25,Torino,1582.49328613
1957-02-28,Torino,1587.24304199
1957-03-04,Torino,1598.71875
1957-03-11,Torino,1604.91381836
1957-03-18,Torino,1614.87548828
1957-03-25,Torino,1609.22009277
1957-04-01,Torino,1616.34558105
1957-04-04,Torino,1628.78881836
1957-04-08,Torino,1623.34741211
1957-04-15,Torino,1628.48620605
1957-04-19,Torino,1627.56848145
1957-04-29,Torino,1643.74121094
1957-05-06,Torino,1653.82641602
1957-05-20,Torino,1654.48413086
1957-05-31,Torino,1645.16845703
1957-06-03,Torino,1640.89929199
1957-06-10,Torino,1646.07458496
1957-06-17,Torino,1653.36291504
1957-06-21,Torino,1641.57653809
1957-06-24,Torino,1656.01599121
1957-09-09,Torino,1660.30822754
1957-09-16,Torino,1654.26171875
1957-09-23,Torino,1645.9888916
1957-09-30,Torino,1642.14685059
1957-10-03,Torino,1647.56286621
1957-10-07,Torino,1643.53637695
1957-10-10,Torino,1638.27526855
1957-10-14,Torino,1628.06079102
1957-10-21,Torino,1638.93127441
1957-10-28,Torino,1630.79187012
1957-10-31,Torino,1644.2208252
1957-11-04,Torino,1651.64807129
1957-11-11,Torino,1649.36779785
1957-11-18,Torino,1636.83764648
1957-11-25,Torino,1647.80505371
1957-11-28,Torino,1661.95629883
1957-12-12,Torino,1661.50769043
1957-12-16,Torino,1666.20678711
1957-12-23,Torino,1671.35888672
1957-12-30,Torino,1673.06396484
1958-01-06,Torino,1667.55236816
1958-01-20,Torino,1671.84631348
1958-01-27,Torino,1660.8861084
1958-02-03,Torino,1663.3815918
1958-02-10,Torino,1669.10913086
1958-02-13,Torino,1670.80151367
1958-02-17,Torino,1664.5748291
1958-02-24,Torino,1661.92028809
1958-02-27,Torino,1663.86083984
1958-03-03,Torino,1659.06164551
1958-03-10,Torino,1663.08557129
1958-03-17,Torino,1672.25073242
1958-03-31,Torino,1666.70251465
1958-04-07,Torino,1673.88500977
1958-04-14,Torino,1684.12756348
1958-04-21,Torino,1691.9519043
1958-04-28,Torino,1687.85168457
1958-05-05,Torino,1691.17614746
1958-05-09,Torino,1691.48913574
1958-05-12,Torino,1696.67663574
1958-05-15,Torino,1707.79602051
1958-05-19,Torino,1696.56286621
1958-05-26,Torino,1686.01489258
1958-05-29,Torino,1682.28918457
1958-09-22,Torino,1689.73046875
1958-09-25,Torino,1690.48413086
1958-09-29,Torino,1681.78894043
1958-10-02,Torino,1646.86828613
1958-10-06,Torino,1643.19091797
1958-10-13,Torino,1631.38745117
1958-10-20,Torino,1635.13879395
1958-10-27,Torino,1632.46130371
1958-11-03,Torino,1630.24890137
1958-11-17,Torino,1624.51513672
1958-11-24,Torino,1615.04101562
1958-12-01,Torino,1619.3536377
1958-12-08,Torino,1616.22314453
1958-12-22,Torino,1611.78283691
1958-12-29,Torino,1591.41772461
1959-01-05,Torino,1582.72216797
1959-01-12,Torino,1568.6015625
1959-01-19,Torino,1562.78747559
1959-01-26,Torino,1563.14489746
1959-02-02,Torino,1565.95666504
1959-02-09,Torino,1557.89013672
1959-02-16,Torino,1553.71899414
1959-02-23,Torino,1550.70568848
1959-03-03,Torino,1554.50878906
1959-03-16,Torino,1564.78564453
1959-03-23,Torino,1570.57873535
1959-03-30,Torino,1576.6875
1959-04-06,Torino,1581.8371582
1959-04-13,Torino,1571.98425293
1959-04-20,Torino,1564.75646973
1959-04-27,Torino,1567.97900391
1959-05-18,Torino,1565.97766113
1959-05-25,Torino,1571.87280273
1959-05-29,Torino,1569.09777832
1959-06-03,Torino,1579.45703125
1959-06-08,Torino,1574.63500977
1959-07-05,Torino,1574.63500977
1959-09-14,Torino,1574.59069824
1959-09-21,Torino,1574.34802246
1959-09-24,Torino,1574.52905273
1959-09-28,Torino,1581.56555176
1959-10-05,Torino,1583.06787109
1959-10-12,Torino,1577.36010742
1959-10-19,Torino,1571.08361816
1959-10-26,Torino,1575.03662109
1959-11-02,Torino,1579.859375
1959-11-05,Torino,1573.31677246
1959-11-09,Torino,1582.44665527
1959-11-16,Torino,1567.90112305
1959-11-23,Torino,1569.71435547
1959-11-26,Torino,1566.21594238
1959-11-30,Torino,1561.60327148
1959-12-14,Torino,1572.0402832
1959-12-21,Torino,1566.16699219
1959-12-28,Torino,1573.27429199
1960-01-04,Torino,1575.53161621
1960-01-11,Torino,1583.40527344
1960-01-18,Torino,1584.89208984
1960-01-25,Torino,1588.92285156
1960-02-01,Torino,1589.5246582
1960-02-09,Torino,1582.30358887
1960-02-16,Torino,1582.26831055
1960-02-22,Torino,1585.51220703
1960-02-29,Torino,1597.86206055
1960-03-02,Torino,1597.86206055
1960-03-03,Torino,1597.86206055
1960-03-06,Torino,1597.86206055
1960-03-07,Torino,1600.44873047
1960-03-14,Torino,1601.52661133
1960-03-16,Torino,1601.52661133
1960-03-17,Torino,1601.52661133
1960-03-21,Torino,1599.55200195
1960-03-26,Torino,1599.55200195
1960-03-28,Torino,1601.99731445
1960-04-03,Torino,1601.99731445
1960-04-04,Torino,1600.8326416
1960-04-10,Torino,1600.8326416
1960-04-11,Torino,1603.71398926
1960-04-12,Torino,1603.71398926
1960-04-14,Torino,1603.71398926
1960-04-16,Torino,1603.71398926
1960-04-17,Torino,1603.71398926
1960-04-18,Torino,1605.29272461
1960-04-19,Torino,1605.29272461
1960-04-22,Torino,1605.29272461
1960-04-24,Torino,1605.29272461
1960-04-25,Torino,1600.54431152
1960-04-28,Torino,1600.54431152
1960-05-01,Torino,1600.54431152
1960-05-02,Torino,1600.02172852
1960-05-06,Torino,1600.02172852
1960-05-08,Torino,1600.02172852
1960-05-09,Torino,1601.86450195
1960-05-16,Torino,1586.80480957
1960-05-23,Torino,1580.09387207
1960-05-27,Torino,1574.96875
1960-05-30,Torino,1576.796875
1960-06-06,Torino,1579.61828613
1960-07-02,Torino,1579.61828613
1960-09-22,Torino,1579.38415527
1960-09-26,Torino,1570.11010742
1960-10-03,Torino,1575.07727051
1960-10-10,Torino,1563.45507812
1960-10-13,Torino,1538.94287109
1960-10-17,Torino,1542.68493652
1960-10-24,Torino,1548.00878906
1960-11-07,Torino,1541.59545898
1960-11-14,Torino,1544.78942871
1960-11-21,Torino,1549.35961914
1960-11-28,Torino,1552.22094727
1960-12-05,Torino,1549.77636719
1960-12-19,Torino,1555.50195312
1960-12-26,Torino,1551.22497559
1961-01-02,Torino,1544.55505371
1961-01-09,Torino,1550.20324707
1961-01-16,Torino,1545.18017578
1961-01-23,Torino,1549.98010254
1961-01-30,Torino,1554.72998047
1961-02-06,Torino,1551.72424316
1961-02-13,Torino,1557.27124023
1961-02-20,Torino,1554.81359863
1961-02-27,Torino,1551.52758789
1961-03-06,Torino,1546.59020996
1961-03-13,Torino,1544.45080566
1961-03-20,Torino,1543.34130859
1961-03-27,Torino,1551.02783203
1961-04-03,Torino,1558.61816406
1961-04-10,Torino,1560.25744629
1961-04-17,Torino,1554.46655273
1961-05-01,Torino,1560.37158203
1961-05-08,Torino,1567.53820801
1961-05-15,Torino,1559.62792969
1961-05-22,Torino,1566.69616699
1961-05-31,Torino,1571.34924316
1961-06-05,Torino,1575.73901367
1961-08-28,Torino,1571.53967285
1961-09-04,Torino,1568.14001465
1961-09-11,Torino,1575.08752441
1961-09-14,Torino,1580.23242188
1961-09-18,Torino,1583.31970215
1961-09-21,Torino,1584.25830078
1961-09-25,Torino,1589.63208008
1961-09-28,Torino,1590.17150879
1961-10-02,Torino,1604.72973633
1961-10-05,Torino,1618.13964844
1961-10-08,Torino,1618.13964844
1961-10-09,Torino,1621.8293457
1961-10-12,Torino,1621.8293457
1961-10-15,Torino,1621.8293457
1961-10-16,Torino,1621.8293457
1961-10-17,Torino,1621.8293457
1961-10-19,Torino,1621.8293457
1961-10-23,Torino,1614.69836426
1961-10-25,Torino,1614.69836426
1961-10-26,Torino,1620.64416504
1961-10-29,Torino,1620.64416504
1961-10-30,Torino,1625.70849609
1961-11-09,Torino,1634.27709961
1961-11-12,Torino,1634.27709961
1961-11-13,Torino,1629.58520508
1961-11-15,Torino,1629.58520508
1961-11-16,Torino,1637.4206543
1961-11-19,Torino,1637.4206543
1961-11-20,Torino,1642.5012207
1961-11-23,Torino,1659.4239502
1961-11-24,Torino,1659.4239502
1961-11-26,Torino,1659.4239502
1961-11-27,Torino,1663.64868164
1961-12-04,Torino,1659.62475586
1961-12-11,Torino,1659.65112305
1961-12-18,Torino,1653.28161621
1961-12-24,Torino,1653.28161621
1961-12-25,Torino,1650.28637695
1961-12-31,Torino,1650.28637695
1962-01-01,Torino,1652.5032959
1962-01-08,Torino,1652.98571777
1962-01-14,Torino,1652.98571777
1962-01-15,Torino,1661.43261719
1962-01-21,Torino,1661.43261719
1962-01-22,Torino,1664.6262207
1962-01-25,Torino,1664.6262207
1962-01-29,Torino,1660.16137695
1962-02-05,Torino,1649.84509277
1962-02-10,Torino,1649.84509277
1962-02-11,Torino,1649.84509277
1962-02-12,Torino,1635.9588623
1962-02-15,Torino,1632.91772461
1962-02-18,Torino,1632.91772461
1962-02-19,Torino,1635.15991211
1962-02-21,Torino,1635.15991211
1962-02-22,Torino,1633.79162598
1962-02-23,Torino,1633.79162598
1962-02-26,Torino,1631.24121094
1962-02-27,Torino,1634.1138916
1962-02-28,Torino,1636.46228027
1962-03-01,Torino,1630.81005859
1962-03-04,Torino,1630.81005859
1962-03-05,Torino,1650.21801758
1962-03-12,Torino,1660.53320312
1962-03-18,Torino,1660.53320312
1962-03-19,Torino,1659.03405762
1962-03-22,Torino,1664.04516602
1962-03-23,Torino,1664.04516602
1962-03-26,Torino,1657.70361328
1962-03-29,Torino,1657.70361328
1962-04-02,Torino,1647.62451172
1962-04-08,Torino,1647.62451172
1962-04-09,Torino,1644.94946289
1962-04-12,Torino,1656.26623535
1962-04-16,Torino,1665.00805664
1962-04-20,Torino,1665.00805664
1962-04-22,Torino,1665.00805664
1962-04-25,Torino,1665.00805664
1962-04-27,Torino,1665.00805664
1962-05-11,Torino,1665.66088867
1962-06-02,Torino,1665.66088867
1962-06-06,Torino,1665.66088867
1962-06-08,Torino,1665.66088867
1962-06-12,Torino,1665.66088867
1962-06-24,Torino,1665.66088867
1962-07-03,Torino,1665.66088867
1962-07-27,Torino,1665.66088867
1962-08-30,Torino,1665.66088867
1962-09-02,Torino,1665.66088867
1962-09-06,Torino,1648.47314453
1962-09-10,Torino,1648.47314453
1962-09-13,Torino,1648.49169922
1962-09-16,Torino,1648.49169922
1962-09-17,Torino,1643.94616699
1962-09-20,Torino,1643.97668457
1962-09-23,Torino,1643.97668457
1962-09-24,Torino,1654.3293457
1962-09-27,Torino,1658.64575195
1962-09-30,Torino,1658.64575195
1962-10-01,Torino,1662.94030762
1962-10-07,Torino,1662.94030762
1962-10-08,Torino,1654.02185059
1962-10-11,Torino,1663.36071777
1962-10-14,Torino,1663.36071777
1962-10-15,Torino,1667.67016602
1962-10-19,Torino,1667.67016602
1962-10-21,Torino,1667.67016602
1962-10-22,Torino,1661.47839355
1962-10-29,Torino,1651.74804688
1962-11-01,Torino,1651.74804688
1962-11-02,Torino,1656.08666992
1962-11-04,Torino,1656.08666992
1962-11-05,Torino,1659.88195801
1962-11-12,Torino,1659.88195801
1962-11-15,Torino,1665.98803711
1962-11-18,Torino,1665.98803711
1962-11-19,Torino,1662.79870605
1962-11-20,Torino,1665.18591309
1962-11-25,Torino,1665.18591309
1962-11-26,Torino,1664.14855957
1962-11-29,Torino,1659.44702148
1962-12-03,Torino,1659.44702148
1962-12-05,Torino,1681.06469727
1962-12-10,Torino,1664.5090332
1962-12-13,Torino,1664.5090332
1962-12-17,Torino,1662.5065918
1962-12-24,Torino,1651.31774902
1962-12-31,Torino,1666.97619629
1963-01-07,Torino,1669.27124023
1963-01-14,Torino,1670.92236328
1963-01-21,Torino,1661.07751465
1963-01-24,Torino,1661.49316406
1963-01-28,Torino,1667.8170166
1963-02-05,Torino,1670.19274902
1963-02-07,Torino,1658.59741211
1963-02-11,Torino,1663.09130859
1963-02-14,Torino,1663.09130859
1963-02-18,Torino,1655.59326172
1963-02-25,Torino,1661.39147949
1963-02-28,Torino,1661.39147949
1963-03-04,Torino,1675.50708008
1963-03-07,Torino,1675.50708008
1963-03-10,Torino,1675.50708008
1963-03-11,Torino,1677.31921387
1963-03-14,Torino,1677.88317871
1963-03-15,Torino,1677.88317871
1963-03-17,Torino,1677.88317871
1963-03-18,Torino,1682.99584961
1963-03-21,Torino,1686.18273926
1963-03-24,Torino,1686.18273926
1963-03-28,Torino,1686.18273926
1963-04-01,Torino,1676.68164062
1963-04-03,Torino,1676.68164062
1963-04-04,Torino,1664.96166992
1963-04-07,Torino,1664.96166992
1963-04-08,Torino,1657.76037598
1963-04-11,Torino,1657.76037598
1963-04-14,Torino,1657.76037598
1963-04-15,Torino,1654.91271973
1963-04-16,Torino,1654.91271973
1963-04-22,Torino,1656.12927246
1963-04-25,Torino,1659.51525879
1963-04-27,Torino,1659.51525879
1963-04-29,Torino,1671.24536133
1963-05-02,Torino,1671.78857422
1963-05-06,Torino,1678.33239746
1963-05-12,Torino,1678.33239746
1963-05-13,Torino,1678.33239746
1963-05-16,Torino,1678.33239746
1963-05-19,Torino,1678.33239746
1963-05-20,Torino,1672.70617676
1963-05-21,Torino,1672.70617676
1963-05-23,Torino,1679.35778809
1963-05-24,Torino,1679.35778809
1963-05-27,Torino,1686.43151855
1963-05-30,Torino,1686.43151855
1963-06-02,Torino,1686.43151855
1963-06-09,Torino,1686.43151855
1963-06-16,Torino,1686.43151855
1963-08-10,Torino,1686.43151855
1963-08-25,Torino,1686.43151855
1963-09-05,Torino,1690.93286133
1963-09-10,Torino,1690.93286133
1963-09-11,Torino,1690.93286133
1963-09-15,Torino,1690.93286133
1963-09-16,Torino,1694.00476074
1963-09-19,Torino,1697.36437988
1963-09-22,Torino,1697.36437988
1963-09-23,Torino,1695.21313477
1963-09-26,Torino,1698.18493652
1963-09-30,Torino,1699.20007324
1963-10-03,Torino,1699.20007324
1963-10-07,Torino,1701.59716797
1963-10-10,Torino,1697.24511719
1963-10-15,Torino,1684.67260742
1963-10-16,Torino,1684.67260742
1963-10-17,Torino,1684.67260742
1963-10-20,Torino,1684.67260742
1963-10-21,Torino,1677.45214844
1963-10-24,Torino,1681.21777344
1963-10-28,Torino,1676.75036621
1963-10-31,Torino,1676.75036621
1963-11-11,Torino,1676.75036621
1963-11-14,Torino,1674.04223633
1963-11-15,Torino,1674.04223633
1963-11-17,Torino,1674.04223633
1963-11-18,Torino,1668.57568359
1963-11-24,Torino,1668.57568359
1963-11-25,Torino,1674.49865723
1963-11-28,Torino,1673.99841309
1963-12-02,Torino,1679.53417969
1963-12-05,Torino,1686.77600098
1963-12-08,Torino,1686.77600098
1963-12-09,Torino,1692.23376465
1963-12-11,Torino,1692.23376465
1963-12-19,Torino,1692.23376465
1963-12-23,Torino,1692.2265625
1963-12-27,Torino,1692.2265625
1963-12-29,Torino,1692.2265625
1963-12-30,Torino,1686.69372559
1964-01-06,Torino,1695.26940918
1964-01-12,Torino,1695.26940918
1964-01-13,Torino,1697.84814453
1964-01-19,Torino,1697.84814453
1964-01-20,Torino,1683.48291016
1964-01-27,Torino,1679.78955078
1964-01-30,Torino,1674.9251709
1964-02-02,Torino,1674.9251709
1964-02-03,Torino,1670.53527832
1964-02-10,Torino,1661.27026367
1964-02-14,Torino,1661.56384277
1964-02-17,Torino,1668.6796875
1964-02-18,Torino,1668.6796875
1964-02-23,Torino,1668.6796875
1964-02-24,Torino,1676.85119629
1964-02-27,Torino,1679.88818359
1964-02-28,Torino,1679.88818359
1964-02-29,Torino,1679.88818359
1964-03-02,Torino,1674.859375
1964-03-05,Torino,1675.04431152
1964-03-08,Torino,1675.04431152
1964-03-09,Torino,1676.99707031
1964-03-15,Torino,1676.99707031
1964-03-16,Torino,1676.96191406
1964-03-19,Torino,1676.96191406
1964-03-20,Torino,1676.96191406
1964-03-22,Torino,1676.96191406
1964-03-23,Torino,1691.85314941
1964-03-27,Torino,1691.85314941
1964-03-30,Torino,1689.6862793
1964-03-31,Torino,1689.6862793
1964-04-06,Torino,1698.88305664
1964-04-12,Torino,1698.88305664
1964-04-13,Torino,1698.88305664
1964-04-14,Torino,1698.88305664
1964-04-16,Torino,1701.01000977
1964-04-19,Torino,1701.01000977
1964-04-20,Torino,1686.02587891
1964-04-26,Torino,1686.02587891
1964-04-27,Torino,1687.26013184
1964-04-30,Torino,1689.12609863
1964-05-04,Torino,1693.16308594
1964-05-06,Torino,1693.16308594
1964-05-07,Torino,1693.16308594
1964-05-10,Torino,1693.16308594
1964-05-16,Torino,1693.16308594
1964-05-18,Torino,1693.3026123
1964-05-22,Torino,1693.3026123
1964-05-25,Torino,1694.44628906
1964-05-28,Torino,1704.91625977
1964-05-29,Torino,1704.91625977
1964-06-01,Torino,1709.28930664
1964-06-03,Torino,1709.28930664
1964-06-09,Torino,1709.28930664
1964-06-19,Torino,1709.28930664
1964-06-29,Torino,1709.28930664
1964-07-02,Torino,1709.28930664
1964-07-07,Torino,1709.28930664
1964-07-11,Torino,1709.28930664
1964-07-16,Torino,1709.28930664
1964-07-26,Torino,1709.28930664
1964-07-27,Torino,1709.28930664
1964-08-03,Torino,1709.28930664
1964-08-20,Torino,1709.28930664
1964-08-24,Torino,1709.28930664
1964-08-30,Torino,1709.28930664
1964-09-06,Torino,1709.28930664
1964-09-07,Torino,1709.28930664
1964-09-10,Torino,1708.4543457
1964-09-14,Torino,1714.33520508
1964-09-17,Torino,1714.33520508
1964-09-20,Torino,1714.33520508
1964-09-21,Torino,1702.68493652
1964-09-24,Torino,1703.60107422
1964-09-27,Torino,1703.60107422
1964-09-28,Torino,1699.43139648
1964-10-04,Torino,1699.43139648
1964-10-05,Torino,1706.3770752
1964-10-08,Torino,1709.20129395
1964-10-11,Torino,1709.20129395
1964-10-12,Torino,1702.95458984
1964-10-14,Torino,1702.95458984
1964-10-15,Torino,1696.87866211
1964-10-18,Torino,1696.87866211
1964-10-19,Torino,1699.54309082
1964-10-25,Torino,1699.54309082
1964-10-26,Torino,1708.44494629
1964-10-29,Torino,1708.44494629
1964-11-02,Torino,1708.44494629
1964-11-05,Torino,1708.44494629
1964-11-08,Torino,1708.44494629
1964-11-09,Torino,1715.1315918
1964-11-12,Torino,1715.92468262
1964-11-15,Torino,1715.92468262
1964-11-16,Torino,1724.4666748
1964-11-22,Torino,1724.4666748
1964-11-23,Torino,1706.5682373
1964-11-26,Torino,1706.5682373
1964-11-29,Torino,1706.5682373
1964-11-30,Torino,1708.79711914
1964-12-03,Torino,1708.79711914
1964-12-04,Torino,1709.36193848
1964-12-06,Torino,1709.36193848
1964-12-07,Torino,1709.59289551
1964-12-10,Torino,1709.59289551
1964-12-13,Torino,1709.59289551
1964-12-14,Torino,1710.9230957
1964-12-17,Torino,1710.9230957
1964-12-20,Torino,1710.9230957
1964-12-21,Torino,1714.88647461
1964-12-28,Torino,1720.28405762
1965-01-02,Torino,1720.28405762
1965-01-03,Torino,1720.28405762
1965-01-04,Torino,1717.14831543
1965-01-11,Torino,1720.02697754
1965-01-17,Torino,1720.02697754
1965-01-18,Torino,1721.87084961
1965-01-24,Torino,1721.87084961
1965-01-25,Torino,1730.11608887
1965-02-01,Torino,1733.31970215
1965-02-08,Torino,1734.32592773
1965-02-11,Torino,1734.32592773
1965-02-14,Torino,1734.32592773
1965-02-15,Torino,1727.72875977
1965-02-18,Torino,1730.11230469
1965-02-22,Torino,1738.34802246
1965-02-24,Torino,1738.34802246
1965-03-01,Torino,1745.73022461
1965-03-04,Torino,1737.05285645
1965-03-07,Torino,1737.05285645
1965-03-08,Torino,1730.5859375
1965-03-14,Torino,1730.5859375
1965-03-16,Torino,1730.5859375
1965-03-17,Torino,1730.5859375
1965-03-18,Torino,1749.40368652
1965-03-21,Torino,1749.40368652
1965-03-22,Torino,1757.82995605
1965-03-24,Torino,1757.82995605
1965-03-29,Torino,1759.95959473
1965-04-05,Torino,1763.97338867
1965-04-07,Torino,1763.97338867
1965-04-12,Torino,1750.0300293
1965-04-18,Torino,1750.0300293
1965-04-21,Torino,1758.08447266
1965-04-25,Torino,1762.29748535
1965-04-28,Torino,1754.27587891
1965-04-29,Torino,1754.27587891
1965-05-05,Torino,1749.50280762
1965-05-06,Torino,1721.26831055
1965-05-10,Torino,1722.45288086
1965-05-13,Torino,1729.88000488
1965-05-17,Torino,1739.03894043
1965-05-20,Torino,1739.03894043
1965-05-24,Torino,1753.37646484
1965-05-28,Torino,1757.34118652
1965-05-31,Torino,1762.53808594
1965-06-07,Torino,1769.78759766
1965-08-22,Torino,1769.78759766
1965-08-29,Torino,1769.78759766
1965-09-05,Torino,1769.78759766
1965-09-06,Torino,1769.48266602
1965-09-07,Torino,1769.48266602
1965-09-09,Torino,1769.48266602
1965-09-12,Torino,1769.48266602
1965-09-13,Torino,1763.18652344
1965-09-16,Torino,1763.18652344
1965-09-19,Torino,1763.18652344
1965-09-20,Torino,1763.08972168
1965-09-27,Torino,1757.47277832
1965-09-30,Torino,1758.50280762
1965-10-04,Torino,1762.69958496
1965-10-10,Torino,1762.69958496
1965-10-11,Torino,1765.74291992
1965-10-14,Torino,1757.21838379
1965-10-17,Torino,1757.21838379
1965-10-18,Torino,1753.08813477
1965-10-21,Torino,1753.08813477
1965-10-25,Torino,1756.88867188
1965-10-28,Torino,1756.88867188
1965-10-31,Torino,1756.88867188
1965-11-07,Torino,1756.88867188
1965-11-10,Torino,1756.88867188
1965-11-14,Torino,1756.88867188
1965-11-15,Torino,1757.5246582
1965-11-21,Torino,1757.5246582
1965-11-22,Torino,1750.27746582
1965-11-29,Torino,1753.88183594
1965-12-02,Torino,1753.17431641
1965-12-13,Torino,1746.22106934
1965-12-16,Torino,1747.12866211
1965-12-20,Torino,1731.06396484
1965-12-27,Torino,1723.3671875
1965-12-28,Torino,1723.3671875
1966-01-02,Torino,1723.3671875
1966-01-03,Torino,1725.0970459
1966-01-09,Torino,1725.0970459
1966-01-10,Torino,1730.71411133
1966-01-12,Torino,1730.71411133
1966-01-17,Torino,1733.71020508
1966-01-24,Torino,1736.65551758
1966-01-31,Torino,1728.89758301
1966-02-07,Torino,1732.01098633
1966-02-13,Torino,1732.01098633
1966-02-14,Torino,1725.73522949
1966-02-20,Torino,1725.73522949
1966-02-21,Torino,1731.61779785
1966-02-24,Torino,1735.12414551
1966-02-28,Torino,1725.45812988
1966-03-01,Torino,1725.45812988
1966-03-03,Torino,1726.82678223
1966-03-07,Torino,1721.09008789
1966-03-10,Torino,1721.09008789
1966-03-13,Torino,1721.09008789
1966-03-14,Torino,1722.33850098
1966-03-20,Torino,1722.33850098
1966-03-21,Torino,1722.33850098
1966-03-28,Torino,1718.75476074
1966-04-03,Torino,1718.75476074
1966-04-04,Torino,1717.02368164
1966-04-05,Torino,1717.02368164
1966-04-06,Torino,1717.02368164
1966-04-11,Torino,1710.96826172
1966-04-12,Torino,1710.96826172
1966-04-13,Torino,1710.96826172
1966-04-14,Torino,1710.45581055
1966-04-15,Torino,1710.45581055
1966-04-17,Torino,1710.45581055
1966-04-18,Torino,1707.00915527
1966-04-20,Torino,1707.00915527
1966-04-21,Torino,1699.13757324
1966-04-25,Torino,1694.6217041
1966-04-27,Torino,1694.6217041
1966-04-28,Torino,1694.6217041
1966-05-01,Torino,1694.6217041
1966-05-02,Torino,1699.91271973
1966-05-03,Torino,1699.91271973
1966-05-05,Torino,1699.91271973
1966-05-08,Torino,1699.91271973
1966-05-09,Torino,1683.72351074
1966-05-10,Torino,1683.72351074
1966-05-14,Torino,1683.72351074
1966-05-16,Torino,1696.03613281
1966-05-19,Torino,1696.03613281
1966-05-22,Torino,1696.03613281
1966-05-23,Torino,1697.28820801
1966-05-29,Torino,1697.28820801
1966-08-21,Torino,1697.28820801
1966-08-24,Torino,1697.28820801
1966-08-28,Torino,1697.28820801
1966-09-08,Torino,1697.28820801
1966-09-10,Torino,1697.28820801
1966-09-12,Torino,1697.28820801
1966-09-19,Torino,1701.03210449
1966-09-25,Torino,1701.03210449
1966-09-26,Torino,1701.65600586
1966-09-29,Torino,1700.42626953
1966-10-02,Torino,1700.42626953
1966-10-03,Torino,1694.17675781
1966-10-06,Torino,1680.57165527
1966-10-09,Torino,1680.57165527
1966-10-10,Torino,1677.09606934
1966-10-13,Torino,1680.31835938
1966-10-17,Torino,1679.8782959
1966-10-24,Torino,1680.6940918
1966-10-31,Torino,1680.6940918
1966-11-07,Torino,1673.88244629
1966-11-10,Torino,1673.88244629
1966-11-14,Torino,1673.53723145
1966-11-17,Torino,1672.9552002
1966-11-18,Torino,1672.9552002
1966-11-21,Torino,1670.44287109
1966-11-27,Torino,1670.44287109
1966-11-28,Torino,1670.44287109
1966-12-01,Torino,1670.44287109
1966-12-04,Torino,1670.44287109
1966-12-05,Torino,1680.50964355
1966-12-07,Torino,1680.50964355
1966-12-09,Torino,1689.83886719
1966-12-11,Torino,1689.83886719
1966-12-12,Torino,1682.22009277
1966-12-15,Torino,1682.22009277
1966-12-18,Torino,1682.22009277
1966-12-19,Torino,1681.953125
1966-12-22,Torino,1681.953125
1966-12-25,Torino,1671.98388672
1966-12-27,Torino,1671.98388672
1967-01-01,Torino,1675.44970703
1967-01-03,Torino,1675.44970703
1967-01-04,Torino,1675.44970703
1967-01-08,Torino,1675.44970703
1967-01-09,Torino,1680.36376953
1967-01-16,Torino,1691.13513184
1967-01-22,Torino,1691.13513184
1967-01-23,Torino,1689.43017578
1967-01-29,Torino,1689.43017578
1967-01-30,Torino,1690.75976562
1967-02-06,Torino,1685.63574219
1967-02-13,Torino,1684.76367188
1967-02-16,Torino,1685.21740723
1967-02-19,Torino,1685.21740723
1967-02-20,Torino,1684.26525879
1967-02-27,Torino,1690.27453613
1967-03-02,Torino,1703.01696777
1967-03-05,Torino,1703.01696777
1967-03-06,Torino,1709.04602051
1967-03-13,Torino,1724.83044434
1967-03-20,Torino,1717.91625977
1967-03-23,Torino,1717.91625977
1967-03-26,Torino,1717.91625977
1967-03-28,Torino,1717.91625977
1967-04-02,Torino,1717.91625977
1967-04-03,Torino,1728.33520508
1967-04-10,Torino,1729.45080566
1967-04-16,Torino,1729.45080566
1967-04-17,Torino,1734.84875488
1967-04-20,Torino,1731.80395508
1967-04-24,Torino,1727.56884766
1967-04-27,Torino,1730.57946777
1967-05-01,Torino,1736.72766113
1967-05-04,Torino,1738.1998291
1967-05-08,Torino,1738.32067871
1967-05-15,Torino,1735.63208008
1967-05-21,Torino,1735.63208008
1967-05-22,Torino,1741.76818848
1967-05-26,Torino,1734.67736816
1967-05-28,Torino,1734.67736816
1967-05-29,Torino,1730.26049805
1967-06-01,Torino,1730.26049805
1967-06-04,Torino,1730.26049805
1967-06-19,Torino,1730.26049805
1967-06-26,Torino,1730.26049805
1967-08-27,Torino,1730.26049805
1967-08-30,Torino,1730.26049805
1967-09-03,Torino,1730.26049805
1967-09-10,Torino,1730.26049805
1967-09-14,Torino,1730.26049805
1967-09-17,Torino,1730.26049805
1967-09-21,Torino,1736.60339355
1967-09-24,Torino,1736.60339355
1967-09-25,Torino,1730.12475586
1967-10-02,Torino,1734.91320801
1967-10-09,Torino,1739.9732666
1967-10-12,Torino,1741.75671387
1967-10-15,Torino,1741.75671387
1967-10-16,Torino,1746.9263916
1967-10-22,Torino,1746.9263916
1967-10-23,Torino,1774.06335449
1967-10-29,Torino,1774.06335449
1967-10-30,Torino,1776.37670898
1967-11-05,Torino,1776.37670898
1967-11-06,Torino,1776.78552246
1967-11-12,Torino,1776.78552246
1967-11-13,Torino,1770.46948242
1967-11-16,Torino,1770.46948242
1967-11-18,Torino,1770.46948242
1967-11-19,Torino,1770.46948242
1967-11-23,Torino,1774.27819824
1967-11-26,Torino,1774.27819824
1967-11-27,Torino,1774.00744629
1967-11-30,Torino,1773.46594238
1967-12-03,Torino,1773.46594238
1967-12-04,Torino,1762.73376465
1967-12-08,Torino,1762.11169434
1967-12-10,Torino,1758.5637207
1967-12-14,Torino,1760.27172852
1967-12-18,Torino,1750.23779297
1967-12-27,Torino,1750.23779297
1968-01-01,Torino,1754.30371094
1968-01-08,Torino,1759.40270996
1968-01-15,Torino,1773.03686523
1968-01-22,Torino,1776.34265137
1968-01-29,Torino,1793.51855469
1968-02-01,Torino,1791.91320801
1968-02-04,Torino,1791.91320801
1968-02-05,Torino,1775.67102051
1968-02-11,Torino,1775.67102051
1968-02-12,Torino,1775.86499023
1968-02-13,Torino,1775.86499023
1968-02-18,Torino,1775.86499023
1968-02-19,Torino,1781.48925781
1968-02-25,Torino,1781.48925781
1968-02-26,Torino,1780.78601074
1968-02-29,Torino,1783.4128418
1968-03-03,Torino,1783.4128418
1968-03-04,Torino,1788.87231445
1968-03-11,Torino,1789.93762207
1968-03-14,Torino,1781.52429199
1968-03-15,Torino,1781.52429199
1968-03-17,Torino,1781.52429199
1968-03-18,Torino,1785.89440918
1968-03-20,Torino,1785.89440918
1968-03-21,Torino,1797.80273438
1968-03-24,Torino,1797.80273438
1968-03-25,Torino,1790.49230957
1968-03-28,Torino,1790.49230957
1968-03-31,Torino,1790.49230957
1968-04-01,Torino,1781.66772461
1968-04-04,Torino,1781.66772461
1968-04-08,Torino,1781.66772461
1968-04-15,Torino,1778.00854492
1968-04-21,Torino,1778.00854492
1968-04-25,Torino,1778.00854492
1968-04-28,Torino,1778.00854492
1968-04-29,Torino,1767.34228516
1968-05-02,Torino,1770.54138184
1968-05-05,Torino,1770.54138184
1968-05-06,Torino,1761.41882324
1968-05-09,Torino,1764.85119629
1968-05-10,Torino,1760.08752441
1968-05-12,Torino,1760.08752441
1968-05-13,Torino,1763.70910645
1968-05-16,Torino,1754.60400391
1968-05-19,Torino,1754.60400391
1968-05-24,Torino,1758.55102539
1968-05-26,Torino,1758.55102539
1968-05-30,Torino,1758.55102539
1968-06-14,Torino,1758.55102539
1968-08-11,Torino,1758.55102539
1968-08-15,Torino,1758.55102539
1968-08-18,Torino,1758.55102539
1968-08-25,Torino,1758.55102539
1968-09-08,Torino,1758.55102539
1968-09-15,Torino,1758.55102539
1968-09-18,Torino,1758.55102539
1968-09-19,Torino,1753.57299805
1968-09-22,Torino,1753.57299805
1968-09-29,Torino,1753.57299805
1968-09-30,Torino,1755.53295898
1968-10-03,Torino,1761.38903809
1968-10-06,Torino,1761.38903809
1968-10-07,Torino,1762.76611328
1968-10-14,Torino,1757.51647949
1968-10-27,Torino,1757.51647949
1968-10-28,Torino,1741.61120605
1968-10-31,Torino,1741.61120605
1968-11-04,Torino,1739.06481934
1968-11-10,Torino,1739.06481934
1968-11-11,Torino,1730.54846191
1968-11-13,Torino,1730.54846191
1968-11-18,Torino,1720.95507812
1968-11-25,Torino,1717.13000488
1968-12-01,Torino,1717.13000488
1968-12-02,Torino,1725.1953125
1968-12-08,Torino,1725.1953125
1968-12-09,Torino,1714.83850098
1968-12-16,Torino,1714.3190918
1968-12-23,Torino,1712.14489746
1969-01-12,Torino,1712.14489746
1969-01-13,Torino,1724.11828613
1969-01-16,Torino,1724.11828613
1969-01-19,Torino,1724.11828613
1969-01-20,Torino,1728.15625
1969-01-27,Torino,1742.14562988
1969-02-02,Torino,1742.14562988
1969-02-03,Torino,1741.45812988
1969-02-09,Torino,1741.45812988
1969-02-10,Torino,1746.63696289
1969-02-13,Torino,1746.63696289
1969-02-16,Torino,1746.63696289
1969-02-17,Torino,1747.36682129
1969-02-20,Torino,1719.53930664
1969-02-23,Torino,1719.53930664
1969-02-24,Torino,1726.16516113
1969-03-03,Torino,1730.44873047
1969-03-05,Torino,1730.44873047
1969-03-06,Torino,1720.71740723
1969-03-10,Torino,1725.20739746
1969-03-13,Torino,1737.44372559
1969-03-15,Torino,1737.44372559
1969-03-16,Torino,1737.44372559
1969-03-17,Torino,1742.20654297
1969-03-19,Torino,1742.20654297
1969-03-24,Torino,1739.87756348
1969-03-25,Torino,1739.87756348
1969-04-03,Torino,1739.87756348
1969-04-07,Torino,1745.19042969
1969-04-09,Torino,1745.19042969
1969-04-14,Torino,1749.26489258
1969-04-20,Torino,1749.26489258
1969-04-21,Torino,1754.80957031
1969-04-24,Torino,1758.62414551
1969-04-28,Torino,1767.12780762
1969-05-05,Torino,1758.81164551
1969-05-12,Torino,1750.6640625
1969-05-16,Torino,1751.25366211
1969-05-18,Torino,1751.25366211
1969-05-19,Torino,1756.80041504
1969-05-25,Torino,1756.80041504
1969-05-29,Torino,1763.46948242
1969-06-08,Torino,1763.46948242
1969-08-12,Torino,1763.46948242
1969-08-24,Torino,1763.46948242
1969-08-25,Torino,1763.46948242
1969-08-31,Torino,1763.46948242
1969-09-06,Torino,1763.46948242
1969-09-08,Torino,1763.46948242
1969-09-11,Torino,1763.50634766
1969-09-15,Torino,1763.54248047
1969-09-18,Torino,1763.06469727
1969-09-21,Torino,1763.06469727
1969-09-22,Torino,1766.4967041
1969-09-25,Torino,1766.50292969
1969-09-28,Torino,1766.50292969
1969-09-29,Torino,1762.00891113
1969-10-02,Torino,1763.1706543
1969-10-05,Torino,1763.1706543
1969-10-06,Torino,1746.38171387
1969-10-13,Torino,1759.01513672
1969-10-16,Torino,1759.01513672
1969-10-20,Torino,1752.31408691
1969-10-27,Torino,1758.05773926
1969-10-31,Torino,1758.05773926
1969-11-09,Torino,1758.05773926
1969-11-10,Torino,1743.90686035
1969-11-13,Torino,1749.77453613
1969-11-16,Torino,1749.77453613
1969-11-17,Torino,1752.91162109
1969-11-20,Torino,1752.91162109
1969-11-27,Torino,1735.77233887
1969-12-01,Torino,1738.20812988
1969-12-04,Torino,1738.20812988
1969-12-07,Torino,1738.20812988
1969-12-08,Torino,1741.11108398
1969-12-14,Torino,1741.11108398
1969-12-15,Torino,1731.77172852
1969-12-21,Torino,1731.77172852
1969-12-22,Torino,1743.08544922
1969-12-29,Torino,1747.27148438
1970-01-05,Torino,1741.64318848
1970-01-12,Torino,1747.4197998
1970-01-18,Torino,1747.4197998
1970-01-19,Torino,1747.78186035
1970-01-25,Torino,1747.78186035
1970-01-26,Torino,1746.67211914
1970-02-02,Torino,1737.42443848
1970-02-07,Torino,1737.42443848
1970-02-09,Torino,1722.45141602
1970-02-12,Torino,1722.45141602
1970-02-15,Torino,1722.45141602
1970-02-16,Torino,1714.10888672
1970-02-23,Torino,1714.10888672
1970-02-25,Torino,1714.10888672
1970-03-02,Torino,1722.72192383
1970-03-04,Torino,1722.72192383
1970-03-05,Torino,1714.79772949
1970-03-07,Torino,1714.79772949
1970-03-08,Torino,1714.79772949
1970-03-09,Torino,1722.0300293
1970-03-15,Torino,1722.0300293
1970-03-16,Torino,1730.69885254
1970-03-19,Torino,1730.80065918
1970-03-22,Torino,1730.80065918
1970-03-23,Torino,1726.45410156
1970-03-29,Torino,1726.45410156
1970-03-30,Torino,1734.36901855
1970-04-02,Torino,1730.31347656
1970-04-05,Torino,1730.31347656
1970-04-06,Torino,1723.68066406
1970-04-09,Torino,1723.68066406
1970-04-13,Torino,1719.93188477
1970-04-15,Torino,1719.93188477
1970-04-16,Torino,1723.96911621
1970-04-19,Torino,1723.96911621
1970-04-20,Torino,1717.14331055
1970-04-23,Torino,1717.47888184
1970-04-27,Torino,1702.64916992
1970-05-04,Torino,1702.64916992
1970-05-07,Torino,1702.64916992
1970-05-21,Torino,1702.64916992
1970-07-14,Torino,1702.64916992
1970-07-21,Torino,1702.64916992
1970-08-04,Torino,1702.64916992
1970-08-16,Torino,1702.64916992
1970-08-18,Torino,1702.64916992
1970-08-23,Torino,1702.64916992
1970-08-30,Torino,1702.64916992
1970-09-01,Torino,1702.64916992
1970-09-06,Torino,1702.64916992
1970-09-12,Torino,1702.64916992
1970-09-17,Torino,1708.84558105
1970-09-20,Torino,1708.84558105
1970-09-24,Torino,1708.84558105
1970-09-27,Torino,1708.84558105
1970-09-28,Torino,1703.30957031
1970-10-01,Torino,1692.50866699
1970-10-04,Torino,1692.50866699
1970-10-08,Torino,1693.51806641
1970-10-12,Torino,1690.2244873
1970-10-18,Torino,1690.2244873
1970-10-19,Torino,1690.2244873
1970-10-22,Torino,1689.59924316
1970-10-26,Torino,1691.31079102
1970-11-01,Torino,1691.31079102
1970-11-05,Torino,1691.31079102
1970-11-06,Torino,1677.62841797
1970-11-07,Torino,1677.62841797
1970-11-09,Torino,1677.17260742
1970-11-15,Torino,1677.17260742
1970-11-16,Torino,1672.42260742
1970-11-23,Torino,1680.64416504
1970-11-28,Torino,1680.64416504
1970-11-30,Torino,1682.57299805
1970-12-06,Torino,1682.57299805
1970-12-13,Torino,1682.57299805
1970-12-14,Torino,1681.57995605
1970-12-20,Torino,1681.57995605
1970-12-21,Torino,1681.57995605
1970-12-27,Torino,1681.57995605
1970-12-28,Torino,1682.67724609
1971-01-04,Torino,1688.93615723
1971-01-07,Torino,1681.81005859
1971-01-11,Torino,1692.19714355
1971-01-17,Torino,1692.19714355
1971-01-18,Torino,1683.49951172
1971-01-25,Torino,1689.46008301
1971-01-31,Torino,1689.46008301
1971-02-01,Torino,1681.87084961
1971-02-08,Torino,1687.87780762
1971-02-14,Torino,1687.87780762
1971-02-15,Torino,1680.64746094
1971-03-01,Torino,1668.59265137
1971-03-06,Torino,1668.59265137
1971-03-08,Torino,1672.62402344
1971-03-11,Torino,1672.62402344
1971-03-15,Torino,1663.3326416
1971-03-18,Torino,1663.3326416
1971-03-22,Torino,1669.12402344
1971-03-24,Torino,1669.12402344
1971-03-28,Torino,1669.12402344
1971-03-29,Torino,1665.14416504
1971-03-31,Torino,1665.14416504
1971-04-01,Torino,1665.14416504
1971-04-04,Torino,1665.14416504
1971-04-05,Torino,1659.88354492
1971-04-10,Torino,1659.88354492
1971-04-11,Torino,1659.88354492
1971-04-12,Torino,1664.65722656
1971-04-13,Torino,1664.65722656
1971-04-14,Torino,1664.65722656
1971-04-15,Torino,1664.65722656
1971-04-18,Torino,1664.65722656
1971-04-19,Torino,1662.12976074
1971-04-25,Torino,1662.12976074
1971-04-26,Torino,1669.69165039
1971-04-29,Torino,1669.69165039
1971-05-02,Torino,1669.69165039
1971-05-03,Torino,1673.63635254
1971-05-08,Torino,1673.63635254
1971-05-09,Torino,1673.63635254
1971-05-10,Torino,1673.63635254
1971-05-17,Torino,1667.92016602
1971-05-20,Torino,1667.92016602
1971-05-23,Torino,1667.92016602
1971-05-24,Torino,1663.17602539
1971-05-27,Torino,1663.17602539
1971-05-31,Torino,1663.17602539
1971-06-01,Torino,1663.17602539
1971-06-03,Torino,1663.17602539
1971-06-07,Torino,1663.17602539
1971-06-14,Torino,1663.17602539
1971-06-21,Torino,1663.17602539
1971-06-28,Torino,1663.17602539
1971-08-12,Torino,1663.17602539
1971-08-16,Torino,1663.17602539
1971-08-18,Torino,1663.17602539
1971-08-20,Torino,1663.17602539
1971-08-25,Torino,1663.17602539
1971-08-30,Torino,1663.17602539
1971-09-01,Torino,1663.17602539
1971-09-05,Torino,1663.17602539
1971-09-06,Torino,1663.17602539
1971-09-09,Torino,1663.17602539
1971-09-12,Torino,1663.17602539
1971-09-15,Torino,1663.17602539
1971-09-16,Torino,1658.53759766
1971-09-17,Torino,1658.53759766
1971-09-20,Torino,1658.53759766
1971-09-23,Torino,1658.55847168
1971-09-26,Torino,1658.55847168
1971-09-29,Torino,1672.52978516
1971-09-30,Torino,1673.47839355
1971-10-01,Torino,1657.07299805
1971-10-03,Torino,1657.07299805
1971-10-04,Torino,1666.13793945
1971-10-10,Torino,1666.13793945
1971-10-17,Torino,1666.13793945
1971-10-18,Torino,1670.89819336
1971-10-20,Torino,1670.89819336
1971-10-21,Torino,1662.11352539
1971-10-22,Torino,1667.48852539
1971-10-25,Torino,1669.69152832
1971-10-31,Torino,1669.69152832
1971-11-01,Torino,1675.77722168
1971-11-03,Torino,1675.77722168
1971-11-04,Torino,1677.01953125
1971-11-05,Torino,1682.02502441
1971-11-07,Torino,1682.02502441
1971-11-08,Torino,1678.60583496
1971-11-14,Torino,1678.60583496
1971-11-15,Torino,1684.37011719
1971-11-21,Torino,1684.37011719
1971-11-24,Torino,1684.37011719
1971-11-25,Torino,1688.62060547
1971-11-28,Torino,1688.62060547
1971-11-29,Torino,1692.49438477
1971-12-02,Torino,1702.41223145
1971-12-06,Torino,1699.49829102
1971-12-09,Torino,1699.01721191
1971-12-13,Torino,1701.57714844
1971-12-19,Torino,1701.57714844
1971-12-20,Torino,1705.98266602
1971-12-27,Torino,1705.99304199
1971-12-28,Torino,1705.99304199
1972-01-02,Torino,1705.99304199
1972-01-03,Torino,1706.60656738
1972-01-09,Torino,1706.60656738
1972-01-10,Torino,1701.06274414
1972-01-17,Torino,1694.15222168
1972-01-23,Torino,1694.15222168
1972-01-24,Torino,1698.96899414
1972-01-30,Torino,1698.96899414
1972-01-31,Torino,1701.50610352
1972-02-07,Torino,1703.24206543
1972-02-14,Torino,1707.23156738
1972-02-21,Torino,1720.75024414
1972-02-24,Torino,1721.65673828
1972-02-27,Torino,1721.65673828
1972-02-28,Torino,1729.33398438
1972-03-06,Torino,1729.33398438
1972-03-08,Torino,1730.22802734
1972-03-09,Torino,1714.45544434
1972-03-10,Torino,1714.45544434
1972-03-11,Torino,1714.58178711
1972-03-13,Torino,1707.87597656
1972-03-20,Torino,1713.95043945
1972-03-23,Torino,1706.453125
1972-03-25,Torino,1709.02319336
1972-03-27,Torino,1716.50488281
1972-04-03,Torino,1726.90185547
1972-04-06,Torino,1724.02868652
1972-04-10,Torino,1729.0020752
1972-04-13,Torino,1729.0020752
1972-04-17,Torino,1731.61523438
1972-04-20,Torino,1729.69677734
1972-04-24,Torino,1725.90209961
1972-05-08,Torino,1725.84472656
1972-05-22,Torino,1732.84082031
1972-05-29,Torino,1742.55236816
1972-06-01,Torino,1738.05505371
1972-06-12,Torino,1738.05505371
1972-06-26,Torino,1738.05505371
1972-07-06,Torino,1738.05505371
1972-07-10,Torino,1738.05505371
1972-08-27,Torino,1738.05505371
1972-09-03,Torino,1738.05505371
1972-09-07,Torino,1738.07983398
1972-09-10,Torino,1738.07983398
1972-09-14,Torino,1744.25524902
1972-09-15,Torino,1743.85705566
1972-09-17,Torino,1743.85705566
1972-09-25,Torino,1748.49084473
1972-09-28,Torino,1688.54699707
1972-10-01,Torino,1688.54699707
1972-10-02,Torino,1679.21057129
1972-10-05,Torino,1679.21057129
1972-10-15,Torino,1679.21057129
1972-10-16,Torino,1682.92932129
1972-10-21,Torino,1686.53369141
1972-10-22,Torino,1686.53369141
1972-10-23,Torino,1686.53369141
1972-10-26,Torino,1681.07507324
1972-11-05,Torino,1681.07507324
1972-11-06,Torino,1688.59289551
1972-11-08,Torino,1685.2746582
1972-11-09,Torino,1694.17578125
1972-11-12,Torino,1694.17578125
1972-11-13,Torino,1685.40637207
1972-11-18,Torino,1685.40637207
1972-11-19,Torino,1685.40637207
1972-11-20,Torino,1692.83862305
1972-11-22,Torino,1692.83862305
1972-11-26,Torino,1692.83862305
1972-11-27,Torino,1688.04577637
1972-11-30,Torino,1682.57580566
1972-12-03,Torino,1682.57580566
1972-12-04,Torino,1675.33215332
1972-12-11,Torino,1670.85998535
1972-12-14,Torino,1667.60192871
1972-12-17,Torino,1667.60192871
1972-12-18,Torino,1670.66015625
1972-12-24,Torino,1670.66015625
1972-12-25,Torino,1673.39855957
1972-12-31,Torino,1670.54211426
1973-01-01,Torino,1670.54211426
1973-01-08,Torino,1666.59301758
1973-01-21,Torino,1666.59301758
1973-01-22,Torino,1659.03723145
1973-01-28,Torino,1659.03723145
1973-01-29,Torino,1650.81408691
1973-02-04,Torino,1650.81408691
1973-02-05,Torino,1654.62609863
1973-02-11,Torino,1654.62609863
1973-02-12,Torino,1654.60986328
1973-02-19,Torino,1664.55981445
1973-03-01,Torino,1664.55981445
1973-03-05,Torino,1685.03137207
1973-03-08,Torino,1684.32617188
1973-03-10,Torino,1684.32617188
1973-03-12,Torino,1687.05566406
1973-03-19,Torino,1680.70593262
1973-03-21,Torino,1680.70593262
1973-03-22,Torino,1687.02331543
1973-03-25,Torino,1687.02331543
1973-03-26,Torino,1698.74853516
1973-04-01,Torino,1698.74853516
1973-04-02,Torino,1698.74853516
1973-04-09,Torino,1704.37536621
1973-04-12,Torino,1707.28112793
1973-04-16,Torino,1708.68713379
1973-04-21,Torino,1708.68713379
1973-04-23,Torino,1708.1541748
1973-04-26,Torino,1716.08557129
1973-04-30,Torino,1712.66784668
1973-05-07,Torino,1712.82763672
1973-05-11,Torino,1712.82763672
1973-05-14,Torino,1706.62023926
1973-05-17,Torino,1711.46777344
1973-05-21,Torino,1697.2355957
1973-05-24,Torino,1697.2355957
1973-05-28,Torino,1697.2355957
1973-05-31,Torino,1694.21777344
1973-06-10,Torino,1694.21777344
1973-06-11,Torino,1694.21777344
1973-06-14,Torino,1694.21777344
1973-06-21,Torino,1694.21777344
1973-06-25,Torino,1694.21777344
1973-08-12,Torino,1694.21777344
1973-08-19,Torino,1694.21777344
1973-08-23,Torino,1694.21777344
1973-09-03,Torino,1694.21777344
1973-09-06,Torino,1694.21777344
1973-09-08,Torino,1694.21777344
1973-09-11,Torino,1694.21777344
1973-09-12,Torino,1694.21777344
1973-09-13,Torino,1694.21777344
1973-09-16,Torino,1694.21777344
1973-09-17,Torino,1694.21777344
1973-09-20,Torino,1659.60766602
1973-10-04,Torino,1634.66088867
1973-10-06,Torino,1634.66088867
1973-10-07,Torino,1634.66088867
1973-10-08,Torino,1634.48034668
1973-10-13,Torino,1634.48034668
1973-10-14,Torino,1634.48034668
1973-10-16,Torino,1639.14074707
1973-10-25,Torino,1630.38769531
1973-10-27,Torino,1630.38769531
1973-10-28,Torino,1630.38769531
1973-10-29,Torino,1633.50598145
1973-11-01,Torino,1633.50598145
1973-11-04,Torino,1633.50598145
1973-11-05,Torino,1630.88818359
1973-11-08,Torino,1635.21813965
1973-11-18,Torino,1635.21813965
1973-11-19,Torino,1636.69396973
1973-11-25,Torino,1636.69396973
1973-11-26,Torino,1625.67382812
1973-11-29,Torino,1625.67382812
1973-12-03,Torino,1625.95861816
1973-12-10,Torino,1618.99572754
1973-12-13,Torino,1618.99572754
1973-12-17,Torino,1622.63720703
1973-12-24,Torino,1617.49145508
1973-12-31,Torino,1620.7532959
1974-01-07,Torino,1618.22033691
1974-01-14,Torino,1631.98413086
1974-01-21,Torino,1631.98413086
1974-01-22,Torino,1628.71972656
1974-01-28,Torino,1637.59960938
1974-02-03,Torino,1637.59960938
1974-02-04,Torino,1640.69641113
1974-02-11,Torino,1642.65356445
1974-02-18,Torino,1630.40576172
1974-02-25,Torino,1630.40576172
1974-03-03,Torino,1630.40576172
1974-03-04,Torino,1622.29101562
1974-03-11,Torino,1617.09887695
1974-03-14,Torino,1618.62463379
1974-03-18,Torino,1612.5579834
1974-03-20,Torino,1612.5579834
1974-03-21,Torino,1612.84790039
1974-03-25,Torino,1616.63964844
1974-03-31,Torino,1616.63964844
1974-04-01,Torino,1623.14929199
1974-04-08,Torino,1630.23974609
1974-04-09,Torino,1630.23974609
1974-04-11,Torino,1634.171875
1974-04-13,Torino,1634.171875
1974-04-16,Torino,1634.53662109
1974-04-22,Torino,1646.26184082
1974-04-25,Torino,1650.66809082
1974-04-29,Torino,1657.39489746
1974-05-05,Torino,1657.39489746
1974-05-06,Torino,1664.5480957
1974-05-09,Torino,1658.92028809
1974-05-13,Torino,1661.9309082
1974-05-20,Torino,1656.37670898
1974-06-02,Torino,1656.37670898
1974-06-09,Torino,1656.37670898
1974-07-27,Torino,1656.37670898
1974-08-25,Torino,1656.37670898
1974-08-31,Torino,1656.37670898
1974-09-08,Torino,1656.37670898
1974-09-12,Torino,1656.37670898
1974-09-13,Torino,1656.37670898
1974-09-15,Torino,1656.37670898
1974-09-19,Torino,1650.97851562
1974-09-22,Torino,1650.97851562
1974-09-26,Torino,1641.27575684
1974-09-30,Torino,1641.27575684
1974-10-02,Torino,1641.27575684
1974-10-03,Torino,1648.02966309
1974-10-07,Torino,1652.73974609
1974-10-14,Torino,1652.7956543
1974-10-20,Torino,1652.7956543
1974-10-21,Torino,1657.70007324
1974-10-24,Torino,1654.19372559
1974-10-27,Torino,1654.19372559
1974-10-28,Torino,1646.38769531
1974-11-03,Torino,1646.38769531
1974-11-04,Torino,1646.38769531
1974-11-05,Torino,1640.14294434
1974-11-06,Torino,1640.14294434
1974-11-07,Torino,1648.41809082
1974-11-11,Torino,1654.29943848
1974-11-14,Torino,1654.29943848
1974-11-17,Torino,1654.29943848
1974-11-18,Torino,1654.29943848
1974-11-25,Torino,1669.84533691
1974-11-28,Torino,1660.61804199
1974-12-02,Torino,1658.2701416
1974-12-08,Torino,1658.2701416
1974-12-09,Torino,1664.92321777
1974-12-12,Torino,1669.67114258
1974-12-15,Torino,1669.67114258
1974-12-16,Torino,1667.91918945
1974-12-24,Torino,1667.94152832
1974-12-29,Torino,1667.94152832
1975-01-06,Torino,1672.1776123
1975-01-12,Torino,1666.89770508
1975-01-20,Torino,1661.98632812
1975-01-23,Torino,1661.98632812
1975-01-27,Torino,1665.73876953
1975-02-02,Torino,1665.73876953
1975-02-03,Torino,1677.03881836
1975-02-10,Torino,1679.4197998
1975-02-17,Torino,1679.35949707
1975-02-19,Torino,1679.35949707
1975-02-23,Torino,1679.35949707
1975-02-24,Torino,1682.00146484
1975-03-02,Torino,1682.00146484
1975-03-03,Torino,1672.99621582
1975-03-06,Torino,1675.82019043
1975-03-09,Torino,1675.82019043
1975-03-10,Torino,1678.01794434
1975-03-13,Torino,1678.01794434
1975-03-16,Torino,1678.01794434
1975-03-17,Torino,1673.49328613
1975-03-20,Torino,1676.23217773
1975-03-24,Torino,1669.86999512
1975-03-29,Torino,1669.86999512
1975-04-01,Torino,1678.69238281
1975-04-06,Torino,1678.69238281
1975-04-07,Torino,1703.94128418
1975-04-10,Torino,1699.96154785
1975-04-13,Torino,1699.96154785
1975-04-14,Torino,1693.3927002
1975-04-17,Torino,1693.3927002
1975-04-24,Torino,1685.72631836
1975-04-28,Torino,1683.84863281
1975-05-04,Torino,1683.84863281
1975-05-05,Torino,1680.88208008
1975-05-10,Torino,1680.88208008
1975-05-12,Torino,1668.3503418
1975-05-19,Torino,1669.8026123
1975-05-25,Torino,1669.8026123
1975-05-26,Torino,1669.8026123
1975-05-30,Torino,1669.8026123
1975-06-01,Torino,1669.8026123
1975-06-08,Torino,1669.8026123
1975-07-03,Torino,1669.8026123
1975-07-17,Torino,1669.8026123
1975-07-21,Torino,1669.8026123
1975-07-28,Torino,1669.8026123
1975-08-10,Torino,1669.8026123
1975-08-24,Torino,1669.8026123
1975-08-28,Torino,1669.8026123
1975-08-31,Torino,1669.8026123
1975-09-08,Torino,1669.8026123
1975-09-11,Torino,1669.8026123
1975-09-15,Torino,1669.8026123
1975-09-17,Torino,1668.8416748
1975-09-18,Torino,1665.81994629
1975-09-19,Torino,1665.81994629
1975-09-21,Torino,1665.81994629
1975-09-27,Torino,1665.81994629
1975-09-28,Torino,1665.81994629
1975-10-01,Torino,1665.81994629
1975-10-02,Torino,1675.87939453
1975-10-06,Torino,1669.79870605
1975-10-12,Torino,1669.79870605
1975-10-13,Torino,1673.62182617
1975-10-19,Torino,1673.62182617
1975-10-20,Torino,1674.08337402
1975-10-23,Torino,1670.50048828
1975-10-25,Torino,1670.50048828
1975-10-26,Torino,1670.50048828
1975-11-02,Torino,1670.50048828
1975-11-03,Torino,1674.95458984
1975-11-06,Torino,1666.03234863
1975-11-09,Torino,1666.03234863
1975-11-10,Torino,1666.31884766
1975-11-16,Torino,1666.31884766
1975-11-17,Torino,1674.50976562
1975-11-23,Torino,1674.50976562
1975-11-27,Torino,1681.8260498
1975-12-01,Torino,1685.57922363
1975-12-07,Torino,1685.57922363
1975-12-08,Torino,1695.64367676
1975-12-11,Torino,1686.65612793
1975-12-15,Torino,1699.18237305
1975-12-21,Torino,1699.18237305
1975-12-22,Torino,1701.02563477
1975-12-28,Torino,1701.02563477
1975-12-29,Torino,1701.02563477
1975-12-31,Torino,1710.54455566
1976-01-05,Torino,1710.54455566
1976-01-11,Torino,1710.54455566
1976-01-13,Torino,1714.12341309
1976-01-17,Torino,1714.12341309
1976-01-19,Torino,1712.5916748
1976-01-26,Torino,1714.91540527
1976-02-01,Torino,1714.91540527
1976-02-02,Torino,1715.12512207
1976-02-08,Torino,1715.12512207
1976-02-09,Torino,1715.12512207
1976-02-10,Torino,1719.94763184
1976-02-16,Torino,1709.8963623
1976-02-22,Torino,1709.8963623
1976-02-23,Torino,1713.00708008
1976-02-25,Torino,1713.00708008
1976-02-29,Torino,1706.0411377
1976-03-04,Torino,1701.65625
1976-03-06,Torino,1701.65625
1976-03-07,Torino,1701.65625
1976-03-08,Torino,1704.91870117
1976-03-14,Torino,1704.91870117
1976-03-15,Torino,1707.23449707
1976-03-18,Torino,1704.25231934
1976-03-21,Torino,1704.25231934
1976-03-22,Torino,1708.32348633
1976-04-01,Torino,1708.32348633
1976-04-05,Torino,1714.14941406
1976-04-12,Torino,1719.33959961
1976-04-14,Torino,1719.33959961
1976-04-15,Torino,1719.33959961
1976-04-18,Torino,1719.33959961
1976-04-20,Torino,1722.57653809
1976-04-22,Torino,1722.57653809
1976-04-25,Torino,1722.57653809
1976-04-26,Torino,1722.27160645
1976-04-29,Torino,1722.27160645
1976-05-01,Torino,1722.27160645
1976-05-02,Torino,1722.27160645
1976-05-03,Torino,1725.31677246
1976-05-10,Torino,1722.62658691
1976-05-17,Torino,1716.01782227
1976-06-08,Torino,1716.01782227
1976-07-13,Torino,1716.01782227
1976-07-18,Torino,1716.01782227
1976-08-12,Torino,1716.01782227
1976-08-19,Torino,1716.01782227
1976-08-21,Torino,1716.01782227
1976-08-22,Torino,1716.01782227
1976-08-23,Torino,1716.01782227
1976-08-26,Torino,1716.01782227
1976-09-05,Torino,1716.01782227
1976-09-12,Torino,1716.01782227
1976-09-16,Torino,1700.84765625
1976-09-19,Torino,1700.84765625
1976-09-26,Torino,1700.84765625
1976-09-30,Torino,1718.0982666
1976-10-01,Torino,1719.20043945
1976-10-02,Torino,1719.20043945
1976-10-03,Torino,1719.20043945
1976-10-04,Torino,1722.25756836
1976-10-07,Torino,1722.25756836
1976-10-10,Torino,1722.25756836
1976-10-11,Torino,1736.3503418
1976-10-21,Torino,1725.80932617
1976-10-24,Torino,1725.80932617
1976-10-25,Torino,1729.58837891
1976-11-01,Torino,1737.60876465
1976-11-04,Torino,1751.60791016
1976-11-05,Torino,1751.69616699
1976-11-07,Torino,1751.69616699
1976-11-08,Torino,1754.59118652
1976-11-13,Torino,1754.59118652
1976-11-15,Torino,1754.59118652
1976-11-21,Torino,1754.59118652
1976-11-22,Torino,1752.98486328
1976-11-25,Torino,1750.44421387
1976-11-29,Torino,1754.45068359
1976-12-05,Torino,1754.45068359
1976-12-06,Torino,1773.47583008
1976-12-08,Torino,1773.47583008
1976-12-09,Torino,1774.40881348
1976-12-12,Torino,1774.40881348
1976-12-13,Torino,1782.77209473
1976-12-20,Torino,1784.63305664
1976-12-28,Torino,1784.63305664
1977-01-03,Torino,1780.98632812
1977-01-10,Torino,1774.14001465
1977-01-17,Torino,1774.5045166
1977-01-31,Torino,1775.45153809
1977-02-07,Torino,1771.99438477
1977-02-13,Torino,1771.99438477
1977-02-14,Torino,1777.12255859
1977-02-22,Torino,1778.72680664
1977-02-27,Torino,1778.72680664
1977-02-28,Torino,1778.72680664
1977-03-01,Torino,1769.02307129
1977-03-03,Torino,1770.59765625
1977-03-04,Torino,1776.7232666
1977-03-07,Torino,1780.20007324
1977-03-14,Torino,1789.0357666
1977-03-17,Torino,1790.26599121
1977-03-21,Torino,1792.03271484
1977-03-23,Torino,1792.03271484
1977-03-28,Torino,1793.07910156
1977-04-03,Torino,1793.07910156
1977-04-04,Torino,1790.5390625
1977-04-06,Torino,1790.5390625
1977-04-07,Torino,1792.21362305
1977-04-11,Torino,1793.6262207
1977-04-12,Torino,1793.6262207
1977-04-18,Torino,1801.91308594
1977-04-21,Torino,1796.83239746
1977-04-24,Torino,1796.83239746
1977-04-25,Torino,1798.23205566
1977-05-01,Torino,1798.23205566
1977-05-03,Torino,1796.49182129
1977-05-05,Torino,1796.12890625
1977-05-08,Torino,1796.12890625
1977-05-09,Torino,1799.14941406
1977-05-12,Torino,1799.14941406
1977-05-16,Torino,1803.77587891
1977-05-19,Torino,1806.29394531
1977-05-22,Torino,1806.29394531
1977-05-23,Torino,1808.62561035
1977-05-26,Torino,1808.62561035
1977-08-18,Torino,1808.62561035
1977-08-21,Torino,1808.62561035
1977-08-25,Torino,1808.62561035
1977-08-28,Torino,1808.62561035
1977-09-04,Torino,1808.62561035
1977-09-11,Torino,1808.62561035
1977-09-12,Torino,1798.13464355
1977-09-15,Torino,1786.25195312
1977-09-19,Torino,1787.60693359
1977-09-26,Torino,1783.50952148
1977-09-29,Torino,1790.96826172
1977-10-02,Torino,1790.96826172
1977-10-03,Torino,1793.44836426
1977-10-13,Torino,1793.44836426
1977-10-16,Torino,1793.44836426
1977-10-20,Torino,1799.50085449
1977-10-23,Torino,1799.50085449
1977-10-24,Torino,1787.49914551
1977-10-30,Torino,1787.49914551
1977-10-31,Torino,1789.6496582
1977-11-03,Torino,1775.86181641
1977-11-06,Torino,1775.86181641
1977-11-07,Torino,1784.49963379
1977-11-20,Torino,1784.49963379
1977-11-21,Torino,1786.94091797
1977-11-24,Torino,1785.62133789
1977-11-28,Torino,1771.30908203
1977-12-04,Torino,1771.30908203
1977-12-05,Torino,1771.30908203
1977-12-08,Torino,1733.97875977
1977-12-11,Torino,1733.97875977
1977-12-12,Torino,1732.60070801
1977-12-18,Torino,1732.60070801
1977-12-19,Torino,1735.95715332
1977-12-27,Torino,1735.95715332
1977-12-28,Torino,1735.95715332
1978-01-01,Torino,1735.38317871
1978-01-02,Torino,1735.38317871
1978-01-03,Torino,1735.38317871
1978-01-09,Torino,1737.61755371
1978-01-15,Torino,1737.61755371
1978-01-16,Torino,1733.99316406
1978-01-22,Torino,1733.99316406
1978-01-23,Torino,1736.08166504
1978-01-29,Torino,1736.08166504
1978-01-30,Torino,1728.92041016
1978-02-06,Torino,1716.92651367
1978-02-12,Torino,1716.92651367
1978-02-13,Torino,1710.25085449
1978-02-19,Torino,1710.25085449
1978-02-20,Torino,1711.4251709
1978-02-26,Torino,1711.4251709
1978-02-27,Torino,1713.83972168
1978-03-01,Torino,1713.83972168
1978-03-02,Torino,1716.94311523
1978-03-06,Torino,1723.11645508
1978-03-12,Torino,1723.11645508
1978-03-13,Torino,1725.76184082
1978-03-15,Torino,1725.76184082
1978-03-16,Torino,1721.22924805
1978-03-20,Torino,1733.23376465
1978-03-22,Torino,1733.23376465
1978-03-27,Torino,1726.46777344
1978-03-28,Torino,1726.46777344
1978-03-30,Torino,1726.90649414
1978-04-03,Torino,1732.37915039
1978-04-05,Torino,1732.37915039
1978-04-06,Torino,1732.37915039
1978-04-09,Torino,1732.37915039
1978-04-10,Torino,1733.27233887
1978-04-13,Torino,1726.68310547
1978-04-16,Torino,1726.68310547
1978-04-17,Torino,1728.60705566
1978-04-21,Torino,1728.60705566
1978-04-24,Torino,1714.66333008
1978-04-27,Torino,1714.66333008
1978-05-01,Torino,1716.7644043
1978-05-08,Torino,1714.44628906
1978-05-11,Torino,1714.44628906
1978-06-12,Torino,1714.44628906
1978-08-09,Torino,1714.44628906
1978-08-13,Torino,1714.44628906
1978-08-18,Torino,1714.44628906
1978-09-02,Torino,1714.44628906
1978-09-10,Torino,1714.44628906
1978-09-14,Torino,1689.25585938
1978-09-17,Torino,1689.25585938
1978-09-24,Torino,1689.25585938
1978-09-25,Torino,1689.25585938
1978-09-28,Torino,1665.56799316
1978-10-01,Torino,1665.56799316
1978-10-02,Torino,1659.31054688
1978-10-05,Torino,1659.31054688
1978-10-09,Torino,1665.86352539
1978-10-15,Torino,1665.86352539
1978-10-16,Torino,1667.05615234
1978-10-19,Torino,1671.07653809
1978-10-21,Torino,1671.07653809
1978-10-22,Torino,1671.07653809
1978-10-23,Torino,1655.57495117
1978-10-26,Torino,1655.63598633
1978-10-28,Torino,1655.63598633
1978-10-29,Torino,1655.63598633
1978-10-30,Torino,1651.14770508
1978-11-02,Torino,1655.39587402
1978-11-06,Torino,1665.85632324
1978-11-12,Torino,1665.85632324
1978-11-13,Torino,1671.82946777
1978-11-15,Torino,1671.82946777
1978-11-19,Torino,1671.82946777
1978-11-20,Torino,1676.21777344
1978-11-23,Torino,1674.05371094
1978-11-27,Torino,1674.8425293
1978-12-03,Torino,1674.8425293
1978-12-04,Torino,1668.81567383
1978-12-07,Torino,1667.01782227
1978-12-10,Torino,1667.01782227
1978-12-11,Torino,1661.14685059
1978-12-18,Torino,1654.50939941
1978-12-31,Torino,1654.50939941
1979-01-08,Torino,1657.92468262
1979-01-15,Torino,1664.19848633
1979-01-18,Torino,1664.19848633
1979-01-22,Torino,1667.50341797
1979-01-29,Torino,1667.02783203
1979-02-05,Torino,1670.23120117
1979-02-12,Torino,1666.80078125
1979-02-18,Torino,1666.80078125
1979-02-19,Torino,1670.27502441
1979-03-04,Torino,1670.27502441
1979-03-05,Torino,1672.58203125
1979-03-08,Torino,1670.2277832
1979-03-11,Torino,1670.2277832
1979-03-12,Torino,1672.51391602
1979-03-19,Torino,1672.20544434
1979-03-22,Torino,1670.4552002
1979-03-26,Torino,1659.69616699
1979-03-27,Torino,1659.69616699
1979-04-01,Torino,1659.69616699
1979-04-02,Torino,1654.88842773
1979-04-05,Torino,1654.88842773
1979-04-08,Torino,1654.88842773
1979-04-09,Torino,1663.65393066
1979-04-12,Torino,1663.65393066
1979-04-15,Torino,1643.46899414
1979-04-17,Torino,1643.46899414
1979-04-19,Torino,1643.46899414
1979-04-21,Torino,1643.46899414
1979-04-22,Torino,1643.46899414
1979-04-23,Torino,1642.86401367
1979-04-24,Torino,1642.86401367
1979-04-26,Torino,1642.86401367
1979-04-28,Torino,1642.86401367
1979-04-30,Torino,1641.81408691
1979-05-06,Torino,1641.81408691
1979-05-07,Torino,1634.25512695
1979-05-10,Torino,1634.25512695
1979-05-14,Torino,1624.65917969
1979-05-19,Torino,1624.65917969
1979-05-28,Torino,1624.65917969
1979-05-31,Torino,1624.65917969
1979-06-03,Torino,1624.65917969
1979-06-05,Torino,1624.65917969
1979-06-19,Torino,1624.65917969
1979-08-19,Torino,1624.65917969
1979-08-26,Torino,1624.65917969
1979-09-02,Torino,1624.65917969
1979-09-10,Torino,1624.65917969
1979-09-16,Torino,1624.65917969
1979-09-17,Torino,1622.59033203
1979-09-18,Torino,1622.59033203
1979-09-20,Torino,1642.49816895
1979-09-23,Torino,1642.49816895
1979-09-24,Torino,1645.75952148
1979-09-28,Torino,1645.75952148
1979-10-01,Torino,1654.70629883
1979-10-03,Torino,1654.70629883
1979-10-04,Torino,1645.83044434
1979-10-05,Torino,1646.9876709
1979-10-07,Torino,1646.9876709
1979-10-08,Torino,1641.5859375
1979-10-14,Torino,1641.5859375
1979-10-15,Torino,1640.78649902
1979-10-20,Torino,1640.78649902
1979-10-22,Torino,1630.78417969
1979-10-25,Torino,1636.8314209
1979-10-27,Torino,1636.8314209
1979-10-28,Torino,1636.8314209
1979-10-29,Torino,1652.24072266
1979-10-31,Torino,1652.24072266
1979-11-02,Torino,1621.49560547
1979-11-03,Torino,1621.49560547
1979-11-05,Torino,1618.67980957
1979-11-08,Torino,1622.50537109
1979-11-11,Torino,1622.50537109
1979-11-12,Torino,1612.33166504
1979-11-18,Torino,1612.33166504
1979-11-19,Torino,1612.33166504
1979-11-24,Torino,1612.33166504
1979-11-25,Torino,1612.33166504
1979-11-26,Torino,1619.24450684
1979-11-29,Torino,1619.24450684
1979-12-02,Torino,1619.24450684
1979-12-03,Torino,1612.76171875
1979-12-10,Torino,1605.01245117
1979-12-13,Torino,1605.01245117
1979-12-16,Torino,1605.01245117
1979-12-17,Torino,1608.35510254
1979-12-27,Torino,1608.35510254
1979-12-30,Torino,1608.35510254
1979-12-31,Torino,1599.97729492
1980-01-07,Torino,1594.78820801
1980-01-14,Torino,1588.89013672
1980-01-21,Torino,1580.87316895
1980-01-28,Torino,1575.71459961
1980-02-04,Torino,1568.71765137
1980-02-11,Torino,1573.55786133
1980-02-25,Torino,1578.10668945
1980-03-03,Torino,1585.91918945
1980-03-06,Torino,1588.01159668
1980-03-10,Torino,1592.41894531
1980-03-20,Torino,1596.5267334
1980-03-24,Torino,1612.97375488
1980-03-30,Torino,1612.97375488
1980-03-31,Torino,1606.16210938
1980-04-03,Torino,1606.16210938
1980-04-04,Torino,1606.16210938
1980-04-06,Torino,1604.73632812
1980-04-07,Torino,1604.73632812
1980-04-10,Torino,1609.36547852
1980-04-13,Torino,1604.73925781
1980-04-19,Torino,1604.73925781
1980-04-20,Torino,1604.73925781
1980-04-21,Torino,1604.73925781
1980-04-24,Torino,1595.87194824
1980-04-28,Torino,1604.61828613
1980-05-04,Torino,1604.61828613
1980-05-05,Torino,1607.90490723
1980-05-08,Torino,1607.90490723
1980-05-12,Torino,1616.75512695
1980-05-14,Torino,1616.75512695
1980-05-15,Torino,1616.75512695
1980-05-19,Torino,1616.75512695
1980-05-24,Torino,1616.75512695
1980-05-28,Torino,1616.75512695
1980-05-29,Torino,1616.75512695
1980-06-02,Torino,1616.75512695
1980-06-05,Torino,1616.75512695
1980-06-09,Torino,1616.75512695
1980-06-11,Torino,1616.75512695
1980-06-15,Torino,1616.75512695
1980-06-16,Torino,1616.75512695
1980-07-25,Torino,1616.75512695
1980-08-06,Torino,1616.75512695
1980-08-13,Torino,1616.75512695
1980-08-17,Torino,1616.75512695
1980-08-19,Torino,1616.75512695
1980-08-20,Torino,1616.75512695
1980-08-21,Torino,1616.75512695
1980-08-24,Torino,1616.75512695
1980-08-28,Torino,1616.75512695
1980-09-06,Torino,1616.75512695
1980-09-14,Torino,1616.75512695
1980-09-15,Torino,1619.18920898
1980-09-18,Torino,1659.31054688
1980-09-21,Torino,1659.31054688
1980-09-22,Torino,1649.01416016
1980-09-28,Torino,1649.01416016
1980-09-29,Torino,1652.85668945
1980-10-02,Torino,1638.39916992
1980-10-04,Torino,1638.39916992
1980-10-06,Torino,1627.19421387
1980-10-08,Torino,1627.19421387
1980-10-11,Torino,1627.19421387
1980-10-13,Torino,1627.19421387
1980-10-14,Torino,1627.19421387
1980-10-19,Torino,1627.19421387
1980-10-20,Torino,1613.17749023
1980-10-23,Torino,1629.03662109
1980-10-26,Torino,1629.03662109
1980-10-27,Torino,1641.47753906
1980-11-06,Torino,1650.40380859
1980-11-09,Torino,1650.40380859
1980-11-10,Torino,1642.8984375
1980-11-12,Torino,1642.8984375
1980-11-15,Torino,1642.8984375
1980-11-16,Torino,1642.8984375
1980-11-17,Torino,1642.8984375
1980-11-23,Torino,1642.8984375
1980-11-24,Torino,1640.59094238
1980-11-27,Torino,1640.4720459
1980-11-30,Torino,1640.4720459
1980-12-01,Torino,1635.84753418
1980-12-06,Torino,1635.84753418
1980-12-07,Torino,1635.84753418
1980-12-11,Torino,1635.30981445
1980-12-15,Torino,1648.64038086
1980-12-21,Torino,1648.64038086
1980-12-22,Torino,1652.21923828
1980-12-27,Torino,1652.21923828
1980-12-28,Torino,1652.21923828
1980-12-29,Torino,1638.39916992
1981-01-05,Torino,1638.39916992
1981-01-12,Torino,1638.39916992
1981-01-19,Torino,1644.19274902
1981-01-25,Torino,1644.19274902
1981-01-26,Torino,1641.67785645
1981-02-01,Torino,1641.67785645
1981-02-02,Torino,1646.69702148
1981-02-08,Torino,1646.69702148
1981-02-09,Torino,1644.57263184
1981-02-16,Torino,1648.58203125
1981-02-23,Torino,1633.12390137
1981-03-01,Torino,1633.12390137
1981-03-02,Torino,1616.11047363
1981-03-05,Torino,1612.85437012
1981-03-08,Torino,1612.85437012
1981-03-09,Torino,1613.37353516
1981-03-15,Torino,1613.37353516
1981-03-16,Torino,1601.24719238
1981-03-18,Torino,1601.24719238
1981-03-19,Torino,1612.28637695
1981-03-20,Torino,1612.28637695
1981-03-23,Torino,1621.7434082
1981-03-29,Torino,1621.7434082
1981-03-30,Torino,1615.3347168
1981-04-02,Torino,1615.3347168
1981-04-05,Torino,1615.3347168
1981-04-06,Torino,1605.39465332
1981-04-08,Torino,1605.39465332
1981-04-09,Torino,1603.00109863
1981-04-12,Torino,1603.00109863
1981-04-13,Torino,1592.25354004
1981-04-23,Torino,1591.82336426
1981-04-27,Torino,1582.55981445
1981-05-04,Torino,1576.60791016
1981-05-11,Torino,1578.24890137
1981-05-18,Torino,1572.6673584
1981-05-25,Torino,1564.95117188
1981-09-14,Torino,1573.76403809
1981-09-17,Torino,1569.41430664
1981-09-21,Torino,1574.84228516
1981-09-28,Torino,1570.76733398
1981-10-01,Torino,1576.96594238
1981-10-05,Torino,1575.81347656
1981-10-12,Torino,1566.95837402
1981-10-22,Torino,1554.1505127
1981-10-26,Torino,1548.20617676
1981-11-02,Torino,1543.39367676
1981-11-05,Torino,1533.08813477
1981-11-09,Torino,1531.24389648
1981-11-23,Torino,1532.69836426
1981-11-30,Torino,1526.4552002
1981-12-14,Torino,1523.00634766
1981-12-21,Torino,1510.87023926
1982-01-04,Torino,1514.01843262
1982-01-11,Torino,1519.66552734
1982-01-18,Torino,1528.0760498
1982-01-25,Torino,1534.49975586
1982-02-01,Torino,1537.01550293
1982-02-08,Torino,1528.2166748
1982-02-15,Torino,1521.50854492
1982-03-01,Torino,1526.01184082
1982-03-08,Torino,1522.6574707
1982-03-15,Torino,1522.85888672
1982-03-22,Torino,1516.27209473
1982-03-29,Torino,1512.41394043
1982-04-05,Torino,1519.76916504
1982-04-19,Torino,1522.95751953
1982-04-26,Torino,1516.91503906
1982-05-03,Torino,1523.27966309
1982-05-10,Torino,1525.24560547
1982-05-17,Torino,1519.43530273
1982-09-13,Torino,1528.30847168
1982-09-16,Torino,1537.44238281
1982-09-20,Torino,1539.02978516
1982-09-27,Torino,1534.71496582
1982-09-30,Torino,1538.25305176
1982-10-04,Torino,1539.95288086
1982-10-11,Torino,1539.36340332
1982-10-18,Torino,1548.4486084
1982-10-21,Torino,1548.87243652
1982-10-25,Torino,1549.76330566
1982-11-01,Torino,1547.80224609
1982-11-04,Torino,1555.25305176
1982-11-08,Torino,1560.03540039
1982-11-22,Torino,1557.7791748
1982-11-25,Torino,1558.25073242
1982-11-29,Torino,1546.12036133
1982-12-09,Torino,1556.32836914
1982-12-13,Torino,1549.82824707
1982-12-20,Torino,1558.61120605
1983-01-03,Torino,1567.61499023
1983-01-10,Torino,1568.65112305
1983-01-17,Torino,1558.41345215
1983-01-24,Torino,1562.46289062
1983-01-31,Torino,1563.95068359
1983-02-07,Torino,1560.25927734
1983-02-21,Torino,1579.19421387
1983-02-28,Torino,1580.47668457
1983-03-03,Torino,1578.92797852
1983-03-07,Torino,1583.36791992
1983-03-14,Torino,1577.16638184
1983-03-17,Torino,1579.8371582
1983-03-21,Torino,1590.14831543
1983-03-27,Torino,1590.14831543
1983-03-28,Torino,1599.88256836
1983-04-03,Torino,1599.88256836
1983-04-04,Torino,1599.88256836
1983-04-05,Torino,1599.88256836
1983-04-07,Torino,1601.48547363
1983-04-10,Torino,1601.48547363
1983-04-11,Torino,1589.8079834
1983-04-16,Torino,1589.8079834
1983-04-17,Torino,1589.8079834
1983-04-18,Torino,1589.8079834
1983-04-20,Torino,1589.8079834
1983-04-21,Torino,1591.00390625
1983-04-24,Torino,1591.00390625
1983-04-25,Torino,1586.25891113
1983-05-02,Torino,1577.12158203
1983-05-09,Torino,1558.24047852
1983-05-16,Torino,1554.23730469
1983-05-26,Torino,1551.55651855
1983-09-13,Torino,1552.07421875
1983-09-15,Torino,1557.15820312
1983-09-19,Torino,1564.98608398
1983-09-26,Torino,1569.49035645
1983-09-29,Torino,1584.90319824
1983-10-03,Torino,1593.91369629
1983-10-09,Torino,1593.91369629
1983-10-10,Torino,1596.51953125
1983-10-16,Torino,1596.51953125
1983-10-17,Torino,1596.51953125
1983-10-20,Torino,1594.37841797
1983-10-24,Torino,1604.41467285
1983-10-31,Torino,1596.8984375
1983-11-03,Torino,1608.01452637
1983-11-07,Torino,1611.02209473
1983-11-10,Torino,1611.02209473
1983-11-13,Torino,1611.02209473
1983-11-20,Torino,1611.02209473
1983-11-21,Torino,1616.88598633
1983-11-23,Torino,1616.88598633
1983-11-24,Torino,1616.81384277
1983-11-27,Torino,1616.81384277
1983-11-28,Torino,1611.37145996
1983-12-05,Torino,1614.40551758
1983-12-08,Torino,1607.90637207
1983-12-12,Torino,1604.24621582
1983-12-18,Torino,1604.24621582
1983-12-19,Torino,1615.91394043
1984-01-01,Torino,1620.89794922
1984-01-03,Torino,1620.89794922
1984-01-09,Torino,1623.34472656
1984-01-16,Torino,1626.44665527
1984-01-23,Torino,1618.93847656
1984-01-30,Torino,1627.34631348
1984-02-05,Torino,1627.34631348
1984-02-06,Torino,1627.34631348
1984-02-09,Torino,1627.34631348
1984-02-13,Torino,1624.13427734
1984-02-20,Torino,1628.87475586
1984-02-26,Torino,1628.87475586
1984-02-27,Torino,1626.67822266
1984-03-03,Torino,1626.67822266
1984-03-05,Torino,1626.67822266
1984-03-08,Torino,1634.82971191
1984-03-12,Torino,1637.50756836
1984-03-18,Torino,1637.50756836
1984-03-19,Torino,1632.98828125
1984-03-22,Torino,1634.0703125
1984-03-26,Torino,1625.63122559
1984-04-01,Torino,1625.63122559
1984-04-02,Torino,1626.43981934
1984-04-07,Torino,1626.43981934
1984-04-12,Torino,1626.29296875
1984-04-14,Torino,1626.29296875
1984-04-15,Torino,1626.29296875
1984-04-16,Torino,1613.90405273
1984-04-20,Torino,1613.90405273
1984-04-22,Torino,1617.74645996
1984-04-24,Torino,1617.74645996
1984-04-25,Torino,1617.74645996
1984-04-26,Torino,1630.27685547
1984-04-30,Torino,1617.66784668
1984-05-02,Torino,1617.66784668
1984-05-06,Torino,1617.66784668
1984-05-07,Torino,1612.44335938
1984-05-08,Torino,1612.44335938
1984-05-13,Torino,1612.44335938
1984-05-14,Torino,1617.29406738
1984-05-17,Torino,1620.88330078
1984-05-18,Torino,1620.88330078
1984-05-20,Torino,1620.88330078
1984-05-28,Torino,1620.88330078
1984-05-31,Torino,1621.7833252
1984-06-20,Torino,1621.7833252
1984-06-28,Torino,1621.7833252
1984-07-26,Torino,1621.7833252
1984-07-29,Torino,1621.7833252
1984-08-12,Torino,1621.7833252
1984-08-18,Torino,1621.7833252
1984-08-22,Torino,1621.7833252
1984-08-23,Torino,1621.7833252
1984-08-25,Torino,1621.7833252
1984-08-26,Torino,1621.7833252
1984-08-30,Torino,1621.7833252
1984-09-03,Torino,1621.7833252
1984-09-05,Torino,1621.7833252
1984-09-09,Torino,1621.7833252
1984-09-12,Torino,1621.7833252
1984-09-16,Torino,1621.7833252
1984-09-17,Torino,1626.3182373
1984-09-20,Torino,1627.14221191
1984-09-21,Torino,1625.35583496
1984-09-22,Torino,1625.35583496
1984-09-24,Torino,1617.55285645
1984-09-27,Torino,1617.55285645
1984-10-01,Torino,1625.3067627
1984-10-02,Torino,1625.3067627
1984-10-04,Torino,1633.01696777
1984-10-07,Torino,1633.01696777
1984-10-08,Torino,1644.35693359
1984-10-11,Torino,1644.35693359
1984-10-14,Torino,1644.35693359
1984-10-15,Torino,1642.34130859
1984-10-17,Torino,1642.34130859
1984-10-22,Torino,1645.11279297
1984-10-25,Torino,1651.6854248
1984-10-27,Torino,1651.6854248
1984-10-28,Torino,1651.6854248
1984-10-29,Torino,1655.78356934
1984-11-01,Torino,1655.78356934
1984-11-02,Torino,1655.78356934
1984-11-03,Torino,1655.78356934
1984-11-08,Torino,1652.75927734
1984-11-12,Torino,1659.84716797
1984-11-19,Torino,1674.06335449
1984-11-22,Torino,1674.06335449
1984-11-26,Torino,1663.06982422
1984-11-29,Torino,1663.66271973
1984-12-03,Torino,1678.29199219
1984-12-09,Torino,1678.29199219
1984-12-10,Torino,1678.29199219
1984-12-13,Torino,1682.88818359
1984-12-15,Torino,1682.88818359
1984-12-16,Torino,1682.88818359
1984-12-17,Torino,1686.79162598
1984-12-24,Torino,1687.14624023
1984-12-27,Torino,1687.14624023
1984-12-30,Torino,1687.14624023
1984-12-31,Torino,1687.14624023
1985-01-07,Torino,1683.5090332
1985-01-14,Torino,1680.4777832
1985-01-21,Torino,1680.98596191
1985-01-28,Torino,1682.99865723
1985-02-03,Torino,1682.99865723
1985-02-11,Torino,1676.3614502
1985-02-18,Torino,1679.7298584
1985-02-24,Torino,1679.7298584
1985-02-25,Torino,1685.26269531
1985-03-04,Torino,1683.76696777
1985-03-07,Torino,1684.81420898
1985-03-10,Torino,1684.81420898
1985-03-11,Torino,1684.81420898
1985-03-18,Torino,1681.48022461
1985-03-21,Torino,1686.50170898
1985-03-24,Torino,1686.50170898
1985-03-25,Torino,1698.20581055
1985-03-28,Torino,1698.20581055
1985-03-31,Torino,1698.20581055
1985-04-01,Torino,1686.34643555
1985-04-04,Torino,1686.34643555
1985-04-06,Torino,1686.34643555
1985-04-07,Torino,1686.34643555
1985-04-08,Torino,1686.34643555
1985-04-09,Torino,1686.34643555
1985-04-11,Torino,1694.65075684
1985-04-14,Torino,1694.65075684
1985-04-15,Torino,1707.89697266
1985-04-17,Torino,1707.89697266
1985-04-18,Torino,1707.89697266
1985-04-21,Torino,1707.89697266
1985-04-22,Torino,1711.97741699
1985-04-25,Torino,1699.71569824
1985-04-26,Torino,1699.71569824
1985-04-29,Torino,1699.47021484
1985-05-06,Torino,1693.34509277
1985-05-08,Torino,1693.34509277
1985-05-12,Torino,1693.34509277
1985-05-13,Torino,1696.15478516
1985-05-20,Torino,1702.7043457
1985-05-29,Torino,1702.7043457
1985-05-30,Torino,1708.22045898
1985-06-14,Torino,1708.22045898
1985-06-17,Torino,1708.22045898
1985-06-20,Torino,1708.22045898
1985-07-01,Torino,1708.22045898
1985-08-11,Torino,1708.22045898
1985-08-18,Torino,1708.22045898
1985-08-24,Torino,1708.22045898
1985-08-25,Torino,1708.22045898
1985-08-28,Torino,1708.22045898
1985-09-01,Torino,1708.22045898
1985-09-05,Torino,1708.22045898
1985-09-09,Torino,1709.06201172
1985-09-16,Torino,1713.3560791
1985-09-19,Torino,1710.7689209
1985-09-23,Torino,1710.14538574
1985-09-30,Torino,1715.01611328
1985-10-03,Torino,1737.86621094
1985-10-06,Torino,1737.86621094
1985-10-07,Torino,1731.48278809
1985-10-09,Torino,1731.48278809
1985-10-12,Torino,1731.48278809
1985-10-13,Torino,1731.48278809
1985-10-14,Torino,1723.1204834
1985-10-20,Torino,1723.1204834
1985-10-21,Torino,1717.91271973
1985-10-24,Torino,1702.86950684
1985-10-27,Torino,1702.86950684
1985-10-28,Torino,1707.87036133
1985-11-04,Torino,1710.05615234
1985-11-07,Torino,1696.22790527
1985-11-08,Torino,1696.22790527
1985-11-10,Torino,1696.22790527
1985-11-11,Torino,1697.39355469
1985-11-16,Torino,1697.39355469
1985-11-25,Torino,1702.27185059
1985-11-28,Torino,1701.75305176
1985-12-01,Torino,1701.75305176
1985-12-02,Torino,1701.37878418
1985-12-04,Torino,1701.37878418
1985-12-08,Torino,1701.37878418
1985-12-09,Torino,1706.29040527
1985-12-12,Torino,1701.99438477
1985-12-15,Torino,1701.99438477
1985-12-16,Torino,1696.02893066
1985-12-23,Torino,1691.16052246
1985-12-27,Torino,1691.16052246
1986-01-06,Torino,1696.00646973
1986-01-13,Torino,1699.3338623
1986-01-19,Torino,1699.3338623
1986-01-20,Torino,1701.96472168
1986-01-26,Torino,1701.96472168
1986-01-27,Torino,1705.21435547
1986-02-10,Torino,1695.20397949
1986-02-16,Torino,1695.20397949
1986-02-17,Torino,1701.94421387
1986-02-24,Torino,1708.80480957
1986-03-03,Torino,1700.74353027
1986-03-06,Torino,1705.56982422
1986-03-09,Torino,1705.56982422
1986-03-10,Torino,1696.36315918
1986-03-17,Torino,1699.62036133
1986-03-19,Torino,1699.62036133
1986-03-20,Torino,1696.85083008
1986-03-23,Torino,1696.85083008
1986-03-24,Torino,1697.49890137
1986-04-01,Torino,1697.49890137
1986-04-03,Torino,1701.65771484
1986-04-05,Torino,1701.65771484
1986-04-07,Torino,1682.16210938
1986-04-10,Torino,1682.16210938
1986-04-14,Torino,1688.62353516
1986-04-15,Torino,1688.62353516
1986-04-17,Torino,1680.55786133
1986-04-20,Torino,1680.55786133
1986-04-21,Torino,1683.11364746
1986-04-23,Torino,1683.11364746
1986-04-27,Torino,1683.11364746
1986-04-28,Torino,1687.63842773
1986-05-01,Torino,1687.63842773
1986-05-03,Torino,1687.63842773
1986-05-04,Torino,1687.63842773
1986-05-06,Torino,1687.63842773
1986-05-11,Torino,1687.63842773
1986-05-29,Torino,1687.63842773
1986-06-02,Torino,1687.63842773
1986-06-09,Torino,1687.63842773
1986-06-23,Torino,1687.63842773
1986-06-29,Torino,1687.63842773
1986-07-13,Torino,1687.63842773
1986-08-10,Torino,1687.63842773
1986-08-14,Torino,1687.63842773
1986-08-26,Torino,1687.63842773
1986-08-28,Torino,1687.63842773
1986-08-31,Torino,1687.63842773
1986-09-03,Torino,1687.63842773
1986-09-07,Torino,1687.63842773
1986-09-11,Torino,1687.63842773
1986-09-15,Torino,1692.0345459
1986-09-18,Torino,1724.53991699
1986-09-22,Torino,1726.09313965
1986-09-25,Torino,1726.09313965
1986-09-29,Torino,1706.2409668
1986-10-02,Torino,1693.46166992
1986-10-03,Torino,1690.34082031
1986-10-06,Torino,1683.78173828
1986-10-09,Torino,1683.78173828
1986-10-13,Torino,1686.22595215
1986-10-19,Torino,1686.22595215
1986-10-20,Torino,1673.39050293
1986-10-23,Torino,1682.26086426
1986-10-26,Torino,1682.26086426
1986-10-27,Torino,1696.38342285
1986-11-02,Torino,1696.38342285
1986-11-03,Torino,1702.85925293
1986-11-06,Torino,1707.28686523
1986-11-09,Torino,1707.28686523
1986-11-10,Torino,1702.99780273
1986-11-17,Torino,1702.99780273
1986-11-20,Torino,1702.99780273
1986-11-24,Torino,1688.64013672
1986-11-27,Torino,1690.92102051
1986-11-30,Torino,1690.92102051
1986-12-01,Torino,1687.25964355
1986-12-08,Torino,1687.25964355
1986-12-11,Torino,1709.53503418
1986-12-12,Torino,1709.04064941
1986-12-14,Torino,1709.04064941
1986-12-15,Torino,1705.97058105
1986-12-22,Torino,1710.13635254
1986-12-28,Torino,1710.13635254
1987-01-04,Torino,1710.13635254
1987-01-05,Torino,1711.43481445
1987-01-11,Torino,1711.43481445
1987-01-12,Torino,1717.86096191
1987-01-19,Torino,1712.46569824
1987-01-25,Torino,1712.46569824
1987-01-26,Torino,1712.46569824
1987-02-02,Torino,1716.32434082
1987-02-08,Torino,1716.32434082
1987-02-09,Torino,1715.89355469
1987-02-15,Torino,1715.89355469
1987-02-16,Torino,1715.89355469
1987-02-22,Torino,1715.89355469
1987-02-23,Torino,1705.97314453
1987-03-01,Torino,1705.97314453
1987-03-02,Torino,1692.67370605
1987-03-05,Torino,1684.29968262
1987-03-08,Torino,1684.29968262
1987-03-09,Torino,1681.46704102
1987-03-16,Torino,1675.88171387
1987-03-18,Torino,1675.88171387
1987-03-19,Torino,1658.12194824
1987-03-22,Torino,1658.12194824
1987-03-23,Torino,1661.0670166
1987-03-26,Torino,1661.0670166
1987-03-29,Torino,1661.0670166
1987-03-30,Torino,1659.38476562
1987-04-04,Torino,1659.38476562
1987-04-05,Torino,1659.38476562
1987-04-06,Torino,1653.16772461
1987-04-09,Torino,1653.16772461
1987-04-12,Torino,1653.16772461
1987-04-13,Torino,1648.91796875
1987-04-16,Torino,1648.91796875
1987-04-22,Torino,1648.91796875
1987-04-23,Torino,1648.91796875
1987-04-27,Torino,1648.79284668
1987-05-04,Torino,1652.35302734
1987-05-10,Torino,1652.35302734
1987-05-11,Torino,1657.13708496
1987-05-18,Torino,1650.74401855
1987-05-25,Torino,1650.74401855
1987-05-28,Torino,1650.74401855
1987-05-29,Torino,1650.74401855
1987-05-31,Torino,1650.74401855
1987-06-01,Torino,1650.74401855
1987-06-07,Torino,1650.74401855
1987-06-12,Torino,1650.74401855
1987-06-19,Torino,1650.74401855
1987-08-17,Torino,1650.74401855
1987-08-21,Torino,1650.74401855
1987-08-25,Torino,1650.74401855
1987-08-31,Torino,1650.74401855
1987-09-01,Torino,1650.74401855
1987-09-02,Torino,1650.74401855
1987-09-05,Torino,1650.74401855
1987-09-07,Torino,1650.74401855
1987-09-12,Torino,1650.74401855
1987-09-13,Torino,1650.74401855
1987-09-14,Torino,1645.58007812
1987-09-17,Torino,1642.18786621
1987-09-20,Torino,1642.18786621
1987-09-21,Torino,1653.67443848
1987-09-27,Torino,1653.67443848
1987-09-28,Torino,1642.37353516
1987-09-29,Torino,1642.37353516
1987-09-30,Torino,1642.37353516
1987-10-01,Torino,1657.82751465
1987-10-05,Torino,1656.25024414
1987-10-12,Torino,1656.22424316
1987-10-18,Torino,1656.22424316
1987-10-22,Torino,1640.42529297
1987-10-25,Torino,1640.42529297
1987-10-26,Torino,1645.83496094
1987-10-28,Torino,1645.83496094
1987-11-02,Torino,1650.90551758
1987-11-04,Torino,1655.61010742
1987-11-05,Torino,1655.83129883
1987-11-08,Torino,1655.83129883
1987-11-09,Torino,1653.71520996
1987-11-15,Torino,1653.71520996
1987-11-18,Torino,1653.71520996
1987-11-19,Torino,1653.71520996
1987-11-22,Torino,1653.71520996
1987-11-23,Torino,1649.76379395
1987-11-26,Torino,1647.22631836
1987-11-29,Torino,1647.22631836
1987-11-30,Torino,1647.41796875
1987-12-06,Torino,1647.41796875
1987-12-10,Torino,1647.02478027
1987-12-14,Torino,1632.61987305
1987-12-19,Torino,1632.61987305
1987-12-20,Torino,1632.61987305
1987-12-21,Torino,1635.45056152
1988-01-03,Torino,1635.45056152
1988-01-04,Torino,1635.1048584
1988-01-11,Torino,1640.85083008
1988-01-17,Torino,1640.85083008
1988-01-18,Torino,1645.58618164
1988-01-24,Torino,1645.58618164
1988-01-25,Torino,1640.16088867
1988-01-31,Torino,1640.16088867
1988-02-01,Torino,1645.75695801
1988-02-08,Torino,1649.47375488
1988-02-15,Torino,1662.63012695
1988-02-28,Torino,1662.63012695
1988-02-29,Torino,1656.09631348
1988-03-02,Torino,1660.36645508
1988-03-03,Torino,1656.90942383
1988-03-06,Torino,1656.90942383
1988-03-07,Torino,1651.00720215
1988-03-08,Torino,1651.00720215
1988-03-13,Torino,1651.00720215
1988-03-14,Torino,1650.30078125
1988-03-16,Torino,1653.69775391
1988-03-17,Torino,1654.26916504
1988-03-21,Torino,1672.40673828
1988-03-27,Torino,1672.40673828
1988-03-28,Torino,1672.32836914
1988-04-03,Torino,1672.32836914
1988-04-07,Torino,1672.6138916
1988-04-10,Torino,1672.6138916
1988-04-11,Torino,1676.58398438
1988-04-18,Torino,1676.88024902
1988-04-21,Torino,1671.65332031
1988-04-25,Torino,1665.87756348
1988-05-02,Torino,1662.23901367
1988-05-04,Torino,1662.23901367
1988-05-05,Torino,1662.23901367
1988-05-07,Torino,1662.23901367
1988-05-08,Torino,1662.23901367
1988-05-09,Torino,1670.81066895
1988-05-12,Torino,1670.81066895
1988-05-15,Torino,1670.81066895
1988-05-16,Torino,1660.10925293
1988-05-19,Torino,1660.10925293
1988-05-21,Torino,1660.10925293
1988-05-22,Torino,1660.10925293
1988-05-23,Torino,1660.10925293
1988-05-24,Torino,1662.0859375
1988-05-26,Torino,1662.0859375
1988-06-27,Torino,1662.0859375
1988-07-01,Torino,1662.0859375
1988-07-31,Torino,1662.0859375
1988-08-05,Torino,1662.0859375
1988-08-07,Torino,1662.0859375
1988-08-14,Torino,1662.0859375
1988-08-15,Torino,1662.0859375
1988-08-17,Torino,1662.0859375
1988-08-22,Torino,1662.0859375
1988-08-28,Torino,1662.0859375
1988-08-29,Torino,1662.0859375
1988-09-03,Torino,1662.0859375
1988-09-04,Torino,1662.0859375
1988-09-05,Torino,1662.0859375
1988-09-07,Torino,1662.0859375
1988-09-08,Torino,1654.49304199
1988-09-10,Torino,1654.49304199
1988-09-11,Torino,1654.49304199
1988-09-12,Torino,1654.49304199
1988-09-18,Torino,1654.49304199
1988-09-19,Torino,1654.49304199
1988-10-02,Torino,1654.49304199
1988-10-04,Torino,1654.49304199
1988-10-06,Torino,1657.92358398
1988-10-07,Torino,1661.84729004
1988-10-09,Torino,1661.84729004
1988-10-10,Torino,1652.01452637
1988-10-12,Torino,1666.1217041
1988-10-16,Torino,1666.1217041
1988-10-17,Torino,1666.83532715
1988-10-23,Torino,1666.83532715
1988-10-24,Torino,1661.64575195
1988-10-27,Torino,1666.4453125
1988-10-30,Torino,1666.4453125
1988-10-31,Torino,1661.28723145
1988-11-06,Torino,1661.28723145
1988-11-07,Torino,1665.63647461
1988-11-10,Torino,1673.27233887
1988-11-11,Torino,1673.86035156
1988-11-13,Torino,1673.86035156
1988-11-21,Torino,1662.92346191
1988-11-23,Torino,1662.92346191
1988-11-24,Torino,1676.61291504
1988-11-27,Torino,1676.61291504
1988-11-28,Torino,1694.9375
1988-11-30,Torino,1694.9375
1988-12-04,Torino,1694.9375
1988-12-05,Torino,1690.71020508
1988-12-08,Torino,1668.20117188
1988-12-11,Torino,1668.20117188
1988-12-12,Torino,1656.97033691
1988-12-19,Torino,1657.51623535
1988-12-27,Torino,1657.51623535
1989-01-01,Torino,1654.42358398
1989-01-02,Torino,1654.42358398
1989-01-03,Torino,1654.42358398
1989-01-09,Torino,1647.81274414
1989-01-16,Torino,1642.89221191
1989-01-22,Torino,1642.89221191
1989-01-23,Torino,1635.63391113
1989-01-30,Torino,1640.3984375
1989-02-06,Torino,1636.7208252
1989-02-12,Torino,1636.7208252
1989-02-13,Torino,1632.08947754
1989-02-15,Torino,1632.08947754
1989-02-20,Torino,1626.17919922
1989-02-26,Torino,1626.17919922
1989-02-27,Torino,1630.48461914
1989-03-02,Torino,1635.84338379
1989-03-05,Torino,1635.84338379
1989-03-06,Torino,1630.77429199
1989-03-12,Torino,1630.77429199
1989-03-13,Torino,1636.67993164
1989-03-16,Torino,1640.27502441
1989-03-19,Torino,1640.27502441
1989-03-20,Torino,1633.08825684
1989-03-27,Torino,1633.08825684
1989-04-03,Torino,1629.04370117
1989-04-06,Torino,1636.78222656
1989-04-09,Torino,1636.78222656
1989-04-10,Torino,1645.26403809
1989-04-16,Torino,1645.26403809
1989-04-17,Torino,1648.71740723
1989-04-20,Torino,1673.07678223
1989-04-23,Torino,1673.07678223
1989-04-30,Torino,1673.07678223
1989-05-01,Torino,1668.8782959
1989-05-03,Torino,1668.8782959
1989-05-04,Torino,1667.95117188
1989-05-06,Torino,1667.95117188
1989-05-07,Torino,1667.95117188
1989-05-08,Torino,1666.15942383
1989-05-10,Torino,1666.15942383
1989-05-11,Torino,1661.28649902
1989-05-14,Torino,1661.28649902
1989-05-15,Torino,1661.65454102
1989-05-18,Torino,1665.07678223
1989-05-22,Torino,1662.05285645
1989-05-25,Torino,1669.54943848
1989-05-29,Torino,1662.61132812
1989-06-01,Torino,1662.61132812
1989-06-04,Torino,1662.61132812
1989-06-05,Torino,1658.95959473
1989-06-11,Torino,1658.95959473
1989-06-12,Torino,1669.08679199
1989-06-18,Torino,1669.08679199
1989-06-19,Torino,1684.796875
1989-06-26,Torino,1676.35620117
1989-07-03,Torino,1676.35620117
1989-08-01,Torino,1676.35620117
1989-08-12,Torino,1676.35620117
1989-08-13,Torino,1676.35620117
1989-08-17,Torino,1676.35620117
1989-08-20,Torino,1676.35620117
1989-08-23,Torino,1676.35620117
1989-08-24,Torino,1676.35620117
1989-08-27,Torino,1676.35620117
1989-08-28,Torino,1674.18151855
1989-08-30,Torino,1674.18151855
1989-08-31,Torino,1674.18151855
1989-09-04,Torino,1677.80749512
1989-09-07,Torino,1677.80749512
1989-09-11,Torino,1677.22412109
1989-09-13,Torino,1678.42028809
1989-09-14,Torino,1675.01940918
1989-09-15,Torino,1675.23144531
1989-09-18,Torino,1685.22583008
1989-09-19,Torino,1685.22583008
1989-09-25,Torino,1685.98132324
1989-09-27,Torino,1685.97888184
1989-09-28,Torino,1670.97119141
1989-10-01,Torino,1670.97119141
1989-10-02,Torino,1674.54602051
1989-10-04,Torino,1674.54602051
1989-10-08,Torino,1674.54602051
1989-10-09,Torino,1673.94665527
1989-10-14,Torino,1673.94665527
1989-10-15,Torino,1673.94665527
1989-10-16,Torino,1676.59936523
1989-10-18,Torino,1679.09985352
1989-10-19,Torino,1682.24267578
1989-10-23,Torino,1675.99841309
1989-10-30,Torino,1675.72399902
1989-11-02,Torino,1685.63928223
1989-11-06,Torino,1687.91967773
1989-11-12,Torino,1687.91967773
1989-11-13,Torino,1689.96081543
1989-11-20,Torino,1691.68481445
1989-11-23,Torino,1684.62866211
1989-11-26,Torino,1684.62866211
1989-11-27,Torino,1683.34631348
1989-12-02,Torino,1683.34631348
1989-12-03,Torino,1683.34631348
1989-12-04,Torino,1675.89123535
1989-12-06,Torino,1675.89123535
1989-12-07,Torino,1675.35021973
1989-12-10,Torino,1675.35021973
1989-12-11,Torino,1675.55163574
1989-12-18,Torino,1677.57971191
1989-12-31,Torino,1663.42053223
1990-01-08,Torino,1668.72253418
1990-01-22,Torino,1673.15332031
1990-01-29,Torino,1680.79504395
1990-02-05,Torino,1683.23205566
1990-02-12,Torino,1672.55053711
1990-02-15,Torino,1672.55053711
1990-02-19,Torino,1677.94848633
1990-02-22,Torino,1677.94848633
1990-02-25,Torino,1677.94848633
1990-02-26,Torino,1667.32019043
1990-03-03,Torino,1667.32019043
1990-03-05,Torino,1671.1895752
1990-03-07,Torino,1671.1895752
1990-03-08,Torino,1679.09008789
1990-03-11,Torino,1679.09008789
1990-03-12,Torino,1677.2590332
1990-03-18,Torino,1677.2590332
1990-03-19,Torino,1676.61425781
1990-03-21,Torino,1676.61425781
1990-03-22,Torino,1680.98413086
1990-03-23,Torino,1681.70422363
1990-03-25,Torino,1681.70422363
1990-03-26,Torino,1686.24926758
1990-04-01,Torino,1686.24926758
1990-04-02,Torino,1685.96984863
1990-04-04,Torino,1691.5123291
1990-04-05,Torino,1691.99243164
1990-04-08,Torino,1691.99243164
1990-04-13,Torino,1691.99243164
1990-04-15,Torino,1697.04309082
1990-04-18,Torino,1698.29589844
1990-04-19,Torino,1706.94140625
1990-04-22,Torino,1706.94140625
1990-04-23,Torino,1714.48803711
1990-04-26,Torino,1714.48803711
1990-04-28,Torino,1714.48803711
1990-04-29,Torino,1714.48803711
1990-04-30,Torino,1717.33117676
1990-05-03,Torino,1717.33117676
1990-05-06,Torino,1717.33117676
1990-05-07,Torino,1714.88342285
1990-05-10,Torino,1719.3972168
1990-05-14,Torino,1712.78088379
1990-05-21,Torino,1717.71484375
1990-05-24,Torino,1719.57385254
1990-05-28,Torino,1723.1907959
1990-06-04,Torino,1707.83911133
1990-07-03,Torino,1707.83911133
1990-08-12,Torino,1707.83911133
1990-08-25,Torino,1707.83911133
1990-08-30,Torino,1707.83911133
1990-09-02,Torino,1707.83911133
1990-09-10,Torino,1704.32177734
1990-09-17,Torino,1698.07958984
1990-09-20,Torino,1696.49987793
1990-09-22,Torino,1696.49987793
1990-09-23,Torino,1696.49987793
1990-09-24,Torino,1710.45532227
1990-09-25,Torino,1710.45532227
1990-09-30,Torino,1710.45532227
1990-10-01,Torino,1704.30090332
1990-10-04,Torino,1720.13024902
1990-10-08,Torino,1727.09118652
1990-10-14,Torino,1727.09118652
1990-10-21,Torino,1727.09118652
1990-10-22,Torino,1735.36242676
1990-10-25,Torino,1727.04052734
1990-10-29,Torino,1729.26318359
1990-11-04,Torino,1729.26318359
1990-11-08,Torino,1748.17016602
1990-11-12,Torino,1753.77722168
1990-11-15,Torino,1753.77722168
1990-11-19,Torino,1755.19970703
1990-11-25,Torino,1755.19970703
1990-11-26,Torino,1757.98718262
1990-11-29,Torino,1757.84838867
1990-12-02,Torino,1757.84838867
1990-12-03,Torino,1754.2644043
1990-12-08,Torino,1754.2644043
1990-12-11,Torino,1755.22485352
1990-12-13,Torino,1762.76721191
1990-12-17,Torino,1752.71240234
1990-12-30,Torino,1752.71240234
1990-12-31,Torino,1748.66687012
1991-01-03,Torino,1748.66687012
1991-01-07,Torino,1763.35302734
1991-01-13,Torino,1763.35302734
1991-01-14,Torino,1759.88012695
1991-01-19,Torino,1759.88012695
1991-01-21,Torino,1770.92150879
1991-01-28,Torino,1764.67468262
1991-02-04,Torino,1774.67285156
1991-02-11,Torino,1771.95227051
1991-02-14,Torino,1771.95227051
1991-02-18,Torino,1778.75512695
1991-02-25,Torino,1772.65527344
1991-02-27,Torino,1772.65527344
1991-02-28,Torino,1772.65527344
1991-03-02,Torino,1772.65527344
1991-03-03,Torino,1772.65527344
1991-03-04,Torino,1766.35925293
1991-03-07,Torino,1764.90185547
1991-03-09,Torino,1764.90185547
1991-03-10,Torino,1764.90185547
1991-03-11,Torino,1768.04956055
1991-03-18,Torino,1769.18200684
1991-03-20,Torino,1769.18200684
1991-03-21,Torino,1755.71923828
1991-03-24,Torino,1755.71923828
1991-03-25,Torino,1765.55395508
1991-03-31,Torino,1762.94641113
1991-04-02,Torino,1762.94641113
1991-04-08,Torino,1760.9744873
1991-04-11,Torino,1759.1505127
1991-04-15,Torino,1772.47521973
1991-04-22,Torino,1775.42980957
1991-04-25,Torino,1776.4206543
1991-05-05,Torino,1776.4206543
1991-05-06,Torino,1778.56933594
1991-05-12,Torino,1778.56933594
1991-05-13,Torino,1779.20251465
1991-05-19,Torino,1779.20251465
1991-05-20,Torino,1781.29748535
1991-05-27,Torino,1777.43005371
1991-06-16,Torino,1777.43005371
1991-08-11,Torino,1777.43005371
1991-08-15,Torino,1777.43005371
1991-08-21,Torino,1777.43005371
1991-08-25,Torino,1777.43005371
1991-08-29,Torino,1777.43005371
1991-09-02,Torino,1778.61413574
1991-09-04,Torino,1778.61413574
1991-09-05,Torino,1778.61413574
1991-09-09,Torino,1766.3729248
1991-09-12,Torino,1766.3729248
1991-09-15,Torino,1766.3729248
1991-09-16,Torino,1777.13171387
1991-09-18,Torino,1777.13171387
1991-09-19,Torino,1778.61474609
1991-09-20,Torino,1777.30749512
1991-09-23,Torino,1775.63513184
1991-09-29,Torino,1775.63513184
1991-09-30,Torino,1783.86914062
1991-10-02,Torino,1782.80541992
1991-10-03,Torino,1767.39758301
1991-10-04,Torino,1771.45019531
1991-10-06,Torino,1771.45019531
1991-10-07,Torino,1776.18444824
1991-10-13,Torino,1776.18444824
1991-10-21,Torino,1773.88415527
1991-10-23,Torino,1773.88415527
1991-10-24,Torino,1774.48718262
1991-10-25,Torino,1778.46618652
1991-10-27,Torino,1778.46618652
1991-10-28,Torino,1780.33557129
1991-11-02,Torino,1780.33557129
1991-11-03,Torino,1780.33557129
1991-11-04,Torino,1779.26306152
1991-11-07,Torino,1783.98388672
1991-11-18,Torino,1779.47937012
1991-11-21,Torino,1779.47937012
1991-11-25,Torino,1773.40539551
1991-11-28,Torino,1781.50646973
1991-12-02,Torino,1786.37097168
1991-12-09,Torino,1782.60241699
1991-12-12,Torino,1783.67663574
1991-12-16,Torino,1790.79296875
1992-01-06,Torino,1794.29504395
1992-01-13,Torino,1790.57897949
1992-01-19,Torino,1790.57897949
1992-01-20,Torino,1801.85925293
1992-01-27,Torino,1804.64501953
1992-02-03,Torino,1798.19018555
1992-02-10,Torino,1801.24304199
1992-02-17,Torino,1813.39050293
1992-02-23,Torino,1813.39050293
1992-02-24,Torino,1816.06140137
1992-03-02,Torino,1815.76184082
1992-03-05,Torino,1821.67370605
1992-03-08,Torino,1821.67370605
1992-03-09,Torino,1815.18237305
1992-03-12,Torino,1815.18237305
1992-03-15,Torino,1815.18237305
1992-03-16,Torino,1810.73413086
1992-03-19,Torino,1812.95336914
1992-03-20,Torino,1813.56970215
1992-03-29,Torino,1817.25976562
1992-04-01,Torino,1817.25976562
1992-04-02,Torino,1816.34777832
1992-04-05,Torino,1816.34777832
1992-04-06,Torino,1826.15563965
1992-04-09,Torino,1826.15563965
1992-04-12,Torino,1832.63293457
1992-04-16,Torino,1847.11120605
1992-04-19,Torino,1844.27758789
1992-04-27,Torino,1844.98266602
1992-04-30,Torino,1834.0958252
1992-05-04,Torino,1834.88317871
1992-05-10,Torino,1842.72973633
1992-05-14,Torino,1841.52758789
1992-05-18,Torino,1854.31750488
1992-05-21,Torino,1850.60119629
1992-05-25,Torino,1852.68884277
1992-06-01,Torino,1852.68884277
1992-09-07,Torino,1855.38977051
1992-09-14,Torino,1852.95605469
1992-09-17,Torino,1855.78344727
1992-09-20,Torino,1855.78344727
1992-09-21,Torino,1862.32702637
1992-09-28,Torino,1859.09631348
1992-09-30,Torino,1859.1036377
1992-10-01,Torino,1864.88012695
1992-10-02,Torino,1865.32312012
1992-10-05,Torino,1862.21411133
1992-10-08,Torino,1862.21411133
1992-10-19,Torino,1862.31542969
1992-10-21,Torino,1863.52697754
1992-10-22,Torino,1854.31164551
1992-10-23,Torino,1832.45910645
1992-10-26,Torino,1834.62243652
1992-11-02,Torino,1841.30090332
1992-11-04,Torino,1841.22729492
1992-11-05,Torino,1845.99206543
1992-11-06,Torino,1836.8079834
1992-11-08,Torino,1836.8079834
1992-11-09,Torino,1845.53222656
1992-11-15,Torino,1845.53222656
1992-11-23,Torino,1835.06494141
1992-11-26,Torino,1837.42504883
1992-11-27,Torino,1837.42504883
1992-11-29,Torino,1837.42504883
1992-11-30,Torino,1828.63818359
1992-12-07,Torino,1822.7677002
1992-12-10,Torino,1825.99914551
1992-12-11,Torino,1827.21875
1992-12-14,Torino,1823.59667969
1993-01-04,Torino,1824.26184082
1993-01-11,Torino,1812.16308594
1993-01-18,Torino,1813.93530273
1993-01-25,Torino,1803.03210449
1993-02-01,Torino,1809.18981934
1993-02-08,Torino,1812.11181641
1993-02-15,Torino,1813.82971191
1993-02-28,Torino,1813.82971191
1993-03-01,Torino,1816.53137207
1993-03-03,Torino,1817.19335938
1993-03-04,Torino,1820.84899902
1993-03-05,Torino,1819.72644043
1993-03-08,Torino,1830.95996094
1993-03-15,Torino,1826.45202637
1993-03-17,Torino,1831.45812988
1993-03-18,Torino,1836.26867676
1993-03-19,Torino,1830.16882324
1993-03-21,Torino,1830.16882324
1993-03-22,Torino,1821.14599609
1993-03-29,Torino,1823.74157715
1993-04-05,Torino,1820.01757812
1993-04-07,Torino,1823.14538574
1993-04-08,Torino,1824.11401367
1993-04-11,Torino,1819.27502441
1993-04-19,Torino,1813.62341309
1993-04-22,Torino,1814.12109375
1993-04-23,Torino,1816.34484863
1993-04-26,Torino,1817.61621094
1993-05-06,Torino,1821.41064453
1993-05-10,Torino,1832.24951172
1993-05-13,Torino,1834.26477051
1993-05-16,Torino,1834.26477051
1993-05-17,Torino,1805.07226562
1993-05-20,Torino,1805.54553223
1993-05-24,Torino,1808.62854004
1993-05-27,Torino,1803.93688965
1993-05-31,Torino,1799.17980957
1993-06-07,Torino,1792.38793945
1993-08-30,Torino,1804.87023926
1993-09-06,Torino,1810.0567627
1993-09-09,Torino,1811.9420166
1993-09-11,Torino,1811.9420166
1993-09-13,Torino,1815.64282227
1993-09-15,Torino,1815.73010254
1993-09-16,Torino,1816.6138916
1993-09-17,Torino,1815.45983887
1993-09-20,Torino,1807.64990234
1993-09-25,Torino,1807.64990234
1993-09-27,Torino,1813.4864502
1993-09-29,Torino,1813.55773926
1993-09-30,Torino,1816.26672363
1993-10-04,Torino,1812.21459961
1993-10-17,Torino,1812.21459961
1993-10-18,Torino,1816.95556641
1993-10-21,Torino,1815.00146484
1993-10-25,Torino,1804.88867188
1993-11-01,Torino,1798.88745117
1993-11-03,Torino,1798.93823242
1993-11-04,Torino,1803.36181641
1993-11-05,Torino,1795.58532715
1993-11-08,Torino,1799.54333496
1993-11-11,Torino,1799.54333496
1993-11-21,Torino,1799.54333496
1993-11-22,Torino,1809.93530273
1993-11-25,Torino,1813.62414551
1993-11-26,Torino,1816.1628418
1993-11-29,Torino,1819.85754395
1993-12-02,Torino,1821.20422363
1993-12-06,Torino,1818.47766113
1993-12-08,Torino,1818.47766113
1993-12-09,Torino,1819.23059082
1993-12-13,Torino,1814.07043457
1993-12-19,Torino,1814.07043457
1993-12-20,Torino,1807.4588623
1994-01-03,Torino,1803.93713379
1994-01-10,Torino,1806.86682129
1994-01-15,Torino,1806.86682129
1994-01-17,Torino,1808.01123047
1994-01-24,Torino,1804.93359375
1994-01-31,Torino,1805.53356934
1994-02-07,Torino,1796.21459961
1994-02-14,Torino,1797.15856934
1994-02-21,Torino,1796.57739258
1994-02-24,Torino,1796.57739258
1994-02-28,Torino,1805.82189941
1994-03-02,Torino,1809.28186035
1994-03-03,Torino,1803.86230469
1994-03-04,Torino,1804.90356445
1994-03-07,Torino,1801.04516602
1994-03-14,Torino,1806.05993652
1994-03-16,Torino,1793.77636719
1994-03-17,Torino,1795.5177002
1994-03-18,Torino,1794.17871094
1994-03-21,Torino,1786.1171875
1994-03-27,Torino,1786.1171875
1994-03-28,Torino,1784.25585938
1994-03-30,Torino,1783.45788574
1994-03-31,Torino,1780.40734863
1994-04-03,Torino,1780.40734863
1994-04-05,Torino,1786.40771484
1994-04-11,Torino,1788.6036377
1994-04-14,Torino,1791.5456543
1994-04-17,Torino,1791.5456543
1994-04-18,Torino,1793.11401367
1994-04-25,Torino,1772.92211914
1994-04-27,Torino,1775.53918457
1994-04-28,Torino,1776.38562012
1994-05-02,Torino,1769.67602539
1994-05-05,Torino,1765.9407959
1994-05-12,Torino,1766.58056641
1994-05-16,Torino,1766.58056641
1994-05-19,Torino,1771.0838623
1994-08-24,Torino,1771.0838623
1994-08-25,Torino,1771.0838623
1994-08-28,Torino,1771.0838623
1994-09-05,Torino,1757.2746582
1994-09-12,Torino,1751.42321777
1994-09-14,Torino,1748.92102051
1994-09-15,Torino,1743.2800293
1994-09-16,Torino,1743.34558105
1994-09-19,Torino,1747.64208984
1994-09-24,Torino,1747.64208984
1994-09-26,Torino,1763.91760254
1994-09-28,Torino,1767.43530273
1994-09-29,Torino,1768.14501953
1994-09-30,Torino,1765.4486084
1994-10-02,Torino,1765.4486084
1994-10-03,Torino,1760.43859863
1994-10-07,Torino,1760.43859863
1994-10-09,Torino,1760.43859863
1994-10-15,Torino,1760.43859863
1994-10-16,Torino,1760.43859863
1994-10-17,Torino,1759.60961914
1994-10-19,Torino,1761.2322998
1994-10-20,Torino,1759.98193359
1994-10-21,Torino,1760.79040527
1994-10-24,Torino,1765.62316895
1994-10-31,Torino,1760.41308594
1994-11-02,Torino,1761.48937988
1994-11-03,Torino,1761.91394043
1994-11-04,Torino,1761.83056641
1994-11-07,Torino,1761.83056641
1994-11-12,Torino,1761.83056641
1994-11-21,Torino,1767.31286621
1994-11-23,Torino,1766.11499023
1994-11-24,Torino,1758.57983398
1994-11-25,Torino,1758.1887207
1994-11-27,Torino,1758.1887207
1994-11-28,Torino,1758.1887207
1994-12-03,Torino,1752.49255371
1994-12-05,Torino,1755.09106445
1994-12-07,Torino,1758.3079834
1994-12-08,Torino,1761.18530273
1994-12-12,Torino,1767.12145996
1994-12-18,Torino,1767.12145996
1994-12-19,Torino,1754.61450195
1994-12-22,Torino,1755.78894043
1995-01-08,Torino,1755.78894043
1995-01-09,Torino,1761.70019531
1995-01-16,Torino,1753.95544434
1995-01-22,Torino,1753.95544434
1995-01-23,Torino,1750.27380371
1995-01-26,Torino,1760.14807129
1995-01-30,Torino,1755.17431641
1995-02-05,Torino,1755.17431641
1995-02-13,Torino,1765.6673584
1995-02-19,Torino,1765.6673584
1995-02-20,Torino,1752.59619141
1995-02-26,Torino,1752.59619141
1995-02-27,Torino,1759.8269043
1995-03-02,Torino,1762.58117676
1995-03-03,Torino,1759.79528809
1995-03-06,Torino,1748.44616699
1995-03-12,Torino,1748.44616699
1995-03-13,Torino,1753.41149902
1995-03-15,Torino,1754.09814453
1995-03-16,Torino,1755.1373291
1995-03-17,Torino,1756.48937988
1995-03-20,Torino,1769.36560059
1995-03-26,Torino,1769.36560059
1995-04-03,Torino,1775.23950195
1995-04-05,Torino,1774.49853516
1995-04-06,Torino,1777.12646484
1995-04-07,Torino,1776.40698242
1995-04-09,Torino,1776.40698242
1995-04-10,Torino,1790.96679688
1995-04-15,Torino,1789.09143066
1995-04-16,Torino,1789.09143066
1995-04-19,Torino,1796.64672852
1995-04-20,Torino,1797.98376465
1995-04-21,Torino,1796.63867188
1995-04-24,Torino,1790.7355957
1995-05-01,Torino,1787.37927246
1995-05-08,Torino,1776.9362793
1995-05-15,Torino,1772.97741699
1995-05-22,Torino,1763.45300293
1995-05-25,Torino,1759.78723145
1995-05-28,Torino,1759.78723145
1995-05-29,Torino,1765.78198242
1995-06-05,Torino,1759.81811523
1995-06-19,Torino,1759.81811523
1995-07-27,Torino,1759.81811523
1995-08-05,Torino,1759.81811523
1995-08-28,Torino,1752.44628906
1995-09-03,Torino,1752.44628906
1995-09-10,Torino,1752.44628906
1995-09-11,Torino,1758.91137695
1995-09-13,Torino,1759.22644043
1995-09-14,Torino,1763.40600586
1995-09-15,Torino,1763.421875
1995-09-17,Torino,1763.421875
1995-09-18,Torino,1764.06933594
1995-09-22,Torino,1764.06933594
1995-09-24,Torino,1764.06933594
1995-09-25,Torino,1763.50305176
1995-09-27,Torino,1755.13439941
1995-09-28,Torino,1755.91015625
1995-09-29,Torino,1755.91345215
1995-10-02,Torino,1746.43261719
1995-10-08,Torino,1746.43261719
1995-10-09,Torino,1746.43261719
1995-10-16,Torino,1746.21142578
1995-10-18,Torino,1746.18981934
1995-10-19,Torino,1746.59838867
1995-10-20,Torino,1740.08874512
1995-10-22,Torino,1740.08874512
1995-10-23,Torino,1734.68603516
1995-10-29,Torino,1734.68603516
1995-10-30,Torino,1739.25964355
1995-11-01,Torino,1727.48168945
1995-11-02,Torino,1729.81408691
1995-11-03,Torino,1736.49145508
1995-11-04,Torino,1736.49145508
1995-11-06,Torino,1735.13903809
1995-11-09,Torino,1735.13903809
1995-11-12,Torino,1735.13903809
1995-11-19,Torino,1735.13903809
1995-11-20,Torino,1730.0838623
1995-11-22,Torino,1728.65307617
1995-11-23,Torino,1723.87597656
1995-11-24,Torino,1725.25097656
1995-11-26,Torino,1725.25097656
1995-11-27,Torino,1714.30187988
1995-12-03,Torino,1714.30187988
1995-12-04,Torino,1709.79467773
1995-12-06,Torino,1712.24987793
1995-12-07,Torino,1710.93664551
1995-12-08,Torino,1711.2244873
1995-12-11,Torino,1717.78149414
1995-12-18,Torino,1725.18505859
1995-12-24,Torino,1727.70788574
1996-01-08,Torino,1728.74780273
1996-01-15,Torino,1734.34472656
1996-01-22,Torino,1718.92883301
1996-01-29,Torino,1721.37866211
1996-02-01,Torino,1721.37866211
1996-02-05,Torino,1727.03234863
1996-02-12,Torino,1723.56396484
1996-02-19,Torino,1714.02001953
1996-02-26,Torino,1711.36291504
1996-03-04,Torino,1719.20373535
1996-03-06,Torino,1713.57202148
1996-03-08,Torino,1714.57397461
1996-03-10,Torino,1714.57397461
1996-03-11,Torino,1709.70739746
1996-03-16,Torino,1709.70739746
1996-03-18,Torino,1709.70739746
1996-03-20,Torino,1700.48400879
1996-03-21,Torino,1704.06274414
1996-03-22,Torino,1697.8145752
1996-03-24,Torino,1697.8145752
1996-03-25,Torino,1695.36376953
1996-03-31,Torino,1695.36376953
1996-04-01,Torino,1690.08886719
1996-04-02,Torino,1690.08886719
1996-04-04,Torino,1691.83679199
1996-04-05,Torino,1691.83679199
1996-04-07,Torino,1686.3560791
1996-04-09,Torino,1686.3560791
1996-04-11,Torino,1681.93005371
1996-04-14,Torino,1681.93005371
1996-04-15,Torino,1676.26245117
1996-04-17,Torino,1676.26245117
1996-04-18,Torino,1676.40466309
1996-04-20,Torino,1676.40466309
1996-04-21,Torino,1676.40466309
1996-04-22,Torino,1679.79443359
1996-04-27,Torino,1679.79443359
1996-04-28,Torino,1679.79443359
1996-04-29,Torino,1684.66711426
1996-05-04,Torino,1684.66711426
1996-05-05,Torino,1684.66711426
1996-05-06,Torino,1682.32043457
1996-05-08,Torino,1682.32043457
1996-05-09,Torino,1682.32043457
1996-05-12,Torino,1682.32043457
1996-05-13,Torino,1672.5826416
1996-05-15,Torino,1672.5826416
1996-05-16,Torino,1672.5826416
1996-05-19,Torino,1672.5826416
1996-05-23,Torino,1672.71838379
1996-07-03,Torino,1672.71838379
1996-07-17,Torino,1672.71838379
1996-07-28,Torino,1672.71838379
1996-08-01,Torino,1672.71838379
1996-08-08,Torino,1672.71838379
1996-08-12,Torino,1672.71838379
1996-08-18,Torino,1672.71838379
1996-08-21,Torino,1672.71838379
1996-08-22,Torino,1672.71838379
1996-08-23,Torino,1672.71838379
1996-08-25,Torino,1672.71838379
1996-08-26,Torino,1672.71838379
1996-08-28,Torino,1672.71838379
1996-08-29,Torino,1672.71838379
1996-09-04,Torino,1672.71838379
1996-09-05,Torino,1672.71838379
1996-09-08,Torino,1672.71838379
1996-09-09,Torino,1675.31640625
1996-09-10,Torino,1675.31640625
1996-09-11,Torino,1682.12207031
1996-09-12,Torino,1677.82348633
1996-09-13,Torino,1677.6907959
1996-09-14,Torino,1677.6907959
1996-09-15,Torino,1677.6907959
1996-09-16,Torino,1677.28491211
1996-09-22,Torino,1677.28491211
1996-09-23,Torino,1673.28601074
1996-09-25,Torino,1664.76013184
1996-09-26,Torino,1668.99462891
1996-09-27,Torino,1669.2623291
1996-09-29,Torino,1669.2623291
1996-09-30,Torino,1655.65429688
1996-10-03,Torino,1655.65429688
1996-10-05,Torino,1655.65429688
1996-10-06,Torino,1655.65429688
1996-10-07,Torino,1659.51159668
1996-10-10,Torino,1659.51159668
1996-10-13,Torino,1659.51159668
1996-10-14,Torino,1663.26367188
1996-10-16,Torino,1656.74194336
1996-10-17,Torino,1651.80847168
1996-10-18,Torino,1651.64208984
1996-10-20,Torino,1651.64208984
1996-10-21,Torino,1651.68261719
1996-10-24,Torino,1651.68261719
1996-10-27,Torino,1651.68261719
1996-10-28,Torino,1632.89758301
1996-10-30,Torino,1621.35388184
1996-10-31,Torino,1624.13867188
1996-11-01,Torino,1626.04101562
1996-11-03,Torino,1626.04101562
1996-11-04,Torino,1640.27575684
1996-11-05,Torino,1640.27575684
1996-11-11,Torino,1627.3729248
1996-11-17,Torino,1627.3729248
1996-11-20,Torino,1629.90771484
1996-11-21,Torino,1631.39318848
1996-11-25,Torino,1640.00231934
1996-11-29,Torino,1642.88720703
1996-12-01,Torino,1642.88720703
1996-12-02,Torino,1634.67541504
1996-12-04,Torino,1635.35681152
1996-12-05,Torino,1630.17858887
1996-12-08,Torino,1630.17858887
1996-12-09,Torino,1625.51184082
1996-12-10,Torino,1625.51184082
1996-12-11,Torino,1625.51184082
1996-12-15,Torino,1625.51184082
1996-12-16,Torino,1617.90698242
1996-12-23,Torino,1620.03796387
1997-01-06,Torino,1624.23132324
1997-01-13,Torino,1633.37585449
1997-01-20,Torino,1637.96118164
1997-01-26,Torino,1637.96118164
1997-01-27,Torino,1651.43566895
1997-01-30,Torino,1651.43566895
1997-02-02,Torino,1651.43566895
1997-02-03,Torino,1650.32214355
1997-02-10,Torino,1644.21362305
1997-02-17,Torino,1647.13842773
1997-02-22,Torino,1647.13842773
1997-02-24,Torino,1632.77294922
1997-02-25,Torino,1632.77294922
1997-03-03,Torino,1640.31835938
1997-03-04,Torino,1640.31835938
1997-03-05,Torino,1640.89868164
1997-03-06,Torino,1641.01501465
1997-03-07,Torino,1645.78173828
1997-03-10,Torino,1637.84936523
1997-03-13,Torino,1637.84936523
1997-03-17,Torino,1637.84936523
1997-03-19,Torino,1638.61083984
1997-03-20,Torino,1639.40625
1997-03-21,Torino,1637.57824707
1997-03-23,Torino,1637.57824707
1997-03-24,Torino,1620.93554688
1997-03-25,Torino,1620.93554688
1997-03-29,Torino,1620.93554688
1997-03-30,Torino,1622.83642578
1997-03-31,Torino,1622.83642578
1997-04-05,Torino,1622.83642578
1997-04-06,Torino,1622.83642578
1997-04-07,Torino,1609.96191406
1997-04-09,Torino,1613.80212402
1997-04-10,Torino,1616.39013672
1997-04-11,Torino,1618.51245117
1997-04-13,Torino,1618.51245117
1997-04-14,Torino,1619.94799805
1997-04-15,Torino,1619.94799805
1997-04-17,Torino,1619.94799805
1997-04-18,Torino,1619.94799805
1997-04-20,Torino,1619.94799805
1997-04-21,Torino,1615.28320312
1997-04-23,Torino,1616.36218262
1997-04-24,Torino,1618.37792969
1997-04-25,Torino,1611.31433105
1997-04-28,Torino,1614.44482422
1997-04-30,Torino,1614.44482422
1997-05-04,Torino,1614.44482422
1997-05-05,Torino,1604.56018066
1997-05-08,Torino,1602.7064209
1997-05-12,Torino,1607.90161133
1997-05-19,Torino,1598.72924805
1997-05-22,Torino,1599.25622559
1997-05-26,Torino,1591.45410156
1997-05-29,Torino,1585.82568359
1997-06-09,Torino,1580.99853516
1997-06-16,Torino,1574.36682129
1997-06-23,Torino,1549.79528809
1997-08-14,Torino,1552.3939209
1997-08-28,Torino,1553.50939941
1997-09-01,Torino,1546.04125977
1997-09-08,Torino,1551.45629883
1997-09-15,Torino,1548.24084473
1997-09-17,Torino,1543.27697754
1997-09-18,Torino,1544.66418457
1997-09-19,Torino,1546.83227539
1997-09-22,Torino,1536.5177002
1997-09-29,Torino,1543.49157715
1997-10-01,Torino,1543.44689941
1997-10-02,Torino,1541.25158691
1997-10-03,Torino,1541.90283203
1997-10-06,Torino,1533.15112305
1997-10-13,Torino,1513.72998047
1997-10-20,Torino,1515.38659668
1997-10-22,Torino,1508.796875
1997-10-23,Torino,1511.03308105
1997-10-24,Torino,1512.48303223
1997-10-27,Torino,1526.66931152
1997-11-05,Torino,1534.50341797
1997-11-06,Torino,1531.4263916
1997-11-07,Torino,1531.46582031
1997-11-10,Torino,1547.50146484
1997-11-17,Torino,1550.62902832
1997-11-26,Torino,1548.26538086
1997-11-27,Torino,1542.11730957
1997-11-28,Torino,1539.57763672
1997-12-01,Torino,1548.60205078
1997-12-08,Torino,1550.56079102
1997-12-10,Torino,1556.87219238
1997-12-11,Torino,1557.44177246
1997-12-15,Torino,1564.10534668
1997-12-22,Torino,1559.67480469
1998-01-05,Torino,1564.84692383
1998-01-12,Torino,1579.16503906
1998-01-19,Torino,1576.80224609
1998-01-26,Torino,1566.50219727
1998-02-02,Torino,1561.49707031
1998-02-09,Torino,1554.06958008
1998-02-16,Torino,1570.31640625
1998-02-23,Torino,1558.6048584
1998-03-01,Torino,1562.58129883
1998-03-04,Torino,1564.4017334
1998-03-05,Torino,1561.95800781
1998-03-06,Torino,1566.14355469
1998-03-09,Torino,1571.79736328
1998-03-16,Torino,1574.89746094
1998-03-18,Torino,1578.7010498
1998-03-19,Torino,1583.68164062
1998-03-20,Torino,1585.08312988
1998-03-23,Torino,1589.34020996
1998-03-31,Torino,1590.89111328
1998-04-02,Torino,1594.26501465
1998-04-03,Torino,1595.32922363
1998-04-06,Torino,1599.45581055
1998-04-12,Torino,1604.32116699
1998-04-15,Torino,1606.66101074
1998-04-16,Torino,1606.55175781
1998-04-17,Torino,1601.69299316
1998-04-20,Torino,1608.67749023
1998-04-27,Torino,1609.02954102
1998-05-04,Torino,1613.04833984
1998-05-11,Torino,1603.5904541
1998-05-18,Torino,1610.43603516
1998-05-21,Torino,1606.01525879
1998-05-25,Torino,1616.06750488
1998-06-01,Torino,1611.7923584
1998-06-08,Torino,1606.55725098
1998-06-15,Torino,1610.21716309
1998-08-13,Torino,1610.26757812
1998-08-27,Torino,1610.2857666
1998-09-06,Torino,1601.95983887
1998-09-14,Torino,1609.68823242
1998-09-16,Torino,1609.28942871
1998-09-17,Torino,1602.6505127
1998-09-18,Torino,1600.60791016
1998-09-21,Torino,1592.33496094
1998-09-28,Torino,1596.12255859
1998-09-30,Torino,1599.07434082
1998-10-01,Torino,1599.15075684
1998-10-02,Torino,1601.59753418
1998-10-05,Torino,1603.71887207
1998-10-12,Torino,1609.50476074
1998-10-18,Torino,1617.3762207
1998-10-21,Torino,1619.66699219
1998-10-22,Torino,1620.19934082
1998-10-23,Torino,1618.40466309
1998-11-02,Torino,1625.80712891
1998-11-03,Torino,1625.80712891
1998-11-04,Torino,1631.31506348
1998-11-05,Torino,1628.45239258
1998-11-06,Torino,1631.7253418
1998-11-08,Torino,1631.7253418
1998-11-09,Torino,1642.53625488
1998-11-16,Torino,1629.59838867
1998-11-21,Torino,1629.59838867
1998-11-23,Torino,1629.99658203
1998-11-25,Torino,1634.30578613
1998-11-26,Torino,1636.39465332
1998-11-29,Torino,1642.32678223
1998-12-01,Torino,1642.32678223
1998-12-03,Torino,1641.22265625
1998-12-05,Torino,1641.22265625
1998-12-06,Torino,1642.7734375
1998-12-07,Torino,1642.7734375
1998-12-09,Torino,1644.45458984
1998-12-10,Torino,1648.82336426
1998-12-14,Torino,1657.0279541
1998-12-16,Torino,1657.0279541
1998-12-21,Torino,1663.00976562
1999-01-04,Torino,1663.00976562
1999-01-07,Torino,1658.89892578
1999-01-10,Torino,1652.84606934
1999-01-11,Torino,1652.84606934
1999-01-17,Torino,1652.84606934
1999-01-18,Torino,1656.21923828
1999-01-24,Torino,1656.21923828
1999-01-25,Torino,1649.203125
1999-01-31,Torino,1649.203125
1999-02-01,Torino,1652.17810059
1999-02-07,Torino,1652.17810059
1999-02-08,Torino,1645.1776123
1999-02-14,Torino,1645.1776123
1999-02-15,Torino,1638.98388672
1999-02-18,Torino,1638.98388672
1999-02-22,Torino,1646.67346191
1999-02-27,Torino,1646.67346191
1999-02-28,Torino,1646.67346191
1999-03-01,Torino,1653.40270996
1999-03-03,Torino,1657.00244141
1999-03-04,Torino,1653.55615234
1999-03-05,Torino,1653.62841797
1999-03-07,Torino,1653.62841797
1999-03-08,Torino,1665.58203125
1999-03-11,Torino,1665.58203125
1999-03-14,Torino,1657.98486328
1999-03-15,Torino,1657.98486328
1999-03-17,Torino,1658.19641113
1999-03-18,Torino,1657.78625488
1999-03-19,Torino,1657.7911377
1999-03-20,Torino,1657.7911377
1999-03-21,Torino,1657.7911377
1999-03-23,Torino,1657.7911377
1999-03-29,Torino,1660.29748535
1999-04-04,Torino,1654.02478027
1999-04-05,Torino,1654.02478027
1999-04-06,Torino,1654.02478027
1999-04-07,Torino,1658.40368652
1999-04-08,Torino,1660.22021484
1999-04-09,Torino,1660.33972168
1999-04-11,Torino,1660.33972168
1999-04-12,Torino,1653.37353516
1999-04-15,Torino,1653.37353516
1999-04-18,Torino,1653.37353516
1999-04-19,Torino,1657.14990234
1999-04-21,Torino,1653.27709961
1999-04-22,Torino,1647.47875977
1999-04-23,Torino,1647.81738281
1999-04-25,Torino,1647.81738281
1999-04-26,Torino,1643.01489258
1999-05-01,Torino,1643.01489258
1999-05-02,Torino,1643.01489258
1999-05-03,Torino,1647.33239746
1999-05-06,Torino,1647.33239746
1999-05-08,Torino,1647.33239746
1999-05-10,Torino,1650.15576172
1999-05-12,Torino,1650.15576172
1999-05-13,Torino,1654.09863281
1999-05-16,Torino,1654.09863281
1999-05-17,Torino,1640.65905762
1999-05-20,Torino,1642.58496094
1999-05-23,Torino,1642.58496094
1999-05-24,Torino,1643.95227051
1999-05-27,Torino,1643.95227051
1999-05-30,Torino,1643.95227051
1999-05-31,Torino,1649.46875
1999-06-07,Torino,1663.6340332
1999-06-14,Torino,1651.78540039
1999-06-18,Torino,1651.78540039
1999-06-20,Torino,1651.78540039
1999-07-02,Torino,1651.78540039
1999-07-22,Torino,1651.78540039
1999-07-29,Torino,1651.78540039
1999-08-01,Torino,1651.78540039
1999-08-07,Torino,1651.78540039
1999-08-08,Torino,1651.78540039
1999-08-11,Torino,1651.78540039
1999-08-12,Torino,1647.83483887
1999-08-16,Torino,1647.83483887
1999-08-21,Torino,1647.83483887
1999-08-22,Torino,1647.83483887
1999-08-23,Torino,1647.83483887
1999-08-26,Torino,1644.76391602
1999-08-29,Torino,1650.26074219
1999-08-30,Torino,1650.26074219
1999-09-11,Torino,1650.26074219
1999-09-12,Torino,1650.26074219
1999-09-13,Torino,1656.55493164
1999-09-15,Torino,1655.92370605
1999-09-16,Torino,1656.6418457
1999-09-17,Torino,1658.72473145
1999-09-19,Torino,1658.72473145
1999-09-20,Torino,1656.12402344
1999-09-22,Torino,1656.7520752
1999-09-23,Torino,1655.71105957
1999-09-26,Torino,1655.71105957
1999-09-27,Torino,1648.94213867
1999-09-29,Torino,1646.70532227
1999-09-30,Torino,1646.32580566
1999-10-01,Torino,1647.32666016
1999-10-03,Torino,1651.46679688
1999-10-05,Torino,1651.46679688
1999-10-10,Torino,1651.46679688
1999-10-12,Torino,1651.46679688
1999-10-17,Torino,1651.46679688
1999-10-18,Torino,1661.16833496
1999-10-20,Torino,1664.62719727
1999-10-21,Torino,1661.86193848
1999-10-22,Torino,1662.66210938
1999-10-25,Torino,1664.42297363
1999-10-27,Torino,1662.7635498
1999-10-28,Torino,1665.06542969
1999-10-29,Torino,1665.06542969
1999-10-31,Torino,1671.04077148
1999-11-03,Torino,1677.69433594
1999-11-04,Torino,1674.20397949
1999-11-05,Torino,1675.55151367
1999-11-07,Torino,1675.55151367
1999-11-08,Torino,1677.80566406
1999-11-16,Torino,1677.80566406
1999-11-21,Torino,1677.80566406
1999-11-22,Torino,1687.55932617
1999-11-24,Torino,1685.54370117
1999-11-25,Torino,1688.95581055
1999-11-26,Torino,1691.70288086
1999-11-28,Torino,1691.70288086
1999-11-29,Torino,1680.35046387
1999-12-02,Torino,1680.35046387
1999-12-05,Torino,1680.35046387
1999-12-06,Torino,1676.50878906
1999-12-08,Torino,1673.13439941
1999-12-09,Torino,1673.63903809
1999-12-10,Torino,1678.50292969
1999-12-12,Torino,1675.5020752
1999-12-13,Torino,1675.5020752
1999-12-14,Torino,1675.5020752
1999-12-18,Torino,1675.5020752
1999-12-19,Torino,1675.5020752
1999-12-20,Torino,1667.86120605
1999-12-29,Torino,1667.86120605
2000-01-04,Torino,1667.86120605
2000-01-06,Torino,1667.86120605
2000-01-07,Torino,1662.01647949
2000-01-10,Torino,1650.81176758
2000-01-13,Torino,1650.81176758
2000-01-16,Torino,1650.81176758
2000-01-17,Torino,1668.11755371
2000-01-24,Torino,1675.55822754
2000-01-27,Torino,1675.55822754
2000-01-31,Torino,1678.75256348
2000-02-03,Torino,1678.75256348
2000-02-06,Torino,1678.75256348
2000-02-07,Torino,1672.15136719
2000-02-09,Torino,1672.15136719
2000-02-10,Torino,1672.15136719
2000-02-12,Torino,1672.15136719
2000-02-13,Torino,1672.15136719
2000-02-14,Torino,1678.8203125
2000-02-17,Torino,1678.8203125
2000-02-19,Torino,1678.8203125
2000-02-21,Torino,1675.66430664
2000-02-27,Torino,1675.66430664
2000-02-28,Torino,1679.97961426
2000-03-01,Torino,1673.15197754
2000-03-02,Torino,1675.07714844
2000-03-03,Torino,1674.11853027
2000-03-05,Torino,1674.11853027
2000-03-06,Torino,1672.16589355
2000-03-08,Torino,1667.46118164
2000-03-09,Torino,1666.60546875
2000-03-10,Torino,1647.14831543
2000-03-12,Torino,1647.14831543
2000-03-13,Torino,1655.86938477
2000-03-15,Torino,1657.20837402
2000-03-16,Torino,1655.97241211
2000-03-17,Torino,1655.97241211
2000-03-18,Torino,1655.97241211
2000-03-19,Torino,1655.97241211
2000-03-20,Torino,1654.14147949
2000-03-22,Torino,1652.45776367
2000-03-23,Torino,1655.98657227
2000-03-24,Torino,1655.98657227
2000-03-26,Torino,1636.21838379
2000-03-30,Torino,1636.21838379
2000-04-03,Torino,1631.50598145
2000-04-06,Torino,1625.90490723
2000-04-08,Torino,1625.90490723
2000-04-09,Torino,1627.78356934
2000-04-17,Torino,1630.14550781
2000-04-19,Torino,1629.58044434
2000-04-20,Torino,1629.58044434
2000-04-21,Torino,1629.58044434
2000-04-22,Torino,1629.58044434
2000-04-23,Torino,1636.09436035
2000-04-24,Torino,1636.09436035
2000-04-25,Torino,1636.09436035
2000-05-01,Torino,1642.23852539
2000-05-02,Torino,1642.23852539
2000-05-07,Torino,1642.23852539
2000-05-08,Torino,1636.68994141
2000-05-11,Torino,1636.68994141
2000-05-12,Torino,1636.68994141
2000-05-15,Torino,1641.32177734
2000-05-16,Torino,1641.32177734
2000-05-21,Torino,1641.32177734
2000-05-22,Torino,1641.32177734
2000-05-27,Torino,1641.32177734
2000-06-05,Torino,1641.32177734
2000-06-12,Torino,1641.32177734
2000-07-03,Torino,1641.32177734
2000-07-20,Torino,1641.32177734
2000-07-27,Torino,1641.32177734
2000-07-29,Torino,1641.32177734
2000-08-06,Torino,1641.32177734
2000-08-07,Torino,1641.32177734
2000-08-09,Torino,1641.32177734
2000-08-10,Torino,1640.88879395
2000-08-13,Torino,1640.88879395
2000-08-14,Torino,1640.88879395
2000-08-20,Torino,1640.88879395
2000-08-21,Torino,1640.88879395
2000-08-23,Torino,1642.9786377
2000-08-24,Torino,1636.48120117
2000-08-25,Torino,1636.48120117
2000-09-02,Torino,1615.69165039
2000-09-11,Torino,1616.79736328
2000-09-13,Torino,1619.47131348
2000-09-14,Torino,1620.65515137
2000-09-15,Torino,1619.77856445
2000-09-20,Torino,1618.27978516
2000-09-21,Torino,1608.41931152
2000-09-27,Torino,1613.79101562
2000-09-28,Torino,1611.98583984
2000-09-29,Torino,1606.2902832
2000-10-03,Torino,1612.20849609
2000-10-09,Torino,1620.98059082
2000-10-18,Torino,1619.66955566
2000-10-19,Torino,1619.9296875
2000-10-23,Torino,1614.99633789
2000-10-25,Torino,1611.10168457
2000-10-26,Torino,1611.87792969
2000-10-27,Torino,1612.8861084
2000-10-30,Torino,1604.10595703
2000-11-02,Torino,1595.64074707
2000-11-06,Torino,1589.74841309
2000-11-08,Torino,1592.29516602
2000-11-09,Torino,1586.89746094
2000-11-10,Torino,1579.47546387
2000-11-13,Torino,1570.453125
2000-11-20,Torino,1574.13513184
2000-11-22,Torino,1573.08459473
2000-11-23,Torino,1570.39746094
2000-11-24,Torino,1562.17675781
2000-12-04,Torino,1565.34362793
2000-12-06,Torino,1566.16931152
2000-12-07,Torino,1570.38562012
2000-12-08,Torino,1575.88085938
2000-12-09,Torino,1587.84863281
2000-12-18,Torino,1591.90661621
2000-12-24,Torino,1595.2208252
2001-01-15,Torino,1608.34130859
2001-01-20,Torino,1614.00915527
2001-01-29,Torino,1621.61474609
2001-02-05,Torino,1625.75
2001-02-13,Torino,1619.68713379
2001-02-14,Torino,1618.63354492
2001-02-15,Torino,1616.35620117
2001-02-16,Torino,1612.3380127
2001-02-19,Torino,1615.5871582
2001-02-21,Torino,1615.54980469
2001-02-22,Torino,1615.23669434
2001-02-23,Torino,1608.08544922
2001-02-26,Torino,1599.89733887
2001-03-05,Torino,1602.27514648
2001-03-07,Torino,1603.11218262
2001-03-08,Torino,1600.26330566
2001-03-13,Torino,1610.15844727
2001-03-14,Torino,1610.32873535
2001-03-15,Torino,1611.18701172
2001-03-19,Torino,1616.4140625
2001-03-26,Torino,1609.90209961
2001-04-02,Torino,1620.04345703
2001-04-07,Torino,1615.86181641
2001-04-15,Torino,1623.41320801
2001-04-23,Torino,1618.64245605
2001-04-30,Torino,1624.11474609
2001-05-11,Torino,1629.96142578
2001-05-21,Torino,1622.59375
2001-05-28,Torino,1627.79077148
2001-06-04,Torino,1631.15844727
2001-06-11,Torino,1641.37731934
2001-06-12,Torino,1641.37731934
2001-06-16,Torino,1641.37731934
2001-06-25,Torino,1641.37731934
2001-07-02,Torino,1641.37731934
2001-07-11,Torino,1641.37731934
2001-07-29,Torino,1641.37731934
2001-08-05,Torino,1641.37731934
2001-08-08,Torino,1641.37731934
2001-08-09,Torino,1634.48022461
2001-08-13,Torino,1634.48022461
2001-08-22,Torino,1636.1517334
2001-08-23,Torino,1637.95922852
2001-08-27,Torino,1640.57995605
2001-08-28,Torino,1640.57995605
2001-09-09,Torino,1640.57995605
2001-09-10,Torino,1626.99328613
2001-09-12,Torino,1621.1171875
2001-09-17,Torino,1628.10620117
2001-09-19,Torino,1628.7755127
2001-09-20,Torino,1622.59155273
2001-09-21,Torino,1622.86889648
2001-09-24,Torino,1615.28027344
2001-09-26,Torino,1614.46020508
2001-09-27,Torino,1612.7578125
2001-09-28,Torino,1614.34594727
2001-10-01,Torino,1605.80725098
2001-10-11,Torino,1606.1505127
2001-10-15,Torino,1613.42468262
2001-10-17,Torino,1616.4543457
2001-10-18,Torino,1617.08251953
2001-10-19,Torino,1625.70739746
2001-10-22,Torino,1632.30065918
2001-10-24,Torino,1633.7331543
2001-10-25,Torino,1636.71801758
2001-10-28,Torino,1636.71801758
2001-10-29,Torino,1626.88916016
2001-10-31,Torino,1622.18786621
2001-11-01,Torino,1619.2109375
2001-11-02,Torino,1621.6340332
2001-11-05,Torino,1631.75036621
2001-11-19,Torino,1635.24633789
2001-11-21,Torino,1635.31481934
2001-11-23,Torino,1631.4185791
2001-11-26,Torino,1644.34777832
2001-11-30,Torino,1647.93469238
2001-12-03,Torino,1642.45678711
2001-12-05,Torino,1639.88562012
2001-12-06,Torino,1638.98352051
2001-12-07,Torino,1648.84277344
2001-12-10,Torino,1638.40234375
2001-12-16,Torino,1638.40234375
2001-12-17,Torino,1640.15136719
2001-12-20,Torino,1647.85046387
2001-12-22,Torino,1647.85046387
2001-12-23,Torino,1647.85046387
2001-12-24,Torino,1635.9206543
2001-12-30,Torino,1635.9206543
2002-01-06,Torino,1635.9206543
2002-01-07,Torino,1633.82019043
2002-01-14,Torino,1642.76794434
2002-01-20,Torino,1653.06787109
2002-01-24,Torino,1653.06787109
2002-01-28,Torino,1663.03466797
2002-01-30,Torino,1663.03466797
2002-01-31,Torino,1663.03466797
2002-02-03,Torino,1668.67126465
2002-02-10,Torino,1668.67126465
2002-02-11,Torino,1665.7364502
2002-02-17,Torino,1665.7364502
2002-02-18,Torino,1677.62988281
2002-02-20,Torino,1677.16894531
2002-02-21,Torino,1678.47094727
2002-02-22,Torino,1680.36584473
2002-02-23,Torino,1680.36584473
2002-02-24,Torino,1680.36584473
2002-02-25,Torino,1683.57373047
2002-02-27,Torino,1686.35620117
2002-02-28,Torino,1683.55419922
2002-03-01,Torino,1674.58398438
2002-03-03,Torino,1674.58398438
2002-03-04,Torino,1665.6973877
2002-03-06,Torino,1665.6973877
2002-03-09,Torino,1665.6973877
2002-03-10,Torino,1665.6973877
2002-03-11,Torino,1663.32568359
2002-03-13,Torino,1660.39489746
2002-03-14,Torino,1658.03430176
2002-03-15,Torino,1655.16955566
2002-03-18,Torino,1650.60144043
2002-03-19,Torino,1650.60144043
2002-03-20,Torino,1648.26269531
2002-03-21,Torino,1649.97241211
2002-03-22,Torino,1659.78344727
2002-03-23,Torino,1659.78344727
2002-03-24,Torino,1659.78344727
2002-03-25,Torino,1664.82421875
2002-03-26,Torino,1664.82421875
2002-03-31,Torino,1674.06530762
2002-04-04,Torino,1674.06530762
2002-04-05,Torino,1665.58959961
2002-04-07,Torino,1664.12902832
2002-04-08,Torino,1664.12902832
2002-04-11,Torino,1664.12902832
2002-04-12,Torino,1663.78723145
2002-04-14,Torino,1663.78723145
2002-04-15,Torino,1665.8482666
2002-04-21,Torino,1665.8482666
2002-04-22,Torino,1661.37255859
2002-04-25,Torino,1661.37255859
2002-04-28,Torino,1661.37255859
2002-04-29,Torino,1659.82409668
2002-05-05,Torino,1659.82409668
2002-05-06,Torino,1654.57531738
2002-05-09,Torino,1654.57531738
2002-05-12,Torino,1654.57531738
2002-05-27,Torino,1654.57531738
2002-06-12,Torino,1654.57531738
2002-07-08,Torino,1654.57531738
2002-07-18,Torino,1654.57531738
2002-07-21,Torino,1654.57531738
2002-08-05,Torino,1654.57531738
2002-08-08,Torino,1654.57531738
2002-08-11,Torino,1654.57531738
2002-08-12,Torino,1654.57531738
2002-08-15,Torino,1655.9597168
2002-08-16,Torino,1655.9597168
2002-08-18,Torino,1655.9597168
2002-08-19,Torino,1655.9597168
2002-08-25,Torino,1655.9597168
2002-08-26,Torino,1655.9597168
2002-08-28,Torino,1658.29138184
2002-08-29,Torino,1659.23291016
2002-08-30,Torino,1659.23291016
2002-09-01,Torino,1659.23291016
2002-09-11,Torino,1659.23291016
2002-09-12,Torino,1659.23291016
2002-09-15,Torino,1656.36242676
2002-09-16,Torino,1656.36242676
2002-09-18,Torino,1649.65869141
2002-09-19,Torino,1651.18005371
2002-09-20,Torino,1653.50854492
2002-09-22,Torino,1653.50854492
2002-09-23,Torino,1646.08703613
2002-09-25,Torino,1657.34509277
2002-09-26,Torino,1658.35839844
2002-09-29,Torino,1658.35839844
2002-09-30,Torino,1650.64599609
2002-10-02,Torino,1656.10290527
2002-10-03,Torino,1653.26879883
2002-10-04,Torino,1645.33068848
2002-10-05,Torino,1645.33068848
2002-10-06,Torino,1645.33068848
2002-10-07,Torino,1639.08288574
2002-10-08,Torino,1639.08288574
2002-10-21,Torino,1645.66772461
2002-10-23,Torino,1643.67590332
2002-10-24,Torino,1642.73474121
2002-10-27,Torino,1642.73474121
2002-10-28,Torino,1635.36975098
2002-10-30,Torino,1633.88085938
2002-10-31,Torino,1639.1036377
2002-11-01,Torino,1639.67089844
2002-11-02,Torino,1639.67089844
2002-11-03,Torino,1625.56091309
2002-11-07,Torino,1633.71118164
2002-11-11,Torino,1628.08361816
2002-11-13,Torino,1628.6920166
2002-11-14,Torino,1627.30432129
2002-11-15,Torino,1621.25708008
2002-11-18,Torino,1613.83520508
2002-11-25,Torino,1608.20410156
2002-11-27,Torino,1611.2199707
2002-11-28,Torino,1611.99743652
2002-11-29,Torino,1612.7286377
2002-12-02,Torino,1596.75585938
2002-12-11,Torino,1595.82177734
2002-12-12,Torino,1600.53833008
2002-12-13,Torino,1600.18347168
2002-12-16,Torino,1604.07336426
2002-12-22,Torino,1598.77111816
2003-01-07,Torino,1596.8503418
2003-01-12,Torino,1600.33105469
2003-01-20,Torino,1596.29199219
2003-01-27,Torino,1601.66308594
2003-02-03,Torino,1596.10705566
2003-02-10,Torino,1603.14221191
2003-02-17,Torino,1599.99682617
2003-02-19,Torino,1594.21447754
2003-02-20,Torino,1593.06494141
2003-02-21,Torino,1590.57629395
2003-02-23,Torino,1582.90136719
2003-02-26,Torino,1578.45593262
2003-02-27,Torino,1586.06213379
2003-03-03,Torino,1582.70593262
2003-03-05,Torino,1587.51452637
2003-03-10,Torino,1594.1607666
2003-03-12,Torino,1594.92175293
2003-03-13,Torino,1594.80932617
2003-03-14,Torino,1595.42297363
2003-03-17,Torino,1591.54003906
2003-03-19,Torino,1584.34216309
2003-03-20,Torino,1586.29187012
2003-03-21,Torino,1588.46728516
2003-03-24,Torino,1596.53710938
2003-04-06,Torino,1594.60534668
2003-04-09,Torino,1595.1105957
2003-04-10,Torino,1595.38671875
2003-04-11,Torino,1590.953125
2003-04-14,Torino,1575.40112305
2003-04-20,Torino,1572.92749023
2003-04-23,Torino,1578.8013916
2003-04-24,Torino,1581.1451416
2003-04-25,Torino,1580.07507324
2003-04-27,Torino,1584.53564453
2003-05-04,Torino,1576.15759277
2003-05-07,Torino,1575.45532227
2003-05-11,Torino,1572.67675781
2003-05-15,Torino,1577.12109375
2003-05-18,Torino,1575.92687988
2003-05-25,Torino,1569.82299805
2003-07-02,Torino,1569.82299805
2003-08-14,Torino,1571.55761719
2003-08-28,Torino,1573.32885742
2003-09-12,Torino,1566.66381836
2003-09-15,Torino,1570.28125
2003-09-17,Torino,1575.67150879
2003-09-18,Torino,1582.94543457
2003-09-21,Torino,1596.89733887
2003-09-24,Torino,1607.7590332
2003-09-25,Torino,1609.2890625
2003-09-28,Torino,1614.1114502
2003-10-01,Torino,1616.9552002
2003-10-02,Torino,1615.41943359
2003-10-05,Torino,1617.21459961
2003-10-09,Torino,1602.56140137
2003-10-13,Torino,1593.58227539
2003-10-16,Torino,1596.26293945
2003-10-19,Torino,1588.2331543
2003-10-22,Torino,1583.19677734
2003-10-23,Torino,1576.32385254
2003-10-26,Torino,1577.2512207
2003-11-03,Torino,1582.10046387
2003-11-05,Torino,1576.53210449
2003-11-06,Torino,1574.41003418
2003-11-07,Torino,1576.73742676
2003-11-10,Torino,1568.19689941
2003-11-17,Torino,1572.34765625
2003-11-21,Torino,1573.52856445
2003-11-24,Torino,1580.7298584
2003-11-26,Torino,1574.72058105
2003-11-27,Torino,1576.47680664
2003-11-28,Torino,1577.69702148
2003-12-01,Torino,1578.04211426
2003-12-03,Torino,1573.38598633
2003-12-08,Torino,1568.32983398
2003-12-10,Torino,1561.76965332
2003-12-11,Torino,1564.27575684
2003-12-15,Torino,1556.39343262
2003-12-22,Torino,1552.42858887
2004-01-07,Torino,1552.3203125
2004-01-12,Torino,1547.34191895
2004-01-19,Torino,1549.33776855
2004-01-26,Torino,1542.91845703
2004-02-02,Torino,1530.99108887
2004-02-10,Torino,1535.64453125
2004-02-16,Torino,1527.08728027
2004-02-24,Torino,1531.98083496
2004-02-25,Torino,1531.87756348
2004-02-26,Torino,1530.42529297
2004-02-27,Torino,1526.25341797
2004-03-01,Torino,1520.60424805
2004-03-04,Torino,1515.55871582
2004-03-05,Torino,1521.58276367
2004-03-08,Torino,1526.6529541
2004-03-10,Torino,1523.24291992
2004-03-11,Torino,1525.97875977
2004-03-12,Torino,1522.78564453
2004-03-15,Torino,1526.01257324
2004-03-19,Torino,1530.08532715
2004-03-22,Torino,1518.10461426
2004-03-24,Torino,1522.46728516
2004-03-26,Torino,1524.08630371
2004-03-28,Torino,1524.04980469
2004-04-04,Torino,1519.60327148
2004-04-08,Torino,1511.32214355
2004-04-09,Torino,1509.73242188
2004-04-11,Torino,1499.63061523
2004-04-15,Torino,1495.53869629
2004-04-17,Torino,1493.07067871
2004-04-25,Torino,1493.69494629
2004-05-02,Torino,1489.15014648
2004-05-09,Torino,1483.6427002
2004-05-16,Torino,1494.3515625
2004-05-23,Torino,1487.73852539
2004-05-30,Torino,1492.64245605
2004-06-06,Torino,1487.26196289
2004-06-13,Torino,1474.35461426
2004-08-11,Torino,1472.64099121
2004-08-12,Torino,1473.54052734
2004-08-25,Torino,1476.84631348
2004-08-26,Torino,1479.22558594
2004-09-11,Torino,1486.85339355
2004-09-15,Torino,1491.32800293
2004-09-16,Torino,1486.5559082
2004-09-17,Torino,1483.23620605
2004-09-19,Torino,1500.27868652
2004-09-22,Torino,1505.40246582
2004-09-26,Torino,1513.94799805
2004-09-29,Torino,1512.72265625
2004-09-30,Torino,1518.89343262
2004-10-01,Torino,1518.43408203
2004-10-03,Torino,1523.53857422
2004-10-07,Torino,1514.67175293
2004-10-11,Torino,1503.86328125
2004-10-16,Torino,1502.61621094
2004-10-20,Torino,1501.6574707
2004-10-21,Torino,1513.3112793
2004-10-22,Torino,1511.20703125
2004-10-24,Torino,1506.32116699
2004-10-27,Torino,1516.50939941
2004-10-31,Torino,1509.21435547
2004-11-03,Torino,1507.37670898
2004-11-04,Torino,1509.57629395
2004-11-05,Torino,1508.22424316
2004-11-08,Torino,1519.77709961
2004-11-15,Torino,1514.59265137
2004-11-23,Torino,1523.70166016
2004-11-24,Torino,1522.54931641
2004-11-25,Torino,1524.78649902
2004-11-26,Torino,1520.66052246
2004-11-29,Torino,1502.06506348
2004-12-03,Torino,1500.921875
2004-12-04,Torino,1501.24023438
2004-12-08,Torino,1502.45825195
2004-12-09,Torino,1496.02478027
2004-12-13,Torino,1502.44299316
2004-12-17,Torino,1504.11669922
2004-12-20,Torino,1513.35327148
2005-01-07,Torino,1518.60339355
2005-01-10,Torino,1510.62145996
2005-01-17,Torino,1498.86096191
2005-01-24,Torino,1490.84790039
2005-01-31,Torino,1496.86120605
2005-02-04,Torino,1500.74145508
2005-02-08,Torino,1507.69494629
2005-02-14,Torino,1500.70251465
2005-02-17,Torino,1500.43615723
2005-02-21,Torino,1504.11303711
2005-02-23,Torino,1503.00292969
2005-02-24,Torino,1507.859375
2005-02-25,Torino,1515.80859375
2005-02-26,Torino,1509.05029297
2005-03-07,Torino,1504.47753906
2005-03-09,Torino,1506.5546875
2005-03-10,Torino,1511.69628906
2005-03-11,Torino,1513.0526123
2005-03-14,Torino,1505.46166992
2005-03-16,Torino,1508.16186523
2005-03-18,Torino,1511.76159668
2005-03-27,Torino,1518.28894043
2005-04-06,Torino,1517.11657715
2005-04-08,Torino,1518.3963623
2005-04-10,Torino,1517.81665039
2005-04-14,Torino,1514.20507812
2005-04-15,Torino,1515.27685547
2005-04-17,Torino,1519.515625
2005-04-21,Torino,1533.11328125
2005-04-26,Torino,1537.27758789
2005-04-27,Torino,1540.15783691
2005-04-29,Torino,1539.50805664
2005-05-01,Torino,1542.58959961
2005-05-05,Torino,1541.68640137
2005-05-06,Torino,1537.01159668
2005-05-08,Torino,1540.54064941
2005-05-15,Torino,1537.21557617
2005-05-22,Torino,1541.24780273
2005-05-26,Torino,1540.36022949
2005-05-29,Torino,1541.95629883
2005-06-06,Torino,1548.59667969
2005-06-12,Torino,1558.17138672
2005-06-17,Torino,1565.76586914
2005-06-20,Torino,1569.66247559
2005-06-24,Torino,1581.0012207
2005-06-27,Torino,1578.37524414
2005-08-11,Torino,1584.03393555
2005-08-24,Torino,1585.39038086
2005-08-25,Torino,1585.17529297
2005-09-11,Torino,1588.67871094
2005-09-14,Torino,1590.1496582
2005-09-15,Torino,1593.94641113
2005-09-16,Torino,1594.65270996
2005-09-18,Torino,1589.18249512
2005-09-21,Torino,1584.24902344
2005-09-25,Torino,1588.99902344
2005-09-28,Torino,1596.4342041
2005-09-29,Torino,1596.16455078
2005-09-30,Torino,1598.39892578
2005-10-02,Torino,1602.20263672
2005-10-06,Torino,1609.81140137
2005-10-10,Torino,1607.19812012
2005-10-16,Torino,1605.54382324
2005-10-19,Torino,1597.0291748
2005-10-20,Torino,1590.56323242
2005-10-21,Torino,1594.40063477
2005-10-23,Torino,1598.00939941
2005-10-27,Torino,1590.24597168
2005-10-30,Torino,1593.64904785
2005-11-02,Torino,1592.18786621
2005-11-03,Torino,1592.62878418
2005-11-04,Torino,1589.75634766
2005-11-05,Torino,1590.05749512
2005-11-14,Torino,1595.50305176
2005-11-20,Torino,1600.31518555
2005-11-23,Torino,1603.83764648
2005-11-24,Torino,1608.1036377
2005-11-25,Torino,1609.6862793
2005-11-27,Torino,1598.21655273
2005-12-01,Torino,1597.15197754
2005-12-02,Torino,1593.18615723
2005-12-04,Torino,1596.50463867
2005-12-07,Torino,1595.84082031
2005-12-08,Torino,1594.65100098
2005-12-11,Torino,1585.29907227
2005-12-15,Torino,1587.66418457
2005-12-16,Torino,1587.56542969
2005-12-17,Torino,1585.3494873
2005-12-21,Torino,1590.8638916
2006-01-08,Torino,1585.01098633
2006-01-15,Torino,1584.95837402
2006-01-19,Torino,1572.1159668
2006-01-22,Torino,1570.6361084
2006-01-31,Torino,1568.79992676
2006-02-05,Torino,1569.82312012
2006-02-08,Torino,1560.6940918
2006-02-12,Torino,1563.34790039
2006-02-16,Torino,1571.12365723
2006-02-17,Torino,1569.87792969
2006-02-22,Torino,1571.07629395
2006-02-23,Torino,1570.61523438
2006-02-24,Torino,1573.83520508
2006-02-25,Torino,1576.08569336
2006-03-05,Torino,1570.49169922
2006-03-08,Torino,1572.61413574
2006-03-09,Torino,1576.8026123
2006-03-10,Torino,1576.26940918
2006-03-12,Torino,1569.05212402
2006-03-15,Torino,1569.7220459
2006-03-16,Torino,1567.98352051
2006-03-17,Torino,1560.20336914
2006-03-19,Torino,1567.07678223
2006-03-25,Torino,1576.92321777
2006-03-29,Torino,1572.97631836
2006-03-30,Torino,1574.28540039
2006-04-01,Torino,1580.37866211
2006-04-05,Torino,1580.70251465
2006-04-06,Torino,1578.41418457
2006-04-09,Torino,1571.49658203
2006-04-19,Torino,1568.63647461
2006-04-24,Torino,1576.61010742
2006-04-27,Torino,1576.38928223
2006-04-30,Torino,1579.39245605
2006-05-07,Torino,1589.7199707
2006-05-14,Torino,1592.83703613
2006-05-22,Torino,1602.30102539
2006-05-29,Torino,1605.97045898
2006-06-02,Torino,1607.92541504
2006-06-05,Torino,1612.55944824
2006-06-09,Torino,1599.56774902
2006-06-12,Torino,1617.5690918
2006-07-03,Torino,1617.5690918
2006-08-10,Torino,1614.14282227
2006-08-23,Torino,1614.72424316
2006-08-24,Torino,1613.22937012
2006-09-11,Torino,1611.54089355
2006-09-13,Torino,1612.00402832
2006-09-14,Torino,1612.47912598
2006-09-15,Torino,1616.54992676
2006-09-18,Torino,1609.12988281
2006-09-21,Torino,1598.7166748
2006-09-25,Torino,1600.90869141
2006-09-27,Torino,1600.23974609
2006-09-28,Torino,1593.92199707
2006-09-29,Torino,1599.33691406
2006-10-01,Torino,1585.44494629
2006-10-16,Torino,1592.32287598
2006-10-18,Torino,1593.61376953
2006-10-19,Torino,1597.0567627
2006-10-20,Torino,1598.30236816
2006-10-22,Torino,1601.04638672
2006-10-26,Torino,1594.78662109
2006-10-30,Torino,1596.9005127
2006-11-01,Torino,1596.74206543
2006-11-02,Torino,1597.56738281
2006-11-03,Torino,1593.97766113
2006-11-06,Torino,1591.47375488
2006-11-13,Torino,1585.89440918
2006-11-20,Torino,1593.43286133
2006-11-22,Torino,1589.57666016
2006-11-23,Torino,1588.00708008
2006-11-24,Torino,1585.53259277
2006-11-27,Torino,1597.01733398
2006-11-30,Torino,1599.64501953
2006-12-04,Torino,1606.83911133
2006-12-06,Torino,1609.54760742
2006-12-07,Torino,1603.71130371
2006-12-11,Torino,1610.94470215
2006-12-14,Torino,1610.67126465
2006-12-15,Torino,1610.56640625
2006-12-18,Torino,1622.10314941
2006-12-21,Torino,1616.61645508
2006-12-24,Torino,1619.00793457
2007-01-14,Torino,1613.5291748
2007-01-22,Torino,1606.75756836
2007-01-28,Torino,1597.17016602
2007-02-12,Torino,1587.32653809
2007-02-15,Torino,1585.57385254
2007-02-16,Torino,1584.12792969
2007-02-19,Torino,1579.87561035
2007-02-21,Torino,1579.87414551
2007-02-22,Torino,1577.86547852
2007-02-23,Torino,1573.87548828
2007-02-25,Torino,1563.67199707
2007-03-01,Torino,1570.2310791
2007-03-05,Torino,1565.14733887
2007-03-07,Torino,1571.96228027
2007-03-08,Torino,1573.48413086
2007-03-12,Torino,1579.71472168
2007-03-19,Torino,1596.08874512
2007-04-02,Torino,1595.94543457
2007-04-04,Torino,1594.05419922
2007-04-05,Torino,1595.37744141
2007-04-08,Torino,1590.03771973
2007-04-11,Torino,1584.86181641
2007-04-12,Torino,1591.3548584
2007-04-16,Torino,1581.47644043
2007-04-19,Torino,1575.58239746
2007-04-23,Torino,1580.22460938
2007-04-25,Torino,1580.0489502
2007-04-29,Torino,1576.78173828
2007-05-03,Torino,1583.8605957
2007-05-07,Torino,1588.70898438
2007-05-14,Torino,1603.82568359
2007-05-21,Torino,1601.39245605
2007-05-24,Torino,1604.16638184
2007-05-28,Torino,1601.54211426
2007-08-15,Torino,1599.62817383
2007-08-17,Torino,1599.43273926
2007-08-26,Torino,1605.35266113
2007-08-29,Torino,1610.07177734
2007-08-31,Torino,1605.11340332
2007-09-03,Torino,1604.49902344
2007-09-17,Torino,1608.37817383
2007-09-19,Torino,1609.57531738
2007-09-20,Torino,1607.26074219
2007-09-21,Torino,1607.73974609
2007-09-24,Torino,1605.21276855
2007-09-27,Torino,1597.08728027
2007-10-01,Torino,1592.46801758
2007-10-03,Torino,1592.90625
2007-10-04,Torino,1590.21008301
2007-10-05,Torino,1574.94213867
2007-10-08,Torino,1581.97180176
2007-10-22,Torino,1585.640625
2007-10-24,Torino,1588.85778809
2007-10-25,Torino,1589.28515625
2007-10-26,Torino,1591.03967285
2007-10-28,Torino,1599.8840332
2007-11-01,Torino,1594.4822998
2007-11-04,Torino,1601.69873047
2007-11-07,Torino,1608.55993652
2007-11-08,Torino,1609.56408691
2007-11-09,Torino,1610.23522949
2007-11-12,Torino,1607.65380859
2007-11-26,Torino,1609.58129883
2007-11-28,Torino,1614.06738281
2007-11-29,Torino,1610.40979004
2007-11-30,Torino,1610.10412598
2007-12-03,Torino,1607.66540527
2007-12-05,Torino,1608.44104004
2007-12-10,Torino,1605.91247559
2007-12-12,Torino,1605.05249023
2007-12-13,Torino,1607.05102539
2007-12-17,Torino,1611.2598877
2007-12-21,Torino,1611.89819336
2007-12-24,Torino,1615.03100586
2008-01-14,Torino,1604.45349121
2008-01-20,Torino,1601.7755127
2008-01-28,Torino,1601.98303223
2008-02-04,Torino,1617.79248047
2008-02-11,Torino,1627.83227539
2008-02-15,Torino,1628.67932129
2008-02-16,Torino,1628.67932129
2008-02-17,Torino,1628.67932129
2008-02-18,Torino,1630.84741211
2008-02-20,Torino,1628.03369141
2008-02-21,Torino,1629.07336426
2008-02-22,Torino,1629.48010254
2008-02-24,Torino,1626.52429199
2008-02-27,Torino,1633.35778809
2008-02-28,Torino,1633.35778809
2008-03-03,Torino,1636.51757812
2008-03-05,Torino,1632.16223145
2008-03-06,Torino,1638.17614746
2008-03-07,Torino,1642.37414551
2008-03-10,Torino,1648.6484375
2008-03-12,Torino,1645.76708984
2008-03-13,Torino,1642.50256348
2008-03-16,Torino,1642.50256348
2008-03-17,Torino,1628.45385742
2008-03-20,Torino,1618.47521973
2008-03-23,Torino,1612.96533203
2008-03-31,Torino,1622.90332031
2008-04-02,Torino,1620.52172852
2008-04-04,Torino,1623.55566406
2008-04-06,Torino,1623.55566406
2008-04-07,Torino,1611.76733398
2008-04-10,Torino,1611.38781738
2008-04-11,Torino,1613.90991211
2008-04-14,Torino,1604.82006836
2008-04-21,Torino,1601.31640625
2008-04-25,Torino,1601.6796875
2008-04-28,Torino,1598.83117676
2008-05-02,Torino,1597.72106934
2008-05-05,Torino,1604.82788086
2008-05-12,Torino,1614.44470215
2008-05-19,Torino,1608.31115723
2008-08-13,Torino,1609.9810791
2008-08-14,Torino,1610.48010254
2008-08-15,Torino,1610.64331055
2008-08-27,Torino,1610.66931152
2008-08-28,Torino,1610.83837891
2008-08-29,Torino,1610.92565918
2008-09-01,Torino,1623.4395752
2008-09-15,Torino,1626.08764648
2008-09-17,Torino,1623.13391113
2008-09-18,Torino,1625.71289062
2008-09-19,Torino,1632.17089844
2008-09-21,Torino,1632.17089844
2008-09-22,Torino,1626.80285645
2008-09-25,Torino,1630.13745117
2008-09-29,Torino,1619.6484375
2008-10-01,Torino,1615.03308105
2008-10-02,Torino,1617.16516113
2008-10-03,Torino,1607.91662598
2008-10-06,Torino,1601.52490234
2008-10-20,Torino,1590.69580078
2008-10-22,Torino,1590.80786133
2008-10-23,Torino,1590.46374512
2008-10-24,Torino,1598.34313965
2008-10-26,Torino,1596.21496582
2008-10-30,Torino,1603.90539551
2008-11-03,Torino,1600.01135254
2008-11-05,Torino,1603.24108887
2008-11-06,Torino,1608.64697266
2008-11-07,Torino,1611.93920898
2008-11-09,Torino,1619.4597168
2008-11-17,Torino,1613.90466309
2008-11-24,Torino,1617.98522949
2008-11-26,Torino,1614.20617676
2008-11-27,Torino,1610.80627441
2008-11-28,Torino,1609.3170166
2008-12-01,Torino,1604.60693359
2008-12-04,Torino,1601.40136719
2008-12-08,Torino,1590.42211914
2008-12-10,Torino,1588.87072754
2008-12-11,Torino,1587.71386719
2008-12-14,Torino,1577.98803711
2008-12-18,Torino,1576.38598633
2008-12-19,Torino,1575.64099121
2008-12-22,Torino,1584.50939941
2009-01-11,Torino,1578.06323242
2009-01-19,Torino,1573.80322266
2009-01-26,Torino,1577.61230469
2009-01-29,Torino,1575.10546875
2009-02-02,Torino,1583.32092285
2009-02-09,Torino,1581.4197998
2009-02-15,Torino,1586.10339355
2009-02-19,Torino,1583.38879395
2009-02-20,Torino,1580.14489746
2009-02-23,Torino,1588.19555664
2009-02-25,Torino,1586.59753418
2009-02-26,Torino,1585.4119873
2009-02-27,Torino,1577.14978027
2009-03-02,Torino,1581.8215332
2009-03-08,Torino,1577.68237305
2009-03-11,Torino,1576.54443359
2009-03-12,Torino,1575.78283691
2009-03-13,Torino,1579.84912109
2009-03-16,Torino,1573.0
2009-03-20,Torino,1573.39282227
2009-03-23,Torino,1561.74060059
2009-04-06,Torino,1557.64233398
2009-04-10,Torino,1555.46020508
2009-04-12,Torino,1562.96887207
2009-04-17,Torino,1561.97460938
2009-04-20,Torino,1558.30371094
2009-04-27,Torino,1566.49304199
2009-05-04,Torino,1563.75219727
2009-05-11,Torino,1561.48620605
2009-05-18,Torino,1573.2286377
2009-05-25,Torino,1566.28625488
2009-06-01,Torino,1564.11071777
2009-07-02,Torino,1564.11071777
2009-07-31,Torino,1564.70739746
2009-08-07,Torino,1565.93286133
2009-08-19,Torino,1567.40661621
2009-08-21,Torino,1572.58630371
2009-08-22,Torino,1585.61865234
2009-08-27,Torino,1586.51220703
2009-08-28,Torino,1587.56945801
2009-09-01,Torino,1596.3536377
2009-09-07,Torino,1589.12854004
2009-09-13,Torino,1592.51733398
2009-09-16,Torino,1594.72424316
2009-09-17,Torino,1593.20849609
2009-09-18,Torino,1584.16821289
2009-09-19,Torino,1593.81115723
2009-09-23,Torino,1579.72229004
2009-09-27,Torino,1579.66125488
2009-09-30,Torino,1583.67407227
2009-10-01,Torino,1579.39929199
2009-10-02,Torino,1582.92614746
2009-10-06,Torino,1577.24023438
2009-10-12,Torino,1564.45507812
2009-10-18,Torino,1572.00976562
2009-10-21,Torino,1571.86816406
2009-10-22,Torino,1576.57971191
2009-10-23,Torino,1576.18249512
2009-10-24,Torino,1583.3638916
2009-11-01,Torino,1569.96789551
2009-11-04,Torino,1571.13342285
2009-11-05,Torino,1574.67700195
2009-11-06,Torino,1576.44189453
2009-11-10,Torino,1574.17700195
2009-11-16,Torino,1572.48059082
2009-11-24,Torino,1571.94396973
2009-11-25,Torino,1572.07800293
2009-11-26,Torino,1567.80517578
2009-11-29,Torino,1554.36828613
2009-12-03,Torino,1550.97717285
2009-12-04,Torino,1551.80212402
2009-12-06,Torino,1558.7409668
2009-12-09,Torino,1551.16784668
2009-12-10,Torino,1556.66052246
2009-12-13,Torino,1545.27722168
2009-12-17,Torino,1546.90319824
2009-12-18,Torino,1539.79833984
2009-12-20,Torino,1531.4519043
2010-01-06,Torino,1526.6340332
2010-01-10,Torino,1515.23742676
2010-01-17,Torino,1524.67370605
2010-01-23,Torino,1526.68725586
2010-02-06,Torino,1523.9362793
2010-02-14,Torino,1533.21459961
2010-02-17,Torino,1531.31066895
2010-02-18,Torino,1530.93322754
2010-02-19,Torino,1532.01696777
2010-02-21,Torino,1517.89086914
2010-02-25,Torino,1519.53735352
2010-02-26,Torino,1512.92346191
2010-02-28,Torino,1520.03344727
2010-03-07,Torino,1526.09326172
2010-03-10,Torino,1525.47229004
2010-03-11,Torino,1523.17883301
2010-03-12,Torino,1526.37939453
2010-03-14,Torino,1518.30957031
2010-03-17,Torino,1522.98779297
2010-03-19,Torino,1515.82580566
2010-03-21,Torino,1528.44555664
2010-03-24,Torino,1533.32226562
2010-03-29,Torino,1541.90332031
2010-04-01,Torino,1542.8503418
2010-04-03,Torino,1546.79943848
2010-04-07,Torino,1548.33935547
2010-04-11,Torino,1542.4128418
2010-04-14,Torino,1538.24780273
2010-04-18,Torino,1534.63781738
2010-04-21,Torino,1538.95031738
2010-04-25,Torino,1530.8918457
2010-04-29,Torino,1532.03076172
2010-05-02,Torino,1535.8795166
2010-05-09,Torino,1545.70654297
2010-05-16,Torino,1549.84301758
2010-05-23,Torino,1553.58483887
2010-05-24,Torino,1552.79846191
2010-05-31,Torino,1558.73620605
2010-06-03,Torino,1555.61413574
2010-06-07,Torino,1568.9251709
2010-06-10,Torino,1567.80615234
2010-06-14,Torino,1557.22119141
2010-07-30,Torino,1557.31628418
2010-08-06,Torino,1557.33703613
2010-08-19,Torino,1555.03564453
2010-08-20,Torino,1557.1529541
2010-08-24,Torino,1543.62719727
2010-08-25,Torino,1543.45251465
2010-08-27,Torino,1544.89855957
2010-08-29,Torino,1537.89855957
2010-09-05,Torino,1534.13818359
2010-09-12,Torino,1544.19909668
2010-09-15,Torino,1542.87194824
2010-09-16,Torino,1543.3536377
2010-09-17,Torino,1536.16894531
2010-09-19,Torino,1540.35119629
2010-09-26,Torino,1526.37280273
2010-09-29,Torino,1527.57714844
2010-09-30,Torino,1529.83300781
2010-10-01,Torino,1531.13769531
2010-10-03,Torino,1535.15979004
2010-10-11,Torino,1530.47790527
2010-10-14,Torino,1535.45727539
2010-10-17,Torino,1529.26574707
2010-10-20,Torino,1521.54870605
2010-10-21,Torino,1522.76635742
2010-10-22,Torino,1513.91113281
2010-10-24,Torino,1500.89758301
2010-11-02,Torino,1505.40808105
2010-11-03,Torino,1501.38415527
2010-11-04,Torino,1505.06555176
2010-11-05,Torino,1498.37878418
2010-11-07,Torino,1498.76416016
2010-11-10,Torino,1503.29406738
2010-11-14,Torino,1505.69677734
2010-11-21,Torino,1510.14550781
2010-11-24,Torino,1517.01928711
2010-11-25,Torino,1517.98266602
2010-11-28,Torino,1517.83166504
2010-12-02,Torino,1513.28381348
2010-12-03,Torino,1511.10229492
2010-12-06,Torino,1510.33898926
2010-12-08,Torino,1505.65942383
2010-12-09,Torino,1498.48754883
2010-12-14,Torino,1505.82849121
2010-12-16,Torino,1507.56066895
2010-12-17,Torino,1501.60266113
2010-12-19,Torino,1506.52844238
2011-01-09,Torino,1506.60192871
2011-01-16,Torino,1493.72265625
2011-01-23,Torino,1490.01391602
2011-01-30,Torino,1490.68066406
2011-02-06,Torino,1478.7635498
2011-02-15,Torino,1472.85510254
2011-02-16,Torino,1470.41870117
2011-02-17,Torino,1468.22644043
2011-02-18,Torino,1467.83959961
2011-02-20,Torino,1474.81091309
2011-02-24,Torino,1472.5670166
2011-02-25,Torino,1470.05993652
2011-02-27,Torino,1477.25585938
2011-03-03,Torino,1468.87683105
2011-03-08,Torino,1461.15100098
2011-03-09,Torino,1459.46875
2011-03-10,Torino,1459.03552246
2011-03-13,Torino,1444.00134277
2011-03-16,Torino,1449.39245605
2011-03-20,Torino,1440.69836426
2011-03-27,Torino,1460.98657227
2011-04-02,Torino,1466.41296387
2011-04-06,Torino,1459.57629395
2011-04-10,Torino,1468.01904297
2011-04-14,Torino,1467.13867188
2011-04-19,Torino,1464.10095215
2011-04-23,Torino,1464.92236328
2011-05-01,Torino,1460.79125977
2011-05-08,Torino,1465.21813965
2011-05-15,Torino,1471.12573242
2011-05-21,Torino,1472.35351562
2011-05-30,Torino,1457.79785156
2011-07-29,Torino,1455.54821777
2011-08-05,Torino,1453.76281738
2011-08-17,Torino,1453.22265625
2011-08-19,Torino,1452.1706543
2011-08-25,Torino,1450.27526855
2011-08-26,Torino,1444.20678711
2011-08-28,Torino,1453.2565918
2011-09-01,Torino,1450.59350586
2011-09-05,Torino,1459.56860352
2011-09-13,Torino,1466.84277344
2011-09-14,Torino,1469.6595459
2011-09-15,Torino,1467.2565918
2011-09-16,Torino,1467.140625
2011-09-20,Torino,1466.38647461
2011-09-25,Torino,1472.81164551
2011-09-28,Torino,1479.99707031
2011-09-29,Torino,1480.98620605
2011-09-30,Torino,1478.74755859
2011-10-01,Torino,1490.33398438
2011-10-06,Torino,1495.44873047
2011-10-10,Torino,1503.99157715
2011-10-16,Torino,1507.21020508
2011-10-19,Torino,1512.41589355
2011-10-20,Torino,1513.23046875
2011-10-21,Torino,1516.19250488
2011-10-25,Torino,1504.76965332
2011-10-30,Torino,1508.9934082
2011-11-02,Torino,1517.10241699
2011-11-03,Torino,1518.60241699
2011-11-04,Torino,1516.01733398
2011-11-06,Torino,1516.90002441
2011-11-14,Torino,1513.484375
2011-11-20,Torino,1511.94067383
2011-11-23,Torino,1515.65026855
2011-11-24,Torino,1514.28723145
2011-11-27,Torino,1519.2298584
2011-12-01,Torino,1519.69152832
2011-12-02,Torino,1518.89624023
2011-12-07,Torino,1517.59667969
2011-12-08,Torino,1518.70092773
2011-12-11,Torino,1525.67980957
2011-12-15,Torino,1520.64001465
2011-12-16,Torino,1518.54675293
2011-12-18,Torino,1508.14489746
2012-01-07,Torino,1503.1796875
2012-01-15,Torino,1507.40136719
2012-01-22,Torino,1506.58081055
2012-01-29,Torino,1507.0690918
2012-02-01,Torino,1511.21826172
2012-02-12,Torino,1514.87841797
2012-02-16,Torino,1521.65661621
2012-02-17,Torino,1516.65686035
2012-02-21,Torino,1523.13964844
2012-02-22,Torino,1527.09545898
2012-02-23,Torino,1525.93395996
2012-02-24,Torino,1531.03320312
2012-02-27,Torino,1522.95117188
2012-03-04,Torino,1534.67651367
2012-03-07,Torino,1531.73095703
2012-03-09,Torino,1527.81762695
2012-03-13,Torino,1507.45129395
2012-03-14,Torino,1506.61486816
2012-03-15,Torino,1500.0135498
2012-03-16,Torino,1499.96008301
2012-03-18,Torino,1498.33874512
2012-03-25,Torino,1505.91210938
2012-03-29,Torino,1506.2869873
2012-04-01,Torino,1496.40026855
2012-04-04,Torino,1495.04016113
2012-04-22,Torino,1495.72131348
2012-04-26,Torino,1501.55541992
2012-04-29,Torino,1506.42614746
2012-05-02,Torino,1512.79980469
2012-05-08,Torino,1519.66662598
2012-05-13,Torino,1509.79821777
2012-05-16,Torino,1521.08972168
2012-05-21,Torino,1527.32946777
2012-05-27,Torino,1522.68493652
2012-07-02,Torino,1522.68493652
2012-08-03,Torino,1523.71765137
2012-08-10,Torino,1523.25878906
2012-08-23,Torino,1524.62316895
2012-08-24,Torino,1527.42285156
2012-08-27,Torino,1530.5904541
2012-08-29,Torino,1529.99255371
2012-08-31,Torino,1529.81860352
2012-09-02,Torino,1540.21472168
2012-09-17,Torino,1532.04492188
2012-09-19,Torino,1530.27050781
2012-09-20,Torino,1531.71630859
2012-09-21,Torino,1532.91381836
2012-09-24,Torino,1535.67443848
2012-09-27,Torino,1537.94421387
2012-10-01,Torino,1561.1706543
2012-10-03,Torino,1560.62158203
2012-10-04,Torino,1564.26965332
2012-10-05,Torino,1565.8873291
2012-10-08,Torino,1555.46105957
2012-10-22,Torino,1557.19494629
2012-10-24,Torino,1555.02185059
2012-10-25,Torino,1553.5201416
2012-10-26,Torino,1545.12597656
2012-10-29,Torino,1534.82092285
2012-11-01,Torino,1539.96557617
2012-11-05,Torino,1545.65979004
2012-11-07,Torino,1545.33996582
2012-11-08,Torino,1546.23486328
2012-11-09,Torino,1548.34484863
2012-11-12,Torino,1555.72253418
2012-11-20,Torino,1549.28894043
2012-11-21,Torino,1553.21850586
2012-11-22,Torino,1557.74487305
2012-11-23,Torino,1552.90075684
2012-11-26,Torino,1554.62683105
2012-12-02,Torino,1551.43139648
2012-12-05,Torino,1547.77429199
2012-12-06,Torino,1551.73303223
2012-12-07,Torino,1543.21289062
2012-12-10,Torino,1536.36743164
2012-12-17,Torino,1537.37756348
2012-12-23,Torino,1548.15197754
2013-01-06,Torino,1551.55090332
2013-01-14,Torino,1557.3494873
2013-01-21,Torino,1569.86865234
2013-01-28,Torino,1574.85839844
2013-02-03,Torino,1571.91064453
2013-02-11,Torino,1567.27429199
2013-02-13,Torino,1569.71533203
2013-02-15,Torino,1567.12695312
2013-02-18,Torino,1573.47619629
2013-02-21,Torino,1577.7479248
2013-02-22,Torino,1583.12133789
2013-02-25,Torino,1576.55712891
2013-03-04,Torino,1573.35864258
2013-03-07,Torino,1573.62744141
2013-03-08,Torino,1575.70019531
2013-03-11,Torino,1566.21459961
2013-03-13,Torino,1561.28393555
2013-03-15,Torino,1565.26733398
2013-03-18,Torino,1575.2668457
2013-03-31,Torino,1566.03198242
2013-04-03,Torino,1564.04333496
2013-04-05,Torino,1560.58764648
2013-04-07,Torino,1563.67883301
2013-04-11,Torino,1562.3137207
2013-04-12,Torino,1561.1060791
2013-04-15,Torino,1553.90307617
2013-04-22,Torino,1549.97973633
2013-04-29,Torino,1545.80212402
2013-05-06,Torino,1543.50231934
2013-05-09,Torino,1541.69140625
2013-05-13,Torino,1544.26782227
2013-05-20,Torino,1544.97058105
2013-08-02,Torino,1545.23400879
2013-08-09,Torino,1545.36962891
2013-08-21,Torino,1545.86437988
2013-08-23,Torino,1540.67492676
2013-08-26,Torino,1549.78845215
2013-08-29,Torino,1553.24377441
2013-08-30,Torino,1551.9609375
2013-09-02,Torino,1542.26416016
2013-09-15,Torino,1547.03857422
2013-09-18,Torino,1544.76855469
2013-09-19,Torino,1550.19946289
2013-09-20,Torino,1553.06494141
2013-09-23,Torino,1563.67895508
2013-09-26,Torino,1561.7902832
2013-09-30,Torino,1558.54638672
2013-10-02,Torino,1556.49414062
2013-10-03,Torino,1554.63049316
2013-10-04,Torino,1556.90686035
2013-10-07,Torino,1557.70056152
2013-10-21,Torino,1558.57580566
2013-10-23,Torino,1563.07287598
2013-10-24,Torino,1562.18725586
2013-10-25,Torino,1562.06030273
2013-10-28,Torino,1558.63745117
2013-10-31,Torino,1559.2454834
2013-11-04,Torino,1562.8638916
2013-11-06,Torino,1564.10644531
2013-11-07,Torino,1564.62182617
2013-11-08,Torino,1566.75830078
2013-11-11,Torino,1560.39038086
2013-11-25,Torino,1572.73547363
2013-11-27,Torino,1574.86791992
2013-11-28,Torino,1575.53076172
2013-11-29,Torino,1576.07653809
2013-12-01,Torino,1578.45581055
2013-12-09,Torino,1587.18103027
2013-12-12,Torino,1587.18444824
2013-12-13,Torino,1587.19421387
2013-12-16,Torino,1603.29187012
2013-12-17,Torino,1603.29187012
2013-12-22,Torino,1603.29187012
2013-12-23,Torino,1613.49829102
2014-01-07,Torino,1604.62426758
2014-01-13,Torino,1607.30456543
2014-01-14,Torino,1607.30456543
2014-01-20,Torino,1617.9432373
2014-01-27,Torino,1623.29199219
2014-01-28,Torino,1623.29199219
2014-01-30,Torino,1623.29199219
2014-02-02,Torino,1628.1484375
2014-02-03,Torino,1628.1484375
2014-02-10,Torino,1616.78186035
2014-02-18,Torino,1629.93347168
2014-02-19,Torino,1629.93347168
2014-02-20,Torino,1628.80932617
2014-02-21,Torino,1626.56945801
2014-02-24,Torino,1624.59020996
2014-02-26,Torino,1624.59020996
2014-02-28,Torino,1626.37329102
2014-03-02,Torino,1626.37329102
2014-03-03,Torino,1610.72998047
2014-03-10,Torino,1605.53210449
2014-03-12,Torino,1604.01708984
2014-03-14,Torino,1602.08215332
2014-03-17,Torino,1602.08215332
2014-03-18,Torino,1596.92919922
2014-03-21,Torino,1595.22668457
2014-03-23,Torino,1601.55847168
2014-03-26,Torino,1598.38464355
2014-03-31,Torino,1604.5489502
2014-04-01,Torino,1604.5489502
2014-04-03,Torino,1604.5489502
2014-04-04,Torino,1605.71203613
2014-04-06,Torino,1605.71203613
2014-04-07,Torino,1613.02478027
2014-04-11,Torino,1613.77111816
2014-04-14,Torino,1619.76269531
2014-04-20,Torino,1622.2947998
2014-04-21,Torino,1622.2947998
2014-04-25,Torino,1620.72155762
2014-04-27,Torino,1620.72155762
2014-04-28,Torino,1630.1496582
2014-04-30,Torino,1630.1496582
2014-05-01,Torino,1630.1496582
2014-05-02,Torino,1627.62768555
2014-05-04,Torino,1627.62768555
2014-05-05,Torino,1634.55200195
2014-05-12,Torino,1633.65368652
2014-05-19,Torino,1637.37927246
2014-08-01,Torino,1638.95678711
2014-08-03,Torino,1638.95678711
2014-08-07,Torino,1638.95678711
2014-08-08,Torino,1639.77062988
2014-08-11,Torino,1639.77062988
2014-08-15,Torino,1639.77062988
2014-08-17,Torino,1639.77062988
2014-08-20,Torino,1639.23583984
2014-08-22,Torino,1636.76074219
2014-08-24,Torino,1636.76074219
2014-08-25,Torino,1636.76074219
2014-08-27,Torino,1636.76074219
2014-08-28,Torino,1633.00964355
2014-08-29,Torino,1638.66271973
2014-08-30,Torino,1638.66271973
2014-08-31,Torino,1638.66271973
2014-09-01,Torino,1638.18261719
2014-09-13,Torino,1638.18261719
2014-09-15,Torino,1626.00500488
2014-09-16,Torino,1626.00500488
2014-09-17,Torino,1626.64929199
2014-09-18,Torino,1630.36791992
2014-09-19,Torino,1637.78723145
2014-09-21,Torino,1637.78723145
2014-09-22,Torino,1627.44042969
2014-09-23,Torino,1627.44042969
2014-09-24,Torino,1627.44042969
2014-09-25,Torino,1635.01660156
2014-09-28,Torino,1635.01660156
2014-09-29,Torino,1635.74743652
2014-09-30,Torino,1635.74743652
2014-10-01,Torino,1637.61352539
2014-10-02,Torino,1635.64575195
2014-10-03,Torino,1644.24755859
2014-10-06,Torino,1640.4432373
2014-10-19,Torino,1640.4432373
2014-10-20,Torino,1647.22302246
2014-10-22,Torino,1643.47338867
2014-10-23,Torino,1639.3026123
2014-10-24,Torino,1636.61779785
2014-10-27,Torino,1630.60266113
2014-10-28,Torino,1630.60266113
2014-10-30,Torino,1636.48864746
2014-11-01,Torino,1636.48864746
2014-11-02,Torino,1636.48864746
2014-11-03,Torino,1632.97314453
2014-11-05,Torino,1633.93359375
2014-11-06,Torino,1633.20825195
2014-11-07,Torino,1612.60058594
2014-11-10,Torino,1607.13830566
2014-11-24,Torino,1595.71313477
2014-11-26,Torino,1595.78088379
2014-11-27,Torino,1597.06225586
2014-11-28,Torino,1598.81176758
2014-12-01,Torino,1597.27856445
2014-12-07,Torino,1595.1217041
2014-12-10,Torino,1594.92297363
2014-12-11,Torino,1592.13330078
2014-12-12,Torino,1607.12561035
2014-12-15,Torino,1607.12561035
2014-12-16,Torino,1606.34069824
2014-12-21,Torino,1606.34069824
2014-12-22,Torino,1613.42553711
2014-12-27,Torino,1613.42553711
2014-12-29,Torino,1613.42553711
2015-01-07,Torino,1613.1685791
2015-01-11,Torino,1613.9173584
2015-01-13,Torino,1613.9173584
2015-01-17,Torino,1613.9173584
2015-01-18,Torino,1613.9173584
2015-01-19,Torino,1619.15991211
2015-01-20,Torino,1619.15991211
2015-01-25,Torino,1619.15991211
2015-01-26,Torino,1630.0760498
2015-02-01,Torino,1630.0760498
2015-02-02,Torino,1643.43652344
2015-02-04,Torino,1643.43652344
2015-02-05,Torino,1643.43652344
2015-02-08,Torino,1654.19848633
2015-02-09,Torino,1654.19848633
2015-02-10,Torino,1654.19848633
2015-02-14,Torino,1654.19848633
2015-02-15,Torino,1654.19848633
2015-02-16,Torino,1649.41552734
2015-02-17,Torino,1649.41552734
2015-02-20,Torino,1649.96643066
2015-02-22,Torino,1649.96643066
2015-02-23,Torino,1653.72644043
2015-02-25,Torino,1654.64562988
2015-02-27,Torino,1687.96691895
2015-02-28,Torino,1687.96691895
2015-03-01,Torino,1687.96691895
2015-03-02,Torino,1696.87353516
2015-03-05,Torino,1696.87353516
2015-03-08,Torino,1696.87353516
2015-03-09,Torino,1687.95568848
2015-03-10,Torino,1687.95568848
2015-03-11,Torino,1687.95568848
2015-03-13,Torino,1679.24157715
2015-03-14,Torino,1679.24157715
2015-03-15,Torino,1679.24157715
2015-03-16,Torino,1679.24157715
2015-03-17,Torino,1667.05358887
2015-03-19,Torino,1671.09265137
2015-03-20,Torino,1672.82617188
2015-03-23,Torino,1681.68579102
2015-03-29,Torino,1681.68579102
2015-04-05,Torino,1688.8515625
2015-04-08,Torino,1688.8515625
2015-04-10,Torino,1688.8515625
2015-04-12,Torino,1688.8515625
2015-04-13,Torino,1688.88415527
2015-04-15,Torino,1690.08288574
2015-04-16,Torino,1690.08288574
2015-04-17,Torino,1698.32214355
2015-04-20,Torino,1697.10388184
2015-04-23,Torino,1697.71630859
2015-04-24,Torino,1701.51940918
2015-04-26,Torino,1701.51940918
2015-04-27,Torino,1714.1295166
2015-04-30,Torino,1713.7598877
2015-05-06,Torino,1715.59777832
2015-05-07,Torino,1703.20471191
2015-05-08,Torino,1699.26599121
2015-05-10,Torino,1699.26599121
2015-05-12,Torino,1684.55456543
2015-05-14,Torino,1688.45849609
2015-05-15,Torino,1683.00024414
2015-05-18,Torino,1689.98339844
2015-05-21,Torino,1689.98339844
2015-05-24,Torino,1689.98339844
2015-05-25,Torino,1678.51977539
2015-05-28,Torino,1678.51977539
2015-06-01,Torino,1684.20129395
2015-06-07,Torino,1681.97473145
2015-06-08,Torino,1681.97473145
2015-06-12,Torino,1681.97473145
2015-06-15,Torino,1681.97473145
2015-07-31,Torino,1669.50732422
2015-08-02,Torino,1669.50732422
2015-08-06,Torino,1669.50732422
2015-08-07,Torino,1669.99328613
2015-08-10,Torino,1669.99328613
2015-08-15,Torino,1669.99328613
2015-08-16,Torino,1669.99328613
2015-08-17,Torino,1669.99328613
2015-08-19,Torino,1672.1472168
2015-08-20,Torino,1672.1472168
2015-08-21,Torino,1672.1472168
2015-08-24,Torino,1676.52832031
2015-08-27,Torino,1670.73815918
2015-08-28,Torino,1670.73815918
2015-08-31,Torino,1682.84472656
2015-09-12,Torino,1682.84472656
2015-09-13,Torino,1682.84472656
2015-09-14,Torino,1682.55224609
2015-09-15,Torino,1682.55224609
2015-09-16,Torino,1686.33081055
2015-09-17,Torino,1688.53967285
2015-09-18,Torino,1687.45666504
2015-09-21,Torino,1694.28881836
2015-09-24,Torino,1686.09545898
2015-09-27,Torino,1686.09545898
2015-09-28,Torino,1690.71789551
2015-09-30,Torino,1686.86938477
2015-10-01,Torino,1689.70849609
2015-10-02,Torino,1696.67797852
2015-10-04,Torino,1685.71191406
2015-10-05,Torino,1685.71191406
2015-10-18,Torino,1683.34680176
2015-10-21,Torino,1684.51208496
2015-10-22,Torino,1682.6574707
2015-10-23,Torino,1680.95666504
2015-10-24,Torino,1680.95666504
2015-10-25,Torino,1680.95666504
2015-10-26,Torino,1672.51928711
2015-10-29,Torino,1669.81616211
2015-11-01,Torino,1667.52270508
2015-11-04,Torino,1667.4329834
2015-11-05,Torino,1669.65917969
2015-11-06,Torino,1674.9375
2015-11-08,Torino,1674.9375
2015-11-09,Torino,1666.3182373
2015-11-22,Torino,1666.3182373
2015-11-23,Torino,1674.85046387
2015-11-25,Torino,1673.85095215
2015-11-26,Torino,1675.7097168
2015-11-27,Torino,1679.18554688
2015-11-29,Torino,1683.40124512
2015-12-06,Torino,1683.35693359
2015-12-07,Torino,1683.35693359
2015-12-09,Torino,1680.53552246
2015-12-10,Torino,1678.34350586
2015-12-11,Torino,1680.10412598
2015-12-13,Torino,1680.10412598
2015-12-14,Torino,1680.10412598
2015-12-21,Torino,1667.61047363
2016-01-03,Torino,1667.61047363
2016-01-07,Torino,1664.76635742
2016-01-10,Torino,1664.76635742
2016-01-11,Torino,1653.60339355
2016-01-14,Torino,1653.60339355
2016-01-17,Torino,1657.29162598
2016-01-21,Torino,1659.73510742
2016-01-24,Torino,1659.73510742
2016-01-25,Torino,1654.21716309
2016-02-01,Torino,1649.47546387
2016-02-03,Torino,1649.47546387
2016-02-04,Torino,1650.17285156
2016-02-07,Torino,1650.17285156
2016-02-08,Torino,1638.87243652
2016-02-14,Torino,1638.87243652
2016-02-15,Torino,1651.44091797
2016-02-18,Torino,1650.47558594
2016-02-19,Torino,1648.18994141
2016-02-22,Torino,1642.86035156
2016-02-24,Torino,1641.84619141
2016-02-26,Torino,1638.11779785
2016-02-28,Torino,1633.90441895
2016-03-01,Torino,1633.90441895
2016-03-06,Torino,1633.90441895
2016-03-07,Torino,1633.49304199
2016-03-09,Torino,1633.16162109
2016-03-10,Torino,1633.16162109
2016-03-11,Torino,1634.2244873
2016-03-13,Torino,1634.2244873
2016-03-14,Torino,1628.23291016
2016-03-17,Torino,1625.3260498
2016-03-18,Torino,1618.31872559
2016-03-19,Torino,1618.31872559
2016-03-21,Torino,1612.67419434
2016-03-27,Torino,1612.67419434
2016-03-28,Torino,1612.67419434
2016-04-02,Torino,1612.67419434
2016-04-03,Torino,1612.67419434
2016-04-04,Torino,1625.09521484
2016-04-07,Torino,1625.09521484
2016-04-08,Torino,1625.09521484
2016-04-11,Torino,1630.30236816
2016-04-13,Torino,1630.30236816
2016-04-17,Torino,1638.14318848
2016-04-18,Torino,1638.14318848
2016-04-21,Torino,1634.85717773
2016-04-22,Torino,1634.85717773
2016-04-23,Torino,1634.85717773
2016-04-24,Torino,1634.85717773
2016-04-25,Torino,1620.59594727
2016-05-01,Torino,1637.77648926
2016-05-03,Torino,1637.77648926
2016-05-08,Torino,1637.77648926
2016-05-09,Torino,1632.18139648
2016-05-12,Torino,1632.18139648
2016-05-13,Torino,1632.18139648
2016-05-15,Torino,1632.18139648
2016-05-16,Torino,1624.56323242
2016-05-17,Torino,1624.56323242
2016-05-19,Torino,1624.56323242
2016-05-20,Torino,1624.56323242
2016-05-22,Torino,1624.56323242
2016-05-26,Torino,1624.56323242
2016-05-30,Torino,1624.56323242
2016-06-12,Torino,1624.56323242
2016-06-19,Torino,1624.56323242
2016-07-29,Torino,1625.05847168
2016-07-30,Torino,1625.05847168
2016-08-04,Torino,1625.05847168
2016-08-05,Torino,1628.31274414
2016-08-06,Torino,1628.31274414
2016-08-17,Torino,1628.31274414
2016-08-18,Torino,1629.03393555
2016-08-19,Torino,1630.86462402
2016-08-20,Torino,1630.86462402
2016-08-21,Torino,1630.86462402
2016-08-22,Torino,1625.6463623
2016-08-24,Torino,1615.95678711
2016-08-26,Torino,1616.00292969
2016-08-29,Torino,1625.80200195
2016-09-11,Torino,1625.80200195
2016-09-12,Torino,1618.4083252
2016-09-14,Torino,1621.51037598
2016-09-15,Torino,1619.73474121
2016-09-16,Torino,1617.12976074
2016-09-18,Torino,1617.12976074
2016-09-19,Torino,1613.60290527
2016-09-21,Torino,1613.60290527
2016-09-22,Torino,1612.96557617
2016-09-23,Torino,1612.96557617
2016-09-24,Torino,1612.96557617
2016-09-26,Torino,1627.24536133
2016-09-28,Torino,1629.73254395
2016-09-29,Torino,1632.7578125
2016-09-30,Torino,1626.14599609
2016-10-02,Torino,1626.14599609
2016-10-03,Torino,1634.15307617
2016-10-16,Torino,1634.15307617
2016-10-17,Torino,1634.15307617
2016-10-18,Torino,1647.8717041
2016-10-19,Torino,1649.46411133
2016-10-20,Torino,1644.88928223
2016-10-21,Torino,1648.2109375
2016-10-23,Torino,1648.2109375
2016-10-24,Torino,1647.140625
2016-10-25,Torino,1647.140625
2016-10-27,Torino,1641.2220459
2016-10-29,Torino,1641.2220459
2016-11-01,Torino,1641.05529785
2016-11-02,Torino,1640.96728516
2016-11-03,Torino,1638.41162109
2016-11-04,Torino,1639.09240723
2016-11-06,Torino,1647.28552246
2016-11-07,Torino,1647.28552246
2016-11-20,Torino,1647.28552246
2016-11-21,Torino,1654.79992676
2016-11-22,Torino,1654.79992676
2016-11-23,Torino,1658.85693359
2016-11-24,Torino,1657.3729248
2016-11-25,Torino,1649.97790527
2016-11-26,Torino,1649.97790527
2016-11-27,Torino,1655.08300781
2016-11-28,Torino,1655.08300781
2016-11-30,Torino,1655.08300781
2016-12-02,Torino,1655.08300781
2016-12-05,Torino,1643.83520508
2016-12-07,Torino,1647.74963379
2016-12-08,Torino,1648.33166504
2016-12-09,Torino,1650.39819336
2016-12-10,Torino,1644.43859863
2016-12-11,Torino,1644.43859863
2016-12-12,Torino,1639.14599609
2016-12-15,Torino,1639.14599609
2016-12-19,Torino,1635.23999023
2016-12-23,Torino,1640.70031738
2016-12-27,Torino,1640.70031738
2017-01-04,Torino,1640.70031738
2017-01-09,Torino,1641.94580078
2017-01-17,Torino,1641.01037598
2017-01-22,Torino,1641.01037598
2017-01-23,Torino,1629.46508789
2017-01-30,Torino,1627.57055664
2017-02-02,Torino,1627.57055664
2017-02-05,Torino,1627.57055664
2017-02-06,Torino,1627.50439453
2017-02-13,Torino,1630.54626465
2017-02-16,Torino,1629.75598145
2017-02-17,Torino,1639.35998535
2017-02-20,Torino,1635.22583008
2017-02-21,Torino,1635.22583008
2017-02-22,Torino,1635.22583008
2017-02-23,Torino,1637.75939941
2017-02-24,Torino,1629.77355957
2017-02-26,Torino,1629.77355957
2017-02-28,Torino,1633.55407715
2017-03-01,Torino,1633.55407715
2017-03-06,Torino,1637.87353516
2017-03-08,Torino,1636.87524414
2017-03-09,Torino,1636.87524414
2017-03-10,Torino,1633.2130127
2017-03-12,Torino,1633.2130127
2017-03-13,Torino,1633.2130127
2017-03-14,Torino,1627.0994873
2017-03-15,Torino,1627.6484375
2017-03-16,Torino,1627.6484375
2017-03-17,Torino,1626.28271484
2017-03-19,Torino,1626.83935547
2017-04-02,Torino,1626.83935547
2017-04-03,Torino,1623.35229492
2017-04-05,Torino,1623.35229492
2017-04-06,Torino,1623.35229492
2017-04-09,Torino,1623.35229492
2017-04-10,Torino,1630.80090332
2017-04-11,Torino,1630.80090332
2017-04-12,Torino,1637.11828613
2017-04-16,Torino,1631.17724609
2017-04-18,Torino,1631.17724609
2017-04-19,Torino,1631.17724609
2017-04-20,Torino,1633.03881836
2017-04-23,Torino,1633.03881836
2017-04-24,Torino,1644.36657715
2017-04-27,Torino,1644.36657715
2017-04-30,Torino,1641.09960938
2017-05-04,Torino,1644.78637695
2017-05-06,Torino,1644.78637695
2017-05-07,Torino,1652.94104004
2017-05-10,Torino,1653.57434082
2017-05-13,Torino,1653.57434082
2017-05-14,Torino,1653.57434082
2017-05-15,Torino,1643.00292969
2017-05-19,Torino,1643.00292969
2017-05-21,Torino,1643.00292969
2017-05-22,Torino,1634.015625
2017-05-29,Torino,1642.6541748
2017-06-04,Torino,1639.50769043
2017-06-18,Torino,1639.50769043
2017-06-22,Torino,1639.50769043
2017-06-25,Torino,1639.50769043
2017-07-21,Torino,1639.50769043
2017-07-27,Torino,1639.50769043
2017-07-28,Torino,1640.27526855
2017-07-30,Torino,1640.27526855
2017-07-31,Torino,1640.27526855
2017-08-03,Torino,1640.27526855
2017-08-04,Torino,1640.95654297
2017-08-07,Torino,1640.95654297
2017-08-08,Torino,1640.95654297
2017-08-16,Torino,1640.95654297
2017-08-17,Torino,1642.55151367
2017-08-18,Torino,1643.47790527
2017-08-20,Torino,1643.47790527
2017-08-21,Torino,1642.97595215
2017-08-23,Torino,1644.34851074
2017-08-25,Torino,1644.46130371
2017-08-26,Torino,1644.46130371
2017-08-27,Torino,1644.46130371
2017-08-28,Torino,1654.21875
2017-09-09,Torino,1654.21875
2017-09-11,Torino,1659.36401367
2017-09-13,Torino,1657.14440918
2017-09-14,Torino,1654.24084473
2017-09-15,Torino,1665.4276123
2017-09-16,Torino,1665.4276123
2017-09-17,Torino,1665.4276123
2017-09-18,Torino,1662.03381348
2017-09-21,Torino,1669.28320312
2017-09-22,Torino,1669.28320312
2017-09-24,Torino,1666.31994629
2017-09-27,Torino,1666.83520508
2017-09-28,Torino,1668.36877441
2017-09-29,Torino,1671.05310059
2017-09-30,Torino,1671.05310059
2017-10-01,Torino,1671.05310059
2017-10-02,Torino,1665.25256348
2017-10-14,Torino,1665.25256348
2017-10-16,Torino,1663.13977051
2017-10-18,Torino,1661.3972168
2017-10-19,Torino,1663.65881348
2017-10-20,Torino,1666.50598145
2017-10-21,Torino,1666.50598145
2017-10-22,Torino,1666.50598145
2017-10-23,Torino,1661.8527832
2017-10-26,Torino,1652.39855957
2017-10-29,Torino,1652.39855957
2017-10-30,Torino,1656.46972656
2017-11-01,Torino,1659.09606934
2017-11-02,Torino,1654.6138916
2017-11-03,Torino,1653.94189453
2017-11-05,Torino,1653.94189453
2017-11-06,Torino,1658.67272949
2017-11-20,Torino,1655.0045166
2017-11-22,Torino,1656.84997559
2017-11-23,Torino,1654.17810059
2017-11-24,Torino,1659.7434082
2017-11-26,Torino,1659.7434082
2017-11-27,Torino,1662.97949219
2017-11-29,Torino,1662.97949219
2017-11-30,Torino,1662.97949219
2017-12-03,Torino,1663.33508301
2017-12-06,Torino,1665.08837891
2017-12-07,Torino,1660.34631348
2017-12-08,Torino,1652.77514648
2017-12-12,Torino,1669.85009766
2017-12-14,Torino,1669.85009766
2017-12-17,Torino,1663.41870117
2017-12-24,Torino,1660.69958496
2017-12-27,Torino,1660.69958496
2017-12-31,Torino,1656.33215332
2018-01-03,Torino,1656.33215332
2018-01-05,Torino,1656.33215332
2018-01-07,Torino,1664.8828125
2018-01-14,Torino,1664.8828125
2018-01-21,Torino,1664.8828125
2018-01-22,Torino,1664.48791504
2018-01-29,Torino,1668.26965332
2018-02-01,Torino,1668.26965332
2018-02-04,Torino,1669.38293457
2018-02-11,Torino,1669.38293457
2018-02-12,Torino,1677.35449219
2018-02-14,Torino,1675.49511719
2018-02-16,Torino,1669.18811035
2018-02-17,Torino,1669.18811035
2018-02-18,Torino,1669.18811035
2018-02-19,Torino,1666.26879883
2018-02-21,Torino,1666.26879883
2018-02-22,Torino,1664.84313965
2018-02-23,Torino,1669.81347656
2018-02-25,Torino,1669.81347656
2018-02-26,Torino,1658.88623047
2018-03-04,Torino,1658.88623047
2018-03-08,Torino,1664.04162598
2018-03-09,Torino,1658.74279785
2018-03-10,Torino,1653.24389648
2018-03-12,Torino,1653.24389648
2018-03-13,Torino,1653.24389648
2018-03-14,Torino,1656.64648438
2018-03-15,Torino,1656.64648438
2018-03-16,Torino,1661.1348877
2018-03-18,Torino,1661.1348877
2018-03-19,Torino,1652.00720215
2018-04-01,Torino,1666.3614502
2018-04-02,Torino,1666.3614502
2018-04-04,Torino,1660.78845215
2018-04-05,Torino,1665.30810547
2018-04-06,Torino,1668.42749023
2018-04-08,Torino,1668.42749023
2018-04-09,Torino,1677.1348877
2018-04-11,Torino,1683.89978027
2018-04-12,Torino,1686.28503418
2018-04-13,Torino,1679.36694336
2018-04-14,Torino,1679.36694336
2018-04-15,Torino,1677.23364258
2018-04-16,Torino,1677.23364258
2018-04-19,Torino,1676.64550781
2018-04-23,Torino,1671.4152832
2018-04-25,Torino,1668.18774414
2018-04-26,Torino,1668.18774414
2018-04-30,Torino,1661.47521973
2018-05-03,Torino,1662.44299316
2018-05-04,Torino,1662.44299316
2018-05-07,Torino,1668.65856934
2018-05-08,Torino,1668.65856934
2018-05-13,Torino,1668.65856934
2018-05-14,Torino,1672.53295898
2018-05-21,Torino,1679.41601562
2018-07-27,Torino,1678.2467041
2018-08-03,Torino,1679.7010498
2018-08-10,Torino,1680.12915039
2018-08-17,Torino,1680.2010498
2018-08-20,Torino,1675.00195312
2018-08-24,Torino,1673.64941406
2018-08-26,Torino,1673.64941406
2018-08-27,Torino,1677.22167969
2018-08-31,Torino,1675.81970215
2018-09-02,Torino,1675.81970215
2018-09-03,Torino,1679.87451172
2018-09-16,Torino,1679.87451172
2018-09-17,Torino,1678.25195312
2018-09-19,Torino,1681.02746582
2018-09-20,Torino,1682.80517578
2018-09-21,Torino,1683.9206543
2018-09-23,Torino,1683.9206543
2018-09-24,Torino,1676.11181641
2018-09-27,Torino,1679.1217041
2018-09-28,Torino,1679.1217041
2018-09-30,Torino,1679.1217041
2018-10-01,Torino,1685.35107422
2018-10-03,Torino,1687.25244141
2018-10-04,Torino,1693.07214355
2018-10-05,Torino,1689.59558105
2018-10-06,Torino,1691.87036133
2018-10-07,Torino,1691.87036133
2018-10-08,Torino,1691.87036133
2018-10-20,Torino,1691.87036133
2018-10-21,Torino,1691.87036133
2018-10-22,Torino,1689.71813965
2018-10-23,Torino,1689.71813965
2018-10-24,Torino,1694.55200195
2018-10-25,Torino,1694.89379883
2018-10-26,Torino,1695.35009766
2018-10-28,Torino,1693.84143066
2018-10-29,Torino,1693.84143066
2018-11-04,Torino,1693.84143066
2018-11-05,Torino,1708.37780762
2018-11-07,Torino,1708.78710938
2018-11-08,Torino,1706.44128418
2018-11-09,Torino,1708.26611328
2018-11-10,Torino,1708.26611328
2018-11-11,Torino,1694.56896973
2018-11-12,Torino,1694.56896973
2018-11-26,Torino,1694.56896973
2018-11-27,Torino,1693.21557617
2018-11-28,Torino,1690.48986816
2018-11-29,Torino,1690.43066406
2018-11-30,Torino,1684.9753418
2018-12-02,Torino,1684.9753418
2018-12-03,Torino,1688.66259766
2018-12-04,Torino,1688.66259766
2018-12-05,Torino,1688.66259766
2018-12-09,Torino,1688.66259766
2018-12-10,Torino,1692.1784668
2018-12-12,Torino,1689.08251953
2018-12-13,Torino,1680.60131836
2018-12-14,Torino,1672.84570312
2018-12-16,Torino,1669.67321777
2018-12-23,Torino,1670.04223633
2018-12-24,Torino,1670.04223633
2018-12-27,Torino,1676.34680176
2018-12-30,Torino,1679.26391602
2019-01-08,Torino,1679.26391602
2019-01-20,Torino,1675.20214844
2019-01-21,Torino,1675.20214844
2019-01-28,Torino,1684.07543945
2019-01-31,Torino,1684.07543945
2019-02-03,Torino,1684.07543945
2019-02-04,Torino,1681.58117676
2019-02-11,Torino,1684.95532227
2019-02-12,Torino,1684.95532227
2019-02-13,Torino,1686.27307129
2019-02-15,Torino,1685.43615723
2019-02-17,Torino,1685.43615723
2019-02-18,Torino,1691.12988281
2019-02-21,Torino,1684.97668457
2019-02-22,Torino,1686.33764648
2019-02-23,Torino,1686.33764648
2019-02-24,Torino,1696.38977051
2019-02-26,Torino,1696.38977051
2019-03-03,Torino,1696.38977051
2019-03-04,Torino,1700.6217041
2019-03-06,Torino,1700.6217041
2019-03-07,Torino,1696.0559082
2019-03-08,Torino,1700.89294434
2019-03-09,Torino,1700.89294434
2019-03-10,Torino,1700.89294434
2019-03-11,Torino,1705.4798584
2019-03-13,Torino,1713.05371094
2019-03-15,Torino,1707.63513184
2019-03-17,Torino,1693.18054199
2019-03-31,Torino,1693.18054199
2019-04-01,Torino,1694.32995605
2019-04-04,Torino,1699.61242676
2019-04-07,Torino,1696.07763672
2019-04-08,Torino,1696.07763672
2019-04-11,Torino,1696.31103516
2019-04-12,Torino,1693.39709473
2019-04-14,Torino,1693.39709473
2019-04-15,Torino,1687.90234375
2019-04-17,Torino,1681.33862305
2019-04-18,Torino,1681.33862305
2019-04-19,Torino,1679.47521973
2019-04-21,Torino,1685.98657227
2019-04-24,Torino,1685.98657227
2019-04-25,Torino,1685.98657227
2019-04-29,Torino,1695.64501953
2019-05-01,Torino,1695.64501953
2019-05-02,Torino,1695.64501953
2019-05-03,Torino,1695.64501953
2019-05-04,Torino,1702.47363281
2019-05-05,Torino,1702.47363281
2019-05-08,Torino,1702.47363281
2019-05-09,Torino,1702.47363281
2019-05-12,Torino,1702.47363281
2019-05-13,Torino,1706.06408691
2019-05-17,Torino,1706.06408691
2019-05-19,Torino,1706.06408691
2019-05-20,Torino,1687.79931641
2019-05-23,Torino,1687.79931641
2019-05-25,Torino,1687.79931641
2019-05-27,Torino,1696.02563477
2019-07-15,Torino,1696.02563477
2019-07-26,Torino,1697.7052002
2019-07-31,Torino,1697.7052002
2019-08-02,Torino,1698.53881836
2019-08-05,Torino,1698.53881836
2019-08-08,Torino,1698.53881836
2019-08-09,Torino,1704.58215332
2019-08-16,Torino,1704.79211426
2019-08-18,Torino,1704.79211426
2019-08-22,Torino,1704.79211426
2019-08-23,Torino,1692.28015137
2019-08-25,Torino,1692.28015137
2019-08-26,Torino,1695.83483887
2019-08-28,Torino,1695.83483887
2019-08-30,Torino,1690.83288574
2019-09-01,Torino,1690.83288574
2019-09-02,Torino,1702.1340332
2019-09-15,Torino,1702.1340332
2019-09-17,Torino,1687.03857422
2019-09-18,Torino,1691.60644531
2019-09-19,Torino,1686.92919922
2019-09-20,Torino,1685.6439209
2019-09-21,Torino,1685.6439209
2019-09-22,Torino,1685.6439209
2019-09-23,Torino,1676.62255859
2019-09-27,Torino,1683.47705078
2019-09-28,Torino,1683.47705078
2019-09-30,Torino,1683.47705078
2019-10-01,Torino,1672.21252441
2019-10-02,Torino,1670.89208984
2019-10-03,Torino,1669.12719727
2019-10-04,Torino,1669.97192383
2019-10-06,Torino,1669.97192383
2019-10-07,Torino,1672.1619873
2019-10-19,Torino,1672.1619873
2019-10-21,Torino,1662.08898926
2019-10-23,Torino,1661.77124023
2019-10-24,Torino,1668.92285156
2019-10-25,Torino,1665.11499023
2019-10-26,Torino,1665.11499023
2019-10-27,Torino,1665.11499023
2019-10-28,Torino,1660.66796875
2019-10-30,Torino,1660.66796875
2019-10-31,Torino,1648.58215332
2019-11-03,Torino,1644.48596191
2019-11-04,Torino,1644.48596191
2019-11-06,Torino,1641.85437012
2019-11-07,Torino,1645.09057617
2019-11-08,Torino,1638.92993164
2019-11-10,Torino,1649.37548828
2019-11-24,Torino,1637.22021484
2019-11-27,Torino,1642.02209473
2019-11-28,Torino,1648.26464844
2019-11-29,Torino,1653.09326172
2019-12-01,Torino,1659.69067383
2019-12-02,Torino,1659.69067383
2019-12-08,Torino,1659.69067383
2019-12-09,Torino,1664.31103516
2019-12-11,Torino,1664.05651855
2019-12-12,Torino,1673.41638184
2019-12-13,Torino,1666.42370605
2019-12-15,Torino,1666.42370605
2019-12-16,Torino,1663.19775391
2019-12-18,Torino,1663.19775391
2019-12-22,Torino,1649.93395996
2019-12-23,Torino,1649.93395996
2019-12-27,Torino,1649.93395996
2019-12-29,Torino,1649.93395996
2019-12-30,Torino,1649.93395996
2020-01-06,Torino,1667.51464844
2020-01-07,Torino,1667.51464844
2020-01-12,Torino,1667.51464844
2020-01-13,Torino,1672.15795898
2020-01-19,Torino,1663.15466309
2020-01-26,Torino,1644.62731934
2020-01-27,Torino,1644.62731934
2020-01-30,Torino,1644.62731934
2020-02-03,Torino,1622.58837891
2020-02-09,Torino,1607.2767334
2020-02-16,Torino,1607.2767334
2020-02-17,Torino,1607.2767334
2020-02-18,Torino,1602.10620117
2020-02-20,Torino,1607.42004395
2020-02-21,Torino,1610.06677246
2020-02-23,Torino,1610.06677246
2020-02-24,Torino,1610.06677246
2020-02-26,Torino,1610.1295166
2020-02-27,Torino,1607.73828125
2020-02-28,Torino,1609.19482422
2020-03-01,Torino,1605.81518555
2020-03-02,Torino,1605.81518555
2020-03-08,Torino,1605.81518555
2020-03-09,Torino,1605.81518555
2020-03-11,Torino,1607.61022949
2020-03-12,Torino,1607.61022949
2020-03-13,Torino,1607.61022949
2020-05-17,Torino,1607.61022949
2020-05-25,Torino,1607.61022949
2020-06-01,Torino,1607.61022949
2020-06-08,Torino,1607.61022949
2020-06-14,Torino,1607.61022949
2020-06-18,Torino,1607.61022949
2020-06-21,Torino,1605.39099121
2020-06-22,Torino,1605.39099121
2020-06-24,Torino,1611.15551758
2020-06-28,Torino,1600.71728516
2020-07-01,Torino,1595.7557373
2020-07-05,Torino,1593.2578125
2020-07-09,Torino,1598.97839355
2020-07-14,Torino,1594.8951416
2020-07-17,Torino,1604.45410156
2020-07-20,Torino,1595.27124023
2020-07-23,Torino,1592.83935547
2020-07-27,Torino,1590.4128418
2020-07-30,Torino,1584.94372559
2020-08-03,Torino,1586.4609375
2020-08-06,Torino,1589.75256348
2020-08-07,Torino,1586.49682617
2020-08-08,Torino,1584.0546875
2020-08-09,Torino,1582.37158203
2020-08-11,Torino,1584.98840332
2020-08-13,Torino,1582.86914062
2020-08-18,Torino,1588.40881348
2020-08-22,Torino,1585.4666748
2020-09-18,Torino,1585.7635498
2020-09-20,Torino,1580.30761719
2020-09-25,Torino,1580.95507812
2020-09-27,Torino,1576.18664551
2020-10-02,Torino,1574.43908691
2020-10-19,Torino,1565.17492676
2020-10-21,Torino,1572.60961914
2020-10-22,Torino,1573.86816406
2020-10-23,Torino,1573.92785645
2020-10-24,Torino,1577.69165039
2020-10-28,Torino,1576.4519043
2020-10-29,Torino,1572.83398438
2020-10-30,Torino,1574.53686523
2020-11-02,Torino,1569.46081543
2020-11-04,Torino,1563.93066406
2020-11-05,Torino,1574.7421875
2020-11-06,Torino,1570.95239258
2020-11-09,Torino,1567.3190918
2020-11-23,Torino,1564.42687988
2020-11-25,Torino,1567.56604004
2020-11-26,Torino,1570.91870117
2020-11-27,Torino,1573.74145508
2020-12-01,Torino,1573.67089844
2020-12-02,Torino,1574.48144531
2020-12-03,Torino,1577.52307129
2020-12-04,Torino,1579.53222656
2020-12-06,Torino,1577.54907227
2020-12-09,Torino,1582.80224609
2020-12-10,Torino,1584.23266602
2020-12-11,Torino,1577.80651855
2020-12-13,Torino,1569.48510742
2020-12-18,Torino,1565.56347656
2020-12-21,Torino,1565.26098633
2020-12-24,Torino,1571.3638916
2021-01-04,Torino,1586.55810547
2021-01-07,Torino,1586.31188965
2021-01-10,Torino,1582.5078125
2021-01-17,Torino,1579.52294922
2021-01-23,Torino,1580.06689453
2021-01-30,Torino,1580.53125
2021-02-07,Torino,1587.25146484
2021-02-14,Torino,1586.51159668
2021-02-18,Torino,1584.57409668
2021-02-19,Torino,1583.32775879
2021-02-20,Torino,1591.45239258
2021-02-24,Torino,1590.31408691
2021-02-25,Torino,1588.43078613
2021-02-26,Torino,1591.0324707
2021-02-28,Torino,1591.0324707
2021-03-01,Torino,1591.0324707
2021-03-04,Torino,1591.0324707
2021-03-08,Torino,1576.56884766
2021-03-10,Torino,1575.19311523
2021-03-12,Torino,1581.07775879
2021-03-15,Torino,1578.82397461
2021-03-17,Torino,1576.37561035
2021-03-18,Torino,1585.37695312
2021-03-19,Torino,1584.23242188
2021-03-22,Torino,1577.70703125
2021-04-04,Torino,1583.61730957
2021-04-09,Torino,1586.83740234
2021-04-11,Torino,1596.69384766
2021-04-16,Torino,1597.70605469
2021-04-19,Torino,1613.98547363
2021-04-20,Torino,1613.98547363
2021-04-21,Torino,1613.98547363
2021-04-22,Torino,1615.37438965
2021-04-23,Torino,1615.37438965
2021-04-26,Torino,1615.37438965
2021-04-27,Torino,1608.84326172
2021-04-30,Torino,1606.66833496
2021-05-02,Torino,1606.66833496
2021-05-04,Torino,1611.25
2021-05-06,Torino,1611.25
2021-05-07,Torino,1611.71411133
2021-05-09,Torino,1611.71411133
2021-05-10,Torino,1612.40258789
2021-05-12,Torino,1612.40258789
2021-05-13,Torino,1599.61547852
2021-05-16,Torino,1584.08984375
2021-05-19,Torino,1589.4831543
2021-05-24,Torino,1586.1829834
2021-08-20,Torino,1586.97180176
2021-08-22,Torino,1583.76184082
2021-08-27,Torino,1584.87341309
2021-08-29,Torino,1579.02893066
2021-09-13,Torino,1588.14562988
2021-09-15,Torino,1591.43994141
2021-09-16,Torino,1586.97790527
2021-09-17,Torino,1585.13317871
2021-09-18,Torino,1596.7791748
2021-09-19,Torino,1596.7791748
2021-09-22,Torino,1596.7791748
2021-09-24,Torino,1599.2401123
2021-09-27,Torino,1599.2401123
2021-09-28,Torino,1597.03564453
2021-09-29,Torino,1592.54980469
2021-09-30,Torino,1597.10217285
2021-10-01,Torino,1595.49609375
2021-10-02,Torino,1595.49609375
2021-10-03,Torino,1592.13366699
2021-10-04,Torino,1592.13366699
2021-10-18,Torino,1589.78686523
2021-10-20,Torino,1587.85998535
2021-10-21,Torino,1588.1505127
2021-10-22,Torino,1579.02429199
2021-10-23,Torino,1585.796875
2021-10-27,Torino,1583.43005371
2021-10-31,Torino,1596.71655273
2021-11-01,Torino,1596.71655273
2021-11-03,Torino,1598.47717285
2021-11-04,Torino,1598.69140625
2021-11-05,Torino,1598.71972656
2021-11-07,Torino,1589.49462891
2021-11-23,Torino,1596.58764648
2021-11-24,Torino,1593.18945312
2021-11-25,Torino,1593.54699707
2021-11-26,Torino,1598.71862793
2021-11-28,Torino,1598.71862793
2021-11-29,Torino,1594.58813477
2021-12-03,Torino,1592.46777344
2021-12-07,Torino,1592.01831055
2021-12-08,Torino,1587.97875977
2021-12-09,Torino,1588.53796387
2021-12-10,Torino,1585.79858398
2021-12-13,Torino,1593.13110352
2021-12-20,Torino,1600.61364746
2021-12-22,Torino,1600.61364746
2021-12-23,Torino,1598.765625
2021-12-28,Torino,1598.765625
2021-12-29,Torino,1598.765625
2022-01-03,Torino,1598.765625
2022-01-07,Torino,1598.765625
2022-01-09,Torino,1598.765625
2022-01-10,Torino,1598.765625
2022-01-11,Torino,1616.47058105
2022-01-16,Torino,1624.36096191
2022-01-22,Torino,1624.36096191
2022-01-23,Torino,1624.36096191
2022-01-24,Torino,1624.54956055
2022-01-30,Torino,1624.54956055
2022-02-07,Torino,1612.5625
2022-02-13,Torino,1600.61560059
2022-02-17,Torino,1598.38110352
2022-02-18,Torino,1599.2833252
2022-02-19,Torino,1605.56384277
2022-02-21,Torino,1605.56384277
2022-02-23,Torino,1606.18823242
2022-02-25,Torino,1603.57946777
2022-02-26,Torino,1603.57946777
2022-02-28,Torino,1593.45349121
2022-03-07,Torino,1593.83361816
2022-03-09,Torino,1594.50610352
2022-03-11,Torino,1596.71520996
2022-03-14,Torino,1602.3548584
2022-03-16,Torino,1602.3548584
2022-03-17,Torino,1595.58898926
2022-03-18,Torino,1599.38818359
2022-03-19,Torino,1590.44763184
2022-04-03,Torino,1595.96191406
2022-04-08,Torino,1595.2956543
2022-04-11,Torino,1599.53540039
2022-04-15,Torino,1600.13061523
2022-04-17,Torino,1604.41394043
2022-04-24,Torino,1609.6673584
2022-04-25,Torino,1609.6673584
2022-04-26,Torino,1609.6673584
2022-04-28,Torino,1614.51867676
2022-04-29,Torino,1615.30639648
2022-05-02,Torino,1625.57324219
2022-05-04,Torino,1625.57324219
2022-05-05,Torino,1625.57324219
2022-05-06,Torino,1628.67956543
2022-05-07,Torino,1628.67956543
2022-05-08,Torino,1623.453125
2022-05-12,Torino,1623.453125
2022-05-15,Torino,1633.05993652
2022-05-16,Torino,1633.05993652
2022-05-18,Torino,1633.05993652
2022-05-21,Torino,1621.59631348
2022-05-23,Torino,1621.59631348
2022-05-26,Torino,1624.25280762
2022-05-30,Torino,1624.25280762
2022-06-03,Torino,1624.25280762
2022-06-06,Torino,1624.25280762
2022-07-22,Torino,1624.25280762
2022-07-28,Torino,1624.25280762
2022-08-01,Torino,1624.25280762
2022-08-03,Torino,1624.25280762
2022-08-08,Torino,1624.25280762
2022-08-12,Torino,1624.25280762
2022-08-13,Torino,1624.25280762
2022-08-14,Torino,1630.76257324
2022-08-16,Torino,1630.76257324
2022-08-17,Torino,1630.76257324
2022-08-19,Torino,1631.86938477
2022-08-20,Torino,1631.86938477
2022-08-21,Torino,1633.42687988
2022-08-26,Torino,1635.21801758
2022-08-28,Torino,1640.42675781
2022-09-01,Torino,1640.42675781
2022-09-02,Torino,1634.3326416
2022-09-04,Torino,1634.3326416
2022-09-05,Torino,1634.3326416
2022-09-06,Torino,1638.68737793
2022-09-07,Torino,1636.87207031
2022-09-08,Torino,1640.39318848
2022-09-09,Torino,1636.30993652
2022-09-11,Torino,1633.60339355
2022-09-12,Torino,1633.60339355
2022-09-14,Torino,1635.69458008
2022-09-15,Torino,1637.74731445
2022-09-16,Torino,1624.8548584
2022-09-18,Torino,1615.73449707
2022-09-19,Torino,1615.73449707
2022-10-01,Torino,1615.73449707
2022-10-02,Torino,1612.31970215
2022-10-03,Torino,1612.31970215
2022-10-05,Torino,1623.19506836
2022-10-06,Torino,1621.03222656
2022-10-07,Torino,1618.97436523
2022-10-09,Torino,1618.97436523
2022-10-10,Torino,1615.7052002
2022-10-12,Torino,1606.19628906
2022-10-13,Torino,1610.08349609
2022-10-14,Torino,1610.39245605
2022-10-15,Torino,1610.39245605
2022-10-16,Torino,1604.19787598
2022-10-18,Torino,1604.19787598
2022-10-20,Torino,1604.19787598
2022-10-24,Torino,1615.64929199
2022-10-26,Torino,1618.02978516
2022-10-27,Torino,1620.76623535
2022-10-28,Torino,1624.1184082
2022-10-30,Torino,1624.1184082
2022-10-31,Torino,1636.8737793
2022-11-02,Torino,1633.23510742
2022-11-03,Torino,1634.19116211
2022-11-04,Torino,1633.9901123
2022-11-06,Torino,1633.9901123
2022-11-07,Torino,1625.74621582
2022-11-08,Torino,1625.74621582
2022-11-09,Torino,1625.74621582
2022-11-10,Torino,1632.22766113
2022-11-11,Torino,1632.22766113
2022-11-13,Torino,1632.22766113
2022-11-14,Torino,1636.2902832
2022-12-30,Torino,1636.2902832
2022-12-31,Torino,1636.2902832
2023-01-03,Torino,1636.2902832
2023-01-05,Torino,1632.85046387
2023-01-09,Torino,1630.59106445
2023-01-16,Torino,1618.60852051
2023-01-22,Torino,1628.33850098
2023-01-25,Torino,1628.33850098
2023-01-26,Torino,1628.33850098
2023-01-28,Torino,1628.33850098
2023-01-29,Torino,1628.30786133
2023-02-02,Torino,1628.30786133
2023-02-04,Torino,1628.30786133
2023-02-05,Torino,1628.30786133
2023-02-06,Torino,1636.10119629
2023-02-11,Torino,1632.23168945
2023-02-13,Torino,1632.23168945
2023-02-15,Torino,1633.70141602
2023-02-16,Torino,1633.70141602
2023-02-17,Torino,1639.00805664
2023-02-18,Torino,1639.00805664
2023-02-19,Torino,1639.00805664
2023-02-21,Torino,1633.3848877
2023-02-22,Torino,1635.33874512
2023-02-23,Torino,1636.68615723
2023-02-24,Torino,1647.19970703
2023-02-27,Torino,1647.19970703
2023-03-01,Torino,1641.6595459
2023-03-05,Torino,1641.6595459
2023-03-07,Torino,1648.98693848
2023-03-08,Torino,1646.0324707
2023-03-09,Torino,1648.63623047
2023-03-10,Torino,1653.0300293
2023-03-13,Torino,1663.60632324
2023-03-15,Torino,1665.55505371
2023-03-16,Torino,1666.73327637
2023-03-17,Torino,1669.77404785
2023-03-20,Torino,1664.10266113
2023-04-03,Torino,1664.10266113
2023-04-04,Torino,1665.95349121
2023-04-09,Torino,1659.8470459
2023-04-12,Torino,1663.74572754
2023-04-14,Torino,1665.22558594
2023-04-17,Torino,1661.56323242
2023-04-20,Torino,1662.40893555
2023-04-21,Torino,1669.54211426
2023-04-23,Torino,1681.90454102
2023-04-24,Torino,1681.90454102
2023-04-27,Torino,1681.90454102
2023-04-29,Torino,1681.90454102
2023-04-30,Torino,1675.02392578
2023-05-01,Torino,1675.02392578
2023-05-02,Torino,1675.02392578
2023-05-04,Torino,1683.01977539
2023-05-05,Torino,1683.01977539
2023-05-07,Torino,1683.01977539
2023-05-08,Torino,1680.8223877
2023-05-09,Torino,1680.8223877
2023-05-12,Torino,1678.27587891
2023-05-14,Torino,1678.27587891
2023-05-15,Torino,1686.06982422
2023-05-18,Torino,1686.06982422
2023-05-19,Torino,1688.40625
2023-05-21,Torino,1688.40625
2023-05-22,Torino,1688.54675293
2023-05-28,Torino,1701.32849121
2023-06-01,Torino,1701.16174316
2023-06-04,Torino,1696.29650879
2023-06-05,Torino,1696.29650879
2023-06-08,Torino,1693.8145752
2023-06-11,Torino,1692.63000488
2023-08-07,Torino,1692.63000488
2023-08-13,Torino,1692.63000488
2023-08-14,Torino,1692.63000488
2023-08-20,Torino,1692.63000488
2023-08-21,Torino,1692.63000488
2023-08-22,Torino,1688.11120605
2023-08-25,Torino,1686.84655762
2023-08-27,Torino,1680.51342773
2023-09-01,Torino,1682.34619141
2023-09-03,Torino,1682.34619141
2023-09-04,Torino,1687.42089844
2023-09-19,Torino,1700.09887695
2023-09-20,Torino,1699.68835449
2023-09-21,Torino,1700.56103516
2023-09-22,Torino,1702.26586914
2023-09-24,Torino,1702.26586914
2023-09-25,Torino,1703.12512207
2023-09-27,Torino,1703.12512207
2023-09-28,Torino,1695.16931152
2023-10-01,Torino,1695.16931152
2023-10-02,Torino,1695.16931152
2023-10-03,Torino,1691.72924805
2023-10-04,Torino,1689.76940918
2023-10-05,Torino,1692.60339355
2023-10-06,Torino,1693.82189941
2023-10-08,Torino,1687.65661621
2023-10-09,Torino,1687.65661621
2023-10-22,Torino,1680.60546875
2023-10-23,Torino,1680.60546875
2023-10-25,Torino,1682.84716797
2023-10-26,Torino,1675.99890137
2023-10-27,Torino,1677.14624023
2023-10-29,Torino,1684.65612793
2023-11-06,Torino,1684.65612793
2023-11-07,Torino,1690.90380859
2023-11-08,Torino,1695.02587891
2023-11-09,Torino,1694.18737793
2023-11-10,Torino,1691.02392578
2023-11-11,Torino,1691.02392578
2023-11-12,Torino,1691.76611328
2023-11-26,Torino,1691.76611328
2023-11-28,Torino,1682.81433105
2023-11-29,Torino,1679.96704102
2023-11-30,Torino,1677.60876465
2023-12-01,Torino,1676.1328125
2023-12-02,Torino,1676.1328125
2023-12-03,Torino,1676.1328125
2023-12-04,Torino,1676.1328125
2023-12-05,Torino,1692.2824707
2023-12-10,Torino,1692.2824707
2023-12-11,Torino,1691.12011719
2023-12-13,Torino,1690.87646484
2023-12-14,Torino,1692.80847168
2023-12-15,Torino,1694.58459473
2023-12-17,Torino,1699.29589844
2023-12-18,Torino,1699.29589844
2023-12-24,Torino,1696.01269531
2023-12-30,Torino,1690.62817383
2024-01-01,Torino,1690.62817383
2024-01-03,Torino,1690.62817383
2024-01-05,Torino,1690.62817383
2024-01-08,Torino,1708.76025391
2024-01-14,Torino,1707.80126953
2024-01-27,Torino,1713.83874512
2024-01-28,Torino,1713.83874512
2024-02-05,Torino,1708.3494873
2024-02-11,Torino,1707.30175781
2024-02-12,Torino,1707.30175781
2024-02-13,Torino,1707.30175781
2024-02-15,Torino,1708.64233398
2024-02-16,Torino,1711.43237305
2024-02-17,Torino,1717.38537598
2024-02-18,Torino,1717.38537598
2024-02-21,Torino,1718.06018066
2024-02-22,Torino,1717.43908691
2024-02-23,Torino,1704.52734375
2024-02-24,Torino,1704.52734375
2024-02-25,Torino,1704.52734375
2024-02-27,Torino,1699.34790039
2024-03-03,Torino,1699.11547852
2024-03-04,Torino,1699.11547852
2024-03-06,Torino,1695.9296875
2024-03-07,Torino,1696.61999512
2024-03-08,Torino,1703.95922852
2024-03-09,Torino,1708.33032227
2024-03-10,Torino,1708.33032227
2024-03-11,Torino,1708.33032227
2024-03-13,Torino,1705.15148926
2024-03-14,Torino,1702.81884766
2024-03-15,Torino,1707.40771484
2024-03-17,Torino,1718.5447998
2024-03-31,Torino,1724.90368652
2024-04-01,Torino,1724.90368652
2024-04-07,Torino,1714.6048584
2024-04-08,Torino,1714.6048584
2024-04-11,Torino,1714.6048584
2024-04-12,Torino,1721.82885742
2024-04-13,Torino,1721.82885742
2024-04-14,Torino,1723.69787598
2024-04-15,Torino,1723.69787598
2024-04-17,Torino,1723.69787598
2024-04-18,Torino,1723.69787598
2024-04-19,Torino,1725.04406738
2024-04-21,Torino,1725.04406738
2024-04-22,Torino,1720.42919922
2024-04-25,Torino,1720.42919922
2024-04-27,Torino,1720.42919922
2024-04-29,Torino,1717.30773926
2024-05-03,Torino,1716.16503906
2024-05-04,Torino,1717.20019531
2024-05-05,Torino,1717.20019531
2024-05-06,Torino,1717.20019531
2024-05-09,Torino,1719.14013672
2024-05-10,Torino,1721.6697998
2024-05-12,Torino,1721.6697998
2024-05-13,Torino,1728.71557617
2024-05-15,Torino,1728.71557617
2024-05-16,Torino,1728.71557617
2024-05-19,Torino,1743.55480957
2024-05-20,Torino,1743.55480957
2024-05-23,Torino,1748.95849609
2024-05-27,Torino,1742.33911133
2024-05-30,Torino,1738.89416504
2024-08-16,Torino,1738.89416504
2024-08-18,Torino,1742.75854492
2024-08-21,Torino,1742.75854492
2024-08-23,Torino,1742.09753418
2024-08-25,Torino,1742.09753418
2024-08-26,Torino,1752.87402344
2024-08-27,Torino,1752.87402344
2024-08-29,Torino,1752.87402344
2024-08-30,Torino,1749.45092773
2024-08-31,Torino,1754.2479248
2024-09-01,Torino,1754.2479248
2024-09-15,Torino,1754.2479248
2024-09-16,Torino,1749.25817871
2024-09-18,Torino,1747.94299316
2024-09-19,Torino,1747.47253418
2024-09-20,Torino,1747.54431152
2024-09-21,Torino,1754.60791016
2024-09-23,Torino,1754.60791016
2024-09-26,Torino,1757.2980957
2024-09-27,Torino,1756.27050781
2024-09-29,Torino,1756.27050781
2024-09-30,Torino,1747.44970703
2024-10-02,Torino,1746.85522461
2024-10-03,Torino,1751.02697754
2024-10-04,Torino,1749.20239258
2024-10-06,Torino,1746.46020508
2024-10-07,Torino,1746.46020508
2024-10-20,Torino,1746.46020508
2024-10-21,Torino,1735.5020752
2024-10-22,Torino,1735.5020752
2024-10-23,Torino,1731.24365234
2024-10-24,Torino,1729.53723145
2024-10-25,Torino,1734.04699707
2024-10-26,Torino,1737.41625977
2024-10-27,Torino,1737.41625977
2024-10-28,Torino,1737.41625977
2024-11-01,Torino,1731.09790039
2024-11-03,Torino,1731.09790039
2024-11-04,Torino,1723.51599121
2024-11-06,Torino,1726.76831055
2024-11-07,Torino,1731.98083496
2024-11-08,Torino,1728.14685059
2024-11-10,Torino,1722.03442383
2024-11-11,Torino,1722.03442383
2024-11-24,Torino,1722.03442383
2024-11-25,Torino,1719.10314941
2024-11-27,Torino,1721.72558594
2024-11-28,Torino,1719.0703125
2024-11-29,Torino,1718.20129395
2024-12-02,Torino,1711.63500977
2024-12-08,Torino,1711.61450195
2024-12-09,Torino,1711.61450195
2024-12-11,Torino,1706.19018555
2024-12-12,Torino,1712.08190918
2024-12-13,Torino,1717.28320312
2024-12-14,Torino,1725.5168457
2024-12-15,Torino,1725.5168457
2024-12-20,Torino,1724.51013184
2024-12-22,Torino,1713.1628418
2024-12-23,Torino,1713.1628418
2024-12-30,Torino,1713.20361328
2025-01-01,Torino,1713.20361328
2025-01-06,Torino,1709.06176758
2025-01-12,Torino,1712.19543457
2025-01-13,Torino,1712.19543457
2025-01-15,Torino,1712.19543457
2025-01-18,Torino,1712.19543457
2025-01-19,Torino,1712.19543457
2025-01-20,Torino,1714.72680664
2025-01-22,Torino,1717.02258301
2025-01-23,Torino,1718.77905273
2025-01-24,Torino,1717.53161621
2025-01-25,Torino,1724.7175293
2025-01-27,Torino,1724.7175293
2025-01-30,Torino,1717.64147949
2025-01-31,Torino,1715.37658691
2025-02-01,Torino,1715.37658691
2025-02-02,Torino,1721.03637695
2025-02-09,Torino,1718.61303711
2025-02-12,Torino,1719.28527832
2025-02-13,Torino,1717.14575195
2025-02-14,Torino,1717.77258301
2025-02-15,Torino,1712.09667969
2025-02-17,Torino,1712.09667969
2025-02-19,Torino,1701.35717773
2025-02-20,Torino,1697.14245605
2025-02-21,Torino,1699.03198242
2025-02-23,Torino,1708.57580566
2025-03-02,Torino,1708.57580566
2025-03-03,Torino,1716.93225098
2025-03-05,Torino,1716.93225098
2025-03-06,Torino,1718.11315918
2025-03-07,Torino,1718.95495605
2025-03-09,Torino,1715.92565918
2025-03-10,Torino,1715.92565918
2025-03-12,Torino,1716.37805176
2025-03-14,Torino,1714.58898926
2025-03-16,Torino,1718.79919434
2025-03-30,Torino,1718.79919434
2025-03-31,Torino,1718.79919434
2025-04-01,Torino,1721.65454102
2025-04-07,Torino,1717.36071777
2025-04-09,Torino,1719.47497559
2025-04-10,Torino,1719.47497559
2025-04-11,Torino,1716.69433594
2025-04-13,Torino,1716.69433594
2025-04-14,Torino,1706.9387207
2025-04-17,Torino,1707.25915527
2025-04-18,Torino,1708.40356445
2025-04-21,Torino,1708.40356445
2025-04-24,Torino,1716.25073242
2025-04-27,Torino,1716.25073242
2025-04-28,Torino,1710.39929199
2025-04-29,Torino,1710.39929199
2025-05-01,Torino,1711.20996094
2025-05-02,Torino,1710.1829834
2025-05-03,Torino,1705.12915039
2025-05-04,Torino,1705.12915039
2025-05-07,Torino,1707.40576172
2025-05-08,Torino,1707.40576172
2025-05-09,Torino,1705.27270508
2025-05-11,Torino,1705.27270508
2025-05-12,Torino,1700.23876953
2025-05-18,Torino,1700.23876953
2025-05-19,Torino,1689.6270752
2025-05-25,Torino,1689.6270752
2025-05-26,Torino,1681.00549316
2025-05-27,Torino,1681.00549316
2025-05-29,Torino,1681.00549316
2025-06-01,Torino,1675.50195312
2025-08-08,Torino,1675.50195312
2025-08-13,Torino,1675.50195312
2025-08-18,Torino,1675.50195312
2025-08-22,Torino,1675.68530273
2025-08-24,Torino,1675.68530273
2025-08-25,Torino,1675.68530273
2025-08-26,Torino,1670.8425293
2025-08-27,Torino,1670.8425293
2025-08-29,Torino,1670.96398926
2025-09-01,Torino,1672.17089844
2025-09-15,Torino,1685.40222168
2025-09-17,Torino,1684.59436035
2025-09-18,Torino,1684.61584473
2025-09-19,Torino,1682.89489746
2025-09-22,Torino,1673.31384277
2025-09-25,Torino,1675.37072754
2025-09-26,Torino,1674.16259766
2025-09-30,Torino,1664.81848145
2025-10-01,Torino,1667.0246582
2025-10-02,Torino,1669.11706543
2025-10-03,Torino,1664.63659668
2025-10-05,Torino,1668.24743652
2025-10-06,Torino,1668.24743652
2025-10-19,Torino,1679.94067383
2025-10-20,Torino,1679.94067383
2025-10-22,Torino,1678.42358398
2025-10-23,Torino,1675.57336426
2025-10-24,Torino,1673.44506836
2025-10-25,Torino,1673.44506836
2025-10-26,Torino,1673.44506836
2025-10-27,Torino,1679.42041016
2025-10-30,Torino,1682.58886719
2025-11-02,Torino,1682.58886719
2025-11-03,Torino,1677.44665527
2025-11-05,Torino,1675.32727051
2025-11-06,Torino,1678.22937012
2025-11-07,Torino,1675.74694824
2025-11-09,Torino,1680.03710938
2025-11-10,Torino,1680.03710938
2025-11-23,Torino,1680.03710938
2025-11-24,Torino,1680.03710938
2025-11-25,Torino,1661.21850586
2025-11-26,Torino,1664.03344727
2025-11-27,Torino,1667.20092773
2025-11-28,Torino,1664.87744141
2025-12-01,Torino,1655.38818359
2025-12-04,Torino,1655.38818359
2025-12-09,Torino,1650.10961914
2025-12-10,Torino,1649.48718262
2025-12-11,Torino,1647.16918945
2025-12-12,Torino,1653.16320801
2025-12-14,Torino,1658.77307129
2025-12-15,Torino,1658.77307129
2025-12-19,Torino,1655.36376953
2025-12-21,Torino,1655.36376953
2025-12-22,Torino,1664.17578125
2025-12-28,Torino,1653.01293945
2026-01-01,Torino,1653.01293945
2026-01-04,Torino,1653.01293945
2026-01-05,Torino,1665.92736816
2026-01-08,Torino,1655.0690918
2026-01-11,Torino,1649.96887207
2026-01-12,Torino,1649.96887207
2026-01-15,Torino,1649.96887207
2026-01-18,Torino,1649.96887207
2026-01-19,Torino,1642.53515625
2026-01-21,Torino,1638.22009277
2026-01-22,Torino,1636.89379883
2026-01-23,Torino,1636.88220215
2026-01-25,Torino,1624.56298828
2026-01-26,Torino,1624.56298828
2026-01-29,Torino,1622.92614746
2026-01-30,Torino,1623.32495117
2026-02-02,Torino,1628.74987793
2026-02-03,Torino,1628.74987793
2026-02-08,Torino,1630.54528809
2026-02-10,Torino,1630.54528809
2026-02-16,Torino,1622.91577148
2026-02-18,Torino,1616.29760742
2026-02-19,Torino,1613.48779297
2026-02-20,Torino,1616.8671875
2026-02-22,Torino,1616.8671875
2026-02-23,Torino,1604.43151855
2026-02-24,Torino,1604.43151855
2026-02-25,Torino,1597.33166504
2026-02-26,Torino,1602.02368164
2026-02-27,Torino,1602.01647949
2026-02-28,Torino,1602.01647949
2026-03-02,Torino,1615.81481934
2026-03-03,Torino,1615.81481934
2026-03-07,Torino,1612.48144531
2026-03-11,Torino,1610.82189941
2026-03-12,Torino,1610.82189941
2026-03-13,Torino,1611.37805176
2026-03-14,Torino,1623.69238281
2026-03-16,Torino,1623.69238281
2026-03-18,Torino,1623.69238281
2026-03-19,Torino,1622.81604004
2026-03-20,Torino,1624.69140625
2026-03-21,Torino,1624.69140625
2026-03-22,Torino,1621.71166992
2026-03-23,Torino,1621.71166992
2026-04-05,Torino,1621.71166992
2026-04-06,Torino,1627.95751953
2026-04-10,Torino,1624.61474609
2026-04-12,Torino,1628.69042969
2026-04-13,Torino,1628.69042969
2026-04-17,Torino,1627.05737305
2026-04-18,Torino,1627.05737305
2026-04-19,Torino,1627.05737305
2026-04-20,Torino,1625.50170898
2026-04-22,Torino,1625.50170898
2026-04-23,Torino,1625.50170898
2026-04-26,Torino,1625.50170898
2026-04-27,Torino,1631.0859375
2026-04-29,Torino,1631.0859375
2026-05-02,Torino,1631.0859375
2026-05-03,Torino,1622.01342773
2026-05-07,Torino,1622.01342773
2026-05-08,Torino,1622.01342773
2026-05-09,Torino,1629.3840332
2026-05-10,Torino,1629.3840332
2026-05-13,Torino,1629.3840332
2026-05-14,Torino,1629.3840332
2026-05-17,Torino,1629.3840332
2026-05-18,Torino,1621.13244629
2026-05-21,Torino,1621.13244629
2026-05-25,Torino,1624.05883789
2026-06-08,Torino,1624.05883789
