date_elo,team_elo,elo
1946-07-07,Milan,1722.61303711
1946-09-23,Milan,1712.42468262
1946-10-07,Milan,1710.54626465
1946-10-14,Milan,1705.6204834
1946-10-21,Milan,1713.31115723
1946-10-28,Milan,1715.89306641
1946-11-04,Milan,1730.27490234
1946-11-11,Milan,1738.01159668
1946-11-13,Milan,1735.00793457
1946-11-25,Milan,1730.09838867
1946-12-08,Milan,1732.09838867
1946-12-09,Milan,1736.63684082
1946-12-16,Milan,1745.05969238
1946-12-23,Milan,1746.8515625
1946-12-30,Milan,1757.51318359
1947-01-02,Milan,1763.87133789
1947-01-06,Milan,1771.50891113
1947-01-13,Milan,1786.81152344
1947-01-20,Milan,1770.34399414
1947-01-27,Milan,1761.21264648
1947-02-03,Milan,1763.6517334
1947-02-17,Milan,1772.26147461
1947-02-20,Milan,1779.82507324
1947-03-03,Milan,1791.13085938
1947-03-10,Milan,1795.09692383
1947-03-17,Milan,1803.74291992
1947-03-24,Milan,1806.35412598
1947-03-31,Milan,1800.83813477
1947-04-07,Milan,1800.57434082
1947-04-14,Milan,1800.90917969
1947-04-21,Milan,1797.90710449
1947-04-29,Milan,1800.90710449
1947-05-05,Milan,1800.88464355
1947-05-15,Milan,1803.88464355
1947-05-19,Milan,1816.06091309
1947-05-26,Milan,1810.57641602
1947-06-02,Milan,1815.54248047
1947-06-09,Milan,1801.76000977
1947-06-16,Milan,1795.81091309
1947-06-23,Milan,1810.77746582
1947-06-30,Milan,1804.30871582
1947-07-07,Milan,1808.69372559
1947-09-15,Milan,1817.33129883
1947-09-22,Milan,1819.53820801
1947-09-29,Milan,1811.51977539
1947-10-06,Milan,1816.08166504
1947-10-13,Milan,1815.92602539
1947-10-20,Milan,1819.22570801
1947-10-27,Milan,1804.18103027
1947-11-03,Milan,1808.37097168
1947-11-16,Milan,1779.37097168
1947-11-17,Milan,1782.18713379
1947-11-24,Milan,1795.74279785
1947-12-01,Milan,1792.17712402
1947-12-08,Milan,1803.23278809
1947-12-19,Milan,1807.23278809
1947-12-29,Milan,1810.75402832
1948-01-02,Milan,1809.36401367
1948-01-05,Milan,1815.11962891
1948-01-12,Milan,1817.11950684
1948-01-19,Milan,1826.33227539
1948-01-26,Milan,1832.58398438
1948-02-02,Milan,1831.07629395
1948-02-09,Milan,1830.53686523
1948-02-16,Milan,1834.21679688
1948-02-23,Milan,1840.12426758
1948-03-01,Milan,1842.29858398
1948-03-08,Milan,1828.88269043
1948-03-15,Milan,1831.63562012
1948-03-22,Milan,1824.84216309
1948-03-29,Milan,1817.82189941
1948-04-06,Milan,1823.82189941
1948-04-12,Milan,1835.24145508
1948-04-18,Milan,1828.16101074
1948-04-26,Milan,1820.73461914
1948-05-03,Milan,1804.46057129
1948-05-07,Milan,1799.64001465
1948-05-18,Milan,1772.64001465
1948-05-24,Milan,1767.60742188
1948-05-28,Milan,1769.88928223
1948-05-31,Milan,1762.04675293
1948-06-07,Milan,1752.96740723
1948-06-14,Milan,1757.58337402
1948-06-21,Milan,1755.93444824
1948-06-28,Milan,1757.45751953
1948-07-05,Milan,1736.31530762
1948-09-20,Milan,1750.25561523
1948-09-27,Milan,1740.3996582
1948-10-04,Milan,1746.0847168
1948-10-11,Milan,1755.11120605
1948-10-18,Milan,1735.61047363
1948-10-25,Milan,1739.75683594
1948-11-01,Milan,1740.93969727
1948-11-05,Milan,1749.79406738
1948-11-08,Milan,1740.38208008
1948-11-15,Milan,1743.4552002
1948-11-22,Milan,1745.58874512
1948-11-29,Milan,1741.27783203
1948-12-06,Milan,1752.9041748
1948-12-09,Milan,1747.19726562
1948-12-13,Milan,1750.84619141
1948-12-20,Milan,1744.48352051
1948-12-27,Milan,1736.57751465
1949-01-07,Milan,1732.30187988
1949-01-10,Milan,1736.15576172
1949-01-17,Milan,1737.61230469
1949-01-24,Milan,1738.62866211
1949-01-28,Milan,1740.62866211
1949-01-31,Milan,1744.30297852
1949-02-07,Milan,1748.06787109
1949-02-14,Milan,1763.27600098
1949-02-21,Milan,1767.24633789
1949-03-06,Milan,1769.24633789
1949-03-07,Milan,1766.29064941
1949-03-14,Milan,1768.96716309
1949-03-20,Milan,1776.04321289
1949-04-03,Milan,1788.04321289
1949-04-04,Milan,1791.66796875
1949-04-11,Milan,1795.35412598
1949-04-18,Milan,1797.01245117
1949-04-25,Milan,1790.5592041
1949-05-01,Milan,1799.61157227
1949-05-09,Milan,1791.65063477
1949-05-16,Milan,1793.16308594
1949-05-26,Milan,1799.16308594
1949-05-30,Milan,1791.13439941
1949-06-06,Milan,1793.12023926
1949-06-17,Milan,1789.12023926
1949-06-30,Milan,1700.92773438
1949-07-03,Milan,1707.26513672
1949-09-12,Milan,1720.55273438
1949-09-19,Milan,1713.3260498
1949-09-26,Milan,1724.81652832
1949-10-03,Milan,1711.8815918
1949-10-10,Milan,1721.79736328
1949-10-17,Milan,1723.84277344
1949-10-21,Milan,1716.56994629
1949-10-24,Milan,1714.3770752
1949-10-31,Milan,1716.3503418
1949-11-07,Milan,1713.01733398
1949-11-14,Milan,1714.93371582
1949-11-21,Milan,1718.42871094
1949-12-05,Milan,1728.66479492
1949-12-09,Milan,1732.20874023
1949-12-12,Milan,1740.14306641
1949-12-19,Milan,1743.04199219
1949-12-27,Milan,1745.03405762
1950-01-02,Milan,1745.17651367
1950-01-09,Milan,1736.91809082
1950-01-16,Milan,1740.36682129
1950-01-23,Milan,1753.4128418
1950-01-30,Milan,1754.23352051
1950-02-06,Milan,1782.84228516
1950-02-13,Milan,1784.54650879
1950-02-20,Milan,1790.78759766
1950-02-24,Milan,1783.46191406
1950-02-27,Milan,1790.07751465
1950-03-13,Milan,1774.61828613
1950-03-20,Milan,1779.06494141
1950-03-27,Milan,1787.56433105
1950-04-11,Milan,1798.59790039
1950-04-17,Milan,1800.35119629
1950-04-24,Milan,1791.11999512
1950-05-01,Milan,1793.05078125
1950-05-08,Milan,1777.49316406
1950-05-15,Milan,1782.98840332
1950-05-22,Milan,1785.24816895
1950-05-29,Milan,1786.96020508
1950-06-15,Milan,1760.02185059
1950-06-17,Milan,1744.6385498
1950-09-11,Milan,1746.5925293
1950-09-18,Milan,1752.47473145
1950-09-25,Milan,1754.77160645
1950-10-02,Milan,1765.34899902
1950-10-09,Milan,1773.19482422
1950-10-16,Milan,1774.03149414
1950-10-23,Milan,1778.15234375
1950-10-30,Milan,1779.64660645
1950-11-06,Milan,1778.36450195
1950-11-13,Milan,1765.39978027
1950-11-20,Milan,1770.74780273
1950-11-27,Milan,1754.38024902
1950-12-04,Milan,1760.91235352
1950-12-11,Milan,1763.34570312
1950-12-18,Milan,1764.5637207
1950-12-25,Milan,1775.78991699
1951-01-01,Milan,1776.9276123
1951-01-08,Milan,1777.10229492
1951-01-15,Milan,1777.93310547
1951-01-22,Milan,1775.2635498
1951-01-29,Milan,1776.34143066
1951-02-05,Milan,1783.49462891
1951-02-12,Milan,1784.75463867
1951-02-19,Milan,1787.19104004
1951-02-26,Milan,1795.30187988
1951-03-05,Milan,1799.51342773
1951-03-12,Milan,1806.11608887
1951-03-19,Milan,1808.34387207
1951-03-26,Milan,1818.52758789
1951-04-02,Milan,1819.25231934
1951-04-16,Milan,1817.10400391
1951-04-23,Milan,1817.9407959
1951-04-30,Milan,1828.64916992
1951-05-14,Milan,1824.11413574
1951-05-21,Milan,1815.29980469
1951-05-28,Milan,1815.03881836
1951-06-11,Milan,1799.02819824
1951-06-18,Milan,1787.46838379
1951-06-21,Milan,1820.38574219
1951-06-25,Milan,1839.07617188
1951-09-10,Milan,1844.13879395
1951-09-17,Milan,1845.5411377
1951-09-24,Milan,1841.80175781
1951-10-01,Milan,1843.1607666
1951-10-08,Milan,1849.25439453
1951-10-15,Milan,1849.99523926
1951-10-22,Milan,1861.91711426
1951-10-29,Milan,1863.39294434
1951-11-05,Milan,1865.99804688
1951-11-19,Milan,1875.03222656
1951-12-03,Milan,1866.68054199
1951-12-10,Milan,1844.10095215
1951-12-17,Milan,1838.93005371
1951-12-24,Milan,1826.84277344
1951-12-31,Milan,1828.01013184
1952-01-07,Milan,1820.64758301
1952-01-14,Milan,1818.19042969
1952-01-21,Milan,1819.31994629
1952-01-28,Milan,1810.32824707
1952-02-04,Milan,1812.53540039
1952-02-11,Milan,1823.75610352
1952-02-18,Milan,1815.38244629
1952-03-03,Milan,1812.2689209
1952-03-10,Milan,1813.44616699
1952-03-17,Milan,1810.99145508
1952-03-24,Milan,1812.99389648
1952-03-31,Milan,1810.09338379
1952-04-07,Milan,1813.94116211
1952-04-14,Milan,1815.62487793
1952-04-21,Milan,1822.10070801
1952-04-28,Milan,1823.3059082
1952-05-05,Milan,1818.0267334
1952-05-12,Milan,1809.64941406
1952-05-26,Milan,1796.33935547
1952-06-02,Milan,1796.46398926
1952-06-09,Milan,1798.65612793
1952-06-16,Milan,1795.55761719
1952-06-23,Milan,1798.97570801
1952-06-27,Milan,1768.1854248
1952-06-29,Milan,1776.1237793
1952-09-15,Milan,1777.96081543
1952-09-22,Milan,1783.47216797
1952-09-29,Milan,1784.74072266
1952-10-06,Milan,1775.61071777
1952-10-13,Milan,1776.94287109
1952-10-20,Milan,1773.8314209
1952-11-03,Milan,1761.75976562
1952-11-10,Milan,1764.47180176
1952-11-17,Milan,1753.63427734
1952-11-24,Milan,1759.43273926
1952-12-01,Milan,1762.68786621
1952-12-08,Milan,1784.0604248
1952-12-15,Milan,1785.64147949
1952-12-22,Milan,1787.43383789
1953-01-07,Milan,1784.49121094
1953-01-12,Milan,1771.02282715
1953-01-19,Milan,1773.42907715
1953-01-26,Milan,1763.13781738
1953-02-02,Milan,1765.3972168
1953-02-09,Milan,1763.4284668
1953-02-16,Milan,1766.61523438
1953-02-23,Milan,1756.82019043
1953-03-02,Milan,1759.17565918
1953-03-09,Milan,1763.62329102
1953-03-16,Milan,1769.84741211
1953-03-23,Milan,1763.00256348
1953-03-30,Milan,1755.02478027
1953-04-06,Milan,1754.79431152
1953-04-13,Milan,1743.36169434
1953-04-20,Milan,1729.72436523
1953-05-04,Milan,1744.46411133
1953-05-11,Milan,1747.76428223
1953-05-25,Milan,1740.81518555
1953-06-01,Milan,1739.95043945
1953-06-05,Milan,1755.2088623
1953-06-08,Milan,1700.37219238
1953-09-14,Milan,1699.17297363
1953-09-21,Milan,1692.4909668
1953-09-28,Milan,1684.56103516
1953-10-05,Milan,1688.08227539
1953-10-12,Milan,1698.60913086
1953-10-19,Milan,1709.91540527
1953-10-26,Milan,1702.44848633
1953-11-02,Milan,1694.85900879
1953-11-09,Milan,1697.64831543
1953-11-23,Milan,1699.29602051
1953-11-30,Milan,1710.84265137
1953-12-07,Milan,1712.21643066
1953-12-21,Milan,1717.12121582
1953-12-28,Milan,1709.17346191
1954-01-04,Milan,1708.86779785
1954-01-11,Milan,1712.80871582
1954-01-18,Milan,1698.76965332
1954-02-01,Milan,1700.29846191
1954-02-08,Milan,1699.52075195
1954-02-15,Milan,1692.76135254
1954-02-22,Milan,1708.28771973
1954-03-01,Milan,1711.47314453
1954-03-08,Milan,1712.70410156
1954-03-15,Milan,1700.0880127
1954-03-22,Milan,1706.72949219
1954-03-29,Milan,1704.31677246
1954-04-05,Milan,1700.94921875
1954-04-19,Milan,1686.91247559
1954-04-26,Milan,1690.54284668
1954-05-03,Milan,1686.99511719
1954-05-10,Milan,1690.0324707
1954-05-17,Milan,1692.09265137
1954-05-24,Milan,1690.48657227
1954-05-31,Milan,1698.78601074
1954-09-20,Milan,1701.91442871
1954-09-27,Milan,1715.43981934
1954-10-04,Milan,1718.4699707
1954-10-11,Milan,1726.47387695
1954-10-18,Milan,1738.64331055
1954-10-25,Milan,1741.67016602
1954-11-01,Milan,1748.80957031
1954-11-08,Milan,1744.73498535
1954-11-15,Milan,1756.08190918
1954-11-22,Milan,1758.29785156
1954-12-13,Milan,1749.58996582
1954-12-27,Milan,1751.62072754
1955-01-03,Milan,1761.87268066
1955-01-07,Milan,1754.11499023
1955-01-24,Milan,1749.69677734
1955-01-27,Milan,1742.05859375
1955-01-31,Milan,1743.30969238
1955-02-07,Milan,1731.8326416
1955-02-14,Milan,1711.32739258
1955-02-21,Milan,1710.05981445
1955-02-28,Milan,1712.49780273
1955-03-07,Milan,1706.5526123
1955-03-14,Milan,1713.96020508
1955-03-21,Milan,1707.85144043
1955-04-04,Milan,1710.12744141
1955-04-11,Milan,1716.77490234
1955-04-18,Milan,1714.80114746
1955-04-25,Milan,1695.73205566
1955-05-02,Milan,1689.02783203
1955-05-09,Milan,1698.99182129
1955-05-16,Milan,1704.32519531
1955-06-06,Milan,1722.70031738
1955-06-13,Milan,1726.10754395
1955-06-20,Milan,1721.93615723
1955-06-24,Milan,1688.1463623
1955-06-26,Milan,1704.7956543
1955-09-19,Milan,1695.66833496
1955-09-26,Milan,1701.57287598
1955-10-03,Milan,1710.97705078
1955-10-10,Milan,1705.33691406
1955-10-17,Milan,1693.39562988
1955-10-24,Milan,1700.78881836
1955-10-31,Milan,1703.05004883
1955-11-02,Milan,1659.72045898
1955-11-07,Milan,1645.95056152
1955-11-14,Milan,1639.27941895
1955-11-24,Milan,1696.87390137
1955-12-05,Milan,1680.70788574
1955-12-09,Milan,1677.01794434
1955-12-27,Milan,1681.71459961
1956-01-02,Milan,1687.92382812
1956-01-09,Milan,1693.47875977
1956-01-16,Milan,1693.77941895
1956-01-19,Milan,1719.7232666
1956-01-23,Milan,1723.34472656
1956-01-30,Milan,1729.71337891
1956-02-06,Milan,1732.89660645
1956-02-13,Milan,1781.51538086
1956-02-27,Milan,1783.9083252
1956-03-01,Milan,1783.2980957
1956-03-05,Milan,1771.79699707
1956-03-12,Milan,1765.11328125
1956-03-19,Milan,1766.60009766
1956-03-26,Milan,1764.31420898
1956-04-02,Milan,1766.02197266
1956-04-09,Milan,1774.13061523
1956-04-16,Milan,1765.76196289
1956-04-20,Milan,1759.06262207
1956-04-30,Milan,1750.20117188
1956-05-02,Milan,1736.85778809
1956-05-07,Milan,1736.85290527
1956-05-11,Milan,1739.29724121
1956-05-14,Milan,1740.03088379
1956-05-21,Milan,1742.49353027
1956-05-28,Milan,1736.06323242
1956-06-04,Milan,1717.06799316
1956-06-30,Milan,1731.90734863
1956-07-04,Milan,1764.78588867
1956-09-17,Milan,1766.36486816
1956-09-24,Milan,1774.85107422
1956-10-01,Milan,1776.16601562
1956-10-08,Milan,1756.99707031
1956-10-15,Milan,1743.11584473
1956-10-22,Milan,1738.3795166
1956-10-29,Milan,1757.69470215
1956-11-19,Milan,1761.7923584
1956-11-22,Milan,1752.17932129
1956-11-26,Milan,1759.87988281
1956-11-29,Milan,1775.04541016
1956-12-03,Milan,1772.96984863
1956-12-17,Milan,1775.50048828
1956-12-24,Milan,1767.64978027
1956-12-31,Milan,1770.31530762
1957-01-07,Milan,1773.17541504
1957-01-14,Milan,1773.09765625
1957-01-21,Milan,1780.99108887
1957-01-28,Milan,1783.56921387
1957-02-07,Milan,1784.52636719
1957-02-11,Milan,1787.44006348
1957-02-18,Milan,1792.07519531
1957-02-25,Milan,1791.25292969
1957-02-28,Milan,1804.10754395
1957-03-04,Milan,1806.36071777
1957-03-11,Milan,1806.97302246
1957-03-18,Milan,1812.15246582
1957-03-25,Milan,1804.00170898
1957-04-01,Milan,1807.19543457
1957-04-04,Milan,1819.63879395
1957-04-08,Milan,1822.48059082
1957-04-15,Milan,1809.7331543
1957-04-19,Milan,1808.81542969
1957-04-29,Milan,1810.77868652
1957-05-06,Milan,1816.89758301
1957-05-20,Milan,1816.23986816
1957-05-31,Milan,1806.92419434
1957-06-03,Milan,1809.83422852
1957-06-10,Milan,1794.90258789
1957-06-17,Milan,1782.91711426
1957-06-21,Milan,1761.08764648
1957-06-24,Milan,1788.22961426
1957-09-09,Milan,1787.89904785
1957-09-16,Milan,1781.08569336
1957-09-23,Milan,1778.80493164
1957-09-30,Milan,1765.23254395
1957-10-03,Milan,1775.33740234
1957-10-07,Milan,1768.88012695
1957-10-10,Milan,1758.93017578
1957-10-14,Milan,1760.68017578
1957-10-21,Milan,1755.25085449
1957-10-28,Milan,1759.53662109
1957-10-31,Milan,1785.18347168
1957-11-04,Milan,1777.75610352
1957-11-18,Milan,1779.33691406
1957-11-25,Milan,1765.98388672
1957-11-28,Milan,1793.21936035
1957-12-12,Milan,1792.34692383
1957-12-16,Milan,1786.36706543
1957-12-23,Milan,1776.78601074
1957-12-30,Milan,1781.82922363
1958-01-02,Milan,1776.27661133
1958-01-07,Milan,1790.95324707
1958-01-20,Milan,1789.30883789
1958-01-27,Milan,1794.10839844
1958-02-03,Milan,1787.75622559
1958-02-10,Milan,1780.62182617
1958-02-13,Milan,1783.91174316
1958-02-17,Milan,1794.22961426
1958-02-24,Milan,1788.2635498
1958-02-27,Milan,1792.07385254
1958-03-03,Milan,1785.59509277
1958-03-10,Milan,1780.91699219
1958-03-17,Milan,1772.15039062
1958-03-31,Milan,1777.69873047
1958-04-07,Milan,1771.61022949
1958-04-14,Milan,1777.99499512
1958-04-21,Milan,1779.52539062
1958-04-28,Milan,1780.31750488
1958-05-05,Milan,1782.35864258
1958-05-09,Milan,1782.97094727
1958-05-12,Milan,1778.18151855
1958-05-15,Milan,1800.19250488
1958-05-19,Milan,1803.11291504
1958-05-26,Milan,1775.17675781
1958-05-29,Milan,1767.73266602
1958-09-22,Milan,1771.2166748
1958-09-25,Milan,1771.97033691
1958-09-29,Milan,1781.33251953
1958-10-02,Milan,1746.41186523
1958-10-06,Milan,1748.6505127
1958-10-13,Milan,1749.29333496
1958-10-20,Milan,1752.44372559
1958-10-27,Milan,1742.53942871
1958-11-03,Milan,1737.45178223
1958-11-17,Milan,1748.42834473
1958-11-24,Milan,1750.13818359
1958-12-01,Milan,1757.35021973
1958-12-08,Milan,1756.14685059
1958-12-22,Milan,1760.58703613
1958-12-29,Milan,1766.42687988
1959-01-05,Milan,1777.02148438
1959-01-12,Milan,1781.93432617
1959-01-19,Milan,1781.14221191
1959-01-26,Milan,1783.63427734
1959-02-02,Milan,1781.04272461
1959-02-09,Milan,1787.08178711
1959-02-16,Milan,1794.7557373
1959-02-23,Milan,1799.0324707
1959-03-03,Milan,1803.71862793
1959-03-16,Milan,1797.41271973
1959-03-23,Milan,1790.97668457
1959-03-30,Milan,1787.2401123
1959-04-06,Milan,1791.93029785
1959-04-13,Milan,1808.42895508
1959-04-20,Milan,1800.77380371
1959-04-27,Milan,1797.5513916
1959-05-18,Milan,1795.421875
1959-05-25,Milan,1798.96569824
1959-05-29,Milan,1806.95080566
1959-06-03,Milan,1811.65759277
1959-06-08,Milan,1810.51733398
1959-09-14,Milan,1810.43481445
1959-09-21,Milan,1795.63745117
1959-09-24,Milan,1795.97875977
1959-09-28,Milan,1790.20654297
1959-10-05,Milan,1797.14550781
1959-10-12,Milan,1799.8684082
1959-10-19,Milan,1807.93066406
1959-10-26,Milan,1810.16320801
1959-11-05,Milan,1797.7565918
1959-11-09,Milan,1800.30786133
1959-11-16,Milan,1788.29699707
1959-11-23,Milan,1790.26074219
1959-11-26,Milan,1783.5625
1959-12-07,Milan,1787.34191895
1959-12-14,Milan,1779.42602539
1959-12-28,Milan,1785.81030273
1960-01-02,Milan,1789.84594727
1960-01-11,Milan,1774.01538086
1960-01-18,Milan,1788.56811523
1960-01-25,Milan,1801.23046875
1960-02-01,Milan,1803.01257324
1960-02-08,Milan,1804.66516113
1960-02-15,Milan,1804.67126465
1960-02-22,Milan,1807.32629395
1960-02-29,Milan,1805.73913574
1960-03-07,Milan,1806.96411133
1960-03-17,Milan,1806.96411133
1960-03-21,Milan,1804.98937988
1960-03-28,Milan,1809.52392578
1960-04-04,Milan,1811.98034668
1960-04-11,Milan,1792.94677734
1960-04-18,Milan,1790.42358398
1960-04-25,Milan,1779.37109375
1960-05-01,Milan,1779.37109375
1960-05-02,Milan,1771.64172363
1960-05-08,Milan,1771.64172363
1960-05-09,Milan,1773.30871582
1960-05-16,Milan,1768.79858398
1960-05-23,Milan,1762.54016113
1960-05-30,Milan,1765.55041504
1960-06-06,Milan,1764.45397949
1960-06-13,Milan,1764.45397949
1960-08-12,Milan,1764.45397949
1960-08-24,Milan,1764.45397949
1960-08-29,Milan,1764.45397949
1960-09-06,Milan,1764.45397949
1960-09-11,Milan,1764.45397949
1960-09-18,Milan,1764.45397949
1960-09-19,Milan,1764.45397949
1960-09-22,Milan,1764.21972656
1960-09-24,Milan,1764.21972656
1960-09-26,Milan,1766.31262207
1960-10-02,Milan,1766.31262207
1960-10-03,Milan,1753.96484375
1960-10-08,Milan,1753.96484375
1960-10-09,Milan,1753.96484375
1960-10-10,Milan,1760.06115723
1960-10-13,Milan,1735.5489502
1960-10-16,Milan,1735.5489502
1960-10-17,Milan,1736.91174316
1960-10-24,Milan,1729.60351562
1960-10-30,Milan,1729.60351562
1960-11-07,Milan,1741.5838623
1960-11-14,Milan,1743.85839844
1960-11-17,Milan,1743.85839844
1960-11-20,Milan,1743.85839844
1960-11-21,Milan,1732.28393555
1960-11-27,Milan,1732.28393555
1960-11-28,Milan,1740.65710449
1960-12-01,Milan,1740.65710449
1960-12-05,Milan,1743.10168457
1960-12-12,Milan,1743.10168457
1960-12-19,Milan,1745.79284668
1960-12-26,Milan,1744.47875977
1961-01-02,Milan,1752.13818359
1961-01-09,Milan,1752.13818359
1961-01-16,Milan,1749.62451172
1961-01-23,Milan,1752.90002441
1961-01-26,Milan,1755.61315918
1961-01-30,Milan,1747.69372559
1961-02-05,Milan,1747.69372559
1961-02-06,Milan,1739.38464355
1961-02-13,Milan,1743.38330078
1961-02-20,Milan,1755.31359863
1961-02-27,Milan,1758.50427246
1961-03-06,Milan,1746.75
1961-03-13,Milan,1753.88122559
1961-03-16,Milan,1753.88122559
1961-03-20,Milan,1752.82702637
1961-03-26,Milan,1752.82702637
1961-03-27,Milan,1764.17224121
1961-04-03,Milan,1765.62390137
1961-04-04,Milan,1765.62390137
1961-04-10,Milan,1763.98461914
1961-04-17,Milan,1766.60778809
1961-04-23,Milan,1766.60778809
1961-04-27,Milan,1766.60778809
1961-04-30,Milan,1766.60778809
1961-05-01,Milan,1745.01049805
1961-05-04,Milan,1745.01049805
1961-05-08,Milan,1737.80688477
1961-05-15,Milan,1744.03942871
1961-05-19,Milan,1744.03942871
1961-05-22,Milan,1736.21069336
1961-05-31,Milan,1744.0020752
1961-06-01,Milan,1744.0020752
1961-06-05,Milan,1737.10961914
1961-06-19,Milan,1737.10961914
1961-08-07,Milan,1737.10961914
1961-08-14,Milan,1737.10961914
1961-08-20,Milan,1737.10961914
1961-08-24,Milan,1737.10961914
1961-08-27,Milan,1737.10961914
1961-08-28,Milan,1750.6171875
1961-08-31,Milan,1750.6171875
1961-09-04,Milan,1753.72119141
1961-09-11,Milan,1750.84912109
1961-09-12,Milan,1750.84912109
1961-09-14,Milan,1752.60668945
1961-09-17,Milan,1752.60668945
1961-09-18,Milan,1744.60400391
1961-09-21,Milan,1745.54260254
1961-09-25,Milan,1732.92858887
1961-09-28,Milan,1733.46813965
1961-10-02,Milan,1749.54125977
1961-10-05,Milan,1738.80505371
1961-10-09,Milan,1741.68212891
1961-10-13,Milan,1741.68212891
1961-10-16,Milan,1741.68212891
1961-10-23,Milan,1746.63452148
1961-10-26,Milan,1752.58032227
1961-10-29,Milan,1752.58032227
1961-10-30,Milan,1742.85119629
1961-11-02,Milan,1742.85119629
1961-11-09,Milan,1751.41992188
1961-11-12,Milan,1751.41992188
1961-11-13,Milan,1761.60388184
1961-11-16,Milan,1769.43933105
1961-11-20,Milan,1769.10705566
1961-11-23,Milan,1786.02978516
1961-11-27,Milan,1779.48339844
1961-12-01,Milan,1779.48339844
1961-12-04,Milan,1785.7322998
1961-12-11,Milan,1785.70581055
1961-12-17,Milan,1785.70581055
1961-12-18,Milan,1789.21887207
1961-12-25,Milan,1792.50024414
1962-01-01,Milan,1801.83398438
1962-01-08,Milan,1805.66479492
1962-01-15,Milan,1810.01330566
1962-01-22,Milan,1814.69628906
1962-01-29,Milan,1823.98046875
1962-02-05,Milan,1807.70324707
1962-02-12,Milan,1809.01599121
1962-02-15,Milan,1805.97485352
1962-02-19,Milan,1802.58251953
1962-02-22,Milan,1801.2142334
1962-02-26,Milan,1810.19848633
1962-02-27,Milan,1813.07116699
1962-02-28,Milan,1815.41943359
1962-03-01,Milan,1809.76721191
1962-03-05,Milan,1817.98779297
1962-03-12,Milan,1830.45556641
1962-03-19,Milan,1833.68701172
1962-03-22,Milan,1838.69812012
1962-03-26,Milan,1838.69812012
1962-04-02,Milan,1840.16442871
1962-04-09,Milan,1842.83947754
1962-04-12,Milan,1854.15637207
1962-04-16,Milan,1862.30664062
1962-05-11,Milan,1862.95947266
1962-09-06,Milan,1845.77172852
1962-09-13,Milan,1845.80908203
1962-09-17,Milan,1837.9239502
1962-09-20,Milan,1837.98657227
1962-09-24,Milan,1845.85168457
1962-09-27,Milan,1850.16796875
1962-10-01,Milan,1843.26611328
1962-10-08,Milan,1838.09899902
1962-10-11,Milan,1847.43786621
1962-10-15,Milan,1832.37219238
1962-10-22,Milan,1827.99194336
1962-10-29,Milan,1818.24047852
1962-11-01,Milan,1818.24047852
1962-11-02,Milan,1823.45617676
1962-11-05,Milan,1818.54675293
1962-11-15,Milan,1824.65283203
1962-11-19,Milan,1818.05041504
1962-11-20,Milan,1823.07983398
1962-11-26,Milan,1815.61425781
1962-11-29,Milan,1812.15869141
1962-12-05,Milan,1833.77636719
1962-12-10,Milan,1842.81994629
1962-12-17,Milan,1844.8223877
1962-12-24,Milan,1850.23461914
1962-12-31,Milan,1848.53051758
1963-01-07,Milan,1841.05578613
1963-01-14,Milan,1842.99523926
1963-01-24,Milan,1843.89221191
1963-01-28,Milan,1829.26477051
1963-02-04,Milan,1828.80908203
1963-02-07,Milan,1817.21374512
1963-02-11,Milan,1827.23449707
1963-02-18,Milan,1827.23449707
1963-02-25,Milan,1831.52685547
1963-03-04,Milan,1824.20056152
1963-03-11,Milan,1833.59020996
1963-03-14,Milan,1834.81567383
1963-03-18,Milan,1836.97570801
1963-03-21,Milan,1845.30249023
1963-04-01,Milan,1840.59814453
1963-04-04,Milan,1828.87817383
1963-04-08,Milan,1836.99206543
1963-04-15,Milan,1824.40661621
1963-04-22,Milan,1823.19006348
1963-04-25,Milan,1830.67712402
1963-04-29,Milan,1832.12438965
1963-05-02,Milan,1833.33435059
1963-05-06,Milan,1836.68676758
1963-05-20,Milan,1826.34594727
1963-05-23,Milan,1841.2130127
1963-05-27,Milan,1847.91503906
1963-09-05,Milan,1852.41638184
1963-09-16,Milan,1862.73400879
1963-09-19,Milan,1866.09362793
1963-09-23,Milan,1867.91162109
1963-09-26,Milan,1867.82202148
1963-09-30,Milan,1866.8067627
1963-10-07,Milan,1868.87194824
1963-10-10,Milan,1864.51977539
1963-10-15,Milan,1851.94726562
1963-10-21,Milan,1853.18518066
1963-10-24,Milan,1854.86376953
1963-10-28,Milan,1856.71569824
1963-11-14,Milan,1856.71569824
1963-11-18,Milan,1856.71569824
1963-11-25,Milan,1850.99194336
1963-11-28,Milan,1851.01013184
1963-12-02,Milan,1853.64794922
1963-12-05,Milan,1862.10241699
1963-12-09,Milan,1867.43115234
1963-12-19,Milan,1874.04736328
1963-12-23,Milan,1876.75158691
1963-12-30,Milan,1869.23352051
1964-01-06,Milan,1875.12670898
1964-01-13,Milan,1867.28161621
1964-01-20,Milan,1883.1385498
1964-01-27,Milan,1884.4934082
1964-01-30,Milan,1873.38171387
1964-02-03,Milan,1876.73010254
1964-02-10,Milan,1860.76025391
1964-02-14,Milan,1861.43383789
1964-02-17,Milan,1854.31787109
1964-02-24,Milan,1851.30236816
1964-02-27,Milan,1854.3392334
1964-03-02,Milan,1842.77282715
1964-03-05,Milan,1842.95776367
1964-03-09,Milan,1847.59741211
1964-03-16,Milan,1851.95300293
1964-03-23,Milan,1849.38879395
1964-03-30,Milan,1851.80163574
1964-04-06,Milan,1859.73950195
1964-04-16,Milan,1861.86645508
1964-04-20,Milan,1858.52416992
1964-04-27,Milan,1843.94104004
1964-04-30,Milan,1845.80700684
1964-05-04,Milan,1853.02307129
1964-05-18,Milan,1856.72192383
1964-05-25,Milan,1858.52758789
1964-05-28,Milan,1868.99755859
1964-06-01,Milan,1875.4786377
1964-06-08,Milan,1875.4786377
1964-09-10,Milan,1874.64355469
1964-09-14,Milan,1867.09960938
1964-09-21,Milan,1877.13647461
1964-09-24,Milan,1877.53747559
1964-09-28,Milan,1883.4465332
1964-10-05,Milan,1876.50085449
1964-10-08,Milan,1878.18078613
1964-10-12,Milan,1879.68981934
1964-10-15,Milan,1873.61376953
1964-10-19,Milan,1880.55090332
1964-10-26,Milan,1882.82055664
1964-11-09,Milan,1890.94909668
1964-11-12,Milan,1891.6862793
1964-11-16,Milan,1911.78527832
1964-11-23,Milan,1915.02709961
1964-11-30,Milan,1918.27307129
1964-12-04,Milan,1918.8380127
1964-12-07,Milan,1918.93554688
1964-12-14,Milan,1917.81884766
1964-12-21,Milan,1922.74365234
1964-12-28,Milan,1928.05578613
1965-01-04,Milan,1922.81726074
1965-01-11,Milan,1923.99511719
1965-01-18,Milan,1924.76672363
1965-01-25,Milan,1920.21960449
1965-02-01,Milan,1921.52111816
1965-02-08,Milan,1906.171875
1965-02-15,Milan,1912.76904297
1965-02-18,Milan,1915.15270996
1965-02-22,Milan,1910.72912598
1965-03-01,Milan,1911.93005371
1965-03-04,Milan,1909.28808594
1965-03-08,Milan,1906.00415039
1965-03-18,Milan,1913.92297363
1965-03-22,Milan,1915.99975586
1965-03-29,Milan,1896.67163086
1965-04-05,Milan,1896.34619141
1965-04-12,Milan,1897.68591309
1965-04-21,Milan,1901.08227539
1965-04-26,Milan,1904.10205078
1965-04-28,Milan,1900.73840332
1965-05-05,Milan,1895.96533203
1965-05-06,Milan,1884.27429199
1965-05-10,Milan,1896.70617676
1965-05-13,Milan,1904.13330078
1965-05-17,Milan,1882.14331055
1965-05-24,Milan,1883.51586914
1965-05-28,Milan,1887.48059082
1965-05-31,Milan,1883.85888672
1965-06-07,Milan,1873.42590332
1965-09-06,Milan,1870.25073242
1965-09-13,Milan,1871.59912109
1965-09-20,Milan,1879.7154541
1965-09-27,Milan,1881.67773438
1965-09-30,Milan,1882.70776367
1965-10-04,Milan,1879.16357422
1965-10-11,Milan,1882.01550293
1965-10-14,Milan,1873.4909668
1965-10-18,Milan,1865.95117188
1965-10-25,Milan,1858.81958008
1965-11-15,Milan,1860.29541016
1965-11-22,Milan,1865.50073242
1965-11-29,Milan,1868.21362305
1965-12-02,Milan,1867.50598145
1965-12-13,Milan,1853.13452148
1965-12-16,Milan,1854.04211426
1965-12-20,Milan,1857.37341309
1965-12-27,Milan,1865.07019043
1966-01-03,Milan,1866.6048584
1966-01-10,Milan,1859.20227051
1966-01-17,Milan,1855.45556641
1966-01-31,Milan,1852.46801758
1966-02-06,Milan,1852.46801758
1966-02-07,Milan,1854.19030762
1966-02-13,Milan,1854.19030762
1966-02-14,Milan,1859.015625
1966-02-20,Milan,1859.015625
1966-02-21,Milan,1851.22265625
1966-02-24,Milan,1854.72888184
1966-02-27,Milan,1854.72888184
1966-02-28,Milan,1845.85241699
1966-03-02,Milan,1845.85241699
1966-03-03,Milan,1847.22106934
1966-03-07,Milan,1833.97265625
1966-03-10,Milan,1812.98388672
1966-03-13,Milan,1812.98388672
1966-03-14,Milan,1820.54833984
1966-03-27,Milan,1820.54833984
1966-03-28,Milan,1816.60559082
1966-04-04,Milan,1809.12060547
1966-04-06,Milan,1809.12060547
1966-04-10,Milan,1809.12060547
1966-04-11,Milan,1801.27734375
1966-04-14,Milan,1800.76489258
1966-04-17,Milan,1800.76489258
1966-04-18,Milan,1797.38330078
1966-04-21,Milan,1789.51171875
1966-04-24,Milan,1789.51171875
1966-04-25,Milan,1779.1920166
1966-05-01,Milan,1779.1920166
1966-05-02,Milan,1773.90112305
1966-05-09,Milan,1773.20690918
1966-05-12,Milan,1773.20690918
1966-05-16,Milan,1766.4609375
1966-05-23,Milan,1770.97045898
1966-08-25,Milan,1770.97045898
1966-09-01,Milan,1770.97045898
1966-09-04,Milan,1770.97045898
1966-09-08,Milan,1770.97045898
1966-09-11,Milan,1770.97045898
1966-09-18,Milan,1770.97045898
1966-09-19,Milan,1772.83166504
1966-09-22,Milan,1772.83166504
1966-09-25,Milan,1772.83166504
1966-09-26,Milan,1772.9798584
1966-09-29,Milan,1771.75012207
1966-10-02,Milan,1771.75012207
1966-10-03,Milan,1764.95385742
1966-10-06,Milan,1751.34875488
1966-10-09,Milan,1751.34875488
1966-10-10,Milan,1745.42333984
1966-10-13,Milan,1748.64562988
1966-10-16,Milan,1748.64562988
1966-10-17,Milan,1742.18481445
1966-10-20,Milan,1742.18481445
1966-10-24,Milan,1744.26330566
1966-10-30,Milan,1744.26330566
1966-10-31,Milan,1744.26330566
1966-11-06,Milan,1744.26330566
1966-11-07,Milan,1748.12670898
1966-11-10,Milan,1748.12670898
1966-11-13,Milan,1748.12670898
1966-11-14,Milan,1747.99523926
1966-11-17,Milan,1747.41320801
1966-11-21,Milan,1741.2154541
1966-12-05,Milan,1726.79858398
1966-12-07,Milan,1726.79858398
1966-12-09,Milan,1736.12780762
1966-12-13,Milan,1736.12780762
1966-12-15,Milan,1736.12780762
1966-12-18,Milan,1736.12780762
1966-12-19,Milan,1730.04980469
1966-12-22,Milan,1730.04980469
1966-12-25,Milan,1734.96008301
1966-12-27,Milan,1734.96008301
1966-12-28,Milan,1735.27661133
1967-01-01,Milan,1745.81604004
1967-01-08,Milan,1745.81604004
1967-01-09,Milan,1740.90209961
1967-01-15,Milan,1740.90209961
1967-01-16,Milan,1738.40002441
1967-01-23,Milan,1736.41101074
1967-01-30,Milan,1742.47827148
1967-02-06,Milan,1747.4375
1967-02-13,Milan,1739.15930176
1967-02-16,Milan,1739.61303711
1967-02-20,Milan,1745.29418945
1967-02-26,Milan,1745.29418945
1967-02-27,Milan,1744.89245605
1967-03-02,Milan,1757.6348877
1967-03-05,Milan,1757.6348877
1967-03-06,Milan,1762.77636719
1967-03-13,Milan,1762.77636719
1967-03-19,Milan,1762.77636719
1967-03-20,Milan,1749.11218262
1967-03-29,Milan,1749.11218262
1967-04-03,Milan,1745.24829102
1967-04-10,Milan,1740.5559082
1967-04-17,Milan,1744.87670898
1967-04-20,Milan,1741.83203125
1967-04-24,Milan,1742.36340332
1967-04-27,Milan,1745.37414551
1967-04-30,Milan,1745.37414551
1967-05-01,Milan,1755.46887207
1967-05-04,Milan,1756.94091797
1967-05-07,Milan,1756.94091797
1967-05-08,Milan,1762.0958252
1967-05-10,Milan,1762.0958252
1967-05-13,Milan,1762.0958252
1967-05-14,Milan,1762.0958252
1967-05-15,Milan,1764.7845459
1967-05-22,Milan,1759.17663574
1967-05-26,Milan,1752.08569336
1967-05-29,Milan,1744.52734375
1967-06-01,Milan,1744.52734375
1967-06-04,Milan,1744.52734375
1967-06-15,Milan,1744.52734375
1967-08-21,Milan,1744.52734375
1967-08-24,Milan,1744.52734375
1967-08-27,Milan,1744.52734375
1967-09-10,Milan,1744.52734375
1967-09-11,Milan,1744.52734375
1967-09-14,Milan,1744.52734375
1967-09-17,Milan,1744.52734375
1967-09-18,Milan,1744.52734375
1967-09-21,Milan,1759.53491211
1967-09-24,Milan,1759.53491211
1967-09-25,Milan,1773.14416504
1967-10-01,Milan,1773.14416504
1967-10-02,Milan,1770.41394043
1967-10-09,Milan,1774.09790039
1967-10-12,Milan,1776.81982422
1967-10-16,Milan,1780.79064941
1967-10-22,Milan,1780.79064941
1967-10-23,Milan,1786.44177246
1967-10-29,Milan,1786.44177246
1967-10-30,Milan,1783.54309082
1967-11-05,Milan,1783.54309082
1967-11-06,Milan,1785.265625
1967-11-09,Milan,1785.265625
1967-11-12,Milan,1785.265625
1967-11-13,Milan,1789.4185791
1967-11-19,Milan,1789.4185791
1967-11-23,Milan,1798.21594238
1967-11-26,Milan,1798.21594238
1967-11-27,Milan,1798.87304688
1967-11-30,Milan,1798.33154297
1967-12-03,Milan,1798.33154297
1967-12-04,Milan,1791.87023926
1967-12-08,Milan,1790.41589355
1967-12-10,Milan,1797.93469238
1967-12-14,Milan,1799.6427002
1967-12-18,Milan,1809.67663574
1968-01-01,Milan,1817.02929688
1968-01-07,Milan,1817.02929688
1968-01-08,Milan,1822.62463379
1968-01-14,Milan,1822.62463379
1968-01-15,Milan,1813.66540527
1968-01-22,Milan,1815.7154541
1968-01-28,Milan,1815.7154541
1968-01-29,Milan,1830.37268066
1968-02-01,Milan,1828.76733398
1968-02-05,Milan,1833.17956543
1968-02-12,Milan,1838.91638184
1968-02-19,Milan,1836.17138672
1968-02-25,Milan,1845.81970215
1968-02-29,Milan,1849.86364746
1968-03-04,Milan,1836.30310059
1968-03-11,Milan,1848.52807617
1968-03-14,Milan,1828.61560059
1968-03-17,Milan,1828.61560059
1968-03-18,Milan,1831.63293457
1968-03-21,Milan,1849.70166016
1968-03-24,Milan,1849.70166016
1968-03-25,Milan,1860.59411621
1968-04-01,Milan,1862.21594238
1968-04-15,Milan,1865.87512207
1968-04-28,Milan,1865.87512207
1968-04-29,Milan,1867.50964355
1968-05-02,Milan,1875.14697266
1968-05-06,Milan,1872.89050293
1968-05-09,Milan,1881.12963867
1968-05-10,Milan,1876.3659668
1968-05-13,Milan,1878.48388672
1968-05-16,Milan,1869.37878418
1968-05-24,Milan,1879.01953125
1968-09-19,Milan,1874.99768066
1968-09-30,Milan,1876.94421387
1968-10-03,Milan,1881.92565918
1968-10-07,Milan,1887.72753906
1968-10-14,Milan,1888.59545898
1968-10-21,Milan,1888.59545898
1968-10-28,Milan,1889.92883301
1968-11-04,Milan,1894.29541016
1968-11-11,Milan,1890.31115723
1968-11-18,Milan,1893.45837402
1968-11-25,Milan,1885.83459473
1968-12-02,Milan,1880.26672363
1968-12-05,Milan,1880.26672363
1968-12-09,Milan,1889.59411621
1968-12-16,Milan,1887.11108398
1968-12-23,Milan,1889.28515625
1969-01-13,Milan,1886.42590332
1969-01-20,Milan,1886.50952148
1969-01-27,Milan,1887.84191895
1969-02-03,Milan,1885.16174316
1969-02-10,Milan,1887.45202637
1969-02-17,Milan,1891.48400879
1969-02-20,Milan,1872.95080566
1969-02-24,Milan,1868.04150391
1969-03-03,Milan,1869.86694336
1969-03-06,Milan,1865.76733398
1969-03-09,Milan,1865.76733398
1969-03-10,Milan,1857.84143066
1969-03-13,Milan,1887.05041504
1969-03-17,Milan,1883.88342285
1969-03-24,Milan,1888.9753418
1969-03-25,Milan,1888.9753418
1969-03-30,Milan,1888.9753418
1969-04-07,Milan,1878.07885742
1969-04-13,Milan,1878.07885742
1969-04-14,Milan,1881.67004395
1969-04-20,Milan,1881.67004395
1969-04-21,Milan,1883.45495605
1969-04-24,Milan,1892.52038574
1969-04-28,Milan,1884.01672363
1969-05-05,Milan,1886.0814209
1969-05-12,Milan,1879.88891602
1969-05-16,Milan,1881.29187012
1969-05-19,Milan,1877.53369141
1969-05-29,Milan,1893.46520996
1969-09-11,Milan,1893.55126953
1969-09-15,Milan,1902.49597168
1969-09-18,Milan,1902.01831055
1969-09-22,Milan,1903.10021973
1969-09-25,Milan,1903.11499023
1969-09-29,Milan,1891.19824219
1969-10-02,Milan,1892.35998535
1969-10-05,Milan,1894.19506836
1969-10-13,Milan,1889.88098145
1969-10-17,Milan,1874.74780273
1969-11-10,Milan,1877.47473145
1969-11-13,Milan,1883.96325684
1969-11-17,Milan,1887.02746582
1969-11-27,Milan,1852.20983887
1969-12-01,Milan,1850.64001465
1969-12-07,Milan,1850.64001465
1969-12-08,Milan,1831.59960938
1969-12-11,Milan,1825.93249512
1969-12-14,Milan,1825.93249512
1969-12-15,Milan,1835.27185059
1969-12-22,Milan,1842.77722168
1969-12-29,Milan,1845.40820312
1970-01-05,Milan,1836.18115234
1970-01-12,Milan,1828.66174316
1970-01-19,Milan,1841.14111328
1970-01-26,Milan,1844.58496094
1970-02-01,Milan,1844.58496094
1970-02-02,Milan,1842.16357422
1970-02-09,Milan,1843.75805664
1970-02-15,Milan,1843.75805664
1970-02-16,Milan,1850.77233887
1970-03-02,Milan,1858.06433105
1970-03-05,Milan,1850.14025879
1970-03-09,Milan,1838.35070801
1970-03-15,Milan,1838.35070801
1970-03-16,Milan,1839.10498047
1970-03-18,Milan,1839.10498047
1970-03-19,Milan,1839.20678711
1970-03-22,Milan,1839.20678711
1970-03-23,Milan,1832.28161621
1970-03-29,Milan,1832.28161621
1970-03-30,Milan,1822.23754883
1970-04-02,Milan,1818.18200684
1970-04-05,Milan,1818.18200684
1970-04-06,Milan,1824.81481934
1970-04-13,Milan,1816.15673828
1970-04-14,Milan,1816.15673828
1970-04-16,Milan,1820.1940918
1970-04-19,Milan,1820.1940918
1970-04-20,Milan,1817.73681641
1970-04-23,Milan,1818.0723877
1970-04-27,Milan,1820.94213867
1970-04-30,Milan,1820.94213867
1970-09-07,Milan,1820.94213867
1970-09-13,Milan,1820.94213867
1970-09-17,Milan,1827.13867188
1970-09-27,Milan,1827.13867188
1970-09-28,Milan,1821.03991699
1970-10-01,Milan,1810.23901367
1970-10-08,Milan,1807.04370117
1970-10-11,Milan,1807.04370117
1970-10-12,Milan,1810.6529541
1970-10-22,Milan,1810.02770996
1970-10-25,Milan,1810.02770996
1970-10-26,Milan,1825.24145508
1970-11-01,Milan,1825.24145508
1970-11-06,Milan,1811.5592041
1970-11-09,Milan,1820.82250977
1970-11-16,Milan,1837.07995605
1970-11-23,Milan,1839.75
1970-11-29,Milan,1839.75
1970-11-30,Milan,1836.66687012
1970-12-06,Milan,1836.66687012
1970-12-14,Milan,1829.2322998
1970-12-20,Milan,1829.2322998
1970-12-21,Milan,1829.2322998
1970-12-28,Milan,1828.13500977
1971-01-04,Milan,1830.89733887
1971-01-10,Milan,1830.89733887
1971-01-11,Milan,1833.87158203
1971-01-18,Milan,1855.1295166
1971-01-25,Milan,1847.95959473
1971-01-31,Milan,1847.95959473
1971-02-01,Milan,1852.92382812
1971-02-08,Milan,1855.04321289
1971-02-14,Milan,1855.04321289
1971-02-15,Milan,1852.10791016
1971-03-01,Milan,1846.99743652
1971-03-03,Milan,1846.99743652
1971-03-08,Milan,1838.76281738
1971-03-15,Milan,1841.59423828
1971-03-21,Milan,1841.59423828
1971-03-22,Milan,1839.16967773
1971-03-25,Milan,1839.16967773
1971-03-28,Milan,1839.16967773
1971-03-29,Milan,1823.66174316
1971-04-04,Milan,1823.66174316
1971-04-05,Milan,1831.96069336
1971-04-11,Milan,1831.96069336
1971-04-12,Milan,1827.26062012
1971-04-13,Milan,1827.26062012
1971-04-18,Milan,1827.26062012
1971-04-19,Milan,1829.78808594
1971-04-26,Milan,1825.63818359
1971-04-27,Milan,1825.63818359
1971-04-28,Milan,1825.63818359
1971-04-29,Milan,1825.63818359
1971-05-02,Milan,1825.63818359
1971-05-03,Milan,1816.9050293
1971-05-17,Milan,1822.0723877
1971-05-24,Milan,1821.72680664
1971-06-06,Milan,1821.72680664
1971-08-19,Milan,1821.72680664
1971-09-05,Milan,1821.72680664
1971-09-12,Milan,1821.72680664
1971-09-16,Milan,1816.27783203
1971-09-23,Milan,1816.32714844
1971-09-29,Milan,1830.29846191
1971-09-30,Milan,1830.69848633
1971-10-01,Milan,1814.29309082
1971-10-03,Milan,1814.29309082
1971-10-04,Milan,1820.55664062
1971-10-18,Milan,1824.73364258
1971-10-21,Milan,1821.03088379
1971-10-22,Milan,1826.40588379
1971-10-25,Milan,1835.28320312
1971-11-01,Milan,1812.75915527
1971-11-04,Milan,1814.2388916
1971-11-05,Milan,1819.24438477
1971-11-08,Milan,1828.31604004
1971-11-15,Milan,1822.31738281
1971-11-25,Milan,1831.8503418
1971-11-28,Milan,1831.8503418
1971-11-29,Milan,1843.25109863
1971-12-02,Milan,1853.16906738
1971-12-06,Milan,1837.02404785
1971-12-09,Milan,1835.16625977
1971-12-13,Milan,1845.3626709
1971-12-20,Milan,1849.95080566
1971-12-27,Milan,1852.02453613
1972-01-02,Milan,1852.02453613
1972-01-03,Milan,1851.41088867
1972-01-09,Milan,1851.41088867
1972-01-10,Milan,1851.50268555
1972-01-17,Milan,1852.74365234
1972-01-23,Milan,1852.74365234
1972-01-24,Milan,1847.9498291
1972-01-31,Milan,1849.73730469
1972-02-07,Milan,1838.46984863
1972-02-14,Milan,1831.08398438
1972-02-21,Milan,1834.54187012
1972-02-24,Milan,1836.90344238
1972-02-28,Milan,1829.71374512
1972-03-08,Milan,1832.04736328
1972-03-09,Milan,1823.140625
1972-03-11,Milan,1823.26696777
1972-03-12,Milan,1823.26696777
1972-03-13,Milan,1816.79321289
1972-03-18,Milan,1816.79321289
1972-03-19,Milan,1816.79321289
1972-03-20,Milan,1813.50354004
1972-03-23,Milan,1809.40100098
1972-03-25,Milan,1811.97106934
1972-03-27,Milan,1807.94580078
1972-04-02,Milan,1807.94580078
1972-04-03,Milan,1810.7052002
1972-04-06,Milan,1806.88244629
1972-04-10,Milan,1816.07128906
1972-04-13,Milan,1816.07128906
1972-04-17,Milan,1813.34899902
1972-04-19,Milan,1813.34899902
1972-04-20,Milan,1799.85644531
1972-04-24,Milan,1803.65112305
1972-04-28,Milan,1803.65112305
1972-05-07,Milan,1803.65112305
1972-05-08,Milan,1809.15588379
1972-05-22,Milan,1814.75256348
1972-05-29,Milan,1816.07397461
1972-06-01,Milan,1811.57666016
1972-08-17,Milan,1811.57666016
1972-08-20,Milan,1811.57666016
1972-08-24,Milan,1811.57666016
1972-09-03,Milan,1811.57666016
1972-09-07,Milan,1811.64208984
1972-09-10,Milan,1811.64208984
1972-09-14,Milan,1812.9309082
1972-09-15,Milan,1812.53283691
1972-09-18,Milan,1812.53283691
1972-09-21,Milan,1812.53283691
1972-09-24,Milan,1812.53283691
1972-09-25,Milan,1815.49829102
1972-09-28,Milan,1785.02563477
1972-09-30,Milan,1785.02563477
1972-10-01,Milan,1785.02563477
1972-10-02,Milan,1781.2598877
1972-10-05,Milan,1781.2598877
1972-10-08,Milan,1781.2598877
1972-10-16,Milan,1785.65930176
1972-10-21,Milan,1788.95483398
1972-10-22,Milan,1788.95483398
1972-10-25,Milan,1788.95483398
1972-10-26,Milan,1784.87304688
1972-11-06,Milan,1787.12182617
1972-11-08,Milan,1783.8034668
1972-11-09,Milan,1793.53051758
1972-11-13,Milan,1781.94018555
1972-11-20,Milan,1787.14990234
1972-11-27,Milan,1787.78442383
1972-11-30,Milan,1782.31445312
1972-12-04,Milan,1784.94519043
1972-12-11,Milan,1792.78381348
1972-12-14,Milan,1789.52575684
1972-12-25,Milan,1788.52185059
1972-12-27,Milan,1788.52185059
1972-12-31,Milan,1791.3782959
1973-01-08,Milan,1781.93896484
1973-01-18,Milan,1785.36682129
1973-01-21,Milan,1785.36682129
1973-01-22,Milan,1786.91772461
1973-01-29,Milan,1791.60864258
1973-02-05,Milan,1793.30566406
1973-02-11,Milan,1793.30566406
1973-02-12,Milan,1790.36633301
1973-02-18,Milan,1790.36633301
1973-02-19,Milan,1787.04418945
1973-02-25,Milan,1787.04418945
1973-03-04,Milan,1787.04418945
1973-03-05,Milan,1795.89111328
1973-03-07,Milan,1795.89111328
1973-03-08,Milan,1799.56274414
1973-03-11,Milan,1799.56274414
1973-03-12,Milan,1803.52893066
1973-03-19,Milan,1816.72485352
1973-03-22,Milan,1821.70556641
1973-03-25,Milan,1821.70556641
1973-03-26,Milan,1824.70275879
1973-04-01,Milan,1824.70275879
1973-04-04,Milan,1824.70275879
1973-04-08,Milan,1824.70275879
1973-04-09,Milan,1834.11523438
1973-04-12,Milan,1835.18347168
1973-04-16,Milan,1828.11938477
1973-04-19,Milan,1828.11938477
1973-04-22,Milan,1828.11938477
1973-04-23,Milan,1819.72558594
1973-04-26,Milan,1833.10412598
1973-04-30,Milan,1835.10766602
1973-05-06,Milan,1835.10766602
1973-05-07,Milan,1834.94799805
1973-05-11,Milan,1834.94799805
1973-05-14,Milan,1837.8371582
1973-05-17,Milan,1851.5769043
1973-05-21,Milan,1834.67407227
1973-05-31,Milan,1831.65625
1973-09-09,Milan,1831.65625
1973-09-13,Milan,1831.65625
1973-09-16,Milan,1831.65625
1973-09-19,Milan,1831.65625
1973-09-20,Milan,1814.98327637
1973-09-23,Milan,1814.98327637
1973-10-04,Milan,1798.6697998
1973-10-08,Milan,1787.52502441
1973-10-16,Milan,1788.78271484
1973-10-21,Milan,1788.78271484
1973-10-25,Milan,1775.38134766
1973-10-28,Milan,1775.38134766
1973-10-29,Milan,1781.53100586
1973-11-04,Milan,1781.53100586
1973-11-05,Milan,1774.82983398
1973-11-07,Milan,1774.82983398
1973-11-08,Milan,1784.83374023
1973-11-19,Milan,1780.84924316
1973-11-25,Milan,1780.84924316
1973-11-26,Milan,1777.38818359
1973-11-29,Milan,1777.38818359
1973-12-02,Milan,1777.38818359
1973-12-03,Milan,1769.87854004
1973-12-10,Milan,1764.14709473
1973-12-16,Milan,1764.14709473
1973-12-17,Milan,1765.74365234
1973-12-23,Milan,1765.74365234
1973-12-24,Milan,1773.81054688
1973-12-27,Milan,1773.81054688
1973-12-30,Milan,1773.81054688
1973-12-31,Milan,1766.71130371
1974-01-02,Milan,1766.71130371
1974-01-07,Milan,1769.2442627
1974-01-13,Milan,1769.2442627
1974-01-14,Milan,1770.96508789
1974-01-20,Milan,1770.96508789
1974-01-22,Milan,1762.20446777
1974-01-28,Milan,1763.86523438
1974-02-03,Milan,1763.86523438
1974-02-04,Milan,1765.54077148
1974-02-06,Milan,1765.54077148
1974-02-07,Milan,1765.54077148
1974-02-11,Milan,1754.17468262
1974-02-17,Milan,1754.17468262
1974-02-18,Milan,1757.30456543
1974-03-03,Milan,1765.24829102
1974-03-04,Milan,1765.24829102
1974-03-11,Milan,1749.34204102
1974-03-14,Milan,1753.62512207
1974-03-17,Milan,1753.62512207
1974-03-18,Milan,1746.52636719
1974-03-21,Milan,1747.34240723
1974-03-24,Milan,1747.34240723
1974-03-25,Milan,1721.82128906
1974-04-01,Milan,1715.7286377
1974-04-04,Milan,1715.7286377
1974-04-07,Milan,1706.26525879
1974-04-10,Milan,1706.26525879
1974-04-11,Milan,1717.31335449
1974-04-16,Milan,1712.24438477
1974-04-21,Milan,1712.24438477
1974-04-22,Milan,1709.21044922
1974-04-25,Milan,1721.59570312
1974-04-28,Milan,1721.59570312
1974-04-29,Milan,1714.86901855
1974-05-05,Milan,1720.63085938
1974-05-06,Milan,1720.63085938
1974-05-09,Milan,1704.80517578
1974-05-13,Milan,1699.0645752
1974-05-16,Milan,1699.0645752
1974-05-18,Milan,1699.0645752
1974-05-19,Milan,1699.0645752
1974-05-20,Milan,1697.52331543
1974-05-22,Milan,1697.52331543
1974-06-01,Milan,1697.52331543
1974-06-02,Milan,1697.52331543
1974-08-18,Milan,1697.52331543
1974-08-21,Milan,1697.52331543
1974-08-22,Milan,1697.52331543
1974-08-25,Milan,1697.52331543
1974-08-31,Milan,1697.52331543
1974-09-01,Milan,1697.52331543
1974-09-02,Milan,1697.52331543
1974-09-05,Milan,1697.52331543
1974-09-09,Milan,1697.52331543
1974-09-12,Milan,1697.52331543
1974-09-15,Milan,1697.52331543
1974-09-16,Milan,1697.52331543
1974-09-19,Milan,1697.31347656
1974-09-25,Milan,1697.31347656
1974-09-26,Milan,1693.81774902
1974-09-29,Milan,1693.81774902
1974-10-03,Milan,1700.5715332
1974-10-06,Milan,1700.5715332
1974-10-07,Milan,1694.19787598
1974-10-10,Milan,1694.19787598
1974-10-13,Milan,1694.19787598
1974-10-14,Milan,1690.73156738
1974-10-21,Milan,1686.79638672
1974-10-24,Milan,1683.29003906
1974-10-27,Milan,1683.29003906
1974-10-28,Milan,1692.6418457
1974-11-03,Milan,1692.6418457
1974-11-05,Milan,1695.34753418
1974-11-06,Milan,1695.34753418
1974-11-07,Milan,1703.62268066
1974-11-10,Milan,1703.62268066
1974-11-11,Milan,1706.42907715
1974-11-24,Milan,1706.42907715
1974-11-25,Milan,1709.58703613
1974-11-28,Milan,1700.35961914
1974-12-02,Milan,1702.70751953
1974-12-08,Milan,1702.70751953
1974-12-09,Milan,1698.55932617
1974-12-12,Milan,1703.30725098
1974-12-15,Milan,1703.30725098
1974-12-16,Milan,1703.35144043
1974-12-22,Milan,1703.35144043
1974-12-24,Milan,1709.16394043
1974-12-27,Milan,1709.16394043
1975-01-06,Milan,1699.69165039
1975-01-13,Milan,1704.56835938
1975-01-19,Milan,1704.56835938
1975-01-20,Milan,1697.09423828
1975-01-27,Milan,1700.43469238
1975-02-02,Milan,1700.43469238
1975-02-03,Milan,1711.3248291
1975-02-09,Milan,1711.3248291
1975-02-16,Milan,1711.3248291
1975-02-17,Milan,1712.72119141
1975-02-23,Milan,1712.72119141
1975-02-24,Milan,1707.7220459
1975-03-02,Milan,1707.7220459
1975-03-03,Milan,1694.2277832
1975-03-06,Milan,1697.05163574
1975-03-09,Milan,1697.05163574
1975-03-10,Milan,1705.56018066
1975-03-17,Milan,1704.2947998
1975-03-20,Milan,1707.03369141
1975-03-23,Milan,1707.03369141
1975-03-24,Milan,1713.39599609
1975-03-29,Milan,1713.39599609
1975-03-30,Milan,1713.39599609
1975-04-01,Milan,1705.86682129
1975-04-02,Milan,1705.86682129
1975-04-03,Milan,1705.86682129
1975-04-06,Milan,1705.86682129
1975-04-07,Milan,1700.13024902
1975-04-10,Milan,1696.1505127
1975-04-14,Milan,1698.16394043
1975-04-24,Milan,1690.49768066
1975-04-27,Milan,1690.49768066
1975-04-28,Milan,1695.36694336
1975-04-29,Milan,1695.36694336
1975-05-05,Milan,1701.50830078
1975-05-11,Milan,1701.50830078
1975-05-12,Milan,1697.84521484
1975-05-15,Milan,1697.84521484
1975-05-19,Milan,1706.84533691
1975-05-22,Milan,1706.84533691
1975-05-25,Milan,1706.84533691
1975-05-26,Milan,1706.84533691
1975-05-31,Milan,1706.84533691
1975-06-08,Milan,1706.84533691
1975-08-10,Milan,1706.84533691
1975-08-17,Milan,1706.84533691
1975-08-20,Milan,1706.84533691
1975-08-24,Milan,1706.84533691
1975-08-28,Milan,1706.84533691
1975-08-31,Milan,1706.84533691
1975-09-07,Milan,1706.84533691
1975-09-15,Milan,1706.84533691
1975-09-17,Milan,1705.88439941
1975-09-18,Milan,1708.82910156
1975-09-21,Milan,1708.82910156
1975-09-22,Milan,1708.82910156
1975-10-01,Milan,1708.82910156
1975-10-02,Milan,1725.89074707
1975-10-06,Milan,1722.8807373
1975-10-13,Milan,1725.08227539
1975-10-16,Milan,1725.08227539
1975-10-19,Milan,1725.08227539
1975-10-20,Milan,1725.86804199
1975-10-23,Milan,1721.96313477
1975-11-03,Milan,1726.61120605
1975-11-05,Milan,1726.61120605
1975-11-06,Milan,1718.37341309
1975-11-10,Milan,1720.85119629
1975-11-16,Milan,1720.85119629
1975-11-17,Milan,1710.8494873
1975-11-23,Milan,1710.8494873
1975-11-27,Milan,1734.05273438
1975-11-30,Milan,1734.05273438
1975-12-01,Milan,1728.76623535
1975-12-07,Milan,1728.76623535
1975-12-08,Milan,1731.77539062
1975-12-11,Milan,1720.42321777
1975-12-15,Milan,1707.89697266
1975-12-22,Milan,1717.61743164
1975-12-31,Milan,1728.47888184
1976-01-13,Milan,1729.95019531
1976-01-18,Milan,1729.95019531
1976-01-19,Milan,1721.29846191
1976-01-26,Milan,1726.74194336
1976-02-01,Milan,1726.74194336
1976-02-02,Milan,1735.5324707
1976-02-08,Milan,1735.5324707
1976-02-10,Milan,1727.98852539
1976-02-15,Milan,1727.98852539
1976-02-16,Milan,1734.57580566
1976-02-22,Milan,1734.57580566
1976-02-23,Milan,1738.81921387
1976-02-29,Milan,1744.57434082
1976-03-04,Milan,1731.88024902
1976-03-06,Milan,1731.88024902
1976-03-08,Milan,1735.64306641
1976-03-14,Milan,1735.64306641
1976-03-15,Milan,1740.47924805
1976-03-18,Milan,1731.8458252
1976-03-21,Milan,1731.8458252
1976-03-22,Milan,1727.02783203
1976-03-28,Milan,1727.02783203
1976-03-29,Milan,1736.12561035
1976-03-31,Milan,1736.12561035
1976-04-01,Milan,1736.12561035
1976-04-03,Milan,1736.12561035
1976-04-04,Milan,1736.12561035
1976-04-05,Milan,1730.29968262
1976-04-12,Milan,1733.45947266
1976-04-15,Milan,1733.45947266
1976-04-20,Milan,1725.52648926
1976-04-22,Milan,1725.52648926
1976-04-25,Milan,1725.52648926
1976-04-26,Milan,1722.83007812
1976-04-29,Milan,1722.83007812
1976-05-01,Milan,1722.83007812
1976-05-03,Milan,1725.29724121
1976-05-10,Milan,1708.33764648
1976-05-13,Milan,1708.33764648
1976-05-16,Milan,1708.33764648
1976-05-17,Milan,1693.00463867
1976-05-20,Milan,1693.00463867
1976-05-30,Milan,1693.00463867
1976-06-03,Milan,1693.00463867
1976-06-05,Milan,1693.00463867
1976-08-15,Milan,1693.00463867
1976-08-22,Milan,1693.00463867
1976-08-29,Milan,1693.00463867
1976-08-30,Milan,1693.00463867
1976-09-04,Milan,1693.00463867
1976-09-05,Milan,1693.00463867
1976-09-12,Milan,1693.00463867
1976-09-16,Milan,1683.32043457
1976-09-19,Milan,1683.32043457
1976-09-20,Milan,1683.32043457
1976-09-23,Milan,1683.32043457
1976-09-30,Milan,1694.7989502
1976-10-01,Milan,1697.97595215
1976-10-02,Milan,1697.97595215
1976-10-03,Milan,1697.97595215
1976-10-04,Milan,1700.43676758
1976-10-11,Milan,1699.29406738
1976-10-17,Milan,1699.29406738
1976-10-21,Milan,1694.36242676
1976-10-25,Milan,1688.87939453
1976-11-01,Milan,1681.65478516
1976-11-04,Milan,1698.08666992
1976-11-05,Milan,1698.17492676
1976-11-07,Milan,1698.17492676
1976-11-08,Milan,1690.30932617
1976-11-09,Milan,1690.30932617
1976-11-13,Milan,1690.30932617
1976-11-14,Milan,1690.30932617
1976-11-22,Milan,1691.06433105
1976-11-25,Milan,1676.4296875
1976-11-28,Milan,1676.4296875
1976-11-29,Milan,1671.83007812
1976-12-06,Milan,1673.06506348
1976-12-09,Milan,1674.92895508
1976-12-13,Milan,1667.75671387
1976-12-19,Milan,1667.75671387
1976-12-20,Milan,1658.0177002
1976-12-28,Milan,1658.0177002
1977-01-02,Milan,1658.0177002
1977-01-03,Milan,1668.28869629
1977-01-10,Milan,1661.95446777
1977-01-16,Milan,1661.95446777
1977-01-17,Milan,1661.58996582
1977-01-24,Milan,1661.58996582
1977-01-30,Milan,1661.58996582
1977-01-31,Milan,1652.0189209
1977-02-06,Milan,1652.0189209
1977-02-07,Milan,1645.92102051
1977-02-14,Milan,1635.79187012
1977-02-15,Milan,1635.79187012
1977-02-22,Milan,1641.06933594
1977-03-01,Milan,1644.40686035
1977-03-03,Milan,1645.98156738
1977-03-04,Milan,1652.10705566
1977-03-06,Milan,1652.10705566
1977-03-07,Milan,1649.30908203
1977-03-14,Milan,1647.39221191
1977-03-17,Milan,1648.62243652
1977-03-21,Milan,1642.9642334
1977-03-27,Milan,1642.9642334
1977-03-28,Milan,1647.25708008
1977-03-31,Milan,1647.25708008
1977-04-03,Milan,1647.25708008
1977-04-04,Milan,1642.66796875
1977-04-07,Milan,1644.34265137
1977-04-10,Milan,1644.34265137
1977-04-11,Milan,1637.25354004
1977-04-12,Milan,1637.25354004
1977-04-14,Milan,1637.25354004
1977-04-17,Milan,1637.25354004
1977-04-18,Milan,1630.87695312
1977-04-21,Milan,1625.79626465
1977-04-23,Milan,1625.79626465
1977-04-24,Milan,1625.79626465
1977-04-25,Milan,1621.67443848
1977-05-01,Milan,1621.67443848
1977-05-03,Milan,1623.4342041
1977-05-04,Milan,1623.4342041
1977-05-05,Milan,1623.07128906
1977-05-06,Milan,1623.07128906
1977-05-08,Milan,1623.07128906
1977-05-09,Milan,1620.05078125
1977-05-11,Milan,1620.05078125
1977-05-14,Milan,1620.05078125
1977-05-16,Milan,1622.89038086
1977-05-19,Milan,1625.40856934
1977-05-23,Milan,1636.77526855
1977-05-26,Milan,1636.77526855
1977-05-27,Milan,1636.77526855
1977-06-02,Milan,1636.77526855
1977-06-09,Milan,1636.77526855
1977-06-10,Milan,1636.77526855
1977-06-12,Milan,1636.77526855
1977-06-13,Milan,1636.77526855
1977-06-20,Milan,1636.77526855
1977-06-23,Milan,1636.77526855
1977-07-06,Milan,1636.77526855
1977-07-15,Milan,1636.77526855
1977-07-19,Milan,1636.77526855
1977-07-24,Milan,1636.77526855
1977-08-20,Milan,1636.77526855
1977-08-21,Milan,1636.77526855
1977-08-22,Milan,1636.77526855
1977-08-24,Milan,1636.77526855
1977-08-28,Milan,1636.77526855
1977-09-01,Milan,1636.77526855
1977-09-05,Milan,1636.77526855
1977-09-11,Milan,1636.77526855
1977-09-12,Milan,1640.47705078
1977-09-15,Milan,1620.74145508
1977-09-16,Milan,1620.74145508
1977-09-18,Milan,1620.74145508
1977-09-19,Milan,1615.09777832
1977-09-25,Milan,1615.09777832
1977-09-26,Milan,1623.05273438
1977-09-29,Milan,1627.9375
1977-10-03,Milan,1632.28955078
1977-10-04,Milan,1632.28955078
1977-10-06,Milan,1632.28955078
1977-10-08,Milan,1632.28955078
1977-10-10,Milan,1632.28955078
1977-10-16,Milan,1632.28955078
1977-10-17,Milan,1632.28955078
1977-10-20,Milan,1635.58752441
1977-10-23,Milan,1635.58752441
1977-10-24,Milan,1645.90368652
1977-10-29,Milan,1645.90368652
1977-10-30,Milan,1645.90368652
1977-10-31,Milan,1650.26977539
1977-11-03,Milan,1634.48986816
1977-11-06,Milan,1634.48986816
1977-11-07,Milan,1650.6217041
1977-11-10,Milan,1650.6217041
1977-11-13,Milan,1650.6217041
1977-11-14,Milan,1650.6217041
1977-11-20,Milan,1650.6217041
1977-11-21,Milan,1654.09667969
1977-11-24,Milan,1653.65856934
1977-12-05,Milan,1653.65856934
1977-12-08,Milan,1641.25769043
1977-12-11,Milan,1641.25769043
1977-12-12,Milan,1636.57800293
1977-12-13,Milan,1636.57800293
1977-12-18,Milan,1636.57800293
1977-12-19,Milan,1633.22155762
1977-12-27,Milan,1633.22155762
1977-12-28,Milan,1633.22155762
1978-01-01,Milan,1632.62145996
1978-01-02,Milan,1632.62145996
1978-01-03,Milan,1632.62145996
1978-01-08,Milan,1632.62145996
1978-01-09,Milan,1627.09057617
1978-01-15,Milan,1627.09057617
1978-01-16,Milan,1618.45361328
1978-01-22,Milan,1618.45361328
1978-01-23,Milan,1607.3482666
1978-01-29,Milan,1607.3482666
1978-01-30,Milan,1615.59313965
1978-02-05,Milan,1615.59313965
1978-02-06,Milan,1616.18786621
1978-02-12,Milan,1616.18786621
1978-02-13,Milan,1618.28393555
1978-02-20,Milan,1620.32324219
1978-02-26,Milan,1620.32324219
1978-02-27,Milan,1624.38549805
1978-03-02,Milan,1627.48901367
1978-03-05,Milan,1627.48901367
1978-03-06,Milan,1635.45349121
1978-03-12,Milan,1635.45349121
1978-03-13,Milan,1631.67272949
1978-03-14,Milan,1631.67272949
1978-03-15,Milan,1631.67272949
1978-03-16,Milan,1627.14025879
1978-03-17,Milan,1627.14025879
1978-03-19,Milan,1627.14025879
1978-03-20,Milan,1627.75537109
1978-03-22,Milan,1627.75537109
1978-03-27,Milan,1630.83068848
1978-03-29,Milan,1630.83068848
1978-03-30,Milan,1631.26940918
1978-04-03,Milan,1641.39453125
1978-04-06,Milan,1641.39453125
1978-04-09,Milan,1641.39453125
1978-04-10,Milan,1640.50134277
1978-04-13,Milan,1633.91210938
1978-04-16,Milan,1633.91210938
1978-04-17,Milan,1620.02697754
1978-04-20,Milan,1620.02697754
1978-04-21,Milan,1620.02697754
1978-04-24,Milan,1629.2442627
1978-04-26,Milan,1629.2442627
1978-04-27,Milan,1629.2442627
1978-04-29,Milan,1629.2442627
1978-04-30,Milan,1629.2442627
1978-05-03,Milan,1629.2442627
1978-05-04,Milan,1629.2442627
1978-05-08,Milan,1631.20861816
1978-05-11,Milan,1631.20861816
1978-05-15,Milan,1631.20861816
1978-05-26,Milan,1631.20861816
1978-05-30,Milan,1631.20861816
1978-06-04,Milan,1631.20861816
1978-06-09,Milan,1631.20861816
1978-06-18,Milan,1631.20861816
1978-07-20,Milan,1631.20861816
1978-07-26,Milan,1631.20861816
1978-07-29,Milan,1631.20861816
1978-08-03,Milan,1631.20861816
1978-08-17,Milan,1631.20861816
1978-08-19,Milan,1631.20861816
1978-08-20,Milan,1631.20861816
1978-08-23,Milan,1631.20861816
1978-08-28,Milan,1631.20861816
1978-08-31,Milan,1631.20861816
1978-09-03,Milan,1631.20861816
1978-09-04,Milan,1631.20861816
1978-09-10,Milan,1631.20861816
1978-09-11,Milan,1631.20861816
1978-09-14,Milan,1619.39746094
1978-09-20,Milan,1619.39746094
1978-09-23,Milan,1619.39746094
1978-09-24,Milan,1619.39746094
1978-09-28,Milan,1598.1751709
1978-10-02,Milan,1600.12109375
1978-10-08,Milan,1600.12109375
1978-10-09,Milan,1616.03808594
1978-10-12,Milan,1616.03808594
1978-10-15,Milan,1616.03808594
1978-10-16,Milan,1610.38903809
1978-10-19,Milan,1621.68444824
1978-10-22,Milan,1621.68444824
1978-10-23,Milan,1632.41674805
1978-10-26,Milan,1632.4777832
1978-10-30,Milan,1638.62548828
1978-11-02,Milan,1651.20288086
1978-11-05,Milan,1651.20288086
1978-11-06,Milan,1647.16162109
1978-11-12,Milan,1647.16162109
1978-11-13,Milan,1651.86962891
1978-11-20,Milan,1659.98059082
1978-11-22,Milan,1659.98059082
1978-11-23,Milan,1653.59020996
1978-11-26,Milan,1653.59020996
1978-11-27,Milan,1654.05236816
1978-12-04,Milan,1649.0715332
1978-12-07,Milan,1643.76379395
1978-12-10,Milan,1643.76379395
1978-12-11,Milan,1649.63464355
1978-12-17,Milan,1649.63464355
1978-12-18,Milan,1658.70959473
1978-12-27,Milan,1658.70959473
1978-12-31,Milan,1658.70959473
1979-01-08,Milan,1662.65441895
1979-01-15,Milan,1669.32092285
1979-01-18,Milan,1669.32092285
1979-01-22,Milan,1672.62182617
1979-01-29,Milan,1660.6394043
1979-02-04,Milan,1660.6394043
1979-02-05,Milan,1663.15332031
1979-02-12,Milan,1670.28369141
1979-02-18,Milan,1670.28369141
1979-02-19,Milan,1662.75048828
1979-02-25,Milan,1662.75048828
1979-02-27,Milan,1662.75048828
1979-03-04,Milan,1662.75048828
1979-03-05,Milan,1670.14697266
1979-03-08,Milan,1667.79272461
1979-03-12,Milan,1665.16442871
1979-03-14,Milan,1665.16442871
1979-03-19,Milan,1667.33935547
1979-03-22,Milan,1665.58898926
1979-03-25,Milan,1665.58898926
1979-03-26,Milan,1659.57336426
1979-03-27,Milan,1659.57336426
1979-04-01,Milan,1659.57336426
1979-04-02,Milan,1645.58972168
1979-04-08,Milan,1645.58972168
1979-04-09,Milan,1647.62548828
1979-04-15,Milan,1667.8104248
1979-04-17,Milan,1667.8104248
1979-04-23,Milan,1669.2331543
1979-04-25,Milan,1669.2331543
1979-04-26,Milan,1669.2331543
1979-04-29,Milan,1669.2331543
1979-04-30,Milan,1677.97460938
1979-05-02,Milan,1677.97460938
1979-05-06,Milan,1677.97460938
1979-05-07,Milan,1671.02209473
1979-05-09,Milan,1671.02209473
1979-05-10,Milan,1671.02209473
1979-05-14,Milan,1669.13122559
1979-06-14,Milan,1669.13122559
1979-06-15,Milan,1669.13122559
1979-06-18,Milan,1669.13122559
1979-06-23,Milan,1669.13122559
1979-06-24,Milan,1669.13122559
1979-07-23,Milan,1669.13122559
1979-07-27,Milan,1669.13122559
1979-08-02,Milan,1669.13122559
1979-08-04,Milan,1669.13122559
1979-08-06,Milan,1669.13122559
1979-08-25,Milan,1669.13122559
1979-08-26,Milan,1669.13122559
1979-08-27,Milan,1669.13122559
1979-09-03,Milan,1669.13122559
1979-09-15,Milan,1669.13122559
1979-09-16,Milan,1669.13122559
1979-09-17,Milan,1667.4029541
1979-09-20,Milan,1691.9510498
1979-09-24,Milan,1693.82641602
1979-09-28,Milan,1693.82641602
1979-09-30,Milan,1693.82641602
1979-10-01,Milan,1690.67456055
1979-10-03,Milan,1690.67456055
1979-10-04,Milan,1668.13342285
1979-10-05,Milan,1669.29064941
1979-10-06,Milan,1669.29064941
1979-10-07,Milan,1669.29064941
1979-10-08,Milan,1675.55126953
1979-10-11,Milan,1675.55126953
1979-10-15,Milan,1677.18969727
1979-10-20,Milan,1677.18969727
1979-10-21,Milan,1677.18969727
1979-10-22,Milan,1681.58300781
1979-10-25,Milan,1687.63037109
1979-10-28,Milan,1687.63037109
1979-10-29,Milan,1678.56115723
1979-10-31,Milan,1678.56115723
1979-11-02,Milan,1647.81604004
1979-11-04,Milan,1647.81604004
1979-11-05,Milan,1652.5670166
1979-11-08,Milan,1656.39257812
1979-11-11,Milan,1656.39257812
1979-11-12,Milan,1666.56628418
1979-11-18,Milan,1666.56628418
1979-11-19,Milan,1666.56628418
1979-11-25,Milan,1666.56628418
1979-11-29,Milan,1666.56628418
1979-12-02,Milan,1666.56628418
1979-12-03,Milan,1659.40344238
1979-12-10,Milan,1666.05444336
1979-12-13,Milan,1652.04260254
1979-12-16,Milan,1652.04260254
1979-12-17,Milan,1645.06115723
1979-12-22,Milan,1645.06115723
1979-12-31,Milan,1633.63513184
1980-01-07,Milan,1636.83789062
1980-01-13,Milan,1636.83789062
1980-01-14,Milan,1631.17883301
1980-01-20,Milan,1631.17883301
1980-01-21,Milan,1621.24414062
1980-01-26,Milan,1621.24414062
1980-01-28,Milan,1625.42175293
1980-02-03,Milan,1625.42175293
1980-02-04,Milan,1619.72290039
1980-02-11,Milan,1624.21130371
1980-02-18,Milan,1624.21130371
1980-02-24,Milan,1624.21130371
1980-02-25,Milan,1624.20678711
1980-03-02,Milan,1624.20678711
1980-03-03,Milan,1613.82324219
1980-03-06,Milan,1615.91564941
1980-03-08,Milan,1615.91564941
1980-03-09,Milan,1615.91564941
1980-03-10,Milan,1616.87536621
1980-03-20,Milan,1620.9831543
1980-03-23,Milan,1620.9831543
1980-03-24,Milan,1604.53625488
1980-03-30,Milan,1604.53625488
1980-03-31,Milan,1614.13195801
1980-04-04,Milan,1614.13195801
1980-04-05,Milan,1614.13195801
1980-04-06,Milan,1604.08154297
1980-04-10,Milan,1608.71069336
1980-04-14,Milan,1616.75317383
1980-04-21,Milan,1616.75317383
1980-04-24,Milan,1607.88586426
1980-04-26,Milan,1607.88586426
1980-04-27,Milan,1607.88586426
1980-04-28,Milan,1619.91845703
1980-05-04,Milan,1619.91845703
1980-05-05,Milan,1622.54077148
1980-05-10,Milan,1622.54077148
1980-05-12,Milan,1632.49084473
1980-05-28,Milan,1632.49084473
1980-05-29,Milan,1632.49084473
1980-06-01,Milan,1632.49084473
1980-06-02,Milan,1632.49084473
1980-06-09,Milan,1632.49084473
1980-06-23,Milan,1632.49084473
1980-06-30,Milan,1632.49084473
1980-07-02,Milan,1632.49084473
1980-07-25,Milan,1632.49084473
1980-07-30,Milan,1632.49084473
1980-08-06,Milan,1632.49084473
1980-08-20,Milan,1632.49084473
1980-08-21,Milan,1632.49084473
1980-08-23,Milan,1632.49084473
1980-08-25,Milan,1632.49084473
1980-08-31,Milan,1632.49084473
1980-09-01,Milan,1632.49084473
1980-09-04,Milan,1632.49084473
1980-09-07,Milan,1632.49084473
1980-09-14,Milan,1632.49084473
1980-09-15,Milan,1633.79553223
1980-09-18,Milan,1658.58557129
1980-09-21,Milan,1658.58557129
1980-09-22,Milan,1652.26171875
1980-09-27,Milan,1652.26171875
1980-09-28,Milan,1652.26171875
1980-09-29,Milan,1654.70483398
1980-10-02,Milan,1642.9329834
1980-10-05,Milan,1642.9329834
1980-10-06,Milan,1636.86682129
1980-10-12,Milan,1636.86682129
1980-10-13,Milan,1638.31945801
1980-10-16,Milan,1638.31945801
1980-10-20,Milan,1640.31091309
1980-10-22,Milan,1640.31091309
1980-10-23,Milan,1648.62487793
1980-10-25,Milan,1648.62487793
1980-10-26,Milan,1648.62487793
1980-10-27,Milan,1646.00219727
1980-11-03,Milan,1638.12316895
1980-11-06,Milan,1641.84155273
1980-11-09,Milan,1641.84155273
1980-11-10,Milan,1649.74560547
1980-11-16,Milan,1649.74560547
1980-11-17,Milan,1651.34545898
1980-11-23,Milan,1651.34545898
1980-11-24,Milan,1642.98864746
1980-11-27,Milan,1642.94702148
1980-11-30,Milan,1642.94702148
1980-12-01,Milan,1639.73266602
1980-12-07,Milan,1639.73266602
1980-12-08,Milan,1618.84606934
1980-12-11,Milan,1618.65795898
1980-12-15,Milan,1611.70349121
1980-12-18,Milan,1611.70349121
1980-12-21,Milan,1611.70349121
1980-12-22,Milan,1616.95910645
1981-01-05,Milan,1628.62255859
1981-01-12,Milan,1630.27038574
1981-01-14,Milan,1630.27038574
1981-01-18,Milan,1630.27038574
1981-01-19,Milan,1635.09985352
1981-01-25,Milan,1635.09985352
1981-01-26,Milan,1627.48010254
1981-01-29,Milan,1627.48010254
1981-02-08,Milan,1627.48010254
1981-02-09,Milan,1623.09521484
1981-02-16,Milan,1624.13110352
1981-02-21,Milan,1624.13110352
1981-02-22,Milan,1624.13110352
1981-02-23,Milan,1621.19445801
1981-02-25,Milan,1621.19445801
1981-03-01,Milan,1621.19445801
1981-03-02,Milan,1623.57177734
1981-03-05,Milan,1620.3157959
1981-03-09,Milan,1616.48425293
1981-03-15,Milan,1616.48425293
1981-03-16,Milan,1621.02722168
1981-03-19,Milan,1632.06652832
1981-03-22,Milan,1632.06652832
1981-03-23,Milan,1617.37036133
1981-03-28,Milan,1617.37036133
1981-03-29,Milan,1617.37036133
1981-03-30,Milan,1600.83581543
1981-04-05,Milan,1600.83581543
1981-04-06,Milan,1602.9934082
1981-04-08,Milan,1602.9934082
1981-04-09,Milan,1600.59997559
1981-04-11,Milan,1600.59997559
1981-04-12,Milan,1600.59997559
1981-04-13,Milan,1606.60314941
1981-04-19,Milan,1594.36816406
1981-04-23,Milan,1593.93798828
1981-04-27,Milan,1597.42541504
1981-05-11,Milan,1601.8536377
1981-05-18,Milan,1601.36987305
1981-05-20,Milan,1601.36987305
1981-05-25,Milan,1586.05358887
1981-06-01,Milan,1580.75793457
1981-06-08,Milan,1577.85119629
1981-06-15,Milan,1579.45935059
1981-06-22,Milan,1569.67919922
1981-07-02,Milan,1569.67919922
1981-09-14,Milan,1569.91943359
1981-09-17,Milan,1565.56970215
1981-09-21,Milan,1563.2878418
1981-09-28,Milan,1574.97314453
1981-10-01,Milan,1581.17175293
1981-10-05,Milan,1574.93981934
1981-10-12,Milan,1577.17211914
1981-10-22,Milan,1564.36425781
1981-10-26,Milan,1555.46057129
1981-11-02,Milan,1543.29284668
1981-11-05,Milan,1532.98718262
1981-11-09,Milan,1527.61340332
1981-11-23,Milan,1521.14245605
1981-11-30,Milan,1526.68066406
1981-12-14,Milan,1522.16845703
1981-12-21,Milan,1514.00708008
1982-01-04,Milan,1519.4465332
1982-01-11,Milan,1513.79943848
1982-01-18,Milan,1518.05029297
1982-01-25,Milan,1505.5098877
1982-02-01,Milan,1502.05358887
1982-02-08,Milan,1501.28027344
1982-02-15,Milan,1499.20727539
1982-03-01,Milan,1505.18652344
1982-03-08,Milan,1501.81079102
1982-03-15,Milan,1490.69470215
1982-03-22,Milan,1478.80957031
1982-03-29,Milan,1477.28894043
1982-04-05,Milan,1469.4473877
1982-04-19,Milan,1480.58337402
1982-04-26,Milan,1487.3762207
1982-05-03,Milan,1490.21984863
1982-05-10,Milan,1488.25378418
1982-05-17,Milan,1499.45336914
1982-07-05,Milan,1499.45336914
1982-09-13,Milan,1493.45019531
1982-09-16,Milan,1502.58410645
1982-09-20,Milan,1501.41064453
1982-09-27,Milan,1504.4251709
1982-09-30,Milan,1507.96325684
1982-10-04,Milan,1517.88134766
1982-10-11,Milan,1523.18395996
1982-10-18,Milan,1533.18395996
1982-10-21,Milan,1533.60791016
1982-10-25,Milan,1543.87976074
1982-11-01,Milan,1542.67321777
1982-11-04,Milan,1550.12402344
1982-11-08,Milan,1535.68310547
1982-11-15,Milan,1539.46838379
1982-11-22,Milan,1538.44421387
1982-11-25,Milan,1538.91589355
1982-11-29,Milan,1542.32995605
1982-12-06,Milan,1533.79125977
1982-12-09,Milan,1543.99926758
1982-12-13,Milan,1548.49829102
1982-12-20,Milan,1549.81555176
1983-01-03,Milan,1554.14050293
1983-01-10,Milan,1552.77453613
1983-01-17,Milan,1549.9675293
1983-01-24,Milan,1552.35925293
1983-01-31,Milan,1550.25
1983-02-14,Milan,1544.3795166
1983-02-21,Milan,1543.01599121
1983-02-28,Milan,1536.19299316
1983-03-03,Milan,1534.64416504
1983-03-07,Milan,1547.72644043
1983-03-14,Milan,1552.35021973
1983-03-17,Milan,1555.02099609
1983-03-21,Milan,1566.36120605
1983-03-28,Milan,1571.17858887
1983-04-03,Milan,1569.48339844
1983-04-07,Milan,1571.08630371
1983-04-11,Milan,1568.36120605
1983-04-18,Milan,1561.91308594
1983-04-21,Milan,1563.10900879
1983-04-25,Milan,1554.38635254
1983-05-02,Milan,1559.46228027
1983-05-09,Milan,1558.07653809
1983-05-16,Milan,1564.58276367
1983-05-23,Milan,1570.54150391
1983-05-26,Milan,1567.86071777
1983-05-30,Milan,1570.60168457
1983-06-06,Milan,1572.96337891
1983-06-13,Milan,1571.16699219
1983-07-02,Milan,1571.16699219
1983-09-13,Milan,1559.2713623
1983-09-15,Milan,1564.35522461
1983-09-19,Milan,1571.3861084
1983-09-26,Milan,1568.03527832
1983-09-29,Milan,1583.44812012
1983-10-03,Milan,1586.31323242
1983-10-10,Milan,1584.61816406
1983-10-20,Milan,1582.47705078
1983-10-24,Milan,1586.7598877
1983-10-31,Milan,1591.9453125
1983-11-03,Milan,1603.06152344
1983-11-06,Milan,1603.06152344
1983-11-07,Milan,1597.46923828
1983-11-10,Milan,1597.46923828
1983-11-13,Milan,1597.46923828
1983-11-14,Milan,1597.46923828
1983-11-20,Milan,1597.46923828
1983-11-21,Milan,1595.74926758
1983-11-24,Milan,1595.67712402
1983-11-28,Milan,1599.34716797
1983-12-05,Milan,1602.74572754
1983-12-08,Milan,1596.24658203
1983-12-11,Milan,1596.24658203
1983-12-12,Milan,1611.9675293
1983-12-18,Milan,1611.9675293
1983-12-19,Milan,1600.29980469
1983-12-25,Milan,1600.29980469
1983-12-27,Milan,1600.29980469
1983-12-28,Milan,1600.29980469
1984-01-01,Milan,1601.83129883
1984-01-02,Milan,1601.83129883
1984-01-03,Milan,1601.83129883
1984-01-08,Milan,1601.83129883
1984-01-09,Milan,1598.01696777
1984-01-16,Milan,1601.5480957
1984-01-23,Milan,1605.13781738
1984-01-30,Milan,1604.97180176
1984-02-05,Milan,1604.97180176
1984-02-06,Milan,1604.97180176
1984-02-13,Milan,1603.60839844
1984-02-15,Milan,1603.60839844
1984-02-20,Milan,1592.74243164
1984-02-27,Milan,1595.78417969
1984-03-01,Milan,1595.78417969
1984-03-05,Milan,1595.78417969
1984-03-08,Milan,1603.93566895
1984-03-11,Milan,1603.93566895
1984-03-12,Milan,1604.64807129
1984-03-18,Milan,1604.64807129
1984-03-19,Milan,1603.00634766
1984-03-22,Milan,1604.08837891
1984-03-24,Milan,1604.08837891
1984-03-25,Milan,1604.08837891
1984-03-26,Milan,1609.79040527
1984-04-01,Milan,1609.79040527
1984-04-02,Milan,1591.95129395
1984-04-12,Milan,1591.80456543
1984-04-16,Milan,1582.15942383
1984-04-22,Milan,1579.01586914
1984-04-26,Milan,1591.54626465
1984-04-30,Milan,1604.15527344
1984-05-04,Milan,1604.15527344
1984-05-06,Milan,1604.15527344
1984-05-07,Milan,1607.78796387
1984-05-08,Milan,1607.78796387
1984-05-10,Milan,1607.78796387
1984-05-13,Milan,1607.78796387
1984-05-14,Milan,1619.35437012
1984-05-17,Milan,1622.94372559
1984-05-20,Milan,1622.94372559
1984-05-28,Milan,1622.94372559
1984-05-31,Milan,1623.84375
1984-06-07,Milan,1623.84375
1984-07-26,Milan,1623.84375
1984-07-29,Milan,1623.84375
1984-08-12,Milan,1623.84375
1984-08-23,Milan,1623.84375
1984-08-25,Milan,1623.84375
1984-08-26,Milan,1623.84375
1984-08-30,Milan,1623.84375
1984-09-03,Milan,1623.84375
1984-09-05,Milan,1623.84375
1984-09-09,Milan,1623.84375
1984-09-12,Milan,1623.84375
1984-09-17,Milan,1619.79052734
1984-09-20,Milan,1620.61450195
1984-09-21,Milan,1618.828125
1984-09-22,Milan,1618.828125
1984-09-24,Milan,1624.45800781
1984-10-01,Milan,1627.34191895
1984-10-02,Milan,1627.34191895
1984-10-03,Milan,1627.34191895
1984-10-04,Milan,1635.05212402
1984-10-06,Milan,1635.05212402
1984-10-07,Milan,1635.05212402
1984-10-08,Milan,1642.46350098
1984-10-11,Milan,1642.46350098
1984-10-14,Milan,1642.46350098
1984-10-15,Milan,1650.79187012
1984-10-16,Milan,1650.79187012
1984-10-20,Milan,1650.79187012
1984-10-22,Milan,1653.32958984
1984-10-25,Milan,1659.90222168
1984-10-28,Milan,1659.90222168
1984-10-29,Milan,1666.31726074
1984-11-03,Milan,1666.31726074
1984-11-04,Milan,1666.31726074
1984-11-05,Milan,1666.31726074
1984-11-08,Milan,1663.29296875
1984-11-10,Milan,1663.29296875
1984-11-12,Milan,1656.20495605
1984-11-18,Milan,1656.20495605
1984-11-19,Milan,1658.93945312
1984-11-26,Milan,1647.42944336
1984-11-29,Milan,1648.02233887
1984-12-01,Milan,1648.02233887
1984-12-03,Milan,1653.14099121
1984-12-09,Milan,1653.14099121
1984-12-13,Milan,1657.73730469
1984-12-16,Milan,1657.73730469
1984-12-17,Milan,1651.96276855
1984-12-24,Milan,1661.80895996
1985-01-02,Milan,1661.80895996
1985-01-07,Milan,1670.05957031
1985-01-14,Milan,1650.41003418
1985-01-21,Milan,1652.41662598
1985-01-28,Milan,1649.5526123
1985-02-03,Milan,1649.5526123
1985-02-11,Milan,1656.91931152
1985-02-13,Milan,1656.91931152
1985-02-17,Milan,1656.91931152
1985-02-18,Milan,1665.57104492
1985-02-25,Milan,1679.39819336
1985-03-03,Milan,1679.39819336
1985-03-04,Milan,1683.484375
1985-03-07,Milan,1684.53161621
1985-03-10,Milan,1684.53161621
1985-03-11,Milan,1684.53161621
1985-03-18,Milan,1689.90441895
1985-03-20,Milan,1689.90441895
1985-03-21,Milan,1694.92590332
1985-03-24,Milan,1694.92590332
1985-03-25,Milan,1683.22192383
1985-03-31,Milan,1683.22192383
1985-04-01,Milan,1687.9387207
1985-04-06,Milan,1687.9387207
1985-04-08,Milan,1687.9387207
1985-04-09,Milan,1687.9387207
1985-04-11,Milan,1696.24316406
1985-04-15,Milan,1691.62158203
1985-04-21,Milan,1691.62158203
1985-04-22,Milan,1689.33032227
1985-04-24,Milan,1689.33032227
1985-04-25,Milan,1677.06860352
1985-04-28,Milan,1677.06860352
1985-04-29,Milan,1669.71777344
1985-05-05,Milan,1669.71777344
1985-05-06,Milan,1673.10888672
1985-05-08,Milan,1673.10888672
1985-05-09,Milan,1673.10888672
1985-05-13,Milan,1675.87646484
1985-05-15,Milan,1675.87646484
1985-05-16,Milan,1675.87646484
1985-05-19,Milan,1675.87646484
1985-05-20,Milan,1676.3737793
1985-05-22,Milan,1676.3737793
1985-05-24,Milan,1676.3737793
1985-05-26,Milan,1676.3737793
1985-05-27,Milan,1676.3737793
1985-05-30,Milan,1681.88989258
1985-06-09,Milan,1681.88989258
1985-07-14,Milan,1681.88989258
1985-08-01,Milan,1681.88989258
1985-08-05,Milan,1681.88989258
1985-08-15,Milan,1681.88989258
1985-08-16,Milan,1681.88989258
1985-08-19,Milan,1681.88989258
1985-08-25,Milan,1681.88989258
1985-09-01,Milan,1681.88989258
1985-09-02,Milan,1681.88989258
1985-09-05,Milan,1681.88989258
1985-09-08,Milan,1681.88989258
1985-09-09,Milan,1689.28710938
1985-09-15,Milan,1689.28710938
1985-09-16,Milan,1692.03381348
1985-09-19,Milan,1681.92285156
1985-09-21,Milan,1681.92285156
1985-09-23,Milan,1674.34741211
1985-09-29,Milan,1674.34741211
1985-09-30,Milan,1680.41162109
1985-10-03,Milan,1710.19128418
1985-10-06,Milan,1710.19128418
1985-10-07,Milan,1713.89880371
1985-10-13,Milan,1713.89880371
1985-10-14,Milan,1716.54907227
1985-10-21,Milan,1721.75683594
1985-10-24,Milan,1719.95715332
1985-10-27,Milan,1719.95715332
1985-10-28,Milan,1715.0222168
1985-11-03,Milan,1715.0222168
1985-11-04,Milan,1717.50756836
1985-11-07,Milan,1713.81420898
1985-11-11,Milan,1714.41784668
1985-11-24,Milan,1714.41784668
1985-11-25,Milan,1710.14697266
1985-11-28,Milan,1715.49755859
1985-12-01,Milan,1715.49755859
1985-12-02,Milan,1712.83898926
1985-12-09,Milan,1705.60510254
1985-12-12,Milan,1682.06201172
1985-12-15,Milan,1682.06201172
1985-12-16,Milan,1683.31481934
1985-12-23,Milan,1684.73815918
1985-12-29,Milan,1684.73815918
1985-12-30,Milan,1684.73815918
1986-01-02,Milan,1684.73815918
1986-01-06,Milan,1678.0970459
1986-01-13,Milan,1688.30456543
1986-01-19,Milan,1688.30456543
1986-01-20,Milan,1693.1463623
1986-01-27,Milan,1694.39001465
1986-02-01,Milan,1694.39001465
1986-02-02,Milan,1694.39001465
1986-02-03,Milan,1694.39001465
1986-02-10,Milan,1690.36621094
1986-02-17,Milan,1691.46728516
1986-02-23,Milan,1691.46728516
1986-02-24,Milan,1684.60668945
1986-02-27,Milan,1684.60668945
1986-03-03,Milan,1681.14001465
1986-03-06,Milan,1685.96618652
1986-03-10,Milan,1694.98400879
1986-03-15,Milan,1694.98400879
1986-03-16,Milan,1694.98400879
1986-03-17,Milan,1699.4901123
1986-03-19,Milan,1699.4901123
1986-03-20,Milan,1696.72058105
1986-03-23,Milan,1696.72058105
1986-03-24,Milan,1687.83312988
1986-03-30,Milan,1687.83312988
1986-04-01,Milan,1687.83312988
1986-04-03,Milan,1691.99194336
1986-04-06,Milan,1691.99194336
1986-04-07,Milan,1687.97924805
1986-04-14,Milan,1677.02050781
1986-04-17,Milan,1668.95471191
1986-04-19,Milan,1668.95471191
1986-04-20,Milan,1668.95471191
1986-04-21,Milan,1666.45129395
1986-04-23,Milan,1666.45129395
1986-04-26,Milan,1666.45129395
1986-04-28,Milan,1661.9609375
1986-04-30,Milan,1661.9609375
1986-05-03,Milan,1661.9609375
1986-05-04,Milan,1661.9609375
1986-05-05,Milan,1661.9609375
1986-05-11,Milan,1661.9609375
1986-05-12,Milan,1661.9609375
1986-05-29,Milan,1661.9609375
1986-06-01,Milan,1661.9609375
1986-07-10,Milan,1661.9609375
1986-07-13,Milan,1661.9609375
1986-07-21,Milan,1661.9609375
1986-07-22,Milan,1661.9609375
1986-08-10,Milan,1661.9609375
1986-08-14,Milan,1661.9609375
1986-08-17,Milan,1661.9609375
1986-08-20,Milan,1661.9609375
1986-08-24,Milan,1661.9609375
1986-09-03,Milan,1661.9609375
1986-09-04,Milan,1661.9609375
1986-09-07,Milan,1661.9609375
1986-09-15,Milan,1648.42712402
1986-09-18,Milan,1662.42590332
1986-09-21,Milan,1662.42590332
1986-09-22,Milan,1657.53051758
1986-09-29,Milan,1662.3684082
1986-10-02,Milan,1652.19470215
1986-10-03,Milan,1649.07385254
1986-10-05,Milan,1649.07385254
1986-10-06,Milan,1656.1529541
1986-10-09,Milan,1656.1529541
1986-10-13,Milan,1654.77758789
1986-10-19,Milan,1654.77758789
1986-10-20,Milan,1668.75463867
1986-10-23,Milan,1670.9407959
1986-10-26,Milan,1670.9407959
1986-10-27,Milan,1674.31384277
1986-11-03,Milan,1683.04638672
1986-11-06,Milan,1686.96166992
1986-11-21,Milan,1676.42272949
1986-11-23,Milan,1676.42272949
1986-11-24,Milan,1681.89587402
1986-11-27,Milan,1684.15722656
1986-11-30,Milan,1684.15722656
1986-12-01,Milan,1687.81860352
1986-12-08,Milan,1687.81860352
1986-12-11,Milan,1695.12988281
1986-12-12,Milan,1694.63562012
1986-12-15,Milan,1693.16247559
1986-12-18,Milan,1693.16247559
1986-12-20,Milan,1693.16247559
1986-12-22,Milan,1706.75817871
1986-12-28,Milan,1706.75817871
1986-12-29,Milan,1706.75817871
1987-01-04,Milan,1706.75817871
1987-01-05,Milan,1717.35742188
1987-01-11,Milan,1717.35742188
1987-01-12,Milan,1711.65539551
1987-01-19,Milan,1703.00817871
1987-02-02,Milan,1707.89587402
1987-02-09,Milan,1717.47998047
1987-02-15,Milan,1717.47998047
1987-02-16,Milan,1717.47998047
1987-02-22,Milan,1717.47998047
1987-02-23,Milan,1716.09802246
1987-03-02,Milan,1729.27197266
1987-03-05,Milan,1727.47705078
1987-03-09,Milan,1729.48144531
1987-03-15,Milan,1729.48144531
1987-03-16,Milan,1719.96972656
1987-03-19,Milan,1709.34069824
1987-03-22,Milan,1709.34069824
1987-03-23,Milan,1711.30664062
1987-03-26,Milan,1711.30664062
1987-03-30,Milan,1693.3717041
1987-04-05,Milan,1693.3717041
1987-04-06,Milan,1686.73352051
1987-04-09,Milan,1686.73352051
1987-04-12,Milan,1686.73352051
1987-04-13,Milan,1690.9831543
1987-04-15,Milan,1690.9831543
1987-04-19,Milan,1690.9831543
1987-04-21,Milan,1690.9831543
1987-04-22,Milan,1690.9831543
1987-04-25,Milan,1690.9831543
1987-04-27,Milan,1687.53588867
1987-05-03,Milan,1687.53588867
1987-05-04,Milan,1698.78808594
1987-05-05,Milan,1698.78808594
1987-05-06,Milan,1698.78808594
1987-05-10,Milan,1698.78808594
1987-05-11,Milan,1693.14331055
1987-05-12,Milan,1693.14331055
1987-05-15,Milan,1693.14331055
1987-05-16,Milan,1693.14331055
1987-05-17,Milan,1693.14331055
1987-05-18,Milan,1693.8560791
1987-05-21,Milan,1693.8560791
1987-05-24,Milan,1703.00793457
1987-05-30,Milan,1703.00793457
1987-05-31,Milan,1703.00793457
1987-06-05,Milan,1703.00793457
1987-06-07,Milan,1703.00793457
1987-06-12,Milan,1703.00793457
1987-06-14,Milan,1703.00793457
1987-06-18,Milan,1703.00793457
1987-08-01,Milan,1703.00793457
1987-08-07,Milan,1703.00793457
1987-08-13,Milan,1703.00793457
1987-08-15,Milan,1703.00793457
1987-08-16,Milan,1703.00793457
1987-08-19,Milan,1703.00793457
1987-08-20,Milan,1703.00793457
1987-08-26,Milan,1703.00793457
1987-08-30,Milan,1703.00793457
1987-09-03,Milan,1703.00793457
1987-09-06,Milan,1703.00793457
1987-09-12,Milan,1703.00793457
1987-09-13,Milan,1703.00793457
1987-09-14,Milan,1714.30212402
1987-09-17,Milan,1707.92895508
1987-09-20,Milan,1707.92895508
1987-09-21,Milan,1689.10498047
1987-09-27,Milan,1689.10498047
1987-09-28,Milan,1687.76635742
1987-09-29,Milan,1687.76635742
1987-10-01,Milan,1720.65600586
1987-10-04,Milan,1720.65600586
1987-10-05,Milan,1724.75817871
1987-10-12,Milan,1728.80517578
1987-10-18,Milan,1728.80517578
1987-10-22,Milan,1695.6472168
1987-10-25,Milan,1695.6472168
1987-10-26,Milan,1707.90759277
1987-10-29,Milan,1707.90759277
1987-11-01,Milan,1707.90759277
1987-11-02,Milan,1702.83703613
1987-11-04,Milan,1707.54162598
1987-11-05,Milan,1709.484375
1987-11-08,Milan,1709.484375
1987-11-09,Milan,1719.52575684
1987-11-15,Milan,1719.52575684
1987-11-23,Milan,1724.31750488
1987-11-26,Milan,1721.7800293
1987-11-28,Milan,1721.7800293
1987-11-29,Milan,1721.7800293
1987-11-30,Milan,1719.94055176
1987-12-06,Milan,1719.94055176
1987-12-10,Milan,1719.54748535
1987-12-21,Milan,1731.2154541
1987-12-27,Milan,1731.2154541
1987-12-29,Milan,1731.2154541
1988-01-04,Milan,1742.00292969
1988-01-11,Milan,1754.25842285
1988-01-18,Milan,1759.12438965
1988-01-25,Milan,1760.89904785
1988-02-01,Milan,1760.7310791
1988-02-08,Milan,1763.6015625
1988-02-11,Milan,1763.6015625
1988-02-14,Milan,1763.6015625
1988-02-15,Milan,1762.26831055
1988-02-21,Milan,1762.26831055
1988-02-28,Milan,1762.26831055
1988-02-29,Milan,1766.31433105
1988-03-02,Milan,1770.58435059
1988-03-03,Milan,1767.12731934
1988-03-06,Milan,1767.12731934
1988-03-07,Milan,1761.65686035
1988-03-10,Milan,1761.65686035
1988-03-11,Milan,1761.65686035
1988-03-13,Milan,1761.65686035
1988-03-14,Milan,1762.36328125
1988-03-16,Milan,1765.76025391
1988-03-17,Milan,1766.33166504
1988-03-21,Milan,1768.61047363
1988-03-28,Milan,1767.4765625
1988-04-02,Milan,1767.4765625
1988-04-07,Milan,1767.76208496
1988-04-10,Milan,1767.76208496
1988-04-11,Milan,1769.51538086
1988-04-13,Milan,1769.51538086
1988-04-16,Milan,1769.51538086
1988-04-17,Milan,1769.51538086
1988-04-18,Milan,1784.6550293
1988-04-21,Milan,1779.42822266
1988-04-25,Milan,1784.58532715
1988-05-02,Milan,1796.52783203
1988-05-09,Milan,1791.45910645
1988-05-16,Milan,1789.90979004
1988-07-31,Milan,1789.90979004
1988-08-20,Milan,1789.90979004
1988-08-25,Milan,1789.90979004
1988-09-04,Milan,1789.90979004
1988-09-07,Milan,1789.90979004
1988-09-08,Milan,1788.73779297
1988-09-11,Milan,1788.73779297
1988-09-19,Milan,1788.73779297
1988-10-06,Milan,1793.37561035
1988-10-07,Milan,1797.29931641
1988-10-10,Milan,1801.95532227
1988-10-12,Milan,1816.0625
1988-10-17,Milan,1822.67102051
1988-10-23,Milan,1822.67102051
1988-10-24,Milan,1814.68481445
1988-10-27,Milan,1810.91760254
1988-10-30,Milan,1810.91760254
1988-10-31,Milan,1813.21728516
1988-11-06,Milan,1813.21728516
1988-11-07,Milan,1820.45178223
1988-11-10,Milan,1828.08764648
1988-11-11,Milan,1829.92529297
1988-11-17,Milan,1829.92529297
1988-11-21,Milan,1814.46069336
1988-11-24,Milan,1828.15014648
1988-11-28,Milan,1818.80187988
1988-12-05,Milan,1821.54431152
1988-12-08,Milan,1799.03527832
1988-12-12,Milan,1787.29882812
1988-12-19,Milan,1786.75305176
1989-01-01,Milan,1783.02539062
1989-01-09,Milan,1771.31103516
1989-01-16,Milan,1776.3182373
1989-01-23,Milan,1789.33532715
1989-01-30,Milan,1782.09020996
1989-02-06,Milan,1790.12536621
1989-02-13,Milan,1782.75
1989-02-15,Milan,1782.75
1989-02-19,Milan,1782.75
1989-02-20,Milan,1793.90551758
1989-02-27,Milan,1798.35461426
1989-03-02,Milan,1808.65197754
1989-03-05,Milan,1808.65197754
1989-03-06,Milan,1805.28442383
1989-03-12,Milan,1805.28442383
1989-03-13,Milan,1814.32092285
1989-03-16,Milan,1824.91223145
1989-03-20,Milan,1817.9510498
1989-03-22,Milan,1817.9510498
1989-03-26,Milan,1817.9510498
1989-03-28,Milan,1817.9510498
1989-04-03,Milan,1824.74511719
1989-04-06,Milan,1840.96203613
1989-04-10,Milan,1837.63061523
1989-04-17,Milan,1834.53674316
1989-04-20,Milan,1885.68286133
1989-05-01,Milan,1888.7767334
1989-05-04,Milan,1887.84960938
1989-05-08,Milan,1889.64135742
1989-05-11,Milan,1884.76843262
1989-05-15,Milan,1884.92944336
1989-05-18,Milan,1888.35168457
1989-05-21,Milan,1888.35168457
1989-05-22,Milan,1880.10668945
1989-05-25,Milan,1904.21398926
1989-05-27,Milan,1904.21398926
1989-05-29,Milan,1899.6171875
1989-06-05,Milan,1903.00585938
1989-06-12,Milan,1908.38806152
1989-06-19,Milan,1911.55004883
1989-06-26,Milan,1919.31848145
1989-08-28,Milan,1926.35144043
1989-09-04,Milan,1909.59814453
1989-09-07,Milan,1914.92077637
1989-09-11,Milan,1916.24450684
1989-09-13,Milan,1917.44067383
1989-09-14,Milan,1914.10705566
1989-09-15,Milan,1914.3190918
1989-09-18,Milan,1909.5177002
1989-09-24,Milan,1909.5177002
1989-09-25,Milan,1901.98132324
1989-09-27,Milan,1901.97888184
1989-09-28,Milan,1886.99072266
1989-10-02,Milan,1876.21362305
1989-10-09,Milan,1862.91259766
1989-10-18,Milan,1865.41308594
1989-10-19,Milan,1876.63977051
1989-10-22,Milan,1876.63977051
1989-10-23,Milan,1879.14953613
1989-10-30,Milan,1867.86352539
1989-11-01,Milan,1867.86352539
1989-11-02,Milan,1880.86499023
1989-11-06,Milan,1884.81665039
1989-11-20,Milan,1903.99719238
1989-11-23,Milan,1896.94104004
1989-11-27,Milan,1899.10510254
1989-12-04,Milan,1900.62341309
1989-12-07,Milan,1900.08227539
1989-12-11,Milan,1900.53674316
1989-12-18,Milan,1892.3392334
1989-12-31,Milan,1897.14733887
1990-01-08,Milan,1899.5057373
1990-01-15,Milan,1906.80810547
1990-01-18,Milan,1909.48937988
1990-01-22,Milan,1913.90234375
1990-01-29,Milan,1915.03930664
1990-02-05,Milan,1920.22058105
1990-02-12,Milan,1926.42553711
1990-02-19,Milan,1927.26416016
1990-02-26,Milan,1938.41674805
1990-03-05,Milan,1939.32849121
1990-03-08,Milan,1949.83764648
1990-03-12,Milan,1935.95690918
1990-03-19,Milan,1916.68798828
1990-03-22,Milan,1927.61767578
1990-03-23,Milan,1928.33776855
1990-03-26,Milan,1932.14440918
1990-04-04,Milan,1937.68688965
1990-04-05,Milan,1940.14892578
1990-04-09,Milan,1936.30224609
1990-04-15,Milan,1939.4699707
1990-04-18,Milan,1940.72265625
1990-04-19,Milan,1954.2689209
1990-04-23,Milan,1940.99194336
1990-04-30,Milan,1943.80334473
1990-05-10,Milan,1948.31726074
1990-05-24,Milan,1954.60424805
1990-09-10,Milan,1955.85314941
1990-09-17,Milan,1959.70959473
1990-09-20,Milan,1958.12988281
1990-09-24,Milan,1959.74853516
1990-10-01,Milan,1955.27746582
1990-10-04,Milan,1971.10681152
1990-10-08,Milan,1972.26379395
1990-10-22,Milan,1972.38171387
1990-10-25,Milan,1957.97436523
1990-10-29,Milan,1944.74829102
1990-11-08,Milan,1973.86425781
1990-11-12,Milan,1981.32714844
1990-11-19,Milan,1968.31726074
1990-11-26,Milan,1965.52990723
1990-11-29,Milan,1965.39111328
1990-12-03,Milan,1966.70825195
1990-12-10,Milan,1967.95910645
1990-12-13,Milan,1975.50146484
1990-12-17,Milan,1974.50415039
1990-12-31,Milan,1979.91711426
1991-01-07,Milan,1975.41223145
1991-01-14,Milan,1977.74194336
1991-01-21,Milan,1960.92541504
1991-01-28,Milan,1957.99377441
1991-02-04,Milan,1959.53833008
1991-02-11,Milan,1957.03674316
1991-02-18,Milan,1959.88171387
1991-02-25,Milan,1954.42248535
1991-03-04,Milan,1959.82836914
1991-03-07,Milan,1950.2010498
1991-03-11,Milan,1941.24194336
1991-03-18,Milan,1926.19128418
1991-03-21,Milan,1902.47473145
1991-03-25,Milan,1914.06665039
1991-03-31,Milan,1916.67419434
1991-04-08,Milan,1925.71875
1991-04-11,Milan,1923.89477539
1991-04-15,Milan,1928.33886719
1991-04-21,Milan,1922.30163574
1991-04-25,Milan,1923.29248047
1991-05-06,Milan,1938.54174805
1991-05-13,Milan,1941.10681152
1991-05-20,Milan,1929.32019043
1991-05-27,Milan,1922.07275391
1991-09-02,Milan,1925.89953613
1991-09-09,Milan,1927.47692871
1991-09-16,Milan,1927.90246582
1991-09-19,Milan,1929.38549805
1991-09-20,Milan,1928.03869629
1991-09-23,Milan,1921.03540039
1991-10-02,Milan,1919.97167969
1991-10-03,Milan,1904.53735352
1991-10-04,Milan,1908.58996582
1991-10-06,Milan,1908.58996582
1991-10-07,Milan,1918.56066895
1991-10-21,Milan,1921.67883301
1991-10-24,Milan,1922.28186035
1991-10-25,Milan,1923.40490723
1991-10-28,Milan,1928.00427246
1991-11-04,Milan,1933.5333252
1991-11-07,Milan,1936.7890625
1991-11-18,Milan,1949.96606445
1991-11-21,Milan,1943.2520752
1991-11-25,Milan,1944.63134766
1991-11-28,Milan,1949.76318359
1991-12-02,Milan,1950.30505371
1991-12-09,Milan,1954.0736084
1991-12-12,Milan,1954.06005859
1991-12-16,Milan,1951.49890137
1992-01-06,Milan,1959.03320312
1992-01-13,Milan,1962.84936523
1992-01-20,Milan,1964.80786133
1992-01-27,Milan,1965.89624023
1992-02-03,Milan,1972.39526367
1992-02-10,Milan,1966.4432373
1992-02-17,Milan,1963.53479004
1992-02-24,Milan,1961.65307617
1992-03-02,Milan,1964.6583252
1992-03-05,Milan,1965.91137695
1992-03-09,Milan,1974.6932373
1992-03-16,Milan,1976.33813477
1992-03-19,Milan,1978.55737305
1992-03-20,Milan,1978.73156738
1992-03-30,Milan,1976.31005859
1992-04-02,Milan,1976.79956055
1992-04-06,Milan,1983.80187988
1992-04-13,Milan,1977.43383789
1992-04-16,Milan,1979.66003418
1992-04-19,Milan,1982.51171875
1992-04-27,Milan,1981.80664062
1992-04-30,Milan,1978.74389648
1992-05-04,Milan,1981.1973877
1992-05-11,Milan,1980.69897461
1992-05-14,Milan,1980.35998535
1992-05-18,Milan,1981.87280273
1992-05-21,Milan,1978.15649414
1992-05-25,Milan,1989.48376465
1992-09-07,Milan,1990.89282227
1992-09-14,Milan,1993.57177734
1992-09-17,Milan,2000.42773438
1992-09-21,Milan,2002.71496582
1992-09-30,Milan,2002.72241211
1992-10-01,Milan,2003.90148926
1992-10-02,Milan,2004.34448242
1992-10-05,Milan,2013.78466797
1992-10-19,Milan,2015.88989258
1992-10-21,Milan,2017.10144043
1992-10-22,Milan,2009.21252441
1992-10-23,Milan,2003.03564453
1992-10-26,Milan,2009.04675293
1992-11-02,Milan,2002.36828613
1992-11-04,Milan,2002.29467773
1992-11-05,Milan,2008.38842773
1992-11-06,Milan,2005.82226562
1992-11-09,Milan,2015.78393555
1992-11-23,Milan,2008.73205566
1992-11-26,Milan,2011.58837891
1992-11-30,Milan,2018.78979492
1992-12-07,Milan,2009.96484375
1992-12-10,Milan,2020.73205566
1992-12-11,Milan,2021.95178223
1992-12-14,Milan,2022.81640625
1992-12-24,Milan,2028.90039062
1993-01-04,Milan,2034.18701172
1993-01-11,Milan,2035.29992676
1993-01-18,Milan,2037.98132324
1993-01-25,Milan,2038.91796875
1993-02-01,Milan,2033.76025391
1993-02-08,Milan,2034.7052002
1993-02-15,Milan,2030.96984863
1993-03-01,Milan,2034.71008301
1993-03-03,Milan,2035.37207031
1993-03-04,Milan,2044.87866211
1993-03-05,Milan,2043.75610352
1993-03-08,Milan,2045.12268066
1993-03-15,Milan,2041.32568359
1993-03-17,Milan,2046.33178711
1993-03-18,Milan,2052.14233398
1993-03-19,Milan,2046.0423584
1993-03-22,Milan,2029.9498291
1993-03-29,Milan,2027.35437012
1993-04-04,Milan,2019.8762207
1993-04-07,Milan,2023.00415039
1993-04-08,Milan,2026.44970703
1993-04-11,Milan,2025.38464355
1993-04-18,Milan,2004.72521973
1993-04-22,Milan,2006.49169922
1993-04-23,Milan,2008.7154541
1993-04-26,Milan,2003.19592285
1993-05-06,Milan,2006.99035645
1993-05-10,Milan,2010.45666504
1993-05-13,Milan,2012.47192383
1993-05-17,Milan,2005.12329102
1993-05-20,Milan,2005.59655762
1993-05-22,Milan,2002.57763672
1993-05-27,Milan,1985.86047363
1993-05-31,Milan,1977.67871094
1993-06-07,Milan,1974.1126709
1993-08-30,Milan,1977.11315918
1993-09-06,Milan,1978.90905762
1993-09-09,Milan,1972.89013672
1993-09-13,Milan,1976.09814453
1993-09-15,Milan,1976.1854248
1993-09-16,Milan,1977.19641113
1993-09-17,Milan,1976.04248047
1993-09-20,Milan,1979.10742188
1993-09-27,Milan,1985.03613281
1993-09-29,Milan,1985.10754395
1993-09-30,Milan,1987.80371094
1993-10-04,Milan,1980.67907715
1993-10-18,Milan,1977.19445801
1993-10-21,Milan,1978.67504883
1993-10-25,Milan,1973.52233887
1993-11-01,Milan,1965.00720215
1993-11-03,Milan,1965.0579834
1993-11-04,Milan,1962.73925781
1993-11-05,Milan,1954.96289062
1993-11-08,Milan,1964.07507324
1993-11-22,Milan,1966.40039062
1993-11-25,Milan,1969.68066406
1993-11-26,Milan,1972.21936035
1993-11-29,Milan,1972.51635742
1993-12-02,Milan,1977.42980957
1993-12-06,Milan,1980.15637207
1993-12-09,Milan,1980.90917969
1993-12-13,Milan,1975.9387207
1993-12-20,Milan,1978.01147461
1994-01-03,Milan,1981.69470215
1994-01-10,Milan,1972.78625488
1994-01-17,Milan,1968.96008301
1994-01-24,Milan,1970.71166992
1994-01-31,Milan,1975.43945312
1994-02-07,Milan,1984.05297852
1994-02-14,Milan,1985.46154785
1994-02-21,Milan,1992.25366211
1994-02-28,Milan,1994.12536621
1994-03-02,Milan,1997.58532715
1994-03-03,Milan,1997.73828125
1994-03-04,Milan,1998.77954102
1994-03-07,Milan,2007.30395508
1994-03-14,Milan,2010.27734375
1994-03-16,Milan,2006.89343262
1994-03-17,Milan,2005.62683105
1994-03-18,Milan,2004.2878418
1994-03-21,Milan,2006.84619141
1994-03-28,Milan,1995.74487305
1994-03-30,Milan,1994.94702148
1994-03-31,Milan,1983.73266602
1994-04-05,Milan,1977.94042969
1994-04-11,Milan,1975.74450684
1994-04-14,Milan,1978.74865723
1994-04-18,Milan,1970.7734375
1994-04-25,Milan,1968.28234863
1994-04-27,Milan,1970.89929199
1994-04-28,Milan,1974.0267334
1994-05-02,Milan,1957.93164062
1994-05-05,Milan,1954.19641113
1994-05-12,Milan,1954.83630371
1994-05-19,Milan,1971.47265625
1994-09-05,Milan,1973.421875
1994-09-12,Milan,1970.95288086
1994-09-14,Milan,1968.45068359
1994-09-15,Milan,1948.21472168
1994-09-16,Milan,1948.28039551
1994-09-19,Milan,1951.81420898
1994-09-26,Milan,1940.63757324
1994-09-28,Milan,1944.15539551
1994-09-29,Milan,1946.7355957
1994-09-30,Milan,1944.03930664
1994-10-03,Milan,1945.41552734
1994-10-16,Milan,1925.53283691
1994-10-19,Milan,1927.15551758
1994-10-20,Milan,1922.56079102
1994-10-21,Milan,1923.3692627
1994-10-24,Milan,1919.03710938
1994-10-31,Milan,1912.96008301
1994-11-02,Milan,1914.03637695
1994-11-03,Milan,1915.61206055
1994-11-04,Milan,1915.52868652
1994-11-07,Milan,1911.4510498
1994-11-21,Milan,1905.99157715
1994-11-23,Milan,1904.79370117
1994-11-24,Milan,1876.76245117
1994-11-25,Milan,1876.37133789
1994-12-03,Milan,1870.67529297
1994-12-07,Milan,1873.89221191
1994-12-08,Milan,1884.7244873
1994-12-12,Milan,1895.71801758
1994-12-19,Milan,1896.9588623
1994-12-22,Milan,1895.78442383
1995-01-09,Milan,1889.78881836
1995-01-12,Milan,1891.97521973
1995-01-16,Milan,1899.64099121
1995-01-23,Milan,1903.90905762
1995-02-13,Milan,1898.15637207
1995-02-16,Milan,1896.15039062
1995-02-20,Milan,1881.68603516
1995-02-27,Milan,1884.99108887
1995-03-02,Milan,1895.07641602
1995-03-03,Milan,1892.29052734
1995-03-06,Milan,1902.30126953
1995-03-13,Milan,1903.91564941
1995-03-15,Milan,1904.60229492
1995-03-16,Milan,1908.44616699
1995-03-17,Milan,1909.79821777
1995-03-20,Milan,1926.90002441
1995-04-03,Milan,1911.76330566
1995-04-05,Milan,1911.02246094
1995-04-06,Milan,1920.81311035
1995-04-07,Milan,1920.09362793
1995-04-10,Milan,1930.61645508
1995-04-15,Milan,1918.97290039
1995-04-19,Milan,1926.52819824
1995-04-20,Milan,1931.53308105
1995-04-21,Milan,1930.18786621
1995-04-24,Milan,1936.09106445
1995-05-01,Milan,1944.22924805
1995-05-08,Milan,1947.31628418
1995-05-15,Milan,1950.76525879
1995-05-22,Milan,1940.87768555
1995-05-25,Milan,1927.13195801
1995-05-29,Milan,1911.88708496
1995-06-05,Milan,1918.94470215
1995-08-28,Milan,1923.95068359
1995-09-11,Milan,1926.17895508
1995-09-13,Milan,1926.85327148
1995-09-14,Milan,1931.03283691
1995-09-15,Milan,1931.04870605
1995-09-18,Milan,1940.27758789
1995-09-25,Milan,1943.32885742
1995-09-27,Milan,1935.09277344
1995-09-28,Milan,1935.86853027
1995-09-29,Milan,1935.8717041
1995-10-02,Milan,1924.58532715
1995-10-16,Milan,1930.48217773
1995-10-18,Milan,1932.14685059
1995-10-19,Milan,1932.55541992
1995-10-20,Milan,1926.0456543
1995-10-23,Milan,1922.8659668
1995-10-30,Milan,1922.26928711
1995-11-01,Milan,1911.16833496
1995-11-02,Milan,1913.50085449
1995-11-03,Milan,1920.17810059
1995-11-06,Milan,1922.52087402
1995-11-20,Milan,1925.02734375
1995-11-22,Milan,1923.59655762
1995-11-23,Milan,1918.81945801
1995-11-24,Milan,1923.95874023
1995-11-27,Milan,1926.76928711
1995-12-04,Milan,1935.33898926
1995-12-06,Milan,1937.79418945
1995-12-07,Milan,1936.48083496
1995-12-08,Milan,1937.55944824
1995-12-11,Milan,1931.14489746
1995-12-18,Milan,1923.74133301
1995-12-24,Milan,1923.5604248
1996-01-08,Milan,1929.07141113
1996-01-15,Milan,1925.65161133
1996-01-22,Milan,1927.0168457
1996-01-29,Milan,1935.73400879
1996-02-05,Milan,1940.83105469
1996-02-12,Milan,1946.05200195
1996-02-19,Milan,1947.27563477
1996-02-26,Milan,1949.19567871
1996-03-03,Milan,1952.55029297
1996-03-06,Milan,1948.49145508
1996-03-08,Milan,1949.4934082
1996-03-11,Milan,1935.16723633
1996-03-20,Milan,1900.5994873
1996-03-21,Milan,1904.17822266
1996-03-22,Milan,1897.93005371
1996-03-25,Milan,1904.88842773
1996-04-01,Milan,1912.50415039
1996-04-04,Milan,1914.25219727
1996-04-07,Milan,1908.49926758
1996-04-11,Milan,1915.31018066
1996-04-15,Milan,1921.64819336
1996-04-18,Milan,1921.79052734
1996-04-22,Milan,1918.40063477
1996-04-29,Milan,1922.54211426
1996-05-06,Milan,1909.6081543
1996-05-13,Milan,1913.17993164
1996-05-23,Milan,1913.31567383
1996-08-25,Milan,1913.31567383
1996-09-09,Milan,1915.01477051
1996-09-11,Milan,1921.82043457
1996-09-12,Milan,1903.88659668
1996-09-13,Milan,1903.75390625
1996-09-16,Milan,1897.07849121
1996-09-23,Milan,1902.15710449
1996-09-25,Milan,1893.63134766
1996-09-26,Milan,1904.82214355
1996-09-27,Milan,1905.08984375
1996-09-30,Milan,1906.91430664
1996-10-14,Milan,1896.10583496
1996-10-16,Milan,1889.58410645
1996-10-17,Milan,1873.55944824
1996-10-18,Milan,1873.39318848
1996-10-21,Milan,1876.67797852
1996-10-28,Milan,1869.23046875
1996-10-30,Milan,1857.68664551
1996-10-31,Milan,1863.11669922
1996-11-01,Milan,1865.01904297
1996-11-04,Milan,1857.33203125
1996-11-18,Milan,1861.49743652
1996-11-20,Milan,1864.03222656
1996-11-21,Milan,1869.47619629
1996-11-25,Milan,1864.69299316
1996-11-29,Milan,1867.57788086
1996-12-02,Milan,1857.36682129
1996-12-04,Milan,1858.04821777
1996-12-05,Milan,1837.33374023
1996-12-07,Milan,1837.33374023
1996-12-09,Milan,1839.84509277
1996-12-16,Milan,1847.55151367
1996-12-21,Milan,1847.55151367
1996-12-23,Milan,1834.45141602
1997-01-06,Milan,1824.29431152
1997-01-13,Milan,1827.99047852
1997-01-20,Milan,1827.00280762
1997-01-27,Milan,1810.41149902
1997-02-02,Milan,1810.41149902
1997-02-03,Milan,1800.18115234
1997-02-17,Milan,1804.40075684
1997-02-24,Milan,1793.95263672
1997-03-03,Milan,1790.62316895
1997-03-05,Milan,1791.20349121
1997-03-06,Milan,1791.31982422
1997-03-07,Milan,1796.08654785
1997-03-10,Milan,1797.23706055
1997-03-13,Milan,1797.23706055
1997-03-16,Milan,1797.23706055
1997-03-17,Milan,1804.06738281
1997-03-19,Milan,1804.82885742
1997-03-20,Milan,1805.62426758
1997-03-21,Milan,1803.79626465
1997-03-24,Milan,1816.60400391
1997-03-27,Milan,1816.60400391
1997-04-07,Milan,1798.24584961
1997-04-09,Milan,1802.08605957
1997-04-10,Milan,1804.6739502
1997-04-11,Milan,1806.79626465
1997-04-14,Milan,1800.01220703
1997-04-21,Milan,1794.06970215
1997-04-23,Milan,1795.14868164
1997-04-24,Milan,1797.16442871
1997-04-25,Milan,1790.10083008
1997-05-01,Milan,1790.10083008
1997-05-05,Milan,1791.8638916
1997-05-08,Milan,1790.01013184
1997-05-12,Milan,1793.0357666
1997-05-16,Milan,1796.78930664
1997-05-19,Milan,1794.51452637
1997-05-22,Milan,1795.04150391
1997-05-25,Milan,1795.04150391
1997-05-26,Milan,1784.73669434
1997-05-29,Milan,1779.10839844
1997-06-01,Milan,1779.10839844
1997-06-02,Milan,1766.36755371
1997-06-17,Milan,1766.36755371
1997-08-06,Milan,1766.36755371
1997-08-09,Milan,1766.36755371
1997-08-14,Milan,1768.96618652
1997-08-17,Milan,1768.96618652
1997-08-20,Milan,1768.96618652
1997-08-28,Milan,1770.08166504
1997-09-01,Milan,1770.42016602
1997-09-13,Milan,1770.42016602
1997-09-14,Milan,1769.27441406
1997-09-17,Milan,1764.31054688
1997-09-18,Milan,1765.69787598
1997-09-19,Milan,1767.86584473
1997-09-20,Milan,1767.86584473
1997-09-22,Milan,1762.34741211
1997-09-27,Milan,1762.34741211
1997-09-29,Milan,1750.68981934
1997-10-01,Milan,1750.6451416
1997-10-02,Milan,1748.44970703
1997-10-03,Milan,1749.10095215
1997-10-04,Milan,1749.10095215
1997-10-06,Milan,1755.67468262
1997-10-16,Milan,1755.67468262
1997-10-17,Milan,1755.67468262
1997-10-19,Milan,1755.67468262
1997-10-20,Milan,1740.64379883
1997-10-22,Milan,1734.05407715
1997-10-23,Milan,1736.2902832
1997-10-24,Milan,1737.74023438
1997-10-26,Milan,1737.74023438
1997-11-02,Milan,1737.74023438
1997-11-03,Milan,1757.74230957
1997-11-05,Milan,1765.57629395
1997-11-06,Milan,1762.49938965
1997-11-07,Milan,1762.53869629
1997-11-09,Milan,1762.53869629
1997-11-10,Milan,1765.58251953
1997-11-23,Milan,1771.19897461
1997-11-24,Milan,1771.19897461
1997-11-26,Milan,1768.83532715
1997-11-27,Milan,1762.68713379
1997-11-28,Milan,1760.14758301
1997-12-01,Milan,1760.9934082
1997-12-07,Milan,1760.9934082
1997-12-08,Milan,1764.95446777
1997-12-10,Milan,1771.26586914
1997-12-11,Milan,1771.83532715
1997-12-15,Milan,1779.7635498
1997-12-20,Milan,1779.7635498
1997-12-22,Milan,1774.54943848
1998-01-05,Milan,1781.12658691
1998-01-11,Milan,1781.12658691
1998-01-12,Milan,1777.96887207
1998-01-19,Milan,1771.39013672
1998-01-25,Milan,1771.39013672
1998-01-26,Milan,1756.47351074
1998-02-02,Milan,1760.40234375
1998-02-05,Milan,1760.40234375
1998-02-09,Milan,1756.53015137
1998-02-10,Milan,1756.53015137
1998-02-12,Milan,1755.05175781
1998-02-14,Milan,1755.05175781
1998-02-16,Milan,1770.36401367
1998-02-22,Milan,1770.36401367
1998-02-23,Milan,1773.89953613
1998-03-02,Milan,1769.86877441
1998-03-04,Milan,1771.68920898
1998-03-05,Milan,1769.2454834
1998-03-06,Milan,1773.43103027
1998-03-09,Milan,1778.51086426
1998-03-16,Milan,1777.03918457
1998-03-18,Milan,1780.84277344
1998-03-19,Milan,1785.82324219
1998-03-20,Milan,1787.22485352
1998-03-23,Milan,1773.40527344
1998-03-29,Milan,1768.23144531
1998-03-30,Milan,1768.23144531
1998-03-31,Milan,1769.78234863
1998-04-02,Milan,1773.15637207
1998-04-03,Milan,1774.22045898
1998-04-06,Milan,1765.05358887
1998-04-09,Milan,1765.05358887
1998-04-12,Milan,1771.80578613
1998-04-14,Milan,1771.80578613
1998-04-15,Milan,1774.14562988
1998-04-16,Milan,1774.03637695
1998-04-17,Milan,1769.1776123
1998-04-18,Milan,1769.1776123
1998-04-20,Milan,1758.24658203
1998-04-27,Milan,1751.46740723
1998-05-04,Milan,1741.60559082
1998-05-10,Milan,1741.60559082
1998-05-11,Milan,1741.57714844
1998-05-14,Milan,1741.57714844
1998-05-16,Milan,1741.57714844
1998-05-17,Milan,1736.03430176
1998-05-18,Milan,1736.03430176
1998-05-21,Milan,1731.61352539
1998-07-02,Milan,1731.61352539
1998-08-02,Milan,1731.61352539
1998-08-13,Milan,1731.66394043
1998-08-15,Milan,1731.66394043
1998-08-17,Milan,1731.66394043
1998-08-22,Milan,1731.66394043
1998-08-23,Milan,1731.66394043
1998-08-24,Milan,1731.66394043
1998-08-27,Milan,1731.68212891
1998-08-30,Milan,1731.68212891
1998-08-31,Milan,1731.68212891
1998-09-12,Milan,1731.68212891
1998-09-13,Milan,1742.0925293
1998-09-16,Milan,1741.69372559
1998-09-17,Milan,1735.05480957
1998-09-18,Milan,1733.01220703
1998-09-21,Milan,1740.91394043
1998-09-27,Milan,1728.8494873
1998-09-28,Milan,1728.8494873
1998-09-30,Milan,1731.80126953
1998-10-01,Milan,1731.87768555
1998-10-02,Milan,1734.32446289
1998-10-04,Milan,1734.32446289
1998-10-05,Milan,1744.02685547
1998-10-18,Milan,1744.02685547
1998-10-19,Milan,1736.60192871
1998-10-21,Milan,1738.8927002
1998-10-22,Milan,1739.42504883
1998-10-23,Milan,1737.63037109
1998-10-26,Milan,1745.0793457
1998-10-31,Milan,1745.0793457
1998-11-01,Milan,1745.0793457
1998-11-02,Milan,1746.92980957
1998-11-04,Milan,1752.43774414
1998-11-05,Milan,1749.57507324
1998-11-06,Milan,1752.84802246
1998-11-09,Milan,1753.38244629
1998-11-16,Milan,1754.51220703
1998-11-22,Milan,1754.51220703
1998-11-23,Milan,1761.43786621
1998-11-25,Milan,1765.74707031
1998-11-26,Milan,1767.8359375
1998-11-28,Milan,1767.8359375
1998-11-30,Milan,1759.73852539
1998-12-03,Milan,1758.63452148
1998-12-05,Milan,1758.63452148
1998-12-07,Milan,1770.2310791
1998-12-09,Milan,1771.91223145
1998-12-10,Milan,1776.28112793
1998-12-14,Milan,1779.75146484
1998-12-17,Milan,1779.75146484
1998-12-20,Milan,1779.75146484
1998-12-21,Milan,1781.11120605
1999-01-07,Milan,1781.11352539
1999-01-11,Milan,1780.7277832
1999-01-18,Milan,1783.98657227
1999-01-25,Milan,1795.61669922
1999-02-01,Milan,1798.28942871
1999-02-08,Milan,1803.08984375
1999-02-15,Milan,1805.79162598
1999-02-22,Milan,1808.99707031
1999-02-28,Milan,1804.01062012
1999-03-03,Milan,1807.61035156
1999-03-04,Milan,1804.16394043
1999-03-05,Milan,1804.23632812
1999-03-08,Milan,1807.60644531
1999-03-13,Milan,1807.60644531
1999-03-14,Milan,1812.07861328
1999-03-17,Milan,1812.29003906
1999-03-18,Milan,1811.88000488
1999-03-19,Milan,1811.8848877
1999-03-21,Milan,1811.8848877
1999-03-22,Milan,1806.0390625
1999-04-04,Milan,1811.54797363
1999-04-07,Milan,1815.92687988
1999-04-08,Milan,1817.7434082
1999-04-09,Milan,1817.86291504
1999-04-12,Milan,1824.82250977
1999-04-16,Milan,1824.82250977
1999-04-18,Milan,1824.82250977
1999-04-19,Milan,1847.57287598
1999-04-21,Milan,1843.70007324
1999-04-22,Milan,1837.9017334
1999-04-23,Milan,1838.24035645
1999-04-25,Milan,1838.24035645
1999-04-26,Milan,1848.39538574
1999-05-03,Milan,1851.0098877
1999-05-10,Milan,1866.94165039
1999-05-13,Milan,1870.88439941
1999-05-16,Milan,1873.57116699
1999-05-20,Milan,1875.49719238
1999-05-24,Milan,1881.22106934
1999-05-30,Milan,1881.22106934
1999-06-14,Milan,1881.22106934
1999-06-21,Milan,1881.22106934
1999-08-12,Milan,1877.27050781
1999-08-23,Milan,1877.27050781
1999-08-26,Milan,1874.19958496
1999-08-29,Milan,1874.19958496
1999-08-30,Milan,1870.15063477
1999-09-13,Milan,1872.99157715
1999-09-15,Milan,1872.36035156
1999-09-16,Milan,1874.99804688
1999-09-17,Milan,1877.08093262
1999-09-19,Milan,1875.33776855
1999-09-22,Milan,1877.66870117
1999-09-23,Milan,1876.62780762
1999-09-26,Milan,1882.33410645
1999-09-29,Milan,1873.99230957
1999-09-30,Milan,1873.61279297
1999-10-01,Milan,1874.61376953
1999-10-04,Milan,1878.9473877
1999-10-18,Milan,1871.80004883
1999-10-20,Milan,1875.25891113
1999-10-21,Milan,1864.7800293
1999-10-22,Milan,1865.58032227
1999-10-24,Milan,1875.15991211
1999-10-27,Milan,1868.81188965
1999-10-28,Milan,1871.11376953
1999-11-01,Milan,1867.51013184
1999-11-03,Milan,1874.16369629
1999-11-04,Milan,1860.66748047
1999-11-05,Milan,1862.01513672
1999-11-08,Milan,1865.66418457
1999-11-21,Milan,1865.66418457
1999-11-22,Milan,1858.05859375
1999-11-24,Milan,1856.04296875
1999-11-25,Milan,1859.45507812
1999-11-26,Milan,1862.20214844
1999-11-28,Milan,1862.20214844
1999-11-29,Milan,1867.41149902
1999-12-06,Milan,1860.68286133
1999-12-08,Milan,1857.30847168
1999-12-09,Milan,1857.81311035
1999-12-10,Milan,1862.67700195
1999-12-12,Milan,1865.67773438
1999-12-13,Milan,1865.67773438
1999-12-18,Milan,1865.67773438
1999-12-20,Milan,1858.14758301
2000-01-06,Milan,1858.14758301
2000-01-07,Milan,1865.26196289
2000-01-10,Milan,1862.19384766
2000-01-17,Milan,1871.79101562
2000-01-24,Milan,1864.56933594
2000-01-31,Milan,1875.61279297
2000-02-07,Milan,1880.25427246
2000-02-13,Milan,1887.86743164
2000-02-14,Milan,1887.86743164
2000-02-21,Milan,1894.07055664
2000-02-28,Milan,1891.37585449
2000-03-01,Milan,1884.54821777
2000-03-02,Milan,1886.47338867
2000-03-03,Milan,1885.51477051
2000-03-05,Milan,1885.51477051
2000-03-06,Milan,1873.54663086
2000-03-08,Milan,1868.84191895
2000-03-09,Milan,1867.98620605
2000-03-10,Milan,1848.52905273
2000-03-13,Milan,1840.96313477
2000-03-15,Milan,1842.30200195
2000-03-16,Milan,1841.06604004
2000-03-19,Milan,1841.06604004
2000-03-20,Milan,1830.42919922
2000-03-22,Milan,1828.7454834
2000-03-23,Milan,1832.27429199
2000-03-25,Milan,1841.22290039
2000-03-26,Milan,1841.22290039
2000-04-02,Milan,1841.22290039
2000-04-03,Milan,1835.21264648
2000-04-06,Milan,1829.6114502
2000-04-07,Milan,1829.6114502
2000-04-10,Milan,1825.07348633
2000-04-17,Milan,1822.71154785
2000-04-19,Milan,1822.14660645
2000-04-21,Milan,1822.14660645
2000-04-23,Milan,1829.3347168
2000-05-01,Milan,1831.0958252
2000-05-08,Milan,1833.24304199
2000-05-15,Milan,1841.60900879
2000-05-20,Milan,1841.60900879
2000-08-10,Milan,1844.62805176
2000-08-23,Milan,1852.53356934
2000-08-24,Milan,1846.03613281
2000-09-13,Milan,1848.71008301
2000-09-14,Milan,1853.49902344
2000-09-15,Milan,1852.62255859
2000-09-20,Milan,1844.11901855
2000-09-21,Milan,1845.66955566
2000-09-27,Milan,1867.19799805
2000-09-28,Milan,1864.43554688
2000-09-29,Milan,1858.73986816
2000-10-01,Milan,1858.73986816
2000-10-02,Milan,1861.1340332
2000-10-15,Milan,1861.1340332
2000-10-16,Milan,1851.75805664
2000-10-18,Milan,1850.44702148
2000-10-19,Milan,1847.49401855
2000-10-22,Milan,1844.73608398
2000-10-25,Milan,1850.19506836
2000-10-26,Milan,1850.97131348
2000-10-27,Milan,1851.97949219
2000-11-02,Milan,1841.82592773
2000-11-06,Milan,1835.05371094
2000-11-08,Milan,1837.60046387
2000-11-09,Milan,1827.00366211
2000-11-10,Milan,1819.58154297
2000-11-13,Milan,1827.42248535
2000-11-19,Milan,1831.64038086
2000-11-22,Milan,1824.81604004
2000-11-23,Milan,1822.12890625
2000-11-24,Milan,1819.90551758
2000-11-26,Milan,1821.2121582
2000-12-04,Milan,1829.84472656
2000-12-06,Milan,1830.67041016
2000-12-07,Milan,1847.60876465
2000-12-08,Milan,1853.10400391
2000-12-11,Milan,1856.18847656
2000-12-18,Milan,1854.10644531
2000-12-24,Milan,1839.58422852
2001-01-08,Milan,1834.61816406
2001-01-14,Milan,1821.19445801
2001-01-22,Milan,1827.13220215
2001-01-25,Milan,1827.13220215
2001-01-29,Milan,1823.94970703
2001-02-05,Milan,1825.76672363
2001-02-12,Milan,1810.27087402
2001-02-14,Milan,1809.21728516
2001-02-15,Milan,1800.2265625
2001-02-16,Milan,1796.20837402
2001-02-18,Milan,1790.55688477
2001-02-21,Milan,1790.4083252
2001-02-22,Milan,1790.09521484
2001-02-23,Milan,1782.94396973
2001-02-26,Milan,1775.01196289
2001-03-04,Milan,1775.01196289
2001-03-05,Milan,1771.71032715
2001-03-07,Milan,1772.54736328
2001-03-08,Milan,1761.15063477
2001-03-11,Milan,1761.14355469
2001-03-14,Milan,1761.82470703
2001-03-15,Milan,1762.68286133
2001-03-16,Milan,1762.68286133
2001-03-18,Milan,1762.68286133
2001-03-19,Milan,1767.33081055
2001-04-01,Milan,1767.33081055
2001-04-02,Milan,1774.68383789
2001-04-06,Milan,1774.68383789
2001-04-09,Milan,1772.10205078
2001-04-15,Milan,1777.77880859
2001-04-16,Milan,1777.77880859
2001-04-23,Milan,1775.69763184
2001-04-30,Milan,1778.04150391
2001-05-07,Milan,1769.57287598
2001-05-12,Milan,1793.39379883
2001-05-14,Milan,1793.39379883
2001-05-17,Milan,1793.39379883
2001-05-18,Milan,1781.22314453
2001-05-21,Milan,1781.22314453
2001-05-28,Milan,1785.40612793
2001-06-11,Milan,1779.81652832
2001-06-17,Milan,1779.81652832
2001-06-18,Milan,1770.12438965
2001-07-28,Milan,1770.12438965
2001-08-09,Milan,1763.22729492
2001-08-12,Milan,1763.22729492
2001-08-19,Milan,1763.22729492
2001-08-22,Milan,1764.89880371
2001-08-23,Milan,1766.70617676
2001-08-27,Milan,1766.47729492
2001-09-09,Milan,1766.47729492
2001-09-10,Milan,1773.12841797
2001-09-12,Milan,1767.25219727
2001-09-16,Milan,1767.25219727
2001-09-17,Milan,1773.92675781
2001-09-19,Milan,1774.59606934
2001-09-20,Milan,1768.4119873
2001-09-21,Milan,1768.90026855
2001-09-23,Milan,1768.90026855
2001-09-24,Milan,1778.17346191
2001-09-26,Milan,1777.35351562
2001-09-27,Milan,1775.65112305
2001-09-28,Milan,1777.3182373
2001-10-01,Milan,1763.92895508
2001-10-08,Milan,1763.92895508
2001-10-11,Milan,1764.27233887
2001-10-14,Milan,1764.27233887
2001-10-15,Milan,1757.52490234
2001-10-17,Milan,1760.55456543
2001-10-18,Milan,1761.18273926
2001-10-19,Milan,1773.37695312
2001-10-22,Milan,1786.60778809
2001-10-24,Milan,1788.04016113
2001-10-25,Milan,1791.02502441
2001-10-28,Milan,1791.02502441
2001-10-29,Milan,1785.98632812
2001-10-31,Milan,1781.28503418
2001-11-01,Milan,1778.30810547
2001-11-02,Milan,1782.9708252
2001-11-04,Milan,1782.9708252
2001-11-05,Milan,1772.85437012
2001-11-19,Milan,1766.84387207
2001-11-21,Milan,1766.91235352
2001-11-23,Milan,1768.58776855
2001-11-26,Milan,1777.60046387
2001-11-30,Milan,1781.18737793
2001-12-03,Milan,1784.50231934
2001-12-05,Milan,1781.93127441
2001-12-06,Milan,1781.02905273
2001-12-07,Milan,1793.75305176
2001-12-10,Milan,1792.66052246
2001-12-16,Milan,1792.66052246
2001-12-17,Milan,1787.96350098
2001-12-20,Milan,1786.94433594
2001-12-24,Milan,1790.23596191
2001-12-30,Milan,1790.23596191
2002-01-02,Milan,1790.23596191
2002-01-06,Milan,1795.82275391
2002-01-07,Milan,1795.82275391
2002-01-14,Milan,1790.1192627
2002-01-21,Milan,1787.91638184
2002-01-28,Milan,1774.61499023
2002-02-03,Milan,1774.61499023
2002-02-04,Milan,1777.11828613
2002-02-07,Milan,1777.11828613
2002-02-10,Milan,1777.11828613
2002-02-11,Milan,1772.12268066
2002-02-17,Milan,1766.65539551
2002-02-20,Milan,1769.69494629
2002-02-21,Milan,1770.99694824
2002-02-22,Milan,1772.89196777
2002-02-25,Milan,1781.96032715
2002-02-27,Milan,1784.74267578
2002-02-28,Milan,1781.9407959
2002-03-01,Milan,1760.4967041
2002-03-04,Milan,1751.6907959
2002-03-11,Milan,1740.95532227
2002-03-13,Milan,1738.02441406
2002-03-14,Milan,1735.66394043
2002-03-15,Milan,1727.28503418
2002-03-18,Milan,1731.85314941
2002-03-20,Milan,1729.51452637
2002-03-21,Milan,1731.22424316
2002-03-22,Milan,1752.84680176
2002-03-25,Milan,1760.40563965
2002-03-31,Milan,1767.16674805
2002-04-05,Milan,1745.79589844
2002-04-08,Milan,1745.61694336
2002-04-10,Milan,1745.61694336
2002-04-11,Milan,1745.61694336
2002-04-12,Milan,1748.10803223
2002-04-14,Milan,1748.10803223
2002-04-15,Milan,1744.1427002
2002-04-22,Milan,1744.84509277
2002-04-28,Milan,1744.84509277
2002-04-29,Milan,1751.56628418
2002-05-06,Milan,1756.12341309
2002-05-12,Milan,1756.12341309
2002-08-12,Milan,1756.12341309
2002-08-15,Milan,1760.0604248
2002-08-28,Milan,1762.39221191
2002-08-29,Milan,1766.04187012
2002-09-02,Milan,1766.04187012
2002-09-12,Milan,1766.04187012
2002-09-15,Milan,1775.64953613
2002-09-16,Milan,1775.64953613
2002-09-18,Milan,1768.94580078
2002-09-19,Milan,1774.64123535
2002-09-20,Milan,1776.96960449
2002-09-22,Milan,1783.16516113
2002-09-23,Milan,1783.16516113
2002-09-25,Milan,1821.83679199
2002-09-26,Milan,1822.84997559
2002-09-29,Milan,1823.97106934
2002-10-02,Milan,1842.16906738
2002-10-03,Milan,1839.33496094
2002-10-04,Milan,1831.39697266
2002-10-07,Milan,1837.64477539
2002-10-20,Milan,1837.64477539
2002-10-21,Milan,1846.76098633
2002-10-23,Milan,1844.76916504
2002-10-24,Milan,1849.74438477
2002-10-27,Milan,1838.76696777
2002-10-30,Milan,1829.79101562
2002-10-31,Milan,1835.01379395
2002-11-01,Milan,1835.58093262
2002-11-04,Milan,1838.32312012
2002-11-07,Milan,1840.53295898
2002-11-10,Milan,1840.53295898
2002-11-11,Milan,1835.42675781
2002-11-13,Milan,1836.03515625
2002-11-14,Milan,1823.72363281
2002-11-15,Milan,1817.6763916
2002-11-18,Milan,1820.9005127
2002-11-24,Milan,1827.22839355
2002-11-25,Milan,1827.22839355
2002-11-27,Milan,1836.79370117
2002-11-28,Milan,1837.57116699
2002-11-29,Milan,1838.30224609
2002-12-01,Milan,1838.30224609
2002-12-02,Milan,1834.97351074
2002-12-08,Milan,1840.27160645
2002-12-11,Milan,1839.33764648
2002-12-12,Milan,1854.98718262
2002-12-13,Milan,1854.63232422
2002-12-15,Milan,1854.63232422
2002-12-16,Milan,1857.75939941
2002-12-23,Milan,1850.99523926
2003-01-13,Milan,1861.21813965
2003-01-20,Milan,1863.09899902
2003-01-27,Milan,1852.21557617
2003-02-03,Milan,1853.78857422
2003-02-10,Milan,1843.43823242
2003-02-17,Milan,1839.84326172
2003-02-19,Milan,1834.06079102
2003-02-20,Milan,1834.90893555
2003-02-21,Milan,1832.42028809
2003-02-23,Milan,1840.09509277
2003-02-26,Milan,1841.43615723
2003-02-27,Milan,1849.0423584
2003-03-03,Milan,1842.2109375
2003-03-05,Milan,1847.01953125
2003-03-10,Milan,1841.25134277
2003-03-12,Milan,1842.0123291
2003-03-13,Milan,1836.87548828
2003-03-14,Milan,1837.48913574
2003-03-16,Milan,1833.87402344
2003-03-19,Milan,1814.82678223
2003-03-20,Milan,1816.77648926
2003-03-21,Milan,1818.9519043
2003-03-23,Milan,1826.34033203
2003-03-24,Milan,1826.34033203
2003-04-06,Milan,1818.76843262
2003-04-09,Milan,1820.83325195
2003-04-10,Milan,1821.109375
2003-04-11,Milan,1816.67565918
2003-04-13,Milan,1828.0546875
2003-04-14,Milan,1828.0546875
2003-04-20,Milan,1813.02954102
2003-04-23,Milan,1818.90344238
2003-04-24,Milan,1828.5402832
2003-04-25,Milan,1827.47021484
2003-04-27,Milan,1820.65942383
2003-05-04,Milan,1822.94873047
2003-05-07,Milan,1822.24633789
2003-05-08,Milan,1819.97998047
2003-05-11,Milan,1811.04248047
2003-05-14,Milan,1821.38769531
2003-05-15,Milan,1825.83203125
2003-05-18,Milan,1829.77624512
2003-05-22,Milan,1829.77624512
2003-05-25,Milan,1814.14001465
2003-05-29,Milan,1816.39807129
2003-05-30,Milan,1816.39807129
2003-06-01,Milan,1816.39807129
2003-06-23,Milan,1816.39807129
2003-08-13,Milan,1816.39807129
2003-08-14,Milan,1818.13269043
2003-08-28,Milan,1819.90393066
2003-08-29,Milan,1819.90393066
2003-09-01,Milan,1819.90393066
2003-09-02,Milan,1825.51416016
2003-09-14,Milan,1828.12841797
2003-09-17,Milan,1838.26293945
2003-09-18,Milan,1845.53686523
2003-09-22,Milan,1843.33996582
2003-09-25,Milan,1844.86999512
2003-09-29,Milan,1848.10961914
2003-10-01,Milan,1850.95349121
2003-10-02,Milan,1851.55895996
2003-10-06,Milan,1866.99243164
2003-10-16,Milan,1861.80786133
2003-10-19,Milan,1861.80786133
2003-10-20,Milan,1867.19152832
2003-10-22,Milan,1862.15515137
2003-10-23,Milan,1840.99768066
2003-10-27,Milan,1849.44628906
2003-10-31,Milan,1849.44628906
2003-11-02,Milan,1848.8692627
2003-11-05,Milan,1849.64660645
2003-11-06,Milan,1847.52453613
2003-11-07,Milan,1849.85192871
2003-11-10,Milan,1850.60400391
2003-11-24,Milan,1860.53796387
2003-11-26,Milan,1854.52868652
2003-11-27,Milan,1865.32470703
2003-11-28,Milan,1866.54492188
2003-12-01,Milan,1869.23449707
2003-12-03,Milan,1864.57824707
2003-12-07,Milan,1868.02893066
2003-12-10,Milan,1848.67810059
2003-12-11,Milan,1851.18432617
2003-12-14,Milan,1851.18432617
2003-12-22,Milan,1837.31628418
2003-12-27,Milan,1837.31628418
2003-12-29,Milan,1837.31628418
2004-01-07,Milan,1847.98364258
2004-01-12,Milan,1851.09265137
2004-01-19,Milan,1856.99780273
2004-01-26,Milan,1858.88391113
2004-01-29,Milan,1860.76428223
2004-02-02,Milan,1867.71313477
2004-02-09,Milan,1869.30688477
2004-02-16,Milan,1864.12878418
2004-02-22,Milan,1868.125
2004-02-25,Milan,1867.70690918
2004-02-26,Milan,1866.25463867
2004-02-27,Milan,1862.08276367
2004-03-01,Milan,1870.10009766
2004-03-04,Milan,1865.05456543
2004-03-07,Milan,1865.05456543
2004-03-08,Milan,1867.78918457
2004-03-10,Milan,1864.37915039
2004-03-11,Milan,1875.64135742
2004-03-12,Milan,1872.44824219
2004-03-14,Milan,1872.44824219
2004-03-15,Milan,1886.61950684
2004-03-21,Milan,1889.76843262
2004-03-22,Milan,1889.76843262
2004-03-24,Milan,1907.74377441
2004-03-26,Milan,1909.36279297
2004-03-29,Milan,1901.95532227
2004-04-05,Milan,1895.95446777
2004-04-08,Milan,1861.82958984
2004-04-09,Milan,1860.23974609
2004-04-11,Milan,1861.61352539
2004-04-15,Milan,1857.52148438
2004-04-18,Milan,1861.32055664
2004-04-19,Milan,1861.32055664
2004-04-21,Milan,1861.32055664
2004-04-26,Milan,1858.48474121
2004-05-02,Milan,1858.48474121
2004-05-03,Milan,1863.63146973
2004-05-10,Milan,1851.04284668
2004-05-16,Milan,1851.04284668
2004-05-17,Milan,1854.11608887
2004-08-11,Milan,1852.40246582
2004-08-12,Milan,1853.30212402
2004-08-16,Milan,1853.30212402
2004-08-25,Milan,1856.60778809
2004-08-26,Milan,1858.98706055
2004-09-12,Milan,1850.95568848
2004-09-15,Milan,1861.15686035
2004-09-16,Milan,1856.38476562
2004-09-17,Milan,1853.06506348
2004-09-19,Milan,1853.06506348
2004-09-20,Milan,1858.93481445
2004-09-23,Milan,1843.02050781
2004-09-27,Milan,1850.93884277
2004-09-29,Milan,1849.71350098
2004-09-30,Milan,1860.56958008
2004-10-01,Milan,1860.11022949
2004-10-04,Milan,1862.72680664
2004-10-18,Milan,1866.32531738
2004-10-20,Milan,1865.36657715
2004-10-21,Milan,1884.10876465
2004-10-22,Milan,1882.0045166
2004-10-24,Milan,1882.0045166
2004-10-25,Milan,1877.99890137
2004-10-28,Milan,1880.27478027
2004-10-31,Milan,1884.57678223
2004-11-03,Milan,1878.30212402
2004-11-04,Milan,1880.50170898
2004-11-05,Milan,1879.1496582
2004-11-07,Milan,1879.1496582
2004-11-08,Milan,1873.56420898
2004-11-11,Milan,1869.47875977
2004-11-14,Milan,1869.47875977
2004-11-15,Milan,1870.9498291
2004-11-24,Milan,1869.79748535
2004-11-25,Milan,1875.93737793
2004-11-26,Milan,1871.81140137
2004-11-29,Milan,1876.86242676
2004-12-03,Milan,1875.71936035
2004-12-05,Milan,1880.24609375
2004-12-08,Milan,1880.46765137
2004-12-09,Milan,1874.03417969
2004-12-13,Milan,1877.66259766
2004-12-16,Milan,1877.66259766
2004-12-17,Milan,1879.33630371
2004-12-19,Milan,1881.25927734
2005-01-02,Milan,1881.25927734
2005-01-05,Milan,1881.25927734
2005-01-07,Milan,1884.12719727
2005-01-10,Milan,1879.30126953
2005-01-13,Milan,1879.30126953
2005-01-16,Milan,1879.30126953
2005-01-17,Milan,1883.15283203
2005-01-24,Milan,1869.8338623
2005-01-31,Milan,1854.66955566
2005-02-03,Milan,1861.01062012
2005-02-07,Milan,1863.1854248
2005-02-13,Milan,1863.1854248
2005-02-14,Milan,1867.95837402
2005-02-17,Milan,1867.6920166
2005-02-20,Milan,1869.22302246
2005-02-23,Milan,1868.11291504
2005-02-24,Milan,1884.01037598
2005-02-25,Milan,1891.95959473
2005-02-28,Milan,1900.86999512
2005-03-02,Milan,1900.86999512
2005-03-05,Milan,1900.86999512
2005-03-06,Milan,1903.77563477
2005-03-09,Milan,1912.14233398
2005-03-10,Milan,1917.28405762
2005-03-11,Milan,1918.64038086
2005-03-14,Milan,1920.77819824
2005-03-16,Milan,1923.47839355
2005-03-18,Milan,1927.078125
2005-03-21,Milan,1934.30883789
2005-04-06,Milan,1933.13647461
2005-04-07,Milan,1940.5255127
2005-04-08,Milan,1941.80529785
2005-04-10,Milan,1933.35351562
2005-04-13,Milan,1939.16577148
2005-04-14,Milan,1935.55432129
2005-04-15,Milan,1936.62609863
2005-04-18,Milan,1922.65124512
2005-04-21,Milan,1923.92712402
2005-04-24,Milan,1927.21447754
2005-04-27,Milan,1938.90905762
2005-04-29,Milan,1938.25927734
2005-05-01,Milan,1940.97216797
2005-05-05,Milan,1937.30151367
2005-05-06,Milan,1932.62670898
2005-05-09,Milan,1920.37390137
2005-05-12,Milan,1920.37390137
2005-05-16,Milan,1915.109375
2005-05-21,Milan,1907.43408203
2005-05-26,Milan,1903.8404541
2005-05-30,Milan,1901.33459473
2005-08-11,Milan,1906.9934082
2005-08-24,Milan,1908.34985352
2005-08-25,Milan,1908.13464355
2005-08-29,Milan,1900.61975098
2005-09-11,Milan,1903.00268555
2005-09-14,Milan,1906.84265137
2005-09-15,Milan,1910.6394043
2005-09-16,Milan,1911.34570312
2005-09-19,Milan,1900.37451172
2005-09-20,Milan,1900.37451172
2005-09-22,Milan,1903.38208008
2005-09-26,Milan,1905.84460449
2005-09-28,Milan,1904.95263672
2005-09-29,Milan,1902.42529297
2005-09-30,Milan,1904.65966797
2005-10-02,Milan,1904.65966797
2005-10-03,Milan,1906.04504395
2005-10-16,Milan,1906.04504395
2005-10-17,Milan,1910.58190918
2005-10-19,Milan,1907.50183105
2005-10-20,Milan,1896.0435791
2005-10-21,Milan,1899.88110352
2005-10-24,Milan,1901.89208984
2005-10-27,Milan,1907.16271973
2005-10-30,Milan,1916.03515625
2005-11-02,Milan,1907.29504395
2005-11-03,Milan,1907.73596191
2005-11-04,Milan,1904.86352539
2005-11-06,Milan,1904.86352539
2005-11-07,Milan,1909.62817383
2005-11-20,Milan,1909.62817383
2005-11-21,Milan,1893.22460938
2005-11-23,Milan,1896.74707031
2005-11-24,Milan,1912.66210938
2005-11-25,Milan,1914.24462891
2005-11-27,Milan,1915.30969238
2005-12-01,Milan,1914.24511719
2005-12-02,Milan,1910.27929688
2005-12-04,Milan,1898.3314209
2005-12-07,Milan,1900.578125
2005-12-08,Milan,1899.38830566
2005-12-12,Milan,1892.42163086
2005-12-15,Milan,1894.78674316
2005-12-16,Milan,1894.68798828
2005-12-19,Milan,1897.37060547
2005-12-22,Milan,1906.17126465
2006-01-09,Milan,1907.55102539
2006-01-16,Milan,1896.65368652
2006-01-19,Milan,1897.45629883
2006-01-23,Milan,1904.02807617
2006-01-28,Milan,1904.02807617
2006-01-29,Milan,1897.04882812
2006-02-06,Milan,1893.94421387
2006-02-09,Milan,1895.61767578
2006-02-13,Milan,1901.93408203
2006-02-16,Milan,1909.70983887
2006-02-17,Milan,1908.46411133
2006-02-19,Milan,1909.67858887
2006-02-22,Milan,1914.53637695
2006-02-23,Milan,1914.07531738
2006-02-24,Milan,1917.29541016
2006-02-26,Milan,1917.29541016
2006-02-27,Milan,1923.86010742
2006-03-05,Milan,1925.36120605
2006-03-08,Milan,1927.48352051
2006-03-09,Milan,1944.60388184
2006-03-10,Milan,1944.07067871
2006-03-13,Milan,1947.25244141
2006-03-15,Milan,1947.92236328
2006-03-16,Milan,1946.18383789
2006-03-17,Milan,1938.40368652
2006-03-20,Milan,1945.25524902
2006-03-26,Milan,1948.20141602
2006-03-29,Milan,1944.25439453
2006-03-30,Milan,1947.38366699
2006-04-02,Milan,1932.7434082
2006-04-05,Milan,1945.4263916
2006-04-06,Milan,1943.13806152
2006-04-07,Milan,1943.13806152
2006-04-10,Milan,1945.98913574
2006-04-15,Milan,1950.14575195
2006-04-16,Milan,1950.14575195
2006-04-19,Milan,1938.31787109
2006-04-23,Milan,1942.01721191
2006-04-27,Milan,1941.10534668
2006-05-01,Milan,1942.88806152
2006-05-08,Milan,1946.29675293
2006-05-11,Milan,1946.29675293
2006-05-15,Milan,1948.81884766
2006-08-10,Milan,1945.60351562
2006-08-23,Milan,1947.91564941
2006-08-24,Milan,1946.42077637
2006-09-11,Milan,1948.41906738
2006-09-13,Milan,1948.88220215
2006-09-14,Milan,1950.77197266
2006-09-15,Milan,1954.84277344
2006-09-18,Milan,1959.39147949
2006-09-21,Milan,1960.1184082
2006-09-24,Milan,1954.32580566
2006-09-27,Milan,1951.65014648
2006-09-28,Milan,1945.33239746
2006-09-29,Milan,1950.74731445
2006-10-02,Milan,1942.41271973
2006-10-15,Milan,1936.55541992
2006-10-18,Milan,1941.75256348
2006-10-19,Milan,1945.19555664
2006-10-20,Milan,1946.44116211
2006-10-23,Milan,1925.20593262
2006-10-26,Milan,1928.24865723
2006-10-29,Milan,1915.66369629
2006-11-01,Milan,1915.50524902
2006-11-02,Milan,1918.86315918
2006-11-03,Milan,1915.2734375
2006-11-06,Milan,1896.02429199
2006-11-12,Milan,1883.37609863
2006-11-19,Milan,1878.83337402
2006-11-22,Milan,1863.16784668
2006-11-23,Milan,1861.5982666
2006-11-24,Milan,1859.1237793
2006-11-26,Milan,1860.50598145
2006-11-27,Milan,1860.50598145
2006-11-30,Milan,1863.13366699
2006-12-01,Milan,1863.13366699
2006-12-03,Milan,1863.13366699
2006-12-04,Milan,1858.8548584
2006-12-06,Milan,1861.56335449
2006-12-07,Milan,1837.56420898
2006-12-11,Milan,1830.33081055
2006-12-14,Milan,1830.05737305
2006-12-15,Milan,1829.95251465
2006-12-16,Milan,1829.95251465
2006-12-17,Milan,1829.78771973
2006-12-21,Milan,1833.45947266
2006-12-24,Milan,1843.05664062
2007-01-15,Milan,1845.78186035
2007-01-22,Milan,1844.7635498
2007-01-29,Milan,1846.54785156
2007-02-12,Milan,1848.50012207
2007-02-15,Milan,1846.74743652
2007-02-16,Milan,1845.30151367
2007-02-18,Milan,1849.7175293
2007-02-21,Milan,1849.71154785
2007-02-22,Milan,1847.70275879
2007-02-23,Milan,1843.71289062
2007-02-26,Milan,1845.88427734
2007-03-01,Milan,1843.4901123
2007-03-04,Milan,1846.15795898
2007-03-07,Milan,1852.97302246
2007-03-08,Milan,1859.18164062
2007-03-11,Milan,1859.18164062
2007-03-12,Milan,1853.81018066
2007-03-19,Milan,1855.66467285
2007-04-01,Milan,1857.11474609
2007-04-04,Milan,1849.46191406
2007-04-05,Milan,1850.78515625
2007-04-08,Milan,1854.16467285
2007-04-11,Milan,1848.98876953
2007-04-12,Milan,1875.34301758
2007-04-16,Milan,1878.88427734
2007-04-19,Milan,1883.34643555
2007-04-22,Milan,1885.37878418
2007-04-25,Milan,1884.66784668
2007-04-29,Milan,1887.93505859
2007-05-03,Milan,1916.55700684
2007-05-04,Milan,1916.55700684
2007-05-07,Milan,1910.93676758
2007-05-14,Milan,1904.49487305
2007-05-20,Milan,1889.21191406
2007-05-24,Milan,1900.36254883
2007-05-28,Milan,1882.94873047
2007-06-10,Milan,1882.94873047
2007-08-12,Milan,1882.94873047
2007-08-15,Milan,1881.03479004
2007-08-17,Milan,1880.83935547
2007-08-27,Milan,1886.75256348
2007-08-29,Milan,1891.47167969
2007-08-31,Milan,1886.51330566
2007-09-02,Milan,1886.51330566
2007-09-04,Milan,1882.03271484
2007-09-16,Milan,1876.38208008
2007-09-19,Milan,1880.98950195
2007-09-20,Milan,1878.67492676
2007-09-21,Milan,1879.15393066
2007-09-23,Milan,1871.78234863
2007-09-24,Milan,1871.78234863
2007-09-27,Milan,1860.75952148
2007-10-01,Milan,1852.95910645
2007-10-03,Milan,1853.39733887
2007-10-04,Milan,1839.67358398
2007-10-05,Milan,1824.40563965
2007-10-08,Milan,1840.1965332
2007-10-22,Milan,1825.21887207
2007-10-24,Milan,1828.43615723
2007-10-25,Milan,1834.79736328
2007-10-26,Milan,1836.55187988
2007-10-29,Milan,1825.8416748
2007-11-01,Milan,1836.15319824
2007-11-04,Milan,1828.93664551
2007-11-07,Milan,1848.85766602
2007-11-08,Milan,1849.86181641
2007-11-09,Milan,1850.53295898
2007-11-26,Milan,1853.98852539
2007-11-28,Milan,1858.47460938
2007-11-29,Milan,1854.74621582
2007-11-30,Milan,1854.44055176
2007-12-02,Milan,1851.33898926
2007-12-05,Milan,1854.46875
2007-12-12,Milan,1853.60864258
2007-12-13,Milan,1855.6072998
2007-12-17,Milan,1855.6072998
2007-12-21,Milan,1856.24560547
2007-12-24,Milan,1852.02087402
2008-01-06,Milan,1852.02087402
2008-01-14,Milan,1855.70397949
2008-01-21,Milan,1861.19335938
2008-01-24,Milan,1849.90759277
2008-01-28,Milan,1852.66723633
2008-01-31,Milan,1857.44128418
2008-02-04,Milan,1866.16101074
2008-02-11,Milan,1867.93200684
2008-02-14,Milan,1860.35437012
2008-02-15,Milan,1861.20141602
2008-02-17,Milan,1856.75744629
2008-02-20,Milan,1853.94360352
2008-02-21,Milan,1858.0892334
2008-02-22,Milan,1858.49597168
2008-02-25,Milan,1860.70422363
2008-02-26,Milan,1860.70422363
2008-02-28,Milan,1855.67651367
2008-03-02,Milan,1849.45202637
2008-03-05,Milan,1832.09765625
2008-03-06,Milan,1838.11157227
2008-03-07,Milan,1842.30957031
2008-03-10,Milan,1848.82409668
2008-03-12,Milan,1845.94287109
2008-03-13,Milan,1842.67834473
2008-03-16,Milan,1837.4362793
2008-03-20,Milan,1823.26074219
2008-03-23,Milan,1828.77050781
2008-03-30,Milan,1828.77050781
2008-03-31,Milan,1814.30859375
2008-04-02,Milan,1811.92700195
2008-04-04,Milan,1814.9609375
2008-04-06,Milan,1817.70507812
2008-04-10,Milan,1817.32543945
2008-04-11,Milan,1819.84753418
2008-04-13,Milan,1813.99804688
2008-04-21,Milan,1818.52709961
2008-04-25,Milan,1818.89050293
2008-04-28,Milan,1826.95202637
2008-05-02,Milan,1825.84191895
2008-05-04,Milan,1825.84191895
2008-05-05,Milan,1833.81884766
2008-05-12,Milan,1818.23449707
2008-05-19,Milan,1823.23901367
2008-08-13,Milan,1824.90905762
2008-08-14,Milan,1825.40795898
2008-08-15,Milan,1825.57116699
2008-08-27,Milan,1825.59716797
2008-08-28,Milan,1825.76623535
2008-08-29,Milan,1825.85351562
2008-08-31,Milan,1825.85351562
2008-09-01,Milan,1811.10095215
2008-09-14,Milan,1811.10095215
2008-09-15,Milan,1795.64868164
2008-09-17,Milan,1792.69494629
2008-09-18,Milan,1795.27392578
2008-09-19,Milan,1803.81323242
2008-09-21,Milan,1803.81323242
2008-09-22,Milan,1811.41320801
2008-09-25,Milan,1817.01635742
2008-09-29,Milan,1825.5123291
2008-10-01,Milan,1820.89697266
2008-10-02,Milan,1823.02905273
2008-10-03,Milan,1814.9720459
2008-10-06,Milan,1811.17443848
2008-10-19,Milan,1811.17443848
2008-10-20,Milan,1817.02661133
2008-10-22,Milan,1817.13867188
2008-10-23,Milan,1816.79455566
2008-10-24,Milan,1831.7701416
2008-10-27,Milan,1837.9519043
2008-10-30,Milan,1840.51916504
2008-11-03,Milan,1843.6027832
2008-11-05,Milan,1846.83251953
2008-11-06,Milan,1852.23840332
2008-11-07,Milan,1857.4876709
2008-11-10,Milan,1854.45922852
2008-11-17,Milan,1856.28125
2008-11-24,Milan,1852.20068359
2008-11-26,Milan,1848.42163086
2008-11-27,Milan,1845.02160645
2008-11-28,Milan,1843.18554688
2008-12-01,Milan,1828.28527832
2008-12-04,Milan,1825.07958984
2008-12-08,Milan,1827.32458496
2008-12-10,Milan,1825.77307129
2008-12-11,Milan,1824.61621094
2008-12-15,Milan,1817.03540039
2008-12-18,Milan,1810.54162598
2008-12-19,Milan,1809.79663086
2008-12-22,Milan,1815.62268066
2009-01-11,Milan,1815.62268066
2009-01-12,Milan,1818.49438477
2009-01-18,Milan,1823.42871094
2009-01-26,Milan,1832.64880371
2009-01-29,Milan,1826.99584961
2009-02-02,Milan,1838.54040527
2009-02-08,Milan,1831.01013184
2009-02-09,Milan,1831.01013184
2009-02-16,Milan,1826.26965332
2009-02-19,Milan,1825.40405273
2009-02-20,Milan,1822.16015625
2009-02-21,Milan,1822.16015625
2009-02-23,Milan,1825.33032227
2009-02-25,Milan,1823.73217773
2009-02-26,Milan,1822.54663086
2009-02-27,Milan,1801.37963867
2009-03-02,Milan,1791.45776367
2009-03-09,Milan,1796.96569824
2009-03-11,Milan,1795.82788086
2009-03-12,Milan,1795.06628418
2009-03-13,Milan,1799.13256836
2009-03-16,Milan,1811.07409668
2009-03-20,Milan,1811.46691895
2009-03-22,Milan,1811.46691895
2009-03-23,Milan,1808.27270508
2009-04-05,Milan,1808.27270508
2009-04-06,Milan,1811.01416016
2009-04-10,Milan,1808.83203125
2009-04-12,Milan,1814.39257812
2009-04-16,Milan,1814.39257812
2009-04-17,Milan,1813.39819336
2009-04-20,Milan,1817.0690918
2009-04-23,Milan,1817.0690918
2009-04-26,Milan,1817.0690918
2009-04-27,Milan,1822.49047852
2009-05-01,Milan,1822.49047852
2009-05-03,Milan,1822.49047852
2009-05-04,Milan,1829.00854492
2009-05-11,Milan,1826.43249512
2009-05-17,Milan,1817.24267578
2009-05-18,Milan,1817.24267578
2009-05-24,Milan,1817.24267578
2009-05-25,Milan,1805.9987793
2009-05-31,Milan,1805.9987793
2009-06-01,Milan,1818.57055664
2009-07-31,Milan,1819.16723633
2009-08-02,Milan,1819.16723633
2009-08-07,Milan,1820.39257812
2009-08-16,Milan,1820.39257812
2009-08-19,Milan,1821.86645508
2009-08-21,Milan,1827.04602051
2009-08-23,Milan,1832.37536621
2009-08-27,Milan,1833.2689209
2009-08-28,Milan,1834.32617188
2009-08-30,Milan,1815.15893555
2009-09-01,Milan,1815.15893555
2009-09-13,Milan,1811.07202148
2009-09-16,Milan,1823.14343262
2009-09-17,Milan,1821.62780762
2009-09-18,Milan,1812.58740234
2009-09-21,Milan,1814.5793457
2009-09-24,Milan,1806.01745605
2009-09-28,Milan,1799.21960449
2009-09-30,Milan,1803.2322998
2009-10-01,Milan,1784.03369141
2009-10-02,Milan,1787.56054688
2009-10-05,Milan,1784.83398438
2009-10-19,Milan,1790.68969727
2009-10-21,Milan,1790.54797363
2009-10-22,Milan,1807.68103027
2009-10-23,Milan,1807.28393555
2009-10-26,Milan,1813.27258301
2009-10-29,Milan,1810.5057373
2009-11-01,Milan,1814.61328125
2009-11-02,Milan,1814.61328125
2009-11-04,Milan,1815.20458984
2009-11-05,Milan,1818.74804688
2009-11-06,Milan,1820.51306152
2009-11-09,Milan,1826.04833984
2009-11-22,Milan,1826.04833984
2009-11-23,Milan,1829.39648438
2009-11-25,Milan,1829.53051758
2009-11-26,Milan,1822.20397949
2009-11-30,Milan,1828.11169434
2009-12-03,Milan,1824.72058105
2009-12-04,Milan,1825.54553223
2009-12-06,Milan,1831.09777832
2009-12-09,Milan,1817.83862305
2009-12-10,Milan,1823.33129883
2009-12-13,Milan,1823.33129883
2009-12-14,Milan,1804.26904297
2009-12-17,Milan,1805.89501953
2009-12-18,Milan,1798.79016113
2010-01-07,Milan,1805.33410645
2010-01-11,Milan,1822.40429688
2010-01-18,Milan,1825.78479004
2010-01-25,Milan,1819.30187988
2010-02-01,Milan,1811.75378418
2010-02-08,Milan,1808.46032715
2010-02-13,Milan,1811.51171875
2010-02-15,Milan,1811.51171875
2010-02-17,Milan,1803.83789062
2010-02-18,Milan,1803.46044922
2010-02-19,Milan,1804.54418945
2010-02-22,Milan,1813.02844238
2010-02-23,Milan,1813.02844238
2010-02-25,Milan,1823.07629395
2010-02-26,Milan,1816.46252441
2010-03-01,Milan,1819.32531738
2010-03-07,Milan,1820.83764648
2010-03-10,Milan,1820.21655273
2010-03-11,Milan,1810.89916992
2010-03-12,Milan,1814.09973145
2010-03-15,Milan,1816.79541016
2010-03-17,Milan,1821.47363281
2010-03-19,Milan,1814.31152344
2010-03-22,Milan,1808.34179688
2010-03-25,Milan,1797.29064941
2010-03-28,Milan,1797.29064941
2010-03-29,Milan,1790.75219727
2010-04-01,Milan,1791.69921875
2010-04-02,Milan,1791.69921875
2010-04-04,Milan,1797.84240723
2010-04-05,Milan,1797.84240723
2010-04-07,Milan,1799.38244629
2010-04-09,Milan,1799.38244629
2010-04-11,Milan,1799.38244629
2010-04-12,Milan,1793.42871094
2010-04-15,Milan,1793.42871094
2010-04-16,Milan,1793.42871094
2010-04-18,Milan,1793.42871094
2010-04-19,Milan,1784.8145752
2010-04-21,Milan,1789.1270752
2010-04-22,Milan,1789.1270752
2010-04-23,Milan,1789.1270752
2010-04-24,Milan,1789.1270752
2010-04-25,Milan,1778.06335449
2010-04-26,Milan,1778.06335449
2010-04-28,Milan,1778.06335449
2010-04-29,Milan,1779.20227051
2010-05-02,Milan,1783.82397461
2010-05-06,Milan,1783.82397461
2010-05-10,Milan,1774.79455566
2010-05-16,Milan,1782.86413574
2010-05-23,Milan,1786.60595703
2010-07-19,Milan,1786.60595703
2010-07-23,Milan,1786.60595703
2010-07-30,Milan,1786.7010498
2010-08-05,Milan,1786.7010498
2010-08-06,Milan,1786.72192383
2010-08-15,Milan,1786.72192383
2010-08-19,Milan,1784.42053223
2010-08-20,Milan,1786.53771973
2010-08-23,Milan,1786.53771973
2010-08-24,Milan,1786.53771973
2010-08-25,Milan,1786.36315918
2010-08-27,Milan,1787.8092041
2010-08-29,Milan,1787.8092041
2010-08-30,Milan,1792.4206543
2010-09-11,Milan,1792.4206543
2010-09-12,Milan,1774.76904297
2010-09-15,Milan,1773.44189453
2010-09-16,Milan,1781.33691406
2010-09-17,Milan,1774.15222168
2010-09-19,Milan,1768.74743652
2010-09-20,Milan,1768.74743652
2010-09-21,Milan,1768.74743652
2010-09-23,Milan,1767.76782227
2010-09-26,Milan,1771.56567383
2010-09-29,Milan,1775.05908203
2010-09-30,Milan,1777.31494141
2010-10-01,Milan,1778.61962891
2010-10-03,Milan,1785.0703125
2010-10-17,Milan,1789.67260742
2010-10-18,Milan,1789.67260742
2010-10-20,Milan,1777.96582031
2010-10-21,Milan,1779.18359375
2010-10-22,Milan,1770.32824707
2010-10-25,Milan,1770.32824707
2010-10-26,Milan,1778.68591309
2010-10-31,Milan,1766.57446289
2010-11-03,Milan,1762.55053711
2010-11-04,Milan,1769.22875977
2010-11-05,Milan,1762.54211426
2010-11-08,Milan,1768.41870117
2010-11-11,Milan,1774.2043457
2010-11-15,Milan,1786.92468262
2010-11-21,Milan,1790.24267578
2010-11-22,Milan,1790.24267578
2010-11-24,Milan,1809.82067871
2010-11-25,Milan,1810.78405762
2010-11-28,Milan,1810.00646973
2010-12-02,Milan,1805.45849609
2010-12-03,Milan,1803.27697754
2010-12-05,Milan,1806.18115234
2010-12-06,Milan,1806.18115234
2010-12-08,Milan,1801.50158691
2010-12-09,Milan,1776.42138672
2010-12-13,Milan,1786.35217285
2010-12-16,Milan,1788.08422852
2010-12-17,Milan,1782.1262207
2010-12-19,Milan,1770.99536133
2010-12-23,Milan,1770.99536133
2011-01-06,Milan,1770.99536133
2011-01-07,Milan,1777.1907959
2011-01-10,Milan,1771.46130371
2011-01-16,Milan,1771.46130371
2011-01-17,Milan,1767.07592773
2011-01-23,Milan,1767.07592773
2011-01-24,Milan,1769.36364746
2011-01-30,Milan,1777.17333984
2011-02-02,Milan,1771.9375
2011-02-03,Milan,1771.9375
2011-02-05,Milan,1771.9375
2011-02-07,Milan,1769.78210449
2011-02-13,Milan,1774.91235352
2011-02-16,Milan,1765.03686523
2011-02-17,Milan,1762.84460449
2011-02-18,Milan,1762.4576416
2011-02-21,Milan,1768.8215332
2011-02-24,Milan,1766.57763672
2011-02-25,Milan,1764.07043457
2011-03-01,Milan,1772.22229004
2011-03-03,Milan,1772.22229004
2011-03-06,Milan,1779.08154297
2011-03-07,Milan,1779.08154297
2011-03-09,Milan,1777.39929199
2011-03-10,Milan,1775.63647461
2011-03-11,Milan,1775.63647461
2011-03-14,Milan,1767.90319824
2011-03-16,Milan,1773.29431152
2011-03-20,Milan,1763.46337891
2011-04-03,Milan,1777.21618652
2011-04-06,Milan,1770.3795166
2011-04-10,Milan,1770.3795166
2011-04-11,Milan,1777.41394043
2011-04-12,Milan,1777.41394043
2011-04-14,Milan,1776.53369141
2011-04-17,Milan,1780.31555176
2011-04-24,Milan,1784.10900879
2011-04-26,Milan,1784.10900879
2011-05-01,Milan,1784.10900879
2011-05-02,Milan,1786.38378906
2011-05-08,Milan,1786.02404785
2011-05-11,Milan,1786.02404785
2011-05-15,Milan,1790.03796387
2011-05-16,Milan,1790.03796387
2011-05-23,Milan,1789.23474121
2011-06-23,Milan,1789.23474121
2011-07-29,Milan,1786.98510742
2011-08-04,Milan,1786.98510742
2011-08-05,Milan,1785.19958496
2011-08-07,Milan,1785.19958496
2011-08-17,Milan,1784.65942383
2011-08-19,Milan,1783.60742188
2011-08-25,Milan,1781.71203613
2011-08-26,Milan,1775.64367676
2011-09-10,Milan,1770.82141113
2011-09-11,Milan,1770.82141113
2011-09-12,Milan,1770.82141113
2011-09-14,Milan,1781.78637695
2011-09-15,Milan,1779.38330078
2011-09-16,Milan,1779.26733398
2011-09-19,Milan,1766.85144043
2011-09-22,Milan,1763.02709961
2011-09-25,Milan,1764.95251465
2011-09-28,Milan,1772.13781738
2011-09-29,Milan,1776.02648926
2011-09-30,Milan,1773.7878418
2011-10-03,Milan,1760.18469238
2011-10-16,Milan,1765.91003418
2011-10-17,Milan,1765.91003418
2011-10-19,Milan,1771.11560059
2011-10-20,Milan,1774.32763672
2011-10-21,Milan,1777.28967285
2011-10-24,Milan,1780.89038086
2011-10-27,Milan,1785.87487793
2011-10-28,Milan,1785.87487793
2011-10-29,Milan,1785.87487793
2011-10-30,Milan,1792.49206543
2011-11-02,Milan,1785.78771973
2011-11-03,Milan,1787.28771973
2011-11-04,Milan,1784.70263672
2011-11-07,Milan,1790.38720703
2011-11-20,Milan,1787.7869873
2011-11-23,Milan,1791.49658203
2011-11-24,Milan,1786.07800293
2011-11-28,Milan,1791.77697754
2011-12-01,Milan,1792.23876953
2011-12-02,Milan,1791.44335938
2011-12-03,Milan,1798.31311035
2011-12-07,Milan,1793.1394043
2011-12-08,Milan,1794.24353027
2011-12-12,Milan,1789.04968262
2011-12-15,Milan,1792.01855469
2011-12-16,Milan,1789.92529297
2011-12-18,Milan,1792.8684082
2011-12-21,Milan,1798.59936523
2011-12-27,Milan,1798.59936523
2011-12-31,Milan,1798.59936523
2012-01-04,Milan,1798.59936523
2012-01-09,Milan,1805.02331543
2012-01-16,Milan,1794.24902344
2012-01-22,Milan,1794.24902344
2012-01-23,Milan,1798.27905273
2012-01-30,Milan,1802.44958496
2012-02-02,Milan,1789.15429688
2012-02-06,Milan,1785.33642578
2012-02-12,Milan,1792.77368164
2012-02-15,Milan,1792.77368164
2012-02-16,Milan,1819.34191895
2012-02-17,Milan,1814.34228516
2012-02-20,Milan,1818.34875488
2012-02-22,Milan,1822.30456543
2012-02-23,Milan,1821.14306641
2012-02-24,Milan,1826.24230957
2012-02-26,Milan,1822.3125
2012-02-27,Milan,1822.3125
2012-03-03,Milan,1822.3125
2012-03-04,Milan,1831.05310059
2012-03-07,Milan,1819.41870117
2012-03-09,Milan,1815.50537109
2012-03-12,Milan,1818.03527832
2012-03-13,Milan,1818.03527832
2012-03-14,Milan,1817.19885254
2012-03-15,Milan,1810.59753418
2012-03-16,Milan,1810.54406738
2012-03-18,Milan,1816.55651855
2012-03-25,Milan,1819.89770508
2012-03-29,Milan,1821.38208008
2012-03-30,Milan,1821.38208008
2012-04-01,Milan,1817.74121094
2012-04-04,Milan,1812.35632324
2012-04-06,Milan,1812.35632324
2012-04-08,Milan,1797.46057129
2012-04-11,Milan,1802.28991699
2012-04-12,Milan,1802.28991699
2012-04-17,Milan,1802.28991699
2012-04-20,Milan,1802.28991699
2012-04-23,Milan,1795.49353027
2012-04-26,Milan,1797.40307617
2012-04-30,Milan,1805.25732422
2012-05-03,Milan,1809.18725586
2012-05-07,Milan,1795.35388184
2012-05-14,Milan,1796.80859375
2012-08-03,Milan,1797.84118652
2012-08-05,Milan,1797.84118652
2012-08-10,Milan,1797.38232422
2012-08-23,Milan,1798.7467041
2012-08-24,Milan,1801.54638672
2012-08-27,Milan,1786.27612305
2012-08-29,Milan,1785.67822266
2012-08-31,Milan,1785.50427246
2012-09-02,Milan,1792.80029297
2012-09-15,Milan,1792.80029297
2012-09-16,Milan,1778.25463867
2012-09-19,Milan,1771.51159668
2012-09-20,Milan,1772.95751953
2012-09-21,Milan,1774.15490723
2012-09-24,Milan,1764.76525879
2012-09-27,Milan,1768.45043945
2012-09-30,Milan,1766.80432129
2012-10-03,Milan,1766.25524902
2012-10-04,Milan,1780.26672363
2012-10-05,Milan,1781.88439941
2012-10-06,Milan,1781.88439941
2012-10-08,Milan,1770.40368652
2012-10-21,Milan,1761.77990723
2012-10-24,Milan,1759.60693359
2012-10-25,Milan,1753.80529785
2012-10-26,Milan,1745.41113281
2012-10-28,Milan,1748.03186035
2012-10-29,Milan,1748.03186035
2012-10-31,Milan,1744.1270752
2012-11-04,Milan,1750.11877441
2012-11-06,Milan,1750.11877441
2012-11-07,Milan,1748.87548828
2012-11-08,Milan,1749.77038574
2012-11-09,Milan,1751.88037109
2012-11-12,Milan,1734.51293945
2012-11-18,Milan,1735.73547363
2012-11-19,Milan,1735.73547363
2012-11-21,Milan,1739.66491699
2012-11-22,Milan,1757.43640137
2012-11-23,Milan,1752.59228516
2012-11-26,Milan,1760.85192871
2012-12-01,Milan,1768.93896484
2012-12-02,Milan,1768.93896484
2012-12-05,Milan,1754.49536133
2012-12-06,Milan,1758.45410156
2012-12-07,Milan,1749.93395996
2012-12-10,Milan,1756.77941895
2012-12-13,Milan,1756.77941895
2012-12-16,Milan,1756.77941895
2012-12-17,Milan,1759.66418457
2012-12-21,Milan,1759.66418457
2012-12-23,Milan,1747.33581543
2013-01-07,Milan,1749.57739258
2013-01-14,Milan,1745.67565918
2013-01-20,Milan,1748.62609863
2013-01-21,Milan,1748.62609863
2013-01-27,Milan,1748.62609863
2013-01-28,Milan,1753.82763672
2013-02-04,Milan,1757.83618164
2013-02-11,Milan,1754.11657715
2013-02-13,Milan,1756.55761719
2013-02-15,Milan,1753.96923828
2013-02-16,Milan,1757.55737305
2013-02-20,Milan,1757.55737305
2013-02-21,Milan,1774.30895996
2013-02-22,Milan,1779.68225098
2013-02-25,Milan,1779.09436035
2013-03-03,Milan,1786.88879395
2013-03-04,Milan,1786.88879395
2013-03-06,Milan,1786.88879395
2013-03-07,Milan,1787.15759277
2013-03-08,Milan,1789.23034668
2013-03-09,Milan,1794.60461426
2013-03-10,Milan,1794.60461426
2013-03-11,Milan,1794.60461426
2013-03-13,Milan,1775.12023926
2013-03-14,Milan,1775.12023926
2013-03-15,Milan,1779.10375977
2013-03-18,Milan,1781.79956055
2013-03-31,Milan,1786.63220215
2013-04-03,Milan,1784.64355469
2013-04-05,Milan,1781.18774414
2013-04-08,Milan,1779.64672852
2013-04-11,Milan,1778.28161621
2013-04-12,Milan,1777.07397461
2013-04-15,Milan,1773.37817383
2013-04-22,Milan,1768.24719238
2013-04-25,Milan,1768.24719238
2013-04-28,Milan,1768.24719238
2013-04-29,Milan,1773.19421387
2013-05-02,Milan,1773.19421387
2013-05-06,Milan,1775.49401855
2013-05-09,Milan,1779.80993652
2013-05-13,Milan,1774.98901367
2013-05-20,Milan,1778.6619873
2013-08-02,Milan,1778.92541504
2013-08-09,Milan,1779.06103516
2013-08-18,Milan,1779.06103516
2013-08-21,Milan,1780.93969727
2013-08-23,Milan,1775.75024414
2013-08-25,Milan,1762.98278809
2013-08-28,Milan,1762.98278809
2013-08-29,Milan,1776.15673828
2013-08-30,Milan,1774.87390137
2013-09-02,Milan,1779.13330078
2013-09-15,Milan,1774.35888672
2013-09-18,Milan,1772.08886719
2013-09-19,Milan,1781.47351074
2013-09-20,Milan,1784.33911133
2013-09-23,Milan,1774.30786133
2013-09-26,Milan,1770.50292969
2013-09-29,Milan,1772.66015625
2013-10-02,Milan,1769.99072266
2013-10-03,Milan,1768.1270752
2013-10-04,Milan,1770.40344238
2013-10-05,Milan,1770.40344238
2013-10-07,Milan,1765.24072266
2013-10-19,Milan,1765.24072266
2013-10-20,Milan,1769.58544922
2013-10-23,Milan,1779.80480957
2013-10-24,Milan,1778.91918945
2013-10-25,Milan,1778.79223633
2013-10-28,Milan,1768.14660645
2013-10-31,Milan,1763.9309082
2013-11-03,Milan,1749.21484375
2013-11-06,Milan,1750.45739746
2013-11-07,Milan,1749.07873535
2013-11-08,Milan,1751.21520996
2013-11-11,Milan,1747.35852051
2013-11-24,Milan,1741.64746094
2013-11-25,Milan,1741.64746094
2013-11-27,Milan,1754.37304688
2013-11-28,Milan,1755.03588867
2013-11-29,Milan,1755.58166504
2013-12-02,Milan,1763.13085938
2013-12-08,Milan,1758.15075684
2013-12-12,Milan,1754.68823242
2013-12-13,Milan,1754.69799805
2013-12-15,Milan,1754.69799805
2013-12-17,Milan,1752.77355957
2013-12-23,Milan,1744.45129395
2014-01-07,Milan,1749.36914062
2014-01-13,Milan,1737.09301758
2014-01-20,Milan,1740.71203613
2014-01-27,Milan,1746.45361328
2014-02-02,Milan,1741.59716797
2014-02-09,Milan,1733.33630371
2014-02-15,Milan,1736.49658203
2014-02-20,Milan,1732.16662598
2014-02-21,Milan,1729.92675781
2014-02-24,Milan,1738.05273438
2014-02-26,Milan,1738.05273438
2014-02-28,Milan,1739.83581543
2014-03-03,Milan,1731.43286133
2014-03-09,Milan,1721.59667969
2014-03-10,Milan,1721.59667969
2014-03-12,Milan,1715.68664551
2014-03-14,Milan,1713.75170898
2014-03-15,Milan,1713.75170898
2014-03-16,Milan,1713.75170898
2014-03-17,Milan,1698.75769043
2014-03-20,Milan,1698.75769043
2014-03-21,Milan,1697.05517578
2014-03-23,Milan,1697.05517578
2014-03-24,Milan,1697.41711426
2014-03-25,Milan,1697.41711426
2014-03-26,Milan,1697.41711426
2014-03-27,Milan,1712.04553223
2014-03-28,Milan,1712.04553223
2014-03-30,Milan,1717.95629883
2014-03-31,Milan,1717.95629883
2014-04-04,Milan,1719.11950684
2014-04-06,Milan,1719.11950684
2014-04-07,Milan,1719.11950684
2014-04-08,Milan,1725.31982422
2014-04-11,Milan,1726.06616211
2014-04-14,Milan,1728.61987305
2014-04-20,Milan,1732.08032227
2014-04-25,Milan,1730.50720215
2014-04-26,Milan,1723.31872559
2014-04-27,Milan,1723.31872559
2014-04-30,Milan,1723.31872559
2014-05-02,Milan,1720.79663086
2014-05-03,Milan,1720.79663086
2014-05-04,Milan,1720.79663086
2014-05-05,Milan,1726.60522461
2014-05-07,Milan,1726.60522461
2014-05-12,Milan,1716.22045898
2014-05-16,Milan,1716.22045898
2014-05-19,Milan,1719.10864258
2014-07-26,Milan,1719.10864258
2014-07-31,Milan,1719.10864258
2014-08-01,Milan,1719.5246582
2014-08-03,Milan,1719.5246582
2014-08-08,Milan,1719.73937988
2014-08-10,Milan,1719.73937988
2014-08-16,Milan,1719.73937988
2014-08-18,Milan,1719.73937988
2014-08-20,Milan,1719.20458984
2014-08-22,Milan,1718.74072266
2014-08-28,Milan,1714.98974609
2014-08-29,Milan,1716.58557129
2014-08-31,Milan,1716.58557129
2014-09-01,Milan,1723.58068848
2014-09-14,Milan,1723.58068848
2014-09-15,Milan,1731.03405762
2014-09-17,Milan,1731.67834473
2014-09-18,Milan,1735.39709473
2014-09-19,Milan,1742.28320312
2014-09-21,Milan,1736.95361328
2014-09-24,Milan,1732.19140625
2014-09-29,Milan,1726.83972168
2014-10-01,Milan,1728.70581055
2014-10-02,Milan,1726.73791504
2014-10-03,Milan,1731.8572998
2014-10-05,Milan,1736.2755127
2014-10-19,Milan,1736.2755127
2014-10-20,Milan,1745.36682129
2014-10-21,Milan,1745.36682129
2014-10-22,Milan,1741.61730957
2014-10-23,Milan,1737.44641113
2014-10-24,Milan,1733.82397461
2014-10-27,Milan,1731.72802734
2014-10-30,Milan,1728.99645996
2014-11-02,Milan,1728.99645996
2014-11-03,Milan,1709.52246094
2014-11-05,Milan,1710.48303223
2014-11-06,Milan,1709.75769043
2014-11-07,Milan,1704.88623047
2014-11-08,Milan,1704.88623047
2014-11-09,Milan,1703.94848633
2014-11-23,Milan,1703.94848633
2014-11-24,Milan,1700.86633301
2014-11-25,Milan,1700.86633301
2014-11-26,Milan,1700.93395996
2014-11-27,Milan,1702.21533203
2014-11-28,Milan,1705.09692383
2014-11-29,Milan,1705.09692383
2014-11-30,Milan,1705.09692383
2014-12-01,Milan,1711.20227051
2014-12-07,Milan,1711.20227051
2014-12-08,Milan,1702.3659668
2014-12-10,Milan,1702.16711426
2014-12-11,Milan,1699.37756348
2014-12-12,Milan,1698.08728027
2014-12-15,Milan,1709.34362793
2014-12-21,Milan,1712.78088379
2014-12-22,Milan,1712.78088379
2014-12-27,Milan,1712.78088379
2015-01-07,Milan,1699.54516602
2015-01-11,Milan,1698.79638672
2015-01-12,Milan,1698.79638672
2015-01-19,Milan,1685.83447266
2015-01-25,Milan,1676.15588379
2015-01-26,Milan,1676.15588379
2015-01-31,Milan,1676.15588379
2015-02-01,Milan,1676.15588379
2015-02-02,Milan,1681.20678711
2015-02-08,Milan,1677.69152832
2015-02-09,Milan,1677.69152832
2015-02-12,Milan,1677.69152832
2015-02-16,Milan,1672.32714844
2015-02-19,Milan,1672.32714844
2015-02-20,Milan,1675.41308594
2015-02-22,Milan,1675.41308594
2015-02-23,Milan,1678.71984863
2015-02-25,Milan,1679.63916016
2015-02-27,Milan,1694.94934082
2015-03-01,Milan,1692.89807129
2015-03-02,Milan,1692.89807129
2015-03-07,Milan,1692.89807129
2015-03-08,Milan,1688.34179688
2015-03-09,Milan,1688.34179688
2015-03-10,Milan,1688.34179688
2015-03-11,Milan,1688.34179688
2015-03-13,Milan,1687.07800293
2015-03-15,Milan,1687.07800293
2015-03-16,Milan,1687.07800293
2015-03-17,Milan,1681.94470215
2015-03-18,Milan,1681.94470215
2015-03-19,Milan,1685.98376465
2015-03-20,Milan,1686.79797363
2015-03-22,Milan,1691.67614746
2015-04-04,Milan,1691.67614746
2015-04-05,Milan,1699.34436035
2015-04-06,Milan,1699.34436035
2015-04-09,Milan,1699.34436035
2015-04-13,Milan,1696.47961426
2015-04-15,Milan,1697.67834473
2015-04-17,Milan,1705.91760254
2015-04-19,Milan,1705.91760254
2015-04-20,Milan,1707.45007324
2015-04-23,Milan,1708.06237793
2015-04-24,Milan,1711.86560059
2015-04-26,Milan,1702.91760254
2015-04-28,Milan,1702.91760254
2015-04-30,Milan,1686.98828125
2015-05-04,Milan,1680.30566406
2015-05-06,Milan,1682.14355469
2015-05-07,Milan,1682.14355469
2015-05-08,Milan,1678.20483398
2015-05-10,Milan,1686.9173584
2015-05-14,Milan,1690.82128906
2015-05-15,Milan,1685.36303711
2015-05-17,Milan,1685.36303711
2015-05-18,Milan,1676.39599609
2015-05-25,Milan,1687.85961914
2015-05-26,Milan,1687.85961914
2015-05-30,Milan,1687.85961914
2015-05-31,Milan,1698.29943848
2015-06-07,Milan,1696.07287598
2015-06-08,Milan,1696.07287598
2015-07-26,Milan,1696.07287598
2015-07-27,Milan,1696.07287598
2015-07-31,Milan,1683.60559082
2015-08-06,Milan,1683.60559082
2015-08-07,Milan,1684.09143066
2015-08-19,Milan,1686.24536133
2015-08-20,Milan,1686.24536133
2015-08-21,Milan,1686.24536133
2015-08-24,Milan,1679.48168945
2015-08-27,Milan,1673.69152832
2015-08-30,Milan,1677.81018066
2015-08-31,Milan,1677.81018066
2015-09-13,Milan,1677.81018066
2015-09-14,Milan,1672.15515137
2015-09-15,Milan,1672.15515137
2015-09-16,Milan,1675.93371582
2015-09-17,Milan,1678.14257812
2015-09-18,Milan,1677.05957031
2015-09-20,Milan,1682.17126465
2015-09-21,Milan,1682.17126465
2015-09-23,Milan,1689.1328125
2015-09-24,Milan,1689.1328125
2015-09-27,Milan,1689.1328125
2015-09-28,Milan,1682.1027832
2015-09-30,Milan,1678.25427246
2015-10-01,Milan,1681.09338379
2015-10-02,Milan,1688.06298828
2015-10-04,Milan,1688.06298828
2015-10-05,Milan,1672.85266113
2015-10-18,Milan,1675.21765137
2015-10-19,Milan,1675.21765137
2015-10-20,Milan,1675.21765137
2015-10-21,Milan,1676.38293457
2015-10-22,Milan,1674.52844238
2015-10-23,Milan,1672.82763672
2015-10-25,Milan,1672.82763672
2015-10-26,Milan,1677.91931152
2015-10-27,Milan,1677.91931152
2015-10-29,Milan,1682.82043457
2015-11-02,Milan,1698.72937012
2015-11-04,Milan,1698.63952637
2015-11-05,Milan,1700.86572266
2015-11-06,Milan,1706.14416504
2015-11-08,Milan,1701.21679688
2015-11-09,Milan,1701.21679688
2015-11-21,Milan,1701.21679688
2015-11-22,Milan,1698.72692871
2015-11-25,Milan,1697.72741699
2015-11-26,Milan,1699.58618164
2015-11-27,Milan,1703.06201172
2015-11-29,Milan,1710.22229004
2015-12-07,Milan,1707.0201416
2015-12-08,Milan,1707.0201416
2015-12-09,Milan,1704.19885254
2015-12-10,Milan,1702.00671387
2015-12-11,Milan,1703.76733398
2015-12-14,Milan,1697.80090332
2015-12-21,Milan,1704.47302246
2015-12-27,Milan,1704.47302246
2015-12-29,Milan,1704.47302246
2016-01-03,Milan,1704.47302246
2016-01-07,Milan,1690.32897949
2016-01-10,Milan,1694.41479492
2016-01-11,Milan,1694.41479492
2016-01-14,Milan,1694.41479492
2016-01-18,Milan,1705.55712891
2016-01-23,Milan,1705.55712891
2016-01-24,Milan,1706.10253906
2016-01-28,Milan,1706.10253906
2016-02-01,Milan,1717.80664062
2016-02-04,Milan,1727.8840332
2016-02-06,Milan,1727.8840332
2016-02-07,Milan,1727.8840332
2016-02-08,Milan,1722.20996094
2016-02-09,Milan,1722.20996094
2016-02-12,Milan,1722.20996094
2016-02-14,Milan,1722.20996094
2016-02-15,Milan,1726.58666992
2016-02-18,Milan,1725.62121582
2016-02-19,Milan,1723.33557129
2016-02-23,Milan,1728.5357666
2016-02-24,Milan,1727.52160645
2016-02-25,Milan,1727.52160645
2016-02-26,Milan,1723.79321289
2016-02-28,Milan,1728.00646973
2016-03-02,Milan,1728.00646973
2016-03-06,Milan,1728.00646973
2016-03-07,Milan,1716.63830566
2016-03-09,Milan,1716.30688477
2016-03-10,Milan,1716.30688477
2016-03-11,Milan,1717.36975098
2016-03-12,Milan,1717.36975098
2016-03-13,Milan,1717.36975098
2016-03-14,Milan,1716.63183594
2016-03-17,Milan,1713.72497559
2016-03-18,Milan,1706.7175293
2016-03-21,Milan,1703.78405762
2016-04-02,Milan,1703.78405762
2016-04-03,Milan,1703.78405762
2016-04-04,Milan,1693.83239746
2016-04-10,Milan,1689.43151855
2016-04-12,Milan,1689.43151855
2016-04-18,Milan,1696.9432373
2016-04-19,Milan,1696.9432373
2016-04-21,Milan,1696.9432373
2016-04-22,Milan,1690.92919922
2016-04-24,Milan,1690.92919922
2016-04-25,Milan,1690.92919922
2016-04-26,Milan,1680.4185791
2016-04-27,Milan,1680.4185791
2016-04-28,Milan,1680.4185791
2016-04-29,Milan,1680.4185791
2016-04-30,Milan,1680.4185791
2016-05-02,Milan,1673.56323242
2016-05-04,Milan,1673.56323242
2016-05-06,Milan,1673.56323242
2016-05-08,Milan,1680.54443359
2016-05-09,Milan,1680.54443359
2016-05-12,Milan,1680.54443359
2016-05-15,Milan,1670.71691895
2016-05-16,Milan,1670.71691895
2016-06-13,Milan,1670.71691895
2016-06-19,Milan,1670.71691895
2016-07-28,Milan,1670.71691895
2016-07-29,Milan,1671.21228027
2016-08-03,Milan,1671.21228027
2016-08-05,Milan,1674.46643066
2016-08-18,Milan,1675.18762207
2016-08-19,Milan,1677.01831055
2016-08-21,Milan,1677.01831055
2016-08-22,Milan,1682.23657227
2016-08-24,Milan,1672.54711914
2016-08-26,Milan,1672.59326172
2016-08-28,Milan,1667.53894043
2016-09-12,Milan,1654.86328125
2016-09-14,Milan,1657.96533203
2016-09-15,Milan,1656.18969727
2016-09-16,Milan,1653.58459473
2016-09-17,Milan,1661.5802002
2016-09-18,Milan,1661.5802002
2016-09-19,Milan,1661.5802002
2016-09-21,Milan,1670.93041992
2016-09-22,Milan,1670.93041992
2016-09-26,Milan,1673.89941406
2016-09-28,Milan,1676.38659668
2016-09-29,Milan,1679.41174316
2016-09-30,Milan,1672.79992676
2016-10-02,Milan,1672.79992676
2016-10-03,Milan,1679.33435059
2016-10-15,Milan,1679.33435059
2016-10-16,Milan,1679.33435059
2016-10-17,Milan,1692.03601074
2016-10-19,Milan,1693.62841797
2016-10-20,Milan,1689.05358887
2016-10-21,Milan,1692.37536621
2016-10-23,Milan,1704.70202637
2016-10-24,Milan,1704.70202637
2016-10-26,Milan,1690.31335449
2016-10-27,Milan,1690.31335449
2016-10-31,Milan,1692.70910645
2016-11-02,Milan,1692.62121582
2016-11-03,Milan,1690.06555176
2016-11-04,Milan,1690.74633789
2016-11-06,Milan,1690.74633789
2016-11-07,Milan,1696.45141602
2016-11-19,Milan,1696.45141602
2016-11-20,Milan,1696.45141602
2016-11-21,Milan,1693.00354004
2016-11-23,Milan,1697.06054688
2016-11-24,Milan,1695.57653809
2016-11-25,Milan,1688.18151855
2016-11-27,Milan,1699.55224609
2016-11-28,Milan,1699.55224609
2016-11-29,Milan,1699.55224609
2016-12-02,Milan,1699.55224609
2016-12-04,Milan,1699.55224609
2016-12-05,Milan,1701.3470459
2016-12-07,Milan,1705.26147461
2016-12-08,Milan,1705.84350586
2016-12-09,Milan,1707.91003418
2016-12-10,Milan,1701.95056152
2016-12-13,Milan,1697.7565918
2016-12-14,Milan,1697.7565918
2016-12-18,Milan,1693.69677734
2016-12-19,Milan,1693.69677734
2016-12-21,Milan,1693.69677734
2016-12-22,Milan,1693.69677734
2016-12-23,Milan,1693.69677734
2016-12-27,Milan,1693.69677734
2017-01-09,Milan,1696.41967773
2017-01-15,Milan,1696.41967773
2017-01-16,Milan,1696.41967773
2017-01-17,Milan,1697.35510254
2017-01-21,Milan,1697.35510254
2017-01-22,Milan,1689.91870117
2017-01-23,Milan,1689.91870117
2017-01-24,Milan,1689.91870117
2017-01-30,Milan,1680.65734863
2017-02-01,Milan,1680.65734863
2017-02-02,Milan,1680.65734863
2017-02-05,Milan,1680.65734863
2017-02-06,Milan,1667.93371582
2017-02-09,Milan,1675.46313477
2017-02-11,Milan,1675.46313477
2017-02-14,Milan,1678.34094238
2017-02-15,Milan,1678.34094238
2017-02-16,Milan,1677.55065918
2017-02-17,Milan,1687.15466309
2017-02-20,Milan,1693.97753906
2017-02-22,Milan,1693.97753906
2017-02-23,Milan,1696.51123047
2017-02-24,Milan,1688.52526855
2017-02-25,Milan,1688.52526855
2017-02-27,Milan,1696.64013672
2017-02-28,Milan,1696.64013672
2017-03-01,Milan,1696.64013672
2017-03-05,Milan,1702.44824219
2017-03-08,Milan,1701.45007324
2017-03-09,Milan,1701.45007324
2017-03-10,Milan,1697.7878418
2017-03-11,Milan,1695.62719727
2017-03-12,Milan,1695.62719727
2017-03-15,Milan,1696.17614746
2017-03-17,Milan,1694.8104248
2017-03-19,Milan,1698.0657959
2017-03-20,Milan,1698.0657959
2017-04-03,Milan,1692.78027344
2017-04-10,Milan,1696.76391602
2017-04-12,Milan,1703.08129883
2017-04-14,Milan,1703.08129883
2017-04-16,Milan,1705.0123291
2017-04-20,Milan,1706.87390137
2017-04-22,Milan,1706.87390137
2017-04-23,Milan,1706.87390137
2017-04-24,Milan,1692.50280762
2017-04-26,Milan,1692.50280762
2017-04-29,Milan,1692.50280762
2017-04-30,Milan,1692.50280762
2017-05-01,Milan,1688.88269043
2017-05-04,Milan,1692.56958008
2017-05-07,Milan,1692.56958008
2017-05-08,Milan,1680.9699707
2017-05-10,Milan,1681.60327148
2017-05-14,Milan,1684.1817627
2017-05-15,Milan,1684.1817627
2017-05-21,Milan,1684.1817627
2017-05-22,Milan,1690.66894531
2017-05-25,Milan,1690.66894531
2017-05-29,Milan,1681.08081055
2017-06-04,Milan,1677.93432617
2017-07-16,Milan,1677.93432617
2017-07-23,Milan,1677.93432617
2017-07-28,Milan,1680.83178711
2017-08-04,Milan,1683.40307617
2017-08-07,Milan,1683.40307617
2017-08-10,Milan,1683.40307617
2017-08-14,Milan,1683.40307617
2017-08-16,Milan,1683.40307617
2017-08-17,Milan,1684.99804688
2017-08-18,Milan,1688.4934082
2017-08-21,Milan,1698.77783203
2017-08-23,Milan,1700.15039062
2017-08-24,Milan,1700.15039062
2017-08-25,Milan,1700.5769043
2017-08-28,Milan,1703.96691895
2017-09-10,Milan,1703.96691895
2017-09-11,Milan,1693.43371582
2017-09-12,Milan,1693.43371582
2017-09-13,Milan,1691.21398926
2017-09-14,Milan,1688.31054688
2017-09-15,Milan,1714.63989258
2017-09-17,Milan,1714.63989258
2017-09-18,Milan,1717.7869873
2017-09-21,Milan,1721.20324707
2017-09-23,Milan,1721.20324707
2017-09-24,Milan,1721.20324707
2017-09-25,Milan,1708.57543945
2017-09-27,Milan,1709.09057617
2017-09-28,Milan,1710.62426758
2017-09-29,Milan,1716.4609375
2017-10-02,Milan,1707.75732422
2017-10-14,Milan,1707.75732422
2017-10-16,Milan,1702.40270996
2017-10-17,Milan,1702.40270996
2017-10-18,Milan,1700.66027832
2017-10-19,Milan,1702.92175293
2017-10-20,Milan,1699.58203125
2017-10-23,Milan,1693.91638184
2017-10-26,Milan,1707.14245605
2017-10-29,Milan,1701.80541992
2017-11-01,Milan,1704.43164062
2017-11-02,Milan,1699.94946289
2017-11-03,Milan,1697.96630859
2017-11-05,Milan,1697.96630859
2017-11-06,Milan,1708.2052002
2017-11-19,Milan,1705.46508789
2017-11-20,Milan,1705.46508789
2017-11-22,Milan,1707.31054688
2017-11-23,Milan,1704.63867188
2017-11-24,Milan,1714.92541504
2017-11-26,Milan,1714.92541504
2017-11-27,Milan,1711.68945312
2017-12-04,Milan,1706.22705078
2017-12-06,Milan,1707.98022461
2017-12-07,Milan,1703.23828125
2017-12-08,Milan,1681.22753906
2017-12-11,Milan,1685.6418457
2017-12-12,Milan,1685.6418457
2017-12-13,Milan,1685.6418457
2017-12-16,Milan,1685.6418457
2017-12-17,Milan,1685.6418457
2017-12-18,Milan,1665.86645508
2017-12-24,Milan,1655.09814453
2017-12-25,Milan,1655.09814453
2017-12-31,Milan,1657.63928223
2018-01-05,Milan,1657.63928223
2018-01-07,Milan,1661.10742188
2018-01-14,Milan,1661.10742188
2018-01-21,Milan,1661.10742188
2018-01-22,Milan,1668.10913086
2018-01-29,Milan,1677.19445801
2018-02-01,Milan,1677.19445801
2018-02-05,Milan,1677.19909668
2018-02-11,Milan,1687.30175781
2018-02-12,Milan,1687.30175781
2018-02-14,Milan,1685.44250488
2018-02-16,Milan,1689.90686035
2018-02-18,Milan,1689.90686035
2018-02-19,Milan,1695.6842041
2018-02-20,Milan,1695.6842041
2018-02-22,Milan,1694.25854492
2018-02-23,Milan,1700.05810547
2018-02-25,Milan,1700.05810547
2018-02-26,Milan,1717.7265625
2018-03-07,Milan,1717.7265625
2018-03-08,Milan,1722.88183594
2018-03-09,Milan,1707.43273926
2018-03-12,Milan,1713.67285156
2018-03-14,Milan,1717.07543945
2018-03-16,Milan,1718.10839844
2018-03-19,Milan,1721.14245605
2018-04-01,Milan,1718.41943359
2018-04-04,Milan,1712.84631348
2018-04-05,Milan,1710.73657227
2018-04-06,Milan,1713.8560791
2018-04-08,Milan,1713.8560791
2018-04-09,Milan,1708.8145752
2018-04-11,Milan,1715.57958984
2018-04-12,Milan,1717.96484375
2018-04-13,Milan,1711.04675293
2018-04-16,Milan,1713.79516602
2018-04-18,Milan,1713.79516602
2018-04-19,Milan,1714.38330078
2018-04-20,Milan,1714.38330078
2018-04-22,Milan,1698.93762207
2018-04-24,Milan,1698.93762207
2018-04-25,Milan,1695.71008301
2018-04-30,Milan,1702.17028809
2018-05-03,Milan,1703.13806152
2018-05-04,Milan,1703.13806152
2018-05-06,Milan,1706.94628906
2018-05-07,Milan,1706.94628906
2018-05-14,Milan,1709.77600098
2018-05-17,Milan,1709.77600098
2018-05-20,Milan,1709.77600098
2018-05-21,Milan,1722.52709961
2018-07-27,Milan,1721.35766602
2018-08-03,Milan,1722.81201172
2018-08-04,Milan,1722.81201172
2018-08-10,Milan,1723.2401123
2018-08-17,Milan,1723.31213379
2018-08-18,Milan,1723.31213379
2018-08-19,Milan,1723.31213379
2018-08-20,Milan,1723.31213379
2018-08-24,Milan,1721.95959473
2018-08-25,Milan,1721.95959473
2018-08-26,Milan,1718.45898438
2018-08-27,Milan,1718.45898438
2018-08-28,Milan,1718.45898438
2018-08-29,Milan,1718.45898438
2018-08-31,Milan,1717.05712891
2018-09-01,Milan,1726.86474609
2018-09-03,Milan,1726.86474609
2018-09-16,Milan,1726.86474609
2018-09-17,Milan,1723.90698242
2018-09-19,Milan,1726.68249512
2018-09-20,Milan,1728.46020508
2018-09-21,Milan,1730.97961426
2018-09-24,Milan,1728.49768066
2018-09-28,Milan,1726.30541992
2018-09-30,Milan,1726.30541992
2018-10-01,Milan,1739.42700195
2018-10-03,Milan,1741.32849121
2018-10-04,Milan,1747.14819336
2018-10-05,Milan,1748.22753906
2018-10-08,Milan,1751.50476074
2018-10-21,Milan,1751.50476074
2018-10-22,Milan,1745.78918457
2018-10-24,Milan,1750.62304688
2018-10-25,Milan,1750.96472168
2018-10-26,Milan,1739.86889648
2018-10-27,Milan,1739.86889648
2018-10-28,Milan,1739.86889648
2018-10-29,Milan,1744.3112793
2018-11-01,Milan,1747.45007324
2018-11-04,Milan,1747.45007324
2018-11-05,Milan,1752.65734863
2018-11-07,Milan,1753.06652832
2018-11-08,Milan,1750.72070312
2018-11-09,Milan,1754.45410156
2018-11-11,Milan,1754.45410156
2018-11-12,Milan,1748.77368164
2018-11-24,Milan,1748.77368164
2018-11-25,Milan,1748.77368164
2018-11-26,Milan,1751.23022461
2018-11-27,Milan,1751.23022461
2018-11-28,Milan,1748.50463867
2018-11-29,Milan,1748.44543457
2018-11-30,Milan,1743.64025879
2018-12-03,Milan,1746.10949707
2018-12-10,Milan,1742.59362793
2018-12-12,Milan,1739.49780273
2018-12-13,Milan,1731.01647949
2018-12-14,Milan,1710.40002441
2018-12-16,Milan,1710.40002441
2018-12-17,Milan,1710.40002441
2018-12-19,Milan,1706.99584961
2018-12-20,Milan,1706.99584961
2018-12-23,Milan,1696.25354004
2018-12-24,Milan,1696.25354004
2018-12-27,Milan,1692.08215332
2018-12-28,Milan,1692.08215332
2018-12-30,Milan,1695.06799316
2018-12-31,Milan,1695.06799316
2019-01-02,Milan,1695.06799316
2019-01-05,Milan,1695.06799316
2019-01-14,Milan,1695.06799316
2019-01-20,Milan,1695.06799316
2019-01-21,Milan,1695.06799316
2019-01-22,Milan,1703.49645996
2019-01-27,Milan,1705.90856934
2019-01-28,Milan,1705.90856934
2019-02-03,Milan,1705.90856934
2019-02-04,Milan,1709.73120117
2019-02-10,Milan,1709.73120117
2019-02-11,Milan,1714.84851074
2019-02-12,Milan,1714.84851074
2019-02-13,Milan,1716.16638184
2019-02-15,Milan,1715.32946777
2019-02-17,Milan,1729.22924805
2019-02-21,Milan,1723.0760498
2019-02-22,Milan,1724.43701172
2019-02-23,Milan,1729.16430664
2019-02-25,Milan,1729.16430664
2019-03-03,Milan,1732.48388672
2019-03-04,Milan,1732.48388672
2019-03-06,Milan,1732.48388672
2019-03-07,Milan,1727.91809082
2019-03-08,Milan,1732.75500488
2019-03-10,Milan,1736.6427002
2019-03-11,Milan,1736.6427002
2019-03-13,Milan,1744.21655273
2019-03-14,Milan,1744.21655273
2019-03-15,Milan,1738.79785156
2019-03-18,Milan,1729.04443359
2019-03-30,Milan,1729.04443359
2019-03-31,Milan,1720.42871094
2019-04-03,Milan,1714.37988281
2019-04-05,Milan,1714.37988281
2019-04-07,Milan,1712.44873047
2019-04-11,Milan,1712.68200684
2019-04-12,Milan,1709.76818848
2019-04-13,Milan,1709.76818848
2019-04-14,Milan,1715.6517334
2019-04-17,Milan,1709.0880127
2019-04-19,Milan,1707.22460938
2019-04-21,Milan,1703.49987793
2019-04-23,Milan,1703.49987793
2019-04-24,Milan,1703.49987793
2019-04-25,Milan,1703.49987793
2019-04-26,Milan,1703.49987793
2019-04-28,Milan,1703.49987793
2019-04-29,Milan,1693.84143066
2019-05-01,Milan,1693.84143066
2019-05-02,Milan,1693.84143066
2019-05-03,Milan,1693.84143066
2019-05-04,Milan,1693.84143066
2019-05-07,Milan,1697.29968262
2019-05-09,Milan,1697.29968262
2019-05-12,Milan,1704.95202637
2019-05-13,Milan,1704.95202637
2019-05-17,Milan,1704.95202637
2019-05-20,Milan,1707.76281738
2019-05-27,Milan,1713.78881836
2019-07-24,Milan,1713.78881836
2019-07-26,Milan,1714.22839355
2019-08-02,Milan,1714.44665527
2019-08-09,Milan,1716.0291748
2019-08-12,Milan,1716.0291748
2019-08-14,Milan,1716.0291748
2019-08-16,Milan,1716.08422852
2019-08-18,Milan,1716.08422852
2019-08-22,Milan,1716.08422852
2019-08-23,Milan,1712.80615234
2019-08-25,Milan,1712.80615234
2019-08-26,Milan,1702.58068848
2019-08-30,Milan,1701.26977539
2019-08-31,Milan,1701.26977539
2019-09-01,Milan,1703.47253418
2019-09-15,Milan,1703.47253418
2019-09-16,Milan,1707.15551758
2019-09-18,Milan,1711.72338867
2019-09-19,Milan,1707.04626465
2019-09-20,Milan,1705.76086426
2019-09-21,Milan,1705.76086426
2019-09-22,Milan,1692.83789062
2019-09-24,Milan,1692.83789062
2019-09-27,Milan,1685.98339844
2019-09-28,Milan,1685.98339844
2019-09-30,Milan,1669.05505371
2019-10-02,Milan,1667.73474121
2019-10-03,Milan,1665.96972656
2019-10-04,Milan,1666.81445312
2019-10-06,Milan,1672.88647461
2019-10-07,Milan,1672.88647461
2019-10-21,Milan,1666.36450195
2019-10-23,Milan,1666.04675293
2019-10-24,Milan,1673.19836426
2019-10-25,Milan,1669.39050293
2019-10-26,Milan,1669.39050293
2019-10-28,Milan,1664.32092285
2019-11-01,Milan,1667.77734375
2019-11-03,Milan,1667.77734375
2019-11-04,Milan,1658.37683105
2019-11-06,Milan,1655.74523926
2019-11-07,Milan,1658.98144531
2019-11-08,Milan,1652.82080078
2019-11-11,Milan,1650.66455078
2019-11-24,Milan,1652.59838867
2019-11-26,Milan,1652.59838867
2019-11-27,Milan,1657.40026855
2019-11-28,Milan,1663.64282227
2019-11-29,Milan,1668.47143555
2019-12-02,Milan,1675.37536621
2019-12-06,Milan,1675.37536621
2019-12-08,Milan,1675.37536621
2019-12-09,Milan,1682.85522461
2019-12-11,Milan,1682.60070801
2019-12-12,Milan,1691.96044922
2019-12-13,Milan,1684.96777344
2019-12-14,Milan,1684.96777344
2019-12-15,Milan,1684.96777344
2019-12-16,Milan,1680.31665039
2019-12-18,Milan,1680.31665039
2019-12-21,Milan,1680.31665039
2019-12-23,Milan,1670.25756836
2019-12-27,Milan,1670.25756836
2020-01-07,Milan,1665.92687988
2020-01-12,Milan,1677.39953613
2020-01-13,Milan,1677.39953613
2020-01-19,Milan,1677.39953613
2020-01-20,Milan,1681.63549805
2020-01-23,Milan,1681.63549805
2020-01-25,Milan,1686.0793457
2020-01-28,Milan,1686.0793457
2020-02-02,Milan,1686.0793457
2020-02-03,Milan,1680.37548828
2020-02-06,Milan,1680.37548828
2020-02-08,Milan,1680.37548828
2020-02-09,Milan,1680.37548828
2020-02-10,Milan,1674.56726074
2020-02-15,Milan,1674.56726074
2020-02-16,Milan,1674.56726074
2020-02-18,Milan,1679.73779297
2020-02-19,Milan,1679.73779297
2020-02-20,Milan,1685.05175781
2020-02-21,Milan,1687.69836426
2020-02-23,Milan,1687.32080078
2020-02-24,Milan,1687.32080078
2020-02-26,Milan,1687.38354492
2020-02-27,Milan,1684.99230957
2020-02-28,Milan,1686.44885254
2020-03-01,Milan,1686.44885254
2020-03-08,Milan,1686.44885254
2020-03-09,Milan,1673.65783691
2020-03-11,Milan,1675.45288086
2020-03-12,Milan,1675.45288086
2020-03-13,Milan,1675.45288086
2020-05-25,Milan,1675.45288086
2020-06-04,Milan,1675.45288086
2020-06-14,Milan,1675.45288086
2020-06-18,Milan,1675.45288086
2020-06-20,Milan,1675.45288086
2020-06-22,Milan,1675.45288086
2020-06-23,Milan,1684.33129883
2020-06-26,Milan,1684.33129883
2020-06-28,Milan,1684.33129883
2020-06-29,Milan,1696.05395508
2020-07-01,Milan,1696.05395508
2020-07-02,Milan,1692.01867676
2020-07-05,Milan,1711.45410156
2020-07-08,Milan,1728.70690918
2020-07-09,Milan,1728.70690918
2020-07-11,Milan,1728.70690918
2020-07-13,Milan,1731.50170898
2020-07-14,Milan,1731.50170898
2020-07-16,Milan,1736.21032715
2020-07-19,Milan,1743.83776855
2020-07-20,Milan,1743.83776855
2020-07-22,Milan,1750.69946289
2020-07-25,Milan,1751.86083984
2020-07-26,Milan,1751.86083984
2020-07-30,Milan,1761.18383789
2020-08-02,Milan,1766.53405762
2020-08-06,Milan,1769.82568359
2020-08-07,Milan,1766.56982422
2020-08-08,Milan,1764.12780762
2020-08-09,Milan,1762.44470215
2020-08-11,Milan,1765.06140137
2020-08-13,Milan,1762.94226074
2020-08-15,Milan,1762.94226074
2020-08-16,Milan,1762.94226074
2020-08-18,Milan,1768.48193359
2020-08-22,Milan,1765.53979492
2020-08-24,Milan,1765.53979492
2020-08-27,Milan,1765.53979492
2020-09-14,Milan,1765.53979492
2020-09-18,Milan,1766.64831543
2020-09-20,Milan,1766.64831543
2020-09-21,Milan,1766.64831543
2020-09-22,Milan,1770.86791992
2020-09-23,Milan,1770.86791992
2020-09-24,Milan,1770.86791992
2020-09-25,Milan,1773.28503418
2020-09-28,Milan,1777.50463867
2020-10-02,Milan,1770.98156738
2020-10-05,Milan,1773.78869629
2020-10-18,Milan,1784.69848633
2020-10-19,Milan,1784.69848633
2020-10-21,Milan,1792.13330078
2020-10-22,Milan,1793.39172363
2020-10-23,Milan,1801.35083008
2020-10-27,Milan,1799.10229492
2020-10-28,Milan,1797.86254883
2020-10-29,Milan,1794.24475098
2020-10-30,Milan,1798.71557617
2020-11-02,Milan,1802.5357666
2020-11-04,Milan,1797.0057373
2020-11-05,Milan,1799.0736084
2020-11-06,Milan,1774.38195801
2020-11-09,Milan,1768.19592285
2020-11-22,Milan,1768.19592285
2020-11-23,Milan,1781.18676758
2020-11-25,Milan,1784.32592773
2020-11-26,Milan,1787.67871094
2020-11-27,Milan,1790.09851074
2020-11-30,Milan,1795.01916504
2020-12-02,Milan,1795.82971191
2020-12-03,Milan,1798.87133789
2020-12-04,Milan,1804.22338867
2020-12-07,Milan,1808.40014648
2020-12-09,Milan,1813.65332031
2020-12-10,Milan,1815.08361816
2020-12-11,Milan,1811.55566406
2020-12-14,Milan,1805.13842773
2020-12-17,Milan,1799.30651855
2020-12-20,Milan,1799.30651855
2020-12-21,Milan,1805.08813477
2020-12-24,Milan,1810.53186035
2021-01-04,Milan,1815.46875
2021-01-07,Milan,1804.75134277
2021-01-09,Milan,1804.75134277
2021-01-10,Milan,1808.55554199
2021-01-16,Milan,1808.55554199
2021-01-17,Milan,1808.55554199
2021-01-19,Milan,1813.28063965
2021-01-23,Milan,1813.28063965
2021-01-24,Milan,1798.82568359
2021-01-31,Milan,1802.7635498
2021-02-05,Milan,1802.7635498
2021-02-07,Milan,1802.7635498
2021-02-08,Milan,1806.01123047
2021-02-14,Milan,1786.13586426
2021-02-15,Milan,1786.13586426
2021-02-18,Milan,1784.19836426
2021-02-19,Milan,1784.578125
2021-02-22,Milan,1773.02832031
2021-02-24,Milan,1771.89013672
2021-02-25,Milan,1770.00683594
2021-02-26,Milan,1775.80114746
2021-03-01,Milan,1784.54858398
2021-03-04,Milan,1779.09057617
2021-03-05,Milan,1779.09057617
2021-03-07,Milan,1779.09057617
2021-03-08,Milan,1786.13110352
2021-03-09,Milan,1786.13110352
2021-03-10,Milan,1784.75537109
2021-03-12,Milan,1793.37988281
2021-03-15,Milan,1783.38037109
2021-03-17,Milan,1780.93212891
2021-03-18,Milan,1780.92077637
2021-03-19,Milan,1771.5748291
2021-03-22,Milan,1776.73034668
2021-04-04,Milan,1771.57043457
2021-04-08,Milan,1771.57043457
2021-04-09,Milan,1774.79052734
2021-04-11,Milan,1779.58532715
2021-04-16,Milan,1780.59765625
2021-04-18,Milan,1780.59765625
2021-04-19,Milan,1783.70251465
2021-04-22,Milan,1771.82446289
2021-04-24,Milan,1771.82446289
2021-04-25,Milan,1771.82446289
2021-04-27,Milan,1759.40979004
2021-04-30,Milan,1757.23486328
2021-05-02,Milan,1760.68908691
2021-05-07,Milan,1761.15307617
2021-05-09,Milan,1761.15307617
2021-05-10,Milan,1780.91259766
2021-05-13,Milan,1793.69970703
2021-05-17,Milan,1787.58947754
2021-05-24,Milan,1802.77172852
2021-05-27,Milan,1802.77172852
2021-08-05,Milan,1802.77172852
2021-08-15,Milan,1802.77172852
2021-08-20,Milan,1803.5604248
2021-08-24,Milan,1808.62854004
2021-08-25,Milan,1808.62854004
2021-08-27,Milan,1809.73999023
2021-08-30,Milan,1814.10266113
2021-09-12,Milan,1814.10266113
2021-09-13,Milan,1821.5390625
2021-09-15,Milan,1824.83325195
2021-09-16,Milan,1816.93652344
2021-09-17,Milan,1815.09191895
2021-09-20,Milan,1816.56689453
2021-09-23,Milan,1818.58337402
2021-09-26,Milan,1821.28161621
2021-09-29,Milan,1808.11242676
2021-09-30,Milan,1812.66491699
2021-10-01,Milan,1811.05883789
2021-10-04,Milan,1820.59533691
2021-10-17,Milan,1823.02746582
2021-10-18,Milan,1823.02746582
2021-10-20,Milan,1814.31506348
2021-10-21,Milan,1814.60559082
2021-10-22,Milan,1805.47949219
2021-10-24,Milan,1811.23535156
2021-10-25,Milan,1811.23535156
2021-10-27,Milan,1813.60217285
2021-11-01,Milan,1820.36157227
2021-11-03,Milan,1822.12231445
2021-11-04,Milan,1820.20239258
2021-11-05,Milan,1820.23071289
2021-11-08,Milan,1820.5982666
2021-11-21,Milan,1809.02868652
2021-11-24,Milan,1805.63049316
2021-11-25,Milan,1817.33032227
2021-11-26,Milan,1822.5020752
2021-11-28,Milan,1822.5020752
2021-11-29,Milan,1804.30187988
2021-12-02,Milan,1810.30554199
2021-12-05,Milan,1811.92529297
2021-12-08,Milan,1803.14355469
2021-12-09,Milan,1803.70275879
2021-12-10,Milan,1800.96325684
2021-12-12,Milan,1795.97705078
2021-12-13,Milan,1795.97705078
2021-12-20,Milan,1786.90588379
2021-12-23,Milan,1792.42382812
2021-12-27,Milan,1792.42382812
2022-01-07,Milan,1799.96984863
2022-01-10,Milan,1803.97070312
2022-01-17,Milan,1803.97070312
2022-01-18,Milan,1788.9197998
2022-01-24,Milan,1789.44213867
2022-02-06,Milan,1800.73522949
2022-02-10,Milan,1800.73522949
2022-02-14,Milan,1803.58093262
2022-02-17,Milan,1801.34631348
2022-02-18,Milan,1802.24865723
2022-02-20,Milan,1794.74853516
2022-02-23,Milan,1795.3729248
2022-02-24,Milan,1795.3729248
2022-02-25,Milan,1792.76403809
2022-02-26,Milan,1786.81262207
2022-03-06,Milan,1786.81262207
2022-03-07,Milan,1795.65637207
2022-03-09,Milan,1796.32885742
2022-03-11,Milan,1798.53796387
2022-03-13,Milan,1800.78771973
2022-03-17,Milan,1794.02185059
2022-03-18,Milan,1797.82104492
2022-03-20,Milan,1800.98937988
2022-04-03,Milan,1800.98937988
2022-04-05,Milan,1794.40319824
2022-04-08,Milan,1793.73693848
2022-04-09,Milan,1793.73693848
2022-04-11,Milan,1789.49719238
2022-04-14,Milan,1789.49719238
2022-04-15,Milan,1790.0925293
2022-04-16,Milan,1793.07543945
2022-04-25,Milan,1800.0592041
2022-04-29,Milan,1800.84680176
2022-05-01,Milan,1800.84680176
2022-05-02,Milan,1804.25878906
2022-05-06,Milan,1807.3651123
2022-05-07,Milan,1807.3651123
2022-05-09,Milan,1814.55419922
2022-05-15,Milan,1814.55419922
2022-05-16,Milan,1822.0435791
2022-05-23,Milan,1830.61853027
2022-05-26,Milan,1833.27490234
2022-08-14,Milan,1837.3170166
2022-08-19,Milan,1838.42382812
2022-08-21,Milan,1838.42382812
2022-08-22,Milan,1836.70874023
2022-08-26,Milan,1838.49987793
2022-08-28,Milan,1841.75280762
2022-08-29,Milan,1841.75280762
2022-08-31,Milan,1837.83227539
2022-09-04,Milan,1845.20825195
2022-09-07,Milan,1842.45288086
2022-09-08,Milan,1845.97399902
2022-09-09,Milan,1841.890625
2022-09-11,Milan,1844.85388184
2022-09-14,Milan,1846.94506836
2022-09-15,Milan,1853.70581055
2022-09-16,Milan,1840.81335449
2022-09-19,Milan,1831.40429688
2022-10-02,Milan,1835.38427734
2022-10-05,Milan,1846.25964355
2022-10-06,Milan,1833.72766113
2022-10-07,Milan,1831.6697998
2022-10-09,Milan,1839.13330078
2022-10-10,Milan,1839.13330078
2022-10-12,Milan,1817.38427734
2022-10-13,Milan,1821.27148438
2022-10-14,Milan,1821.58044434
2022-10-17,Milan,1825.22717285
2022-10-20,Milan,1825.22717285
2022-10-23,Milan,1828.12194824
2022-10-26,Milan,1842.28588867
2022-10-27,Milan,1845.02246094
2022-10-28,Milan,1848.37451172
2022-10-30,Milan,1848.37451172
2022-10-31,Milan,1835.61901855
2022-11-02,Milan,1831.98034668
2022-11-03,Milan,1841.85131836
2022-11-04,Milan,1841.65026855
2022-11-06,Milan,1842.9967041
2022-11-07,Milan,1842.9967041
2022-11-09,Milan,1835.62182617
2022-11-10,Milan,1835.62182617
2022-11-13,Milan,1835.62182617
2022-11-14,Milan,1838.63452148
2022-12-31,Milan,1838.63452148
2023-01-05,Milan,1840.89160156
2023-01-08,Milan,1840.89160156
2023-01-09,Milan,1837.0123291
2023-01-15,Milan,1830.97619629
2023-01-16,Milan,1830.97619629
2023-01-22,Milan,1830.97619629
2023-01-24,Milan,1830.97619629
2023-01-25,Milan,1811.00549316
2023-01-30,Milan,1786.96777344
2023-02-05,Milan,1786.96777344
2023-02-06,Milan,1781.05224609
2023-02-11,Milan,1784.92175293
2023-02-12,Milan,1784.92175293
2023-02-13,Milan,1784.92175293
2023-02-15,Milan,1790.71972656
2023-02-17,Milan,1796.02624512
2023-02-19,Milan,1800.11938477
2023-02-20,Milan,1800.11938477
2023-02-22,Milan,1802.07312012
2023-02-23,Milan,1803.4206543
2023-02-24,Milan,1813.9342041
2023-02-27,Milan,1821.81713867
2023-03-05,Milan,1810.96105957
2023-03-08,Milan,1808.00671387
2023-03-09,Milan,1818.4543457
2023-03-10,Milan,1822.84814453
2023-03-12,Milan,1822.84814453
2023-03-14,Milan,1815.56640625
2023-03-15,Milan,1817.51513672
2023-03-16,Milan,1818.6932373
2023-03-17,Milan,1821.73413086
2023-03-19,Milan,1806.34631348
2023-04-02,Milan,1806.34631348
2023-04-03,Milan,1832.20263672
2023-04-05,Milan,1832.20263672
2023-04-08,Milan,1825.61877441
2023-04-10,Milan,1825.61877441
2023-04-12,Milan,1829.51745605
2023-04-13,Milan,1834.45629883
2023-04-14,Milan,1835.93615723
2023-04-16,Milan,1832.8848877
2023-04-19,Milan,1842.30505371
2023-04-20,Milan,1843.15087891
2023-04-21,Milan,1850.28393555
2023-04-24,Milan,1853.13635254
2023-04-30,Milan,1853.10998535
2023-05-01,Milan,1853.10998535
2023-05-04,Milan,1845.1607666
2023-05-07,Milan,1852.8494873
2023-05-11,Milan,1842.12475586
2023-05-12,Milan,1839.57824707
2023-05-14,Milan,1819.60620117
2023-05-15,Milan,1819.60620117
2023-05-17,Milan,1815.46337891
2023-05-19,Milan,1817.79992676
2023-05-21,Milan,1821.1282959
2023-05-23,Milan,1821.1282959
2023-05-29,Milan,1830.36352539
2023-06-01,Milan,1830.19677734
2023-06-05,Milan,1833.56347656
2023-06-08,Milan,1831.08154297
2023-06-11,Milan,1829.89697266
2023-08-13,Milan,1829.89697266
2023-08-18,Milan,1829.89697266
2023-08-20,Milan,1829.89697266
2023-08-22,Milan,1838.38928223
2023-08-25,Milan,1837.12463379
2023-08-27,Milan,1843.45776367
2023-09-01,Milan,1845.29052734
2023-09-02,Milan,1852.79980469
2023-09-17,Milan,1841.38757324
2023-09-20,Milan,1839.66333008
2023-09-21,Milan,1840.53588867
2023-09-22,Milan,1842.24072266
2023-09-24,Milan,1844.75378418
2023-09-25,Milan,1844.75378418
2023-09-28,Milan,1849.06884766
2023-09-29,Milan,1849.06884766
2023-10-01,Milan,1856.02355957
2023-10-04,Milan,1854.0637207
2023-10-05,Milan,1858.75634766
2023-10-06,Milan,1859.97497559
2023-10-08,Milan,1863.66259766
2023-10-23,Milan,1853.14990234
2023-10-25,Milan,1855.39160156
2023-10-26,Milan,1836.52709961
2023-10-27,Milan,1837.67443848
2023-10-30,Milan,1840.0456543
2023-11-05,Milan,1826.07507324
2023-11-06,Milan,1826.07507324
2023-11-08,Milan,1837.03234863
2023-11-09,Milan,1836.19396973
2023-11-10,Milan,1833.03039551
2023-11-12,Milan,1827.9666748
2023-11-26,Milan,1833.22045898
2023-11-27,Milan,1833.22045898
2023-11-29,Milan,1816.98339844
2023-11-30,Milan,1814.625
2023-12-01,Milan,1813.14916992
2023-12-03,Milan,1817.24633789
2023-12-10,Milan,1808.34521484
2023-12-13,Milan,1808.1015625
2023-12-14,Milan,1821.03979492
2023-12-15,Milan,1822.81591797
2023-12-18,Milan,1828.9831543
2023-12-22,Milan,1828.9831543
2023-12-23,Milan,1823.3470459
2023-12-24,Milan,1823.3470459
2023-12-31,Milan,1826.00695801
2024-01-01,Milan,1826.00695801
2024-01-03,Milan,1826.00695801
2024-01-08,Milan,1832.51013184
2024-01-15,Milan,1839.9206543
2024-01-21,Milan,1844.59619141
2024-01-28,Milan,1839.75769043
2024-01-31,Milan,1839.75769043
2024-02-01,Milan,1839.75769043
2024-02-04,Milan,1843.40332031
2024-02-11,Milan,1843.40332031
2024-02-12,Milan,1849.3347168
2024-02-13,Milan,1849.3347168
2024-02-15,Milan,1850.67529297
2024-02-16,Milan,1860.11962891
2024-02-19,Milan,1843.34204102
2024-02-21,Milan,1844.01696777
2024-02-22,Milan,1843.39587402
2024-02-23,Milan,1843.4609375
2024-02-25,Milan,1843.4609375
2024-02-26,Milan,1840.99157715
2024-03-02,Milan,1848.53625488
2024-03-06,Milan,1845.35046387
2024-03-07,Milan,1846.04077148
2024-03-08,Milan,1857.47961426
2024-03-11,Milan,1859.74768066
2024-03-13,Milan,1856.56884766
2024-03-14,Milan,1854.23620605
2024-03-15,Milan,1863.96594238
2024-03-18,Milan,1868.69091797
2024-03-31,Milan,1874.70458984
2024-04-07,Milan,1877.99194336
2024-04-12,Milan,1876.13635254
2024-04-15,Milan,1870.30004883
2024-04-17,Milan,1870.30004883
2024-04-18,Milan,1870.30004883
2024-04-19,Milan,1863.5814209
2024-04-23,Milan,1857.49963379
2024-04-28,Milan,1857.54089355
2024-05-03,Milan,1856.39819336
2024-05-06,Milan,1850.5958252
2024-05-09,Milan,1852.5357666
2024-05-10,Milan,1855.06542969
2024-05-12,Milan,1859.41894531
2024-05-19,Milan,1844.57958984
2024-05-23,Milan,1849.98339844
2024-05-26,Milan,1842.1730957
2024-05-30,Milan,1838.72802734
2024-08-18,Milan,1834.86364746
2024-08-23,Milan,1834.20263672
2024-08-25,Milan,1821.07556152
2024-08-30,Milan,1817.65258789
2024-09-01,Milan,1817.8392334
2024-09-02,Milan,1817.8392334
2024-09-15,Milan,1821.77331543
2024-09-18,Milan,1809.02404785
2024-09-19,Milan,1808.55371094
2024-09-20,Milan,1808.62548828
2024-09-22,Milan,1808.62548828
2024-09-23,Milan,1821.59631348
2024-09-26,Milan,1824.28649902
2024-09-27,Milan,1823.25891113
2024-09-28,Milan,1827.91882324
2024-10-02,Milan,1823.92724609
2024-10-03,Milan,1828.09899902
2024-10-04,Milan,1826.27441406
2024-10-07,Milan,1817.4095459
2024-10-20,Milan,1821.28210449
2024-10-23,Milan,1821.63684082
2024-10-24,Milan,1819.93041992
2024-10-25,Milan,1824.44030762
2024-10-30,Milan,1810.71972656
2024-11-01,Milan,1810.71972656
2024-11-03,Milan,1816.08007812
2024-11-04,Milan,1816.08007812
2024-11-05,Milan,1816.08007812
2024-11-06,Milan,1838.07702637
2024-11-07,Milan,1843.28942871
2024-11-08,Milan,1839.45556641
2024-11-10,Milan,1834.16882324
2024-11-24,Milan,1833.76721191
2024-11-25,Milan,1833.76721191
2024-11-27,Milan,1838.07910156
2024-11-28,Milan,1835.42382812
2024-11-29,Milan,1834.55480957
2024-12-01,Milan,1840.24365234
2024-12-06,Milan,1840.24365234
2024-12-07,Milan,1835.22277832
2024-12-08,Milan,1835.22277832
2024-12-11,Milan,1829.79858398
2024-12-12,Milan,1837.70849609
2024-12-13,Milan,1842.90979004
2024-12-16,Milan,1837.58410645
2024-12-17,Milan,1837.58410645
2024-12-20,Milan,1836.57739258
2024-12-21,Milan,1840.24963379
2024-12-30,Milan,1836.79907227
2024-12-31,Milan,1836.79907227
2025-01-01,Milan,1836.79907227
2025-01-05,Milan,1836.79907227
2025-01-12,Milan,1830.3359375
2025-01-15,Milan,1833.82739258
2025-01-19,Milan,1824.56274414
2025-01-22,Milan,1826.85852051
2025-01-23,Milan,1832.12792969
2025-01-24,Milan,1830.88049316
2025-01-27,Milan,1833.30480957
2025-01-30,Milan,1813.17053223
2025-01-31,Milan,1810.90563965
2025-02-02,Milan,1810.90563965
2025-02-03,Milan,1814.82214355
2025-02-09,Milan,1821.21325684
2025-02-12,Milan,1821.88537598
2025-02-13,Milan,1816.12084961
2025-02-14,Milan,1816.74768066
2025-02-16,Milan,1819.44934082
2025-02-19,Milan,1799.2121582
2025-02-20,Milan,1794.99743652
2025-02-21,Milan,1796.88684082
2025-02-23,Milan,1787.34301758
2025-02-28,Milan,1779.49682617
2025-03-03,Milan,1770.39282227
2025-03-05,Milan,1770.39282227
2025-03-06,Milan,1771.57373047
2025-03-07,Milan,1772.41552734
2025-03-09,Milan,1777.20019531
2025-03-10,Milan,1777.20019531
2025-03-12,Milan,1777.65270996
2025-03-13,Milan,1777.65270996
2025-03-14,Milan,1775.86364746
2025-03-16,Milan,1779.07421875
2025-03-17,Milan,1779.07421875
2025-03-31,Milan,1773.37255859
2025-04-01,Milan,1773.37255859
2025-04-06,Milan,1772.0826416
2025-04-09,Milan,1774.19677734
2025-04-11,Milan,1771.41625977
2025-04-12,Milan,1783.71582031
2025-04-13,Milan,1783.71582031
2025-04-14,Milan,1783.71582031
2025-04-15,Milan,1783.71582031
2025-04-17,Milan,1784.03637695
2025-04-18,Milan,1785.18078613
2025-04-20,Milan,1785.18078613
2025-04-21,Milan,1777.75317383
2025-04-25,Milan,1777.75317383
2025-04-27,Milan,1777.75317383
2025-04-28,Milan,1783.54968262
2025-04-29,Milan,1783.54968262
2025-04-30,Milan,1783.54968262
2025-05-01,Milan,1784.36035156
2025-05-02,Milan,1783.33337402
2025-05-05,Milan,1783.33337402
2025-05-06,Milan,1789.37182617
2025-05-07,Milan,1791.6484375
2025-05-09,Milan,1789.51538086
2025-05-10,Milan,1799.35705566
2025-05-12,Milan,1799.35705566
2025-05-19,Milan,1789.86682129
2025-05-22,Milan,1789.86682129
2025-05-25,Milan,1792.65356445
2025-05-29,Milan,1792.65356445
2025-06-01,Milan,1787.15002441
2025-07-25,Milan,1787.15002441
2025-08-01,Milan,1787.15002441
2025-08-16,Milan,1787.15002441
2025-08-19,Milan,1787.15002441
2025-08-22,Milan,1787.33337402
2025-08-24,Milan,1772.79577637
2025-08-29,Milan,1772.91723633
2025-08-30,Milan,1779.40600586
2025-08-31,Milan,1779.40600586
2025-09-14,Milan,1779.40600586
2025-09-15,Milan,1785.66088867
2025-09-17,Milan,1784.85302734
2025-09-18,Milan,1784.87451172
2025-09-19,Milan,1783.15356445
2025-09-21,Milan,1792.6817627
2025-09-23,Milan,1792.6817627
2025-09-25,Milan,1794.73864746
2025-09-26,Milan,1793.53051758
2025-09-28,Milan,1793.53051758
2025-09-29,Milan,1802.16186523
2025-09-30,Milan,1802.16186523
2025-10-01,Milan,1804.36791992
2025-10-02,Milan,1806.46044922
2025-10-03,Milan,1801.97998047
2025-10-05,Milan,1801.97998047
2025-10-06,Milan,1803.56958008
2025-10-20,Milan,1808.55993652
2025-10-22,Milan,1807.04284668
2025-10-23,Milan,1804.19262695
2025-10-24,Milan,1802.06433105
2025-10-25,Milan,1794.73193359
2025-10-27,Milan,1794.73193359
2025-10-29,Milan,1796.57019043
2025-11-03,Milan,1803.74523926
2025-11-05,Milan,1801.62585449
2025-11-06,Milan,1804.5279541
2025-11-07,Milan,1802.04553223
2025-11-09,Milan,1797.33935547
2025-11-10,Milan,1797.33935547
2025-11-24,Milan,1809.92480469
2025-11-25,Milan,1809.92480469
2025-11-26,Milan,1812.73986816
2025-11-27,Milan,1815.90722656
2025-11-28,Milan,1813.58374023
2025-11-30,Milan,1819.16967773
2025-12-01,Milan,1819.16967773
2025-12-05,Milan,1819.16967773
2025-12-09,Milan,1824.44812012
2025-12-10,Milan,1823.82568359
2025-12-11,Milan,1821.50769043
2025-12-12,Milan,1827.50170898
2025-12-15,Milan,1821.4564209
2025-12-19,Milan,1818.04711914
2025-12-21,Milan,1818.04711914
2025-12-28,Milan,1818.04711914
2025-12-29,Milan,1822.04968262
2026-01-01,Milan,1822.04968262
2026-01-03,Milan,1826.11950684
2026-01-05,Milan,1826.11950684
2026-01-08,Milan,1826.11950684
2026-01-09,Milan,1819.93688965
2026-01-12,Milan,1816.54406738
2026-01-13,Milan,1816.54406738
2026-01-16,Milan,1826.22375488
2026-01-18,Milan,1826.22375488
2026-01-19,Milan,1828.27099609
2026-01-21,Milan,1823.95605469
2026-01-22,Milan,1822.62963867
2026-01-23,Milan,1822.61804199
2026-01-26,Milan,1823.61425781
2026-01-29,Milan,1821.97741699
2026-01-30,Milan,1822.3762207
2026-02-02,Milan,1822.3762207
2026-02-04,Milan,1833.31921387
2026-02-09,Milan,1833.31921387
2026-02-14,Milan,1835.75061035
2026-02-18,Milan,1829.13244629
2026-02-19,Milan,1822.28051758
2026-02-20,Milan,1825.65991211
2026-02-22,Milan,1825.65991211
2026-02-23,Milan,1811.46777344
2026-02-25,Milan,1804.36791992
2026-02-26,Milan,1809.05993652
2026-02-27,Milan,1809.0526123
2026-03-01,Milan,1809.0526123
2026-03-02,Milan,1813.37609863
2026-03-05,Milan,1813.37609863
2026-03-09,Milan,1822.70141602
2026-03-11,Milan,1821.04187012
2026-03-13,Milan,1821.59802246
2026-03-16,Milan,1811.26501465
2026-03-18,Milan,1811.26501465
2026-03-19,Milan,1810.38867188
2026-03-20,Milan,1812.26403809
2026-03-22,Milan,1815.24365234
2026-03-23,Milan,1815.24365234
2026-04-05,Milan,1815.24365234
2026-04-07,Milan,1807.9029541
2026-04-10,Milan,1804.56030273
2026-04-12,Milan,1781.17858887
2026-04-17,Milan,1779.54541016
2026-04-20,Milan,1782.53686523
2026-04-25,Milan,1782.53686523
2026-04-27,Milan,1781.47094727
2026-04-28,Milan,1781.47094727
2026-05-03,Milan,1781.47094727
2026-05-04,Milan,1766.80310059
2026-05-08,Milan,1766.80310059
2026-05-10,Milan,1766.80310059
2026-05-11,Milan,1757.29077148
2026-05-14,Milan,1757.29077148
2026-05-18,Milan,1763.58178711
2026-05-21,Milan,1763.58178711
2026-05-23,Milan,1763.58178711
2026-05-25,Milan,1750.04211426
2026-06-08,Milan,1750.04211426
