date_elo,team_elo,elo
1949-09-11,Udinese,1415.63562012
1949-09-12,Udinese,1442.08935547
1949-09-19,Udinese,1447.0703125
1949-09-26,Udinese,1451.88049316
1949-10-03,Udinese,1457.19152832
1949-10-10,Udinese,1453.59960938
1949-10-17,Udinese,1456.30529785
1949-10-24,Udinese,1469.04333496
1949-10-31,Udinese,1476.20581055
1949-11-07,Udinese,1487.01953125
1949-11-14,Udinese,1490.73388672
1949-11-21,Udinese,1486.51342773
1949-11-28,Udinese,1481.50866699
1949-12-05,Udinese,1503.33569336
1949-12-09,Udinese,1497.88684082
1949-12-12,Udinese,1511.24438477
1949-12-19,Udinese,1505.85656738
1949-12-27,Udinese,1507.45471191
1950-01-02,Udinese,1523.18164062
1950-01-09,Udinese,1527.87060547
1950-01-16,Udinese,1521.81237793
1950-01-23,Udinese,1524.82775879
1950-01-30,Udinese,1528.90905762
1950-02-06,Udinese,1533.67150879
1950-02-13,Udinese,1527.08813477
1950-02-20,Udinese,1523.39245605
1950-02-27,Udinese,1528.22436523
1950-03-13,Udinese,1528.55432129
1950-03-20,Udinese,1532.06152344
1950-03-27,Udinese,1543.57141113
1950-04-03,Udinese,1547.10559082
1950-04-10,Udinese,1549.87695312
1950-04-17,Udinese,1554.71044922
1950-04-24,Udinese,1563.60583496
1950-05-01,Udinese,1565.29064941
1950-05-08,Udinese,1556.89941406
1950-05-15,Udinese,1558.79724121
1950-05-22,Udinese,1560.21032715
1950-05-29,Udinese,1562.88513184
1950-06-05,Udinese,1564.35522461
1950-06-12,Udinese,1557.62744141
1950-06-15,Udinese,1530.68908691
1950-06-17,Udinese,1515.30578613
1950-06-19,Udinese,1517.11230469
1950-06-26,Udinese,1508.48974609
1950-07-02,Udinese,1508.48974609
1950-09-11,Udinese,1506.5357666
1950-09-18,Udinese,1510.4519043
1950-09-25,Udinese,1506.65026855
1950-10-02,Udinese,1510.20996094
1950-10-09,Udinese,1507.83605957
1950-10-16,Udinese,1512.4498291
1950-10-23,Udinese,1517.88110352
1950-10-30,Udinese,1507.47875977
1950-11-06,Udinese,1512.19091797
1950-11-13,Udinese,1516.63317871
1950-11-20,Udinese,1527.43579102
1950-11-27,Udinese,1523.87512207
1950-12-04,Udinese,1530.08044434
1950-12-11,Udinese,1535.73278809
1950-12-18,Udinese,1524.84313965
1950-12-25,Udinese,1515.72155762
1951-01-01,Udinese,1511.98498535
1951-01-08,Udinese,1501.30480957
1951-01-15,Udinese,1507.45874023
1951-01-22,Udinese,1510.1282959
1951-01-29,Udinese,1513.73376465
1951-02-05,Udinese,1509.29760742
1951-02-19,Udinese,1499.58093262
1951-02-26,Udinese,1505.10559082
1951-03-02,Udinese,1499.53442383
1951-03-05,Udinese,1495.39038086
1951-03-12,Udinese,1493.36547852
1951-03-26,Udinese,1488.80847168
1951-04-02,Udinese,1491.93981934
1951-04-06,Udinese,1496.97021484
1951-04-16,Udinese,1517.62280273
1951-04-23,Udinese,1523.81359863
1951-04-30,Udinese,1527.87841797
1951-05-14,Udinese,1535.75537109
1951-05-21,Udinese,1538.5982666
1951-05-28,Udinese,1514.93359375
1951-06-11,Udinese,1512.01318359
1951-06-18,Udinese,1510.18981934
1951-06-21,Udinese,1533.54272461
1951-06-25,Udinese,1546.29272461
1951-09-10,Udinese,1543.18115234
1951-09-17,Udinese,1539.85070801
1951-09-24,Udinese,1543.58996582
1951-10-01,Udinese,1547.6229248
1951-10-08,Udinese,1551.23132324
1951-10-15,Udinese,1557.53942871
1951-10-22,Udinese,1537.13256836
1951-10-29,Udinese,1535.39587402
1951-11-05,Udinese,1540.94812012
1951-11-19,Udinese,1534.91223145
1951-12-03,Udinese,1523.3536377
1951-12-10,Udinese,1537.00390625
1951-12-17,Udinese,1547.53625488
1951-12-31,Udinese,1553.08837891
1952-01-07,Udinese,1556.64904785
1952-01-10,Udinese,1551.9786377
1952-01-14,Udinese,1546.3717041
1952-01-21,Udinese,1542.45349121
1952-02-04,Udinese,1556.33752441
1952-02-11,Udinese,1555.05810547
1952-02-18,Udinese,1563.4317627
1952-03-03,Udinese,1569.43762207
1952-03-10,Udinese,1570.98596191
1952-03-17,Udinese,1553.60046387
1952-03-20,Udinese,1549.97875977
1952-03-24,Udinese,1545.72827148
1952-03-31,Udinese,1534.95166016
1952-04-07,Udinese,1526.67810059
1952-04-14,Udinese,1532.03601074
1952-04-21,Udinese,1528.50085449
1952-04-28,Udinese,1526.54528809
1952-05-05,Udinese,1534.90686035
1952-05-12,Udinese,1540.2755127
1952-05-26,Udinese,1531.39404297
1952-06-02,Udinese,1538.69616699
1952-06-09,Udinese,1521.87768555
1952-06-16,Udinese,1530.22521973
1952-06-23,Udinese,1535.09204102
1952-06-27,Udinese,1504.30163574
1952-06-29,Udinese,1512.23999023
1952-09-15,Udinese,1526.49963379
1952-09-22,Udinese,1531.12695312
1952-09-29,Udinese,1527.38220215
1952-10-06,Udinese,1518.78039551
1952-10-13,Udinese,1523.69812012
1952-10-20,Udinese,1521.76306152
1952-11-03,Udinese,1526.49938965
1952-11-10,Udinese,1532.31323242
1952-11-17,Udinese,1527.69555664
1952-11-24,Udinese,1521.89709473
1952-12-01,Udinese,1517.65527344
1952-12-08,Udinese,1525.88671875
1952-12-15,Udinese,1532.68200684
1952-12-22,Udinese,1537.51184082
1953-01-05,Udinese,1532.0234375
1953-01-12,Udinese,1522.87683105
1953-01-19,Udinese,1532.4609375
1953-01-26,Udinese,1514.28210449
1953-02-02,Udinese,1535.88024902
1953-02-09,Udinese,1534.24133301
1953-02-16,Udinese,1531.24377441
1953-02-23,Udinese,1535.07250977
1953-03-02,Udinese,1536.90075684
1953-03-09,Udinese,1531.40466309
1953-03-16,Udinese,1539.29821777
1953-03-23,Udinese,1535.27697754
1953-03-30,Udinese,1543.25476074
1953-04-06,Udinese,1547.38952637
1953-04-13,Udinese,1548.77050781
1953-04-20,Udinese,1541.14587402
1953-05-04,Udinese,1545.89331055
1953-05-25,Udinese,1529.62487793
1953-06-01,Udinese,1540.03259277
1953-06-05,Udinese,1550.3626709
1953-06-08,Udinese,1514.43322754
1953-09-14,Udinese,1515.63256836
1953-09-21,Udinese,1506.97290039
1953-09-28,Udinese,1500.83093262
1953-10-05,Udinese,1490.6138916
1953-10-12,Udinese,1496.12475586
1953-10-19,Udinese,1502.92358398
1953-10-26,Udinese,1500.66674805
1953-11-02,Udinese,1499.31689453
1953-11-09,Udinese,1496.87988281
1953-11-23,Udinese,1494.84289551
1953-11-30,Udinese,1491.49865723
1953-12-07,Udinese,1513.85070801
1953-12-21,Udinese,1519.62084961
1953-12-28,Udinese,1521.27453613
1954-01-04,Udinese,1511.64599609
1954-01-11,Udinese,1503.0579834
1954-01-18,Udinese,1499.15478516
1954-02-01,Udinese,1497.62597656
1954-02-08,Udinese,1502.02282715
1954-02-15,Udinese,1508.35595703
1954-02-22,Udinese,1513.40124512
1954-03-01,Udinese,1510.0246582
1954-03-08,Udinese,1504.91333008
1954-03-15,Udinese,1500.68786621
1954-03-22,Udinese,1493.3503418
1954-03-29,Udinese,1505.68041992
1954-04-05,Udinese,1505.31884766
1954-04-19,Udinese,1495.7869873
1954-04-26,Udinese,1487.57019043
1954-05-03,Udinese,1484.11181641
1954-05-10,Udinese,1472.18518066
1954-05-17,Udinese,1479.44213867
1954-05-24,Udinese,1486.08813477
1954-05-31,Udinese,1496.43200684
1954-06-07,Udinese,1503.27185059
1954-06-14,Udinese,1499.47192383
1954-09-20,Udinese,1491.90063477
1954-09-27,Udinese,1488.73132324
1954-10-04,Udinese,1478.38598633
1954-10-11,Udinese,1486.56384277
1954-10-18,Udinese,1491.13720703
1954-10-25,Udinese,1498.18347168
1954-11-01,Udinese,1494.67236328
1954-11-08,Udinese,1502.71679688
1954-11-15,Udinese,1517.98120117
1954-11-22,Udinese,1512.1229248
1954-12-13,Udinese,1505.8190918
1954-12-27,Udinese,1501.03100586
1955-01-03,Udinese,1506.98132324
1955-01-07,Udinese,1511.63806152
1955-01-24,Udinese,1522.65087891
1955-01-27,Udinese,1530.2890625
1955-01-31,Udinese,1546.63244629
1955-02-07,Udinese,1553.07653809
1955-02-14,Udinese,1564.22167969
1955-02-21,Udinese,1568.1003418
1955-02-28,Udinese,1570.57165527
1955-03-14,Udinese,1587.16845703
1955-03-21,Udinese,1593.12194824
1955-04-04,Udinese,1607.35986328
1955-04-07,Udinese,1602.01293945
1955-04-11,Udinese,1597.20605469
1955-04-18,Udinese,1602.49377441
1955-04-25,Udinese,1606.88916016
1955-05-02,Udinese,1613.59338379
1955-05-09,Udinese,1612.54956055
1955-05-16,Udinese,1617.32263184
1955-06-06,Udinese,1617.56433105
1955-06-13,Udinese,1619.57226562
1955-06-20,Udinese,1624.24279785
1955-06-24,Udinese,1600.5435791
1955-06-26,Udinese,1611.7890625
1955-07-02,Udinese,1611.7890625
1955-09-19,Udinese,1613.57617188
1955-09-26,Udinese,1618.14355469
1955-10-03,Udinese,1626.78161621
1955-10-10,Udinese,1629.95690918
1955-10-17,Udinese,1631.37768555
1955-10-24,Udinese,1628.78051758
1955-10-31,Udinese,1630.55419922
1955-11-02,Udinese,1601.7244873
1955-11-07,Udinese,1600.79309082
1955-11-14,Udinese,1601.60632324
1955-11-24,Udinese,1638.87487793
1955-12-05,Udinese,1634.19995117
1955-12-12,Udinese,1638.95507812
1955-12-27,Udinese,1640.0769043
1956-01-02,Udinese,1628.33105469
1956-01-09,Udinese,1636.55554199
1956-01-16,Udinese,1638.32214355
1956-01-19,Udinese,1654.78881836
1956-01-23,Udinese,1650.4888916
1956-01-30,Udinese,1641.62023926
1956-02-06,Udinese,1630.24353027
1956-02-13,Udinese,1660.42675781
1956-02-20,Udinese,1662.34399414
1956-02-27,Udinese,1664.5501709
1956-03-05,Udinese,1663.77709961
1956-03-12,Udinese,1653.1887207
1956-03-19,Udinese,1656.53771973
1956-03-26,Udinese,1642.97802734
1956-04-02,Udinese,1646.74951172
1956-04-09,Udinese,1635.38635254
1956-04-16,Udinese,1636.50317383
1956-04-20,Udinese,1632.39697266
1956-04-30,Udinese,1633.2208252
1956-05-02,Udinese,1625.21350098
1956-05-07,Udinese,1622.53222656
1956-05-14,Udinese,1625.99975586
1956-05-21,Udinese,1628.21008301
1956-05-28,Udinese,1640.09790039
1956-06-04,Udinese,1641.65356445
1956-06-11,Udinese,1644.62512207
1956-06-30,Udinese,1653.43408203
1956-07-02,Udinese,1653.43408203
1956-07-04,Udinese,1672.56188965
1956-09-17,Udinese,1658.0480957
1956-09-24,Udinese,1659.30993652
1956-10-01,Udinese,1655.98083496
1956-10-08,Udinese,1657.9420166
1956-10-15,Udinese,1644.84460449
1956-10-22,Udinese,1656.11608887
1956-10-29,Udinese,1659.41711426
1956-11-19,Udinese,1655.31945801
1956-11-22,Udinese,1645.7064209
1956-11-26,Udinese,1639.94091797
1956-11-29,Udinese,1655.10644531
1956-12-03,Udinese,1659.43981934
1956-12-17,Udinese,1664.15319824
1956-12-31,Udinese,1670.10656738
1957-01-03,Udinese,1671.05407715
1957-01-07,Udinese,1659.43811035
1957-01-14,Udinese,1638.94799805
1957-01-21,Udinese,1630.96179199
1957-01-28,Udinese,1638.75268555
1957-02-04,Udinese,1636.09020996
1957-02-07,Udinese,1637.04736328
1957-02-11,Udinese,1641.0814209
1957-02-18,Udinese,1630.54443359
1957-02-25,Udinese,1639.23059082
1957-02-28,Udinese,1643.98034668
1957-03-04,Udinese,1637.74035645
1957-03-11,Udinese,1646.31848145
1957-03-18,Udinese,1649.33251953
1957-03-25,Udinese,1657.48327637
1957-04-01,Udinese,1664.55639648
1957-04-04,Udinese,1676.99975586
1957-04-08,Udinese,1684.83532715
1957-04-15,Udinese,1679.56787109
1957-04-19,Udinese,1678.65002441
1957-04-29,Udinese,1683.77087402
1957-05-06,Udinese,1695.40710449
1957-05-20,Udinese,1689.68359375
1957-05-31,Udinese,1680.36791992
1957-06-03,Udinese,1675.77575684
1957-06-10,Udinese,1682.43249512
1957-06-17,Udinese,1675.14428711
1957-06-21,Udinese,1663.35791016
1957-06-24,Udinese,1677.79736328
1957-09-09,Udinese,1681.88562012
1957-09-16,Udinese,1670.20996094
1957-09-23,Udinese,1678.59216309
1957-09-30,Udinese,1674.30236816
1957-10-03,Udinese,1679.71838379
1957-10-07,Udinese,1682.80200195
1957-10-10,Udinese,1677.54089355
1957-10-14,Udinese,1675.79089355
1957-10-21,Udinese,1664.92028809
1957-10-28,Udinese,1658.04052734
1957-10-31,Udinese,1671.46948242
1957-11-05,Udinese,1667.03320312
1957-11-11,Udinese,1671.18847656
1957-11-18,Udinese,1682.26281738
1957-11-25,Udinese,1675.99499512
1957-11-28,Udinese,1690.14611816
1957-12-12,Udinese,1689.69763184
1957-12-16,Udinese,1678.42224121
1957-12-23,Udinese,1674.47338867
1957-12-30,Udinese,1670.40588379
1958-01-06,Udinese,1659.75854492
1958-01-20,Udinese,1664.9362793
1958-01-27,Udinese,1670.37133789
1958-02-03,Udinese,1665.87744141
1958-02-10,Udinese,1658.09179688
1958-02-13,Udinese,1659.78417969
1958-02-17,Udinese,1658.99377441
1958-02-24,Udinese,1661.44677734
1958-02-27,Udinese,1663.3873291
1958-03-03,Udinese,1669.8659668
1958-03-10,Udinese,1665.84216309
1958-03-17,Udinese,1670.47338867
1958-03-31,Udinese,1684.70507812
1958-04-07,Udinese,1673.63549805
1958-04-14,Udinese,1670.53796387
1958-04-21,Udinese,1664.76574707
1958-04-28,Udinese,1669.36804199
1958-05-05,Udinese,1674.00769043
1958-05-09,Udinese,1674.32067871
1958-05-12,Udinese,1689.52575684
1958-05-15,Udinese,1700.64526367
1958-05-19,Udinese,1703.70666504
1958-05-26,Udinese,1712.89660645
1958-05-29,Udinese,1709.17089844
1958-09-22,Udinese,1693.03918457
1958-09-25,Udinese,1693.79284668
1958-09-29,Udinese,1689.1282959
1958-10-02,Udinese,1654.20776367
1958-10-06,Udinese,1651.21447754
1958-10-13,Udinese,1654.7142334
1958-10-20,Udinese,1650.5
1958-10-27,Udinese,1652.42822266
1958-11-03,Udinese,1655.15368652
1958-11-17,Udinese,1641.99914551
1958-11-24,Udinese,1637.609375
1958-12-01,Udinese,1633.29675293
1958-12-08,Udinese,1627.29296875
1958-12-22,Udinese,1623.50708008
1958-12-29,Udinese,1628.14160156
1959-01-05,Udinese,1622.67260742
1959-01-12,Udinese,1627.91064453
1959-01-19,Udinese,1628.70275879
1959-01-26,Udinese,1622.70776367
1959-02-02,Udinese,1616.12329102
1959-02-09,Udinese,1602.11437988
1959-02-16,Udinese,1596.56152344
1959-02-23,Udinese,1605.41174316
1959-03-03,Udinese,1600.39123535
1959-03-16,Udinese,1596.23291016
1959-03-23,Udinese,1598.23864746
1959-03-30,Udinese,1608.61486816
1959-04-06,Udinese,1618.33483887
1959-04-13,Udinese,1628.18774414
1959-04-20,Udinese,1626.06286621
1959-04-27,Udinese,1616.20031738
1959-05-18,Udinese,1610.51062012
1959-05-25,Udinese,1624.60058594
1959-05-29,Udinese,1621.93457031
1959-06-03,Udinese,1617.2277832
1959-06-08,Udinese,1622.75439453
1959-09-14,Udinese,1622.71008301
1959-09-21,Udinese,1613.8848877
1959-09-24,Udinese,1614.06591797
1959-09-28,Udinese,1609.35888672
1959-10-05,Udinese,1614.76757812
1959-10-12,Udinese,1609.55419922
1959-10-19,Udinese,1607.63110352
1959-10-26,Udinese,1605.39855957
1959-11-05,Udinese,1598.85595703
1959-11-09,Udinese,1594.50134277
1959-11-16,Udinese,1605.55078125
1959-11-23,Udinese,1602.55932617
1959-11-26,Udinese,1599.06091309
1959-12-07,Udinese,1601.44128418
1959-12-14,Udinese,1593.15734863
1959-12-21,Udinese,1594.32531738
1959-12-28,Udinese,1601.01904297
1960-01-03,Udinese,1601.01904297
1960-01-04,Udinese,1601.01904297
1960-01-11,Udinese,1605.18139648
1960-01-17,Udinese,1605.18139648
1960-01-18,Udinese,1611.92712402
1960-01-24,Udinese,1611.92712402
1960-01-25,Udinese,1608.6574707
1960-02-01,Udinese,1606.42993164
1960-02-08,Udinese,1604.77709961
1960-02-11,Udinese,1604.77709961
1960-02-14,Udinese,1604.77709961
1960-02-15,Udinese,1608.86291504
1960-02-22,Udinese,1601.77124023
1960-02-25,Udinese,1601.77124023
1960-02-28,Udinese,1601.77124023
1960-02-29,Udinese,1606.25012207
1960-03-04,Udinese,1606.25012207
1960-03-06,Udinese,1606.25012207
1960-03-07,Udinese,1600.32373047
1960-03-16,Udinese,1600.32373047
1960-03-17,Udinese,1600.32373047
1960-03-21,Udinese,1602.29833984
1960-03-26,Udinese,1602.29833984
1960-03-28,Udinese,1604.87927246
1960-03-31,Udinese,1604.87927246
1960-04-03,Udinese,1604.87927246
1960-04-04,Udinese,1599.96142578
1960-04-10,Udinese,1599.96142578
1960-04-11,Udinese,1603.88867188
1960-04-12,Udinese,1603.88867188
1960-04-14,Udinese,1603.88867188
1960-04-16,Udinese,1603.88867188
1960-04-17,Udinese,1603.88867188
1960-04-18,Udinese,1607.44677734
1960-04-19,Udinese,1607.44677734
1960-04-22,Udinese,1607.44677734
1960-04-24,Udinese,1607.44677734
1960-04-25,Udinese,1595.52709961
1960-05-02,Udinese,1594.3079834
1960-05-09,Udinese,1589.29638672
1960-05-16,Udinese,1586.22558594
1960-05-23,Udinese,1585.77087402
1960-05-30,Udinese,1581.7947998
1960-06-06,Udinese,1587.31164551
1960-09-22,Udinese,1587.07751465
1960-09-26,Udinese,1582.36242676
1960-10-03,Udinese,1575.76623535
1960-10-10,Udinese,1559.16394043
1960-10-13,Udinese,1534.65185547
1960-10-17,Udinese,1542.05310059
1960-10-24,Udinese,1534.45446777
1960-11-07,Udinese,1540.71484375
1960-11-14,Udinese,1538.44030762
1960-11-21,Udinese,1526.92028809
1960-11-28,Udinese,1523.7442627
1960-12-05,Udinese,1521.78918457
1960-12-26,Udinese,1519.3145752
1961-01-02,Udinese,1517.9720459
1961-01-09,Udinese,1512.32385254
1961-01-16,Udinese,1517.59899902
1961-01-19,Udinese,1516.80981445
1961-01-23,Udinese,1534.66027832
1961-01-30,Udinese,1540.09143066
1961-02-06,Udinese,1537.81188965
1961-02-13,Udinese,1545.00463867
1961-02-20,Udinese,1543.65258789
1961-02-27,Udinese,1555.48583984
1961-03-06,Udinese,1560.60461426
1961-03-13,Udinese,1565.26513672
1961-03-20,Udinese,1566.31921387
1961-03-27,Udinese,1558.74804688
1961-04-03,Udinese,1553.82873535
1961-04-10,Udinese,1554.88037109
1961-04-17,Udinese,1560.32299805
1961-05-01,Udinese,1569.265625
1961-05-08,Udinese,1572.92126465
1961-05-15,Udinese,1580.83154297
1961-05-22,Udinese,1577.36120605
1961-05-31,Udinese,1574.37805176
1961-06-05,Udinese,1579.09875488
1961-08-28,Udinese,1565.91113281
1961-09-04,Udinese,1557.82348633
1961-09-11,Udinese,1565.03259277
1961-09-14,Udinese,1563.27490234
1961-09-18,Udinese,1552.7956543
1961-09-21,Udinese,1553.73425293
1961-09-25,Udinese,1549.73596191
1961-09-28,Udinese,1550.2755127
1961-10-02,Udinese,1544.68395996
1961-10-05,Udinese,1531.27404785
1961-10-09,Udinese,1525.58251953
1961-10-23,Udinese,1531.91027832
1961-10-26,Udinese,1537.8560791
1961-10-30,Udinese,1527.71179199
1961-11-09,Udinese,1536.28051758
1961-11-16,Udinese,1544.11584473
1961-11-20,Udinese,1534.49328613
1961-11-23,Udinese,1551.41601562
1961-11-27,Udinese,1556.4465332
1961-12-04,Udinese,1546.03198242
1961-12-07,Udinese,1541.55041504
1961-12-11,Udinese,1552.765625
1961-12-18,Udinese,1550.41210938
1961-12-25,Udinese,1546.50683594
1962-01-15,Udinese,1542.15820312
1962-01-22,Udinese,1539.14660645
1962-01-25,Udinese,1529.45373535
1962-01-29,Udinese,1525.23022461
1962-02-05,Udinese,1522.61132812
1962-02-08,Udinese,1516.45336914
1962-02-12,Udinese,1530.33959961
1962-02-15,Udinese,1527.29846191
1962-02-19,Udinese,1525.62182617
1962-02-22,Udinese,1524.25354004
1962-02-26,Udinese,1523.80310059
1962-02-27,Udinese,1526.67578125
1962-02-28,Udinese,1529.02404785
1962-03-01,Udinese,1523.37182617
1962-03-05,Udinese,1519.84814453
1962-03-12,Udinese,1530.73754883
1962-03-19,Udinese,1525.82897949
1962-03-22,Udinese,1530.84008789
1962-03-26,Udinese,1521.52819824
1962-04-02,Udinese,1541.20227051
1962-04-09,Udinese,1555.34228516
1962-04-12,Udinese,1566.65917969
1962-04-19,Udinese,1568.15979004
1962-05-11,Udinese,1568.81262207
1962-07-02,Udinese,1568.81262207
1962-09-06,Udinese,1551.62487793
1962-09-13,Udinese,1551.64331055
1962-09-17,Udinese,1544.04223633
1962-09-20,Udinese,1544.07287598
1962-09-24,Udinese,1538.33630371
1962-09-27,Udinese,1542.65258789
1962-10-01,Udinese,1538.60900879
1962-10-08,Udinese,1519.96508789
1962-10-11,Udinese,1529.30395508
1962-10-14,Udinese,1529.43310547
1962-10-22,Udinese,1527.28796387
1962-10-29,Udinese,1499.17211914
1962-11-05,Udinese,1495.86816406
1962-11-12,Udinese,1504.73486328
1962-11-15,Udinese,1510.84094238
1962-11-19,Udinese,1505.84155273
1962-11-20,Udinese,1508.22888184
1962-11-26,Udinese,1512.05053711
1962-11-29,Udinese,1507.34899902
1962-12-03,Udinese,1505.44750977
1962-12-05,Udinese,1527.06518555
1962-12-17,Udinese,1528.7019043
1962-12-24,Udinese,1530.90905762
1962-12-31,Udinese,1540.14477539
1963-01-07,Udinese,1548.64074707
1963-01-14,Udinese,1544.71960449
1963-01-21,Udinese,1546.66357422
1963-01-24,Udinese,1547.07910156
1963-01-28,Udinese,1543.95703125
1963-02-04,Udinese,1552.06994629
1963-02-07,Udinese,1540.47473145
1963-02-11,Udinese,1531.18701172
1963-02-18,Udinese,1525.97094727
1963-02-25,Udinese,1517.86706543
1963-03-04,Udinese,1523.01318359
1963-03-11,Udinese,1519.61083984
1963-03-14,Udinese,1520.17468262
1963-03-18,Udinese,1514.80627441
1963-03-21,Udinese,1517.99316406
1963-03-25,Udinese,1526.36657715
1963-04-04,Udinese,1514.64648438
1963-04-08,Udinese,1518.16650391
1963-04-15,Udinese,1523.51599121
1963-04-22,Udinese,1533.43762207
1963-04-25,Udinese,1536.8236084
1963-04-29,Udinese,1531.18383789
1963-05-02,Udinese,1531.72692871
1963-05-06,Udinese,1526.24743652
1963-05-13,Udinese,1521.45910645
1963-05-20,Udinese,1515.50292969
1963-05-23,Udinese,1522.15466309
1963-05-27,Udinese,1524.33752441
1963-06-03,Udinese,1528.48474121
1963-06-10,Udinese,1523.81652832
1963-06-17,Udinese,1518.95617676
1963-09-05,Udinese,1523.4576416
1963-09-16,Udinese,1506.97924805
1963-09-19,Udinese,1510.33886719
1963-09-23,Udinese,1523.83178711
1963-09-26,Udinese,1526.80358887
1963-09-30,Udinese,1522.0513916
1963-10-07,Udinese,1516.82128906
1963-10-10,Udinese,1512.46923828
1963-10-14,Udinese,1515.99975586
1963-10-15,Udinese,1503.42724609
1963-10-28,Udinese,1500.02893066
1963-11-04,Udinese,1496.13220215
1963-11-11,Udinese,1501.33007812
1963-11-18,Udinese,1497.43103027
1963-11-25,Udinese,1507.85241699
1963-11-28,Udinese,1507.35205078
1963-12-02,Udinese,1511.13195801
1963-12-05,Udinese,1518.37390137
1963-12-09,Udinese,1519.72619629
1963-12-16,Udinese,1524.05859375
1963-12-23,Udinese,1520.75036621
1963-12-30,Udinese,1517.15625
1964-01-06,Udinese,1512.52160645
1964-01-13,Udinese,1516.29064941
1964-01-20,Udinese,1519.47375488
1964-01-27,Udinese,1509.06762695
1964-01-30,Udinese,1504.20324707
1964-02-03,Udinese,1515.99450684
1964-02-14,Udinese,1516.28808594
1964-02-17,Udinese,1513.61437988
1964-02-24,Udinese,1503.63024902
1964-02-27,Udinese,1506.66723633
1964-03-02,Udinese,1503.72241211
1964-03-05,Udinese,1503.90734863
1964-03-09,Udinese,1497.91552734
1964-03-16,Udinese,1497.06115723
1964-03-23,Udinese,1491.6763916
1964-03-30,Udinese,1484.68322754
1964-04-06,Udinese,1483.40319824
1964-04-13,Udinese,1491.68261719
1964-04-16,Udinese,1493.80944824
1964-04-27,Udinese,1487.17907715
1964-04-30,Udinese,1489.04516602
1964-05-04,Udinese,1476.79663086
1964-05-11,Udinese,1469.27050781
1964-05-18,Udinese,1465.83007812
1964-05-25,Udinese,1474.28808594
1964-05-28,Udinese,1484.75805664
1964-06-01,Udinese,1475.27880859
1964-06-08,Udinese,1467.23840332
1964-06-15,Udinese,1467.80688477
1964-06-22,Udinese,1462.59082031
1978-07-01,Udinese,1337.43859863
1978-09-14,Udinese,1326.75219727
1978-09-25,Udinese,1335.67993164
1978-09-28,Udinese,1316.04943848
1978-10-02,Udinese,1319.87097168
1978-10-09,Udinese,1332.8548584
1978-10-16,Udinese,1329.93188477
1978-10-19,Udinese,1333.95227051
1978-10-23,Udinese,1339.85595703
1978-10-26,Udinese,1339.91699219
1978-10-30,Udinese,1343.01550293
1978-11-02,Udinese,1347.26367188
1978-11-06,Udinese,1352.91479492
1978-11-13,Udinese,1352.09960938
1978-11-20,Udinese,1356.45080566
1978-11-23,Udinese,1354.28674316
1978-11-27,Udinese,1360.5760498
1978-12-04,Udinese,1372.40759277
1978-12-07,Udinese,1370.60974121
1978-12-11,Udinese,1366.71276855
1978-12-18,Udinese,1373.72033691
1979-01-08,Udinese,1380.42407227
1979-01-15,Udinese,1384.01953125
1979-01-22,Udinese,1391.82397461
1979-01-29,Udinese,1402.28540039
1979-02-05,Udinese,1412.22143555
1979-02-12,Udinese,1417.02380371
1979-02-19,Udinese,1426.5222168
1979-02-26,Udinese,1429.68591309
1979-03-05,Udinese,1433.09130859
1979-03-08,Udinese,1430.73706055
1979-03-12,Udinese,1438.05322266
1979-03-19,Udinese,1438.71740723
1979-03-22,Udinese,1436.96704102
1979-03-26,Udinese,1431.63012695
1979-04-02,Udinese,1425.02172852
1979-04-09,Udinese,1419.9597168
1979-04-15,Udinese,1425.03271484
1979-04-23,Udinese,1425.58056641
1979-04-30,Udinese,1434.25708008
1979-05-07,Udinese,1431.2220459
1979-05-14,Udinese,1447.21191406
1979-05-21,Udinese,1446.19226074
1979-05-28,Udinese,1441.43603516
1979-06-04,Udinese,1451.76879883
1979-06-11,Udinese,1456.2989502
1979-06-18,Udinese,1450.51416016
1979-06-25,Udinese,1459.25732422
1979-07-02,Udinese,1459.25732422
1979-09-17,Udinese,1464.22070312
1979-09-20,Udinese,1482.82885742
1979-09-24,Udinese,1484.1776123
1979-10-01,Udinese,1479.96337891
1979-10-04,Udinese,1474.52978516
1979-10-05,Udinese,1475.68701172
1979-10-08,Udinese,1472.67236328
1979-10-15,Udinese,1479.94177246
1979-10-22,Udinese,1477.92468262
1979-10-25,Udinese,1483.9720459
1979-10-29,Udinese,1486.37158203
1979-11-02,Udinese,1455.62646484
1979-11-05,Udinese,1464.63903809
1979-11-08,Udinese,1468.46459961
1979-11-12,Udinese,1464.2322998
1979-11-26,Udinese,1457.31945801
1979-12-03,Udinese,1464.48217773
1979-12-10,Udinese,1468.3125
1979-12-17,Udinese,1453.46765137
1979-12-31,Udinese,1456.64001465
1980-01-07,Udinese,1461.68103027
1980-01-14,Udinese,1460.7701416
1980-01-21,Udinese,1458.21875
1980-01-28,Udinese,1450.15063477
1980-02-04,Udinese,1442.58911133
1980-02-11,Udinese,1434.6105957
1980-02-25,Udinese,1439.45678711
1980-03-03,Udinese,1430.12121582
1980-03-06,Udinese,1432.21362305
1980-03-10,Udinese,1425.76696777
1980-03-20,Udinese,1429.87487793
1980-03-24,Udinese,1430.33532715
1980-03-31,Udinese,1437.14697266
1980-04-06,Udinese,1447.1973877
1980-04-10,Udinese,1451.82653809
1980-04-14,Udinese,1449.8494873
1980-04-24,Udinese,1440.98217773
1980-04-28,Udinese,1436.98376465
1980-05-05,Udinese,1426.29650879
1980-05-12,Udinese,1428.34265137
1980-09-15,Udinese,1417.68920898
1980-09-18,Udinese,1442.47924805
1980-09-22,Udinese,1445.45483398
1980-09-29,Udinese,1445.77624512
1980-10-02,Udinese,1434.00439453
1980-10-06,Udinese,1435.35241699
1980-10-20,Udinese,1426.41662598
1980-10-23,Udinese,1434.73059082
1980-10-27,Udinese,1435.22680664
1980-11-06,Udinese,1438.94519043
1980-11-10,Udinese,1435.84851074
1980-11-24,Udinese,1443.06188965
1980-11-27,Udinese,1443.02026367
1980-12-01,Udinese,1438.73144531
1980-12-11,Udinese,1438.54321289
1980-12-15,Udinese,1445.20422363
1980-12-22,Udinese,1441.83312988
1980-12-29,Udinese,1439.5994873
1981-01-19,Udinese,1444.43530273
1981-01-26,Udinese,1446.95007324
1981-02-02,Udinese,1443.80944824
1981-02-09,Udinese,1441.35852051
1981-02-16,Udinese,1447.50378418
1981-02-23,Udinese,1460.27087402
1981-03-02,Udinese,1465.24755859
1981-03-05,Udinese,1461.99157715
1981-03-09,Udinese,1469.2479248
1981-03-16,Udinese,1465.39208984
1981-03-19,Udinese,1476.43139648
1981-03-23,Udinese,1475.07702637
1981-03-30,Udinese,1469.87841797
1981-04-06,Udinese,1460.48352051
1981-04-09,Udinese,1458.09008789
1981-04-13,Udinese,1462.92797852
1981-04-23,Udinese,1462.49780273
1981-04-27,Udinese,1456.48193359
1981-05-04,Udinese,1459.7755127
1981-05-11,Udinese,1458.36804199
1981-05-18,Udinese,1463.94958496
1981-05-25,Udinese,1473.4942627
1981-09-14,Udinese,1473.25415039
1981-09-17,Udinese,1468.90441895
1981-09-21,Udinese,1461.14367676
1981-09-28,Udinese,1451.83886719
1981-10-01,Udinese,1458.03759766
1981-10-05,Udinese,1453.14416504
1981-10-12,Udinese,1461.99926758
1981-10-22,Udinese,1449.19140625
1981-10-26,Udinese,1443.92224121
1981-11-02,Udinese,1451.41711426
1981-11-05,Udinese,1441.1114502
1981-11-09,Udinese,1443.50073242
1981-11-23,Udinese,1449.45361328
1981-11-30,Udinese,1456.12426758
1981-12-14,Udinese,1471.18273926
1981-12-21,Udinese,1469.21154785
1982-01-04,Udinese,1467.45349121
1982-01-11,Udinese,1460.29345703
1982-01-18,Udinese,1467.01525879
1982-01-25,Udinese,1479.55566406
1982-02-01,Udinese,1464.48022461
1982-02-08,Udinese,1477.17077637
1982-02-15,Udinese,1465.94641113
1982-03-01,Udinese,1461.44299316
1982-03-08,Udinese,1467.29528809
1982-03-15,Udinese,1470.953125
1982-03-22,Udinese,1477.22119141
1982-03-29,Udinese,1469.04370117
1982-04-05,Udinese,1473.05651855
1982-04-19,Udinese,1476.97802734
1982-04-26,Udinese,1493.34680176
1982-05-03,Udinese,1483.76733398
1982-05-10,Udinese,1479.21582031
1982-05-17,Udinese,1471.91918945
1982-09-13,Udinese,1477.49487305
1982-09-16,Udinese,1486.62878418
1982-09-20,Udinese,1484.32397461
1982-09-27,Udinese,1498.66674805
1982-09-30,Udinese,1502.20483398
1982-10-04,Udinese,1500.50500488
1982-10-11,Udinese,1491.31774902
1982-10-18,Udinese,1495.5814209
1982-10-21,Udinese,1496.00524902
1982-10-25,Udinese,1506.57702637
1982-11-01,Udinese,1503.6081543
1982-11-04,Udinese,1511.05908203
1982-11-08,Udinese,1512.66247559
1982-11-22,Udinese,1506.65356445
1982-11-25,Udinese,1507.12512207
1982-11-29,Udinese,1503.50488281
1982-12-09,Udinese,1513.71276855
1982-12-13,Udinese,1529.15771484
1982-12-20,Udinese,1530.93188477
1983-01-03,Udinese,1531.54846191
1983-01-10,Udinese,1533.79943848
1983-01-17,Udinese,1531.48303223
1983-01-24,Udinese,1534.50598145
1983-01-31,Udinese,1534.66455078
1983-02-07,Udinese,1538.35583496
1983-02-21,Udinese,1544.13793945
1983-02-28,Udinese,1539.54296875
1983-03-03,Udinese,1537.9942627
1983-03-07,Udinese,1534.53540039
1983-03-14,Udinese,1537.51879883
1983-03-17,Udinese,1540.18969727
1983-03-21,Udinese,1546.55114746
1983-03-28,Udinese,1552.64172363
1983-04-07,Udinese,1554.24475098
1983-04-11,Udinese,1556.10632324
1983-04-21,Udinese,1557.30236816
1983-04-25,Udinese,1532.82702637
1983-05-02,Udinese,1536.2545166
1983-05-09,Udinese,1541.87939453
1983-05-16,Udinese,1538.62207031
1983-05-26,Udinese,1535.94116211
1983-09-13,Udinese,1560.25354004
1983-09-15,Udinese,1565.33740234
1983-09-19,Udinese,1569.83093262
1983-09-26,Udinese,1564.13256836
1983-09-29,Udinese,1579.54541016
1983-10-03,Udinese,1576.35534668
1983-10-10,Udinese,1582.09130859
1983-10-20,Udinese,1579.95031738
1983-10-24,Udinese,1577.2623291
1983-10-31,Udinese,1572.10961914
1983-11-03,Udinese,1583.22570801
1983-11-07,Udinese,1592.68237305
1983-11-21,Udinese,1594.80725098
1983-11-24,Udinese,1594.73510742
1983-11-28,Udinese,1589.67272949
1983-12-05,Udinese,1586.6385498
1983-12-08,Udinese,1580.13952637
1983-12-12,Udinese,1582.12072754
1983-12-19,Udinese,1582.93139648
1984-01-01,Udinese,1591.98730469
1984-01-09,Udinese,1595.80163574
1984-01-16,Udinese,1600.88354492
1984-01-22,Udinese,1600.88354492
1984-01-23,Udinese,1611.14147949
1984-01-29,Udinese,1611.14147949
1984-01-30,Udinese,1614.53479004
1984-02-05,Udinese,1614.53479004
1984-02-09,Udinese,1614.53479004
1984-02-12,Udinese,1614.53479004
1984-02-13,Udinese,1609.57556152
1984-02-19,Udinese,1609.57556152
1984-02-20,Udinese,1619.2746582
1984-02-27,Udinese,1613.17614746
1984-03-01,Udinese,1613.17614746
1984-03-04,Udinese,1613.17614746
1984-03-08,Udinese,1621.32763672
1984-03-11,Udinese,1621.32763672
1984-03-12,Udinese,1617.06933594
1984-03-14,Udinese,1617.06933594
1984-03-17,Udinese,1617.06933594
1984-03-18,Udinese,1617.06933594
1984-03-19,Udinese,1612.78161621
1984-03-22,Udinese,1613.86376953
1984-03-26,Udinese,1617.28137207
1984-03-29,Udinese,1617.28137207
1984-04-02,Udinese,1595.14453125
1984-04-07,Udinese,1595.14453125
1984-04-12,Udinese,1594.99780273
1984-04-16,Udinese,1607.38659668
1984-04-21,Udinese,1607.38659668
1984-04-22,Udinese,1605.64208984
1984-04-24,Udinese,1605.64208984
1984-04-26,Udinese,1618.17248535
1984-04-28,Udinese,1618.17248535
1984-04-29,Udinese,1618.17248535
1984-04-30,Udinese,1622.57409668
1984-05-02,Udinese,1622.57409668
1984-05-03,Udinese,1622.57409668
1984-05-06,Udinese,1622.57409668
1984-05-07,Udinese,1617.00354004
1984-05-08,Udinese,1617.00354004
1984-05-10,Udinese,1617.00354004
1984-05-12,Udinese,1617.00354004
1984-05-14,Udinese,1605.43713379
1984-05-17,Udinese,1609.02648926
1984-05-20,Udinese,1609.02648926
1984-05-24,Udinese,1609.02648926
1984-05-27,Udinese,1609.02648926
1984-05-28,Udinese,1609.02648926
1984-05-31,Udinese,1609.92651367
1984-06-11,Udinese,1609.92651367
1984-06-28,Udinese,1609.92651367
1984-07-02,Udinese,1609.92651367
1984-08-18,Udinese,1609.92651367
1984-08-20,Udinese,1609.92651367
1984-08-23,Udinese,1609.92651367
1984-08-25,Udinese,1609.92651367
1984-08-27,Udinese,1609.92651367
1984-08-30,Udinese,1609.92651367
1984-09-02,Udinese,1609.92651367
1984-09-03,Udinese,1609.92651367
1984-09-05,Udinese,1609.92651367
1984-09-06,Udinese,1609.92651367
1984-09-09,Udinese,1609.92651367
1984-09-10,Udinese,1609.92651367
1984-09-16,Udinese,1609.92651367
1984-09-17,Udinese,1613.97973633
1984-09-19,Udinese,1613.97973633
1984-09-20,Udinese,1614.80358887
1984-09-21,Udinese,1613.01733398
1984-09-22,Udinese,1613.01733398
1984-09-23,Udinese,1613.01733398
1984-09-24,Udinese,1620.01293945
1984-09-30,Udinese,1620.01293945
1984-10-01,Udinese,1615.76342773
1984-10-02,Udinese,1615.76342773
1984-10-04,Udinese,1623.47363281
1984-10-07,Udinese,1623.47363281
1984-10-08,Udinese,1612.13366699
1984-10-11,Udinese,1612.13366699
1984-10-13,Udinese,1612.13366699
1984-10-14,Udinese,1612.13366699
1984-10-15,Udinese,1602.95251465
1984-10-22,Udinese,1609.13586426
1984-10-25,Udinese,1615.70861816
1984-10-27,Udinese,1615.70861816
1984-10-28,Udinese,1615.70861816
1984-10-29,Udinese,1606.91625977
1984-11-01,Udinese,1606.91625977
1984-11-08,Udinese,1603.8918457
1984-11-11,Udinese,1603.8918457
1984-11-12,Udinese,1609.3104248
1984-11-13,Udinese,1609.3104248
1984-11-14,Udinese,1609.3104248
1984-11-18,Udinese,1609.3104248
1984-11-19,Udinese,1606.72387695
1984-11-22,Udinese,1606.72387695
1984-11-25,Udinese,1606.72387695
1984-11-26,Udinese,1595.22924805
1984-11-29,Udinese,1595.82214355
1984-12-03,Udinese,1593.87634277
1984-12-13,Udinese,1598.47265625
1984-12-17,Udinese,1594.44335938
1984-12-24,Udinese,1593.25354004
1985-01-07,Udinese,1588.23620605
1985-01-14,Udinese,1592.95239258
1985-01-21,Udinese,1590.94592285
1985-01-28,Udinese,1607.7598877
1985-02-03,Udinese,1607.7598877
1985-02-11,Udinese,1595.35778809
1985-02-18,Udinese,1591.98937988
1985-02-25,Udinese,1600.02941895
1985-03-04,Udinese,1596.78735352
1985-03-07,Udinese,1597.83447266
1985-03-18,Udinese,1605.06738281
1985-03-21,Udinese,1610.08898926
1985-03-24,Udinese,1610.08898926
1985-03-25,Udinese,1620.62463379
1985-04-01,Udinese,1629.15539551
1985-04-04,Udinese,1629.15539551
1985-04-07,Udinese,1629.15539551
1985-04-08,Udinese,1629.15539551
1985-04-09,Udinese,1629.15539551
1985-04-11,Udinese,1637.4597168
1985-04-14,Udinese,1637.4597168
1985-04-15,Udinese,1635.88769531
1985-04-17,Udinese,1635.88769531
1985-04-20,Udinese,1635.88769531
1985-04-21,Udinese,1635.88769531
1985-04-22,Udinese,1623.62695312
1985-04-25,Udinese,1611.36523438
1985-04-29,Udinese,1622.39624023
1985-05-06,Udinese,1616.66394043
1985-05-07,Udinese,1616.66394043
1985-05-09,Udinese,1616.66394043
1985-05-13,Udinese,1614.18847656
1985-05-19,Udinese,1614.18847656
1985-05-20,Udinese,1602.58703613
1985-05-23,Udinese,1602.58703613
1985-05-30,Udinese,1608.10314941
1985-06-02,Udinese,1608.10314941
1985-06-09,Udinese,1608.10314941
1985-06-16,Udinese,1608.10314941
1985-06-17,Udinese,1608.10314941
1985-06-20,Udinese,1608.10314941
1985-08-04,Udinese,1608.10314941
1985-08-05,Udinese,1608.10314941
1985-08-11,Udinese,1608.10314941
1985-08-12,Udinese,1608.10314941
1985-08-15,Udinese,1608.10314941
1985-08-18,Udinese,1608.10314941
1985-08-21,Udinese,1608.10314941
1985-08-22,Udinese,1608.10314941
1985-08-25,Udinese,1608.10314941
1985-08-27,Udinese,1608.10314941
1985-09-01,Udinese,1608.10314941
1985-09-02,Udinese,1608.10314941
1985-09-04,Udinese,1608.10314941
1985-09-05,Udinese,1608.10314941
1985-09-08,Udinese,1608.10314941
1985-09-09,Udinese,1607.26171875
1985-09-15,Udinese,1607.26171875
1985-09-16,Udinese,1604.99975586
1985-09-19,Udinese,1603.65429688
1985-09-22,Udinese,1603.65429688
1985-09-23,Udinese,1611.10046387
1985-09-30,Udinese,1611.32434082
1985-10-03,Udinese,1626.24353027
1985-10-06,Udinese,1626.24353027
1985-10-07,Udinese,1629.39648438
1985-10-08,Udinese,1629.39648438
1985-10-11,Udinese,1629.39648438
1985-10-12,Udinese,1629.39648438
1985-10-14,Udinese,1624.86999512
1985-10-19,Udinese,1624.86999512
1985-10-20,Udinese,1624.86999512
1985-10-21,Udinese,1627.09570312
1985-10-24,Udinese,1619.95080566
1985-10-27,Udinese,1619.95080566
1985-10-28,Udinese,1614.76635742
1985-11-02,Udinese,1614.76635742
1985-11-03,Udinese,1614.76635742
1985-11-04,Udinese,1605.34179688
1985-11-07,Udinese,1602.72631836
1985-11-10,Udinese,1602.72631836
1985-11-11,Udinese,1602.12255859
1985-11-12,Udinese,1602.12255859
1985-11-18,Udinese,1602.12255859
1985-11-20,Udinese,1602.12255859
1985-11-24,Udinese,1602.12255859
1985-11-25,Udinese,1608.03222656
1985-11-28,Udinese,1607.51342773
1985-12-02,Udinese,1622.11291504
1985-12-04,Udinese,1622.11291504
1985-12-08,Udinese,1622.11291504
1985-12-09,Udinese,1625.2800293
1985-12-12,Udinese,1620.98388672
1985-12-16,Udinese,1618.97790527
1985-12-23,Udinese,1612.0333252
1985-12-27,Udinese,1612.0333252
1985-12-30,Udinese,1612.0333252
1986-01-02,Udinese,1612.0333252
1986-01-06,Udinese,1607.1875
1986-01-12,Udinese,1607.1875
1986-01-13,Udinese,1596.40576172
1986-01-19,Udinese,1596.40576172
1986-01-20,Udinese,1590.46484375
1986-01-27,Udinese,1587.83605957
1986-02-10,Udinese,1595.109375
1986-02-17,Udinese,1598.77624512
1986-02-24,Udinese,1595.07067871
1986-03-02,Udinese,1595.07067871
1986-03-03,Udinese,1593.73339844
1986-03-06,Udinese,1598.55957031
1986-03-09,Udinese,1598.55957031
1986-03-10,Udinese,1601.85693359
1986-03-16,Udinese,1601.85693359
1986-03-17,Udinese,1597.35095215
1986-03-19,Udinese,1597.35095215
1986-03-20,Udinese,1594.58129883
1986-03-24,Udinese,1605.45129395
1986-03-30,Udinese,1605.45129395
1986-04-03,Udinese,1609.61022949
1986-04-06,Udinese,1609.61022949
1986-04-07,Udinese,1614.83337402
1986-04-13,Udinese,1614.83337402
1986-04-14,Udinese,1620.6484375
1986-04-17,Udinese,1612.58276367
1986-04-20,Udinese,1612.58276367
1986-04-21,Udinese,1608.81933594
1986-04-28,Udinese,1603.57971191
1986-05-11,Udinese,1603.57971191
1986-05-12,Udinese,1603.57971191
1986-05-15,Udinese,1603.57971191
1986-05-17,Udinese,1603.57971191
1986-05-19,Udinese,1603.57971191
1986-05-26,Udinese,1603.57971191
1986-06-01,Udinese,1603.57971191
1986-06-09,Udinese,1603.57971191
1986-06-16,Udinese,1603.57971191
1986-06-23,Udinese,1603.57971191
1986-06-29,Udinese,1603.57971191
1986-07-14,Udinese,1603.57971191
1986-07-31,Udinese,1603.57971191
1986-08-18,Udinese,1603.57971191
1986-08-24,Udinese,1603.57971191
1986-08-25,Udinese,1603.57971191
1986-09-01,Udinese,1603.57971191
1986-09-03,Udinese,1603.57971191
1986-09-04,Udinese,1603.57971191
1986-09-11,Udinese,1603.57971191
1986-09-14,Udinese,1603.57971191
1986-09-15,Udinese,1595.28027344
1986-09-18,Udinese,1609.27893066
1986-09-20,Udinese,1609.27893066
1986-09-21,Udinese,1609.27893066
1986-09-22,Udinese,1615.75463867
1986-09-29,Udinese,1615.42114258
1986-10-02,Udinese,1605.24731445
1986-10-03,Udinese,1602.12646484
1986-10-04,Udinese,1602.12646484
1986-10-06,Udinese,1615.00512695
1986-10-12,Udinese,1615.00512695
1986-10-13,Udinese,1612.86584473
1986-10-19,Udinese,1612.86584473
1986-10-20,Udinese,1605.0201416
1986-10-23,Udinese,1607.20617676
1986-10-25,Udinese,1607.20617676
1986-10-26,Udinese,1607.20617676
1986-10-27,Udinese,1610.88513184
1986-11-02,Udinese,1610.88513184
1986-11-03,Udinese,1618.84960938
1986-11-06,Udinese,1622.76477051
1986-11-10,Udinese,1618.05480957
1986-11-17,Udinese,1618.05480957
1986-11-18,Udinese,1618.05480957
1986-11-22,Udinese,1618.05480957
1986-11-23,Udinese,1618.05480957
1986-11-24,Udinese,1616.01574707
1986-11-26,Udinese,1616.01574707
1986-11-27,Udinese,1618.27709961
1986-11-29,Udinese,1618.27709961
1986-11-30,Udinese,1618.27709961
1986-12-01,Udinese,1612.18115234
1986-12-11,Udinese,1619.49243164
1986-12-12,Udinese,1618.99816895
1986-12-14,Udinese,1618.99816895
1986-12-15,Udinese,1624.18908691
1986-12-21,Udinese,1624.18908691
1986-12-22,Udinese,1624.85986328
1986-12-28,Udinese,1624.85986328
1986-12-29,Udinese,1624.85986328
1987-01-04,Udinese,1624.85986328
1987-01-05,Udinese,1623.56140137
1987-01-12,Udinese,1629.26330566
1987-01-19,Udinese,1627.2557373
1987-02-02,Udinese,1613.50817871
1987-02-08,Udinese,1613.50817871
1987-02-09,Udinese,1610.57495117
1987-02-22,Udinese,1610.57495117
1987-02-23,Udinese,1608.05334473
1987-03-01,Udinese,1608.05334473
1987-03-02,Udinese,1603.48535156
1987-03-05,Udinese,1601.69055176
1987-03-09,Udinese,1605.44287109
1987-03-15,Udinese,1605.44287109
1987-03-16,Udinese,1582.41345215
1987-03-19,Udinese,1571.78430176
1987-03-23,Udinese,1567.11328125
1987-03-30,Udinese,1577.32043457
1987-04-06,Udinese,1583.796875
1987-04-13,Udinese,1580.87988281
1987-04-27,Udinese,1574.41955566
1987-05-04,Udinese,1581.53967285
1987-05-11,Udinese,1576.75561523
1987-05-18,Udinese,1576.04272461
1987-07-02,Udinese,1576.04272461
1987-09-14,Udinese,1580.2911377
1987-09-17,Udinese,1576.89904785
1987-09-21,Udinese,1569.59655762
1987-09-28,Udinese,1564.42138672
1987-10-01,Udinese,1579.87536621
1987-10-05,Udinese,1572.0369873
1987-10-12,Udinese,1567.26733398
1987-10-19,Udinese,1571.20349121
1987-10-22,Udinese,1555.40454102
1987-10-26,Udinese,1549.10925293
1987-11-02,Udinese,1552.47595215
1987-11-04,Udinese,1557.18054199
1987-11-05,Udinese,1557.4017334
1987-11-09,Udinese,1550.81140137
1987-11-16,Udinese,1553.87194824
1987-11-23,Udinese,1546.52832031
1987-11-26,Udinese,1543.99084473
1987-11-30,Udinese,1525.95629883
1987-12-07,Udinese,1519.0144043
1987-12-10,Udinese,1518.62121582
1987-12-14,Udinese,1513.88952637
1987-12-21,Udinese,1509.59008789
1988-01-04,Udinese,1527.37878418
1988-01-11,Udinese,1521.64624023
1988-01-18,Udinese,1522.01293945
1988-01-25,Udinese,1525.65002441
1988-02-08,Udinese,1518.46557617
1988-02-15,Udinese,1515.08911133
1988-02-22,Udinese,1518.68005371
1988-03-02,Udinese,1522.95007324
1988-03-03,Udinese,1519.49304199
1988-03-07,Udinese,1523.22497559
1988-03-14,Udinese,1516.01696777
1988-03-16,Udinese,1519.41381836
1988-03-17,Udinese,1519.98535156
1988-03-21,Udinese,1521.74475098
1988-03-28,Udinese,1525.99108887
1988-04-03,Udinese,1527.21777344
1988-04-07,Udinese,1527.5032959
1988-04-11,Udinese,1532.7845459
1988-04-18,Udinese,1534.6427002
1988-04-21,Udinese,1529.41577148
1988-04-25,Udinese,1524.55041504
1988-05-02,Udinese,1530.08825684
1988-05-09,Udinese,1534.53149414
1988-05-16,Udinese,1530.97021484
1988-05-23,Udinese,1523.88708496
1988-05-30,Udinese,1510.3894043
1988-06-06,Udinese,1510.48608398
1988-06-13,Udinese,1513.59667969
1988-06-20,Udinese,1523.10424805
1988-09-08,Udinese,1515.51135254
1988-09-12,Udinese,1508.3137207
1988-09-19,Udinese,1506.93530273
1988-09-26,Udinese,1507.36132812
1988-10-03,Udinese,1510.71826172
1988-10-06,Udinese,1514.14880371
1988-10-07,Udinese,1518.07263184
1988-10-10,Udinese,1521.44494629
1988-10-12,Udinese,1535.55224609
1988-10-17,Udinese,1547.15209961
1988-10-24,Udinese,1551.60058594
1988-10-27,Udinese,1556.40014648
1988-10-31,Udinese,1555.72607422
1988-11-07,Udinese,1559.27148438
1988-11-10,Udinese,1566.90722656
1988-11-11,Udinese,1567.49536133
1988-11-14,Udinese,1570.66943359
1988-11-21,Udinese,1575.07666016
1988-11-24,Udinese,1588.76611328
1988-11-28,Udinese,1576.96643066
1988-12-05,Udinese,1577.31677246
1988-12-08,Udinese,1554.80773926
1988-12-12,Udinese,1562.14099121
1988-12-19,Udinese,1563.03649902
1989-01-01,Udinese,1556.92492676
1989-01-09,Udinese,1562.50537109
1989-01-16,Udinese,1554.5324707
1989-01-23,Udinese,1559.28271484
1989-01-30,Udinese,1554.02905273
1989-02-06,Udinese,1546.80212402
1989-02-13,Udinese,1550.92687988
1989-02-27,Udinese,1546.16662598
1989-03-02,Udinese,1551.52539062
1989-03-06,Udinese,1550.97106934
1989-03-13,Udinese,1547.66809082
1989-03-16,Udinese,1551.26318359
1989-03-20,Udinese,1551.63623047
1989-03-26,Udinese,1556.48120117
1989-04-03,Udinese,1558.55407715
1989-04-06,Udinese,1566.29248047
1989-04-10,Udinese,1570.86254883
1989-04-17,Udinese,1571.67980957
1989-04-20,Udinese,1596.03918457
1989-04-24,Udinese,1588.98339844
1989-05-04,Udinese,1588.05627441
1989-05-08,Udinese,1591.82678223
1989-05-11,Udinese,1586.95385742
1989-05-15,Udinese,1588.66320801
1989-05-18,Udinese,1592.08544922
1989-05-22,Udinese,1600.17321777
1989-05-25,Udinese,1607.6697998
1989-05-29,Udinese,1608.56347656
1989-06-01,Udinese,1608.56347656
1989-06-05,Udinese,1610.49035645
1989-06-12,Udinese,1606.80407715
1989-06-18,Udinese,1606.80407715
1989-06-19,Udinese,1593.74694824
1989-07-03,Udinese,1593.74694824
1989-08-28,Udinese,1593.5925293
1989-09-04,Udinese,1592.33666992
1989-09-07,Udinese,1590.57263184
1989-09-11,Udinese,1589.24890137
1989-09-13,Udinese,1590.44506836
1989-09-14,Udinese,1587.04418945
1989-09-15,Udinese,1587.25622559
1989-09-18,Udinese,1589.48461914
1989-09-25,Udinese,1585.51806641
1989-09-27,Udinese,1585.515625
1989-09-28,Udinese,1570.50793457
1989-10-02,Udinese,1584.40356445
1989-10-09,Udinese,1567.88598633
1989-10-18,Udinese,1570.38647461
1989-10-19,Udinese,1573.52929688
1989-10-23,Udinese,1577.6541748
1989-10-30,Udinese,1583.81469727
1989-11-02,Udinese,1593.73010254
1989-11-06,Udinese,1596.73095703
1989-11-20,Udinese,1599.45422363
1989-11-23,Udinese,1592.39807129
1989-11-27,Udinese,1585.71240234
1989-12-04,Udinese,1594.33178711
1989-12-07,Udinese,1593.79077148
1989-12-11,Udinese,1590.3026123
1989-12-18,Udinese,1576.23217773
1989-12-31,Udinese,1574.37854004
1990-01-08,Udinese,1570.94934082
1990-01-15,Udinese,1574.64819336
1990-01-18,Udinese,1579.63098145
1990-01-22,Udinese,1575.21801758
1990-01-29,Udinese,1572.92907715
1990-02-05,Udinese,1582.0871582
1990-02-12,Udinese,1581.56591797
1990-02-19,Udinese,1585.63745117
1990-02-26,Udinese,1591.57092285
1990-03-05,Udinese,1584.37524414
1990-03-08,Udinese,1592.27575684
1990-03-12,Udinese,1588.96508789
1990-03-19,Udinese,1596.95043945
1990-03-22,Udinese,1601.3203125
1990-03-23,Udinese,1602.0402832
1990-03-26,Udinese,1600.31298828
1990-04-04,Udinese,1605.85559082
1990-04-05,Udinese,1606.33569336
1990-04-08,Udinese,1606.33569336
1990-04-09,Udinese,1601.33312988
1990-04-12,Udinese,1601.33312988
1990-04-15,Udinese,1600.81103516
1990-04-18,Udinese,1602.06384277
1990-04-19,Udinese,1610.70935059
1990-04-21,Udinese,1610.70935059
1990-04-23,Udinese,1615.79699707
1990-04-29,Udinese,1615.79699707
1990-04-30,Udinese,1627.60180664
1990-05-07,Udinese,1627.60180664
1990-05-10,Udinese,1632.11572266
1990-05-13,Udinese,1632.11572266
1990-05-20,Udinese,1632.11572266
1990-05-24,Udinese,1633.97473145
1990-07-03,Udinese,1633.97473145
1990-07-22,Udinese,1633.97473145
1990-08-26,Udinese,1633.97473145
1990-09-10,Udinese,1625.30358887
1990-09-15,Udinese,1625.30358887
1990-09-17,Udinese,1620.80957031
1990-09-19,Udinese,1620.80957031
1990-09-20,Udinese,1619.2298584
1990-09-23,Udinese,1619.2298584
1990-09-24,Udinese,1619.22827148
1990-09-29,Udinese,1619.22827148
1990-09-30,Udinese,1619.22827148
1990-10-01,Udinese,1615.51123047
1990-10-03,Udinese,1615.51123047
1990-10-04,Udinese,1631.34057617
1990-10-07,Udinese,1631.34057617
1990-10-08,Udinese,1642.33166504
1990-10-14,Udinese,1642.33166504
1990-10-15,Udinese,1643.6706543
1990-10-20,Udinese,1643.6706543
1990-10-21,Udinese,1643.6706543
1990-10-22,Udinese,1650.26977539
1990-10-24,Udinese,1650.26977539
1990-10-25,Udinese,1641.94787598
1990-10-27,Udinese,1641.94787598
1990-10-28,Udinese,1641.94787598
1990-10-29,Udinese,1636.00036621
1990-11-05,Udinese,1631.7532959
1990-11-08,Udinese,1650.66027832
1990-11-11,Udinese,1650.66027832
1990-11-12,Udinese,1639.60961914
1990-11-17,Udinese,1639.60961914
1990-11-18,Udinese,1639.60961914
1990-11-19,Udinese,1644.05493164
1990-11-24,Udinese,1644.05493164
1990-11-25,Udinese,1644.05493164
1990-11-26,Udinese,1648.45874023
1990-11-29,Udinese,1648.31994629
1990-12-03,Udinese,1656.91015625
1990-12-08,Udinese,1656.91015625
1990-12-09,Udinese,1656.91015625
1990-12-10,Udinese,1651.21923828
1990-12-13,Udinese,1658.76159668
1990-12-16,Udinese,1658.76159668
1990-12-17,Udinese,1645.50598145
1990-12-30,Udinese,1645.50598145
1990-12-31,Udinese,1654.2833252
1991-01-07,Udinese,1653.70593262
1991-01-14,Udinese,1648.77636719
1991-01-19,Udinese,1648.77636719
1991-01-21,Udinese,1648.47717285
1991-01-28,Udinese,1652.39477539
1991-02-02,Udinese,1652.39477539
1991-02-04,Udinese,1642.30712891
1991-02-11,Udinese,1647.55859375
1991-02-14,Udinese,1647.55859375
1991-02-18,Udinese,1661.21386719
1991-02-20,Udinese,1661.21386719
1991-02-28,Udinese,1661.21386719
1991-03-03,Udinese,1661.21386719
1991-03-04,Udinese,1656.88525391
1991-03-07,Udinese,1655.42785645
1991-03-11,Udinese,1661.50585938
1991-03-14,Udinese,1661.50585938
1991-03-15,Udinese,1661.50585938
1991-03-17,Udinese,1661.50585938
1991-03-18,Udinese,1661.39038086
1991-03-21,Udinese,1647.9276123
1991-03-25,Udinese,1653.25744629
1991-03-31,Udinese,1656.75695801
1991-04-02,Udinese,1656.75695801
1991-04-08,Udinese,1662.8112793
1991-04-11,Udinese,1660.98742676
1991-04-14,Udinese,1660.98742676
1991-04-15,Udinese,1660.98742676
1991-04-17,Udinese,1660.98742676
1991-04-22,Udinese,1662.01843262
1991-04-25,Udinese,1663.00927734
1991-04-28,Udinese,1663.00927734
1991-04-29,Udinese,1654.81298828
1991-05-03,Udinese,1654.81298828
1991-05-05,Udinese,1654.81298828
1991-05-06,Udinese,1657.46191406
1991-05-07,Udinese,1657.46191406
1991-05-08,Udinese,1657.46191406
1991-05-12,Udinese,1657.46191406
1991-05-13,Udinese,1650.25146484
1991-05-14,Udinese,1650.25146484
1991-05-16,Udinese,1650.25146484
1991-05-19,Udinese,1650.25146484
1991-05-20,Udinese,1644.92956543
1991-05-27,Udinese,1638.40771484
1991-06-01,Udinese,1638.40771484
1991-06-03,Udinese,1632.54882812
1991-06-09,Udinese,1632.54882812
1991-06-10,Udinese,1633.10974121
1991-06-16,Udinese,1633.10974121
1991-06-17,Udinese,1628.13928223
1991-07-04,Udinese,1628.13928223
1991-07-28,Udinese,1628.13928223
1991-07-31,Udinese,1628.13928223
1991-08-04,Udinese,1628.13928223
1991-08-06,Udinese,1628.13928223
1991-08-11,Udinese,1628.13928223
1991-08-19,Udinese,1628.13928223
1991-08-22,Udinese,1628.13928223
1991-08-24,Udinese,1628.13928223
1991-08-29,Udinese,1628.13928223
1991-09-01,Udinese,1628.13928223
1991-09-02,Udinese,1623.09228516
1991-09-08,Udinese,1623.09228516
1991-09-09,Udinese,1624.56774902
1991-09-12,Udinese,1624.56774902
1991-09-14,Udinese,1624.56774902
1991-09-15,Udinese,1624.56774902
1991-09-16,Udinese,1629.6151123
1991-09-18,Udinese,1629.6151123
1991-09-19,Udinese,1631.09802246
1991-09-20,Udinese,1629.7512207
1991-09-22,Udinese,1629.7512207
1991-09-23,Udinese,1630.89477539
1991-09-28,Udinese,1630.89477539
1991-09-30,Udinese,1634.26635742
1991-10-02,Udinese,1633.20263672
1991-10-03,Udinese,1617.76831055
1991-10-04,Udinese,1621.82092285
1991-10-06,Udinese,1621.82092285
1991-10-07,Udinese,1622.02941895
1991-10-14,Udinese,1624.28259277
1991-10-20,Udinese,1624.28259277
1991-10-21,Udinese,1629.13513184
1991-10-24,Udinese,1629.73815918
1991-10-25,Udinese,1630.86132812
1991-10-27,Udinese,1630.86132812
1991-10-28,Udinese,1632.20007324
1991-11-01,Udinese,1632.20007324
1991-11-03,Udinese,1632.20007324
1991-11-04,Udinese,1628.91345215
1991-11-06,Udinese,1628.91345215
1991-11-07,Udinese,1632.16918945
1991-11-10,Udinese,1632.16918945
1991-11-11,Udinese,1639.42333984
1991-11-17,Udinese,1639.42333984
1991-11-18,Udinese,1648.04541016
1991-11-25,Udinese,1652.38659668
1991-11-28,Udinese,1657.51843262
1991-12-02,Udinese,1645.1427002
1991-12-07,Udinese,1645.1427002
1991-12-09,Udinese,1633.85656738
1991-12-11,Udinese,1633.85656738
1991-12-12,Udinese,1633.84301758
1991-12-13,Udinese,1633.84301758
1991-12-14,Udinese,1633.84301758
1991-12-15,Udinese,1633.84301758
1991-12-16,Udinese,1633.31677246
1991-12-22,Udinese,1633.31677246
1991-12-23,Udinese,1638.19042969
1991-12-27,Udinese,1638.19042969
1992-01-02,Udinese,1638.19042969
1992-01-05,Udinese,1638.19042969
1992-01-06,Udinese,1638.19042969
1992-01-12,Udinese,1638.19042969
1992-01-13,Udinese,1627.27648926
1992-01-20,Udinese,1631.92626953
1992-01-26,Udinese,1631.92626953
1992-01-27,Udinese,1632.45336914
1992-02-02,Udinese,1632.45336914
1992-02-03,Udinese,1627.71606445
1992-02-10,Udinese,1628.26525879
1992-02-17,Udinese,1623.13061523
1992-02-23,Udinese,1623.13061523
1992-02-24,Udinese,1612.43493652
1992-03-01,Udinese,1612.43493652
1992-03-02,Udinese,1606.70227051
1992-03-04,Udinese,1606.70227051
1992-03-05,Udinese,1607.95532227
1992-03-07,Udinese,1607.95532227
1992-03-08,Udinese,1607.95532227
1992-03-09,Udinese,1607.95532227
1992-03-15,Udinese,1607.95532227
1992-03-16,Udinese,1592.78259277
1992-03-19,Udinese,1595.00183105
1992-03-20,Udinese,1595.17602539
1992-03-23,Udinese,1598.50537109
1992-03-30,Udinese,1594.88586426
1992-04-02,Udinese,1595.37536621
1992-04-06,Udinese,1589.18786621
1992-04-13,Udinese,1593.39257812
1992-04-16,Udinese,1595.61889648
1992-04-19,Udinese,1588.5715332
1992-04-30,Udinese,1585.50878906
1992-05-04,Udinese,1588.82958984
1992-05-11,Udinese,1593.14086914
1992-05-14,Udinese,1592.80187988
1992-05-18,Udinese,1604.11181641
1992-05-21,Udinese,1600.39550781
1992-05-22,Udinese,1600.39550781
1992-05-24,Udinese,1600.39550781
1992-05-25,Udinese,1595.6151123
1992-06-01,Udinese,1599.66186523
1992-06-08,Udinese,1607.67749023
1992-06-15,Udinese,1623.26416016
1992-06-22,Udinese,1623.26416016
1992-06-30,Udinese,1623.26416016
1992-07-02,Udinese,1623.26416016
1992-07-18,Udinese,1623.26416016
1992-07-31,Udinese,1623.26416016
1992-08-09,Udinese,1623.26416016
1992-08-15,Udinese,1623.26416016
1992-08-16,Udinese,1623.26416016
1992-08-17,Udinese,1623.26416016
1992-08-23,Udinese,1623.26416016
1992-08-24,Udinese,1623.26416016
1992-08-29,Udinese,1623.26416016
1992-08-30,Udinese,1623.26416016
1992-09-02,Udinese,1623.26416016
1992-09-06,Udinese,1623.26416016
1992-09-07,Udinese,1633.56176758
1992-09-12,Udinese,1633.56176758
1992-09-14,Udinese,1629.03918457
1992-09-17,Udinese,1635.46789551
1992-09-20,Udinese,1635.46789551
1992-09-21,Udinese,1630.27233887
1992-09-27,Udinese,1630.27233887
1992-09-28,Udinese,1626.86706543
1992-09-30,Udinese,1626.87451172
1992-10-01,Udinese,1627.94702148
1992-10-02,Udinese,1628.39001465
1992-10-04,Udinese,1628.39001465
1992-10-05,Udinese,1638.36486816
1992-10-10,Udinese,1638.36486816
1992-10-12,Udinese,1638.36486816
1992-10-18,Udinese,1638.36486816
1992-10-19,Udinese,1652.74645996
1992-10-21,Udinese,1653.95800781
1992-10-22,Udinese,1644.74267578
1992-10-23,Udinese,1638.5657959
1992-10-26,Udinese,1636.40246582
1992-11-01,Udinese,1636.40246582
1992-11-02,Udinese,1636.81298828
1992-11-04,Udinese,1636.73937988
1992-11-05,Udinese,1641.50402832
1992-11-06,Udinese,1638.93786621
1992-11-08,Udinese,1638.93786621
1992-11-09,Udinese,1635.26721191
1992-11-16,Udinese,1635.26721191
1992-11-22,Udinese,1635.26721191
1992-11-23,Udinese,1647.83850098
1992-11-25,Udinese,1647.83850098
1992-11-26,Udinese,1650.1986084
1992-11-30,Udinese,1644.88146973
1992-12-03,Udinese,1644.88146973
1992-12-06,Udinese,1644.88146973
1992-12-07,Udinese,1653.7064209
1992-12-10,Udinese,1656.93786621
1992-12-11,Udinese,1658.15759277
1992-12-13,Udinese,1658.15759277
1992-12-14,Udinese,1665.66455078
1992-12-20,Udinese,1665.66455078
1993-01-04,Udinese,1660.47619629
1993-01-10,Udinese,1660.47619629
1993-01-11,Udinese,1676.05993652
1993-01-18,Udinese,1669.22375488
1993-01-19,Udinese,1669.22375488
1993-01-25,Udinese,1661.48352051
1993-01-28,Udinese,1661.48352051
1993-01-31,Udinese,1661.48352051
1993-02-01,Udinese,1668.37072754
1993-02-08,Udinese,1676.15209961
1993-02-11,Udinese,1676.15209961
1993-02-15,Udinese,1672.47741699
1993-02-21,Udinese,1672.47741699
1993-02-22,Udinese,1672.47741699
1993-02-25,Udinese,1672.47741699
1993-02-26,Udinese,1672.47741699
1993-02-28,Udinese,1672.47741699
1993-03-01,Udinese,1678.65820312
1993-03-03,Udinese,1679.3203125
1993-03-04,Udinese,1682.97595215
1993-03-05,Udinese,1681.85339355
1993-03-07,Udinese,1681.85339355
1993-03-08,Udinese,1683.28198242
1993-03-15,Udinese,1678.01818848
1993-03-17,Udinese,1683.02429199
1993-03-18,Udinese,1687.83483887
1993-03-19,Udinese,1681.73498535
1993-03-21,Udinese,1681.73498535
1993-03-22,Udinese,1690.75793457
1993-03-25,Udinese,1690.75793457
1993-03-29,Udinese,1684.6340332
1993-04-03,Udinese,1684.6340332
1993-04-04,Udinese,1684.6340332
1993-04-05,Udinese,1685.88183594
1993-04-07,Udinese,1689.00964355
1993-04-08,Udinese,1689.97827148
1993-04-11,Udinese,1685.22045898
1993-04-15,Udinese,1685.22045898
1993-04-19,Udinese,1676.71765137
1993-04-22,Udinese,1677.21533203
1993-04-23,Udinese,1679.43920898
1993-04-26,Udinese,1684.95861816
1993-04-28,Udinese,1684.95861816
1993-05-01,Udinese,1684.95861816
1993-05-02,Udinese,1684.95861816
1993-05-06,Udinese,1688.75305176
1993-05-08,Udinese,1688.75305176
1993-05-09,Udinese,1688.75305176
1993-05-10,Udinese,1693.66223145
1993-05-12,Udinese,1693.66223145
1993-05-13,Udinese,1695.67736816
1993-05-15,Udinese,1695.67736816
1993-05-17,Udinese,1692.31774902
1993-05-20,Udinese,1692.79089355
1993-05-24,Udinese,1697.06445312
1993-05-27,Udinese,1692.37280273
1993-05-30,Udinese,1692.37280273
1993-05-31,Udinese,1697.93737793
1993-06-06,Udinese,1697.93737793
1993-06-07,Udinese,1703.34631348
1993-06-13,Udinese,1715.17504883
1993-06-21,Udinese,1715.17504883
1993-08-01,Udinese,1715.17504883
1993-08-08,Udinese,1715.17504883
1993-08-22,Udinese,1715.17504883
1993-08-29,Udinese,1715.17504883
1993-08-30,Udinese,1708.15710449
1993-09-02,Udinese,1708.15710449
1993-09-06,Udinese,1720.80517578
1993-09-09,Udinese,1719.87194824
1993-09-12,Udinese,1719.87194824
1993-09-13,Udinese,1716.17114258
1993-09-15,Udinese,1716.25842285
1993-09-16,Udinese,1716.95422363
1993-09-17,Udinese,1715.80029297
1993-09-20,Udinese,1704.87121582
1993-09-26,Udinese,1704.87121582
1993-09-27,Udinese,1701.04296875
1993-09-29,Udinese,1701.11437988
1993-09-30,Udinese,1703.88244629
1993-10-03,Udinese,1703.88244629
1993-10-04,Udinese,1707.65185547
1993-10-10,Udinese,1707.65185547
1993-10-17,Udinese,1707.65185547
1993-10-18,Udinese,1709.26550293
1993-10-21,Udinese,1709.24487305
1993-10-25,Udinese,1702.87414551
1993-10-28,Udinese,1702.87414551
1993-10-29,Udinese,1702.87414551
1993-10-31,Udinese,1702.87414551
1993-11-01,Udinese,1699.34301758
1993-11-03,Udinese,1699.39379883
1993-11-04,Udinese,1696.9855957
1993-11-05,Udinese,1689.20910645
1993-11-08,Udinese,1668.2545166
1993-11-11,Udinese,1668.2545166
1993-11-14,Udinese,1668.2545166
1993-11-21,Udinese,1668.2545166
1993-11-22,Udinese,1670.79101562
1993-11-25,Udinese,1674.4798584
1993-11-26,Udinese,1677.01855469
1993-11-28,Udinese,1677.01855469
1993-11-29,Udinese,1675.24108887
1993-12-02,Udinese,1676.58776855
1993-12-05,Udinese,1676.58776855
1993-12-06,Udinese,1681.00585938
1993-12-09,Udinese,1681.75878906
1993-12-12,Udinese,1681.75878906
1993-12-13,Udinese,1686.72924805
1993-12-19,Udinese,1686.72924805
1993-12-20,Udinese,1691.09887695
1994-01-02,Udinese,1691.09887695
1994-01-03,Udinese,1680.80786133
1994-01-10,Udinese,1695.84851074
1994-01-17,Udinese,1694.98754883
1994-01-24,Udinese,1713.74182129
1994-01-29,Udinese,1713.74182129
1994-01-31,Udinese,1713.1418457
1994-02-07,Udinese,1707.74487305
1994-02-10,Udinese,1707.74487305
1994-02-13,Udinese,1707.74487305
1994-02-14,Udinese,1718.58312988
1994-02-20,Udinese,1718.58312988
1994-02-21,Udinese,1710.25292969
1994-02-23,Udinese,1710.25292969
1994-02-27,Udinese,1710.25292969
1994-02-28,Udinese,1714.90368652
1994-03-02,Udinese,1718.36364746
1994-03-03,Udinese,1717.22094727
1994-03-04,Udinese,1718.26220703
1994-03-07,Udinese,1715.44494629
1994-03-12,Udinese,1715.44494629
1994-03-14,Udinese,1715.5267334
1994-03-16,Udinese,1712.14282227
1994-03-17,Udinese,1713.88427734
1994-03-18,Udinese,1712.54516602
1994-03-21,Udinese,1703.94311523
1994-03-27,Udinese,1703.94311523
1994-03-28,Udinese,1700.49304199
1994-03-30,Udinese,1699.69506836
1994-03-31,Udinese,1696.64453125
1994-04-03,Udinese,1696.64453125
1994-04-05,Udinese,1699.18469238
1994-04-06,Udinese,1699.18469238
1994-04-07,Udinese,1699.18469238
1994-04-10,Udinese,1699.18469238
1994-04-11,Udinese,1710.40661621
1994-04-13,Udinese,1710.40661621
1994-04-14,Udinese,1713.34851074
1994-04-18,Udinese,1721.32385254
1994-04-25,Udinese,1718.34973145
1994-04-27,Udinese,1720.96679688
1994-04-28,Udinese,1721.81323242
1994-05-01,Udinese,1721.81323242
1994-05-02,Udinese,1719.65893555
1994-05-05,Udinese,1715.92358398
1994-05-12,Udinese,1716.56347656
1994-05-15,Udinese,1716.56347656
1994-05-19,Udinese,1721.06677246
1994-07-14,Udinese,1721.06677246
1994-08-02,Udinese,1721.06677246
1994-08-24,Udinese,1721.06677246
1994-08-25,Udinese,1721.06677246
1994-08-29,Udinese,1721.06677246
1994-09-01,Udinese,1721.06677246
1994-09-05,Udinese,1721.42102051
1994-09-11,Udinese,1721.42102051
1994-09-12,Udinese,1723.33068848
1994-09-14,Udinese,1720.82849121
1994-09-15,Udinese,1715.1875
1994-09-16,Udinese,1715.25317383
1994-09-18,Udinese,1715.25317383
1994-09-19,Udinese,1706.07653809
1994-09-24,Udinese,1706.07653809
1994-09-25,Udinese,1706.07653809
1994-09-26,Udinese,1700.10791016
1994-09-28,Udinese,1703.62561035
1994-09-29,Udinese,1704.33520508
1994-09-30,Udinese,1701.63891602
1994-10-02,Udinese,1701.63891602
1994-10-03,Udinese,1712.23059082
1994-10-10,Udinese,1706.56201172
1994-10-15,Udinese,1706.56201172
1994-10-17,Udinese,1705.41357422
1994-10-19,Udinese,1707.03637695
1994-10-20,Udinese,1705.78588867
1994-10-21,Udinese,1706.59448242
1994-10-23,Udinese,1706.59448242
1994-10-24,Udinese,1700.7388916
1994-10-31,Udinese,1706.76831055
1994-11-02,Udinese,1707.84460449
1994-11-03,Udinese,1708.26916504
1994-11-04,Udinese,1708.18579102
1994-11-06,Udinese,1708.18579102
1994-11-07,Udinese,1705.86682129
1994-11-10,Udinese,1705.86682129
1994-11-14,Udinese,1701.05737305
1994-11-20,Udinese,1701.05737305
1994-11-21,Udinese,1701.05737305
1994-11-23,Udinese,1699.85949707
1994-11-24,Udinese,1692.32421875
1994-11-25,Udinese,1691.93310547
1994-11-27,Udinese,1691.93310547
1994-11-28,Udinese,1703.04138184
1994-12-03,Udinese,1697.34533691
1994-12-04,Udinese,1697.34533691
1994-12-05,Udinese,1689.58276367
1994-12-07,Udinese,1692.79980469
1994-12-08,Udinese,1695.67700195
1994-12-11,Udinese,1695.67700195
1994-12-12,Udinese,1700.34411621
1994-12-18,Udinese,1700.34411621
1994-12-19,Udinese,1703.34741211
1994-12-24,Udinese,1689.10437012
1994-12-29,Udinese,1689.10437012
1995-01-09,Udinese,1688.0222168
1995-01-16,Udinese,1692.38879395
1995-01-23,Udinese,1704.64831543
1995-01-30,Udinese,1707.27197266
1995-02-02,Udinese,1707.27197266
1995-02-04,Udinese,1707.27197266
1995-02-05,Udinese,1707.27197266
1995-02-13,Udinese,1712.95849609
1995-02-19,Udinese,1712.95849609
1995-02-20,Udinese,1715.99450684
1995-02-27,Udinese,1707.5489502
1995-03-02,Udinese,1710.30322266
1995-03-03,Udinese,1707.51733398
1995-03-05,Udinese,1707.51733398
1995-03-06,Udinese,1699.74035645
1995-03-10,Udinese,1699.74035645
1995-03-12,Udinese,1699.74035645
1995-03-13,Udinese,1711.51635742
1995-03-15,Udinese,1712.20300293
1995-03-16,Udinese,1713.2421875
1995-03-17,Udinese,1714.59436035
1995-03-19,Udinese,1714.59436035
1995-03-20,Udinese,1708.4675293
1995-03-23,Udinese,1708.4675293
1995-03-25,Udinese,1708.4675293
1995-03-26,Udinese,1708.4675293
1995-03-27,Udinese,1707.61608887
1995-04-01,Udinese,1707.61608887
1995-04-02,Udinese,1707.61608887
1995-04-03,Udinese,1715.15783691
1995-04-05,Udinese,1714.41687012
1995-04-06,Udinese,1717.0447998
1995-04-07,Udinese,1716.32531738
1995-04-08,Udinese,1716.32531738
1995-04-10,Udinese,1717.83911133
1995-04-15,Udinese,1717.83911133
1995-04-16,Udinese,1707.8626709
1995-04-18,Udinese,1707.8626709
1995-04-19,Udinese,1715.41796875
1995-04-20,Udinese,1716.75500488
1995-04-21,Udinese,1715.40979004
1995-04-24,Udinese,1719.23352051
1995-04-30,Udinese,1719.23352051
1995-05-01,Udinese,1723.68969727
1995-05-08,Udinese,1729.31604004
1995-05-14,Udinese,1729.31604004
1995-05-15,Udinese,1735.09509277
1995-05-21,Udinese,1735.09509277
1995-05-22,Udinese,1726.50048828
1995-05-25,Udinese,1722.8347168
1995-05-29,Udinese,1717.52319336
1995-06-05,Udinese,1729.94787598
1995-06-11,Udinese,1729.94787598
1995-06-12,Udinese,1733.35095215
1995-06-19,Udinese,1733.35095215
1995-07-02,Udinese,1733.35095215
1995-07-27,Udinese,1733.35095215
1995-08-05,Udinese,1733.35095215
1995-08-09,Udinese,1733.35095215
1995-08-11,Udinese,1733.35095215
1995-08-19,Udinese,1733.35095215
1995-08-23,Udinese,1733.35095215
1995-08-25,Udinese,1733.35095215
1995-08-27,Udinese,1733.35095215
1995-08-28,Udinese,1739.87316895
1995-08-31,Udinese,1739.87316895
1995-09-03,Udinese,1739.87316895
1995-09-04,Udinese,1739.87316895
1995-09-10,Udinese,1739.87316895
1995-09-11,Udinese,1737.64501953
1995-09-13,Udinese,1737.96008301
1995-09-14,Udinese,1742.13952637
1995-09-15,Udinese,1742.15539551
1995-09-17,Udinese,1742.15539551
1995-09-18,Udinese,1747.54309082
1995-09-25,Udinese,1753.87182617
1995-09-27,Udinese,1745.50317383
1995-09-28,Udinese,1746.27893066
1995-09-29,Udinese,1746.28222656
1995-10-02,Udinese,1741.96679688
1995-10-08,Udinese,1741.96679688
1995-10-15,Udinese,1741.96679688
1995-10-16,Udinese,1739.37194824
1995-10-18,Udinese,1739.3503418
1995-10-19,Udinese,1739.75891113
1995-10-20,Udinese,1733.24926758
1995-10-23,Udinese,1738.65197754
1995-10-29,Udinese,1738.65197754
1995-10-30,Udinese,1741.00012207
1995-11-01,Udinese,1729.2220459
1995-11-02,Udinese,1731.55456543
1995-11-03,Udinese,1738.23181152
1995-11-04,Udinese,1738.23181152
1995-11-06,Udinese,1748.0814209
1995-11-20,Udinese,1743.60168457
1995-11-22,Udinese,1742.17089844
1995-11-23,Udinese,1737.39379883
1995-11-24,Udinese,1738.76879883
1995-11-27,Udinese,1734.86962891
1995-12-02,Udinese,1734.86962891
1995-12-04,Udinese,1734.5670166
1995-12-06,Udinese,1737.0222168
1995-12-07,Udinese,1735.7088623
1995-12-08,Udinese,1735.99682617
1995-12-11,Udinese,1728.61572266
1995-12-18,Udinese,1733.74462891
1995-12-24,Udinese,1721.09362793
1996-01-04,Udinese,1721.09362793
1996-01-07,Udinese,1721.09362793
1996-01-08,Udinese,1735.33129883
1996-01-15,Udinese,1741.81848145
1996-01-22,Udinese,1733.1295166
1996-01-29,Udinese,1724.41235352
1996-02-01,Udinese,1724.41235352
1996-02-05,Udinese,1726.93603516
1996-02-12,Udinese,1726.18579102
1996-02-19,Udinese,1737.57727051
1996-02-25,Udinese,1737.57727051
1996-02-26,Udinese,1738.17504883
1996-03-04,Udinese,1730.33410645
1996-03-06,Udinese,1724.70239258
1996-03-08,Udinese,1725.7043457
1996-03-10,Udinese,1725.7043457
1996-03-11,Udinese,1732.96459961
1996-03-17,Udinese,1732.96459961
1996-03-20,Udinese,1723.74133301
1996-03-21,Udinese,1727.32006836
1996-03-22,Udinese,1721.07177734
1996-03-25,Udinese,1712.29077148
1996-04-01,Udinese,1698.90722656
1996-04-02,Udinese,1698.90722656
1996-04-04,Udinese,1700.65515137
1996-04-05,Udinese,1700.65515137
1996-04-07,Udinese,1697.93920898
1996-04-10,Udinese,1697.93920898
1996-04-11,Udinese,1696.29992676
1996-04-15,Udinese,1703.95288086
1996-04-17,Udinese,1703.95288086
1996-04-18,Udinese,1704.09521484
1996-04-19,Udinese,1704.09521484
1996-04-20,Udinese,1704.09521484
1996-04-22,Udinese,1712.45385742
1996-04-28,Udinese,1712.45385742
1996-04-29,Udinese,1703.61303711
1996-05-02,Udinese,1703.61303711
1996-05-05,Udinese,1703.61303711
1996-05-06,Udinese,1699.51306152
1996-05-09,Udinese,1699.51306152
1996-05-12,Udinese,1699.51306152
1996-05-13,Udinese,1694.91455078
1996-05-19,Udinese,1694.91455078
1996-05-23,Udinese,1695.05029297
1996-05-26,Udinese,1695.05029297
1996-06-02,Udinese,1695.05029297
1996-07-07,Udinese,1695.05029297
1996-07-25,Udinese,1695.05029297
1996-08-04,Udinese,1695.05029297
1996-08-08,Udinese,1695.05029297
1996-08-18,Udinese,1695.05029297
1996-08-19,Udinese,1695.05029297
1996-08-21,Udinese,1695.05029297
1996-08-25,Udinese,1695.05029297
1996-08-29,Udinese,1695.05029297
1996-09-08,Udinese,1695.05029297
1996-09-09,Udinese,1686.85632324
1996-09-11,Udinese,1693.6619873
1996-09-12,Udinese,1689.36340332
1996-09-13,Udinese,1689.23059082
1996-09-16,Udinese,1703.76647949
1996-09-21,Udinese,1703.76647949
1996-09-22,Udinese,1703.76647949
1996-09-23,Udinese,1715.74023438
1996-09-25,Udinese,1707.21447754
1996-09-26,Udinese,1711.44885254
1996-09-27,Udinese,1711.71655273
1996-09-28,Udinese,1711.71655273
1996-09-30,Udinese,1706.48046875
1996-10-06,Udinese,1706.48046875
1996-10-10,Udinese,1706.48046875
1996-10-13,Udinese,1706.48046875
1996-10-14,Udinese,1710.58911133
1996-10-16,Udinese,1704.06738281
1996-10-17,Udinese,1699.13378906
1996-10-18,Udinese,1698.9675293
1996-10-20,Udinese,1698.9675293
1996-10-21,Udinese,1696.2199707
1996-10-24,Udinese,1696.2199707
1996-10-28,Udinese,1689.71789551
1996-10-30,Udinese,1678.17419434
1996-10-31,Udinese,1680.9588623
1996-11-01,Udinese,1682.86132812
1996-11-04,Udinese,1686.0814209
1996-11-07,Udinese,1686.0814209
1996-11-17,Udinese,1686.0814209
1996-11-18,Udinese,1680.3404541
1996-11-19,Udinese,1680.3404541
1996-11-20,Udinese,1682.87524414
1996-11-21,Udinese,1684.36071777
1996-11-23,Udinese,1684.36071777
1996-11-29,Udinese,1687.24560547
1996-11-30,Udinese,1687.24560547
1996-12-01,Udinese,1687.24560547
1996-12-02,Udinese,1697.95593262
1996-12-04,Udinese,1698.6373291
1996-12-05,Udinese,1693.45922852
1996-12-08,Udinese,1693.45922852
1996-12-09,Udinese,1690.94787598
1996-12-12,Udinese,1681.4041748
1996-12-15,Udinese,1681.4041748
1996-12-16,Udinese,1692.04187012
1996-12-19,Udinese,1692.04187012
1996-12-21,Udinese,1692.04187012
1996-12-23,Udinese,1683.97888184
1997-01-05,Udinese,1683.97888184
1997-01-06,Udinese,1676.60961914
1997-01-13,Udinese,1679.60852051
1997-01-20,Udinese,1687.24499512
1997-01-27,Udinese,1692.87915039
1997-02-03,Udinese,1684.23132324
1997-02-16,Udinese,1684.23132324
1997-02-17,Udinese,1689.06738281
1997-02-20,Udinese,1689.06738281
1997-02-22,Udinese,1689.06738281
1997-02-23,Udinese,1689.06738281
1997-02-24,Udinese,1691.87353516
1997-03-02,Udinese,1691.87353516
1997-03-03,Udinese,1689.34411621
1997-03-05,Udinese,1689.92443848
1997-03-06,Udinese,1690.04077148
1997-03-07,Udinese,1694.80749512
1997-03-09,Udinese,1694.80749512
1997-03-10,Udinese,1688.40893555
1997-03-12,Udinese,1688.40893555
1997-03-13,Udinese,1688.40893555
1997-03-15,Udinese,1688.40893555
1997-03-16,Udinese,1688.40893555
1997-03-17,Udinese,1691.97717285
1997-03-19,Udinese,1692.73876953
1997-03-20,Udinese,1693.53417969
1997-03-21,Udinese,1691.70617676
1997-03-22,Udinese,1691.70617676
1997-03-24,Udinese,1692.71118164
1997-03-29,Udinese,1692.71118164
1997-03-30,Udinese,1692.71118164
1997-03-31,Udinese,1692.71118164
1997-04-06,Udinese,1692.71118164
1997-04-07,Udinese,1700.76745605
1997-04-09,Udinese,1704.60766602
1997-04-10,Udinese,1707.19567871
1997-04-11,Udinese,1709.31799316
1997-04-14,Udinese,1736.28222656
1997-04-17,Udinese,1736.28222656
1997-04-20,Udinese,1736.28222656
1997-04-21,Udinese,1754.99365234
1997-04-23,Udinese,1756.07263184
1997-04-24,Udinese,1758.08825684
1997-04-25,Udinese,1751.02478027
1997-05-04,Udinese,1751.02478027
1997-05-05,Udinese,1749.26184082
1997-05-08,Udinese,1747.40808105
1997-05-12,Udinese,1758.39233398
1997-05-16,Udinese,1762.99780273
1997-05-19,Udinese,1753.86791992
1997-05-22,Udinese,1754.39489746
1997-05-25,Udinese,1754.39489746
1997-05-26,Udinese,1762.26086426
1997-05-29,Udinese,1756.63244629
1997-06-01,Udinese,1756.63244629
1997-06-02,Udinese,1775.05297852
1997-08-02,Udinese,1775.05297852
1997-08-10,Udinese,1775.05297852
1997-08-14,Udinese,1777.65161133
1997-08-24,Udinese,1777.65161133
1997-08-28,Udinese,1778.76708984
1997-08-30,Udinese,1778.76708984
1997-09-01,Udinese,1767.59338379
1997-09-02,Udinese,1767.59338379
1997-09-07,Udinese,1767.59338379
1997-09-14,Udinese,1772.77416992
1997-09-17,Udinese,1763.03527832
1997-09-18,Udinese,1764.42248535
1997-09-19,Udinese,1766.59057617
1997-09-20,Udinese,1766.59057617
1997-09-21,Udinese,1766.59057617
1997-09-22,Udinese,1772.10900879
1997-09-28,Udinese,1764.54162598
1997-10-01,Udinese,1775.75976562
1997-10-02,Udinese,1773.56433105
1997-10-03,Udinese,1774.21569824
1997-10-04,Udinese,1774.21569824
1997-10-06,Udinese,1779.81604004
1997-10-09,Udinese,1779.81604004
1997-10-15,Udinese,1779.81604004
1997-10-17,Udinese,1779.81604004
1997-10-19,Udinese,1772.75964355
1997-10-22,Udinese,1763.44726562
1997-10-23,Udinese,1765.68347168
1997-10-24,Udinese,1767.13342285
1997-11-02,Udinese,1762.26086426
1997-11-05,Udinese,1766.3470459
1997-11-06,Udinese,1763.2701416
1997-11-07,Udinese,1763.30944824
1997-11-09,Udinese,1763.30944824
1997-11-10,Udinese,1767.9979248
1997-11-23,Udinese,1767.9979248
1997-11-24,Udinese,1781.66137695
1997-11-26,Udinese,1779.29772949
1997-11-27,Udinese,1773.14953613
1997-11-28,Udinese,1770.60998535
1997-12-01,Udinese,1782.33166504
1997-12-08,Udinese,1785.52111816
1997-12-10,Udinese,1791.83251953
1997-12-11,Udinese,1792.40197754
1997-12-15,Udinese,1790.43432617
1997-12-22,Udinese,1798.34936523
1998-01-05,Udinese,1808.04943848
1998-01-06,Udinese,1808.04943848
1998-01-12,Udinese,1801.22644043
1998-01-19,Udinese,1799.80358887
1998-01-20,Udinese,1799.80358887
1998-01-25,Udinese,1799.80358887
1998-01-26,Udinese,1806.17810059
1998-02-02,Udinese,1800.23022461
1998-02-09,Udinese,1803.82653809
1998-02-12,Udinese,1805.30505371
1998-02-15,Udinese,1805.30505371
1998-02-16,Udinese,1802.84008789
1998-02-23,Udinese,1819.15344238
1998-03-02,Udinese,1807.90869141
1998-03-04,Udinese,1809.72912598
1998-03-05,Udinese,1807.28552246
1998-03-06,Udinese,1811.47106934
1998-03-08,Udinese,1811.47106934
1998-03-09,Udinese,1811.26428223
1998-03-15,Udinese,1811.26428223
1998-03-16,Udinese,1821.1550293
1998-03-18,Udinese,1824.95861816
1998-03-19,Udinese,1829.93920898
1998-03-20,Udinese,1831.34069824
1998-03-23,Udinese,1834.53540039
1998-03-29,Udinese,1822.37731934
1998-03-31,Udinese,1823.92822266
1998-04-02,Udinese,1827.30224609
1998-04-03,Udinese,1828.36633301
1998-04-05,Udinese,1828.36633301
1998-04-06,Udinese,1817.0871582
1998-04-09,Udinese,1817.0871582
1998-04-12,Udinese,1820.87426758
1998-04-15,Udinese,1823.21411133
1998-04-16,Udinese,1823.1048584
1998-04-17,Udinese,1818.24609375
1998-04-20,Udinese,1813.1505127
1998-04-27,Udinese,1820.78295898
1998-05-03,Udinese,1820.78295898
1998-05-04,Udinese,1827.07568359
1998-05-11,Udinese,1829.66784668
1998-05-17,Udinese,1839.35888672
1998-05-21,Udinese,1834.93811035
1998-08-13,Udinese,1834.98840332
1998-08-27,Udinese,1835.0065918
1998-09-13,Udinese,1830.11694336
1998-09-16,Udinese,1823.97473145
1998-09-17,Udinese,1817.33581543
1998-09-18,Udinese,1815.29333496
1998-09-21,Udinese,1827.43762207
1998-09-27,Udinese,1830.34875488
1998-09-30,Udinese,1827.18164062
1998-10-01,Udinese,1827.25805664
1998-10-02,Udinese,1829.70483398
1998-10-05,Udinese,1824.33837891
1998-10-19,Udinese,1822.48962402
1998-10-21,Udinese,1824.78051758
1998-10-22,Udinese,1825.31274414
1998-10-23,Udinese,1823.51806641
1998-10-26,Udinese,1815.89099121
1998-11-01,Udinese,1804.87255859
1998-11-04,Udinese,1810.38049316
1998-11-05,Udinese,1807.51782227
1998-11-06,Udinese,1810.79077148
1998-11-09,Udinese,1810.95593262
1998-11-11,Udinese,1810.95593262
1998-11-15,Udinese,1810.95593262
1998-11-16,Udinese,1802.28637695
1998-11-23,Udinese,1806.00598145
1998-11-25,Udinese,1810.31506348
1998-11-26,Udinese,1812.40405273
1998-11-30,Udinese,1815.36120605
1998-12-03,Udinese,1814.25708008
1998-12-07,Udinese,1802.66040039
1998-12-09,Udinese,1804.34155273
1998-12-10,Udinese,1808.71044922
1998-12-14,Udinese,1800.27770996
1998-12-21,Udinese,1793.7767334
1999-01-04,Udinese,1793.7767334
1999-01-07,Udinese,1796.88439941
1999-01-10,Udinese,1796.88439941
1999-01-11,Udinese,1807.25817871
1999-01-18,Udinese,1801.20178223
1999-01-25,Udinese,1801.58874512
1999-01-31,Udinese,1801.58874512
1999-02-01,Udinese,1809.21520996
1999-02-08,Udinese,1815.73974609
1999-02-15,Udinese,1822.19177246
1999-02-21,Udinese,1822.19177246
1999-02-22,Udinese,1828.13574219
1999-02-28,Udinese,1828.13574219
1999-03-01,Udinese,1818.63354492
1999-03-03,Udinese,1822.23339844
1999-03-04,Udinese,1818.7869873
1999-03-05,Udinese,1818.859375
1999-03-08,Udinese,1824.07104492
1999-03-14,Udinese,1819.78112793
1999-03-17,Udinese,1819.99255371
1999-03-18,Udinese,1819.58251953
1999-03-19,Udinese,1819.58740234
1999-03-22,Udinese,1826.49963379
1999-04-03,Udinese,1826.49963379
1999-04-04,Udinese,1818.51391602
1999-04-07,Udinese,1822.89282227
1999-04-08,Udinese,1824.70935059
1999-04-09,Udinese,1824.82897949
1999-04-12,Udinese,1832.94299316
1999-04-18,Udinese,1832.94299316
1999-04-19,Udinese,1810.19262695
1999-04-20,Udinese,1810.19262695
1999-04-21,Udinese,1806.31982422
1999-04-22,Udinese,1800.52148438
1999-04-23,Udinese,1800.86010742
1999-04-26,Udinese,1816.98217773
1999-05-03,Udinese,1800.81018066
1999-05-04,Udinese,1800.81018066
1999-05-06,Udinese,1800.81018066
1999-05-09,Udinese,1800.81018066
1999-05-10,Udinese,1808.6529541
1999-05-13,Udinese,1812.5958252
1999-05-17,Udinese,1798.65026855
1999-05-20,Udinese,1800.57617188
1999-05-23,Udinese,1800.57617188
1999-05-24,Udinese,1808.50964355
1999-05-30,Udinese,1808.50964355
1999-08-01,Udinese,1808.50964355
1999-08-06,Udinese,1808.50964355
1999-08-12,Udinese,1804.55908203
1999-08-15,Udinese,1804.55908203
1999-08-21,Udinese,1804.55908203
1999-08-26,Udinese,1801.48815918
1999-08-29,Udinese,1801.48815918
1999-08-30,Udinese,1801.18786621
1999-09-12,Udinese,1807.82043457
1999-09-15,Udinese,1807.18920898
1999-09-16,Udinese,1807.90734863
1999-09-17,Udinese,1809.99023438
1999-09-19,Udinese,1809.99023438
1999-09-20,Udinese,1802.35644531
1999-09-22,Udinese,1802.98449707
1999-09-23,Udinese,1801.94348145
1999-09-26,Udinese,1801.94348145
1999-09-27,Udinese,1799.0
1999-09-29,Udinese,1796.76318359
1999-09-30,Udinese,1796.38366699
1999-10-01,Udinese,1797.38464355
1999-10-04,Udinese,1798.3026123
1999-10-13,Udinese,1798.3026123
1999-10-16,Udinese,1798.3026123
1999-10-17,Udinese,1785.11791992
1999-10-20,Udinese,1788.84960938
1999-10-21,Udinese,1786.08422852
1999-10-22,Udinese,1786.88439941
1999-10-25,Udinese,1801.2956543
1999-10-27,Udinese,1799.63623047
1999-10-28,Udinese,1801.93811035
1999-10-31,Udinese,1801.93811035
1999-11-01,Udinese,1804.49365234
1999-11-03,Udinese,1811.1472168
1999-11-04,Udinese,1807.65698242
1999-11-05,Udinese,1810.91052246
1999-11-08,Udinese,1801.43359375
1999-11-21,Udinese,1806.08935547
1999-11-24,Udinese,1793.70959473
1999-11-25,Udinese,1797.12182617
1999-11-26,Udinese,1799.86889648
1999-11-29,Udinese,1787.26550293
1999-12-06,Udinese,1779.40478516
1999-12-08,Udinese,1776.03039551
1999-12-09,Udinese,1776.53503418
1999-12-10,Udinese,1799.59094238
1999-12-13,Udinese,1792.89672852
1999-12-19,Udinese,1792.89672852
1999-12-20,Udinese,1800.53759766
1999-12-27,Udinese,1800.53759766
2000-01-07,Udinese,1791.94641113
2000-01-10,Udinese,1810.71643066
2000-01-16,Udinese,1810.71643066
2000-01-17,Udinese,1801.11914062
2000-01-24,Udinese,1806.06774902
2000-01-30,Udinese,1813.44433594
2000-02-06,Udinese,1812.71264648
2000-02-14,Udinese,1815.65856934
2000-02-21,Udinese,1822.54003906
2000-02-27,Udinese,1819.40527344
2000-03-01,Udinese,1807.92590332
2000-03-02,Udinese,1809.85107422
2000-03-03,Udinese,1808.89245605
2000-03-05,Udinese,1813.71765137
2000-03-06,Udinese,1813.71765137
2000-03-08,Udinese,1802.24975586
2000-03-09,Udinese,1801.39404297
2000-03-10,Udinese,1781.93688965
2000-03-12,Udinese,1781.93688965
2000-03-13,Udinese,1780.81359863
2000-03-15,Udinese,1782.15246582
2000-03-16,Udinese,1780.91662598
2000-03-17,Udinese,1780.91662598
2000-03-20,Udinese,1783.47729492
2000-03-22,Udinese,1781.79370117
2000-03-23,Udinese,1785.32250977
2000-03-24,Udinese,1785.32250977
2000-03-26,Udinese,1778.37390137
2000-03-27,Udinese,1778.37390137
2000-04-03,Udinese,1782.1315918
2000-04-06,Udinese,1776.53039551
2000-04-07,Udinese,1776.53039551
2000-04-09,Udinese,1786.40161133
2000-04-10,Udinese,1786.40161133
2000-04-16,Udinese,1786.31750488
2000-04-17,Udinese,1786.31750488
2000-04-19,Udinese,1785.75244141
2000-04-20,Udinese,1785.75244141
2000-04-21,Udinese,1785.75244141
2000-04-23,Udinese,1779.23852539
2000-04-24,Udinese,1779.23852539
2000-05-01,Udinese,1783.08557129
2000-05-07,Udinese,1783.08557129
2000-05-08,Udinese,1785.81066895
2000-05-09,Udinese,1785.81066895
2000-05-13,Udinese,1785.81066895
2000-05-14,Udinese,1785.81066895
2000-05-15,Udinese,1777.44470215
2000-07-30,Udinese,1777.44470215
2000-07-31,Udinese,1777.44470215
2000-08-09,Udinese,1777.44470215
2000-08-10,Udinese,1777.01171875
2000-08-23,Udinese,1779.10168457
2000-08-24,Udinese,1772.60424805
2000-09-07,Udinese,1772.60424805
2000-09-13,Udinese,1775.27819824
2000-09-14,Udinese,1776.46203613
2000-09-15,Udinese,1779.71728516
2000-09-17,Udinese,1779.71728516
2000-09-18,Udinese,1779.71728516
2000-09-20,Udinese,1778.21850586
2000-09-21,Udinese,1779.76904297
2000-09-24,Udinese,1779.76904297
2000-09-25,Udinese,1779.76904297
2000-09-27,Udinese,1787.55114746
2000-09-28,Udinese,1784.78857422
2000-09-29,Udinese,1779.09301758
2000-10-01,Udinese,1779.09301758
2000-10-02,Udinese,1782.44946289
2000-10-15,Udinese,1782.44946289
2000-10-16,Udinese,1782.79150391
2000-10-18,Udinese,1781.48046875
2000-10-19,Udinese,1781.74060059
2000-10-22,Udinese,1790.1607666
2000-10-23,Udinese,1790.1607666
2000-10-25,Udinese,1786.13574219
2000-10-26,Udinese,1786.9119873
2000-10-27,Udinese,1787.92004395
2000-10-29,Udinese,1787.92004395
2000-11-02,Udinese,1799.9251709
2000-11-05,Udinese,1799.9251709
2000-11-06,Udinese,1803.12561035
2000-11-08,Udinese,1805.67224121
2000-11-09,Udinese,1800.27453613
2000-11-10,Udinese,1761.33435059
2000-11-13,Udinese,1754.39526367
2000-11-20,Udinese,1759.22229004
2000-11-22,Udinese,1758.17175293
2000-11-23,Udinese,1755.48461914
2000-11-24,Udinese,1753.26135254
2000-11-27,Udinese,1744.19543457
2000-12-02,Udinese,1744.19543457
2000-12-03,Udinese,1744.19543457
2000-12-04,Udinese,1735.56286621
2000-12-06,Udinese,1736.3885498
2000-12-07,Udinese,1740.6048584
2000-12-08,Udinese,1746.10009766
2000-12-11,Udinese,1742.53405762
2000-12-17,Udinese,1742.53405762
2000-12-18,Udinese,1728.02685547
2000-12-22,Udinese,1728.02685547
2000-12-24,Udinese,1734.84692383
2000-12-27,Udinese,1734.84692383
2000-12-31,Udinese,1734.84692383
2001-01-08,Udinese,1724.90771484
2001-01-14,Udinese,1724.90771484
2001-01-15,Udinese,1717.19116211
2001-01-21,Udinese,1717.19116211
2001-01-22,Udinese,1724.42114258
2001-01-29,Udinese,1707.1217041
2001-02-04,Udinese,1707.1217041
2001-02-05,Udinese,1715.25854492
2001-02-11,Udinese,1715.25854492
2001-02-12,Udinese,1704.55114746
2001-02-14,Udinese,1703.49755859
2001-02-15,Udinese,1701.22021484
2001-02-16,Udinese,1697.20202637
2001-02-18,Udinese,1701.41760254
2001-02-19,Udinese,1701.41760254
2001-02-21,Udinese,1701.38012695
2001-02-22,Udinese,1701.06713867
2001-02-23,Udinese,1693.91577148
2001-02-25,Udinese,1693.91577148
2001-02-26,Udinese,1689.13171387
2001-03-04,Udinese,1689.13171387
2001-03-05,Udinese,1679.46972656
2001-03-07,Udinese,1680.3067627
2001-03-08,Udinese,1677.45800781
2001-03-09,Udinese,1677.45800781
2001-03-11,Udinese,1677.45800781
2001-03-12,Udinese,1670.83398438
2001-03-14,Udinese,1671.00427246
2001-03-15,Udinese,1671.86254883
2001-03-16,Udinese,1671.86254883
2001-03-18,Udinese,1671.86254883
2001-03-19,Udinese,1660.48962402
2001-03-20,Udinese,1660.48962402
2001-03-26,Udinese,1660.48962402
2001-04-01,Udinese,1660.48962402
2001-04-02,Udinese,1661.47570801
2001-04-04,Udinese,1661.47570801
2001-04-05,Udinese,1661.47570801
2001-04-06,Udinese,1661.47570801
2001-04-09,Udinese,1666.90600586
2001-04-15,Udinese,1661.22924805
2001-04-18,Udinese,1661.22924805
2001-04-22,Udinese,1661.22924805
2001-04-23,Udinese,1652.31848145
2001-04-29,Udinese,1652.31848145
2001-04-30,Udinese,1648.51000977
2001-05-06,Udinese,1652.34570312
2001-05-09,Udinese,1652.34570312
2001-05-13,Udinese,1649.91943359
2001-05-14,Udinese,1649.91943359
2001-05-20,Udinese,1649.91943359
2001-05-21,Udinese,1647.25732422
2001-05-27,Udinese,1647.25732422
2001-05-28,Udinese,1642.98608398
2001-06-11,Udinese,1654.08813477
2001-06-18,Udinese,1642.64880371
2001-06-25,Udinese,1642.64880371
2001-07-11,Udinese,1642.64880371
2001-07-29,Udinese,1642.64880371
2001-08-05,Udinese,1642.64880371
2001-08-06,Udinese,1642.64880371
2001-08-09,Udinese,1635.75183105
2001-08-13,Udinese,1635.75183105
2001-08-22,Udinese,1637.42321777
2001-08-23,Udinese,1639.23071289
2001-08-26,Udinese,1639.23071289
2001-08-27,Udinese,1636.60998535
2001-09-09,Udinese,1643.38354492
2001-09-12,Udinese,1637.50732422
2001-09-16,Udinese,1637.50732422
2001-09-17,Udinese,1630.83288574
2001-09-19,Udinese,1631.50219727
2001-09-20,Udinese,1625.31811523
2001-09-21,Udinese,1625.59558105
2001-09-24,Udinese,1635.71350098
2001-09-26,Udinese,1634.89343262
2001-09-27,Udinese,1633.19104004
2001-09-28,Udinese,1634.7791748
2001-09-30,Udinese,1634.7791748
2001-10-01,Udinese,1624.17041016
2001-10-11,Udinese,1624.51379395
2001-10-15,Udinese,1625.21777344
2001-10-17,Udinese,1628.24743652
2001-10-18,Udinese,1628.87561035
2001-10-19,Udinese,1637.50048828
2001-10-21,Udinese,1637.50048828
2001-10-22,Udinese,1657.62609863
2001-10-24,Udinese,1659.05847168
2001-10-25,Udinese,1662.04333496
2001-10-28,Udinese,1662.04333496
2001-10-29,Udinese,1652.60998535
2001-10-31,Udinese,1647.90856934
2001-11-01,Udinese,1644.93164062
2001-11-02,Udinese,1647.3548584
2001-11-03,Udinese,1647.3548584
2001-11-04,Udinese,1647.3548584
2001-11-05,Udinese,1656.72119141
2001-11-12,Udinese,1656.72119141
2001-11-18,Udinese,1656.72119141
2001-11-19,Udinese,1645.57324219
2001-11-20,Udinese,1645.57324219
2001-11-21,Udinese,1645.64172363
2001-11-23,Udinese,1641.7454834
2001-11-25,Udinese,1641.7454834
2001-11-26,Udinese,1634.4420166
2001-11-30,Udinese,1638.02893066
2001-12-02,Udinese,1638.02893066
2001-12-03,Udinese,1645.7286377
2001-12-05,Udinese,1643.1574707
2001-12-06,Udinese,1642.25524902
2001-12-07,Udinese,1652.11450195
2001-12-10,Udinese,1657.84448242
2001-12-17,Udinese,1650.04211426
2001-12-19,Udinese,1650.04211426
2001-12-20,Udinese,1660.68212891
2001-12-23,Udinese,1660.68212891
2001-12-24,Udinese,1649.37854004
2001-12-27,Udinese,1649.37854004
2002-01-02,Udinese,1649.37854004
2002-01-06,Udinese,1649.37854004
2002-01-07,Udinese,1645.56359863
2002-01-13,Udinese,1645.56359863
2002-01-14,Udinese,1636.61584473
2002-01-20,Udinese,1636.61584473
2002-01-21,Udinese,1640.64501953
2002-01-28,Udinese,1653.9465332
2002-01-31,Udinese,1653.9465332
2002-02-03,Udinese,1653.9465332
2002-02-04,Udinese,1651.94421387
2002-02-07,Udinese,1651.94421387
2002-02-10,Udinese,1662.18933105
2002-02-18,Udinese,1652.93933105
2002-02-20,Udinese,1652.47839355
2002-02-21,Udinese,1653.78039551
2002-02-22,Udinese,1655.67529297
2002-02-24,Udinese,1655.67529297
2002-02-25,Udinese,1652.77770996
2002-02-27,Udinese,1655.56018066
2002-02-28,Udinese,1652.75817871
2002-03-01,Udinese,1643.78796387
2002-03-04,Udinese,1633.56982422
2002-03-06,Udinese,1633.56982422
2002-03-11,Udinese,1635.26550293
2002-03-13,Udinese,1632.3347168
2002-03-14,Udinese,1629.97412109
2002-03-15,Udinese,1627.109375
2002-03-18,Udinese,1625.41247559
2002-03-20,Udinese,1623.07385254
2002-03-21,Udinese,1624.78344727
2002-03-22,Udinese,1634.59460449
2002-03-25,Udinese,1629.7701416
2002-03-31,Udinese,1636.55627441
2002-04-01,Udinese,1636.55627441
2002-04-02,Udinese,1636.55627441
2002-04-03,Udinese,1636.55627441
2002-04-04,Udinese,1636.55627441
2002-04-05,Udinese,1628.08044434
2002-04-08,Udinese,1621.40026855
2002-04-12,Udinese,1621.05847168
2002-04-15,Udinese,1615.07800293
2002-04-22,Udinese,1619.27807617
2002-04-29,Udinese,1628.12145996
2002-05-06,Udinese,1622.20654297
2002-08-15,Udinese,1623.59094238
2002-08-28,Udinese,1625.92260742
2002-08-29,Udinese,1626.86413574
2002-09-16,Udinese,1626.49487305
2002-09-18,Udinese,1619.7911377
2002-09-19,Udinese,1621.3125
2002-09-20,Udinese,1623.64099121
2002-09-23,Udinese,1616.81359863
2002-09-25,Udinese,1628.07165527
2002-09-26,Udinese,1629.08483887
2002-09-28,Udinese,1629.08483887
2002-09-30,Udinese,1636.02258301
2002-10-01,Udinese,1636.02258301
2002-10-02,Udinese,1641.47949219
2002-10-03,Udinese,1638.64526367
2002-10-04,Udinese,1630.70727539
2002-10-06,Udinese,1626.74621582
2002-10-21,Udinese,1632.21374512
2002-10-23,Udinese,1630.22192383
2002-10-24,Udinese,1629.28076172
2002-10-27,Udinese,1627.41357422
2002-10-30,Udinese,1625.92480469
2002-10-31,Udinese,1631.14758301
2002-11-01,Udinese,1631.71472168
2002-11-02,Udinese,1631.71472168
2002-11-03,Udinese,1631.4387207
2002-11-04,Udinese,1631.4387207
2002-11-07,Udinese,1629.22888184
2002-11-10,Udinese,1643.65222168
2002-11-11,Udinese,1643.65222168
2002-11-13,Udinese,1644.26062012
2002-11-14,Udinese,1642.8729248
2002-11-15,Udinese,1636.82568359
2002-11-17,Udinese,1636.82568359
2002-11-18,Udinese,1644.01281738
2002-11-23,Udinese,1644.01281738
2002-11-24,Udinese,1644.01281738
2002-11-25,Udinese,1645.87744141
2002-11-27,Udinese,1648.89331055
2002-11-28,Udinese,1649.67077637
2002-11-29,Udinese,1650.40197754
2002-12-01,Udinese,1650.40197754
2002-12-08,Udinese,1650.40197754
2002-12-09,Udinese,1656.00378418
2002-12-11,Udinese,1655.06970215
2002-12-12,Udinese,1659.78613281
2002-12-13,Udinese,1659.43127441
2002-12-15,Udinese,1659.43127441
2002-12-16,Udinese,1655.54138184
2002-12-19,Udinese,1666.06481934
2002-12-21,Udinese,1666.06481934
2002-12-22,Udinese,1674.77868652
2002-12-23,Udinese,1674.77868652
2002-12-27,Udinese,1674.77868652
2002-12-29,Udinese,1674.77868652
2003-01-12,Udinese,1674.77868652
2003-01-13,Udinese,1671.97192383
2003-01-16,Udinese,1671.97192383
2003-01-19,Udinese,1671.97192383
2003-01-20,Udinese,1669.01159668
2003-01-23,Udinese,1669.01159668
2003-01-27,Udinese,1679.8951416
2003-01-29,Udinese,1679.8951416
2003-02-02,Udinese,1679.8951416
2003-02-03,Udinese,1674.84057617
2003-02-06,Udinese,1674.84057617
2003-02-09,Udinese,1679.11938477
2003-02-10,Udinese,1679.11938477
2003-02-17,Udinese,1681.07946777
2003-02-19,Udinese,1675.29711914
2003-02-20,Udinese,1674.14758301
2003-02-21,Udinese,1671.65893555
2003-02-23,Udinese,1671.65893555
2003-02-24,Udinese,1679.28552246
2003-02-26,Udinese,1674.83996582
2003-02-27,Udinese,1682.44616699
2003-03-02,Udinese,1682.44616699
2003-03-03,Udinese,1674.86450195
2003-03-05,Udinese,1679.6730957
2003-03-10,Udinese,1674.53796387
2003-03-12,Udinese,1675.2989502
2003-03-13,Udinese,1675.18652344
2003-03-14,Udinese,1675.8001709
2003-03-15,Udinese,1675.8001709
2003-03-17,Udinese,1670.16320801
2003-03-19,Udinese,1662.96533203
2003-03-20,Udinese,1664.91516113
2003-03-21,Udinese,1667.09057617
2003-03-24,Udinese,1677.28991699
2003-04-06,Udinese,1677.28991699
2003-04-07,Udinese,1668.01464844
2003-04-09,Udinese,1668.51989746
2003-04-10,Udinese,1668.79602051
2003-04-11,Udinese,1664.36230469
2003-04-13,Udinese,1664.36230469
2003-04-14,Udinese,1662.17138672
2003-04-19,Udinese,1662.17138672
2003-04-20,Udinese,1665.74841309
2003-04-22,Udinese,1665.74841309
2003-04-23,Udinese,1671.62231445
2003-04-24,Udinese,1673.96594238
2003-04-25,Udinese,1672.89587402
2003-04-28,Udinese,1674.5579834
2003-05-04,Udinese,1682.93591309
2003-05-07,Udinese,1682.23352051
2003-05-11,Udinese,1686.48010254
2003-05-15,Udinese,1690.92443848
2003-05-18,Udinese,1705.15979004
2003-05-25,Udinese,1713.69250488
2003-06-16,Udinese,1713.69250488
2003-06-22,Udinese,1713.69250488
2003-06-23,Udinese,1713.69250488
2003-08-03,Udinese,1713.69250488
2003-08-10,Udinese,1713.69250488
2003-08-13,Udinese,1713.69250488
2003-08-14,Udinese,1715.42712402
2003-08-17,Udinese,1715.42712402
2003-08-24,Udinese,1715.42712402
2003-08-27,Udinese,1715.42712402
2003-08-28,Udinese,1717.19836426
2003-09-01,Udinese,1708.53015137
2003-09-14,Udinese,1708.53015137
2003-09-15,Udinese,1716.45263672
2003-09-17,Udinese,1721.84289551
2003-09-18,Udinese,1729.11694336
2003-09-22,Udinese,1718.94567871
2003-09-25,Udinese,1722.73840332
2003-09-28,Udinese,1724.19921875
2003-09-29,Udinese,1724.19921875
2003-10-01,Udinese,1727.04296875
2003-10-02,Udinese,1725.50720215
2003-10-05,Udinese,1725.50720215
2003-10-06,Udinese,1735.78808594
2003-10-16,Udinese,1712.49206543
2003-10-20,Udinese,1717.49719238
2003-10-22,Udinese,1712.46069336
2003-10-23,Udinese,1705.58776855
2003-10-26,Udinese,1705.58776855
2003-10-27,Udinese,1706.86108398
2003-10-30,Udinese,1706.86108398
2003-11-02,Udinese,1699.33630371
2003-11-03,Udinese,1699.33630371
2003-11-05,Udinese,1693.76794434
2003-11-06,Udinese,1691.64587402
2003-11-07,Udinese,1693.9732666
2003-11-10,Udinese,1690.65808105
2003-11-23,Udinese,1690.65808105
2003-11-24,Udinese,1686.01831055
2003-11-26,Udinese,1680.0090332
2003-11-27,Udinese,1681.76513672
2003-11-28,Udinese,1682.98547363
2003-12-01,Udinese,1692.93066406
2003-12-02,Udinese,1692.93066406
2003-12-03,Udinese,1688.27453613
2003-12-04,Udinese,1688.27453613
2003-12-07,Udinese,1688.27453613
2003-12-08,Udinese,1692.79614258
2003-12-10,Udinese,1686.23583984
2003-12-11,Udinese,1688.74206543
2003-12-14,Udinese,1691.79638672
2003-12-15,Udinese,1691.79638672
2003-12-22,Udinese,1705.66442871
2004-01-05,Udinese,1705.66442871
2004-01-07,Udinese,1693.30236816
2004-01-11,Udinese,1695.95446777
2004-01-18,Udinese,1695.28979492
2004-01-26,Udinese,1701.31286621
2004-02-01,Udinese,1701.31286621
2004-02-02,Udinese,1704.94189453
2004-02-08,Udinese,1687.75927734
2004-02-12,Udinese,1687.75927734
2004-02-15,Udinese,1687.75927734
2004-02-16,Udinese,1700.42895508
2004-02-23,Udinese,1703.82714844
2004-02-25,Udinese,1703.72399902
2004-02-26,Udinese,1702.27172852
2004-02-27,Udinese,1698.09985352
2004-02-29,Udinese,1685.40112305
2004-03-01,Udinese,1685.40112305
2004-03-04,Udinese,1680.35546875
2004-03-07,Udinese,1680.35546875
2004-03-08,Udinese,1675.69006348
2004-03-10,Udinese,1672.2800293
2004-03-11,Udinese,1675.01599121
2004-03-12,Udinese,1671.82287598
2004-03-15,Udinese,1676.42687988
2004-03-21,Udinese,1678.39331055
2004-03-22,Udinese,1678.39331055
2004-03-24,Udinese,1682.75610352
2004-03-26,Udinese,1684.37512207
2004-03-28,Udinese,1684.37512207
2004-03-29,Udinese,1676.19042969
2004-04-04,Udinese,1676.19042969
2004-04-05,Udinese,1681.67883301
2004-04-07,Udinese,1681.67883301
2004-04-08,Udinese,1673.39770508
2004-04-09,Udinese,1671.8079834
2004-04-10,Udinese,1671.8079834
2004-04-11,Udinese,1680.38537598
2004-04-13,Udinese,1680.38537598
2004-04-15,Udinese,1676.29345703
2004-04-18,Udinese,1667.67541504
2004-04-19,Udinese,1667.67541504
2004-04-21,Udinese,1667.67541504
2004-04-23,Udinese,1667.67541504
2004-04-26,Udinese,1670.51123047
2004-05-01,Udinese,1670.51123047
2004-05-02,Udinese,1670.51123047
2004-05-03,Udinese,1683.79431152
2004-05-05,Udinese,1683.79431152
2004-05-07,Udinese,1683.79431152
2004-05-09,Udinese,1683.79431152
2004-05-10,Udinese,1680.36816406
2004-05-13,Udinese,1680.36816406
2004-05-15,Udinese,1680.36816406
2004-05-16,Udinese,1680.36816406
2004-05-17,Udinese,1674.96166992
2004-05-24,Udinese,1674.96166992
2004-05-27,Udinese,1674.96166992
2004-05-30,Udinese,1674.96166992
2004-06-07,Udinese,1674.96166992
2004-06-20,Udinese,1674.96166992
2004-07-16,Udinese,1674.96166992
2004-07-24,Udinese,1674.96166992
2004-07-30,Udinese,1674.96166992
2004-08-07,Udinese,1674.96166992
2004-08-11,Udinese,1673.24804688
2004-08-12,Udinese,1674.14758301
2004-08-13,Udinese,1674.14758301
2004-08-15,Udinese,1674.14758301
2004-08-25,Udinese,1677.45336914
2004-08-26,Udinese,1679.8326416
2004-08-29,Udinese,1679.8326416
2004-09-12,Udinese,1679.8326416
2004-09-13,Udinese,1680.4152832
2004-09-15,Udinese,1684.88989258
2004-09-16,Udinese,1680.11779785
2004-09-17,Udinese,1663.67578125
2004-09-19,Udinese,1663.67578125
2004-09-20,Udinese,1676.95410156
2004-09-23,Udinese,1679.36328125
2004-09-27,Udinese,1667.5423584
2004-09-29,Udinese,1666.3170166
2004-09-30,Udinese,1672.48779297
2004-10-01,Udinese,1666.51965332
2004-10-04,Udinese,1660.66723633
2004-10-10,Udinese,1660.66723633
2004-10-18,Udinese,1656.05187988
2004-10-20,Udinese,1655.09313965
2004-10-21,Udinese,1666.74694824
2004-10-22,Udinese,1664.6427002
2004-10-24,Udinese,1664.6427002
2004-10-25,Udinese,1659.15161133
2004-10-26,Udinese,1659.15161133
2004-10-28,Udinese,1668.59301758
2004-10-31,Udinese,1668.59301758
2004-11-01,Udinese,1673.1842041
2004-11-03,Udinese,1671.34655762
2004-11-04,Udinese,1673.54614258
2004-11-05,Udinese,1672.1940918
2004-11-08,Udinese,1681.76403809
2004-11-09,Udinese,1681.76403809
2004-11-11,Udinese,1702.31494141
2004-11-15,Udinese,1697.31347656
2004-11-21,Udinese,1697.31347656
2004-11-22,Udinese,1697.31347656
2004-11-24,Udinese,1696.16113281
2004-11-25,Udinese,1698.3984375
2004-11-26,Udinese,1694.27246094
2004-11-28,Udinese,1701.62463379
2004-12-03,Udinese,1700.48144531
2004-12-05,Udinese,1700.48144531
2004-12-06,Udinese,1703.79504395
2004-12-07,Udinese,1703.79504395
2004-12-08,Udinese,1705.01306152
2004-12-09,Udinese,1698.57958984
2004-12-12,Udinese,1704.74645996
2004-12-17,Udinese,1706.42016602
2004-12-20,Udinese,1716.11157227
2004-12-23,Udinese,1716.11157227
2004-12-27,Udinese,1716.11157227
2005-01-02,Udinese,1716.11157227
2005-01-07,Udinese,1705.10754395
2005-01-10,Udinese,1710.32641602
2005-01-16,Udinese,1710.32641602
2005-01-17,Udinese,1706.47473145
2005-01-24,Udinese,1688.74743652
2005-01-27,Udinese,1688.74743652
2005-01-30,Udinese,1681.68811035
2005-02-02,Udinese,1681.68811035
2005-02-03,Udinese,1690.15332031
2005-02-06,Udinese,1690.15332031
2005-02-07,Udinese,1698.0
2005-02-13,Udinese,1698.0
2005-02-14,Udinese,1694.95385742
2005-02-17,Udinese,1694.6875
2005-02-18,Udinese,1694.6875
2005-02-20,Udinese,1695.62011719
2005-02-23,Udinese,1694.51000977
2005-02-24,Udinese,1699.36645508
2005-02-25,Udinese,1707.31567383
2005-02-27,Udinese,1705.82910156
2005-02-28,Udinese,1705.82910156
2005-03-02,Udinese,1705.82910156
2005-03-06,Udinese,1705.82910156
2005-03-07,Udinese,1693.95446777
2005-03-08,Udinese,1693.95446777
2005-03-09,Udinese,1696.03161621
2005-03-10,Udinese,1701.17321777
2005-03-11,Udinese,1702.52954102
2005-03-13,Udinese,1702.52954102
2005-03-14,Udinese,1723.24682617
2005-03-16,Udinese,1725.94714355
2005-03-17,Udinese,1725.94714355
2005-03-18,Udinese,1729.54675293
2005-03-21,Udinese,1733.38671875
2005-03-22,Udinese,1733.38671875
2005-04-03,Udinese,1733.38671875
2005-04-04,Udinese,1733.38671875
2005-04-06,Udinese,1732.21435547
2005-04-08,Udinese,1733.49414062
2005-04-10,Udinese,1733.49414062
2005-04-11,Udinese,1730.13757324
2005-04-14,Udinese,1726.52612305
2005-04-15,Udinese,1727.59790039
2005-04-17,Udinese,1719.16149902
2005-04-21,Udinese,1714.11938477
2005-04-24,Udinese,1722.62670898
2005-04-25,Udinese,1722.62670898
2005-04-26,Udinese,1722.62670898
2005-04-27,Udinese,1725.50695801
2005-04-29,Udinese,1724.85717773
2005-05-02,Udinese,1728.41540527
2005-05-05,Udinese,1727.51220703
2005-05-06,Udinese,1722.83728027
2005-05-09,Udinese,1732.21813965
2005-05-15,Udinese,1732.21813965
2005-05-16,Udinese,1729.16625977
2005-05-19,Udinese,1729.16625977
2005-05-22,Udinese,1729.16625977
2005-05-23,Udinese,1728.52929688
2005-05-26,Udinese,1727.64172363
2005-05-29,Udinese,1727.64172363
2005-05-30,Udinese,1730.14746094
2005-07-14,Udinese,1730.14746094
2005-07-18,Udinese,1730.14746094
2005-07-27,Udinese,1730.14746094
2005-07-31,Udinese,1730.14746094
2005-08-10,Udinese,1730.14746094
2005-08-11,Udinese,1744.77539062
2005-08-12,Udinese,1744.77539062
2005-08-22,Udinese,1744.77539062
2005-08-24,Udinese,1750.11938477
2005-08-25,Udinese,1749.90429688
2005-08-29,Udinese,1752.72229004
2005-09-12,Udinese,1761.4354248
2005-09-14,Udinese,1762.90649414
2005-09-15,Udinese,1772.85705566
2005-09-16,Udinese,1773.56335449
2005-09-19,Udinese,1760.22668457
2005-09-22,Udinese,1753.68395996
2005-09-25,Udinese,1739.64172363
2005-09-28,Udinese,1734.58007812
2005-09-29,Udinese,1734.3104248
2005-09-30,Udinese,1736.54492188
2005-10-02,Udinese,1745.06091309
2005-10-03,Udinese,1745.06091309
2005-10-16,Udinese,1753.33239746
2005-10-17,Udinese,1753.33239746
2005-10-19,Udinese,1747.74584961
2005-10-20,Udinese,1741.27990723
2005-10-21,Udinese,1745.11730957
2005-10-23,Udinese,1745.11730957
2005-10-24,Udinese,1737.44921875
2005-10-27,Udinese,1734.14257812
2005-10-28,Udinese,1734.14257812
2005-10-31,Udinese,1730.43493652
2005-11-02,Udinese,1728.97375488
2005-11-03,Udinese,1725.51367188
2005-11-04,Udinese,1722.64123535
2005-11-06,Udinese,1722.64123535
2005-11-07,Udinese,1717.87658691
2005-11-20,Udinese,1721.2590332
2005-11-23,Udinese,1734.41625977
2005-11-24,Udinese,1738.68225098
2005-11-25,Udinese,1740.26489258
2005-11-26,Udinese,1740.26489258
2005-11-27,Udinese,1740.26489258
2005-11-28,Udinese,1747.97729492
2005-12-01,Udinese,1746.91259766
2005-12-02,Udinese,1742.94677734
2005-12-04,Udinese,1742.94677734
2005-12-05,Udinese,1725.18835449
2005-12-06,Udinese,1725.18835449
2005-12-07,Udinese,1724.52453613
2005-12-08,Udinese,1716.38098145
2005-12-11,Udinese,1716.38098145
2005-12-12,Udinese,1702.95690918
2005-12-15,Udinese,1705.32202148
2005-12-16,Udinese,1705.2232666
2005-12-19,Udinese,1695.77099609
2005-12-22,Udinese,1704.76464844
2005-12-23,Udinese,1704.76464844
2005-12-27,Udinese,1704.76464844
2006-01-03,Udinese,1704.76464844
2006-01-08,Udinese,1704.76464844
2006-01-09,Udinese,1696.25476074
2006-01-16,Udinese,1689.27001953
2006-01-19,Udinese,1688.67810059
2006-01-22,Udinese,1688.67810059
2006-01-23,Udinese,1671.49157715
2006-01-30,Udinese,1669.81237793
2006-02-05,Udinese,1669.81237793
2006-02-06,Udinese,1668.34692383
2006-02-09,Udinese,1656.22705078
2006-02-12,Udinese,1659.67272949
2006-02-13,Udinese,1659.67272949
2006-02-16,Udinese,1685.0579834
2006-02-17,Udinese,1683.81225586
2006-02-19,Udinese,1683.81225586
2006-02-20,Udinese,1672.04052734
2006-02-22,Udinese,1673.2388916
2006-02-23,Udinese,1672.77783203
2006-02-24,Udinese,1676.26208496
2006-02-26,Udinese,1676.26208496
2006-02-27,Udinese,1673.04577637
2006-03-05,Udinese,1673.04577637
2006-03-06,Udinese,1668.08288574
2006-03-08,Udinese,1670.2052002
2006-03-09,Udinese,1674.39367676
2006-03-10,Udinese,1671.62756348
2006-03-12,Udinese,1671.62756348
2006-03-13,Udinese,1663.7019043
2006-03-15,Udinese,1664.37194824
2006-03-16,Udinese,1662.63330078
2006-03-17,Udinese,1645.45837402
2006-03-20,Udinese,1638.60668945
2006-03-27,Udinese,1640.26660156
2006-03-29,Udinese,1636.31970215
2006-03-30,Udinese,1637.62890625
2006-04-02,Udinese,1637.62890625
2006-04-03,Udinese,1646.8314209
2006-04-05,Udinese,1647.15515137
2006-04-06,Udinese,1644.86682129
2006-04-09,Udinese,1659.61779785
2006-04-16,Udinese,1667.54748535
2006-04-17,Udinese,1667.54748535
2006-04-19,Udinese,1664.6875
2006-04-23,Udinese,1662.73474121
2006-04-24,Udinese,1662.73474121
2006-04-26,Udinese,1662.73474121
2006-04-27,Udinese,1662.51403809
2006-04-28,Udinese,1662.51403809
2006-04-30,Udinese,1662.51403809
2006-05-01,Udinese,1664.42810059
2006-05-07,Udinese,1664.42810059
2006-05-08,Udinese,1671.39428711
2006-05-14,Udinese,1671.39428711
2006-05-15,Udinese,1660.29504395
2006-05-28,Udinese,1660.29504395
2006-05-29,Udinese,1660.29504395
2006-06-01,Udinese,1660.29504395
2006-06-12,Udinese,1660.29504395
2006-06-18,Udinese,1660.29504395
2006-07-07,Udinese,1660.29504395
2006-07-12,Udinese,1660.29504395
2006-07-28,Udinese,1660.29504395
2006-08-06,Udinese,1660.29504395
2006-08-07,Udinese,1660.29504395
2006-08-10,Udinese,1656.86865234
2006-08-11,Udinese,1656.86865234
2006-08-13,Udinese,1656.86865234
2006-08-14,Udinese,1656.86865234
2006-08-20,Udinese,1656.86865234
2006-08-21,Udinese,1656.86865234
2006-08-23,Udinese,1657.45007324
2006-08-24,Udinese,1655.95532227
2006-08-25,Udinese,1655.95532227
2006-08-27,Udinese,1655.95532227
2006-08-28,Udinese,1655.95532227
2006-08-29,Udinese,1655.95532227
2006-09-11,Udinese,1647.76708984
2006-09-13,Udinese,1648.23034668
2006-09-14,Udinese,1648.70544434
2006-09-15,Udinese,1652.77624512
2006-09-18,Udinese,1660.19628906
2006-09-21,Udinese,1661.62976074
2006-09-25,Udinese,1669.38574219
2006-09-27,Udinese,1668.71679688
2006-09-28,Udinese,1662.39916992
2006-09-29,Udinese,1667.81396484
2006-10-01,Udinese,1667.81396484
2006-10-02,Udinese,1662.83044434
2006-10-03,Udinese,1662.83044434
2006-10-15,Udinese,1662.83044434
2006-10-16,Udinese,1678.83728027
2006-10-18,Udinese,1680.12817383
2006-10-19,Udinese,1683.57116699
2006-10-20,Udinese,1684.81677246
2006-10-22,Udinese,1684.81677246
2006-10-23,Udinese,1686.67053223
2006-10-26,Udinese,1687.13415527
2006-10-29,Udinese,1679.66418457
2006-10-30,Udinese,1679.66418457
2006-11-01,Udinese,1679.50561523
2006-11-02,Udinese,1680.33093262
2006-11-03,Udinese,1676.74133301
2006-11-05,Udinese,1676.74133301
2006-11-06,Udinese,1669.7376709
2006-11-12,Udinese,1669.7376709
2006-11-13,Udinese,1657.78491211
2006-11-19,Udinese,1657.78491211
2006-11-20,Udinese,1667.31982422
2006-11-22,Udinese,1663.46362305
2006-11-23,Udinese,1661.89404297
2006-11-24,Udinese,1659.41955566
2006-11-26,Udinese,1648.23425293
2006-11-30,Udinese,1650.86206055
2006-12-01,Udinese,1650.86206055
2006-12-02,Udinese,1650.86206055
2006-12-03,Udinese,1650.86206055
2006-12-04,Udinese,1647.26379395
2006-12-06,Udinese,1649.97216797
2006-12-07,Udinese,1644.13598633
2006-12-11,Udinese,1637.05957031
2006-12-14,Udinese,1636.78625488
2006-12-15,Udinese,1636.68139648
2006-12-17,Udinese,1644.77355957
2006-12-18,Udinese,1644.77355957
2006-12-21,Udinese,1654.31713867
2006-12-24,Udinese,1644.7199707
2007-01-07,Udinese,1644.7199707
2007-01-08,Udinese,1644.7199707
2007-01-13,Udinese,1644.7199707
2007-01-14,Udinese,1644.7199707
2007-01-15,Udinese,1638.0802002
2007-01-22,Udinese,1642.01550293
2007-01-28,Udinese,1651.60290527
2007-01-29,Udinese,1651.60290527
2007-01-31,Udinese,1651.60290527
2007-02-10,Udinese,1651.60290527
2007-02-11,Udinese,1651.60290527
2007-02-12,Udinese,1646.09423828
2007-02-15,Udinese,1644.34143066
2007-02-16,Udinese,1642.89550781
2007-02-19,Udinese,1641.4465332
2007-02-21,Udinese,1641.44506836
2007-02-22,Udinese,1639.4362793
2007-02-23,Udinese,1635.44628906
2007-02-25,Udinese,1635.44628906
2007-02-26,Udinese,1631.13635254
2007-03-01,Udinese,1638.71044922
2007-03-05,Udinese,1628.56152344
2007-03-07,Udinese,1635.37646484
2007-03-08,Udinese,1636.8984375
2007-03-09,Udinese,1636.8984375
2007-03-11,Udinese,1636.8984375
2007-03-12,Udinese,1633.3269043
2007-03-14,Udinese,1633.3269043
2007-03-15,Udinese,1633.3269043
2007-03-16,Udinese,1633.3269043
2007-03-19,Udinese,1643.95593262
2007-03-22,Udinese,1643.95593262
2007-03-25,Udinese,1643.95593262
2007-03-31,Udinese,1643.95593262
2007-04-01,Udinese,1643.95593262
2007-04-02,Udinese,1634.36938477
2007-04-04,Udinese,1632.47814941
2007-04-05,Udinese,1633.8013916
2007-04-06,Udinese,1633.8013916
2007-04-07,Udinese,1633.8013916
2007-04-08,Udinese,1635.04943848
2007-04-09,Udinese,1635.04943848
2007-04-11,Udinese,1629.87353516
2007-04-12,Udinese,1636.36657715
2007-04-13,Udinese,1636.36657715
2007-04-15,Udinese,1641.70910645
2007-04-16,Udinese,1641.70910645
2007-04-19,Udinese,1647.49194336
2007-04-21,Udinese,1647.49194336
2007-04-23,Udinese,1649.58227539
2007-04-25,Udinese,1649.40661621
2007-04-28,Udinese,1649.40661621
2007-04-29,Udinese,1649.40661621
2007-04-30,Udinese,1636.88891602
2007-05-03,Udinese,1643.96777344
2007-05-05,Udinese,1643.96777344
2007-05-06,Udinese,1643.96777344
2007-05-07,Udinese,1636.8260498
2007-05-10,Udinese,1636.8260498
2007-05-11,Udinese,1636.8260498
2007-05-12,Udinese,1636.8260498
2007-05-14,Udinese,1626.88183594
2007-05-20,Udinese,1642.16479492
2007-05-24,Udinese,1644.9387207
2007-05-26,Udinese,1644.9387207
2007-05-27,Udinese,1644.9387207
2007-05-28,Udinese,1635.32141113
2007-06-04,Udinese,1635.32141113
2007-06-10,Udinese,1635.32141113
2007-06-11,Udinese,1635.32141113
2007-06-25,Udinese,1635.32141113
2007-07-03,Udinese,1635.32141113
2007-07-15,Udinese,1635.32141113
2007-08-06,Udinese,1635.32141113
2007-08-08,Udinese,1635.32141113
2007-08-11,Udinese,1635.32141113
2007-08-12,Udinese,1635.32141113
2007-08-15,Udinese,1633.40734863
2007-08-16,Udinese,1633.40734863
2007-08-17,Udinese,1633.21203613
2007-08-19,Udinese,1633.21203613
2007-08-20,Udinese,1633.21203613
2007-08-26,Udinese,1633.21203613
2007-08-27,Udinese,1640.7677002
2007-08-29,Udinese,1645.48681641
2007-08-31,Udinese,1640.52844238
2007-09-03,Udinese,1615.22741699
2007-09-17,Udinese,1629.78088379
2007-09-19,Udinese,1630.97802734
2007-09-20,Udinese,1628.66345215
2007-09-21,Udinese,1629.14245605
2007-09-23,Udinese,1638.7911377
2007-09-24,Udinese,1638.7911377
2007-09-26,Udinese,1638.7911377
2007-09-27,Udinese,1631.48132324
2007-09-30,Udinese,1631.48132324
2007-10-01,Udinese,1637.68078613
2007-10-03,Udinese,1638.11901855
2007-10-04,Udinese,1635.42285156
2007-10-05,Udinese,1620.15490723
2007-10-07,Udinese,1623.04248047
2007-10-22,Udinese,1621.6418457
2007-10-24,Udinese,1624.85900879
2007-10-25,Udinese,1625.28649902
2007-10-26,Udinese,1627.04101562
2007-10-28,Udinese,1627.04101562
2007-10-29,Udinese,1639.38037109
2007-11-01,Udinese,1644.78222656
2007-11-04,Udinese,1644.78222656
2007-11-05,Udinese,1644.81750488
2007-11-07,Udinese,1651.67871094
2007-11-08,Udinese,1652.6829834
2007-11-09,Udinese,1653.35400391
2007-11-11,Udinese,1653.35400391
2007-11-12,Udinese,1666.83569336
2007-11-25,Udinese,1666.83569336
2007-11-26,Udinese,1672.92932129
2007-11-28,Udinese,1677.41552734
2007-11-29,Udinese,1673.75793457
2007-11-30,Udinese,1673.45227051
2007-12-02,Udinese,1673.45227051
2007-12-03,Udinese,1670.74462891
2007-12-05,Udinese,1671.52026367
2007-12-06,Udinese,1671.52026367
2007-12-07,Udinese,1671.52026367
2007-12-09,Udinese,1671.52026367
2007-12-10,Udinese,1676.75927734
2007-12-12,Udinese,1675.89916992
2007-12-13,Udinese,1677.89782715
2007-12-16,Udinese,1666.51159668
2007-12-20,Udinese,1666.51159668
2007-12-21,Udinese,1667.14990234
2007-12-23,Udinese,1667.14990234
2007-12-24,Udinese,1663.04467773
2008-01-06,Udinese,1663.04467773
2008-01-13,Udinese,1663.04467773
2008-01-14,Udinese,1670.29882812
2008-01-21,Udinese,1664.80957031
2008-01-28,Udinese,1669.92724609
2008-02-03,Udinese,1659.9005127
2008-02-04,Udinese,1659.9005127
2008-02-10,Udinese,1659.9005127
2008-02-11,Udinese,1653.94189453
2008-02-15,Udinese,1654.7890625
2008-02-17,Udinese,1654.7890625
2008-02-18,Udinese,1667.86083984
2008-02-20,Udinese,1665.04711914
2008-02-21,Udinese,1666.08679199
2008-02-22,Udinese,1666.49353027
2008-02-25,Udinese,1650.20556641
2008-02-28,Udinese,1640.69140625
2008-03-01,Udinese,1640.69140625
2008-03-02,Udinese,1640.69140625
2008-03-03,Udinese,1649.61560059
2008-03-05,Udinese,1645.26025391
2008-03-06,Udinese,1651.27429199
2008-03-07,Udinese,1655.47216797
2008-03-08,Udinese,1655.47216797
2008-03-09,Udinese,1658.28527832
2008-03-10,Udinese,1658.28527832
2008-03-12,Udinese,1655.40405273
2008-03-13,Udinese,1652.13952637
2008-03-16,Udinese,1651.04174805
2008-03-17,Udinese,1651.04174805
2008-03-20,Udinese,1661.02038574
2008-03-23,Udinese,1667.18261719
2008-03-24,Udinese,1667.18261719
2008-03-30,Udinese,1667.18261719
2008-03-31,Udinese,1679.32128906
2008-04-02,Udinese,1676.93969727
2008-04-04,Udinese,1679.97363281
2008-04-07,Udinese,1681.55493164
2008-04-10,Udinese,1681.17529297
2008-04-11,Udinese,1683.6973877
2008-04-13,Udinese,1683.6973877
2008-04-14,Udinese,1675.4934082
2008-04-15,Udinese,1675.4934082
2008-04-17,Udinese,1675.4934082
2008-04-21,Udinese,1665.99682617
2008-04-24,Udinese,1665.99682617
2008-04-25,Udinese,1666.36010742
2008-04-27,Udinese,1666.36010742
2008-04-28,Udinese,1670.64904785
2008-05-01,Udinese,1670.64904785
2008-05-02,Udinese,1669.53894043
2008-05-04,Udinese,1669.53894043
2008-05-05,Udinese,1677.97607422
2008-05-12,Udinese,1661.35083008
2008-05-18,Udinese,1661.35083008
2008-05-19,Udinese,1656.34631348
2008-06-02,Udinese,1656.34631348
2008-06-09,Udinese,1656.34631348
2008-08-06,Udinese,1656.34631348
2008-08-10,Udinese,1656.34631348
2008-08-13,Udinese,1658.01623535
2008-08-14,Udinese,1658.51525879
2008-08-15,Udinese,1658.6784668
2008-08-18,Udinese,1658.6784668
2008-08-25,Udinese,1658.6784668
2008-08-27,Udinese,1658.70446777
2008-08-28,Udinese,1658.87353516
2008-08-29,Udinese,1658.96081543
2008-08-31,Udinese,1667.00073242
2008-09-01,Udinese,1667.00073242
2008-09-14,Udinese,1667.00073242
2008-09-15,Udinese,1664.27368164
2008-09-17,Udinese,1661.31994629
2008-09-18,Udinese,1663.89892578
2008-09-19,Udinese,1683.47192383
2008-09-21,Udinese,1683.47192383
2008-09-22,Udinese,1680.79284668
2008-09-25,Udinese,1696.59985352
2008-09-28,Udinese,1696.59985352
2008-09-29,Udinese,1701.95239258
2008-10-01,Udinese,1697.33703613
2008-10-02,Udinese,1699.46911621
2008-10-03,Udinese,1674.7355957
2008-10-05,Udinese,1674.7355957
2008-10-06,Udinese,1681.12731934
2008-10-19,Udinese,1681.12731934
2008-10-20,Udinese,1682.8996582
2008-10-22,Udinese,1683.01171875
2008-10-23,Udinese,1682.66760254
2008-10-24,Udinese,1699.84729004
2008-10-26,Udinese,1699.84729004
2008-10-27,Udinese,1712.04272461
2008-10-28,Udinese,1712.04272461
2008-10-30,Udinese,1724.14953613
2008-11-02,Udinese,1724.14953613
2008-11-03,Udinese,1720.21105957
2008-11-05,Udinese,1723.4407959
2008-11-06,Udinese,1728.84667969
2008-11-07,Udinese,1740.08422852
2008-11-10,Udinese,1737.52001953
2008-11-16,Udinese,1737.52001953
2008-11-17,Udinese,1724.47424316
2008-11-23,Udinese,1717.96728516
2008-11-24,Udinese,1717.96728516
2008-11-26,Udinese,1714.18823242
2008-11-27,Udinese,1710.78833008
2008-11-28,Udinese,1709.29919434
2008-12-01,Udinese,1696.35290527
2008-12-04,Udinese,1695.84606934
2008-12-05,Udinese,1695.84606934
2008-12-08,Udinese,1684.41137695
2008-12-09,Udinese,1684.41137695
2008-12-10,Udinese,1682.85986328
2008-12-11,Udinese,1681.703125
2008-12-13,Udinese,1681.703125
2008-12-15,Udinese,1679.76367188
2008-12-18,Udinese,1678.16162109
2008-12-19,Udinese,1664.36889648
2008-12-21,Udinese,1664.36889648
2008-12-22,Udinese,1658.54296875
2009-01-11,Udinese,1658.54296875
2009-01-12,Udinese,1656.66784668
2009-01-18,Udinese,1656.66784668
2009-01-19,Udinese,1648.14990234
2009-01-25,Udinese,1648.14990234
2009-01-26,Udinese,1643.20678711
2009-01-29,Udinese,1654.59313965
2009-02-01,Udinese,1657.55627441
2009-02-02,Udinese,1657.55627441
2009-02-08,Udinese,1657.55627441
2009-02-09,Udinese,1662.55126953
2009-02-15,Udinese,1662.55126953
2009-02-16,Udinese,1664.40344238
2009-02-19,Udinese,1661.68884277
2009-02-20,Udinese,1660.6472168
2009-02-21,Udinese,1660.6472168
2009-02-22,Udinese,1660.6472168
2009-02-23,Udinese,1652.59643555
2009-02-25,Udinese,1650.99841309
2009-02-26,Udinese,1649.81286621
2009-02-27,Udinese,1644.6003418
2009-02-28,Udinese,1644.6003418
2009-03-02,Udinese,1651.29406738
2009-03-05,Udinese,1651.29406738
2009-03-08,Udinese,1657.32824707
2009-03-09,Udinese,1657.32824707
2009-03-11,Udinese,1656.19042969
2009-03-12,Udinese,1655.42883301
2009-03-13,Udinese,1671.97705078
2009-03-15,Udinese,1671.97705078
2009-03-16,Udinese,1668.03271484
2009-03-19,Udinese,1668.03271484
2009-03-20,Udinese,1669.63000488
2009-03-22,Udinese,1669.63000488
2009-03-23,Udinese,1661.95910645
2009-04-06,Udinese,1657.34997559
2009-04-09,Udinese,1657.34997559
2009-04-10,Udinese,1648.52722168
2009-04-13,Udinese,1659.64404297
2009-04-16,Udinese,1659.64404297
2009-04-17,Udinese,1655.6262207
2009-04-19,Udinese,1655.6262207
2009-04-20,Udinese,1667.46044922
2009-04-24,Udinese,1667.46044922
2009-04-26,Udinese,1676.93530273
2009-04-27,Udinese,1676.93530273
2009-05-02,Udinese,1676.93530273
2009-05-03,Udinese,1676.93530273
2009-05-04,Udinese,1686.10192871
2009-05-07,Udinese,1686.10192871
2009-05-10,Udinese,1699.09558105
2009-05-13,Udinese,1699.09558105
2009-05-17,Udinese,1708.28540039
2009-05-18,Udinese,1708.28540039
2009-05-25,Udinese,1709.01416016
2009-05-28,Udinese,1709.01416016
2009-05-31,Udinese,1709.01416016
2009-06-01,Udinese,1719.13684082
2009-06-07,Udinese,1719.13684082
2009-07-27,Udinese,1719.13684082
2009-07-31,Udinese,1719.73352051
2009-08-05,Udinese,1719.73352051
2009-08-07,Udinese,1720.95898438
2009-08-09,Udinese,1720.95898438
2009-08-16,Udinese,1720.95898438
2009-08-19,Udinese,1722.43286133
2009-08-21,Udinese,1727.61242676
2009-08-24,Udinese,1722.72241211
2009-08-27,Udinese,1723.6159668
2009-08-28,Udinese,1724.6730957
2009-08-30,Udinese,1724.6730957
2009-08-31,Udinese,1714.52624512
2009-09-07,Udinese,1714.52624512
2009-09-13,Udinese,1714.52624512
2009-09-14,Udinese,1719.16101074
2009-09-16,Udinese,1721.36791992
2009-09-17,Udinese,1719.85217285
2009-09-18,Udinese,1710.81188965
2009-09-20,Udinese,1710.18481445
2009-09-24,Udinese,1718.7467041
2009-09-28,Udinese,1727.7689209
2009-09-30,Udinese,1731.78173828
2009-10-01,Udinese,1727.50695801
2009-10-02,Udinese,1731.03381348
2009-10-04,Udinese,1727.84509277
2009-10-19,Udinese,1709.96899414
2009-10-21,Udinese,1709.82739258
2009-10-22,Udinese,1714.53894043
2009-10-23,Udinese,1714.14172363
2009-10-26,Udinese,1707.72021484
2009-10-29,Udinese,1715.01342773
2009-11-02,Udinese,1715.47644043
2009-11-04,Udinese,1716.64208984
2009-11-05,Udinese,1720.18554688
2009-11-06,Udinese,1721.95056152
2009-11-08,Udinese,1721.95056152
2009-11-09,Udinese,1713.12878418
2009-11-23,Udinese,1709.86193848
2009-11-25,Udinese,1709.99597168
2009-11-26,Udinese,1705.72302246
2009-11-29,Udinese,1711.06201172
2009-11-30,Udinese,1711.06201172
2009-12-03,Udinese,1707.67089844
2009-12-04,Udinese,1708.49572754
2009-12-07,Udinese,1699.57348633
2009-12-09,Udinese,1692.00048828
2009-12-10,Udinese,1697.49304199
2009-12-13,Udinese,1697.49304199
2009-12-14,Udinese,1688.40307617
2009-12-17,Udinese,1690.02905273
2009-12-18,Udinese,1682.92419434
2009-12-24,Udinese,1682.92419434
2010-01-03,Udinese,1682.92419434
2010-01-07,Udinese,1672.85852051
2010-01-09,Udinese,1672.85852051
2010-01-11,Udinese,1668.9263916
2010-01-17,Udinese,1668.9263916
2010-01-18,Udinese,1670.61975098
2010-01-21,Udinese,1670.61975098
2010-01-25,Udinese,1659.81652832
2010-01-27,Udinese,1659.81652832
2010-02-01,Udinese,1660.3269043
2010-02-08,Udinese,1669.60168457
2010-02-13,Udinese,1666.55029297
2010-02-17,Udinese,1664.6463623
2010-02-18,Udinese,1664.2689209
2010-02-19,Udinese,1665.35266113
2010-02-21,Udinese,1656.45031738
2010-02-22,Udinese,1656.45031738
2010-02-24,Udinese,1656.45031738
2010-02-25,Udinese,1664.88830566
2010-02-26,Udinese,1658.27453613
2010-02-28,Udinese,1658.27453613
2010-03-01,Udinese,1653.60131836
2010-03-07,Udinese,1653.60131836
2010-03-08,Udinese,1654.16345215
2010-03-09,Udinese,1654.16345215
2010-03-10,Udinese,1653.5423584
2010-03-11,Udinese,1651.24890137
2010-03-12,Udinese,1654.44946289
2010-03-14,Udinese,1654.44946289
2010-03-15,Udinese,1662.2199707
2010-03-17,Udinese,1666.89819336
2010-03-19,Udinese,1659.73608398
2010-03-21,Udinese,1654.86791992
2010-03-22,Udinese,1654.86791992
2010-03-24,Udinese,1654.86791992
2010-03-25,Udinese,1651.93786621
2010-03-27,Udinese,1651.93786621
2010-03-28,Udinese,1651.93786621
2010-03-29,Udinese,1644.12426758
2010-04-01,Udinese,1645.07128906
2010-04-04,Udinese,1658.5369873
2010-04-05,Udinese,1658.5369873
2010-04-07,Udinese,1660.07702637
2010-04-09,Udinese,1660.07702637
2010-04-10,Udinese,1660.07702637
2010-04-11,Udinese,1660.07702637
2010-04-12,Udinese,1670.11621094
2010-04-14,Udinese,1670.11621094
2010-04-18,Udinese,1670.11621094
2010-04-19,Udinese,1665.76367188
2010-04-21,Udinese,1670.07617188
2010-04-26,Udinese,1677.36242676
2010-04-28,Udinese,1677.36242676
2010-04-29,Udinese,1678.50146484
2010-05-02,Udinese,1678.50146484
2010-05-03,Udinese,1679.70605469
2010-05-04,Udinese,1679.70605469
2010-05-06,Udinese,1679.70605469
2010-05-09,Udinese,1679.70605469
2010-05-10,Udinese,1676.13757324
2010-05-13,Udinese,1676.13757324
2010-05-16,Udinese,1666.25634766
2010-05-17,Udinese,1666.25634766
2010-05-23,Udinese,1669.99816895
2010-07-30,Udinese,1670.09326172
2010-08-05,Udinese,1670.09326172
2010-08-06,Udinese,1670.11401367
2010-08-08,Udinese,1670.11401367
2010-08-19,Udinese,1667.81262207
2010-08-20,Udinese,1669.92993164
2010-08-25,Udinese,1669.75524902
2010-08-26,Udinese,1669.75524902
2010-08-27,Udinese,1671.20129395
2010-08-28,Udinese,1671.20129395
2010-08-29,Udinese,1661.3416748
2010-08-30,Udinese,1661.3416748
2010-09-05,Udinese,1661.3416748
2010-09-12,Udinese,1659.6418457
2010-09-13,Udinese,1659.6418457
2010-09-14,Udinese,1659.6418457
2010-09-15,Udinese,1658.31469727
2010-09-16,Udinese,1658.79626465
2010-09-17,Udinese,1651.61157227
2010-09-19,Udinese,1651.61157227
2010-09-20,Udinese,1633.37536621
2010-09-21,Udinese,1633.37536621
2010-09-23,Udinese,1626.71398926
2010-09-26,Udinese,1626.71398926
2010-09-27,Udinese,1631.32214355
2010-09-29,Udinese,1632.52636719
2010-09-30,Udinese,1634.78222656
2010-10-01,Udinese,1636.08691406
2010-10-03,Udinese,1640.26074219
2010-10-04,Udinese,1640.26074219
2010-10-05,Udinese,1640.26074219
2010-10-17,Udinese,1640.26074219
2010-10-18,Udinese,1649.00793457
2010-10-20,Udinese,1641.29077148
2010-10-21,Udinese,1642.50854492
2010-10-22,Udinese,1633.65319824
2010-10-24,Udinese,1633.65319824
2010-10-25,Udinese,1641.34753418
2010-10-31,Udinese,1641.34753418
2010-11-01,Udinese,1654.87133789
2010-11-03,Udinese,1650.84729004
2010-11-04,Udinese,1654.52868652
2010-11-05,Udinese,1647.84191895
2010-11-07,Udinese,1647.84191895
2010-11-08,Udinese,1645.11181641
2010-11-10,Udinese,1645.11181641
2010-11-11,Udinese,1638.40014648
2010-11-15,Udinese,1646.71887207
2010-11-21,Udinese,1641.84875488
2010-11-22,Udinese,1641.84875488
2010-11-24,Udinese,1648.72253418
2010-11-25,Udinese,1649.68591309
2010-11-28,Udinese,1649.68591309
2010-11-29,Udinese,1659.91833496
2010-12-02,Udinese,1655.37036133
2010-12-03,Udinese,1653.18884277
2010-12-05,Udinese,1653.18884277
2010-12-06,Udinese,1646.40576172
2010-12-08,Udinese,1641.72619629
2010-12-09,Udinese,1634.55432129
2010-12-12,Udinese,1640.90917969
2010-12-13,Udinese,1640.90917969
2010-12-16,Udinese,1642.64123535
2010-12-17,Udinese,1636.68322754
2010-12-19,Udinese,1636.68322754
2010-12-20,Udinese,1631.46691895
2010-12-23,Udinese,1631.46691895
2010-12-29,Udinese,1631.46691895
2011-01-02,Udinese,1631.46691895
2011-01-04,Udinese,1631.46691895
2011-01-05,Udinese,1631.46691895
2011-01-06,Udinese,1631.46691895
2011-01-07,Udinese,1638.88244629
2011-01-10,Udinese,1644.61193848
2011-01-11,Udinese,1644.61193848
2011-01-16,Udinese,1644.61193848
2011-01-17,Udinese,1658.38830566
2011-01-24,Udinese,1672.43444824
2011-01-30,Udinese,1672.43444824
2011-01-31,Udinese,1682.45214844
2011-02-03,Udinese,1678.13623047
2011-02-06,Udinese,1684.78845215
2011-02-07,Udinese,1684.78845215
2011-02-13,Udinese,1684.78845215
2011-02-14,Udinese,1694.1496582
2011-02-16,Udinese,1691.71325684
2011-02-17,Udinese,1689.52099609
2011-02-18,Udinese,1689.1340332
2011-02-19,Udinese,1689.1340332
2011-02-21,Udinese,1682.71496582
2011-02-22,Udinese,1682.71496582
2011-02-23,Udinese,1682.71496582
2011-02-24,Udinese,1680.47106934
2011-02-25,Udinese,1677.96386719
2011-02-28,Udinese,1703.02697754
2011-03-02,Udinese,1703.02697754
2011-03-03,Udinese,1703.02697754
2011-03-06,Udinese,1703.02697754
2011-03-07,Udinese,1705.35424805
2011-03-09,Udinese,1703.67211914
2011-03-10,Udinese,1703.23876953
2011-03-11,Udinese,1703.23876953
2011-03-14,Udinese,1719.40209961
2011-03-16,Udinese,1724.79321289
2011-03-20,Udinese,1724.79321289
2011-03-21,Udinese,1728.9954834
2011-04-04,Udinese,1713.53051758
2011-04-05,Udinese,1713.53051758
2011-04-06,Udinese,1706.69384766
2011-04-08,Udinese,1706.69384766
2011-04-10,Udinese,1696.71728516
2011-04-11,Udinese,1696.71728516
2011-04-14,Udinese,1695.83703613
2011-04-17,Udinese,1695.83703613
2011-04-18,Udinese,1705.9699707
2011-04-23,Udinese,1705.9699707
2011-04-24,Udinese,1687.6394043
2011-04-25,Udinese,1687.6394043
2011-04-28,Udinese,1687.6394043
2011-04-29,Udinese,1687.6394043
2011-04-30,Udinese,1687.6394043
2011-05-02,Udinese,1675.09631348
2011-05-09,Udinese,1680.85144043
2011-05-12,Udinese,1680.85144043
2011-05-15,Udinese,1680.85144043
2011-05-16,Udinese,1691.63781738
2011-05-22,Udinese,1691.63781738
2011-05-23,Udinese,1692.44104004
2011-05-26,Udinese,1692.44104004
2011-07-18,Udinese,1692.44104004
2011-07-24,Udinese,1692.44104004
2011-07-29,Udinese,1690.19140625
2011-08-03,Udinese,1690.19140625
2011-08-04,Udinese,1690.19140625
2011-08-05,Udinese,1688.40600586
2011-08-07,Udinese,1688.40600586
2011-08-14,Udinese,1688.40600586
2011-08-17,Udinese,1686.3092041
2011-08-18,Udinese,1686.3092041
2011-08-19,Udinese,1685.25720215
2011-08-21,Udinese,1685.25720215
2011-08-24,Udinese,1685.25720215
2011-08-25,Udinese,1677.87304688
2011-08-26,Udinese,1671.8046875
2011-08-28,Udinese,1671.8046875
2011-08-29,Udinese,1671.8046875
2011-09-05,Udinese,1671.8046875
2011-09-11,Udinese,1671.8046875
2011-09-12,Udinese,1680.03076172
2011-09-14,Udinese,1682.84753418
2011-09-15,Udinese,1680.44458008
2011-09-16,Udinese,1685.79638672
2011-09-18,Udinese,1685.79638672
2011-09-19,Udinese,1693.38696289
2011-09-20,Udinese,1693.38696289
2011-09-22,Udinese,1697.21130371
2011-09-23,Udinese,1697.21130371
2011-09-26,Udinese,1695.38244629
2011-09-27,Udinese,1695.38244629
2011-09-28,Udinese,1702.56774902
2011-09-29,Udinese,1703.55700684
2011-09-30,Udinese,1699.55163574
2011-10-03,Udinese,1703.47143555
2011-10-16,Udinese,1703.47143555
2011-10-17,Udinese,1701.23681641
2011-10-18,Udinese,1701.23681641
2011-10-19,Udinese,1706.44238281
2011-10-20,Udinese,1707.25708008
2011-10-21,Udinese,1719.82629395
2011-10-24,Udinese,1723.24853516
2011-10-27,Udinese,1714.0168457
2011-10-30,Udinese,1714.0168457
2011-10-31,Udinese,1718.16882324
2011-11-01,Udinese,1718.16882324
2011-11-02,Udinese,1716.47119141
2011-11-03,Udinese,1717.97119141
2011-11-04,Udinese,1704.65246582
2011-11-07,Udinese,1708.12524414
2011-11-20,Udinese,1708.12524414
2011-11-21,Udinese,1694.71142578
2011-11-23,Udinese,1698.42102051
2011-11-24,Udinese,1697.0579834
2011-11-26,Udinese,1705.32165527
2011-11-27,Udinese,1705.32165527
2011-11-28,Udinese,1705.32165527
2011-12-01,Udinese,1707.15612793
2011-12-02,Udinese,1706.36083984
2011-12-04,Udinese,1716.82958984
2011-12-05,Udinese,1716.82958984
2011-12-07,Udinese,1715.5300293
2011-12-08,Udinese,1716.63427734
2011-12-12,Udinese,1720.49853516
2011-12-15,Udinese,1723.4675293
2011-12-16,Udinese,1715.09179688
2011-12-18,Udinese,1715.09179688
2011-12-19,Udinese,1716.50549316
2011-12-22,Udinese,1714.9564209
2011-12-28,Udinese,1714.9564209
2012-01-05,Udinese,1714.9564209
2012-01-08,Udinese,1714.9564209
2012-01-09,Udinese,1719.71520996
2012-01-12,Udinese,1719.71520996
2012-01-15,Udinese,1719.71520996
2012-01-16,Udinese,1709.77893066
2012-01-22,Udinese,1709.77893066
2012-01-23,Udinese,1713.72973633
2012-01-29,Udinese,1707.42248535
2012-01-31,Udinese,1707.42248535
2012-02-02,Udinese,1710.18273926
2012-02-05,Udinese,1710.18273926
2012-02-06,Udinese,1701.72692871
2012-02-10,Udinese,1701.72692871
2012-02-11,Udinese,1701.72692871
2012-02-12,Udinese,1694.28979492
2012-02-13,Udinese,1694.28979492
2012-02-16,Udinese,1701.06799316
2012-02-17,Udinese,1693.15625
2012-02-19,Udinese,1693.15625
2012-02-20,Udinese,1688.95983887
2012-02-22,Udinese,1692.91577148
2012-02-23,Udinese,1691.75427246
2012-02-24,Udinese,1712.87060547
2012-02-27,Udinese,1722.3236084
2012-03-04,Udinese,1722.3236084
2012-03-05,Udinese,1717.5670166
2012-03-07,Udinese,1714.62145996
2012-03-08,Udinese,1714.62145996
2012-03-09,Udinese,1699.14331055
2012-03-12,Udinese,1686.52062988
2012-03-13,Udinese,1686.52062988
2012-03-14,Udinese,1685.6842041
2012-03-15,Udinese,1679.08288574
2012-03-16,Udinese,1678.87060547
2012-03-18,Udinese,1678.87060547
2012-03-19,Udinese,1678.88342285
2012-03-21,Udinese,1678.88342285
2012-03-25,Udinese,1677.80151367
2012-03-27,Udinese,1677.80151367
2012-03-28,Udinese,1677.80151367
2012-03-29,Udinese,1678.1763916
2012-04-01,Udinese,1678.1763916
2012-04-02,Udinese,1668.67150879
2012-04-04,Udinese,1667.3112793
2012-04-06,Udinese,1667.3112793
2012-04-08,Udinese,1674.19116211
2012-04-09,Udinese,1674.19116211
2012-04-12,Udinese,1664.47509766
2012-04-15,Udinese,1664.47509766
2012-04-16,Udinese,1664.47509766
2012-04-19,Udinese,1664.47509766
2012-04-22,Udinese,1664.1887207
2012-04-25,Udinese,1664.1887207
2012-04-26,Udinese,1651.39196777
2012-04-29,Udinese,1651.39196777
2012-04-30,Udinese,1660.39611816
2012-05-03,Udinese,1665.42895508
2012-05-07,Udinese,1670.86071777
2012-05-11,Udinese,1670.86071777
2012-05-14,Udinese,1681.71777344
2012-07-29,Udinese,1681.71777344
2012-08-02,Udinese,1681.71777344
2012-08-03,Udinese,1682.75048828
2012-08-09,Udinese,1682.75048828
2012-08-10,Udinese,1682.29162598
2012-08-13,Udinese,1682.29162598
2012-08-19,Udinese,1682.29162598
2012-08-20,Udinese,1682.29162598
2012-08-22,Udinese,1682.29162598
2012-08-23,Udinese,1687.45483398
2012-08-24,Udinese,1690.2545166
2012-08-26,Udinese,1681.51086426
2012-08-29,Udinese,1679.23742676
2012-08-31,Udinese,1679.06347656
2012-09-02,Udinese,1679.06347656
2012-09-03,Udinese,1667.4276123
2012-09-16,Udinese,1667.4276123
2012-09-17,Udinese,1666.27661133
2012-09-19,Udinese,1664.50219727
2012-09-20,Udinese,1665.94812012
2012-09-21,Udinese,1665.2454834
2012-09-22,Udinese,1665.2454834
2012-09-23,Udinese,1665.2454834
2012-09-24,Udinese,1674.63513184
2012-09-27,Udinese,1672.36547852
2012-09-30,Udinese,1672.36547852
2012-10-01,Udinese,1667.8449707
2012-10-03,Udinese,1667.29602051
2012-10-04,Udinese,1670.94396973
2012-10-05,Udinese,1684.53564453
2012-10-08,Udinese,1679.32666016
2012-10-22,Udinese,1682.31616211
2012-10-24,Udinese,1680.14306641
2012-10-25,Udinese,1678.64135742
2012-10-26,Udinese,1656.22912598
2012-10-29,Udinese,1665.46203613
2012-10-30,Udinese,1665.46203613
2012-11-01,Udinese,1661.55419922
2012-11-04,Udinese,1661.55419922
2012-11-05,Udinese,1660.89343262
2012-11-07,Udinese,1660.5736084
2012-11-08,Udinese,1661.46850586
2012-11-09,Udinese,1649.83972168
2012-11-10,Udinese,1649.83972168
2012-11-11,Udinese,1649.83972168
2012-11-12,Udinese,1649.15039062
2012-11-17,Udinese,1649.15039062
2012-11-19,Udinese,1647.08312988
2012-11-21,Udinese,1651.01269531
2012-11-22,Udinese,1655.5390625
2012-11-23,Udinese,1644.18432617
2012-11-26,Udinese,1644.18432617
2012-11-27,Udinese,1644.18432617
2012-11-28,Udinese,1634.25109863
2012-11-29,Udinese,1634.25109863
2012-12-02,Udinese,1634.25109863
2012-12-03,Udinese,1642.74414062
2012-12-05,Udinese,1639.0871582
2012-12-06,Udinese,1643.04589844
2012-12-07,Udinese,1625.83447266
2012-12-09,Udinese,1625.83447266
2012-12-10,Udinese,1625.83447266
2012-12-11,Udinese,1636.49499512
2012-12-12,Udinese,1636.49499512
2012-12-13,Udinese,1636.49499512
2012-12-16,Udinese,1632.14367676
2012-12-17,Udinese,1632.14367676
2012-12-22,Udinese,1632.14367676
2012-12-23,Udinese,1632.4987793
2012-12-24,Udinese,1632.4987793
2012-12-30,Udinese,1632.4987793
2013-01-06,Udinese,1632.4987793
2013-01-07,Udinese,1645.77160645
2013-01-13,Udinese,1645.77160645
2013-01-14,Udinese,1654.82592773
2013-01-20,Udinese,1649.01818848
2013-01-21,Udinese,1649.01818848
2013-01-28,Udinese,1652.67590332
2013-01-30,Udinese,1652.67590332
2013-01-31,Udinese,1652.67590332
2013-02-03,Udinese,1652.67590332
2013-02-04,Udinese,1648.6673584
2013-02-10,Udinese,1648.6673584
2013-02-11,Udinese,1653.30358887
2013-02-12,Udinese,1653.30358887
2013-02-13,Udinese,1655.74475098
2013-02-14,Udinese,1655.74475098
2013-02-15,Udinese,1653.15625
2013-02-17,Udinese,1653.15625
2013-02-18,Udinese,1643.75952148
2013-02-21,Udinese,1648.03125
2013-02-22,Udinese,1653.40454102
2013-02-26,Udinese,1652.67321777
2013-03-02,Udinese,1652.67321777
2013-03-03,Udinese,1652.67321777
2013-03-04,Udinese,1657.93188477
2013-03-06,Udinese,1657.93188477
2013-03-07,Udinese,1658.20056152
2013-03-08,Udinese,1660.27331543
2013-03-10,Udinese,1658.35058594
2013-03-11,Udinese,1658.35058594
2013-03-13,Udinese,1653.41992188
2013-03-14,Udinese,1653.41992188
2013-03-15,Udinese,1657.40332031
2013-03-16,Udinese,1657.40332031
2013-03-17,Udinese,1647.31115723
2013-03-18,Udinese,1647.31115723
2013-03-31,Udinese,1644.72387695
2013-04-01,Udinese,1644.72387695
2013-04-03,Udinese,1642.73522949
2013-04-05,Udinese,1639.27941895
2013-04-06,Udinese,1639.27941895
2013-04-07,Udinese,1639.27941895
2013-04-08,Udinese,1646.58935547
2013-04-10,Udinese,1646.58935547
2013-04-11,Udinese,1645.22424316
2013-04-12,Udinese,1644.01660156
2013-04-15,Udinese,1659.40283203
2013-04-16,Udinese,1659.40283203
2013-04-20,Udinese,1659.40283203
2013-04-21,Udinese,1666.12866211
2013-04-24,Udinese,1666.12866211
2013-04-28,Udinese,1673.79345703
2013-04-29,Udinese,1673.79345703
2013-04-30,Udinese,1673.79345703
2013-05-04,Udinese,1673.79345703
2013-05-05,Udinese,1673.79345703
2013-05-06,Udinese,1679.22717285
2013-05-09,Udinese,1685.67004395
2013-05-12,Udinese,1685.67004395
2013-05-13,Udinese,1689.52893066
2013-05-20,Udinese,1702.99511719
2013-05-27,Udinese,1702.99511719
2013-07-22,Udinese,1702.99511719
2013-07-29,Udinese,1702.99511719
2013-08-02,Udinese,1703.99743652
2013-08-09,Udinese,1704.5135498
2013-08-11,Udinese,1704.5135498
2013-08-12,Udinese,1704.5135498
2013-08-18,Udinese,1704.5135498
2013-08-19,Udinese,1704.5135498
2013-08-21,Udinese,1705.00830078
2013-08-23,Udinese,1680.27648926
2013-08-25,Udinese,1680.27648926
2013-08-26,Udinese,1673.53369141
2013-08-29,Udinese,1676.9888916
2013-08-30,Udinese,1673.74389648
2013-08-31,Udinese,1673.74389648
2013-09-01,Udinese,1673.74389648
2013-09-02,Udinese,1680.86535645
2013-09-16,Udinese,1676.53759766
2013-09-18,Udinese,1674.26757812
2013-09-19,Udinese,1679.69836426
2013-09-20,Udinese,1682.56396484
2013-09-22,Udinese,1672.93164062
2013-09-23,Udinese,1672.93164062
2013-09-25,Udinese,1676.79504395
2013-09-26,Udinese,1676.79504395
2013-09-29,Udinese,1676.79504395
2013-09-30,Udinese,1662.48193359
2013-10-01,Udinese,1662.48193359
2013-10-02,Udinese,1660.4296875
2013-10-03,Udinese,1658.56604004
2013-10-04,Udinese,1660.84240723
2013-10-06,Udinese,1660.84240723
2013-10-07,Udinese,1668.13793945
2013-10-19,Udinese,1668.13793945
2013-10-20,Udinese,1663.79321289
2013-10-21,Udinese,1663.79321289
2013-10-23,Udinese,1668.29016113
2013-10-24,Udinese,1667.40454102
2013-10-25,Udinese,1667.27770996
2013-10-26,Udinese,1667.27770996
2013-10-27,Udinese,1667.27770996
2013-10-28,Udinese,1659.79931641
2013-10-31,Udinese,1665.62158203
2013-11-03,Udinese,1665.62158203
2013-11-04,Udinese,1649.06713867
2013-11-06,Udinese,1650.30969238
2013-11-07,Udinese,1650.82507324
2013-11-08,Udinese,1652.96142578
2013-11-10,Udinese,1644.66015625
2013-11-11,Udinese,1644.66015625
2013-11-24,Udinese,1644.66015625
2013-11-25,Udinese,1654.11401367
2013-11-27,Udinese,1656.24633789
2013-11-28,Udinese,1656.90917969
2013-11-29,Udinese,1657.45495605
2013-12-02,Udinese,1654.9407959
2013-12-05,Udinese,1654.9407959
2013-12-08,Udinese,1659.7746582
2013-12-12,Udinese,1659.77807617
2013-12-13,Udinese,1659.7878418
2013-12-16,Udinese,1643.69006348
2013-12-17,Udinese,1643.69006348
2013-12-19,Udinese,1643.69006348
2013-12-22,Udinese,1649.83227539
2013-12-23,Udinese,1649.83227539
2013-12-27,Udinese,1649.83227539
2014-01-05,Udinese,1649.83227539
2014-01-07,Udinese,1634.49755859
2014-01-12,Udinese,1634.49755859
2014-01-14,Udinese,1619.84716797
2014-01-19,Udinese,1619.84716797
2014-01-20,Udinese,1610.99804688
2014-01-26,Udinese,1610.99804688
2014-01-27,Udinese,1605.51916504
2014-02-01,Udinese,1605.51916504
2014-02-02,Udinese,1617.96716309
2014-02-09,Udinese,1627.00524902
2014-02-10,Udinese,1627.00524902
2014-02-12,Udinese,1627.00524902
2014-02-17,Udinese,1627.74487305
2014-02-18,Udinese,1627.74487305
2014-02-20,Udinese,1626.62072754
2014-02-21,Udinese,1624.38085938
2014-02-23,Udinese,1624.38085938
2014-02-24,Udinese,1620.97094727
2014-02-25,Udinese,1620.97094727
2014-02-28,Udinese,1622.75402832
2014-03-03,Udinese,1609.37866211
2014-03-09,Udinese,1619.21496582
2014-03-12,Udinese,1617.69995117
2014-03-14,Udinese,1615.76501465
2014-03-16,Udinese,1615.76501465
2014-03-18,Udinese,1612.2701416
2014-03-21,Udinese,1610.56762695
2014-03-23,Udinese,1610.56762695
2014-03-24,Udinese,1614.64978027
2014-03-26,Udinese,1614.64978027
2014-03-28,Udinese,1617.58459473
2014-03-31,Udinese,1617.58459473
2014-04-01,Udinese,1622.15698242
2014-04-03,Udinese,1622.15698242
2014-04-04,Udinese,1623.32006836
2014-04-06,Udinese,1623.32006836
2014-04-07,Udinese,1618.79345703
2014-04-09,Udinese,1618.79345703
2014-04-10,Udinese,1618.79345703
2014-04-11,Udinese,1619.53979492
2014-04-13,Udinese,1619.53979492
2014-04-15,Udinese,1615.03527832
2014-04-20,Udinese,1618.04797363
2014-04-25,Udinese,1616.47485352
2014-04-27,Udinese,1616.47485352
2014-04-28,Udinese,1607.04675293
2014-04-29,Udinese,1607.04675293
2014-04-30,Udinese,1607.04675293
2014-05-02,Udinese,1604.52478027
2014-05-04,Udinese,1604.52478027
2014-05-05,Udinese,1609.69250488
2014-05-08,Udinese,1609.69250488
2014-05-11,Udinese,1610.67687988
2014-05-18,Udinese,1607.72583008
2014-05-19,Udinese,1607.72583008
2014-05-25,Udinese,1607.72583008
2014-06-16,Udinese,1607.72583008
2014-07-31,Udinese,1607.72583008
2014-08-01,Udinese,1608.1418457
2014-08-08,Udinese,1608.35656738
2014-08-11,Udinese,1608.35656738
2014-08-14,Udinese,1608.35656738
2014-08-15,Udinese,1608.35656738
2014-08-20,Udinese,1607.82177734
2014-08-22,Udinese,1607.35791016
2014-08-24,Udinese,1607.35791016
2014-08-28,Udinese,1603.60693359
2014-08-29,Udinese,1605.20275879
2014-09-01,Udinese,1611.3807373
2014-09-07,Udinese,1611.3807373
2014-09-14,Udinese,1608.96105957
2014-09-15,Udinese,1608.96105957
2014-09-17,Udinese,1609.60522461
2014-09-18,Udinese,1613.32397461
2014-09-19,Udinese,1620.21020508
2014-09-20,Udinese,1620.21020508
2014-09-22,Udinese,1630.8013916
2014-09-23,Udinese,1630.8013916
2014-09-24,Udinese,1630.8013916
2014-09-25,Udinese,1630.8013916
2014-09-26,Udinese,1640.25231934
2014-09-29,Udinese,1640.25231934
2014-09-30,Udinese,1650.0411377
2014-10-01,Udinese,1651.90722656
2014-10-02,Udinese,1649.93945312
2014-10-03,Udinese,1655.05871582
2014-10-06,Udinese,1649.28930664
2014-10-13,Udinese,1649.28930664
2014-10-19,Udinese,1649.28930664
2014-10-20,Udinese,1642.50952148
2014-10-22,Udinese,1638.76000977
2014-10-23,Udinese,1634.58911133
2014-10-24,Udinese,1630.96679688
2014-10-25,Udinese,1630.96679688
2014-10-26,Udinese,1630.96679688
2014-10-27,Udinese,1638.64440918
2014-10-28,Udinese,1638.64440918
2014-10-30,Udinese,1630.33227539
2014-11-02,Udinese,1630.33227539
2014-11-03,Udinese,1615.37353516
2014-11-05,Udinese,1616.33398438
2014-11-06,Udinese,1615.60864258
2014-11-07,Udinese,1610.73730469
2014-11-08,Udinese,1610.73730469
2014-11-10,Udinese,1611.47375488
2014-11-16,Udinese,1611.47375488
2014-11-24,Udinese,1607.22131348
2014-11-26,Udinese,1607.2890625
2014-11-27,Udinese,1608.57043457
2014-11-28,Udinese,1611.45202637
2014-11-29,Udinese,1611.45202637
2014-11-30,Udinese,1611.45202637
2014-12-01,Udinese,1605.34667969
2014-12-08,Udinese,1616.46008301
2014-12-09,Udinese,1616.46008301
2014-12-10,Udinese,1616.26135254
2014-12-11,Udinese,1613.47167969
2014-12-12,Udinese,1612.18151855
2014-12-15,Udinese,1601.48291016
2014-12-22,Udinese,1603.85217285
2015-01-07,Udinese,1598.63269043
2015-01-11,Udinese,1599.64501953
2015-01-19,Udinese,1596.22302246
2015-01-27,Udinese,1603.94995117
2015-02-02,Udinese,1609.84082031
2015-02-09,Udinese,1605.24230957
2015-02-16,Udinese,1596.96728516
2015-02-20,Udinese,1600.05322266
2015-02-25,Udinese,1600.97253418
2015-02-27,Udinese,1616.28271484
2015-03-01,Udinese,1616.28271484
2015-03-02,Udinese,1605.96008301
2015-03-09,Udinese,1614.87780762
2015-03-12,Udinese,1614.87780762
2015-03-13,Udinese,1613.61401367
2015-03-16,Udinese,1614.22485352
2015-03-19,Udinese,1618.26391602
2015-03-20,Udinese,1619.078125
2015-03-22,Udinese,1619.078125
2015-03-23,Udinese,1621.69226074
2015-03-29,Udinese,1621.69226074
2015-04-05,Udinese,1623.64111328
2015-04-09,Udinese,1614.99865723
2015-04-12,Udinese,1614.99865723
2015-04-13,Udinese,1601.05041504
2015-04-15,Udinese,1602.24914551
2015-04-17,Udinese,1610.48840332
2015-04-18,Udinese,1610.48840332
2015-04-19,Udinese,1610.48840332
2015-04-20,Udinese,1612.16748047
2015-04-23,Udinese,1612.77990723
2015-04-24,Udinese,1616.58300781
2015-04-26,Udinese,1625.53100586
2015-04-27,Udinese,1625.53100586
2015-04-29,Udinese,1617.89465332
2015-04-30,Udinese,1617.89465332
2015-05-03,Udinese,1617.89465332
2015-05-04,Udinese,1627.57067871
2015-05-06,Udinese,1629.40856934
2015-05-08,Udinese,1625.4699707
2015-05-11,Udinese,1609.91430664
2015-05-14,Udinese,1613.81811523
2015-05-15,Udinese,1608.35986328
2015-05-17,Udinese,1608.35986328
2015-05-18,Udinese,1605.08874512
2015-05-25,Udinese,1594.95751953
2015-06-01,Udinese,1587.99755859
2015-06-07,Udinese,1585.77099609
2015-07-31,Udinese,1573.30371094
2015-08-07,Udinese,1573.78955078
2015-08-19,Udinese,1575.94348145
2015-08-24,Udinese,1592.26452637
2015-08-27,Udinese,1586.47436523
2015-08-31,Udinese,1577.81066895
2015-09-14,Udinese,1573.03845215
2015-09-16,Udinese,1576.8170166
2015-09-17,Udinese,1579.02587891
2015-09-18,Udinese,1577.94287109
2015-09-20,Udinese,1567.86462402
2015-09-23,Udinese,1560.90307617
2015-09-28,Udinese,1568.77355957
2015-09-30,Udinese,1564.92492676
2015-10-01,Udinese,1567.76403809
2015-10-02,Udinese,1574.73364258
2015-10-05,Udinese,1575.12927246
2015-10-19,Udinese,1578.03491211
2015-10-21,Udinese,1579.20019531
2015-10-22,Udinese,1577.34558105
2015-10-23,Udinese,1575.64477539
2015-10-26,Udinese,1579.57946777
2015-10-29,Udinese,1576.12414551
2015-11-02,Udinese,1575.71606445
2015-11-04,Udinese,1575.6262207
2015-11-05,Udinese,1577.85241699
2015-11-06,Udinese,1583.13085938
2015-11-09,Udinese,1581.24084473
2015-11-23,Udinese,1588.11572266
2015-11-25,Udinese,1587.11621094
2015-11-26,Udinese,1588.97497559
2015-11-27,Udinese,1592.45080566
2015-11-30,Udinese,1603.9083252
2015-12-07,Udinese,1599.34753418
2015-12-09,Udinese,1596.52624512
2015-12-10,Udinese,1594.33410645
2015-12-11,Udinese,1596.09472656
2015-12-13,Udinese,1583.20666504
2015-12-21,Udinese,1595.70031738
2016-01-07,Udinese,1602.13366699
2016-01-10,Udinese,1593.66662598
2016-01-18,Udinese,1588.03637695
2016-01-25,Udinese,1577.81738281
2016-02-01,Udinese,1579.90759277
2016-02-04,Udinese,1583.64538574
2016-02-08,Udinese,1589.31945801
2016-02-15,Udinese,1578.34985352
2016-02-18,Udinese,1577.38439941
2016-02-19,Udinese,1575.09875488
2016-02-22,Udinese,1570.44165039
2016-02-24,Udinese,1569.42749023
2016-02-26,Udinese,1565.69909668
2016-02-29,Udinese,1574.14428711
2016-03-07,Udinese,1562.23486328
2016-03-09,Udinese,1561.90344238
2016-03-11,Udinese,1562.96630859
2016-03-14,Udinese,1558.29748535
2016-03-17,Udinese,1555.390625
2016-03-18,Udinese,1548.38317871
2016-03-21,Udinese,1553.07019043
2016-04-04,Udinese,1571.3215332
2016-04-11,Udinese,1562.93359375
2016-04-18,Udinese,1562.49047852
2016-04-21,Udinese,1572.38720703
2016-04-24,Udinese,1567.67382812
2016-05-01,Udinese,1550.4934082
2016-05-09,Udinese,1553.38208008
2016-05-16,Udinese,1542.88757324
2016-07-29,Udinese,1543.38293457
2016-08-05,Udinese,1546.63708496
2016-08-18,Udinese,1547.35839844
2016-08-19,Udinese,1549.18908691
2016-08-21,Udinese,1545.80090332
2016-08-24,Udinese,1536.11132812
2016-08-26,Udinese,1536.1574707
2016-08-29,Udinese,1546.26757812
2016-09-12,Udinese,1558.9432373
2016-09-14,Udinese,1562.04528809
2016-09-15,Udinese,1560.26977539
2016-09-16,Udinese,1557.66467285
2016-09-19,Udinese,1549.10437012
2016-09-22,Udinese,1551.35302734
2016-09-26,Udinese,1548.24108887
2016-09-28,Udinese,1550.72827148
2016-09-29,Udinese,1553.75341797
2016-09-30,Udinese,1547.14160156
2016-10-02,Udinese,1535.73925781
2016-10-16,Udinese,1534.89807129
2016-10-19,Udinese,1536.49047852
2016-10-20,Udinese,1531.91564941
2016-10-21,Udinese,1535.23730469
2016-10-24,Udinese,1542.95849609
2016-10-28,Udinese,1557.03881836
2016-11-01,Udinese,1557.20556641
2016-11-02,Udinese,1557.11767578
2016-11-03,Udinese,1554.56201172
2016-11-04,Udinese,1555.24279785
2016-11-07,Udinese,1559.16162109
2016-11-20,Udinese,1554.83703613
2016-11-23,Udinese,1558.89404297
2016-11-24,Udinese,1557.41003418
2016-11-25,Udinese,1550.01501465
2016-11-28,Udinese,1543.79943848
2016-12-06,Udinese,1549.88269043
2016-12-07,Udinese,1553.79711914
2016-12-08,Udinese,1554.37915039
2016-12-09,Udinese,1556.44567871
2016-12-10,Udinese,1550.48608398
2016-12-12,Udinese,1568.19567871
2016-12-19,Udinese,1573.46948242
2016-12-23,Udinese,1575.71520996
2017-01-09,Udinese,1568.13391113
2017-01-16,Udinese,1563.60717773
2017-01-23,Udinese,1557.22460938
2017-01-30,Udinese,1566.48596191
2017-02-06,Udinese,1569.47387695
2017-02-12,Udinese,1563.82299805
2017-02-16,Udinese,1563.03271484
2017-02-17,Udinese,1572.63671875
2017-02-20,Udinese,1563.55712891
2017-02-23,Udinese,1566.09069824
2017-02-24,Udinese,1558.1048584
2017-02-27,Udinese,1555.03601074
2017-03-06,Udinese,1562.07080078
2017-03-08,Udinese,1561.07263184
2017-03-10,Udinese,1557.41040039
2017-03-13,Udinese,1566.9041748
2017-03-15,Udinese,1567.45324707
2017-03-17,Udinese,1566.08740234
2017-03-20,Udinese,1573.21838379
2017-04-03,Udinese,1576.70544434
2017-04-10,Udinese,1585.96252441
2017-04-12,Udinese,1592.27990723
2017-04-16,Udinese,1588.9654541
2017-04-20,Udinese,1590.82702637
2017-04-24,Udinese,1596.23266602
2017-05-01,Udinese,1580.98046875
2017-05-04,Udinese,1584.66723633
2017-05-08,Udinese,1586.27038574
2017-05-10,Udinese,1586.90368652
2017-05-15,Udinese,1578.40014648
2017-05-22,Udinese,1576.91088867
2017-05-29,Udinese,1570.26757812
2017-06-04,Udinese,1567.12121582
2017-07-28,Udinese,1567.88879395
2017-08-04,Udinese,1568.57006836
2017-08-17,Udinese,1570.16503906
2017-08-18,Udinese,1571.09143066
2017-08-21,Udinese,1560.79223633
2017-08-23,Udinese,1562.16467285
2017-08-25,Udinese,1562.27746582
2017-08-28,Udinese,1555.0111084
2017-09-11,Udinese,1560.95471191
2017-09-13,Udinese,1558.73510742
2017-09-14,Udinese,1555.83154297
2017-09-15,Udinese,1567.01831055
2017-09-18,Udinese,1563.87133789
2017-09-21,Udinese,1556.62182617
2017-09-24,Udinese,1554.56433105
2017-09-27,Udinese,1555.07958984
2017-09-28,Udinese,1556.61315918
2017-09-29,Udinese,1559.29748535
2017-10-01,Udinese,1575.84887695
2017-10-16,Udinese,1571.81652832
2017-10-18,Udinese,1570.07409668
2017-10-19,Udinese,1572.33569336
2017-10-20,Udinese,1575.18286133
2017-10-23,Udinese,1571.25927734
2017-10-26,Udinese,1582.29431152
2017-10-30,Udinese,1592.48291016
2017-10-31,Udinese,1592.48291016
2017-11-01,Udinese,1595.10925293
2017-11-02,Udinese,1590.6270752
2017-11-03,Udinese,1589.95495605
2017-11-04,Udinese,1589.95495605
2017-11-05,Udinese,1589.95495605
2017-11-06,Udinese,1589.95495605
2017-11-20,Udinese,1579.51831055
2017-11-22,Udinese,1581.36376953
2017-11-23,Udinese,1578.69177246
2017-11-24,Udinese,1584.25708008
2017-11-27,Udinese,1581.77966309
2017-12-05,Udinese,1596.38305664
2017-12-06,Udinese,1598.13623047
2017-12-07,Udinese,1593.39416504
2017-12-08,Udinese,1585.82299805
2017-12-11,Udinese,1590.38354492
2017-12-12,Udinese,1590.38354492
2017-12-13,Udinese,1590.38354492
2017-12-16,Udinese,1590.38354492
2017-12-17,Udinese,1610.00537109
2017-12-24,Udinese,1619.25061035
2017-12-31,Udinese,1627.92016602
2018-01-06,Udinese,1627.58642578
2018-01-07,Udinese,1627.58642578
2018-01-13,Udinese,1627.58642578
2018-01-14,Udinese,1627.58642578
2018-01-22,Udinese,1622.79882812
2018-01-23,Udinese,1622.79882812
2018-01-25,Udinese,1616.74401855
2018-01-29,Udinese,1624.96325684
2018-02-04,Udinese,1624.96325684
2018-02-05,Udinese,1624.95849609
2018-02-12,Udinese,1616.98693848
2018-02-14,Udinese,1615.12768555
2018-02-15,Udinese,1615.12768555
2018-02-16,Udinese,1608.82067871
2018-02-18,Udinese,1603.01245117
2018-02-22,Udinese,1601.58679199
2018-02-23,Udinese,1606.55712891
2018-02-25,Udinese,1606.55712891
2018-02-26,Udinese,1600.84509277
2018-03-01,Udinese,1600.84509277
2018-03-02,Udinese,1600.84509277
2018-03-04,Udinese,1600.84509277
2018-03-05,Udinese,1600.84509277
2018-03-08,Udinese,1606.00036621
2018-03-09,Udinese,1600.70153809
2018-03-11,Udinese,1600.70153809
2018-03-12,Udinese,1599.27539062
2018-03-14,Udinese,1602.67797852
2018-03-16,Udinese,1607.16625977
2018-03-18,Udinese,1596.53979492
2018-03-19,Udinese,1596.53979492
2018-04-01,Udinese,1591.7779541
2018-04-02,Udinese,1591.7779541
2018-04-04,Udinese,1576.13867188
2018-04-05,Udinese,1574.59020996
2018-04-06,Udinese,1577.70959473
2018-04-09,Udinese,1573.03857422
2018-04-11,Udinese,1579.8034668
2018-04-12,Udinese,1582.1887207
2018-04-13,Udinese,1575.27062988
2018-04-15,Udinese,1567.90356445
2018-04-19,Udinese,1565.72277832
2018-04-23,Udinese,1555.0847168
2018-04-25,Udinese,1551.85717773
2018-04-30,Udinese,1550.51696777
2018-05-03,Udinese,1551.48474121
2018-05-07,Udinese,1542.21887207
2018-05-14,Udinese,1549.64038086
2018-05-21,Udinese,1556.43359375
2018-07-27,Udinese,1555.26428223
2018-08-03,Udinese,1556.71862793
2018-08-10,Udinese,1557.14672852
2018-08-17,Udinese,1557.21862793
2018-08-20,Udinese,1556.78540039
2018-08-24,Udinese,1555.43286133
2018-08-27,Udinese,1563.05786133
2018-08-31,Udinese,1561.65600586
2018-09-03,Udinese,1558.07531738
2018-09-17,Udinese,1559.69775391
2018-09-19,Udinese,1562.4732666
2018-09-20,Udinese,1564.25097656
2018-09-21,Udinese,1565.36645508
2018-09-24,Udinese,1578.9309082
2018-09-27,Udinese,1573.92370605
2018-10-01,Udinese,1566.96655273
2018-10-03,Udinese,1568.86804199
2018-10-04,Udinese,1574.68774414
2018-10-05,Udinese,1571.21118164
2018-10-07,Udinese,1569.03356934
2018-10-21,Udinese,1563.95910645
2018-10-24,Udinese,1568.79296875
2018-10-25,Udinese,1569.13476562
2018-10-26,Udinese,1569.59094238
2018-10-29,Udinese,1571.91381836
2018-11-05,Udinese,1566.70654297
2018-11-07,Udinese,1567.11584473
2018-11-08,Udinese,1564.77001953
2018-11-09,Udinese,1566.59472656
2018-11-12,Udinese,1560.29370117
2018-11-25,Udinese,1573.49914551
2018-11-28,Udinese,1570.7734375
2018-11-29,Udinese,1570.71435547
2018-11-30,Udinese,1565.2590332
2018-12-03,Udinese,1568.81262207
2018-12-10,Udinese,1560.23510742
2018-12-12,Udinese,1557.13928223
2018-12-13,Udinese,1548.65795898
2018-12-14,Udinese,1540.90234375
2018-12-16,Udinese,1538.74414062
2018-12-23,Udinese,1534.88024902
2018-12-27,Udinese,1536.73059082
2018-12-30,Udinese,1546.27954102
2019-01-20,Udinese,1535.42895508
2019-01-27,Udinese,1527.29882812
2019-02-04,Udinese,1529.68408203
2019-02-11,Udinese,1526.30993652
2019-02-13,Udinese,1527.62768555
2019-02-15,Udinese,1526.79077148
2019-02-18,Udinese,1532.79431152
2019-02-21,Udinese,1526.64111328
2019-02-22,Udinese,1528.0020752
2019-03-04,Udinese,1533.89575195
2019-03-07,Udinese,1529.32995605
2019-03-08,Udinese,1534.16687012
2019-03-09,Udinese,1532.9206543
2019-03-13,Udinese,1540.49462891
2019-03-15,Udinese,1535.07592773
2019-03-18,Udinese,1533.11779785
2019-03-31,Udinese,1543.57202148
2019-04-03,Udinese,1549.62084961
2019-04-08,Udinese,1555.77270508
2019-04-11,Udinese,1556.00598145
2019-04-12,Udinese,1553.09216309
2019-04-14,Udinese,1550.5402832
2019-04-17,Udinese,1543.9765625
2019-04-18,Udinese,1539.34094238
2019-04-19,Udinese,1537.47753906
2019-04-21,Udinese,1536.16137695
2019-04-30,Udinese,1532.45495605
2019-05-05,Udinese,1536.31030273
2019-05-13,Udinese,1547.99121094
2019-05-19,Udinese,1554.85864258
2019-05-27,Udinese,1564.39294434
2019-07-26,Udinese,1564.83251953
2019-08-02,Udinese,1565.05078125
2019-08-09,Udinese,1566.63330078
2019-08-16,Udinese,1566.68823242
2019-08-23,Udinese,1563.41015625
2019-08-26,Udinese,1573.63562012
2019-08-30,Udinese,1572.32470703
2019-09-02,Udinese,1555.63208008
2019-09-15,Udinese,1552.91052246
2019-09-18,Udinese,1557.47839355
2019-09-19,Udinese,1552.80114746
2019-09-20,Udinese,1551.51586914
2019-09-22,Udinese,1539.85070801
2019-09-25,Udinese,1538.78637695
2019-09-30,Udinese,1546.26733398
2019-10-02,Udinese,1544.94702148
2019-10-03,Udinese,1543.18200684
2019-10-04,Udinese,1544.0267334
2019-10-07,Udinese,1539.04211426
2019-10-21,Udinese,1549.1151123
2019-10-23,Udinese,1548.79736328
2019-10-24,Udinese,1555.94897461
2019-10-25,Udinese,1552.14111328
2019-10-28,Udinese,1545.64562988
2019-10-31,Udinese,1535.57946777
2019-11-04,Udinese,1548.86987305
2019-11-06,Udinese,1546.23828125
2019-11-07,Udinese,1549.4744873
2019-11-08,Udinese,1543.31384277
2019-11-11,Udinese,1540.4822998
2019-11-25,Udinese,1534.66296387
2019-11-27,Udinese,1539.46496582
2019-11-28,Udinese,1545.70739746
2019-11-29,Udinese,1550.53613281
2019-12-02,Udinese,1545.11938477
2019-12-08,Udinese,1549.86450195
2019-12-11,Udinese,1549.60986328
2019-12-12,Udinese,1558.96972656
2019-12-13,Udinese,1551.97705078
2019-12-16,Udinese,1550.46081543
2019-12-22,Udinese,1558.53796387
2020-01-07,Udinese,1566.1730957
2020-01-13,Udinese,1577.91125488
2020-01-20,Udinese,1573.67529297
2020-01-27,Udinese,1564.14257812
2020-02-03,Udinese,1558.34033203
2020-02-10,Udinese,1557.08032227
2020-02-17,Udinese,1555.31066895
2020-02-20,Udinese,1560.62451172
2020-02-21,Udinese,1563.27124023
2020-02-23,Udinese,1565.72619629
2020-02-26,Udinese,1565.78894043
2020-02-27,Udinese,1563.39770508
2020-02-28,Udinese,1564.85424805
2020-03-09,Udinese,1565.02502441
2020-03-11,Udinese,1566.82006836
2020-06-24,Udinese,1561.05554199
2020-06-29,Udinese,1557.96203613
2020-07-03,Udinese,1576.79162598
2020-07-06,Udinese,1574.45776367
2020-07-10,Udinese,1587.21228027
2020-07-13,Udinese,1573.85168457
2020-07-16,Udinese,1576.71166992
2020-07-20,Udinese,1573.94958496
2020-07-24,Udinese,1588.29589844
2020-07-27,Udinese,1597.47509766
2020-07-30,Udinese,1585.54040527
2020-08-03,Udinese,1596.4342041
2020-08-06,Udinese,1599.72570801
2020-08-07,Udinese,1596.4699707
2020-08-08,Udinese,1594.02783203
2020-08-09,Udinese,1592.34472656
2020-08-11,Udinese,1594.96154785
2020-08-13,Udinese,1592.84240723
2020-08-18,Udinese,1598.38195801
2020-08-22,Udinese,1595.43981934
2020-09-18,Udinese,1595.73681641
2020-09-25,Udinese,1596.38427734
2020-09-28,Udinese,1588.21081543
2020-10-01,Udinese,1570.23217773
2020-10-02,Udinese,1568.48461914
2020-10-04,Udinese,1563.71862793
2020-10-19,Udinese,1570.75061035
2020-10-21,Udinese,1578.1854248
2020-10-22,Udinese,1579.44384766
2020-10-23,Udinese,1579.50354004
2020-10-26,Udinese,1573.98840332
2020-10-28,Udinese,1572.74865723
2020-10-29,Udinese,1569.13085938
2020-10-30,Udinese,1570.83374023
2020-11-02,Udinese,1567.0135498
2020-11-04,Udinese,1561.48339844
2020-11-05,Udinese,1563.5513916
2020-11-06,Udinese,1559.76159668
2020-11-07,Udinese,1563.82092285
2020-11-23,Udinese,1570.14538574
2020-11-25,Udinese,1573.2845459
2020-11-26,Udinese,1576.6373291
2020-11-27,Udinese,1579.46008301
2020-11-30,Udinese,1597.95117188
2020-12-01,Udinese,1597.95117188
2020-12-02,Udinese,1598.76171875
2020-12-03,Udinese,1601.80322266
2020-12-04,Udinese,1603.8125
2020-12-06,Udinese,1603.8125
2020-12-07,Udinese,1603.8125
2020-12-09,Udinese,1609.06567383
2020-12-10,Udinese,1610.49597168
2020-12-11,Udinese,1604.06994629
2020-12-13,Udinese,1612.39135742
2020-12-14,Udinese,1612.39135742
2020-12-15,Udinese,1612.39135742
2020-12-16,Udinese,1608.42810059
2020-12-17,Udinese,1608.42810059
2020-12-20,Udinese,1608.42810059
2020-12-21,Udinese,1609.07678223
2020-12-24,Udinese,1594.73913574
2020-12-27,Udinese,1594.73913574
2021-01-03,Udinese,1594.73913574
2021-01-04,Udinese,1590.9197998
2021-01-07,Udinese,1591.89611816
2021-01-11,Udinese,1587.27575684
2021-01-17,Udinese,1580.67822266
2021-01-21,Udinese,1586.26062012
2021-01-24,Udinese,1592.23376465
2021-02-01,Udinese,1599.16455078
2021-02-03,Udinese,1599.16455078
2021-02-05,Udinese,1599.16455078
2021-02-06,Udinese,1599.16455078
2021-02-08,Udinese,1610.04736328
2021-02-15,Udinese,1603.64538574
2021-02-16,Udinese,1603.64538574
2021-02-17,Udinese,1603.64538574
2021-02-18,Udinese,1601.70788574
2021-02-19,Udinese,1600.46154785
2021-02-20,Udinese,1600.46154785
2021-02-21,Udinese,1600.46154785
2021-02-22,Udinese,1599.00634766
2021-02-24,Udinese,1597.86816406
2021-02-25,Udinese,1595.98486328
2021-02-26,Udinese,1598.58642578
2021-03-01,Udinese,1606.6628418
2021-03-04,Udinese,1612.12084961
2021-03-07,Udinese,1623.81530762
2021-03-08,Udinese,1623.81530762
2021-03-10,Udinese,1622.4395752
2021-03-11,Udinese,1622.4395752
2021-03-12,Udinese,1628.32421875
2021-03-13,Udinese,1628.32421875
2021-03-14,Udinese,1628.15124512
2021-03-17,Udinese,1625.70288086
2021-03-18,Udinese,1625.69165039
2021-03-19,Udinese,1624.54699707
2021-03-21,Udinese,1624.54699707
2021-03-22,Udinese,1618.85986328
2021-04-04,Udinese,1616.01782227
2021-04-05,Udinese,1616.01782227
2021-04-07,Udinese,1616.01782227
2021-04-09,Udinese,1619.23803711
2021-04-11,Udinese,1609.3815918
2021-04-12,Udinese,1609.3815918
2021-04-16,Udinese,1610.3939209
2021-04-17,Udinese,1610.3939209
2021-04-18,Udinese,1615.79052734
2021-04-21,Udinese,1615.79052734
2021-04-22,Udinese,1604.86791992
2021-04-26,Udinese,1615.61621094
2021-04-27,Udinese,1615.61621094
2021-04-30,Udinese,1613.44128418
2021-05-02,Udinese,1613.44128418
2021-05-03,Udinese,1609.62451172
2021-05-04,Udinese,1609.62451172
2021-05-06,Udinese,1609.62451172
2021-05-07,Udinese,1610.08862305
2021-05-09,Udinese,1608.85583496
2021-05-12,Udinese,1602.77209473
2021-05-13,Udinese,1602.77209473
2021-05-16,Udinese,1602.77209473
2021-05-17,Udinese,1594.15527344
2021-05-21,Udinese,1594.15527344
2021-05-24,Udinese,1590.83837891
2021-08-20,Udinese,1591.6270752
2021-08-23,Udinese,1597.16564941
2021-08-24,Udinese,1597.16564941
2021-08-27,Udinese,1598.27722168
2021-08-28,Udinese,1606.18798828
2021-08-30,Udinese,1606.18798828
2021-09-06,Udinese,1606.18798828
2021-09-07,Udinese,1606.18798828
2021-09-13,Udinese,1613.59362793
2021-09-15,Udinese,1616.88781738
2021-09-16,Udinese,1612.42578125
2021-09-17,Udinese,1610.58117676
2021-09-19,Udinese,1610.58117676
2021-09-21,Udinese,1602.48608398
2021-09-23,Udinese,1602.48608398
2021-09-24,Udinese,1598.80688477
2021-09-27,Udinese,1590.99475098
2021-09-29,Udinese,1586.50891113
2021-09-30,Udinese,1591.06140137
2021-10-01,Udinese,1589.45532227
2021-10-04,Udinese,1592.06335449
2021-10-18,Udinese,1591.37414551
2021-10-20,Udinese,1589.44726562
2021-10-21,Udinese,1589.73779297
2021-10-22,Udinese,1580.61169434
2021-10-25,Udinese,1587.23278809
2021-10-28,Udinese,1586.08996582
2021-11-01,Udinese,1583.53625488
2021-11-03,Udinese,1585.29699707
2021-11-04,Udinese,1585.5111084
2021-11-05,Udinese,1585.53955078
2021-11-08,Udinese,1594.66491699
2021-11-23,Udinese,1587.57189941
2021-11-24,Udinese,1584.17370605
2021-11-25,Udinese,1584.53125
2021-11-26,Udinese,1589.70300293
2021-11-29,Udinese,1587.68908691
2021-12-03,Udinese,1591.99658203
2021-12-07,Udinese,1580.83239746
2021-12-08,Udinese,1576.79284668
2021-12-09,Udinese,1577.35205078
2021-12-10,Udinese,1574.61254883
2021-12-12,Udinese,1579.59875488
2021-12-19,Udinese,1595.19921875
2022-01-10,Udinese,1587.42150879
2022-01-16,Udinese,1583.84448242
2022-01-23,Udinese,1582.6751709
2022-02-07,Udinese,1594.66223145
2022-02-14,Udinese,1580.90075684
2022-02-17,Udinese,1578.66625977
2022-02-18,Udinese,1579.56848145
2022-02-21,Udinese,1582.74768066
2022-02-23,Udinese,1583.37207031
2022-02-25,Udinese,1580.76318359
2022-02-26,Udinese,1586.71459961
2022-03-06,Udinese,1593.87963867
2022-03-09,Udinese,1594.55200195
2022-03-11,Udinese,1596.76123047
2022-03-14,Udinese,1599.39331055
2022-03-17,Udinese,1592.62744141
2022-03-18,Udinese,1596.42663574
2022-03-20,Udinese,1593.27246094
2022-04-04,Udinese,1604.66784668
2022-04-08,Udinese,1604.00158691
2022-04-11,Udinese,1609.54992676
2022-04-14,Udinese,1609.54992676
2022-04-15,Udinese,1610.14526367
2022-04-17,Udinese,1619.11657715
2022-04-19,Udinese,1619.11657715
2022-04-21,Udinese,1606.03662109
2022-04-25,Udinese,1606.68859863
2022-04-26,Udinese,1606.68859863
2022-04-28,Udinese,1627.68139648
2022-04-29,Udinese,1628.46899414
2022-05-02,Udinese,1624.50219727
2022-05-04,Udinese,1624.50219727
2022-05-05,Udinese,1624.50219727
2022-05-06,Udinese,1627.60852051
2022-05-08,Udinese,1629.52819824
2022-05-14,Udinese,1629.52819824
2022-05-15,Udinese,1617.48498535
2022-05-16,Udinese,1617.48498535
2022-05-21,Udinese,1617.48498535
2022-05-23,Udinese,1629.59484863
2022-05-26,Udinese,1632.2512207
2022-05-27,Udinese,1632.2512207
2022-07-21,Udinese,1632.2512207
2022-07-22,Udinese,1632.2512207
2022-07-25,Udinese,1632.2512207
2022-07-29,Udinese,1632.2512207
2022-08-03,Udinese,1632.2512207
2022-08-06,Udinese,1632.2512207
2022-08-07,Udinese,1632.2512207
2022-08-10,Udinese,1632.2512207
2022-08-12,Udinese,1632.2512207
2022-08-14,Udinese,1628.20910645
2022-08-16,Udinese,1628.20910645
2022-08-17,Udinese,1628.20910645
2022-08-19,Udinese,1629.31604004
2022-08-20,Udinese,1629.31604004
2022-08-21,Udinese,1624.51245117
2022-08-22,Udinese,1624.51245117
2022-08-23,Udinese,1624.51245117
2022-08-26,Udinese,1626.30358887
2022-08-27,Udinese,1632.50549316
2022-08-29,Udinese,1632.50549316
2022-08-30,Udinese,1632.50549316
2022-09-01,Udinese,1640.36962891
2022-09-02,Udinese,1640.36962891
2022-09-04,Udinese,1640.36962891
2022-09-05,Udinese,1660.8059082
2022-09-07,Udinese,1658.99047852
2022-09-08,Udinese,1662.51159668
2022-09-09,Udinese,1658.42834473
2022-09-11,Udinese,1658.42834473
2022-09-12,Udinese,1671.03979492
2022-09-14,Udinese,1673.13098145
2022-09-15,Udinese,1675.18371582
2022-09-16,Udinese,1662.29125977
2022-09-17,Udinese,1662.29125977
2022-09-18,Udinese,1662.29125977
2022-09-19,Udinese,1678.33972168
2022-10-02,Udinese,1678.33972168
2022-10-03,Udinese,1678.33972168
2022-10-04,Udinese,1685.51330566
2022-10-05,Udinese,1696.38867188
2022-10-06,Udinese,1694.22583008
2022-10-07,Udinese,1692.16796875
2022-10-08,Udinese,1692.16796875
2022-10-09,Udinese,1692.16796875
2022-10-10,Udinese,1692.86499023
2022-10-12,Udinese,1683.3560791
2022-10-13,Udinese,1687.24328613
2022-10-14,Udinese,1687.55224609
2022-10-15,Udinese,1687.55224609
2022-10-16,Udinese,1687.55224609
2022-10-17,Udinese,1689.97375488
2022-10-20,Udinese,1689.97375488
2022-10-22,Udinese,1689.97375488
2022-10-23,Udinese,1689.97375488
2022-10-24,Udinese,1678.52246094
2022-10-26,Udinese,1680.9029541
2022-10-27,Udinese,1683.6394043
2022-10-28,Udinese,1686.99145508
2022-10-30,Udinese,1686.99145508
2022-10-31,Udinese,1682.28771973
2022-11-02,Udinese,1678.64904785
2022-11-03,Udinese,1679.60510254
2022-11-04,Udinese,1679.40405273
2022-11-05,Udinese,1674.11010742
2022-11-07,Udinese,1674.11010742
2022-11-09,Udinese,1670.5246582
2022-11-13,Udinese,1668.19116211
2022-12-25,Udinese,1668.19116211
2022-12-27,Udinese,1668.19116211
2023-01-04,Udinese,1668.19116211
2023-01-05,Udinese,1664.19152832
2023-01-08,Udinese,1659.63000488
2023-01-09,Udinese,1659.63000488
2023-01-16,Udinese,1648.91894531
2023-01-23,Udinese,1654.46887207
2023-01-24,Udinese,1654.46887207
2023-01-30,Udinese,1654.46887207
2023-01-31,Udinese,1651.11291504
2023-02-05,Udinese,1651.11291504
2023-02-06,Udinese,1643.31945801
2023-02-12,Udinese,1643.31945801
2023-02-13,Udinese,1641.91967773
2023-02-15,Udinese,1643.3894043
2023-02-17,Udinese,1648.69604492
2023-02-19,Udinese,1644.3560791
2023-02-21,Udinese,1644.3560791
2023-02-22,Udinese,1646.30981445
2023-02-23,Udinese,1647.65734863
2023-02-24,Udinese,1658.17077637
2023-02-26,Udinese,1658.17077637
2023-02-27,Udinese,1653.90124512
2023-03-05,Udinese,1657.41149902
2023-03-06,Udinese,1657.41149902
2023-03-07,Udinese,1657.41149902
2023-03-08,Udinese,1654.45715332
2023-03-09,Udinese,1657.06091309
2023-03-10,Udinese,1661.45471191
2023-03-11,Udinese,1661.45471191
2023-03-12,Udinese,1668.96472168
2023-03-13,Udinese,1668.96472168
2023-03-15,Udinese,1670.91345215
2023-03-16,Udinese,1672.09155273
2023-03-17,Udinese,1675.13244629
2023-03-19,Udinese,1690.52026367
2023-04-03,Udinese,1676.63330078
2023-04-09,Udinese,1673.20532227
2023-04-12,Udinese,1677.10400391
2023-04-14,Udinese,1678.5838623
2023-04-17,Udinese,1670.92077637
2023-04-20,Udinese,1671.76647949
2023-04-21,Udinese,1678.8996582
2023-04-22,Udinese,1678.8996582
2023-04-24,Udinese,1685.12451172
2023-04-29,Udinese,1675.1229248
2023-04-30,Udinese,1675.1229248
2023-05-01,Udinese,1675.1229248
2023-05-02,Udinese,1675.1229248
2023-05-05,Udinese,1680.46606445
2023-05-07,Udinese,1680.46606445
2023-05-09,Udinese,1685.50708008
2023-05-12,Udinese,1682.96044922
2023-05-15,Udinese,1674.66894531
2023-05-19,Udinese,1677.00549316
2023-05-21,Udinese,1677.00549316
2023-05-22,Udinese,1669.98144531
2023-05-26,Udinese,1669.98144531
2023-05-28,Udinese,1661.86914062
2023-05-29,Udinese,1661.86914062
2023-06-01,Udinese,1661.70239258
2023-06-03,Udinese,1661.70239258
2023-06-04,Udinese,1661.70239258
2023-06-05,Udinese,1655.70324707
2023-06-08,Udinese,1653.22143555
2023-06-11,Udinese,1652.03674316
2023-08-09,Udinese,1652.03674316
2023-08-10,Udinese,1652.03674316
2023-08-13,Udinese,1652.03674316
2023-08-14,Udinese,1652.03674316
2023-08-18,Udinese,1652.03674316
2023-08-20,Udinese,1652.03674316
2023-08-21,Udinese,1642.20996094
2023-08-22,Udinese,1642.20996094
2023-08-25,Udinese,1640.9453125
2023-08-26,Udinese,1640.9453125
2023-08-27,Udinese,1640.9453125
2023-08-29,Udinese,1641.57421875
2023-09-01,Udinese,1643.40698242
2023-09-02,Udinese,1643.40698242
2023-09-03,Udinese,1640.88098145
2023-09-04,Udinese,1640.88098145
2023-09-18,Udinese,1640.2791748
2023-09-20,Udinese,1639.86865234
2023-09-21,Udinese,1640.74121094
2023-09-22,Udinese,1642.44604492
2023-09-24,Udinese,1642.44604492
2023-09-25,Udinese,1633.49230957
2023-09-27,Udinese,1633.49230957
2023-09-28,Udinese,1629.92736816
2023-10-01,Udinese,1629.92736816
2023-10-02,Udinese,1628.32141113
2023-10-03,Udinese,1628.32141113
2023-10-04,Udinese,1626.36157227
2023-10-05,Udinese,1629.19543457
2023-10-06,Udinese,1630.4140625
2023-10-07,Udinese,1630.65625
2023-10-08,Udinese,1630.65625
2023-10-09,Udinese,1630.65625
2023-10-21,Udinese,1630.65625
2023-10-22,Udinese,1630.65625
2023-10-23,Udinese,1630.65625
2023-10-24,Udinese,1628.95397949
2023-10-25,Udinese,1631.19567871
2023-10-26,Udinese,1624.34729004
2023-10-27,Udinese,1625.49462891
2023-10-28,Udinese,1625.49462891
2023-10-29,Udinese,1625.49462891
2023-10-30,Udinese,1627.78686523
2023-11-02,Udinese,1627.78686523
2023-11-05,Udinese,1641.75756836
2023-11-06,Udinese,1641.75756836
2023-11-08,Udinese,1645.8795166
2023-11-09,Udinese,1645.0411377
2023-11-10,Udinese,1641.87768555
2023-11-11,Udinese,1641.87768555
2023-11-13,Udinese,1644.69458008
2023-11-25,Udinese,1644.69458008
2023-11-26,Udinese,1644.69458008
2023-11-27,Udinese,1638.70227051
2023-11-29,Udinese,1635.85510254
2023-11-30,Udinese,1633.4967041
2023-12-01,Udinese,1632.02075195
2023-12-02,Udinese,1632.02075195
2023-12-04,Udinese,1629.4621582
2023-12-05,Udinese,1629.4621582
2023-12-07,Udinese,1629.4621582
2023-12-10,Udinese,1626.05126953
2023-12-12,Udinese,1626.05126953
2023-12-13,Udinese,1625.80749512
2023-12-14,Udinese,1627.73962402
2023-12-15,Udinese,1629.51574707
2023-12-18,Udinese,1628.21191406
2023-12-22,Udinese,1628.21191406
2023-12-23,Udinese,1628.21191406
2023-12-24,Udinese,1631.49511719
2023-12-27,Udinese,1631.49511719
2023-12-28,Udinese,1631.49511719
2023-12-31,Udinese,1648.55700684
2024-01-01,Udinese,1648.55700684
2024-01-03,Udinese,1648.55700684
2024-01-08,Udinese,1642.10827637
2024-01-14,Udinese,1642.10827637
2024-01-15,Udinese,1646.52319336
2024-01-20,Udinese,1646.52319336
2024-01-21,Udinese,1641.84765625
2024-01-28,Udinese,1636.77441406
2024-01-29,Udinese,1636.77441406
2024-02-03,Udinese,1636.77441406
2024-02-04,Udinese,1635.68078613
2024-02-05,Udinese,1635.68078613
2024-02-06,Udinese,1635.68078613
2024-02-11,Udinese,1635.68078613
2024-02-12,Udinese,1635.68078613
2024-02-13,Udinese,1650.08105469
2024-02-14,Udinese,1650.08105469
2024-02-15,Udinese,1651.42163086
2024-02-16,Udinese,1654.21166992
2024-02-17,Udinese,1654.21166992
2024-02-19,Udinese,1649.95385742
2024-02-21,Udinese,1650.62878418
2024-02-22,Udinese,1650.00769043
2024-02-23,Udinese,1649.04309082
2024-02-25,Udinese,1639.10021973
2024-03-03,Udinese,1635.1295166
2024-03-04,Udinese,1635.1295166
2024-03-06,Udinese,1631.94372559
2024-03-07,Udinese,1632.6340332
2024-03-08,Udinese,1639.97338867
2024-03-12,Udinese,1652.24304199
2024-03-13,Udinese,1649.06420898
2024-03-14,Udinese,1646.73156738
2024-03-15,Udinese,1651.3203125
2024-03-17,Udinese,1640.18322754
2024-03-18,Udinese,1640.18322754
2024-03-31,Udinese,1640.18322754
2024-04-02,Udinese,1640.1138916
2024-04-03,Udinese,1640.1138916
2024-04-07,Udinese,1640.1138916
2024-04-08,Udinese,1640.1138916
2024-04-09,Udinese,1637.92224121
2024-04-11,Udinese,1637.92224121
2024-04-12,Udinese,1645.14624023
2024-04-14,Udinese,1645.14624023
2024-04-15,Udinese,1640.61999512
2024-04-17,Udinese,1640.61999512
2024-04-19,Udinese,1641.96618652
2024-04-21,Udinese,1634.09960938
2024-04-27,Udinese,1634.09960938
2024-04-28,Udinese,1634.09960938
2024-04-29,Udinese,1639.32373047
2024-05-01,Udinese,1639.32373047
2024-05-02,Udinese,1639.32373047
2024-05-03,Udinese,1638.18103027
2024-05-06,Udinese,1638.18103027
2024-05-07,Udinese,1641.2935791
2024-05-08,Udinese,1641.2935791
2024-05-09,Udinese,1643.23364258
2024-05-10,Udinese,1645.76318359
2024-05-12,Udinese,1645.76318359
2024-05-14,Udinese,1658.32922363
2024-05-17,Udinese,1658.32922363
2024-05-20,Udinese,1656.06298828
2024-05-22,Udinese,1656.06298828
2024-05-23,Udinese,1661.46679688
2024-05-27,Udinese,1669.61499023
2024-05-30,Udinese,1666.17004395
2024-08-11,Udinese,1666.17004395
2024-08-14,Udinese,1666.17004395
2024-08-19,Udinese,1670.73046875
2024-08-23,Udinese,1670.06945801
2024-08-24,Udinese,1670.06945801
2024-08-25,Udinese,1680.09411621
2024-08-30,Udinese,1676.67114258
2024-09-01,Udinese,1676.67114258
2024-09-02,Udinese,1680.51281738
2024-09-16,Udinese,1680.51281738
2024-09-17,Udinese,1687.32653809
2024-09-18,Udinese,1686.01123047
2024-09-19,Udinese,1685.54089355
2024-09-20,Udinese,1685.6126709
2024-09-22,Udinese,1685.6126709
2024-09-23,Udinese,1677.9206543
2024-09-26,Udinese,1680.61083984
2024-09-27,Udinese,1679.58312988
2024-09-28,Udinese,1679.58312988
2024-09-29,Udinese,1676.52160645
2024-10-02,Udinese,1675.92700195
2024-10-03,Udinese,1680.09875488
2024-10-04,Udinese,1678.27416992
2024-10-06,Udinese,1683.6986084
2024-10-20,Udinese,1679.82617188
2024-10-23,Udinese,1675.56762695
2024-10-24,Udinese,1673.86120605
2024-10-25,Udinese,1678.37109375
2024-10-26,Udinese,1685.92407227
2024-10-27,Udinese,1685.92407227
2024-10-28,Udinese,1685.92407227
2024-10-31,Udinese,1675.82885742
2024-11-03,Udinese,1668.55236816
2024-11-04,Udinese,1668.55236816
2024-11-06,Udinese,1671.8046875
2024-11-07,Udinese,1677.01708984
2024-11-08,Udinese,1673.18322754
2024-11-10,Udinese,1673.18322754
2024-11-11,Udinese,1670.74804688
2024-11-25,Udinese,1670.74804688
2024-11-26,Udinese,1671.61450195
2024-11-27,Udinese,1674.23706055
2024-11-28,Udinese,1671.58178711
2024-11-29,Udinese,1670.71276855
2024-12-01,Udinese,1670.71276855
2024-12-02,Udinese,1657.07397461
2024-12-08,Udinese,1657.07397461
2024-12-10,Udinese,1666.23474121
2024-12-11,Udinese,1660.81054688
2024-12-12,Udinese,1666.70227051
2024-12-13,Udinese,1671.90356445
2024-12-14,Udinese,1671.90356445
2024-12-15,Udinese,1664.27062988
2024-12-20,Udinese,1663.26391602
2024-12-23,Udinese,1663.26391602
2024-12-24,Udinese,1675.60961914
2024-12-27,Udinese,1675.60961914
2024-12-29,Udinese,1675.60961914
2024-12-30,Udinese,1675.56884766
2025-01-01,Udinese,1675.56884766
2025-01-04,Udinese,1675.56884766
2025-01-05,Udinese,1675.2232666
2025-01-07,Udinese,1675.2232666
2025-01-12,Udinese,1680.5501709
2025-01-15,Udinese,1680.5501709
2025-01-18,Udinese,1680.5501709
2025-01-19,Udinese,1680.5501709
2025-01-20,Udinese,1680.5501709
2025-01-21,Udinese,1664.26098633
2025-01-22,Udinese,1666.5567627
2025-01-23,Udinese,1668.31323242
2025-01-24,Udinese,1667.0657959
2025-01-25,Udinese,1667.0657959
2025-01-27,Udinese,1660.75817871
2025-01-28,Udinese,1660.75817871
2025-01-30,Udinese,1653.68212891
2025-01-31,Udinese,1651.41723633
2025-02-01,Udinese,1651.41723633
2025-02-02,Udinese,1656.5189209
2025-02-03,Udinese,1656.5189209
2025-02-04,Udinese,1656.5189209
2025-02-05,Udinese,1656.5189209
2025-02-10,Udinese,1662.60375977
2025-02-12,Udinese,1663.27600098
2025-02-13,Udinese,1661.13647461
2025-02-14,Udinese,1661.76330566
2025-02-15,Udinese,1661.76330566
2025-02-17,Udinese,1672.12316895
2025-02-19,Udinese,1661.38378906
2025-02-20,Udinese,1657.16906738
2025-02-21,Udinese,1659.05847168
2025-02-22,Udinese,1666.79516602
2025-02-23,Udinese,1666.79516602
2025-03-02,Udinese,1671.32495117
2025-03-03,Udinese,1671.32495117
2025-03-05,Udinese,1671.32495117
2025-03-06,Udinese,1672.50585938
2025-03-07,Udinese,1673.34765625
2025-03-09,Udinese,1673.34765625
2025-03-10,Udinese,1673.34765625
2025-03-11,Udinese,1677.81481934
2025-03-12,Udinese,1678.26721191
2025-03-13,Udinese,1678.26721191
2025-03-14,Udinese,1676.47814941
2025-03-16,Udinese,1665.24182129
2025-03-17,Udinese,1665.24182129
2025-03-28,Udinese,1665.24182129
2025-03-30,Udinese,1665.24182129
2025-03-31,Udinese,1663.5513916
2025-04-05,Udinese,1656.62609863
2025-04-07,Udinese,1656.62609863
2025-04-08,Udinese,1656.62609863
2025-04-09,Udinese,1658.74023438
2025-04-10,Udinese,1658.74023438
2025-04-11,Udinese,1655.9597168
2025-04-12,Udinese,1643.66003418
2025-04-13,Udinese,1643.66003418
2025-04-17,Udinese,1643.98059082
2025-04-18,Udinese,1645.125
2025-04-24,Udinese,1637.27783203
2025-04-29,Udinese,1640.46716309
2025-05-01,Udinese,1641.27770996
2025-05-02,Udinese,1640.25073242
2025-05-03,Udinese,1640.25073242
2025-05-04,Udinese,1648.94213867
2025-05-05,Udinese,1648.94213867
2025-05-07,Udinese,1651.21875
2025-05-08,Udinese,1651.21875
2025-05-09,Udinese,1649.08569336
2025-05-10,Udinese,1649.08569336
2025-05-11,Udinese,1649.08569336
2025-05-12,Udinese,1636.79089355
2025-05-15,Udinese,1636.79089355
2025-05-18,Udinese,1636.79089355
2025-05-19,Udinese,1631.99121094
2025-05-25,Udinese,1631.99121094
2025-05-26,Udinese,1626.00305176
2025-05-29,Udinese,1626.00305176
2025-06-01,Udinese,1620.49951172
2025-06-22,Udinese,1620.49951172
2025-06-30,Udinese,1620.49951172
2025-07-19,Udinese,1620.49951172
2025-07-20,Udinese,1620.49951172
2025-07-23,Udinese,1620.49951172
2025-07-24,Udinese,1620.49951172
2025-07-27,Udinese,1620.49951172
2025-07-31,Udinese,1620.49951172
2025-08-01,Udinese,1620.49951172
2025-08-04,Udinese,1620.49951172
2025-08-07,Udinese,1620.49951172
2025-08-08,Udinese,1620.49951172
2025-08-09,Udinese,1620.49951172
2025-08-10,Udinese,1620.49951172
2025-08-13,Udinese,1620.49951172
2025-08-15,Udinese,1620.49951172
2025-08-17,Udinese,1620.49951172
2025-08-22,Udinese,1620.68286133
2025-08-24,Udinese,1620.68286133
2025-08-26,Udinese,1618.80297852
2025-08-28,Udinese,1618.80297852
2025-08-29,Udinese,1618.92456055
2025-08-30,Udinese,1618.92456055
2025-08-31,Udinese,1618.92456055
2025-09-01,Udinese,1634.84472656
2025-09-15,Udinese,1641.47875977
2025-09-17,Udinese,1640.67077637
2025-09-18,Udinese,1640.69226074
2025-09-19,Udinese,1638.97143555
2025-09-21,Udinese,1629.4432373
2025-09-25,Udinese,1631.50012207
2025-09-26,Udinese,1630.29199219
2025-09-29,Udinese,1618.90454102
2025-10-01,Udinese,1621.1105957
2025-10-02,Udinese,1623.20300293
2025-10-03,Udinese,1618.72253418
2025-10-05,Udinese,1618.72253418
2025-10-06,Udinese,1617.51452637
2025-10-19,Udinese,1617.51452637
2025-10-20,Udinese,1617.51452637
2025-10-21,Udinese,1617.26696777
2025-10-22,Udinese,1615.74987793
2025-10-23,Udinese,1612.8996582
2025-10-24,Udinese,1610.7713623
2025-10-26,Udinese,1616.97473145
2025-10-30,Udinese,1612.24108887
2025-11-01,Udinese,1612.24108887
2025-11-02,Udinese,1624.22338867
2025-11-05,Udinese,1622.10400391
2025-11-06,Udinese,1625.00610352
2025-11-07,Udinese,1622.52368164
2025-11-10,Udinese,1618.09228516
2025-11-23,Udinese,1608.07788086
2025-11-24,Udinese,1608.07788086
2025-11-26,Udinese,1610.89282227
2025-11-27,Udinese,1614.06030273
2025-11-28,Udinese,1611.73681641
2025-11-30,Udinese,1624.28356934
2025-12-01,Udinese,1624.28356934
2025-12-07,Udinese,1624.28356934
2025-12-08,Udinese,1624.28356934
2025-12-09,Udinese,1614.80249023
2025-12-10,Udinese,1614.17993164
2025-12-11,Udinese,1611.86193848
2025-12-12,Udinese,1617.85595703
2025-12-15,Udinese,1630.29260254
2025-12-19,Udinese,1626.88330078
2025-12-22,Udinese,1613.90820312
2025-12-28,Udinese,1616.45800781
2025-12-30,Udinese,1616.45800781
2026-01-01,Udinese,1616.45800781
2026-01-04,Udinese,1611.859375
2026-01-05,Udinese,1611.859375
2026-01-08,Udinese,1622.71777344
2026-01-11,Udinese,1618.97705078
2026-01-12,Udinese,1618.97705078
2026-01-17,Udinese,1618.97705078
2026-01-18,Udinese,1616.47106934
2026-01-19,Udinese,1616.47106934
2026-01-21,Udinese,1612.15612793
2026-01-22,Udinese,1610.82971191
2026-01-23,Udinese,1610.81811523
2026-01-25,Udinese,1610.81811523
2026-01-26,Udinese,1610.81811523
2026-01-27,Udinese,1621.86657715
2026-01-29,Udinese,1620.22961426
2026-01-30,Udinese,1620.62841797
2026-02-01,Udinese,1620.62841797
2026-02-03,Udinese,1632.56469727
2026-02-08,Udinese,1632.56469727
2026-02-09,Udinese,1623.22961426
2026-02-16,Udinese,1613.9432373
2026-02-18,Udinese,1607.32507324
2026-02-19,Udinese,1604.51513672
2026-02-20,Udinese,1607.89453125
2026-02-22,Udinese,1607.89453125
2026-02-24,Udinese,1602.80895996
2026-02-25,Udinese,1595.70910645
2026-02-26,Udinese,1600.40124512
2026-02-27,Udinese,1600.3939209
2026-02-28,Udinese,1600.3939209
2026-03-03,Udinese,1615.23449707
2026-03-07,Udinese,1615.23449707
2026-03-08,Udinese,1620.90979004
2026-03-09,Udinese,1620.90979004
2026-03-11,Udinese,1619.25036621
2026-03-13,Udinese,1619.80639648
2026-03-14,Udinese,1619.80639648
2026-03-15,Udinese,1614.63256836
2026-03-19,Udinese,1613.75622559
2026-03-20,Udinese,1615.6315918
2026-03-21,Udinese,1629.91040039
2026-03-22,Udinese,1629.91040039
2026-03-23,Udinese,1629.91040039
2026-04-07,Udinese,1632.21813965
2026-04-10,Udinese,1628.87536621
2026-04-12,Udinese,1652.25708008
2026-04-13,Udinese,1652.25708008
2026-04-17,Udinese,1650.62402344
2026-04-19,Udinese,1639.46594238
2026-04-22,Udinese,1639.46594238
2026-04-26,Udinese,1639.46594238
2026-04-27,Udinese,1639.46594238
2026-04-28,Udinese,1642.95617676
2026-05-03,Udinese,1652.02868652
2026-05-08,Udinese,1652.02868652
2026-05-10,Udinese,1662.98327637
2026-05-11,Udinese,1662.98327637
2026-05-14,Udinese,1662.98327637
2026-05-18,Udinese,1649.93127441
2026-05-25,Udinese,1645.94165039
2026-06-08,Udinese,1645.94165039
