date_elo,team_elo,elo
1946-07-07,Lazio,1722.61303711
1946-09-23,Lazio,1737.02172852
1946-09-30,Lazio,1726.25390625
1946-10-07,Lazio,1716.95544434
1946-10-14,Lazio,1707.16186523
1946-10-21,Lazio,1716.70019531
1946-10-28,Lazio,1707.2623291
1946-11-04,Lazio,1710.34912109
1946-11-11,Lazio,1721.91772461
1946-11-13,Lazio,1715.74194336
1946-11-25,Lazio,1721.04870605
1946-12-08,Lazio,1723.04870605
1946-12-09,Lazio,1713.58435059
1946-12-16,Lazio,1704.68249512
1946-12-23,Lazio,1702.890625
1946-12-30,Lazio,1712.84985352
1947-01-06,Lazio,1708.91845703
1947-01-13,Lazio,1715.76501465
1947-01-20,Lazio,1717.45153809
1947-01-27,Lazio,1724.58129883
1947-02-03,Lazio,1716.43493652
1947-02-17,Lazio,1706.82873535
1947-02-24,Lazio,1701.11132812
1947-03-03,Lazio,1698.06335449
1947-03-10,Lazio,1694.64562988
1947-03-17,Lazio,1686.46337891
1947-03-24,Lazio,1676.63513184
1947-03-31,Lazio,1686.90771484
1947-04-07,Lazio,1691.18554688
1947-04-14,Lazio,1699.09716797
1947-04-21,Lazio,1702.78088379
1947-04-29,Lazio,1705.78088379
1947-05-05,Lazio,1702.93237305
1947-05-15,Lazio,1705.93237305
1947-05-19,Lazio,1713.95947266
1947-05-26,Lazio,1719.44396973
1947-06-02,Lazio,1716.06213379
1947-06-09,Lazio,1719.48742676
1947-06-16,Lazio,1729.25915527
1947-06-23,Lazio,1733.4798584
1947-06-30,Lazio,1728.29699707
1947-07-07,Lazio,1733.90686035
1947-09-15,Lazio,1725.26928711
1947-09-22,Lazio,1712.55297852
1947-09-29,Lazio,1719.90759277
1947-10-06,Lazio,1722.41235352
1947-10-13,Lazio,1725.19677734
1947-10-20,Lazio,1731.50878906
1947-10-27,Lazio,1724.66931152
1947-11-03,Lazio,1730.51708984
1947-11-16,Lazio,1701.51708984
1947-11-17,Lazio,1689.27392578
1947-11-24,Lazio,1681.66210938
1947-12-01,Lazio,1677.92138672
1947-12-08,Lazio,1680.69470215
1947-12-19,Lazio,1684.69470215
1947-12-22,Lazio,1680.92993164
1947-12-29,Lazio,1685.3416748
1948-01-02,Lazio,1687.97351074
1948-01-05,Lazio,1690.27954102
1948-01-12,Lazio,1684.62536621
1948-01-19,Lazio,1689.3939209
1948-01-26,Lazio,1680.65124512
1948-02-09,Lazio,1675.20263672
1948-02-16,Lazio,1671.52270508
1948-02-23,Lazio,1675.47351074
1948-03-01,Lazio,1670.6003418
1948-03-08,Lazio,1666.19641113
1948-03-15,Lazio,1668.42797852
1948-03-22,Lazio,1672.90393066
1948-03-29,Lazio,1680.24987793
1948-04-06,Lazio,1686.24987793
1948-04-12,Lazio,1685.28088379
1948-04-22,Lazio,1700.49841309
1948-04-26,Lazio,1706.36120605
1948-05-03,Lazio,1697.34265137
1948-05-07,Lazio,1704.08312988
1948-05-10,Lazio,1698.3449707
1948-05-18,Lazio,1671.3449707
1948-05-24,Lazio,1676.27185059
1948-05-28,Lazio,1669.44799805
1948-05-31,Lazio,1668.39221191
1948-06-07,Lazio,1671.10620117
1948-06-14,Lazio,1673.62072754
1948-06-21,Lazio,1681.72900391
1948-07-05,Lazio,1676.93676758
1948-09-20,Lazio,1657.33972168
1948-09-27,Lazio,1645.83935547
1948-10-04,Lazio,1641.98486328
1948-10-11,Lazio,1637.59057617
1948-10-18,Lazio,1641.61828613
1948-10-25,Lazio,1638.6550293
1948-11-01,Lazio,1631.84765625
1948-11-05,Lazio,1627.23217773
1948-11-08,Lazio,1626.43774414
1948-11-15,Lazio,1623.02868652
1948-11-22,Lazio,1635.24243164
1948-11-29,Lazio,1638.06066895
1948-12-06,Lazio,1617.91674805
1948-12-09,Lazio,1611.88671875
1948-12-13,Lazio,1608.23791504
1948-12-20,Lazio,1620.61767578
1948-12-27,Lazio,1629.98327637
1949-01-03,Lazio,1622.62670898
1949-01-07,Lazio,1625.3092041
1949-01-10,Lazio,1621.28735352
1949-01-17,Lazio,1615.59533691
1949-01-24,Lazio,1613.43347168
1949-01-31,Lazio,1617.77172852
1949-02-07,Lazio,1613.43237305
1949-02-14,Lazio,1617.63195801
1949-02-21,Lazio,1624.01928711
1949-03-06,Lazio,1626.01928711
1949-03-14,Lazio,1629.3861084
1949-03-21,Lazio,1639.5958252
1949-03-28,Lazio,1643.70861816
1949-04-03,Lazio,1655.70861816
1949-04-04,Lazio,1651.41625977
1949-04-11,Lazio,1655.3157959
1949-04-18,Lazio,1666.31274414
1949-04-25,Lazio,1674.15576172
1949-05-01,Lazio,1665.10339355
1949-05-09,Lazio,1658.58898926
1949-05-16,Lazio,1664.15649414
1949-05-26,Lazio,1670.15649414
1949-05-30,Lazio,1673.85290527
1949-06-06,Lazio,1677.36535645
1949-06-17,Lazio,1673.36535645
1949-06-30,Lazio,1585.17285156
1949-07-03,Lazio,1591.51025391
1949-09-12,Lazio,1595.43591309
1949-09-19,Lazio,1580.61437988
1949-09-26,Lazio,1577.01989746
1949-10-03,Lazio,1580.66113281
1949-10-10,Lazio,1576.17724609
1949-10-17,Lazio,1580.1171875
1949-10-21,Lazio,1587.39001465
1949-10-24,Lazio,1591.80004883
1949-10-31,Lazio,1613.87548828
1949-11-07,Lazio,1618.58813477
1949-11-14,Lazio,1622.31970215
1949-11-21,Lazio,1626.46032715
1949-12-05,Lazio,1624.12805176
1949-12-09,Lazio,1618.92456055
1949-12-12,Lazio,1614.1829834
1949-12-19,Lazio,1608.75939941
1949-12-27,Lazio,1616.07312012
1950-01-02,Lazio,1618.08398438
1950-01-09,Lazio,1609.79260254
1950-01-16,Lazio,1613.72766113
1950-01-23,Lazio,1628.44458008
1950-01-30,Lazio,1631.14099121
1950-02-06,Lazio,1626.25756836
1950-02-13,Lazio,1631.73815918
1950-02-20,Lazio,1634.17272949
1950-02-24,Lazio,1641.49829102
1950-02-27,Lazio,1633.63378906
1950-03-13,Lazio,1636.54089355
1950-03-20,Lazio,1645.73144531
1950-03-27,Lazio,1648.62634277
1950-04-10,Lazio,1651.29821777
1950-04-17,Lazio,1656.60900879
1950-04-24,Lazio,1651.83557129
1950-05-01,Lazio,1655.27062988
1950-05-08,Lazio,1660.46154785
1950-05-15,Lazio,1656.35888672
1950-05-22,Lazio,1650.24951172
1950-05-29,Lazio,1651.65869141
1950-06-15,Lazio,1615.36669922
1950-06-17,Lazio,1593.63476562
1950-09-11,Lazio,1591.24121094
1950-09-18,Lazio,1583.24755859
1950-09-25,Lazio,1586.89489746
1950-10-02,Lazio,1600.26123047
1950-10-09,Lazio,1602.63513184
1950-10-16,Lazio,1611.12109375
1950-10-23,Lazio,1604.60705566
1950-10-30,Lazio,1605.40405273
1950-11-06,Lazio,1608.49060059
1950-11-13,Lazio,1603.21826172
1950-11-20,Lazio,1594.5871582
1950-11-27,Lazio,1598.80126953
1950-12-04,Lazio,1593.4420166
1950-12-11,Lazio,1598.32702637
1950-12-18,Lazio,1601.10766602
1950-12-25,Lazio,1596.85668945
1951-01-01,Lazio,1604.70483398
1951-01-08,Lazio,1604.53015137
1951-01-15,Lazio,1607.39526367
1951-01-22,Lazio,1614.47387695
1951-01-29,Lazio,1618.62512207
1951-02-05,Lazio,1612.32922363
1951-02-12,Lazio,1617.36096191
1951-02-19,Lazio,1627.07763672
1951-02-26,Lazio,1628.76623535
1951-03-05,Lazio,1630.41577148
1951-03-12,Lazio,1632.27270508
1951-03-19,Lazio,1628.25830078
1951-03-26,Lazio,1632.85595703
1951-04-02,Lazio,1625.82226562
1951-04-16,Lazio,1639.61669922
1951-04-23,Lazio,1632.14428711
1951-04-30,Lazio,1635.64807129
1951-05-14,Lazio,1622.08129883
1951-05-21,Lazio,1626.3671875
1951-05-28,Lazio,1609.3927002
1951-06-11,Lazio,1625.40332031
1951-06-18,Lazio,1613.25732422
1951-06-21,Lazio,1636.61010742
1951-06-25,Lazio,1649.36022949
1951-09-10,Lazio,1637.66162109
1951-09-17,Lazio,1640.99206543
1951-09-24,Lazio,1638.46484375
1951-10-01,Lazio,1630.85375977
1951-10-08,Lazio,1633.34228516
1951-10-15,Lazio,1637.70532227
1951-10-22,Lazio,1640.96679688
1951-10-29,Lazio,1645.75622559
1951-11-05,Lazio,1638.6138916
1951-11-19,Lazio,1641.52380371
1951-12-03,Lazio,1653.70483398
1951-12-10,Lazio,1657.61682129
1951-12-17,Lazio,1659.88684082
1951-12-24,Lazio,1650.96411133
1951-12-31,Lazio,1653.63012695
1952-01-07,Lazio,1660.99267578
1952-01-14,Lazio,1666.6385498
1952-01-21,Lazio,1670.11047363
1952-01-28,Lazio,1670.28015137
1952-02-04,Lazio,1663.89428711
1952-02-11,Lazio,1665.17382812
1952-02-18,Lazio,1675.94787598
1952-03-03,Lazio,1682.57995605
1952-03-10,Lazio,1675.97668457
1952-03-17,Lazio,1661.81188965
1952-03-24,Lazio,1647.44921875
1952-03-31,Lazio,1649.50512695
1952-04-07,Lazio,1654.39587402
1952-04-13,Lazio,1653.32629395
1952-04-21,Lazio,1638.68371582
1952-04-28,Lazio,1634.4420166
1952-05-05,Lazio,1637.578125
1952-05-12,Lazio,1640.66223145
1952-05-26,Lazio,1653.71911621
1952-06-02,Lazio,1653.59448242
1952-06-09,Lazio,1642.25415039
1952-06-16,Lazio,1647.34790039
1952-06-23,Lazio,1651.71008301
1952-06-27,Lazio,1620.9197998
1952-06-29,Lazio,1628.8581543
1952-09-15,Lazio,1614.59838867
1952-09-22,Lazio,1617.35339355
1952-09-29,Lazio,1621.60107422
1952-10-06,Lazio,1616.08081055
1952-10-13,Lazio,1620.59973145
1952-10-20,Lazio,1630.76306152
1952-11-03,Lazio,1634.15844727
1952-11-10,Lazio,1635.94604492
1952-11-17,Lazio,1639.65014648
1952-11-24,Lazio,1642.16711426
1952-12-01,Lazio,1638.91186523
1952-12-08,Lazio,1648.28735352
1952-12-15,Lazio,1647.35083008
1952-12-22,Lazio,1633.57373047
1953-01-05,Lazio,1637.15930176
1953-01-12,Lazio,1632.75219727
1953-01-19,Lazio,1637.76599121
1953-01-26,Lazio,1655.94482422
1953-02-02,Lazio,1635.57702637
1953-02-09,Lazio,1629.63061523
1953-02-16,Lazio,1633.55493164
1953-02-23,Lazio,1626.1463623
1953-03-02,Lazio,1612.63366699
1953-03-09,Lazio,1604.81799316
1953-03-16,Lazio,1586.72412109
1953-03-23,Lazio,1603.80029297
1953-03-30,Lazio,1596.01708984
1953-04-06,Lazio,1596.24755859
1953-04-13,Lazio,1600.64831543
1953-04-20,Lazio,1607.55908203
1953-05-04,Lazio,1611.47814941
1953-05-11,Lazio,1599.26940918
1953-05-25,Lazio,1591.64660645
1953-06-01,Lazio,1581.84387207
1953-06-05,Lazio,1592.1739502
1953-06-08,Lazio,1556.24450684
1953-09-14,Lazio,1552.95117188
1953-09-21,Lazio,1546.84460449
1953-09-28,Lazio,1542.77941895
1953-10-05,Lazio,1551.59460449
1953-10-12,Lazio,1547.57470703
1953-10-19,Lazio,1529.95373535
1953-10-26,Lazio,1541.50671387
1953-11-02,Lazio,1548.31787109
1953-11-09,Lazio,1550.75488281
1953-11-23,Lazio,1540.73132324
1953-11-30,Lazio,1545.56274414
1953-12-07,Lazio,1550.27587891
1953-12-21,Lazio,1556.13427734
1953-12-28,Lazio,1558.55480957
1954-01-04,Lazio,1558.86047363
1954-01-11,Lazio,1553.43395996
1954-01-18,Lazio,1562.00793457
1954-02-01,Lazio,1554.28417969
1954-02-08,Lazio,1547.12915039
1954-02-15,Lazio,1551.43408203
1954-02-22,Lazio,1558.94445801
1954-03-01,Lazio,1555.84594727
1954-03-08,Lazio,1552.66967773
1954-03-15,Lazio,1540.97460938
1954-03-22,Lazio,1532.47192383
1954-03-29,Lazio,1520.14172363
1954-04-05,Lazio,1534.52001953
1954-04-19,Lazio,1524.38195801
1954-04-26,Lazio,1536.0065918
1954-05-03,Lazio,1528.24963379
1954-05-10,Lazio,1535.88256836
1954-05-17,Lazio,1533.8223877
1954-05-24,Lazio,1530.85632324
1954-05-31,Lazio,1535.39660645
1954-09-20,Lazio,1520.14880371
1954-09-27,Lazio,1518.11437988
1954-10-04,Lazio,1525.32006836
1954-10-11,Lazio,1521.6072998
1954-10-18,Lazio,1519.40612793
1954-10-25,Lazio,1511.23779297
1954-11-01,Lazio,1496.65466309
1954-11-08,Lazio,1491.91711426
1954-11-15,Lazio,1476.65270996
1954-11-22,Lazio,1483.65881348
1954-12-13,Lazio,1479.13525391
1954-12-20,Lazio,1487.63256836
1954-12-27,Lazio,1485.60180664
1955-01-03,Lazio,1488.47363281
1955-01-07,Lazio,1498.97436523
1955-01-24,Lazio,1495.05163574
1955-01-31,Lazio,1492.42919922
1955-02-07,Lazio,1497.36645508
1955-02-14,Lazio,1507.04150391
1955-02-21,Lazio,1521.40148926
1955-02-28,Lazio,1526.62463379
1955-03-07,Lazio,1545.46276855
1955-03-14,Lazio,1549.90356445
1955-03-21,Lazio,1543.28149414
1955-04-04,Lazio,1547.48864746
1955-04-11,Lazio,1552.29553223
1955-04-18,Lazio,1541.1151123
1955-04-25,Lazio,1537.03833008
1955-05-02,Lazio,1533.71032715
1955-05-09,Lazio,1523.74633789
1955-05-16,Lazio,1519.0045166
1955-06-06,Lazio,1516.13269043
1955-06-13,Lazio,1531.5168457
1955-06-20,Lazio,1529.63586426
1955-06-24,Lazio,1505.93664551
1955-06-26,Lazio,1517.18212891
1955-09-19,Lazio,1526.78771973
1955-09-26,Lazio,1523.47290039
1955-10-03,Lazio,1517.8729248
1955-10-10,Lazio,1507.86474609
1955-10-17,Lazio,1513.54760742
1955-10-24,Lazio,1497.71972656
1955-10-31,Lazio,1515.31542969
1955-11-02,Lazio,1486.48571777
1955-11-07,Lazio,1500.3125
1955-11-14,Lazio,1490.06335449
1955-11-24,Lazio,1527.33190918
1955-12-05,Lazio,1521.65039062
1955-12-09,Lazio,1520.78308105
1955-12-25,Lazio,1527.25036621
1956-01-02,Lazio,1524.13659668
1956-01-09,Lazio,1528.13305664
1956-01-16,Lazio,1531.38293457
1956-01-19,Lazio,1547.8494873
1956-01-23,Lazio,1548.5871582
1956-01-30,Lazio,1542.21862793
1956-02-06,Lazio,1548.73608398
1956-02-13,Lazio,1578.91931152
1956-02-27,Lazio,1574.56237793
1956-03-01,Lazio,1578.75976562
1956-03-05,Lazio,1583.61047363
1956-03-19,Lazio,1594.58044434
1956-03-26,Lazio,1591.12475586
1956-04-02,Lazio,1590.59326172
1956-04-05,Lazio,1596.58203125
1956-04-09,Lazio,1599.39465332
1956-04-16,Lazio,1606.32421875
1956-04-20,Lazio,1602.21801758
1956-04-30,Lazio,1613.5682373
1956-05-02,Lazio,1605.56091309
1956-05-07,Lazio,1592.65588379
1956-05-11,Lazio,1600.00463867
1956-05-14,Lazio,1606.36401367
1956-05-21,Lazio,1612.02575684
1956-05-28,Lazio,1607.87658691
1956-06-04,Lazio,1626.8717041
1956-06-30,Lazio,1635.68066406
1956-07-04,Lazio,1654.80847168
1956-09-17,Lazio,1635.33300781
1956-09-24,Lazio,1641.88146973
1956-10-01,Lazio,1647.20861816
1956-10-08,Lazio,1641.23693848
1956-10-15,Lazio,1623.25866699
1956-10-22,Lazio,1616.59277344
1956-10-29,Lazio,1612.36608887
1956-11-19,Lazio,1616.69445801
1956-11-22,Lazio,1607.0814209
1956-11-26,Lazio,1612.84692383
1956-11-29,Lazio,1628.01245117
1956-12-03,Lazio,1639.20471191
1956-12-17,Lazio,1636.6739502
1956-12-24,Lazio,1642.45996094
1956-12-31,Lazio,1652.45007324
1957-01-07,Lazio,1650.61376953
1957-01-14,Lazio,1652.09326172
1957-01-21,Lazio,1661.41357422
1957-01-28,Lazio,1666.13232422
1957-02-04,Lazio,1669.17114258
1957-02-07,Lazio,1670.1282959
1957-02-11,Lazio,1682.57128906
1957-02-18,Lazio,1683.53430176
1957-02-25,Lazio,1688.35900879
1957-02-28,Lazio,1693.10876465
1957-03-04,Lazio,1695.96325684
1957-03-11,Lazio,1682.73803711
1957-03-18,Lazio,1691.703125
1957-03-25,Lazio,1686.99060059
1957-04-01,Lazio,1679.9173584
1957-04-04,Lazio,1692.36071777
1957-04-08,Lazio,1696.27624512
1957-04-15,Lazio,1709.02368164
1957-04-19,Lazio,1708.10595703
1957-04-29,Lazio,1708.92260742
1957-05-06,Lazio,1702.81079102
1957-05-20,Lazio,1713.98425293
1957-05-31,Lazio,1704.6685791
1957-06-03,Lazio,1698.7019043
1957-06-10,Lazio,1693.52648926
1957-06-17,Lazio,1707.1998291
1957-06-21,Lazio,1695.41333008
1957-06-24,Lazio,1709.85290527
1957-09-09,Lazio,1700.30944824
1957-09-16,Lazio,1704.38659668
1957-09-23,Lazio,1695.33728027
1957-09-30,Lazio,1700.13024902
1957-10-03,Lazio,1705.54614258
1957-10-07,Lazio,1689.69628906
1957-10-10,Lazio,1684.43518066
1957-10-14,Lazio,1685.92749023
1957-10-21,Lazio,1693.37866211
1957-10-28,Lazio,1684.35681152
1957-10-31,Lazio,1697.78588867
1957-11-04,Lazio,1695.92504883
1957-11-11,Lazio,1690.31848145
1957-11-18,Lazio,1688.7376709
1957-11-25,Lazio,1691.5748291
1957-11-28,Lazio,1705.72607422
1957-12-12,Lazio,1705.27746582
1957-12-16,Lazio,1700.57836914
1957-12-23,Lazio,1704.52734375
1957-12-30,Lazio,1693.22631836
1958-01-06,Lazio,1687.4284668
1958-01-20,Lazio,1680.74780273
1958-01-27,Lazio,1686.13085938
1958-02-03,Lazio,1677.0423584
1958-02-10,Lazio,1684.19848633
1958-02-13,Lazio,1685.89086914
1958-02-17,Lazio,1681.55029297
1958-02-24,Lazio,1685.06188965
1958-02-27,Lazio,1687.00244141
1958-03-03,Lazio,1691.35095215
1958-03-10,Lazio,1695.16992188
1958-03-17,Lazio,1699.59802246
1958-03-31,Lazio,1695.00537109
1958-04-07,Lazio,1679.63183594
1958-04-14,Lazio,1673.24707031
1958-04-21,Lazio,1668.79675293
1958-04-28,Lazio,1672.89709473
1958-05-05,Lazio,1668.25744629
1958-05-09,Lazio,1668.5703125
1958-05-12,Lazio,1664.04382324
1958-05-15,Lazio,1675.16320801
1958-05-19,Lazio,1665.86450195
1958-05-26,Lazio,1671.84375
1958-05-29,Lazio,1668.11804199
1958-09-22,Lazio,1672.45495605
1958-09-25,Lazio,1673.20861816
1958-09-29,Lazio,1668.85949707
1958-10-02,Lazio,1633.93884277
1958-10-06,Lazio,1640.64624023
1958-10-13,Lazio,1637.14648438
1958-10-20,Lazio,1655.00134277
1958-10-27,Lazio,1651.78588867
1958-11-03,Lazio,1653.09936523
1958-11-17,Lazio,1658.83312988
1958-11-24,Lazio,1648.96228027
1958-12-01,Lazio,1633.98852539
1958-12-22,Lazio,1639.21337891
1958-12-25,Lazio,1652.09667969
1958-12-29,Lazio,1646.25683594
1959-01-05,Lazio,1639.1081543
1959-01-12,Lazio,1623.1706543
1959-01-19,Lazio,1617.66271973
1959-01-26,Lazio,1609.26879883
1959-02-02,Lazio,1621.37744141
1959-02-09,Lazio,1611.45422363
1959-02-16,Lazio,1613.9420166
1959-02-23,Lazio,1605.09179688
1959-03-03,Lazio,1614.56555176
1959-03-16,Lazio,1619.26220703
1959-03-23,Lazio,1623.23193359
1959-03-30,Lazio,1617.12316895
1959-04-06,Lazio,1623.04199219
1959-04-13,Lazio,1616.07409668
1959-04-20,Lazio,1598.72595215
1959-04-27,Lazio,1603.35632324
1959-05-18,Lazio,1605.48583984
1959-05-25,Lazio,1604.34631348
1959-05-29,Lazio,1607.80957031
1959-06-03,Lazio,1615.46716309
1959-06-08,Lazio,1610.39196777
1959-09-14,Lazio,1610.34765625
1959-09-21,Lazio,1614.7121582
1959-09-24,Lazio,1614.89318848
1959-09-28,Lazio,1619.60021973
1959-10-05,Lazio,1625.88134766
1959-10-12,Lazio,1630.76037598
1959-10-19,Lazio,1624.60095215
1959-10-26,Lazio,1614.47827148
1959-11-05,Lazio,1607.93566895
1959-11-09,Lazio,1612.00341797
1959-11-16,Lazio,1608.20544434
1959-11-23,Lazio,1610.40698242
1959-11-26,Lazio,1606.90856934
1959-12-07,Lazio,1615.48901367
1959-12-14,Lazio,1600.5456543
1959-12-21,Lazio,1604.33178711
1959-12-28,Lazio,1597.94750977
1960-01-03,Lazio,1597.94750977
1960-01-11,Lazio,1600.8927002
1960-01-17,Lazio,1600.8927002
1960-01-24,Lazio,1600.8927002
1960-01-25,Lazio,1595.97558594
1960-02-01,Lazio,1601.44543457
1960-02-04,Lazio,1596.50268555
1960-02-08,Lazio,1581.93457031
1960-02-15,Lazio,1577.84875488
1960-02-22,Lazio,1567.76269531
1960-02-29,Lazio,1564.52307129
1960-03-07,Lazio,1555.32116699
1960-03-21,Lazio,1553.77429199
1960-03-28,Lazio,1559.65515137
1960-04-04,Lazio,1564.8482666
1960-04-11,Lazio,1569.26989746
1960-04-18,Lazio,1562.32666016
1960-04-25,Lazio,1570.58007812
1960-05-02,Lazio,1578.78918457
1960-05-09,Lazio,1577.12231445
1960-05-16,Lazio,1574.24206543
1960-05-23,Lazio,1588.53918457
1960-05-30,Lazio,1597.75854492
1960-06-06,Lazio,1600.26928711
1960-06-08,Lazio,1600.26928711
1960-06-23,Lazio,1600.26928711
1960-06-27,Lazio,1600.26928711
1960-07-03,Lazio,1600.26928711
1960-07-08,Lazio,1600.26928711
1960-09-22,Lazio,1600.03515625
1960-09-26,Lazio,1586.36462402
1960-10-03,Lazio,1584.71875
1960-10-10,Lazio,1582.33959961
1960-10-13,Lazio,1557.82739258
1960-10-17,Lazio,1550.42614746
1960-10-24,Lazio,1551.89660645
1960-11-07,Lazio,1549.00683594
1960-11-14,Lazio,1533.00537109
1960-11-21,Lazio,1530.52905273
1960-11-28,Lazio,1527.82824707
1960-12-05,Lazio,1539.0291748
1960-12-19,Lazio,1543.96142578
1960-12-25,Lazio,1540.05224609
1961-01-02,Lazio,1529.14929199
1961-01-16,Lazio,1534.17224121
1961-01-23,Lazio,1538.33325195
1961-01-26,Lazio,1535.62011719
1961-01-30,Lazio,1530.99719238
1961-02-06,Lazio,1537.14746094
1961-02-13,Lazio,1527.6763916
1961-02-20,Lazio,1550.77770996
1961-02-27,Lazio,1538.94433594
1961-03-06,Lazio,1535.60632324
1961-03-13,Lazio,1526.44885254
1961-03-20,Lazio,1540.86828613
1961-03-27,Lazio,1534.44604492
1961-04-03,Lazio,1525.34594727
1961-04-10,Lazio,1522.04089355
1961-04-17,Lazio,1519.6652832
1961-05-01,Lazio,1532.01940918
1961-05-08,Lazio,1536.65856934
1961-05-15,Lazio,1530.42614746
1961-05-22,Lazio,1523.35778809
1961-05-31,Lazio,1512.71875
1961-06-05,Lazio,1501.61608887
1961-07-03,Lazio,1501.61608887
1961-09-04,Lazio,1502.24902344
1961-09-11,Lazio,1496.23217773
1961-09-18,Lazio,1491.09216309
1961-09-21,Lazio,1492.03076172
1961-09-25,Lazio,1501.1796875
1961-09-28,Lazio,1501.71923828
1961-10-02,Lazio,1507.30834961
1961-10-09,Lazio,1519.20056152
1961-10-23,Lazio,1526.0234375
1961-10-26,Lazio,1531.96923828
1961-10-30,Lazio,1524.8572998
1961-11-06,Lazio,1519.12072754
1961-11-09,Lazio,1527.68933105
1961-11-16,Lazio,1535.52478027
1961-11-20,Lazio,1537.98425293
1961-11-23,Lazio,1554.90698242
1961-11-27,Lazio,1567.36621094
1961-12-04,Lazio,1567.85424805
1961-12-11,Lazio,1549.53283691
1961-12-18,Lazio,1559.75805664
1961-12-25,Lazio,1561.05151367
1962-01-01,Lazio,1554.27246094
1962-01-08,Lazio,1555.22692871
1962-01-15,Lazio,1551.07714844
1962-01-22,Lazio,1541.99621582
1962-01-29,Lazio,1546.68603516
1962-02-05,Lazio,1539.16601562
1962-02-12,Lazio,1532.68139648
1962-02-15,Lazio,1529.64025879
1962-02-19,Lazio,1533.78405762
1962-02-22,Lazio,1532.41589355
1962-02-26,Lazio,1525.37939453
1962-02-27,Lazio,1528.2520752
1962-02-28,Lazio,1530.60046387
1962-03-01,Lazio,1524.94812012
1962-03-05,Lazio,1521.97888184
1962-03-12,Lazio,1515.5234375
1962-03-19,Lazio,1514.16381836
1962-03-22,Lazio,1519.17480469
1962-03-26,Lazio,1520.29187012
1962-04-02,Lazio,1524.11108398
1962-04-09,Lazio,1528.30895996
1962-04-12,Lazio,1539.62585449
1962-04-16,Lazio,1546.50585938
1962-04-23,Lazio,1536.3572998
1962-04-30,Lazio,1544.83374023
1962-05-07,Lazio,1548.06005859
1962-05-11,Lazio,1548.71289062
1962-05-14,Lazio,1541.27026367
1962-05-21,Lazio,1547.91064453
1962-05-28,Lazio,1542.16772461
1962-06-04,Lazio,1552.15527344
1962-09-06,Lazio,1534.9675293
1962-09-13,Lazio,1534.98596191
1962-09-17,Lazio,1537.10766602
1962-09-20,Lazio,1537.13830566
1962-09-24,Lazio,1532.22753906
1962-09-27,Lazio,1536.54382324
1962-10-01,Lazio,1537.63757324
1962-10-08,Lazio,1534.82592773
1962-10-11,Lazio,1544.16479492
1962-10-14,Lazio,1555.59631348
1962-10-29,Lazio,1555.90368652
1962-11-05,Lazio,1556.75061035
1962-11-12,Lazio,1552.21850586
1962-11-15,Lazio,1558.32458496
1962-11-19,Lazio,1558.70239258
1962-11-20,Lazio,1561.08972168
1962-11-26,Lazio,1566.94287109
1962-11-29,Lazio,1562.24145508
1962-12-03,Lazio,1564.14294434
1962-12-05,Lazio,1585.76049805
1962-12-17,Lazio,1568.0378418
1962-12-24,Lazio,1560.02172852
1962-12-31,Lazio,1563.52722168
1963-01-07,Lazio,1553.48522949
1963-01-14,Lazio,1562.0489502
1963-01-21,Lazio,1568.11303711
1963-01-24,Lazio,1568.52856445
1963-01-28,Lazio,1571.25354004
1963-02-04,Lazio,1565.81347656
1963-02-07,Lazio,1554.21813965
1963-02-11,Lazio,1547.5802002
1963-02-18,Lazio,1551.88183594
1963-02-25,Lazio,1563.54858398
1963-03-04,Lazio,1565.74328613
1963-03-11,Lazio,1574.94287109
1963-03-14,Lazio,1575.50683594
1963-03-18,Lazio,1579.49633789
1963-03-21,Lazio,1582.68322754
1963-03-25,Lazio,1576.95214844
1963-04-04,Lazio,1565.23205566
1963-04-08,Lazio,1580.63574219
1963-04-15,Lazio,1566.4029541
1963-04-22,Lazio,1575.67126465
1963-04-25,Lazio,1579.05725098
1963-04-29,Lazio,1584.69702148
1963-05-02,Lazio,1585.24023438
1963-05-06,Lazio,1579.35949707
1963-05-13,Lazio,1590.36682129
1963-05-20,Lazio,1583.21740723
1963-05-23,Lazio,1589.86914062
1963-05-27,Lazio,1608.375
1963-05-29,Lazio,1608.375
1963-06-03,Lazio,1610.71130371
1963-06-09,Lazio,1610.71130371
1963-06-10,Lazio,1601.95471191
1963-06-17,Lazio,1606.61779785
1963-06-23,Lazio,1606.61779785
1963-07-04,Lazio,1606.61779785
1963-07-05,Lazio,1606.61779785
1963-08-12,Lazio,1606.61779785
1963-08-20,Lazio,1606.61779785
1963-08-22,Lazio,1606.61779785
1963-08-25,Lazio,1606.61779785
1963-09-05,Lazio,1611.11914062
1963-09-08,Lazio,1611.11914062
1963-09-11,Lazio,1611.11914062
1963-09-12,Lazio,1611.11914062
1963-09-14,Lazio,1611.11914062
1963-09-15,Lazio,1611.11914062
1963-09-16,Lazio,1611.73010254
1963-09-19,Lazio,1615.08972168
1963-09-22,Lazio,1615.08972168
1963-09-23,Lazio,1627.24304199
1963-09-26,Lazio,1633.27624512
1963-09-29,Lazio,1633.27624512
1963-09-30,Lazio,1638.4519043
1963-10-03,Lazio,1638.4519043
1963-10-07,Lazio,1645.23999023
1963-10-10,Lazio,1640.88781738
1963-10-13,Lazio,1640.88781738
1963-10-14,Lazio,1640.88781738
1963-10-15,Lazio,1628.31530762
1963-10-16,Lazio,1628.31530762
1963-10-20,Lazio,1628.31530762
1963-10-21,Lazio,1617.8770752
1963-10-23,Lazio,1617.8770752
1963-10-24,Lazio,1612.10449219
1963-10-27,Lazio,1612.10449219
1963-11-01,Lazio,1612.10449219
1963-11-03,Lazio,1612.10449219
1963-11-04,Lazio,1612.10449219
1963-11-07,Lazio,1612.10449219
1963-11-08,Lazio,1612.10449219
1963-11-10,Lazio,1612.10449219
1963-11-11,Lazio,1612.10449219
1963-11-14,Lazio,1612.10449219
1963-11-17,Lazio,1612.10449219
1963-11-18,Lazio,1627.79626465
1963-11-21,Lazio,1627.79626465
1963-11-24,Lazio,1627.79626465
1963-11-25,Lazio,1623.43432617
1963-11-28,Lazio,1622.93408203
1963-12-01,Lazio,1622.93408203
1963-12-02,Lazio,1629.96191406
1963-12-04,Lazio,1629.96191406
1963-12-05,Lazio,1637.20373535
1963-12-08,Lazio,1637.20373535
1963-12-09,Lazio,1631.74597168
1963-12-12,Lazio,1631.74597168
1963-12-15,Lazio,1631.74597168
1963-12-19,Lazio,1631.74597168
1963-12-23,Lazio,1621.59130859
1963-12-27,Lazio,1621.59130859
1963-12-29,Lazio,1621.59130859
1963-12-30,Lazio,1621.59130859
1964-01-06,Lazio,1617.39746094
1964-01-09,Lazio,1615.98291016
1964-01-13,Lazio,1609.42382812
1964-01-20,Lazio,1599.69274902
1964-01-27,Lazio,1597.40734863
1964-01-30,Lazio,1592.54296875
1964-02-03,Lazio,1590.40734863
1964-02-10,Lazio,1606.37719727
1964-02-14,Lazio,1606.67077637
1964-02-17,Lazio,1598.06921387
1964-02-24,Lazio,1599.16467285
1964-02-27,Lazio,1602.20166016
1964-03-02,Lazio,1597.99938965
1964-03-05,Lazio,1598.18432617
1964-03-09,Lazio,1603.57434082
1964-03-16,Lazio,1600.07873535
1964-03-23,Lazio,1625.45788574
1964-03-26,Lazio,1625.45788574
1964-03-27,Lazio,1625.45788574
1964-03-29,Lazio,1625.45788574
1964-03-30,Lazio,1629.93334961
1964-04-01,Lazio,1629.93334961
1964-04-02,Lazio,1629.93334961
1964-04-05,Lazio,1629.93334961
1964-04-06,Lazio,1623.89160156
1964-04-12,Lazio,1623.89160156
1964-04-13,Lazio,1623.89160156
1964-04-15,Lazio,1623.89160156
1964-04-16,Lazio,1626.01843262
1964-04-19,Lazio,1626.01843262
1964-04-20,Lazio,1628.9621582
1964-04-22,Lazio,1628.9621582
1964-04-25,Lazio,1628.9621582
1964-04-27,Lazio,1627.72802734
1964-04-30,Lazio,1629.59399414
1964-05-04,Lazio,1632.44616699
1964-05-06,Lazio,1632.44616699
1964-05-07,Lazio,1632.44616699
1964-05-10,Lazio,1632.44616699
1964-05-11,Lazio,1632.44616699
1964-05-13,Lazio,1632.44616699
1964-05-18,Lazio,1637.11572266
1964-05-21,Lazio,1637.11572266
1964-05-24,Lazio,1637.11572266
1964-05-25,Lazio,1634.3717041
1964-05-28,Lazio,1644.8416748
1964-06-01,Lazio,1642.9395752
1964-06-07,Lazio,1642.9395752
1964-06-08,Lazio,1642.9395752
1964-06-09,Lazio,1642.9395752
1964-06-11,Lazio,1642.9395752
1964-06-12,Lazio,1642.9395752
1964-06-19,Lazio,1642.9395752
1964-06-25,Lazio,1642.9395752
1964-07-02,Lazio,1642.9395752
1964-07-21,Lazio,1642.9395752
1964-08-03,Lazio,1642.9395752
1964-08-07,Lazio,1642.9395752
1964-08-10,Lazio,1642.9395752
1964-08-11,Lazio,1642.9395752
1964-08-13,Lazio,1642.9395752
1964-08-17,Lazio,1642.9395752
1964-08-23,Lazio,1642.9395752
1964-08-25,Lazio,1642.9395752
1964-08-27,Lazio,1642.9395752
1964-08-29,Lazio,1642.9395752
1964-08-31,Lazio,1642.9395752
1964-09-02,Lazio,1642.9395752
1964-09-05,Lazio,1642.9395752
1964-09-07,Lazio,1642.9395752
1964-09-10,Lazio,1642.10449219
1964-09-13,Lazio,1642.10449219
1964-09-14,Lazio,1636.99499512
1964-09-17,Lazio,1636.99499512
1964-09-20,Lazio,1636.99499512
1964-09-21,Lazio,1634.18261719
1964-09-22,Lazio,1634.18261719
1964-09-23,Lazio,1634.18261719
1964-09-24,Lazio,1634.58361816
1964-09-28,Lazio,1631.35144043
1964-10-01,Lazio,1631.35144043
1964-10-05,Lazio,1635.94335938
1964-10-08,Lazio,1637.62329102
1964-10-11,Lazio,1637.62329102
1964-10-12,Lazio,1636.11425781
1964-10-15,Lazio,1630.03833008
1964-10-17,Lazio,1630.03833008
1964-10-18,Lazio,1630.03833008
1964-10-19,Lazio,1636.52941895
1964-10-26,Lazio,1633.7010498
1964-11-04,Lazio,1633.7010498
1964-11-05,Lazio,1633.7010498
1964-11-07,Lazio,1633.7010498
1964-11-08,Lazio,1633.7010498
1964-11-09,Lazio,1629.44140625
1964-11-12,Lazio,1630.17858887
1964-11-15,Lazio,1630.17858887
1964-11-16,Lazio,1629.14916992
1964-11-23,Lazio,1633.66320801
1964-11-30,Lazio,1639.90185547
1964-12-02,Lazio,1639.90185547
1964-12-03,Lazio,1639.90185547
1964-12-04,Lazio,1640.4666748
1964-12-06,Lazio,1640.4666748
1964-12-07,Lazio,1640.56420898
1964-12-14,Lazio,1639.23400879
1964-12-17,Lazio,1639.23400879
1964-12-21,Lazio,1642.9864502
1964-12-24,Lazio,1642.9864502
1964-12-27,Lazio,1642.9864502
1964-12-28,Lazio,1636.38916016
1964-12-29,Lazio,1636.38916016
1965-01-04,Lazio,1643.59924316
1965-01-11,Lazio,1646.81213379
1965-01-18,Lazio,1651.28430176
1965-01-21,Lazio,1651.28430176
1965-01-25,Lazio,1647.58728027
1965-02-01,Lazio,1638.19616699
1965-02-08,Lazio,1629.91967773
1965-02-14,Lazio,1629.91967773
1965-02-15,Lazio,1627.42102051
1965-02-18,Lazio,1629.8046875
1965-02-22,Lazio,1634.22814941
1965-02-25,Lazio,1634.22814941
1965-03-01,Lazio,1645.54467773
1965-03-04,Lazio,1642.90283203
1965-03-08,Lazio,1644.31347656
1965-03-15,Lazio,1644.31347656
1965-03-18,Lazio,1652.2322998
1965-03-21,Lazio,1652.2322998
1965-03-22,Lazio,1650.07727051
1965-03-28,Lazio,1650.07727051
1965-03-29,Lazio,1654.50268555
1965-04-05,Lazio,1644.32128906
1965-04-11,Lazio,1644.32128906
1965-04-12,Lazio,1633.68701172
1965-04-18,Lazio,1633.68701172
1965-04-19,Lazio,1633.68701172
1965-04-20,Lazio,1633.68701172
1965-04-21,Lazio,1637.08349609
1965-04-25,Lazio,1632.8704834
1965-04-26,Lazio,1632.8704834
1965-04-28,Lazio,1629.50683594
1965-04-29,Lazio,1629.50683594
1965-05-03,Lazio,1629.50683594
1965-05-05,Lazio,1624.73376465
1965-05-06,Lazio,1613.04284668
1965-05-10,Lazio,1621.11877441
1965-05-13,Lazio,1628.54602051
1965-05-17,Lazio,1633.72644043
1965-05-19,Lazio,1633.72644043
1965-05-23,Lazio,1633.72644043
1965-05-24,Lazio,1648.3704834
1965-05-28,Lazio,1652.33520508
1965-05-31,Lazio,1648.57531738
1965-06-02,Lazio,1648.57531738
1965-06-07,Lazio,1634.99230957
1965-06-17,Lazio,1634.99230957
1965-06-21,Lazio,1634.99230957
1965-06-27,Lazio,1634.99230957
1965-07-20,Lazio,1634.99230957
1965-07-24,Lazio,1634.99230957
1965-08-02,Lazio,1634.99230957
1965-08-09,Lazio,1634.99230957
1965-08-16,Lazio,1634.99230957
1965-08-26,Lazio,1634.99230957
1965-08-28,Lazio,1634.99230957
1965-08-30,Lazio,1634.99230957
1965-08-31,Lazio,1634.99230957
1965-09-03,Lazio,1634.99230957
1965-09-05,Lazio,1634.99230957
1965-09-06,Lazio,1638.16748047
1965-09-09,Lazio,1638.16748047
1965-09-10,Lazio,1638.16748047
1965-09-13,Lazio,1644.46362305
1965-09-15,Lazio,1644.46362305
1965-09-16,Lazio,1644.46362305
1965-09-19,Lazio,1644.46362305
1965-09-20,Lazio,1648.76733398
1965-09-23,Lazio,1648.76733398
1965-09-26,Lazio,1648.76733398
1965-09-27,Lazio,1651.66088867
1965-09-30,Lazio,1652.69104004
1965-10-03,Lazio,1652.69104004
1965-10-04,Lazio,1651.61328125
1965-10-10,Lazio,1651.61328125
1965-10-11,Lazio,1664.25317383
1965-10-14,Lazio,1655.7286377
1965-10-18,Lazio,1661.53588867
1965-10-24,Lazio,1661.53588867
1965-10-25,Lazio,1663.19238281
1965-10-28,Lazio,1663.19238281
1965-11-04,Lazio,1663.19238281
1965-11-08,Lazio,1663.19238281
1965-11-10,Lazio,1663.19238281
1965-11-14,Lazio,1663.19238281
1965-11-15,Lazio,1659.55102539
1965-11-18,Lazio,1659.55102539
1965-11-21,Lazio,1659.55102539
1965-11-22,Lazio,1653.04577637
1965-11-28,Lazio,1653.04577637
1965-11-29,Lazio,1644.78161621
1965-12-02,Lazio,1644.07409668
1965-12-13,Lazio,1646.55249023
1965-12-16,Lazio,1647.45996094
1965-12-19,Lazio,1647.45996094
1965-12-20,Lazio,1640.01269531
1965-12-27,Lazio,1645.93041992
1966-01-03,Lazio,1639.7833252
1966-01-10,Lazio,1634.04516602
1966-01-13,Lazio,1634.04516602
1966-01-16,Lazio,1634.04516602
1966-01-17,Lazio,1633.82421875
1966-01-24,Lazio,1633.82421875
1966-01-30,Lazio,1633.82421875
1966-01-31,Lazio,1641.58215332
1966-02-06,Lazio,1641.58215332
1966-02-07,Lazio,1642.15917969
1966-02-14,Lazio,1649.6550293
1966-02-20,Lazio,1649.6550293
1966-02-21,Lazio,1645.47192383
1966-02-23,Lazio,1645.47192383
1966-02-24,Lazio,1648.97827148
1966-02-27,Lazio,1648.97827148
1966-02-28,Lazio,1647.01086426
1966-03-03,Lazio,1648.3795166
1966-03-07,Lazio,1643.75012207
1966-03-09,Lazio,1643.75012207
1966-03-10,Lazio,1664.7388916
1966-03-13,Lazio,1664.7388916
1966-03-14,Lazio,1652.4786377
1966-03-20,Lazio,1652.4786377
1966-03-27,Lazio,1652.4786377
1966-03-28,Lazio,1643.73083496
1966-04-04,Lazio,1625.02868652
1966-04-10,Lazio,1625.02868652
1966-04-11,Lazio,1631.57495117
1966-04-14,Lazio,1631.06237793
1966-04-17,Lazio,1631.06237793
1966-04-18,Lazio,1627.09130859
1966-04-20,Lazio,1627.09130859
1966-04-21,Lazio,1619.21972656
1966-04-23,Lazio,1619.21972656
1966-04-25,Lazio,1628.23620605
1966-05-01,Lazio,1628.23620605
1966-05-02,Lazio,1622.68994141
1966-05-03,Lazio,1622.68994141
1966-05-06,Lazio,1622.68994141
1966-05-09,Lazio,1618.93200684
1966-05-15,Lazio,1618.93200684
1966-05-16,Lazio,1617.08862305
1966-05-22,Lazio,1617.08862305
1966-05-23,Lazio,1613.90270996
1966-05-29,Lazio,1613.90270996
1966-06-05,Lazio,1613.90270996
1966-06-06,Lazio,1613.90270996
1966-06-13,Lazio,1613.90270996
1966-06-17,Lazio,1613.90270996
1966-06-23,Lazio,1613.90270996
1966-07-29,Lazio,1613.90270996
1966-08-15,Lazio,1613.90270996
1966-08-19,Lazio,1613.90270996
1966-08-21,Lazio,1613.90270996
1966-08-22,Lazio,1613.90270996
1966-08-28,Lazio,1613.90270996
1966-08-29,Lazio,1613.90270996
1966-09-01,Lazio,1613.90270996
1966-09-06,Lazio,1613.90270996
1966-09-08,Lazio,1613.90270996
1966-09-12,Lazio,1613.90270996
1966-09-18,Lazio,1613.90270996
1966-09-19,Lazio,1609.37585449
1966-09-22,Lazio,1609.37585449
1966-09-24,Lazio,1609.37585449
1966-09-26,Lazio,1608.75195312
1966-09-29,Lazio,1607.5222168
1966-10-02,Lazio,1607.5222168
1966-10-03,Lazio,1617.96630859
1966-10-06,Lazio,1604.36120605
1966-10-09,Lazio,1604.36120605
1966-10-10,Lazio,1587.94555664
1966-10-13,Lazio,1591.16784668
1966-10-17,Lazio,1597.62866211
1966-10-24,Lazio,1588.2010498
1966-11-07,Lazio,1585.43383789
1966-11-14,Lazio,1583.39538574
1966-11-17,Lazio,1582.81335449
1966-11-21,Lazio,1584.37780762
1966-12-05,Lazio,1580.8269043
1966-12-09,Lazio,1590.15612793
1966-12-12,Lazio,1590.37475586
1966-12-19,Lazio,1604.26123047
1966-12-25,Lazio,1607.29699707
1967-01-01,Lazio,1603.01147461
1967-01-09,Lazio,1612.4284668
1967-01-16,Lazio,1606.17932129
1967-01-23,Lazio,1608.36340332
1967-01-30,Lazio,1609.92333984
1967-02-06,Lazio,1615.04736328
1967-02-13,Lazio,1620.49597168
1967-02-16,Lazio,1620.94970703
1967-02-20,Lazio,1612.18334961
1967-02-26,Lazio,1612.18334961
1967-02-27,Lazio,1612.58508301
1967-03-02,Lazio,1625.32751465
1967-03-05,Lazio,1625.32751465
1967-03-06,Lazio,1630.25939941
1967-03-09,Lazio,1630.25939941
1967-03-13,Lazio,1631.15222168
1967-03-20,Lazio,1621.54675293
1967-03-21,Lazio,1621.54675293
1967-03-24,Lazio,1621.54675293
1967-03-25,Lazio,1621.54675293
1967-03-26,Lazio,1621.54675293
1967-03-29,Lazio,1621.54675293
1967-04-03,Lazio,1616.58789062
1967-04-08,Lazio,1616.58789062
1967-04-10,Lazio,1608.31054688
1967-04-17,Lazio,1613.32653809
1967-04-20,Lazio,1610.28173828
1967-04-24,Lazio,1618.90991211
1967-04-27,Lazio,1621.9206543
1967-04-30,Lazio,1621.9206543
1967-05-01,Lazio,1627.84020996
1967-05-03,Lazio,1627.84020996
1967-05-04,Lazio,1629.31225586
1967-05-07,Lazio,1629.31225586
1967-05-08,Lazio,1613.54394531
1967-05-15,Lazio,1611.70324707
1967-05-22,Lazio,1617.33337402
1967-05-26,Lazio,1610.24243164
1967-05-29,Lazio,1608.35571289
1967-07-03,Lazio,1608.35571289
1967-09-11,Lazio,1602.4552002
1967-09-18,Lazio,1602.19299316
1967-09-21,Lazio,1608.53601074
1967-09-25,Lazio,1611.63635254
1967-10-02,Lazio,1598.06420898
1967-10-09,Lazio,1602.45959473
1967-10-12,Lazio,1604.24304199
1967-10-16,Lazio,1596.98852539
1967-10-23,Lazio,1601.08825684
1967-11-06,Lazio,1595.25842285
1967-11-13,Lazio,1588.79528809
1967-11-20,Lazio,1591.20471191
1967-11-23,Lazio,1595.01330566
1967-11-27,Lazio,1598.65612793
1967-11-30,Lazio,1598.11462402
1967-12-04,Lazio,1599.32067871
1967-12-08,Lazio,1598.6986084
1967-12-11,Lazio,1602.89025879
1967-12-14,Lazio,1604.5982666
1967-12-18,Lazio,1605.04638672
1967-12-25,Lazio,1600.99108887
1968-01-01,Lazio,1602.25720215
1968-01-08,Lazio,1597.80529785
1968-01-15,Lazio,1586.47912598
1968-01-22,Lazio,1590.51306152
1968-01-29,Lazio,1578.24865723
1968-02-01,Lazio,1576.64318848
1968-02-05,Lazio,1577.24182129
1968-02-12,Lazio,1584.60583496
1968-02-19,Lazio,1573.6574707
1968-02-26,Lazio,1569.76916504
1968-02-29,Lazio,1572.39599609
1968-03-04,Lazio,1576.03662109
1968-03-11,Lazio,1558.39367676
1968-03-14,Lazio,1549.98046875
1968-03-18,Lazio,1545.17773438
1968-03-21,Lazio,1557.08605957
1968-04-01,Lazio,1557.99462891
1968-04-08,Lazio,1554.17370605
1968-04-15,Lazio,1552.53137207
1968-04-22,Lazio,1545.29980469
1968-04-29,Lazio,1549.87353516
1968-05-02,Lazio,1553.07263184
1968-05-06,Lazio,1555.40649414
1968-05-09,Lazio,1558.83886719
1968-05-10,Lazio,1554.07519531
1968-05-13,Lazio,1561.25012207
1968-05-16,Lazio,1552.14489746
1968-05-20,Lazio,1547.44812012
1968-05-24,Lazio,1551.39526367
1968-05-27,Lazio,1556.06298828
1968-06-03,Lazio,1558.76843262
1968-06-10,Lazio,1547.87341309
1968-06-17,Lazio,1554.7635498
1968-06-24,Lazio,1547.68737793
1968-09-19,Lazio,1545.03735352
1968-09-30,Lazio,1547.33203125
1968-10-03,Lazio,1550.49902344
1968-10-07,Lazio,1559.53466797
1968-10-14,Lazio,1553.51501465
1968-10-21,Lazio,1560.48535156
1968-11-04,Lazio,1550.39794922
1968-11-11,Lazio,1559.23730469
1968-11-18,Lazio,1571.55993652
1968-11-25,Lazio,1568.80297852
1968-12-02,Lazio,1573.80383301
1968-12-09,Lazio,1568.83630371
1968-12-16,Lazio,1585.51135254
1968-12-23,Lazio,1589.97741699
1968-12-30,Lazio,1586.94287109
1969-01-06,Lazio,1590.42468262
1969-01-13,Lazio,1592.51464844
1969-01-20,Lazio,1596.06750488
1969-01-27,Lazio,1605.6550293
1969-02-03,Lazio,1600.09399414
1969-02-10,Lazio,1594.62145996
1969-02-17,Lazio,1599.50708008
1969-02-20,Lazio,1585.72949219
1969-02-24,Lazio,1579.71936035
1969-03-03,Lazio,1583.39978027
1969-03-06,Lazio,1579.30029297
1969-03-10,Lazio,1580.27197266
1969-03-13,Lazio,1592.50842285
1969-03-17,Lazio,1597.73937988
1969-03-24,Lazio,1597.84741211
1969-03-31,Lazio,1593.79492188
1969-04-14,Lazio,1604.06140137
1969-04-21,Lazio,1610.18151855
1969-04-24,Lazio,1613.99609375
1969-04-28,Lazio,1614.72192383
1969-05-05,Lazio,1618.71118164
1969-05-08,Lazio,1618.71118164
1969-05-12,Lazio,1628.16186523
1969-05-15,Lazio,1628.16186523
1969-05-16,Lazio,1631.21057129
1969-05-19,Lazio,1638.75305176
1969-05-22,Lazio,1638.75305176
1969-05-25,Lazio,1638.75305176
1969-05-26,Lazio,1633.30285645
1969-05-29,Lazio,1639.97192383
1969-06-02,Lazio,1640.35131836
1969-06-05,Lazio,1640.35131836
1969-06-09,Lazio,1644.85559082
1969-06-15,Lazio,1644.85559082
1969-06-16,Lazio,1637.34912109
1969-06-23,Lazio,1633.14685059
1969-06-25,Lazio,1633.14685059
1969-06-30,Lazio,1633.14685059
1969-07-02,Lazio,1633.14685059
1969-08-10,Lazio,1633.14685059
1969-08-13,Lazio,1633.14685059
1969-08-14,Lazio,1633.14685059
1969-08-17,Lazio,1633.14685059
1969-08-18,Lazio,1633.14685059
1969-08-21,Lazio,1633.14685059
1969-08-25,Lazio,1633.14685059
1969-08-28,Lazio,1633.14685059
1969-08-31,Lazio,1633.14685059
1969-09-04,Lazio,1633.14685059
1969-09-07,Lazio,1633.14685059
1969-09-11,Lazio,1633.18371582
1969-09-13,Lazio,1633.18371582
1969-09-14,Lazio,1633.18371582
1969-09-15,Lazio,1633.14758301
1969-09-17,Lazio,1633.14758301
1969-09-18,Lazio,1632.66992188
1969-09-21,Lazio,1632.66992188
1969-09-22,Lazio,1629.83813477
1969-09-25,Lazio,1629.84436035
1969-09-29,Lazio,1641.7611084
1969-10-02,Lazio,1642.92297363
1969-10-06,Lazio,1640.88024902
1969-10-09,Lazio,1640.88024902
1969-10-12,Lazio,1640.88024902
1969-10-13,Lazio,1646.81225586
1969-10-20,Lazio,1668.30615234
1969-10-25,Lazio,1668.30615234
1969-10-27,Lazio,1664.23620605
1969-11-02,Lazio,1664.23620605
1969-11-03,Lazio,1664.23620605
1969-11-09,Lazio,1664.23620605
1969-11-10,Lazio,1670.14770508
1969-11-13,Lazio,1676.01538086
1969-11-17,Lazio,1677.23547363
1969-11-23,Lazio,1677.23547363
1969-11-24,Lazio,1677.23547363
1969-11-27,Lazio,1660.09631348
1969-11-30,Lazio,1660.09631348
1969-12-01,Lazio,1656.4942627
1969-12-04,Lazio,1656.4942627
1969-12-08,Lazio,1643.2611084
1969-12-15,Lazio,1631.78149414
1969-12-22,Lazio,1629.46057129
1969-12-29,Lazio,1632.51281738
1970-01-05,Lazio,1637.54614258
1970-01-07,Lazio,1637.54614258
1970-01-11,Lazio,1637.54614258
1970-01-12,Lazio,1631.76953125
1970-01-18,Lazio,1631.76953125
1970-01-19,Lazio,1639.2857666
1970-01-22,Lazio,1639.2857666
1970-01-26,Lazio,1635.84191895
1970-02-02,Lazio,1627.60021973
1970-02-08,Lazio,1627.60021973
1970-02-09,Lazio,1643.84729004
1970-02-12,Lazio,1643.84729004
1970-02-15,Lazio,1643.84729004
1970-02-16,Lazio,1641.10314941
1970-02-23,Lazio,1641.10314941
1970-03-02,Lazio,1639.21594238
1970-03-04,Lazio,1639.21594238
1970-03-05,Lazio,1631.29174805
1970-03-08,Lazio,1631.29174805
1970-03-09,Lazio,1631.29174805
1970-03-10,Lazio,1626.44946289
1970-03-15,Lazio,1626.44946289
1970-03-16,Lazio,1636.4609375
1970-03-18,Lazio,1636.4609375
1970-03-19,Lazio,1636.56262207
1970-03-23,Lazio,1651.0168457
1970-03-29,Lazio,1651.0168457
1970-03-30,Lazio,1656.56628418
1970-03-31,Lazio,1656.56628418
1970-04-01,Lazio,1656.56628418
1970-04-02,Lazio,1652.51074219
1970-04-03,Lazio,1652.51074219
1970-04-05,Lazio,1652.51074219
1970-04-06,Lazio,1654.76757812
1970-04-09,Lazio,1654.76757812
1970-04-11,Lazio,1654.76757812
1970-04-13,Lazio,1669.02172852
1970-04-16,Lazio,1673.05908203
1970-04-19,Lazio,1673.05908203
1970-04-20,Lazio,1679.06384277
1970-04-23,Lazio,1679.39953613
1970-04-27,Lazio,1680.86206055
1970-04-30,Lazio,1680.86206055
1970-05-07,Lazio,1680.86206055
1970-05-24,Lazio,1680.86206055
1970-07-21,Lazio,1680.86206055
1970-08-10,Lazio,1680.86206055
1970-08-13,Lazio,1680.86206055
1970-08-16,Lazio,1680.86206055
1970-08-17,Lazio,1680.86206055
1970-08-18,Lazio,1680.86206055
1970-08-20,Lazio,1680.86206055
1970-08-23,Lazio,1680.86206055
1970-08-30,Lazio,1680.86206055
1970-09-06,Lazio,1680.86206055
1970-09-12,Lazio,1680.86206055
1970-09-14,Lazio,1680.86206055
1970-09-17,Lazio,1687.05859375
1970-09-20,Lazio,1687.05859375
1970-09-21,Lazio,1687.05859375
1970-09-27,Lazio,1687.05859375
1970-09-28,Lazio,1693.15734863
1970-09-30,Lazio,1693.15734863
1970-10-01,Lazio,1682.35644531
1970-10-04,Lazio,1682.35644531
1970-10-05,Lazio,1682.35644531
1970-10-08,Lazio,1673.90222168
1970-10-11,Lazio,1673.90222168
1970-10-12,Lazio,1677.19580078
1970-10-18,Lazio,1677.19580078
1970-10-22,Lazio,1676.57055664
1970-10-26,Lazio,1672.74267578
1970-10-28,Lazio,1672.74267578
1970-11-01,Lazio,1672.74267578
1970-11-05,Lazio,1672.74267578
1970-11-06,Lazio,1659.06030273
1970-11-07,Lazio,1659.06030273
1970-11-09,Lazio,1651.95080566
1970-11-16,Lazio,1649.30456543
1970-11-23,Lazio,1637.9074707
1970-11-29,Lazio,1637.9074707
1970-11-30,Lazio,1638.14282227
1970-12-07,Lazio,1638.14282227
1970-12-14,Lazio,1627.30224609
1970-12-20,Lazio,1627.30224609
1970-12-21,Lazio,1632.95910645
1970-12-28,Lazio,1638.40612793
1971-01-04,Lazio,1634.13769531
1971-01-10,Lazio,1634.13769531
1971-01-11,Lazio,1630.50683594
1971-01-17,Lazio,1630.50683594
1971-01-18,Lazio,1625.24584961
1971-01-25,Lazio,1619.4864502
1971-02-01,Lazio,1614.5222168
1971-02-07,Lazio,1614.5222168
1971-02-08,Lazio,1612.06408691
1971-02-14,Lazio,1612.06408691
1971-02-15,Lazio,1619.29431152
1971-03-01,Lazio,1614.2253418
1971-03-07,Lazio,1614.2253418
1971-03-08,Lazio,1613.28369141
1971-03-10,Lazio,1613.28369141
1971-03-14,Lazio,1613.28369141
1971-03-15,Lazio,1617.97290039
1971-03-18,Lazio,1617.97290039
1971-03-22,Lazio,1622.63085938
1971-03-29,Lazio,1618.37194824
1971-04-01,Lazio,1618.37194824
1971-04-04,Lazio,1618.37194824
1971-04-05,Lazio,1623.64086914
1971-04-11,Lazio,1623.64086914
1971-04-12,Lazio,1635.07116699
1971-04-13,Lazio,1635.07116699
1971-04-14,Lazio,1635.07116699
1971-04-18,Lazio,1635.07116699
1971-04-19,Lazio,1633.56408691
1971-04-26,Lazio,1634.45251465
1971-04-27,Lazio,1634.45251465
1971-04-28,Lazio,1634.45251465
1971-04-29,Lazio,1634.45251465
1971-05-01,Lazio,1634.45251465
1971-05-02,Lazio,1634.45251465
1971-05-03,Lazio,1628.87365723
1971-05-07,Lazio,1628.87365723
1971-05-10,Lazio,1628.87365723
1971-05-13,Lazio,1628.87365723
1971-05-17,Lazio,1618.30981445
1971-05-21,Lazio,1618.30981445
1971-05-23,Lazio,1618.30981445
1971-05-24,Lazio,1626.09851074
1971-05-27,Lazio,1626.09851074
1971-06-04,Lazio,1626.09851074
1971-06-10,Lazio,1626.09851074
1971-06-14,Lazio,1626.09851074
1971-06-19,Lazio,1626.09851074
1971-06-24,Lazio,1626.09851074
1971-07-02,Lazio,1626.09851074
1971-07-06,Lazio,1626.09851074
1971-07-10,Lazio,1626.09851074
1971-07-17,Lazio,1626.09851074
1971-07-25,Lazio,1626.09851074
1971-08-04,Lazio,1626.09851074
1971-08-11,Lazio,1626.09851074
1971-08-12,Lazio,1626.09851074
1971-08-17,Lazio,1626.09851074
1971-08-19,Lazio,1626.09851074
1971-08-26,Lazio,1626.09851074
1971-08-27,Lazio,1626.09851074
1971-08-30,Lazio,1626.09851074
1971-09-06,Lazio,1626.09851074
1971-09-13,Lazio,1626.09851074
1971-09-16,Lazio,1620.64953613
1971-09-20,Lazio,1620.64953613
1971-09-23,Lazio,1620.67053223
1971-09-27,Lazio,1625.21594238
1971-09-29,Lazio,1639.18725586
1971-09-30,Lazio,1639.58300781
1971-10-01,Lazio,1623.1776123
1971-10-03,Lazio,1623.1776123
1971-10-04,Lazio,1614.89013672
1971-10-09,Lazio,1614.89013672
1971-10-10,Lazio,1614.89013672
1971-10-11,Lazio,1619.67797852
1971-10-14,Lazio,1619.67797852
1971-10-17,Lazio,1619.67797852
1971-10-18,Lazio,1611.12280273
1971-10-21,Lazio,1603.32543945
1971-10-22,Lazio,1608.70031738
1971-10-25,Lazio,1612.85864258
1971-10-31,Lazio,1612.85864258
1971-11-01,Lazio,1619.59570312
1971-11-04,Lazio,1617.17138672
1971-11-05,Lazio,1622.17687988
1971-11-07,Lazio,1622.17687988
1971-11-08,Lazio,1621.60375977
1971-11-13,Lazio,1621.60375977
1971-11-14,Lazio,1621.60375977
1971-11-15,Lazio,1616.48083496
1971-11-22,Lazio,1620.39001465
1971-11-24,Lazio,1620.39001465
1971-11-25,Lazio,1624.64050293
1971-11-29,Lazio,1616.85168457
1971-12-02,Lazio,1626.76953125
1971-12-05,Lazio,1626.76953125
1971-12-06,Lazio,1634.18212891
1971-12-09,Lazio,1633.70092773
1971-12-12,Lazio,1633.70092773
1971-12-13,Lazio,1638.02270508
1971-12-20,Lazio,1643.89245605
1971-12-26,Lazio,1643.89245605
1971-12-27,Lazio,1643.96728516
1972-01-03,Lazio,1641.66271973
1972-01-09,Lazio,1641.66271973
1972-01-10,Lazio,1644.42541504
1972-01-16,Lazio,1644.42541504
1972-01-17,Lazio,1637.28222656
1972-01-23,Lazio,1637.28222656
1972-01-24,Lazio,1640.62145996
1972-01-30,Lazio,1640.62145996
1972-01-31,Lazio,1635.859375
1972-02-07,Lazio,1635.859375
1972-02-13,Lazio,1635.859375
1972-02-14,Lazio,1622.23168945
1972-02-21,Lazio,1617.13195801
1972-02-24,Lazio,1618.03845215
1972-02-28,Lazio,1610.69506836
1972-03-06,Lazio,1605.26245117
1972-03-08,Lazio,1606.15649414
1972-03-09,Lazio,1597.24975586
1972-03-11,Lazio,1597.37609863
1972-03-13,Lazio,1598.95935059
1972-03-19,Lazio,1598.95935059
1972-03-20,Lazio,1601.98193359
1972-03-22,Lazio,1601.98193359
1972-03-23,Lazio,1597.87939453
1972-03-25,Lazio,1600.44946289
1972-03-26,Lazio,1600.44946289
1972-03-27,Lazio,1604.99230957
1972-04-02,Lazio,1604.99230957
1972-04-03,Lazio,1607.90942383
1972-04-06,Lazio,1605.03613281
1972-04-09,Lazio,1605.03613281
1972-04-10,Lazio,1604.23046875
1972-04-11,Lazio,1604.23046875
1972-04-12,Lazio,1604.23046875
1972-04-17,Lazio,1608.04541016
1972-04-20,Lazio,1606.1270752
1972-04-24,Lazio,1608.83496094
1972-04-27,Lazio,1608.83496094
1972-04-30,Lazio,1608.83496094
1972-05-01,Lazio,1618.99926758
1972-05-03,Lazio,1618.99926758
1972-05-07,Lazio,1618.99926758
1972-05-08,Lazio,1611.9699707
1972-05-15,Lazio,1605.53161621
1972-05-18,Lazio,1605.53161621
1972-05-21,Lazio,1605.53161621
1972-05-22,Lazio,1607.32177734
1972-05-23,Lazio,1607.32177734
1972-05-29,Lazio,1606.23205566
1972-06-01,Lazio,1601.73474121
1972-06-04,Lazio,1601.73474121
1972-06-05,Lazio,1607.52624512
1972-06-08,Lazio,1607.52624512
1972-06-12,Lazio,1619.68933105
1972-06-19,Lazio,1620.60351562
1972-06-25,Lazio,1620.60351562
1972-06-29,Lazio,1620.60351562
1972-07-02,Lazio,1620.60351562
1972-08-13,Lazio,1620.60351562
1972-08-14,Lazio,1620.60351562
1972-08-16,Lazio,1620.60351562
1972-08-17,Lazio,1620.60351562
1972-08-20,Lazio,1620.60351562
1972-08-21,Lazio,1620.60351562
1972-08-27,Lazio,1620.60351562
1972-08-28,Lazio,1620.60351562
1972-08-31,Lazio,1620.60351562
1972-09-03,Lazio,1620.60351562
1972-09-07,Lazio,1620.6282959
1972-09-10,Lazio,1620.6282959
1972-09-11,Lazio,1620.6282959
1972-09-13,Lazio,1620.6282959
1972-09-14,Lazio,1621.91711426
1972-09-15,Lazio,1621.51904297
1972-09-17,Lazio,1621.51904297
1972-09-18,Lazio,1621.51904297
1972-09-20,Lazio,1621.51904297
1972-09-21,Lazio,1621.51904297
1972-09-24,Lazio,1621.51904297
1972-09-25,Lazio,1623.26794434
1972-09-28,Lazio,1592.7878418
1972-10-01,Lazio,1592.7878418
1972-10-02,Lazio,1606.76379395
1972-10-05,Lazio,1606.76379395
1972-10-08,Lazio,1606.76379395
1972-10-09,Lazio,1606.76379395
1972-10-12,Lazio,1606.76379395
1972-10-16,Lazio,1608.47741699
1972-10-21,Lazio,1618.71850586
1972-10-22,Lazio,1618.71850586
1972-10-26,Lazio,1613.2598877
1972-10-30,Lazio,1613.2598877
1972-11-04,Lazio,1613.2598877
1972-11-06,Lazio,1616.94580078
1972-11-08,Lazio,1613.62744141
1972-11-09,Lazio,1622.52868652
1972-11-12,Lazio,1622.52868652
1972-11-13,Lazio,1635.7512207
1972-11-20,Lazio,1640.19641113
1972-11-26,Lazio,1640.19641113
1972-11-27,Lazio,1641.37109375
1972-11-29,Lazio,1641.37109375
1972-11-30,Lazio,1635.90112305
1972-12-03,Lazio,1635.90112305
1972-12-04,Lazio,1641.57788086
1972-12-10,Lazio,1641.57788086
1972-12-11,Lazio,1643.35205078
1972-12-14,Lazio,1640.09411621
1972-12-16,Lazio,1640.09411621
1972-12-17,Lazio,1640.09411621
1972-12-24,Lazio,1640.09411621
1972-12-25,Lazio,1637.35571289
1972-12-27,Lazio,1637.35571289
1972-12-31,Lazio,1632.92297363
1973-01-08,Lazio,1634.67675781
1973-01-18,Lazio,1631.24902344
1973-01-22,Lazio,1639.61804199
1973-01-29,Lazio,1645.86206055
1973-02-05,Lazio,1643.05651855
1973-02-12,Lazio,1640.68237305
1973-02-18,Lazio,1640.68237305
1973-02-19,Lazio,1644.00476074
1973-02-25,Lazio,1644.00476074
1973-02-26,Lazio,1644.00476074
1973-03-05,Lazio,1652.15429688
1973-03-08,Lazio,1651.44909668
1973-03-11,Lazio,1651.44909668
1973-03-12,Lazio,1658.38208008
1973-03-19,Lazio,1669.10327148
1973-03-21,Lazio,1669.10327148
1973-03-22,Lazio,1675.4206543
1973-03-25,Lazio,1675.4206543
1973-03-26,Lazio,1678.47912598
1973-04-08,Lazio,1678.47912598
1973-04-09,Lazio,1689.44995117
1973-04-12,Lazio,1692.35571289
1973-04-15,Lazio,1692.35571289
1973-04-16,Lazio,1695.67749023
1973-04-18,Lazio,1695.67749023
1973-04-22,Lazio,1695.67749023
1973-04-23,Lazio,1704.07141113
1973-04-26,Lazio,1712.00292969
1973-04-29,Lazio,1712.00292969
1973-04-30,Lazio,1715.42053223
1973-05-07,Lazio,1716.86572266
1973-05-14,Lazio,1719.67529297
1973-05-17,Lazio,1724.52282715
1973-05-20,Lazio,1724.52282715
1973-05-21,Lazio,1717.0333252
1973-05-31,Lazio,1714.01538086
1973-06-10,Lazio,1714.01538086
1973-08-22,Lazio,1714.01538086
1973-08-23,Lazio,1714.01538086
1973-08-30,Lazio,1714.01538086
1973-09-02,Lazio,1714.01538086
1973-09-06,Lazio,1714.01538086
1973-09-09,Lazio,1714.01538086
1973-09-13,Lazio,1714.01538086
1973-09-16,Lazio,1714.01538086
1973-09-20,Lazio,1697.36975098
1973-10-04,Lazio,1677.12561035
1973-10-07,Lazio,1677.12561035
1973-10-08,Lazio,1690.12097168
1973-10-16,Lazio,1693.41174316
1973-10-25,Lazio,1672.72009277
1973-10-29,Lazio,1667.88049316
1973-11-04,Lazio,1667.88049316
1973-11-05,Lazio,1664.11230469
1973-11-07,Lazio,1664.11230469
1973-11-08,Lazio,1671.03051758
1973-11-18,Lazio,1671.03051758
1973-11-19,Lazio,1670.03417969
1973-11-25,Lazio,1670.03417969
1973-11-26,Lazio,1666.78088379
1973-11-28,Lazio,1666.78088379
1973-11-29,Lazio,1666.78088379
1973-12-03,Lazio,1676.66638184
1973-12-09,Lazio,1676.66638184
1973-12-10,Lazio,1679.91101074
1973-12-13,Lazio,1679.91101074
1973-12-17,Lazio,1684.62402344
1973-12-23,Lazio,1684.62402344
1973-12-24,Lazio,1691.80041504
1973-12-27,Lazio,1691.80041504
1973-12-30,Lazio,1691.80041504
1973-12-31,Lazio,1698.8996582
1974-01-02,Lazio,1698.8996582
1974-01-07,Lazio,1705.25170898
1974-01-14,Lazio,1691.48791504
1974-01-21,Lazio,1691.48791504
1974-01-22,Lazio,1699.23486328
1974-01-28,Lazio,1706.51965332
1974-02-04,Lazio,1709.97363281
1974-02-06,Lazio,1709.97363281
1974-02-11,Lazio,1700.53125
1974-02-18,Lazio,1710.00024414
1974-02-24,Lazio,1710.00024414
1974-03-04,Lazio,1712.48693848
1974-03-06,Lazio,1712.48693848
1974-03-11,Lazio,1715.5456543
1974-03-14,Lazio,1717.07141113
1974-03-16,Lazio,1717.07141113
1974-03-18,Lazio,1708.31005859
1974-03-21,Lazio,1708.59997559
1974-03-24,Lazio,1708.59997559
1974-03-25,Lazio,1713.25878906
1974-03-31,Lazio,1713.25878906
1974-04-01,Lazio,1721.98730469
1974-04-07,Lazio,1721.98730469
1974-04-08,Lazio,1723.42126465
1974-04-09,Lazio,1723.42126465
1974-04-11,Lazio,1727.35339355
1974-04-16,Lazio,1730.22521973
1974-04-17,Lazio,1730.22521973
1974-04-21,Lazio,1730.22521973
1974-04-22,Lazio,1733.25915527
1974-04-24,Lazio,1733.25915527
1974-04-25,Lazio,1737.66540527
1974-04-29,Lazio,1739.19360352
1974-05-01,Lazio,1739.19360352
1974-05-06,Lazio,1732.04040527
1974-05-09,Lazio,1726.41271973
1974-05-12,Lazio,1726.41271973
1974-05-13,Lazio,1728.23461914
1974-05-16,Lazio,1728.23461914
1974-05-18,Lazio,1728.23461914
1974-05-19,Lazio,1728.23461914
1974-05-20,Lazio,1728.38378906
1974-05-30,Lazio,1728.38378906
1974-08-18,Lazio,1728.38378906
1974-08-22,Lazio,1728.38378906
1974-08-25,Lazio,1728.38378906
1974-08-29,Lazio,1728.38378906
1974-09-15,Lazio,1728.38378906
1974-09-19,Lazio,1728.17382812
1974-09-22,Lazio,1728.17382812
1974-09-26,Lazio,1724.67822266
1974-09-29,Lazio,1724.67822266
1974-10-03,Lazio,1731.43200684
1974-10-06,Lazio,1731.43200684
1974-10-07,Lazio,1733.67858887
1974-10-13,Lazio,1733.67858887
1974-10-14,Lazio,1740.33044434
1974-10-20,Lazio,1740.33044434
1974-10-21,Lazio,1744.26416016
1974-10-24,Lazio,1740.7578125
1974-10-27,Lazio,1740.7578125
1974-10-28,Lazio,1737.80883789
1974-11-03,Lazio,1737.80883789
1974-11-05,Lazio,1724.96862793
1974-11-06,Lazio,1724.96862793
1974-11-07,Lazio,1733.24377441
1974-11-11,Lazio,1735.54162598
1974-11-16,Lazio,1735.54162598
1974-11-17,Lazio,1735.54162598
1974-11-24,Lazio,1735.54162598
1974-11-25,Lazio,1738.44311523
1974-11-28,Lazio,1729.21582031
1974-12-02,Lazio,1720.81140137
1974-12-07,Lazio,1720.81140137
1974-12-08,Lazio,1720.81140137
1974-12-09,Lazio,1723.86547852
1974-12-12,Lazio,1728.61340332
1974-12-15,Lazio,1728.61340332
1974-12-16,Lazio,1730.36535645
1974-12-24,Lazio,1736.89904785
1974-12-27,Lazio,1736.89904785
1975-01-06,Lazio,1744.32592773
1975-01-12,Lazio,1744.32592773
1975-01-13,Lazio,1745.25354004
1975-01-20,Lazio,1752.72766113
1975-01-27,Lazio,1741.26281738
1975-02-03,Lazio,1739.51135254
1975-02-09,Lazio,1739.51135254
1975-02-10,Lazio,1741.40515137
1975-02-16,Lazio,1741.40515137
1975-02-17,Lazio,1750.01257324
1975-02-24,Lazio,1742.39245605
1975-02-26,Lazio,1742.39245605
1975-03-01,Lazio,1742.39245605
1975-03-02,Lazio,1742.39245605
1975-03-03,Lazio,1732.70080566
1975-03-06,Lazio,1735.52478027
1975-03-09,Lazio,1735.52478027
1975-03-10,Lazio,1730.9876709
1975-03-16,Lazio,1730.9876709
1975-03-17,Lazio,1730.73876953
1975-03-19,Lazio,1730.73876953
1975-03-20,Lazio,1733.47766113
1975-03-23,Lazio,1733.47766113
1975-03-24,Lazio,1720.58398438
1975-03-27,Lazio,1720.58398438
1975-03-29,Lazio,1720.58398438
1975-03-31,Lazio,1720.58398438
1975-04-01,Lazio,1729.8359375
1975-04-06,Lazio,1729.8359375
1975-04-07,Lazio,1704.58691406
1975-04-10,Lazio,1700.6072998
1975-04-13,Lazio,1700.6072998
1975-04-14,Lazio,1703.31237793
1975-04-20,Lazio,1703.31237793
1975-04-24,Lazio,1695.64599609
1975-04-27,Lazio,1695.64599609
1975-04-28,Lazio,1688.63818359
1975-04-29,Lazio,1688.63818359
1975-05-05,Lazio,1692.39599609
1975-05-12,Lazio,1696.05908203
1975-05-15,Lazio,1696.05908203
1975-05-19,Lazio,1698.61279297
1975-05-24,Lazio,1698.61279297
1975-05-29,Lazio,1698.61279297
1975-08-14,Lazio,1698.61279297
1975-08-17,Lazio,1698.61279297
1975-08-20,Lazio,1698.61279297
1975-08-24,Lazio,1698.61279297
1975-08-31,Lazio,1698.61279297
1975-09-01,Lazio,1698.61279297
1975-09-07,Lazio,1698.61279297
1975-09-08,Lazio,1698.61279297
1975-09-14,Lazio,1698.61279297
1975-09-17,Lazio,1697.65185547
1975-09-18,Lazio,1692.11413574
1975-09-19,Lazio,1692.11413574
1975-09-21,Lazio,1692.11413574
1975-09-24,Lazio,1692.11413574
1975-09-28,Lazio,1692.11413574
1975-09-29,Lazio,1692.11413574
1975-10-01,Lazio,1692.11413574
1975-10-02,Lazio,1715.01989746
1975-10-05,Lazio,1715.01989746
1975-10-06,Lazio,1722.07287598
1975-10-12,Lazio,1722.07287598
1975-10-13,Lazio,1716.63134766
1975-10-19,Lazio,1716.63134766
1975-10-20,Lazio,1701.60461426
1975-10-22,Lazio,1701.60461426
1975-10-23,Lazio,1698.02172852
1975-10-25,Lazio,1698.02172852
1975-11-01,Lazio,1698.02172852
1975-11-03,Lazio,1692.65600586
1975-11-06,Lazio,1667.26171875
1975-11-09,Lazio,1667.26171875
1975-11-10,Lazio,1663.20776367
1975-11-16,Lazio,1663.20776367
1975-11-17,Lazio,1659.62597656
1975-11-24,Lazio,1659.62597656
1975-11-27,Lazio,1666.94226074
1975-11-29,Lazio,1666.94226074
1975-11-30,Lazio,1666.94226074
1975-12-01,Lazio,1659.03662109
1975-12-07,Lazio,1659.03662109
1975-12-08,Lazio,1648.79162598
1975-12-11,Lazio,1639.80407715
1975-12-15,Lazio,1639.73034668
1975-12-21,Lazio,1639.73034668
1975-12-22,Lazio,1644.80200195
1975-12-28,Lazio,1644.80200195
1975-12-31,Lazio,1639.6262207
1976-01-02,Lazio,1639.6262207
1976-01-13,Lazio,1636.04736328
1976-01-19,Lazio,1623.90844727
1976-01-26,Lazio,1618.46496582
1976-02-02,Lazio,1621.15124512
1976-02-08,Lazio,1621.15124512
1976-02-09,Lazio,1621.15124512
1976-02-10,Lazio,1615.86791992
1976-02-15,Lazio,1615.86791992
1976-02-16,Lazio,1611.05932617
1976-02-22,Lazio,1611.05932617
1976-02-23,Lazio,1614.81066895
1976-02-29,Lazio,1609.70568848
1976-03-01,Lazio,1609.70568848
1976-03-04,Lazio,1605.32092285
1976-03-08,Lazio,1599.34802246
1976-03-14,Lazio,1599.34802246
1976-03-15,Lazio,1603.74719238
1976-03-18,Lazio,1600.76501465
1976-03-21,Lazio,1600.76501465
1976-03-22,Lazio,1605.93225098
1976-03-28,Lazio,1605.93225098
1976-03-29,Lazio,1602.0847168
1976-04-01,Lazio,1602.0847168
1976-04-04,Lazio,1602.0847168
1976-04-05,Lazio,1596.15771484
1976-04-10,Lazio,1596.15771484
1976-04-12,Lazio,1588.92773438
1976-04-17,Lazio,1588.92773438
1976-04-18,Lazio,1588.92773438
1976-04-19,Lazio,1588.92773438
1976-04-20,Lazio,1592.05566406
1976-04-22,Lazio,1592.05566406
1976-04-26,Lazio,1592.36071777
1976-04-27,Lazio,1592.36071777
1976-04-29,Lazio,1592.36071777
1976-05-02,Lazio,1592.36071777
1976-05-03,Lazio,1587.79553223
1976-05-10,Lazio,1604.75512695
1976-05-16,Lazio,1604.75512695
1976-05-17,Lazio,1605.30957031
1976-05-28,Lazio,1605.30957031
1976-05-30,Lazio,1605.30957031
1976-05-31,Lazio,1605.30957031
1976-06-01,Lazio,1605.30957031
1976-06-10,Lazio,1605.30957031
1976-06-17,Lazio,1605.30957031
1976-07-05,Lazio,1605.30957031
1976-07-08,Lazio,1605.30957031
1976-08-18,Lazio,1605.30957031
1976-08-19,Lazio,1605.30957031
1976-08-22,Lazio,1605.30957031
1976-08-23,Lazio,1605.30957031
1976-08-25,Lazio,1605.30957031
1976-09-05,Lazio,1605.30957031
1976-09-06,Lazio,1605.30957031
1976-09-09,Lazio,1605.30957031
1976-09-11,Lazio,1605.30957031
1976-09-12,Lazio,1605.30957031
1976-09-13,Lazio,1605.30957031
1976-09-15,Lazio,1605.30957031
1976-09-16,Lazio,1593.15844727
1976-09-30,Lazio,1604.63708496
1976-10-01,Lazio,1605.73925781
1976-10-03,Lazio,1605.73925781
1976-10-04,Lazio,1599.35961914
1976-10-11,Lazio,1611.02966309
1976-10-17,Lazio,1611.02966309
1976-10-18,Lazio,1611.02966309
1976-10-21,Lazio,1606.95568848
1976-10-24,Lazio,1606.95568848
1976-10-25,Lazio,1615.06872559
1976-10-30,Lazio,1615.06872559
1976-10-31,Lazio,1615.06872559
1976-11-01,Lazio,1616.14916992
1976-11-04,Lazio,1628.37585449
1976-11-05,Lazio,1628.46411133
1976-11-06,Lazio,1628.46411133
1976-11-08,Lazio,1632.55895996
1976-11-10,Lazio,1632.55895996
1976-11-15,Lazio,1632.55895996
1976-11-21,Lazio,1632.55895996
1976-11-22,Lazio,1637.64587402
1976-11-25,Lazio,1635.10534668
1976-11-28,Lazio,1635.10534668
1976-11-29,Lazio,1639.45385742
1976-12-05,Lazio,1639.45385742
1976-12-06,Lazio,1642.69042969
1976-12-09,Lazio,1643.62341309
1976-12-13,Lazio,1636.82714844
1976-12-20,Lazio,1624.57263184
1976-12-28,Lazio,1624.57263184
1977-01-02,Lazio,1624.57263184
1977-01-03,Lazio,1614.30175781
1977-01-09,Lazio,1614.30175781
1977-01-10,Lazio,1621.14807129
1977-01-16,Lazio,1621.14807129
1977-01-17,Lazio,1615.81652832
1977-01-24,Lazio,1615.81652832
1977-01-31,Lazio,1617.02563477
1977-02-05,Lazio,1617.02563477
1977-02-07,Lazio,1602.65222168
1977-02-12,Lazio,1602.65222168
1977-02-14,Lazio,1600.19921875
1977-02-20,Lazio,1600.19921875
1977-02-21,Lazio,1600.19921875
1977-02-22,Lazio,1610.43457031
1977-02-23,Lazio,1610.43457031
1977-02-28,Lazio,1610.43457031
1977-03-01,Lazio,1604.28613281
1977-03-03,Lazio,1605.86071777
1977-03-04,Lazio,1611.98620605
1977-03-06,Lazio,1611.98620605
1977-03-07,Lazio,1615.48730469
1977-03-12,Lazio,1615.48730469
1977-03-13,Lazio,1615.48730469
1977-03-14,Lazio,1607.28442383
1977-03-17,Lazio,1608.51464844
1977-03-21,Lazio,1607.1262207
1977-03-28,Lazio,1602.05383301
1977-04-04,Lazio,1608.4498291
1977-04-05,Lazio,1608.4498291
1977-04-07,Lazio,1610.12451172
1977-04-10,Lazio,1610.12451172
1977-04-11,Lazio,1602.36462402
1977-04-12,Lazio,1602.36462402
1977-04-15,Lazio,1602.36462402
1977-04-16,Lazio,1602.36462402
1977-04-18,Lazio,1609.44543457
1977-04-21,Lazio,1604.36474609
1977-04-25,Lazio,1608.48657227
1977-04-27,Lazio,1608.48657227
1977-05-02,Lazio,1608.48657227
1977-05-03,Lazio,1610.22692871
1977-05-04,Lazio,1610.22692871
1977-05-05,Lazio,1609.86401367
1977-05-07,Lazio,1609.86401367
1977-05-08,Lazio,1609.86401367
1977-05-09,Lazio,1611.92712402
1977-05-15,Lazio,1611.92712402
1977-05-16,Lazio,1616.99182129
1977-05-19,Lazio,1619.51000977
1977-05-22,Lazio,1619.51000977
1977-05-23,Lazio,1627.85375977
1977-05-30,Lazio,1627.85375977
1977-06-05,Lazio,1627.85375977
1977-08-18,Lazio,1627.85375977
1977-08-22,Lazio,1627.85375977
1977-08-27,Lazio,1627.85375977
1977-08-28,Lazio,1627.85375977
1977-08-31,Lazio,1627.85375977
1977-09-01,Lazio,1627.85375977
1977-09-10,Lazio,1627.85375977
1977-09-11,Lazio,1627.85375977
1977-09-12,Lazio,1620.91809082
1977-09-15,Lazio,1607.14099121
1977-09-17,Lazio,1607.14099121
1977-09-19,Lazio,1601.87487793
1977-09-26,Lazio,1602.90258789
1977-09-28,Lazio,1602.90258789
1977-09-29,Lazio,1626.60021973
1977-10-03,Lazio,1645.51647949
1977-10-10,Lazio,1645.51647949
1977-10-12,Lazio,1645.51647949
1977-10-16,Lazio,1645.51647949
1977-10-20,Lazio,1652.57446289
1977-10-23,Lazio,1652.57446289
1977-10-24,Lazio,1655.8013916
1977-10-31,Lazio,1658.21630859
1977-11-03,Lazio,1608.46948242
1977-11-04,Lazio,1608.46948242
1977-11-06,Lazio,1608.46948242
1977-11-07,Lazio,1601.29101562
1977-11-13,Lazio,1601.29101562
1977-11-21,Lazio,1603.61865234
1977-11-24,Lazio,1603.18054199
1977-11-26,Lazio,1603.18054199
1977-11-27,Lazio,1603.18054199
1977-11-28,Lazio,1598.01037598
1977-12-08,Lazio,1585.60949707
1977-12-12,Lazio,1583.13037109
1977-12-19,Lazio,1593.63793945
1977-12-28,Lazio,1593.63793945
1978-01-01,Lazio,1594.21191406
1978-01-08,Lazio,1594.21191406
1978-01-09,Lazio,1583.6015625
1978-01-16,Lazio,1592.23864746
1978-01-23,Lazio,1585.68786621
1978-01-30,Lazio,1580.53515625
1978-02-06,Lazio,1582.82666016
1978-02-13,Lazio,1563.47119141
1978-02-20,Lazio,1560.97851562
1978-02-27,Lazio,1567.69128418
1978-03-02,Lazio,1570.7947998
1978-03-06,Lazio,1563.50683594
1978-03-13,Lazio,1547.83105469
1978-03-16,Lazio,1543.29858398
1978-03-20,Lazio,1539.94213867
1978-03-27,Lazio,1531.18847656
1978-03-30,Lazio,1531.62719727
1978-04-03,Lazio,1528.01611328
1978-04-10,Lazio,1533.47106934
1978-04-13,Lazio,1526.88183594
1978-04-17,Lazio,1524.95800781
1978-04-24,Lazio,1533.78088379
1978-05-08,Lazio,1522.58215332
1978-09-14,Lazio,1511.89575195
1978-09-28,Lazio,1492.26525879
1978-10-02,Lazio,1495.57385254
1978-10-09,Lazio,1507.26013184
1978-10-16,Lazio,1503.19934082
1978-10-19,Lazio,1507.21972656
1978-10-23,Lazio,1499.31628418
1978-10-26,Lazio,1499.37731934
1978-10-30,Lazio,1505.81530762
1978-11-02,Lazio,1510.06347656
1978-11-06,Lazio,1514.36108398
1978-11-13,Lazio,1510.69445801
1978-11-20,Lazio,1504.24157715
1978-11-23,Lazio,1502.07751465
1978-11-27,Lazio,1506.5802002
1978-12-04,Lazio,1497.79748535
1978-12-07,Lazio,1495.99963379
1978-12-11,Lazio,1501.30065918
1978-12-18,Lazio,1507.93823242
1979-01-15,Lazio,1506.70202637
1979-01-22,Lazio,1503.40112305
1979-01-29,Lazio,1501.28479004
1979-02-05,Lazio,1496.08581543
1979-02-12,Lazio,1498.17004395
1979-02-19,Lazio,1510.19213867
1979-03-05,Lazio,1502.40136719
1979-03-08,Lazio,1500.04711914
1979-03-12,Lazio,1507.57250977
1979-03-19,Lazio,1518.18115234
1979-03-22,Lazio,1516.4309082
1979-03-26,Lazio,1515.90942383
1979-04-02,Lazio,1504.69067383
1979-04-09,Lazio,1511.5690918
1979-04-15,Lazio,1505.70935059
1979-04-23,Lazio,1506.31433105
1979-04-30,Lazio,1496.32580566
1979-05-07,Lazio,1491.6114502
1979-05-14,Lazio,1493.50231934
1979-09-17,Lazio,1495.13378906
1979-09-20,Lazio,1513.74206543
1979-09-24,Lazio,1523.09313965
1979-10-01,Lazio,1519.76123047
1979-10-04,Lazio,1514.32775879
1979-10-05,Lazio,1515.48498535
1979-10-08,Lazio,1515.77038574
1979-10-15,Lazio,1518.49047852
1979-10-22,Lazio,1514.67492676
1979-10-25,Lazio,1520.72229004
1979-10-29,Lazio,1523.51855469
1979-11-02,Lazio,1492.7734375
1979-11-05,Lazio,1502.89575195
1979-11-08,Lazio,1506.72131348
1979-11-12,Lazio,1511.89929199
1979-11-26,Lazio,1504.68164062
1979-12-03,Lazio,1498.72973633
1979-12-10,Lazio,1494.89953613
1979-12-17,Lazio,1499.31945801
1979-12-31,Lazio,1507.6973877
1980-01-07,Lazio,1504.49450684
1980-01-14,Lazio,1500.77441406
1980-01-21,Lazio,1504.30761719
1980-01-28,Lazio,1505.24853516
1980-02-04,Lazio,1509.49755859
1980-02-11,Lazio,1498.92346191
1980-02-25,Lazio,1500.91662598
1980-03-03,Lazio,1490.52600098
1980-03-06,Lazio,1492.6184082
1980-03-10,Lazio,1498.80993652
1980-03-20,Lazio,1502.91772461
1980-03-24,Lazio,1491.24658203
1980-03-31,Lazio,1498.09057617
1980-04-06,Lazio,1487.38415527
1980-04-10,Lazio,1492.01330566
1980-04-14,Lazio,1493.99035645
1980-04-24,Lazio,1485.12304688
1980-04-28,Lazio,1483.53137207
1980-05-05,Lazio,1480.24475098
1980-05-12,Lazio,1470.29455566
1980-07-02,Lazio,1470.29455566
1980-09-15,Lazio,1465.06054688
1980-09-18,Lazio,1489.85046387
1980-09-22,Lazio,1489.5838623
1980-09-29,Lazio,1494.46484375
1980-10-02,Lazio,1482.69299316
1980-10-06,Lazio,1483.61706543
1980-10-13,Lazio,1486.02661133
1980-10-20,Lazio,1492.22668457
1980-10-23,Lazio,1500.54052734
1980-10-27,Lazio,1506.5291748
1980-11-03,Lazio,1508.62072754
1980-11-06,Lazio,1512.33898926
1980-11-10,Lazio,1512.31347656
1980-11-17,Lazio,1517.86608887
1980-11-24,Lazio,1511.64172363
1980-11-27,Lazio,1511.60009766
1980-12-01,Lazio,1512.27648926
1980-12-08,Lazio,1511.66748047
1980-12-11,Lazio,1511.47937012
1980-12-15,Lazio,1514.63867188
1980-12-22,Lazio,1515.57495117
1981-01-05,Lazio,1503.91149902
1981-01-12,Lazio,1497.1229248
1981-01-19,Lazio,1497.6270752
1981-01-26,Lazio,1492.31774902
1981-02-09,Lazio,1504.55114746
1981-02-16,Lazio,1507.71459961
1981-02-23,Lazio,1506.16601562
1981-03-02,Lazio,1500.88232422
1981-03-05,Lazio,1497.62634277
1981-03-09,Lazio,1487.39001465
1981-03-16,Lazio,1487.34790039
1981-03-19,Lazio,1498.38720703
1981-03-23,Lazio,1492.23449707
1981-03-30,Lazio,1502.22558594
1981-04-06,Lazio,1507.7154541
1981-04-09,Lazio,1505.32202148
1981-04-13,Lazio,1496.34838867
1981-04-19,Lazio,1495.84680176
1981-04-23,Lazio,1495.41650391
1981-04-27,Lazio,1491.54455566
1981-05-11,Lazio,1495.6932373
1981-05-18,Lazio,1495.39868164
1981-05-25,Lazio,1483.04663086
1981-06-01,Lazio,1488.34228516
1981-06-08,Lazio,1496.25231934
1981-06-15,Lazio,1491.07824707
1981-06-22,Lazio,1490.86877441
1981-09-14,Lazio,1489.07617188
1981-09-17,Lazio,1484.72644043
1981-09-21,Lazio,1470.85168457
1981-09-28,Lazio,1462.57067871
1981-10-01,Lazio,1468.76928711
1981-10-05,Lazio,1474.40466309
1981-10-12,Lazio,1484.77099609
1981-10-19,Lazio,1493.36120605
1981-10-22,Lazio,1480.5534668
1981-10-26,Lazio,1474.86950684
1981-11-02,Lazio,1461.1060791
1981-11-05,Lazio,1450.80053711
1981-11-09,Lazio,1459.66894531
1981-11-16,Lazio,1461.43237305
1981-11-23,Lazio,1464.38708496
1981-11-30,Lazio,1463.14526367
1981-12-07,Lazio,1466.6932373
1981-12-14,Lazio,1461.6661377
1981-12-21,Lazio,1453.82629395
1982-01-04,Lazio,1459.48388672
1982-01-11,Lazio,1458.73449707
1982-01-18,Lazio,1460.15478516
1982-01-25,Lazio,1437.96838379
1982-02-08,Lazio,1432.30957031
1982-02-15,Lazio,1432.68469238
1982-02-22,Lazio,1419.12890625
1982-03-01,Lazio,1428.15710449
1982-03-08,Lazio,1423.79394531
1982-03-15,Lazio,1416.31555176
1982-03-22,Lazio,1423.11181641
1982-03-29,Lazio,1424.16601562
1982-04-05,Lazio,1419.63635254
1982-04-12,Lazio,1417.05114746
1982-04-19,Lazio,1418.2166748
1982-04-26,Lazio,1412.87231445
1982-05-03,Lazio,1420.2487793
1982-05-10,Lazio,1423.54162598
1982-05-17,Lazio,1412.44274902
1982-05-24,Lazio,1406.99841309
1982-05-31,Lazio,1394.07739258
1982-06-07,Lazio,1400.32324219
1982-06-14,Lazio,1394.62658691
1982-09-13,Lazio,1390.49230957
1982-09-16,Lazio,1399.6262207
1982-09-20,Lazio,1402.54077148
1982-09-27,Lazio,1398.15393066
1982-09-30,Lazio,1401.6920166
1982-10-04,Lazio,1411.82373047
1982-10-11,Lazio,1416.86499023
1982-10-18,Lazio,1412.04821777
1982-10-21,Lazio,1412.47216797
1982-10-25,Lazio,1421.9197998
1982-11-01,Lazio,1439.93334961
1982-11-04,Lazio,1447.38415527
1982-11-08,Lazio,1452.86315918
1982-11-15,Lazio,1460.34777832
1982-11-22,Lazio,1471.80224609
1982-11-25,Lazio,1472.27380371
1982-11-29,Lazio,1480.38476562
1982-12-06,Lazio,1486.42712402
1982-12-09,Lazio,1496.63513184
1982-12-13,Lazio,1495.97717285
1982-12-20,Lazio,1494.65991211
1983-01-03,Lazio,1493.59558105
1983-01-10,Lazio,1499.04443359
1983-01-17,Lazio,1499.68859863
1983-01-24,Lazio,1494.5916748
1983-01-31,Lazio,1485.67138672
1983-02-14,Lazio,1482.14477539
1983-02-21,Lazio,1469.44396973
1983-02-28,Lazio,1464.46594238
1983-03-03,Lazio,1462.91711426
1983-03-07,Lazio,1473.09619141
1983-03-14,Lazio,1469.28234863
1983-03-17,Lazio,1471.95324707
1983-03-21,Lazio,1473.78649902
1983-03-28,Lazio,1477.56433105
1983-04-03,Lazio,1478.68432617
1983-04-07,Lazio,1480.28723145
1983-04-11,Lazio,1481.15319824
1983-04-18,Lazio,1475.23815918
1983-04-21,Lazio,1476.43408203
1983-04-25,Lazio,1463.00720215
1983-05-02,Lazio,1456.29614258
1983-05-09,Lazio,1451.078125
1983-05-16,Lazio,1444.57177734
1983-05-23,Lazio,1449.08862305
1983-05-26,Lazio,1446.40783691
1983-05-30,Lazio,1447.65820312
1983-06-06,Lazio,1453.12744141
1983-06-13,Lazio,1454.99255371
1983-07-02,Lazio,1454.99255371
1983-09-13,Lazio,1450.05102539
1983-09-15,Lazio,1455.1348877
1983-09-19,Lazio,1471.39331055
1983-09-26,Lazio,1475.7286377
1983-09-29,Lazio,1491.14147949
1983-10-03,Lazio,1487.2746582
1983-10-10,Lazio,1492.41687012
1983-10-20,Lazio,1490.27575684
1983-10-24,Lazio,1483.33398438
1983-10-31,Lazio,1478.14855957
1983-11-03,Lazio,1489.26464844
1983-11-07,Lazio,1496.34936523
1983-11-21,Lazio,1490.48547363
1983-11-24,Lazio,1490.41333008
1983-11-28,Lazio,1498.3215332
1983-12-05,Lazio,1491.45812988
1983-12-08,Lazio,1484.95898438
1983-12-12,Lazio,1479.50488281
1983-12-19,Lazio,1478.69421387
1984-01-01,Lazio,1474.18847656
1984-01-09,Lazio,1463.80908203
1984-01-16,Lazio,1464.22070312
1984-01-23,Lazio,1471.55981445
1984-01-30,Lazio,1477.56604004
1984-02-13,Lazio,1476.62524414
1984-02-20,Lazio,1484.24206543
1984-02-27,Lazio,1492.24951172
1984-03-08,Lazio,1500.40100098
1984-03-12,Lazio,1499.68847656
1984-03-19,Lazio,1492.43371582
1984-03-22,Lazio,1493.51574707
1984-03-26,Lazio,1501.95483398
1984-04-02,Lazio,1503.49206543
1984-04-12,Lazio,1503.34521484
1984-04-16,Lazio,1501.41723633
1984-04-22,Lazio,1508.81713867
1984-04-26,Lazio,1521.34741211
1984-04-30,Lazio,1516.94580078
1984-05-07,Lazio,1524.29370117
1984-05-14,Lazio,1528.0847168
1984-05-17,Lazio,1531.6739502
1984-05-31,Lazio,1532.57397461
1984-09-17,Lazio,1525.4654541
1984-09-20,Lazio,1526.28942871
1984-09-21,Lazio,1524.50305176
1984-09-24,Lazio,1517.50756836
1984-10-01,Lazio,1518.79443359
1984-10-04,Lazio,1526.50463867
1984-10-08,Lazio,1531.5970459
1984-10-15,Lazio,1529.72521973
1984-10-22,Lazio,1526.95385742
1984-10-25,Lazio,1533.52648926
1984-10-29,Lazio,1537.97229004
1984-11-08,Lazio,1534.94799805
1984-11-12,Lazio,1542.98449707
1984-11-19,Lazio,1538.37719727
1984-11-26,Lazio,1543.83764648
1984-11-29,Lazio,1544.43054199
1984-12-03,Lazio,1550.93908691
1984-12-13,Lazio,1555.53540039
1984-12-17,Lazio,1548.11303711
1984-12-24,Lazio,1544.19824219
1985-01-07,Lazio,1535.94763184
1985-01-21,Lazio,1531.51574707
1985-01-28,Lazio,1514.70166016
1985-01-31,Lazio,1513.64501953
1985-02-11,Lazio,1512.26745605
1985-02-18,Lazio,1510.4152832
1985-02-25,Lazio,1504.57666016
1985-03-04,Lazio,1506.07226562
1985-03-07,Lazio,1507.11950684
1985-03-18,Lazio,1510.14599609
1985-03-21,Lazio,1515.16748047
1985-03-25,Lazio,1517.81030273
1985-04-01,Lazio,1515.56079102
1985-04-11,Lazio,1523.8651123
1985-04-15,Lazio,1519.79699707
1985-04-22,Lazio,1508.63708496
1985-04-25,Lazio,1496.37548828
1985-04-29,Lazio,1494.98864746
1985-05-06,Lazio,1485.87866211
1985-05-13,Lazio,1483.11096191
1985-05-20,Lazio,1488.26977539
1985-05-30,Lazio,1493.78588867
1985-07-02,Lazio,1493.78588867
1985-09-09,Lazio,1497.76428223
1985-09-16,Lazio,1491.4230957
1985-09-19,Lazio,1490.07763672
1985-09-23,Lazio,1496.12182617
1985-09-30,Lazio,1501.45031738
1985-10-03,Lazio,1516.36938477
1985-10-07,Lazio,1519.46643066
1985-10-14,Lazio,1525.19677734
1985-10-21,Lazio,1516.46826172
1985-10-24,Lazio,1509.32336426
1985-10-28,Lazio,1515.47998047
1985-11-04,Lazio,1508.88891602
1985-11-07,Lazio,1506.27331543
1985-11-11,Lazio,1505.47045898
1985-11-18,Lazio,1497.69287109
1985-11-25,Lazio,1499.92224121
1985-11-28,Lazio,1499.40344238
1985-12-02,Lazio,1496.58459473
1985-12-09,Lazio,1500.78649902
1985-12-12,Lazio,1496.49035645
1985-12-16,Lazio,1500.63232422
1985-12-23,Lazio,1495.44970703
1986-01-06,Lazio,1487.4095459
1986-01-13,Lazio,1491.21252441
1986-01-20,Lazio,1483.82434082
1986-01-27,Lazio,1486.53369141
1986-02-03,Lazio,1481.99365234
1986-02-10,Lazio,1485.50622559
1986-02-17,Lazio,1479.11437988
1986-02-24,Lazio,1483.85656738
1986-03-03,Lazio,1488.22143555
1986-03-06,Lazio,1493.04760742
1986-03-10,Lazio,1482.15136719
1986-03-17,Lazio,1473.85852051
1986-03-20,Lazio,1471.08898926
1986-03-30,Lazio,1475.0144043
1986-04-03,Lazio,1479.17321777
1986-04-07,Lazio,1476.48144531
1986-04-14,Lazio,1473.35595703
1986-04-17,Lazio,1465.29016113
1986-04-28,Lazio,1451.6652832
1986-05-05,Lazio,1456.90539551
1986-05-12,Lazio,1453.66491699
1986-05-19,Lazio,1446.12353516
1986-05-26,Lazio,1443.29467773
1986-06-02,Lazio,1440.6472168
1986-06-09,Lazio,1451.34008789
1986-06-16,Lazio,1460.42346191
1986-09-15,Lazio,1462.85925293
1986-09-18,Lazio,1476.85791016
1986-09-22,Lazio,1464.41748047
1986-09-29,Lazio,1467.69689941
1986-10-02,Lazio,1457.52307129
1986-10-03,Lazio,1454.40234375
1986-10-06,Lazio,1460.34631348
1986-10-13,Lazio,1465.07250977
1986-10-20,Lazio,1461.06689453
1986-10-23,Lazio,1463.25292969
1986-10-27,Lazio,1473.85827637
1986-11-03,Lazio,1486.09448242
1986-11-06,Lazio,1490.00976562
1986-11-10,Lazio,1492.31335449
1986-11-17,Lazio,1498.67224121
1986-11-24,Lazio,1502.00585938
1986-11-27,Lazio,1504.26721191
1986-12-01,Lazio,1497.9309082
1986-12-08,Lazio,1495.79309082
1986-12-11,Lazio,1503.10437012
1986-12-12,Lazio,1502.60998535
1986-12-15,Lazio,1505.61206055
1986-12-22,Lazio,1516.04553223
1987-01-05,Lazio,1525.85424805
1987-01-12,Lazio,1518.44042969
1987-01-19,Lazio,1524.04431152
1987-01-26,Lazio,1527.23608398
1987-02-09,Lazio,1521.92944336
1987-02-16,Lazio,1513.63305664
1987-03-02,Lazio,1522.29150391
1987-03-05,Lazio,1520.4967041
1987-03-09,Lazio,1515.328125
1987-03-16,Lazio,1521.9901123
1987-03-19,Lazio,1511.36096191
1987-03-23,Lazio,1504.58154297
1987-03-30,Lazio,1508.19116211
1987-04-06,Lazio,1512.31066895
1987-04-13,Lazio,1517.24841309
1987-04-20,Lazio,1518.88439941
1987-04-27,Lazio,1519.96789551
1987-05-04,Lazio,1514.26513672
1987-05-11,Lazio,1509.63232422
1987-05-18,Lazio,1496.02734375
1987-05-25,Lazio,1499.45288086
1987-06-01,Lazio,1492.79345703
1987-06-08,Lazio,1489.24328613
1987-06-15,Lazio,1482.43591309
1987-06-22,Lazio,1486.66748047
1987-09-14,Lazio,1492.91320801
1987-09-17,Lazio,1489.52099609
1987-09-21,Lazio,1483.38342285
1987-09-28,Lazio,1479.56225586
1987-10-01,Lazio,1495.01623535
1987-10-05,Lazio,1496.60583496
1987-10-12,Lazio,1502.22631836
1987-10-19,Lazio,1497.50683594
1987-10-22,Lazio,1481.70788574
1987-10-26,Lazio,1484.29956055
1987-11-02,Lazio,1478.5390625
1987-11-04,Lazio,1483.24365234
1987-11-05,Lazio,1483.46484375
1987-11-09,Lazio,1491.43225098
1987-11-16,Lazio,1478.43579102
1987-11-23,Lazio,1487.6932373
1987-11-26,Lazio,1485.15576172
1987-11-30,Lazio,1492.57666016
1987-12-07,Lazio,1496.08410645
1987-12-10,Lazio,1495.69104004
1987-12-14,Lazio,1491.04064941
1987-12-21,Lazio,1495.34008789
1988-01-04,Lazio,1491.98205566
1988-01-11,Lazio,1496.57849121
1988-01-18,Lazio,1491.99938965
1988-01-25,Lazio,1494.03063965
1988-02-08,Lazio,1504.65258789
1988-02-15,Lazio,1510.40209961
1988-02-22,Lazio,1504.1171875
1988-03-02,Lazio,1508.38720703
1988-03-03,Lazio,1504.93017578
1988-03-07,Lazio,1510.26757812
1988-03-14,Lazio,1514.18334961
1988-03-16,Lazio,1517.58032227
1988-03-17,Lazio,1518.1517334
1988-03-21,Lazio,1508.22229004
1988-03-28,Lazio,1514.78625488
1988-04-03,Lazio,1511.35852051
1988-04-07,Lazio,1511.64404297
1988-04-11,Lazio,1517.94677734
1988-04-18,Lazio,1526.9765625
1988-04-21,Lazio,1521.74975586
1988-04-25,Lazio,1526.18859863
1988-05-02,Lazio,1519.82971191
1988-05-09,Lazio,1523.59411621
1988-05-16,Lazio,1526.5390625
1988-05-23,Lazio,1533.62207031
1988-05-30,Lazio,1536.7791748
1988-06-06,Lazio,1543.47216797
1988-06-13,Lazio,1545.41040039
1988-06-20,Lazio,1549.41687012
1988-07-04,Lazio,1549.41687012
1988-09-08,Lazio,1541.82397461
1988-10-06,Lazio,1545.2545166
1988-10-07,Lazio,1549.17834473
1988-10-10,Lazio,1552.59362793
1988-10-12,Lazio,1566.70092773
1988-10-17,Lazio,1565.98730469
1988-10-24,Lazio,1573.97351074
1988-10-27,Lazio,1578.77319336
1988-10-31,Lazio,1576.05053711
1988-11-07,Lazio,1583.46313477
1988-11-10,Lazio,1591.09887695
1988-11-11,Lazio,1591.68701172
1988-11-21,Lazio,1601.16967773
1988-11-24,Lazio,1614.85913086
1988-11-26,Lazio,1614.85913086
1988-11-27,Lazio,1614.85913086
1988-11-28,Lazio,1617.64770508
1988-12-04,Lazio,1617.64770508
1988-12-05,Lazio,1607.13928223
1988-12-08,Lazio,1584.63024902
1988-12-12,Lazio,1579.00817871
1988-12-19,Lazio,1575.54211426
1989-01-01,Lazio,1578.43969727
1989-01-09,Lazio,1571.17797852
1989-01-16,Lazio,1580.38439941
1989-01-23,Lazio,1578.47277832
1989-01-30,Lazio,1580.8347168
1989-02-06,Lazio,1578.51037598
1989-02-13,Lazio,1574.98205566
1989-02-20,Lazio,1571.59094238
1989-02-27,Lazio,1567.28552246
1989-03-02,Lazio,1572.64428711
1989-03-06,Lazio,1576.01184082
1989-03-13,Lazio,1570.78527832
1989-03-16,Lazio,1574.38024902
1989-03-20,Lazio,1578.5357666
1989-04-03,Lazio,1583.45227051
1989-04-06,Lazio,1591.19067383
1989-04-10,Lazio,1588.49450684
1989-04-17,Lazio,1582.703125
1989-04-20,Lazio,1607.0625
1989-04-23,Lazio,1607.0625
1989-04-24,Lazio,1607.0625
1989-05-01,Lazio,1604.59680176
1989-05-02,Lazio,1604.59680176
1989-05-04,Lazio,1603.66955566
1989-05-07,Lazio,1603.66955566
1989-05-08,Lazio,1607.55627441
1989-05-10,Lazio,1607.55627441
1989-05-11,Lazio,1602.68334961
1989-05-13,Lazio,1602.68334961
1989-05-14,Lazio,1602.68334961
1989-05-15,Lazio,1607.65588379
1989-05-18,Lazio,1611.078125
1989-05-20,Lazio,1611.078125
1989-05-21,Lazio,1611.078125
1989-05-22,Lazio,1618.76245117
1989-05-25,Lazio,1626.2590332
1989-05-26,Lazio,1626.2590332
1989-05-29,Lazio,1631.53039551
1989-06-05,Lazio,1625.20556641
1989-06-12,Lazio,1622.00476074
1989-06-18,Lazio,1622.00476074
1989-06-19,Lazio,1631.51147461
1989-06-25,Lazio,1631.51147461
1989-06-26,Lazio,1635.75671387
1989-07-26,Lazio,1635.75671387
1989-07-30,Lazio,1635.75671387
1989-08-05,Lazio,1635.75671387
1989-08-20,Lazio,1635.75671387
1989-08-27,Lazio,1635.75671387
1989-08-28,Lazio,1624.98181152
1989-08-31,Lazio,1624.98181152
1989-09-02,Lazio,1624.98181152
1989-09-04,Lazio,1641.73510742
1989-09-07,Lazio,1636.73132324
1989-09-10,Lazio,1636.73132324
1989-09-11,Lazio,1632.5246582
1989-09-13,Lazio,1633.7208252
1989-09-14,Lazio,1630.31994629
1989-09-15,Lazio,1630.53198242
1989-09-18,Lazio,1641.29101562
1989-09-24,Lazio,1641.29101562
1989-09-25,Lazio,1644.42431641
1989-09-27,Lazio,1644.421875
1989-09-28,Lazio,1629.41418457
1989-10-02,Lazio,1630.90441895
1989-10-04,Lazio,1630.90441895
1989-10-09,Lazio,1633.65161133
1989-10-15,Lazio,1633.65161133
1989-10-16,Lazio,1633.65161133
1989-10-18,Lazio,1636.15209961
1989-10-19,Lazio,1639.29504395
1989-10-23,Lazio,1649.09558105
1989-10-30,Lazio,1645.67333984
1989-11-01,Lazio,1645.67333984
1989-11-02,Lazio,1655.58874512
1989-11-05,Lazio,1655.58874512
1989-11-06,Lazio,1644.74377441
1989-11-12,Lazio,1644.74377441
1989-11-19,Lazio,1644.74377441
1989-11-20,Lazio,1650.09313965
1989-11-23,Lazio,1643.0369873
1989-11-27,Lazio,1638.73461914
1989-11-30,Lazio,1638.73461914
1989-12-02,Lazio,1638.73461914
1989-12-03,Lazio,1638.73461914
1989-12-04,Lazio,1635.09155273
1989-12-07,Lazio,1634.55053711
1989-12-10,Lazio,1634.55053711
1989-12-11,Lazio,1637.24951172
1989-12-17,Lazio,1637.24951172
1989-12-18,Lazio,1651.32006836
1989-12-30,Lazio,1651.32006836
1989-12-31,Lazio,1668.76306152
1990-01-08,Lazio,1664.5411377
1990-01-15,Lazio,1657.23864746
1990-01-18,Lazio,1649.60229492
1990-01-22,Lazio,1647.53027344
1990-01-28,Lazio,1647.53027344
1990-01-29,Lazio,1650.22180176
1990-02-01,Lazio,1650.22180176
1990-02-04,Lazio,1650.22180176
1990-02-05,Lazio,1645.61328125
1990-02-11,Lazio,1645.61328125
1990-02-12,Lazio,1643.11877441
1990-02-19,Lazio,1653.1784668
1990-02-20,Lazio,1653.1784668
1990-02-25,Lazio,1653.1784668
1990-02-26,Lazio,1656.44152832
1990-03-04,Lazio,1656.44152832
1990-03-05,Lazio,1666.58312988
1990-03-08,Lazio,1674.48364258
1990-03-11,Lazio,1674.48364258
1990-03-12,Lazio,1664.70251465
1990-03-18,Lazio,1664.70251465
1990-03-19,Lazio,1654.84960938
1990-03-22,Lazio,1659.21948242
1990-03-23,Lazio,1659.93945312
1990-03-26,Lazio,1662.37890625
1990-04-04,Lazio,1667.92150879
1990-04-05,Lazio,1668.40161133
1990-04-06,Lazio,1668.40161133
1990-04-08,Lazio,1668.40161133
1990-04-09,Lazio,1671.57678223
1990-04-15,Lazio,1679.31872559
1990-04-17,Lazio,1679.31872559
1990-04-18,Lazio,1680.5715332
1990-04-19,Lazio,1689.21691895
1990-04-22,Lazio,1689.21691895
1990-04-23,Lazio,1684.12939453
1990-04-26,Lazio,1684.12939453
1990-04-28,Lazio,1684.12939453
1990-04-29,Lazio,1684.12939453
1990-04-30,Lazio,1681.90478516
1990-05-06,Lazio,1681.90478516
1990-05-07,Lazio,1681.90478516
1990-05-10,Lazio,1686.41870117
1990-05-13,Lazio,1686.41870117
1990-05-21,Lazio,1686.41870117
1990-05-24,Lazio,1688.27770996
1990-07-13,Lazio,1688.27770996
1990-07-17,Lazio,1688.27770996
1990-09-09,Lazio,1688.27770996
1990-09-10,Lazio,1691.79504395
1990-09-11,Lazio,1691.79504395
1990-09-16,Lazio,1691.79504395
1990-09-17,Lazio,1687.1484375
1990-09-20,Lazio,1685.56872559
1990-09-23,Lazio,1685.56872559
1990-09-24,Lazio,1679.23413086
1990-09-29,Lazio,1679.23413086
1990-09-30,Lazio,1679.23413086
1990-10-01,Lazio,1683.70532227
1990-10-04,Lazio,1699.5345459
1990-10-08,Lazio,1707.28356934
1990-10-21,Lazio,1707.28356934
1990-10-22,Lazio,1714.17077637
1990-10-25,Lazio,1705.84887695
1990-10-29,Lazio,1701.97875977
1990-11-08,Lazio,1720.88562012
1990-11-11,Lazio,1720.88562012
1990-11-12,Lazio,1729.36315918
1990-11-19,Lazio,1726.52441406
1990-11-25,Lazio,1726.52441406
1990-11-26,Lazio,1728.76525879
1990-11-29,Lazio,1728.62658691
1990-12-03,Lazio,1727.90075684
1990-12-09,Lazio,1727.90075684
1990-12-10,Lazio,1724.25378418
1990-12-12,Lazio,1724.25378418
1990-12-13,Lazio,1731.79602051
1990-12-17,Lazio,1728.7467041
1990-12-27,Lazio,1728.7467041
1990-12-30,Lazio,1728.7467041
1990-12-31,Lazio,1724.79125977
1991-01-07,Lazio,1728.72692871
1991-01-13,Lazio,1728.72692871
1991-01-14,Lazio,1730.95739746
1991-01-20,Lazio,1730.95739746
1991-01-21,Lazio,1737.56164551
1991-01-27,Lazio,1737.56164551
1991-01-28,Lazio,1743.80847168
1991-02-03,Lazio,1743.80847168
1991-02-04,Lazio,1746.86962891
1991-02-11,Lazio,1753.48095703
1991-02-17,Lazio,1753.48095703
1991-02-18,Lazio,1750.63586426
1991-02-24,Lazio,1750.63586426
1991-02-25,Lazio,1760.66638184
1991-03-03,Lazio,1760.66638184
1991-03-04,Lazio,1769.03881836
1991-03-07,Lazio,1767.58129883
1991-03-10,Lazio,1767.58129883
1991-03-11,Lazio,1769.55383301
1991-03-18,Lazio,1763.52050781
1991-03-20,Lazio,1763.52050781
1991-03-21,Lazio,1750.05773926
1991-03-24,Lazio,1750.05773926
1991-03-25,Lazio,1740.40856934
1991-03-31,Lazio,1734.97119141
1991-04-02,Lazio,1734.97119141
1991-04-04,Lazio,1734.97119141
1991-04-07,Lazio,1740.27111816
1991-04-08,Lazio,1740.27111816
1991-04-11,Lazio,1738.44726562
1991-04-14,Lazio,1738.44726562
1991-04-15,Lazio,1731.36608887
1991-04-20,Lazio,1731.36608887
1991-04-21,Lazio,1731.36608887
1991-04-22,Lazio,1719.02832031
1991-04-24,Lazio,1719.02832031
1991-04-25,Lazio,1720.01916504
1991-05-05,Lazio,1720.01916504
1991-05-06,Lazio,1729.40979004
1991-05-10,Lazio,1729.40979004
1991-05-11,Lazio,1729.40979004
1991-05-13,Lazio,1735.0880127
1991-05-16,Lazio,1735.0880127
1991-05-18,Lazio,1735.0880127
1991-05-19,Lazio,1731.47546387
1991-05-27,Lazio,1733.36975098
1991-06-02,Lazio,1733.36975098
1991-06-10,Lazio,1733.36975098
1991-06-16,Lazio,1733.36975098
1991-07-21,Lazio,1733.36975098
1991-08-04,Lazio,1733.36975098
1991-08-14,Lazio,1733.36975098
1991-08-22,Lazio,1733.36975098
1991-09-01,Lazio,1733.36975098
1991-09-02,Lazio,1730.20031738
1991-09-09,Lazio,1742.44152832
1991-09-15,Lazio,1742.44152832
1991-09-16,Lazio,1739.51745605
1991-09-19,Lazio,1741.00048828
1991-09-20,Lazio,1739.65368652
1991-09-22,Lazio,1739.65368652
1991-09-23,Lazio,1753.58569336
1991-09-27,Lazio,1753.58569336
1991-09-28,Lazio,1753.58569336
1991-09-29,Lazio,1753.58569336
1991-09-30,Lazio,1746.15686035
1991-10-02,Lazio,1745.09301758
1991-10-03,Lazio,1729.65881348
1991-10-04,Lazio,1733.71142578
1991-10-06,Lazio,1733.71142578
1991-10-07,Lazio,1738.80480957
1991-10-13,Lazio,1738.80480957
1991-10-20,Lazio,1738.80480957
1991-10-21,Lazio,1736.89038086
1991-10-24,Lazio,1737.4934082
1991-10-25,Lazio,1738.61645508
1991-10-27,Lazio,1738.61645508
1991-10-28,Lazio,1750.5045166
1991-11-03,Lazio,1750.5045166
1991-11-04,Lazio,1749.60986328
1991-11-06,Lazio,1749.60986328
1991-11-07,Lazio,1752.86560059
1991-11-08,Lazio,1752.86560059
1991-11-18,Lazio,1761.15307617
1991-11-25,Lazio,1763.55895996
1991-11-28,Lazio,1768.6907959
1991-11-30,Lazio,1768.6907959
1991-12-02,Lazio,1767.93640137
1991-12-08,Lazio,1767.93640137
1991-12-09,Lazio,1753.68518066
1991-12-12,Lazio,1753.67163086
1991-12-15,Lazio,1753.67163086
1991-12-16,Lazio,1756.23278809
1991-12-22,Lazio,1756.23278809
1991-12-27,Lazio,1756.23278809
1991-12-29,Lazio,1756.23278809
1992-01-02,Lazio,1756.23278809
1992-01-06,Lazio,1763.34301758
1992-01-13,Lazio,1759.96520996
1992-01-20,Lazio,1763.38793945
1992-01-25,Lazio,1763.38793945
1992-01-27,Lazio,1757.60510254
1992-02-02,Lazio,1757.60510254
1992-02-03,Lazio,1764.05993652
1992-02-10,Lazio,1758.86083984
1992-02-17,Lazio,1751.82653809
1992-02-24,Lazio,1748.02624512
1992-02-29,Lazio,1748.02624512
1992-03-01,Lazio,1748.02624512
1992-03-02,Lazio,1745.68286133
1992-03-05,Lazio,1746.93591309
1992-03-08,Lazio,1746.93591309
1992-03-09,Lazio,1742.54882812
1992-03-15,Lazio,1742.54882812
1992-03-16,Lazio,1747.31030273
1992-03-19,Lazio,1749.52954102
1992-03-20,Lazio,1749.70373535
1992-03-30,Lazio,1755.71459961
1992-04-02,Lazio,1756.20422363
1992-04-06,Lazio,1761.33532715
1992-04-12,Lazio,1761.33532715
1992-04-13,Lazio,1757.70983887
1992-04-16,Lazio,1759.93615723
1992-04-19,Lazio,1754.10754395
1992-04-21,Lazio,1754.10754395
1992-04-26,Lazio,1754.10754395
1992-04-27,Lazio,1757.0760498
1992-04-30,Lazio,1754.01330566
1992-05-03,Lazio,1754.01330566
1992-05-04,Lazio,1751.55981445
1992-05-10,Lazio,1751.55981445
1992-05-11,Lazio,1745.85327148
1992-05-14,Lazio,1745.51428223
1992-05-18,Lazio,1737.61047363
1992-05-21,Lazio,1733.89404297
1992-05-24,Lazio,1733.89404297
1992-05-25,Lazio,1744.32775879
1992-06-04,Lazio,1744.32775879
1992-08-17,Lazio,1744.32775879
1992-08-20,Lazio,1744.32775879
1992-08-23,Lazio,1744.32775879
1992-08-25,Lazio,1744.32775879
1992-08-26,Lazio,1744.32775879
1992-08-30,Lazio,1744.32775879
1992-09-02,Lazio,1744.32775879
1992-09-06,Lazio,1744.32775879
1992-09-07,Lazio,1749.69494629
1992-09-12,Lazio,1749.69494629
1992-09-13,Lazio,1749.69494629
1992-09-14,Lazio,1746.75805664
1992-09-17,Lazio,1753.18676758
1992-09-19,Lazio,1753.18676758
1992-09-20,Lazio,1753.18676758
1992-09-21,Lazio,1754.98449707
1992-09-26,Lazio,1754.98449707
1992-09-28,Lazio,1751.56103516
1992-09-30,Lazio,1751.56848145
1992-10-01,Lazio,1752.64099121
1992-10-02,Lazio,1753.08398438
1992-10-03,Lazio,1753.08398438
1992-10-04,Lazio,1753.08398438
1992-10-05,Lazio,1763.40319824
1992-10-10,Lazio,1763.40319824
1992-10-19,Lazio,1761.29785156
1992-10-21,Lazio,1762.50939941
1992-10-22,Lazio,1753.29406738
1992-10-23,Lazio,1747.1171875
1992-10-25,Lazio,1747.1171875
1992-10-26,Lazio,1756.57592773
1992-11-02,Lazio,1756.16540527
1992-11-04,Lazio,1756.09179688
1992-11-05,Lazio,1760.85656738
1992-11-06,Lazio,1758.29040527
1992-11-09,Lazio,1749.56604004
1992-11-23,Lazio,1743.04846191
1992-11-26,Lazio,1745.40856934
1992-11-30,Lazio,1743.75146484
1992-12-06,Lazio,1743.75146484
1992-12-07,Lazio,1750.79699707
1992-12-09,Lazio,1750.79699707
1992-12-10,Lazio,1754.02844238
1992-12-11,Lazio,1755.24804688
1992-12-14,Lazio,1764.87145996
1993-01-04,Lazio,1777.32165527
1993-01-11,Lazio,1781.96936035
1993-01-18,Lazio,1775.00317383
1993-01-25,Lazio,1774.03308105
1993-02-01,Lazio,1780.41894531
1993-02-08,Lazio,1794.65332031
1993-02-15,Lazio,1781.89233398
1993-03-01,Lazio,1790.62475586
1993-03-03,Lazio,1791.28686523
1993-03-04,Lazio,1794.94250488
1993-03-05,Lazio,1793.81994629
1993-03-08,Lazio,1787.99157715
1993-03-15,Lazio,1791.78857422
1993-03-17,Lazio,1796.79467773
1993-03-18,Lazio,1801.60522461
1993-03-19,Lazio,1795.50537109
1993-03-22,Lazio,1798.58605957
1993-03-29,Lazio,1804.70996094
1993-04-05,Lazio,1808.43383789
1993-04-07,Lazio,1811.56176758
1993-04-08,Lazio,1812.53039551
1993-04-11,Lazio,1807.32788086
1993-04-19,Lazio,1810.60168457
1993-04-22,Lazio,1811.09936523
1993-04-23,Lazio,1813.32312012
1993-04-26,Lazio,1814.90600586
1993-05-06,Lazio,1818.70043945
1993-05-10,Lazio,1813.30517578
1993-05-13,Lazio,1815.32043457
1993-05-17,Lazio,1819.97106934
1993-05-20,Lazio,1820.44421387
1993-05-24,Lazio,1808.25891113
1993-05-27,Lazio,1803.56726074
1993-05-31,Lazio,1808.70996094
1993-06-07,Lazio,1801.81591797
1993-06-21,Lazio,1801.81591797
1993-08-16,Lazio,1801.81591797
1993-08-30,Lazio,1797.39306641
1993-09-06,Lazio,1796.43395996
1993-09-09,Lazio,1803.79626465
1993-09-13,Lazio,1795.86938477
1993-09-15,Lazio,1795.95666504
1993-09-16,Lazio,1796.8963623
1993-09-17,Lazio,1795.74230957
1993-09-20,Lazio,1795.05358887
1993-09-25,Lazio,1795.05358887
1993-09-26,Lazio,1795.05358887
1993-09-27,Lazio,1785.40625
1993-09-29,Lazio,1785.47766113
1993-09-30,Lazio,1788.82458496
1993-10-04,Lazio,1795.94934082
1993-10-18,Lazio,1798.71289062
1993-10-21,Lazio,1798.55114746
1993-10-25,Lazio,1801.21264648
1993-11-01,Lazio,1804.74377441
1993-11-03,Lazio,1804.79455566
1993-11-04,Lazio,1802.38635254
1993-11-05,Lazio,1774.10656738
1993-11-08,Lazio,1785.19274902
1993-11-21,Lazio,1785.19274902
1993-11-22,Lazio,1774.80065918
1993-11-25,Lazio,1778.48950195
1993-11-26,Lazio,1781.02819824
1993-11-29,Lazio,1790.42114258
1993-12-02,Lazio,1791.76782227
1993-12-06,Lazio,1792.70251465
1993-12-09,Lazio,1793.45532227
1993-12-13,Lazio,1804.27124023
1993-12-17,Lazio,1804.27124023
1993-12-19,Lazio,1804.27124023
1993-12-20,Lazio,1809.97937012
1994-01-03,Lazio,1807.9909668
1994-01-10,Lazio,1797.1628418
1994-01-17,Lazio,1801.58764648
1994-01-24,Lazio,1795.40551758
1994-01-31,Lazio,1800.53625488
1994-02-03,Lazio,1800.53625488
1994-02-07,Lazio,1813.13476562
1994-02-14,Lazio,1822.11437988
1994-02-21,Lazio,1815.32214355
1994-02-28,Lazio,1822.8717041
1994-03-02,Lazio,1826.33178711
1994-03-03,Lazio,1825.18896484
1994-03-04,Lazio,1826.23022461
1994-03-07,Lazio,1830.3359375
1994-03-14,Lazio,1830.25427246
1994-03-16,Lazio,1826.87036133
1994-03-17,Lazio,1828.61169434
1994-03-18,Lazio,1827.27258301
1994-03-21,Lazio,1834.78112793
1994-03-28,Lazio,1836.64245605
1994-03-30,Lazio,1835.84448242
1994-03-31,Lazio,1832.79394531
1994-04-05,Lazio,1833.78540039
1994-04-11,Lazio,1837.06311035
1994-04-14,Lazio,1840.00500488
1994-04-17,Lazio,1840.00500488
1994-04-18,Lazio,1830.77368164
1994-04-25,Lazio,1832.98535156
1994-04-27,Lazio,1835.60241699
1994-04-28,Lazio,1836.44885254
1994-05-02,Lazio,1848.18054199
1994-05-05,Lazio,1844.4453125
1994-05-12,Lazio,1845.08520508
1994-05-19,Lazio,1849.58850098
1994-09-05,Lazio,1855.21069336
1994-09-12,Lazio,1861.06201172
1994-09-14,Lazio,1857.95202637
1994-09-15,Lazio,1852.31103516
1994-09-16,Lazio,1852.37658691
1994-09-19,Lazio,1848.84277344
1994-09-26,Lazio,1845.80200195
1994-09-28,Lazio,1850.40722656
1994-09-29,Lazio,1851.11682129
1994-09-30,Lazio,1848.42053223
1994-10-03,Lazio,1848.1875
1994-10-16,Lazio,1855.83056641
1994-10-19,Lazio,1856.93481445
1994-10-20,Lazio,1855.68432617
1994-10-21,Lazio,1856.49279785
1994-10-24,Lazio,1864.52868652
1994-10-31,Lazio,1867.16308594
1994-11-02,Lazio,1869.06213379
1994-11-03,Lazio,1869.48669434
1994-11-04,Lazio,1869.40332031
1994-11-07,Lazio,1867.16784668
1994-11-21,Lazio,1870.43432617
1994-11-23,Lazio,1870.38024902
1994-11-24,Lazio,1862.8449707
1994-11-25,Lazio,1862.45385742
1994-11-28,Lazio,1842.02380371
1994-12-03,Lazio,1836.32763672
1994-12-05,Lazio,1837.32788086
1994-12-07,Lazio,1840.78381348
1994-12-08,Lazio,1843.66101074
1994-12-11,Lazio,1843.66101074
1994-12-12,Lazio,1834.95483398
1994-12-18,Lazio,1834.95483398
1994-12-19,Lazio,1848.85583496
1995-01-09,Lazio,1841.57397461
1995-01-15,Lazio,1841.57397461
1995-01-16,Lazio,1850.84521484
1995-01-23,Lazio,1855.93005371
1995-01-30,Lazio,1835.51306152
1995-02-13,Lazio,1825.02001953
1995-02-20,Lazio,1839.484375
1995-02-27,Lazio,1832.82421875
1995-03-02,Lazio,1835.57849121
1995-03-03,Lazio,1834.83837891
1995-03-06,Lazio,1843.85803223
1995-03-12,Lazio,1843.85803223
1995-03-13,Lazio,1836.61010742
1995-03-15,Lazio,1837.29675293
1995-03-16,Lazio,1838.3359375
1995-03-17,Lazio,1827.93432617
1995-03-20,Lazio,1834.98522949
1995-03-23,Lazio,1834.98522949
1995-04-03,Lazio,1834.90026855
1995-04-05,Lazio,1834.15930176
1995-04-06,Lazio,1836.78723145
1995-04-07,Lazio,1836.06774902
1995-04-10,Lazio,1839.24865723
1995-04-15,Lazio,1825.35473633
1995-04-19,Lazio,1832.91003418
1995-04-20,Lazio,1834.24707031
1995-04-21,Lazio,1832.90197754
1995-04-24,Lazio,1849.01171875
1995-05-01,Lazio,1844.74719238
1995-05-08,Lazio,1867.55395508
1995-05-15,Lazio,1875.64111328
1995-05-22,Lazio,1880.09350586
1995-05-25,Lazio,1876.42785645
1995-05-29,Lazio,1882.77905273
1995-06-05,Lazio,1883.72521973
1995-08-28,Lazio,1887.40344238
1995-09-11,Lazio,1895.24450684
1995-09-13,Lazio,1895.61071777
1995-09-14,Lazio,1899.7902832
1995-09-15,Lazio,1899.80615234
1995-09-18,Lazio,1897.61914062
1995-09-25,Lazio,1891.29040527
1995-09-27,Lazio,1882.92553711
1995-09-28,Lazio,1883.70129395
1995-09-29,Lazio,1883.70458984
1995-10-02,Lazio,1885.8347168
1995-10-16,Lazio,1888.17785645
1995-10-18,Lazio,1884.81335449
1995-10-19,Lazio,1885.22192383
1995-10-20,Lazio,1878.71228027
1995-10-23,Lazio,1879.32531738
1995-10-30,Lazio,1892.26269531
1995-11-01,Lazio,1847.7869873
1995-11-02,Lazio,1850.11938477
1995-11-03,Lazio,1856.79675293
1995-11-06,Lazio,1846.74523926
1995-11-20,Lazio,1849.34985352
1995-11-22,Lazio,1847.91906738
1995-11-23,Lazio,1843.14196777
1995-11-24,Lazio,1844.51696777
1995-11-27,Lazio,1835.44250488
1995-12-04,Lazio,1826.87280273
1995-12-06,Lazio,1829.328125
1995-12-07,Lazio,1828.01477051
1995-12-08,Lazio,1828.30273438
1995-12-10,Lazio,1828.30273438
1995-12-11,Lazio,1824.33898926
1995-12-18,Lazio,1833.25805664
1995-12-24,Lazio,1839.14135742
1995-12-31,Lazio,1839.14135742
1996-01-08,Lazio,1832.64746094
1996-01-15,Lazio,1827.05065918
1996-01-22,Lazio,1817.94677734
1996-01-29,Lazio,1825.48815918
1996-02-05,Lazio,1827.9276123
1996-02-12,Lazio,1828.67773438
1996-02-19,Lazio,1834.11523438
1996-02-26,Lazio,1843.87463379
1996-03-04,Lazio,1832.01501465
1996-03-06,Lazio,1826.38330078
1996-03-08,Lazio,1827.38525391
1996-03-11,Lazio,1822.15112305
1996-03-20,Lazio,1812.92785645
1996-03-21,Lazio,1816.5065918
1996-03-22,Lazio,1810.25830078
1996-03-24,Lazio,1810.25830078
1996-03-25,Lazio,1802.26074219
1996-03-31,Lazio,1802.26074219
1996-04-01,Lazio,1808.31359863
1996-04-02,Lazio,1808.31359863
1996-04-04,Lazio,1810.06152344
1996-04-05,Lazio,1810.06152344
1996-04-07,Lazio,1815.81445312
1996-04-11,Lazio,1825.48168945
1996-04-14,Lazio,1825.48168945
1996-04-15,Lazio,1830.93469238
1996-04-18,Lazio,1831.0769043
1996-04-21,Lazio,1831.0769043
1996-04-22,Lazio,1834.51049805
1996-04-29,Lazio,1844.48376465
1996-05-06,Lazio,1847.22583008
1996-05-13,Lazio,1856.96362305
1996-05-23,Lazio,1857.09924316
1996-09-09,Lazio,1846.18127441
1996-09-11,Lazio,1859.62646484
1996-09-12,Lazio,1855.32788086
1996-09-13,Lazio,1855.19519043
1996-09-16,Lazio,1840.65930176
1996-09-23,Lazio,1843.90844727
1996-09-25,Lazio,1834.7277832
1996-09-26,Lazio,1838.96228027
1996-09-27,Lazio,1839.2298584
1996-09-30,Lazio,1843.72363281
1996-10-06,Lazio,1843.72363281
1996-10-14,Lazio,1845.31689453
1996-10-16,Lazio,1839.25756836
1996-10-17,Lazio,1834.32409668
1996-10-18,Lazio,1834.15783691
1996-10-21,Lazio,1836.70385742
1996-10-27,Lazio,1836.70385742
1996-10-28,Lazio,1827.07373047
1996-10-30,Lazio,1798.32287598
1996-10-31,Lazio,1801.10766602
1996-11-01,Lazio,1803.01013184
1996-11-04,Lazio,1784.8326416
1996-11-18,Lazio,1796.1607666
1996-11-20,Lazio,1798.69567871
1996-11-21,Lazio,1800.18115234
1996-11-24,Lazio,1800.18115234
1996-11-25,Lazio,1797.15307617
1996-11-29,Lazio,1800.03796387
1996-11-30,Lazio,1800.03796387
1996-12-02,Lazio,1807.6619873
1996-12-04,Lazio,1808.34338379
1996-12-05,Lazio,1803.16516113
1996-12-09,Lazio,1799.75134277
1996-12-16,Lazio,1805.98999023
1996-12-23,Lazio,1798.99902344
1997-01-06,Lazio,1809.15612793
1997-01-13,Lazio,1805.88110352
1997-01-19,Lazio,1805.88110352
1997-01-20,Lazio,1793.60998535
1997-01-27,Lazio,1779.54516602
1997-02-03,Lazio,1788.19299316
1997-02-17,Lazio,1784.86193848
1997-02-23,Lazio,1784.86193848
1997-02-24,Lazio,1777.50769043
1997-03-02,Lazio,1777.50769043
1997-03-03,Lazio,1782.25
1997-03-05,Lazio,1782.83032227
1997-03-06,Lazio,1782.94665527
1997-03-07,Lazio,1787.71337891
1997-03-10,Lazio,1787.56665039
1997-03-16,Lazio,1787.56665039
1997-03-17,Lazio,1791.56774902
1997-03-19,Lazio,1792.32922363
1997-03-20,Lazio,1793.12463379
1997-03-21,Lazio,1791.29663086
1997-03-24,Lazio,1804.5880127
1997-04-07,Lazio,1808.54040527
1997-04-09,Lazio,1812.38061523
1997-04-10,Lazio,1814.96862793
1997-04-11,Lazio,1817.09094238
1997-04-14,Lazio,1811.83166504
1997-04-21,Lazio,1816.40783691
1997-04-23,Lazio,1817.48681641
1997-04-24,Lazio,1819.50244141
1997-04-25,Lazio,1812.43896484
1997-04-28,Lazio,1812.43896484
1997-05-05,Lazio,1814.12915039
1997-05-08,Lazio,1812.27539062
1997-05-12,Lazio,1815.61645508
1997-05-16,Lazio,1818.9519043
1997-05-19,Lazio,1821.2265625
1997-05-22,Lazio,1821.75354004
1997-05-26,Lazio,1824.86889648
1997-05-29,Lazio,1819.24047852
1997-06-02,Lazio,1824.20629883
1997-08-14,Lazio,1826.80493164
1997-08-28,Lazio,1827.92041016
1997-08-31,Lazio,1827.92041016
1997-09-01,Lazio,1832.26062012
1997-09-06,Lazio,1832.26062012
1997-09-08,Lazio,1832.26062012
1997-09-14,Lazio,1833.40637207
1997-09-17,Lazio,1832.85327148
1997-09-18,Lazio,1834.24047852
1997-09-19,Lazio,1836.40856934
1997-09-22,Lazio,1824.10534668
1997-09-28,Lazio,1826.11791992
1997-10-01,Lazio,1826.09082031
1997-10-02,Lazio,1823.89538574
1997-10-03,Lazio,1824.54675293
1997-10-06,Lazio,1828.40234375
1997-10-15,Lazio,1828.40234375
1997-10-19,Lazio,1809.20849609
1997-10-22,Lazio,1802.49291992
1997-10-23,Lazio,1804.72912598
1997-10-24,Lazio,1806.17907715
1997-10-27,Lazio,1806.17907715
1997-11-02,Lazio,1819.44421387
1997-11-05,Lazio,1832.02648926
1997-11-06,Lazio,1828.94958496
1997-11-07,Lazio,1828.9888916
1997-11-10,Lazio,1836.21801758
1997-11-12,Lazio,1836.21801758
1997-11-16,Lazio,1836.21801758
1997-11-22,Lazio,1836.21801758
1997-11-23,Lazio,1833.71704102
1997-11-26,Lazio,1836.89025879
1997-11-27,Lazio,1830.74206543
1997-11-28,Lazio,1828.20251465
1997-12-01,Lazio,1816.48071289
1997-12-07,Lazio,1812.5526123
1997-12-10,Lazio,1820.0300293
1997-12-11,Lazio,1820.5994873
1997-12-13,Lazio,1820.5994873
1997-12-15,Lazio,1822.50427246
1997-12-20,Lazio,1822.50427246
1997-12-21,Lazio,1822.50427246
1997-12-22,Lazio,1829.62780762
1998-01-05,Lazio,1832.79003906
1998-01-12,Lazio,1835.48791504
1998-01-19,Lazio,1847.88635254
1998-01-20,Lazio,1847.88635254
1998-01-26,Lazio,1850.41674805
1998-02-02,Lazio,1846.22424316
1998-02-09,Lazio,1850.09655762
1998-02-12,Lazio,1852.25231934
1998-02-16,Lazio,1859.46496582
1998-02-23,Lazio,1869.59729004
1998-03-01,Lazio,1866.44348145
1998-03-04,Lazio,1869.81115723
1998-03-05,Lazio,1867.36743164
1998-03-06,Lazio,1871.55297852
1998-03-09,Lazio,1877.18640137
1998-03-15,Lazio,1891.01147461
1998-03-18,Lazio,1899.12902832
1998-03-19,Lazio,1904.10949707
1998-03-20,Lazio,1905.5111084
1998-03-23,Lazio,1898.18212891
1998-03-29,Lazio,1910.34020996
1998-03-31,Lazio,1916.0970459
1998-04-02,Lazio,1919.47106934
1998-04-03,Lazio,1920.53515625
1998-04-06,Lazio,1910.73876953
1998-04-12,Lazio,1905.86254883
1998-04-15,Lazio,1907.91259766
1998-04-16,Lazio,1907.80334473
1998-04-17,Lazio,1902.94470215
1998-04-20,Lazio,1891.5670166
1998-04-27,Lazio,1879.61865234
1998-05-03,Lazio,1866.5378418
1998-05-07,Lazio,1854.47814941
1998-05-11,Lazio,1833.49951172
1998-05-17,Lazio,1826.06933594
1998-05-21,Lazio,1821.6484375
1998-08-13,Lazio,1821.69885254
1998-08-27,Lazio,1821.71704102
1998-09-13,Lazio,1821.71704102
1998-09-14,Lazio,1821.1730957
1998-09-16,Lazio,1820.77429199
1998-09-17,Lazio,1814.13537598
1998-09-18,Lazio,1806.76416016
1998-09-21,Lazio,1800.54321289
1998-09-27,Lazio,1800.54321289
1998-09-28,Lazio,1798.6418457
1998-09-30,Lazio,1801.59362793
1998-10-01,Lazio,1801.67004395
1998-10-02,Lazio,1810.64123535
1998-10-05,Lazio,1814.83496094
1998-10-18,Lazio,1814.83496094
1998-10-19,Lazio,1833.17016602
1998-10-21,Lazio,1835.46105957
1998-10-22,Lazio,1835.99328613
1998-10-23,Lazio,1829.34558105
1998-10-26,Lazio,1823.04199219
1998-11-02,Lazio,1812.38635254
1998-11-04,Lazio,1817.89416504
1998-11-05,Lazio,1815.03149414
1998-11-06,Lazio,1827.27380371
1998-11-09,Lazio,1831.2947998
1998-11-16,Lazio,1814.51867676
1998-11-20,Lazio,1814.51867676
1998-11-23,Lazio,1807.59301758
1998-11-25,Lazio,1811.90222168
1998-11-26,Lazio,1813.99108887
1998-11-30,Lazio,1811.73632812
1998-12-03,Lazio,1810.63220215
1998-12-06,Lazio,1810.63220215
1998-12-07,Lazio,1823.42468262
1998-12-09,Lazio,1825.10583496
1998-12-10,Lazio,1829.47460938
1998-12-14,Lazio,1835.25109863
1998-12-21,Lazio,1841.7520752
1999-01-04,Lazio,1841.7520752
1999-01-07,Lazio,1851.49914551
1999-01-11,Lazio,1859.47888184
1999-01-18,Lazio,1875.6595459
1999-01-25,Lazio,1880.01855469
1999-02-01,Lazio,1889.27636719
1999-02-08,Lazio,1892.30932617
1999-02-15,Lazio,1889.9029541
1999-02-21,Lazio,1889.9029541
1999-02-22,Lazio,1895.12475586
1999-02-28,Lazio,1895.12475586
1999-03-01,Lazio,1900.39086914
1999-03-03,Lazio,1903.99060059
1999-03-04,Lazio,1900.54431152
1999-03-05,Lazio,1900.81384277
1999-03-08,Lazio,1903.99108887
1999-03-15,Lazio,1899.67773438
1999-03-17,Lazio,1899.88928223
1999-03-18,Lazio,1899.47912598
1999-03-19,Lazio,1899.49755859
1999-03-22,Lazio,1901.98095703
1999-04-04,Lazio,1896.47192383
1999-04-07,Lazio,1900.85083008
1999-04-08,Lazio,1902.6673584
1999-04-09,Lazio,1903.11828613
1999-04-12,Lazio,1893.55786133
1999-04-18,Lazio,1876.90441895
1999-04-21,Lazio,1873.03161621
1999-04-22,Lazio,1867.23327637
1999-04-23,Lazio,1868.515625
1999-04-26,Lazio,1875.42834473
1999-05-03,Lazio,1891.60046387
1999-05-10,Lazio,1895.7779541
1999-05-13,Lazio,1899.7208252
1999-05-16,Lazio,1900.5078125
1999-05-20,Lazio,1907.76416016
1999-05-24,Lazio,1912.4855957
1999-08-12,Lazio,1908.53503418
1999-08-26,Lazio,1905.46411133
1999-08-31,Lazio,1907.52539062
1999-09-12,Lazio,1904.70617676
1999-09-15,Lazio,1905.77478027
1999-09-16,Lazio,1906.49291992
1999-09-17,Lazio,1908.57580566
1999-09-19,Lazio,1908.57580566
1999-09-20,Lazio,1911.17651367
1999-09-22,Lazio,1911.8046875
1999-09-23,Lazio,1912.72912598
1999-09-26,Lazio,1912.72912598
1999-09-27,Lazio,1921.45349121
1999-09-29,Lazio,1919.2166748
1999-09-30,Lazio,1920.54284668
1999-10-01,Lazio,1921.54370117
1999-10-04,Lazio,1917.21008301
1999-10-17,Lazio,1930.39477539
1999-10-20,Lazio,1940.0814209
1999-10-21,Lazio,1937.31616211
1999-10-22,Lazio,1938.11633301
1999-10-25,Lazio,1939.65393066
1999-10-27,Lazio,1937.99450684
1999-10-28,Lazio,1933.87756348
1999-10-31,Lazio,1933.52539062
1999-11-03,Lazio,1946.89123535
1999-11-04,Lazio,1943.40100098
1999-11-05,Lazio,1944.74853516
1999-11-08,Lazio,1946.80224609
1999-11-22,Lazio,1933.81945801
1999-11-24,Lazio,1931.80383301
1999-11-25,Lazio,1945.13085938
1999-11-26,Lazio,1947.87792969
1999-11-29,Lazio,1943.16247559
1999-12-05,Lazio,1949.57250977
1999-12-08,Lazio,1939.60449219
1999-12-09,Lazio,1940.10925293
1999-12-10,Lazio,1944.97302246
1999-12-13,Lazio,1949.01708984
1999-12-20,Lazio,1951.30078125
2000-01-06,Lazio,1933.47229004
2000-01-10,Lazio,1936.63671875
2000-01-17,Lazio,1932.23937988
2000-01-23,Lazio,1928.43041992
2000-01-31,Lazio,1931.40820312
2000-02-07,Lazio,1938.00952148
2000-02-14,Lazio,1932.92443848
2000-02-21,Lazio,1926.72119141
2000-02-27,Lazio,1929.8560791
2000-03-01,Lazio,1907.25439453
2000-03-02,Lazio,1909.17956543
2000-03-03,Lazio,1908.22094727
2000-03-06,Lazio,1912.92614746
2000-03-08,Lazio,1908.22143555
2000-03-09,Lazio,1904.86767578
2000-03-10,Lazio,1885.41064453
2000-03-12,Lazio,1880.73181152
2000-03-15,Lazio,1886.01281738
2000-03-16,Lazio,1884.77685547
2000-03-20,Lazio,1872.97619629
2000-03-22,Lazio,1871.29260254
2000-03-23,Lazio,1885.2590332
2000-03-26,Lazio,1888.93225098
2000-04-02,Lazio,1899.28759766
2000-04-06,Lazio,1877.18701172
2000-04-10,Lazio,1878.90344238
2000-04-16,Lazio,1879.27844238
2000-04-17,Lazio,1879.27844238
2000-04-19,Lazio,1877.05493164
2000-04-20,Lazio,1877.05493164
2000-04-23,Lazio,1883.32006836
2000-05-01,Lazio,1884.72436523
2000-05-08,Lazio,1891.21862793
2000-05-15,Lazio,1894.07861328
2000-08-10,Lazio,1893.64562988
2000-08-23,Lazio,1895.73547363
2000-08-24,Lazio,1889.23803711
2000-09-10,Lazio,1889.23803711
2000-09-13,Lazio,1899.32312012
2000-09-14,Lazio,1900.50695801
2000-09-15,Lazio,1899.63049316
2000-09-20,Lazio,1898.13171387
2000-09-21,Lazio,1904.10021973
2000-09-27,Lazio,1909.47192383
2000-09-28,Lazio,1898.76928711
2000-09-29,Lazio,1893.07373047
2000-10-02,Lazio,1888.87512207
2000-10-15,Lazio,1891.61523438
2000-10-18,Lazio,1886.51708984
2000-10-19,Lazio,1886.77722168
2000-10-23,Lazio,1872.04174805
2000-10-25,Lazio,1868.14709473
2000-10-26,Lazio,1871.19665527
2000-10-27,Lazio,1872.20471191
2000-10-29,Lazio,1872.20471191
2000-11-02,Lazio,1873.59460449
2000-11-05,Lazio,1877.21728516
2000-11-08,Lazio,1887.26013184
2000-11-09,Lazio,1881.86242676
2000-11-10,Lazio,1874.44030762
2000-11-12,Lazio,1875.7479248
2000-11-13,Lazio,1875.7479248
2000-11-19,Lazio,1871.5300293
2000-11-22,Lazio,1870.47949219
2000-11-23,Lazio,1859.73974609
2000-11-24,Lazio,1857.51647949
2000-11-27,Lazio,1846.80456543
2000-12-03,Lazio,1848.81164551
2000-12-06,Lazio,1836.19421387
2000-12-07,Lazio,1840.41052246
2000-12-08,Lazio,1845.90576172
2000-12-11,Lazio,1854.89208984
2000-12-18,Lazio,1843.48876953
2000-12-23,Lazio,1848.4284668
2000-12-24,Lazio,1848.4284668
2001-01-08,Lazio,1832.55554199
2001-01-14,Lazio,1832.55554199
2001-01-15,Lazio,1840.27197266
2001-01-21,Lazio,1845.59313965
2001-01-29,Lazio,1861.25427246
2001-02-05,Lazio,1863.17651367
2001-02-11,Lazio,1856.56567383
2001-02-14,Lazio,1852.41369629
2001-02-15,Lazio,1850.13635254
2001-02-16,Lazio,1846.11816406
2001-02-18,Lazio,1846.11816406
2001-02-19,Lazio,1852.09521484
2001-02-21,Lazio,1852.05786133
2001-02-22,Lazio,1850.81188965
2001-02-23,Lazio,1843.66064453
2001-02-26,Lazio,1846.3416748
2001-03-04,Lazio,1851.43103027
2001-03-07,Lazio,1854.77392578
2001-03-08,Lazio,1851.92504883
2001-03-12,Lazio,1837.52209473
2001-03-14,Lazio,1837.69250488
2001-03-15,Lazio,1841.13110352
2001-03-16,Lazio,1841.13110352
2001-03-19,Lazio,1850.88842773
2001-04-01,Lazio,1850.88842773
2001-04-02,Lazio,1843.53552246
2001-04-04,Lazio,1843.53552246
2001-04-05,Lazio,1843.53552246
2001-04-14,Lazio,1843.53552246
2001-04-15,Lazio,1849.3963623
2001-04-18,Lazio,1849.3963623
2001-04-19,Lazio,1853.4708252
2001-04-23,Lazio,1855.21289062
2001-04-29,Lazio,1855.21289062
2001-04-30,Lazio,1857.33154297
2001-05-02,Lazio,1857.33154297
2001-05-06,Lazio,1857.33154297
2001-05-07,Lazio,1859.02001953
2001-05-09,Lazio,1859.02001953
2001-05-13,Lazio,1864.24060059
2001-05-14,Lazio,1864.24060059
2001-05-20,Lazio,1864.24060059
2001-05-21,Lazio,1866.90270996
2001-05-28,Lazio,1865.18811035
2001-06-11,Lazio,1870.07141113
2001-06-18,Lazio,1857.61694336
2001-08-09,Lazio,1847.72790527
2001-08-22,Lazio,1854.08300781
2001-08-23,Lazio,1855.89050293
2001-08-27,Lazio,1848.54821777
2001-09-09,Lazio,1845.27612305
2001-09-12,Lazio,1831.80554199
2001-09-17,Lazio,1824.81652832
2001-09-19,Lazio,1825.48583984
2001-09-20,Lazio,1800.80249023
2001-09-21,Lazio,1801.07995605
2001-09-23,Lazio,1801.07995605
2001-09-24,Lazio,1791.80664062
2001-09-26,Lazio,1790.98669434
2001-09-27,Lazio,1782.67578125
2001-09-28,Lazio,1784.26391602
2001-09-30,Lazio,1784.26391602
2001-10-01,Lazio,1780.41320801
2001-10-04,Lazio,1780.41320801
2001-10-08,Lazio,1780.41320801
2001-10-11,Lazio,1780.7565918
2001-10-14,Lazio,1784.91577148
2001-10-15,Lazio,1784.91577148
2001-10-17,Lazio,1791.40698242
2001-10-18,Lazio,1792.03527832
2001-10-19,Lazio,1800.66003418
2001-10-21,Lazio,1800.66003418
2001-10-22,Lazio,1797.07641602
2001-10-24,Lazio,1798.50878906
2001-10-25,Lazio,1804.96643066
2001-10-28,Lazio,1797.6628418
2001-10-29,Lazio,1797.6628418
2001-10-31,Lazio,1786.40161133
2001-11-01,Lazio,1783.42468262
2001-11-02,Lazio,1785.84777832
2001-11-04,Lazio,1785.84777832
2001-11-05,Lazio,1794.08874512
2001-11-18,Lazio,1794.08874512
2001-11-19,Lazio,1805.23669434
2001-11-21,Lazio,1805.30517578
2001-11-23,Lazio,1801.40905762
2001-11-25,Lazio,1808.20043945
2001-11-29,Lazio,1808.20043945
2001-11-30,Lazio,1811.78723145
2001-12-02,Lazio,1811.78723145
2001-12-03,Lazio,1817.09448242
2001-12-05,Lazio,1814.5234375
2001-12-06,Lazio,1813.62121582
2001-12-07,Lazio,1823.48046875
2001-12-10,Lazio,1827.8260498
2001-12-13,Lazio,1827.8260498
2001-12-16,Lazio,1827.8260498
2001-12-17,Lazio,1813.17358398
2001-12-19,Lazio,1813.17358398
2001-12-20,Lazio,1813.17358398
2001-12-23,Lazio,1807.35205078
2002-01-07,Lazio,1809.30883789
2002-01-14,Lazio,1798.7208252
2002-01-20,Lazio,1798.7208252
2002-01-21,Lazio,1806.02856445
2002-01-28,Lazio,1796.06176758
2002-01-31,Lazio,1782.76818848
2002-02-04,Lazio,1780.26477051
2002-02-07,Lazio,1780.26477051
2002-02-10,Lazio,1780.26477051
2002-02-11,Lazio,1772.89538574
2002-02-18,Lazio,1767.89550781
2002-02-20,Lazio,1767.43444824
2002-02-21,Lazio,1768.7364502
2002-02-22,Lazio,1770.63134766
2002-02-25,Lazio,1777.6307373
2002-02-27,Lazio,1780.41308594
2002-02-28,Lazio,1777.61120605
2002-03-01,Lazio,1768.64086914
2002-03-04,Lazio,1771.92919922
2002-03-07,Lazio,1771.92919922
2002-03-11,Lazio,1756.11096191
2002-03-13,Lazio,1753.18005371
2002-03-14,Lazio,1750.81958008
2002-03-15,Lazio,1747.95483398
2002-03-17,Lazio,1747.95483398
2002-03-18,Lazio,1747.18457031
2002-03-20,Lazio,1744.84594727
2002-03-21,Lazio,1746.55566406
2002-03-22,Lazio,1756.36669922
2002-03-25,Lazio,1761.19116211
2002-03-31,Lazio,1765.70593262
2002-04-03,Lazio,1765.70593262
2002-04-04,Lazio,1765.70593262
2002-04-05,Lazio,1757.23010254
2002-04-08,Lazio,1759.97546387
2002-04-10,Lazio,1759.97546387
2002-04-12,Lazio,1759.63366699
2002-04-14,Lazio,1759.63366699
2002-04-15,Lazio,1765.18725586
2002-04-21,Lazio,1765.18725586
2002-04-22,Lazio,1768.3840332
2002-04-25,Lazio,1768.3840332
2002-04-29,Lazio,1756.5880127
2002-05-06,Lazio,1767.06970215
2002-05-12,Lazio,1767.06970215
2002-08-15,Lazio,1768.45397949
2002-08-20,Lazio,1768.45397949
2002-08-25,Lazio,1768.45397949
2002-08-28,Lazio,1770.7857666
2002-08-29,Lazio,1771.72729492
2002-09-01,Lazio,1771.72729492
2002-09-02,Lazio,1771.72729492
2002-09-11,Lazio,1771.72729492
2002-09-12,Lazio,1771.72729492
2002-09-15,Lazio,1771.72729492
2002-09-16,Lazio,1759.32409668
2002-09-18,Lazio,1752.62036133
2002-09-19,Lazio,1754.14172363
2002-09-20,Lazio,1760.71582031
2002-09-22,Lazio,1760.71582031
2002-09-23,Lazio,1768.13720703
2002-09-25,Lazio,1779.39526367
2002-09-26,Lazio,1780.40856934
2002-09-29,Lazio,1779.28735352
2002-10-02,Lazio,1784.7442627
2002-10-03,Lazio,1781.91015625
2002-10-04,Lazio,1773.64538574
2002-10-07,Lazio,1780.78820801
2002-10-21,Lazio,1786.61865234
2002-10-23,Lazio,1784.62683105
2002-10-24,Lazio,1783.68566895
2002-10-28,Lazio,1782.64550781
2002-10-30,Lazio,1781.15673828
2002-10-31,Lazio,1786.3795166
2002-11-01,Lazio,1788.18579102
2002-11-04,Lazio,1794.1105957
2002-11-07,Lazio,1803.13110352
2002-11-10,Lazio,1803.13110352
2002-11-11,Lazio,1798.4206543
2002-11-13,Lazio,1799.02905273
2002-11-14,Lazio,1797.64135742
2002-11-15,Lazio,1794.17797852
2002-11-18,Lazio,1800.0291748
2002-11-25,Lazio,1805.17199707
2002-11-27,Lazio,1808.18786621
2002-11-28,Lazio,1808.96533203
2002-11-29,Lazio,1811.94042969
2002-12-02,Lazio,1817.9230957
2002-12-08,Lazio,1816.66784668
2002-12-11,Lazio,1815.73376465
2002-12-12,Lazio,1820.45031738
2002-12-13,Lazio,1818.99938965
2002-12-16,Lazio,1830.86376953
2002-12-23,Lazio,1826.0
2003-01-12,Lazio,1823.7454834
2003-01-20,Lazio,1826.70581055
2003-01-26,Lazio,1826.70581055
2003-01-27,Lazio,1811.49926758
2003-02-03,Lazio,1810.95874023
2003-02-09,Lazio,1810.95874023
2003-02-10,Lazio,1803.92358398
2003-02-17,Lazio,1807.51855469
2003-02-19,Lazio,1801.73620605
2003-02-20,Lazio,1800.58666992
2003-02-21,Lazio,1790.56188965
2003-02-23,Lazio,1790.56188965
2003-02-24,Lazio,1784.64929199
2003-02-26,Lazio,1780.20385742
2003-02-27,Lazio,1787.80993652
2003-03-02,Lazio,1787.80993652
2003-03-03,Lazio,1787.19702148
2003-03-05,Lazio,1806.67736816
2003-03-09,Lazio,1808.43200684
2003-03-12,Lazio,1809.19287109
2003-03-13,Lazio,1809.08044434
2003-03-14,Lazio,1811.58300781
2003-03-17,Lazio,1815.46630859
2003-03-19,Lazio,1808.26843262
2003-03-20,Lazio,1810.21826172
2003-03-21,Lazio,1819.15466309
2003-03-23,Lazio,1819.15466309
2003-03-24,Lazio,1811.54089355
2003-04-06,Lazio,1811.54089355
2003-04-07,Lazio,1814.48657227
2003-04-09,Lazio,1814.99182129
2003-04-10,Lazio,1815.26794434
2003-04-11,Lazio,1797.05529785
2003-04-13,Lazio,1797.05529785
2003-04-14,Lazio,1794.37524414
2003-04-20,Lazio,1796.4720459
2003-04-23,Lazio,1802.34594727
2003-04-24,Lazio,1804.6895752
2003-04-25,Lazio,1800.28283691
2003-04-28,Lazio,1804.18518066
2003-05-04,Lazio,1803.91137695
2003-05-07,Lazio,1803.20898438
2003-05-11,Lazio,1813.48815918
2003-05-14,Lazio,1813.48815918
2003-05-15,Lazio,1817.93249512
2003-05-18,Lazio,1822.75146484
2003-05-19,Lazio,1822.75146484
2003-05-25,Lazio,1814.21875
2003-05-29,Lazio,1814.21875
2003-05-30,Lazio,1814.21875
2003-06-01,Lazio,1814.21875
2003-08-14,Lazio,1821.1907959
2003-08-28,Lazio,1828.28771973
2003-09-01,Lazio,1831.50244141
2003-09-14,Lazio,1836.14282227
2003-09-15,Lazio,1836.14282227
2003-09-17,Lazio,1852.92456055
2003-09-18,Lazio,1860.19848633
2003-09-22,Lazio,1847.98242188
2003-09-25,Lazio,1849.51245117
2003-09-28,Lazio,1849.51245117
2003-09-29,Lazio,1845.86022949
2003-10-01,Lazio,1848.70397949
2003-10-02,Lazio,1840.33703613
2003-10-05,Lazio,1840.33703613
2003-10-06,Lazio,1843.93310547
2003-10-16,Lazio,1838.74853516
2003-10-20,Lazio,1833.36486816
2003-10-22,Lazio,1828.32836914
2003-10-23,Lazio,1814.52331543
2003-10-27,Lazio,1817.0736084
2003-11-02,Lazio,1824.59851074
2003-11-05,Lazio,1795.51611328
2003-11-06,Lazio,1793.39416504
2003-11-07,Lazio,1795.72143555
2003-11-10,Lazio,1788.26269531
2003-11-24,Lazio,1792.32751465
2003-11-26,Lazio,1786.3182373
2003-11-27,Lazio,1784.50244141
2003-11-28,Lazio,1785.72277832
2003-11-30,Lazio,1767.69189453
2003-12-01,Lazio,1767.69189453
2003-12-03,Lazio,1763.0357666
2003-12-04,Lazio,1763.0357666
2003-12-07,Lazio,1775.32470703
2003-12-08,Lazio,1775.32470703
2003-12-10,Lazio,1760.94836426
2003-12-11,Lazio,1763.45458984
2003-12-15,Lazio,1767.35083008
2003-12-18,Lazio,1767.35083008
2003-12-21,Lazio,1767.35083008
2003-12-22,Lazio,1774.24523926
2004-01-05,Lazio,1774.24523926
2004-01-07,Lazio,1764.85632324
2004-01-12,Lazio,1752.31604004
2004-01-18,Lazio,1750.29736328
2004-01-26,Lazio,1755.79125977
2004-02-02,Lazio,1750.29577637
2004-02-07,Lazio,1750.29577637
2004-02-09,Lazio,1768.45214844
2004-02-15,Lazio,1772.45776367
2004-02-22,Lazio,1772.45776367
2004-02-23,Lazio,1772.59997559
2004-02-25,Lazio,1772.4967041
2004-02-26,Lazio,1771.04443359
2004-02-27,Lazio,1766.87255859
2004-02-29,Lazio,1766.87255859
2004-03-01,Lazio,1758.85534668
2004-03-04,Lazio,1753.80981445
2004-03-07,Lazio,1753.80981445
2004-03-10,Lazio,1750.39978027
2004-03-11,Lazio,1753.13562012
2004-03-12,Lazio,1749.94250488
2004-03-15,Lazio,1745.33837891
2004-03-21,Lazio,1745.33837891
2004-03-22,Lazio,1745.33837891
2004-03-24,Lazio,1749.70117188
2004-03-26,Lazio,1742.63659668
2004-03-29,Lazio,1749.42041016
2004-04-04,Lazio,1749.42041016
2004-04-05,Lazio,1754.62658691
2004-04-07,Lazio,1754.62658691
2004-04-08,Lazio,1746.34533691
2004-04-09,Lazio,1744.75561523
2004-04-11,Lazio,1740.7746582
2004-04-15,Lazio,1736.68273926
2004-04-18,Lazio,1736.68273926
2004-04-19,Lazio,1738.48083496
2004-04-22,Lazio,1738.21386719
2004-04-25,Lazio,1738.21386719
2004-04-26,Lazio,1741.17382812
2004-05-02,Lazio,1741.17382812
2004-05-03,Lazio,1735.0670166
2004-05-05,Lazio,1735.0670166
2004-05-09,Lazio,1735.0670166
2004-05-10,Lazio,1727.08679199
2004-05-17,Lazio,1729.64855957
2004-05-20,Lazio,1729.64855957
2004-05-22,Lazio,1729.64855957
2004-05-24,Lazio,1729.64855957
2004-05-27,Lazio,1729.64855957
2004-08-08,Lazio,1729.64855957
2004-08-11,Lazio,1727.93493652
2004-08-12,Lazio,1728.83447266
2004-08-22,Lazio,1728.83447266
2004-08-25,Lazio,1732.14025879
2004-08-26,Lazio,1734.51940918
2004-08-27,Lazio,1734.51940918
2004-08-29,Lazio,1734.51940918
2004-08-30,Lazio,1734.51940918
2004-09-13,Lazio,1741.8963623
2004-09-15,Lazio,1746.37097168
2004-09-16,Lazio,1741.59887695
2004-09-17,Lazio,1742.57336426
2004-09-20,Lazio,1736.75378418
2004-09-23,Lazio,1747.18505859
2004-09-27,Lazio,1739.2668457
2004-09-29,Lazio,1738.04150391
2004-09-30,Lazio,1744.2121582
2004-10-01,Lazio,1744.85632324
2004-10-04,Lazio,1742.41809082
2004-10-18,Lazio,1730.47314453
2004-10-20,Lazio,1729.51452637
2004-10-21,Lazio,1741.16833496
2004-10-22,Lazio,1737.08398438
2004-10-25,Lazio,1726.78112793
2004-10-28,Lazio,1731.23022461
2004-10-31,Lazio,1735.96618652
2004-11-03,Lazio,1734.12854004
2004-11-04,Lazio,1736.328125
2004-11-05,Lazio,1727.28955078
2004-11-08,Lazio,1721.31066895
2004-11-11,Lazio,1712.0
2004-11-14,Lazio,1712.0
2004-11-15,Lazio,1716.03930664
2004-11-21,Lazio,1716.03930664
2004-11-22,Lazio,1716.03930664
2004-11-24,Lazio,1714.88708496
2004-11-25,Lazio,1717.12426758
2004-11-26,Lazio,1707.89550781
2004-11-28,Lazio,1707.89550781
2004-11-29,Lazio,1695.33447266
2004-12-03,Lazio,1690.66699219
2004-12-05,Lazio,1690.66699219
2004-12-06,Lazio,1688.03747559
2004-12-08,Lazio,1689.25549316
2004-12-09,Lazio,1682.82202148
2004-12-12,Lazio,1679.30236816
2004-12-13,Lazio,1679.30236816
2004-12-16,Lazio,1679.30236816
2004-12-17,Lazio,1680.97619629
2004-12-20,Lazio,1671.28479004
2004-12-23,Lazio,1671.28479004
2004-12-27,Lazio,1671.28479004
2005-01-02,Lazio,1671.28479004
2005-01-05,Lazio,1671.28479004
2005-01-07,Lazio,1681.46252441
2005-01-09,Lazio,1681.46252441
2005-01-10,Lazio,1689.00683594
2005-01-13,Lazio,1689.00683594
2005-01-17,Lazio,1672.25231934
2005-01-22,Lazio,1672.25231934
2005-01-23,Lazio,1672.25231934
2005-01-24,Lazio,1661.48913574
2005-01-27,Lazio,1661.48913574
2005-01-31,Lazio,1654.70324707
2005-02-02,Lazio,1654.70324707
2005-02-03,Lazio,1650.80456543
2005-02-06,Lazio,1650.80456543
2005-02-07,Lazio,1648.62976074
2005-02-13,Lazio,1652.22631836
2005-02-14,Lazio,1652.22631836
2005-02-17,Lazio,1651.95996094
2005-02-20,Lazio,1651.95996094
2005-02-21,Lazio,1661.48596191
2005-02-23,Lazio,1660.37573242
2005-02-24,Lazio,1665.23217773
2005-02-25,Lazio,1673.18139648
2005-02-28,Lazio,1681.32641602
2005-03-03,Lazio,1681.32641602
2005-03-06,Lazio,1681.32641602
2005-03-07,Lazio,1673.34753418
2005-03-09,Lazio,1675.42468262
2005-03-10,Lazio,1680.56640625
2005-03-11,Lazio,1681.92260742
2005-03-13,Lazio,1683.57849121
2005-03-14,Lazio,1683.57849121
2005-03-16,Lazio,1686.27880859
2005-03-17,Lazio,1686.27880859
2005-03-18,Lazio,1689.87841797
2005-03-20,Lazio,1681.79504395
2005-03-21,Lazio,1681.79504395
2005-04-06,Lazio,1680.62268066
2005-04-08,Lazio,1681.90246582
2005-04-10,Lazio,1681.90246582
2005-04-11,Lazio,1688.28063965
2005-04-14,Lazio,1684.66918945
2005-04-15,Lazio,1685.7409668
2005-04-16,Lazio,1685.7409668
2005-04-18,Lazio,1695.72363281
2005-04-21,Lazio,1696.64709473
2005-04-25,Lazio,1690.48803711
2005-04-27,Lazio,1693.36828613
2005-04-29,Lazio,1692.71850586
2005-05-02,Lazio,1682.51257324
2005-05-05,Lazio,1681.60949707
2005-05-06,Lazio,1676.93457031
2005-05-09,Lazio,1667.55371094
2005-05-16,Lazio,1669.95983887
2005-05-22,Lazio,1669.95983887
2005-05-23,Lazio,1665.4453125
2005-05-26,Lazio,1664.55761719
2005-05-30,Lazio,1666.93151855
2005-06-15,Lazio,1666.93151855
2005-06-19,Lazio,1666.93151855
2005-07-21,Lazio,1666.93151855
2005-07-27,Lazio,1666.93151855
2005-07-28,Lazio,1666.93151855
2005-08-07,Lazio,1666.93151855
2005-08-11,Lazio,1672.59033203
2005-08-21,Lazio,1672.59033203
2005-08-22,Lazio,1672.59033203
2005-08-24,Lazio,1673.94677734
2005-08-25,Lazio,1673.73168945
2005-08-29,Lazio,1678.62695312
2005-09-11,Lazio,1678.62695312
2005-09-12,Lazio,1679.46984863
2005-09-13,Lazio,1679.46984863
2005-09-14,Lazio,1680.9407959
2005-09-15,Lazio,1684.73754883
2005-09-16,Lazio,1685.44384766
2005-09-18,Lazio,1685.44384766
2005-09-19,Lazio,1688.75085449
2005-09-22,Lazio,1685.7434082
2005-09-26,Lazio,1694.35717773
2005-09-28,Lazio,1693.46508789
2005-09-29,Lazio,1693.19543457
2005-09-30,Lazio,1695.42993164
2005-10-02,Lazio,1686.91381836
2005-10-16,Lazio,1686.91381836
2005-10-17,Lazio,1692.15258789
2005-10-19,Lazio,1689.07250977
2005-10-20,Lazio,1682.60656738
2005-10-21,Lazio,1686.44396973
2005-10-23,Lazio,1686.44396973
2005-10-24,Lazio,1688.92138672
2005-10-27,Lazio,1685.57287598
2005-10-28,Lazio,1685.57287598
2005-10-30,Lazio,1685.57287598
2005-10-31,Lazio,1677.53320312
2005-11-02,Lazio,1676.07202148
2005-11-03,Lazio,1676.51293945
2005-11-04,Lazio,1673.64050293
2005-11-06,Lazio,1675.88500977
2005-11-07,Lazio,1675.88500977
2005-11-20,Lazio,1675.88500977
2005-11-21,Lazio,1668.96496582
2005-11-23,Lazio,1672.48742676
2005-11-24,Lazio,1676.75354004
2005-11-25,Lazio,1678.33605957
2005-11-26,Lazio,1678.33605957
2005-11-28,Lazio,1687.45202637
2005-12-01,Lazio,1686.3873291
2005-12-02,Lazio,1682.42163086
2005-12-04,Lazio,1682.42163086
2005-12-05,Lazio,1686.78674316
2005-12-07,Lazio,1686.1229248
2005-12-08,Lazio,1684.93310547
2005-12-12,Lazio,1678.69189453
2005-12-15,Lazio,1681.05700684
2005-12-16,Lazio,1680.95837402
2005-12-18,Lazio,1685.49914551
2005-12-19,Lazio,1685.49914551
2005-12-22,Lazio,1685.41516113
2005-12-23,Lazio,1685.41516113
2005-12-27,Lazio,1685.41516113
2006-01-09,Lazio,1689.97619629
2006-01-15,Lazio,1689.97619629
2006-01-16,Lazio,1690.91833496
2006-01-19,Lazio,1691.59155273
2006-01-22,Lazio,1686.54736328
2006-01-23,Lazio,1686.54736328
2006-01-29,Lazio,1686.54736328
2006-01-30,Lazio,1692.44702148
2006-02-02,Lazio,1692.44702148
2006-02-05,Lazio,1692.44702148
2006-02-06,Lazio,1695.55163574
2006-02-07,Lazio,1695.55163574
2006-02-09,Lazio,1686.1463623
2006-02-12,Lazio,1682.70068359
2006-02-13,Lazio,1682.70068359
2006-02-15,Lazio,1682.70068359
2006-02-16,Lazio,1690.47644043
2006-02-17,Lazio,1689.23059082
2006-02-20,Lazio,1700.59716797
2006-02-22,Lazio,1701.79553223
2006-02-23,Lazio,1701.33447266
2006-02-24,Lazio,1704.55444336
2006-02-26,Lazio,1704.55444336
2006-02-27,Lazio,1692.71740723
2006-03-05,Lazio,1692.71740723
2006-03-06,Lazio,1695.15075684
2006-03-08,Lazio,1697.27319336
2006-03-09,Lazio,1701.46166992
2006-03-10,Lazio,1700.9284668
2006-03-12,Lazio,1700.9284668
2006-03-13,Lazio,1706.90686035
2006-03-15,Lazio,1707.57678223
2006-03-16,Lazio,1705.83825684
2006-03-17,Lazio,1698.05810547
2006-03-19,Lazio,1698.05810547
2006-03-20,Lazio,1694.56176758
2006-03-23,Lazio,1694.56176758
2006-03-26,Lazio,1694.56176758
2006-03-27,Lazio,1702.41381836
2006-03-29,Lazio,1698.46691895
2006-03-30,Lazio,1699.77612305
2006-04-03,Lazio,1694.53405762
2006-04-04,Lazio,1694.53405762
2006-04-05,Lazio,1694.85791016
2006-04-06,Lazio,1692.56958008
2006-04-07,Lazio,1692.56958008
2006-04-09,Lazio,1692.56958008
2006-04-10,Lazio,1700.93908691
2006-04-16,Lazio,1707.2010498
2006-04-19,Lazio,1704.34094238
2006-04-23,Lazio,1711.12316895
2006-04-27,Lazio,1710.90246582
2006-05-01,Lazio,1713.72045898
2006-05-07,Lazio,1713.72045898
2006-05-08,Lazio,1725.09326172
2006-05-11,Lazio,1725.09326172
2006-05-15,Lazio,1729.22119141
2006-05-18,Lazio,1729.22119141
2006-07-24,Lazio,1729.22119141
2006-08-05,Lazio,1729.22119141
2006-08-10,Lazio,1725.7947998
2006-08-11,Lazio,1725.7947998
2006-08-20,Lazio,1725.7947998
2006-08-23,Lazio,1726.3762207
2006-08-24,Lazio,1724.88146973
2006-08-27,Lazio,1724.88146973
2006-08-28,Lazio,1724.88146973
2006-08-29,Lazio,1724.88146973
2006-09-11,Lazio,1722.88317871
2006-09-13,Lazio,1723.34643555
2006-09-14,Lazio,1723.8215332
2006-09-15,Lazio,1727.89233398
2006-09-18,Lazio,1716.62634277
2006-09-21,Lazio,1724.83898926
2006-09-24,Lazio,1724.83898926
2006-09-25,Lazio,1728.61608887
2006-09-27,Lazio,1727.94714355
2006-09-28,Lazio,1721.6295166
2006-09-29,Lazio,1727.04431152
2006-10-01,Lazio,1740.93615723
2006-10-03,Lazio,1740.93615723
2006-10-15,Lazio,1740.93615723
2006-10-16,Lazio,1735.43652344
2006-10-18,Lazio,1736.72741699
2006-10-19,Lazio,1740.17041016
2006-10-20,Lazio,1741.41601562
2006-10-22,Lazio,1741.41601562
2006-10-23,Lazio,1726.81494141
2006-10-26,Lazio,1714.8371582
2006-10-27,Lazio,1714.8371582
2006-10-29,Lazio,1714.8371582
2006-10-30,Lazio,1709.98413086
2006-11-01,Lazio,1709.82556152
2006-11-02,Lazio,1710.65087891
2006-11-03,Lazio,1707.0612793
2006-11-05,Lazio,1707.0612793
2006-11-06,Lazio,1706.83618164
2006-11-09,Lazio,1706.83618164
2006-11-12,Lazio,1706.83618164
2006-11-13,Lazio,1718.78894043
2006-11-19,Lazio,1718.78894043
2006-11-20,Lazio,1729.99157715
2006-11-22,Lazio,1726.13525391
2006-11-23,Lazio,1724.56567383
2006-11-24,Lazio,1722.09118652
2006-11-27,Lazio,1725.59436035
2006-11-30,Lazio,1728.2220459
2006-12-02,Lazio,1728.2220459
2006-12-03,Lazio,1728.2220459
2006-12-04,Lazio,1722.30175781
2006-12-06,Lazio,1725.01025391
2006-12-07,Lazio,1719.1739502
2006-12-11,Lazio,1733.13659668
2006-12-14,Lazio,1732.86315918
2006-12-15,Lazio,1732.75830078
2006-12-18,Lazio,1732.29272461
2006-12-21,Lazio,1723.12231445
2006-12-24,Lazio,1732.85192871
2006-12-28,Lazio,1732.85192871
2006-12-31,Lazio,1732.85192871
2007-01-08,Lazio,1732.85192871
2007-01-15,Lazio,1727.45275879
2007-01-22,Lazio,1728.47106934
2007-01-25,Lazio,1728.47106934
2007-01-28,Lazio,1745.50170898
2007-02-04,Lazio,1745.50170898
2007-02-12,Lazio,1744.50024414
2007-02-15,Lazio,1742.74743652
2007-02-16,Lazio,1741.30151367
2007-02-19,Lazio,1745.55371094
2007-02-21,Lazio,1745.55224609
2007-02-22,Lazio,1743.5435791
2007-02-23,Lazio,1739.55358887
2007-02-26,Lazio,1748.3515625
2007-03-01,Lazio,1752.18054199
2007-03-05,Lazio,1755.76489258
2007-03-07,Lazio,1762.57983398
2007-03-08,Lazio,1764.10168457
2007-03-12,Lazio,1770.60046387
2007-03-15,Lazio,1770.60046387
2007-03-19,Lazio,1775.6862793
2007-04-02,Lazio,1785.27282715
2007-04-04,Lazio,1783.3815918
2007-04-05,Lazio,1784.70495605
2007-04-06,Lazio,1784.70495605
2007-04-08,Lazio,1786.28051758
2007-04-11,Lazio,1781.10461426
2007-04-12,Lazio,1787.59765625
2007-04-13,Lazio,1787.59765625
2007-04-16,Lazio,1782.98742676
2007-04-19,Lazio,1776.54968262
2007-04-22,Lazio,1776.54968262
2007-04-23,Lazio,1765.79394531
2007-04-25,Lazio,1765.61828613
2007-04-30,Lazio,1769.63537598
2007-05-03,Lazio,1776.7142334
2007-05-04,Lazio,1776.7142334
2007-05-06,Lazio,1776.7142334
2007-05-07,Lazio,1779.18237305
2007-05-13,Lazio,1779.18237305
2007-05-14,Lazio,1775.43981934
2007-05-21,Lazio,1769.61791992
2007-05-24,Lazio,1772.3918457
2007-05-28,Lazio,1761.49951172
2007-06-11,Lazio,1761.49951172
2007-08-12,Lazio,1761.49951172
2007-08-15,Lazio,1754.02429199
2007-08-17,Lazio,1753.82885742
2007-08-19,Lazio,1753.82885742
2007-08-26,Lazio,1747.90893555
2007-08-27,Lazio,1747.90893555
2007-08-29,Lazio,1766.32519531
2007-08-31,Lazio,1761.36682129
2007-09-03,Lazio,1759.99169922
2007-09-16,Lazio,1754.71276855
2007-09-19,Lazio,1755.96911621
2007-09-20,Lazio,1753.65441895
2007-09-21,Lazio,1754.13342285
2007-09-24,Lazio,1745.56323242
2007-09-27,Lazio,1750.36938477
2007-10-01,Lazio,1749.47424316
2007-10-03,Lazio,1749.91247559
2007-10-04,Lazio,1750.2598877
2007-10-05,Lazio,1734.99194336
2007-10-08,Lazio,1719.2010498
2007-10-22,Lazio,1725.16101074
2007-10-24,Lazio,1728.37817383
2007-10-25,Lazio,1724.15283203
2007-10-26,Lazio,1725.90734863
2007-10-28,Lazio,1725.90734863
2007-10-29,Lazio,1713.56787109
2007-11-01,Lazio,1709.71398926
2007-11-04,Lazio,1701.82849121
2007-11-05,Lazio,1701.82849121
2007-11-07,Lazio,1716.23181152
2007-11-08,Lazio,1717.23608398
2007-11-09,Lazio,1717.90710449
2007-11-11,Lazio,1717.90710449
2007-11-12,Lazio,1717.90710449
2007-11-26,Lazio,1721.8873291
2007-11-28,Lazio,1726.37341309
2007-11-29,Lazio,1711.71289062
2007-11-30,Lazio,1711.40722656
2007-12-02,Lazio,1711.40722656
2007-12-03,Lazio,1709.71533203
2007-12-05,Lazio,1710.4909668
2007-12-06,Lazio,1706.62219238
2007-12-07,Lazio,1706.62219238
2007-12-09,Lazio,1712.13378906
2007-12-10,Lazio,1712.13378906
2007-12-12,Lazio,1708.66540527
2007-12-13,Lazio,1710.6640625
2007-12-16,Lazio,1703.55212402
2007-12-17,Lazio,1703.55212402
2007-12-20,Lazio,1703.55212402
2007-12-21,Lazio,1704.19042969
2007-12-23,Lazio,1704.19042969
2007-12-24,Lazio,1706.08117676
2007-12-27,Lazio,1706.08117676
2008-01-14,Lazio,1693.36633301
2008-01-21,Lazio,1694.05444336
2008-01-27,Lazio,1694.05444336
2008-01-28,Lazio,1693.84692383
2008-02-04,Lazio,1698.9432373
2008-02-11,Lazio,1690.23535156
2008-02-14,Lazio,1690.23535156
2008-02-15,Lazio,1691.08239746
2008-02-18,Lazio,1700.17810059
2008-02-20,Lazio,1697.36425781
2008-02-21,Lazio,1698.40405273
2008-02-22,Lazio,1698.81066895
2008-02-25,Lazio,1689.22375488
2008-02-28,Lazio,1693.38928223
2008-03-02,Lazio,1699.61376953
2008-03-05,Lazio,1695.25830078
2008-03-06,Lazio,1701.27233887
2008-03-07,Lazio,1705.47033691
2008-03-09,Lazio,1705.47033691
2008-03-10,Lazio,1711.04699707
2008-03-12,Lazio,1708.16564941
2008-03-13,Lazio,1704.90112305
2008-03-14,Lazio,1704.90112305
2008-03-16,Lazio,1705.99890137
2008-03-17,Lazio,1705.99890137
2008-03-20,Lazio,1715.99304199
2008-03-23,Lazio,1711.61877441
2008-03-30,Lazio,1713.92138672
2008-04-02,Lazio,1711.53979492
2008-04-04,Lazio,1714.57373047
2008-04-06,Lazio,1714.57373047
2008-04-07,Lazio,1714.31091309
2008-04-09,Lazio,1714.31091309
2008-04-10,Lazio,1713.93139648
2008-04-11,Lazio,1716.45336914
2008-04-12,Lazio,1716.45336914
2008-04-14,Lazio,1711.98596191
2008-04-20,Lazio,1711.98596191
2008-04-21,Lazio,1703.00036621
2008-04-25,Lazio,1703.36376953
2008-04-27,Lazio,1703.36376953
2008-04-28,Lazio,1697.96496582
2008-05-02,Lazio,1696.85498047
2008-05-04,Lazio,1696.85498047
2008-05-05,Lazio,1685.30517578
2008-05-12,Lazio,1698.24475098
2008-05-15,Lazio,1698.24475098
2008-05-18,Lazio,1698.24475098
2008-05-19,Lazio,1703.2635498
2008-05-23,Lazio,1703.2635498
2008-08-13,Lazio,1704.93347168
2008-08-14,Lazio,1705.43249512
2008-08-15,Lazio,1705.59570312
2008-08-18,Lazio,1705.59570312
2008-08-25,Lazio,1705.59570312
2008-08-27,Lazio,1705.6217041
2008-08-28,Lazio,1705.79077148
2008-08-29,Lazio,1705.87805176
2008-09-01,Lazio,1720.26806641
2008-09-02,Lazio,1720.26806641
2008-09-14,Lazio,1720.26806641
2008-09-15,Lazio,1728.39477539
2008-09-17,Lazio,1725.44104004
2008-09-18,Lazio,1728.02001953
2008-09-19,Lazio,1734.47802734
2008-09-21,Lazio,1734.47802734
2008-09-22,Lazio,1726.87805176
2008-09-25,Lazio,1740.15930176
2008-09-28,Lazio,1740.15930176
2008-09-29,Lazio,1750.64831543
2008-10-01,Lazio,1746.03308105
2008-10-02,Lazio,1748.16516113
2008-10-03,Lazio,1738.91662598
2008-10-05,Lazio,1734.21728516
2008-10-06,Lazio,1734.21728516
2008-10-19,Lazio,1734.21728516
2008-10-20,Lazio,1720.87243652
2008-10-22,Lazio,1720.984375
2008-10-23,Lazio,1720.64025879
2008-10-24,Lazio,1728.51965332
2008-10-27,Lazio,1717.17163086
2008-10-30,Lazio,1725.07324219
2008-11-02,Lazio,1725.07324219
2008-11-03,Lazio,1728.91772461
2008-11-05,Lazio,1732.14746094
2008-11-06,Lazio,1737.55334473
2008-11-07,Lazio,1740.84558105
2008-11-09,Lazio,1740.84558105
2008-11-10,Lazio,1748.78540039
2008-11-17,Lazio,1744.43237305
2008-11-23,Lazio,1744.43237305
2008-11-24,Lazio,1740.40466309
2008-11-26,Lazio,1736.62561035
2008-11-27,Lazio,1733.22570801
2008-11-28,Lazio,1731.7364502
2008-11-30,Lazio,1731.7364502
2008-12-01,Lazio,1720.82055664
2008-12-04,Lazio,1717.61486816
2008-12-05,Lazio,1717.61486816
2008-12-07,Lazio,1707.79321289
2008-12-08,Lazio,1707.79321289
2008-12-10,Lazio,1706.24182129
2008-12-11,Lazio,1705.08496094
2008-12-14,Lazio,1705.08496094
2008-12-15,Lazio,1707.02441406
2008-12-18,Lazio,1705.42236328
2008-12-19,Lazio,1704.67736816
2008-12-21,Lazio,1709.56628418
2008-12-22,Lazio,1709.56628418
2008-12-27,Lazio,1709.56628418
2008-12-29,Lazio,1709.56628418
2009-01-12,Lazio,1717.08496094
2009-01-19,Lazio,1718.62670898
2009-01-26,Lazio,1698.03112793
2009-01-29,Lazio,1688.59509277
2009-02-01,Lazio,1688.59509277
2009-02-02,Lazio,1677.05053711
2009-02-08,Lazio,1677.05053711
2009-02-09,Lazio,1673.2166748
2009-02-15,Lazio,1668.53308105
2009-02-16,Lazio,1668.53308105
2009-02-19,Lazio,1665.81860352
2009-02-20,Lazio,1662.57470703
2009-02-21,Lazio,1662.57470703
2009-02-22,Lazio,1662.57470703
2009-02-23,Lazio,1675.08886719
2009-02-25,Lazio,1673.49072266
2009-02-26,Lazio,1672.30529785
2009-02-27,Lazio,1664.04309082
2009-03-01,Lazio,1670.26989746
2009-03-02,Lazio,1670.26989746
2009-03-04,Lazio,1670.26989746
2009-03-09,Lazio,1683.00231934
2009-03-11,Lazio,1681.86450195
2009-03-12,Lazio,1681.10290527
2009-03-13,Lazio,1685.16918945
2009-03-15,Lazio,1685.16918945
2009-03-16,Lazio,1664.4387207
2009-03-19,Lazio,1664.4387207
2009-03-20,Lazio,1664.8314209
2009-03-22,Lazio,1657.11425781
2009-03-23,Lazio,1657.11425781
2009-04-05,Lazio,1657.11425781
2009-04-06,Lazio,1647.20019531
2009-04-08,Lazio,1647.20019531
2009-04-09,Lazio,1647.20019531
2009-04-10,Lazio,1645.01806641
2009-04-12,Lazio,1658.93945312
2009-04-13,Lazio,1658.93945312
2009-04-16,Lazio,1658.93945312
2009-04-17,Lazio,1657.94519043
2009-04-19,Lazio,1669.40466309
2009-04-24,Lazio,1669.40466309
2009-04-26,Lazio,1669.40466309
2009-04-27,Lazio,1658.33300781
2009-05-03,Lazio,1655.13110352
2009-05-10,Lazio,1642.13745117
2009-05-12,Lazio,1642.13745117
2009-05-13,Lazio,1642.13745117
2009-05-17,Lazio,1642.13745117
2009-05-18,Lazio,1634.60168457
2009-05-21,Lazio,1639.45959473
2009-05-24,Lazio,1639.45959473
2009-05-25,Lazio,1639.45959473
2009-05-31,Lazio,1639.45959473
2009-06-01,Lazio,1635.88330078
2009-06-07,Lazio,1635.88330078
2009-06-14,Lazio,1635.88330078
2009-07-12,Lazio,1635.88330078
2009-07-17,Lazio,1635.88330078
2009-07-19,Lazio,1635.88330078
2009-07-26,Lazio,1635.88330078
2009-07-29,Lazio,1635.88330078
2009-07-31,Lazio,1636.47998047
2009-08-02,Lazio,1636.47998047
2009-08-05,Lazio,1636.47998047
2009-08-07,Lazio,1637.70532227
2009-08-09,Lazio,1637.70532227
2009-08-10,Lazio,1637.70532227
2009-08-19,Lazio,1639.17919922
2009-08-20,Lazio,1639.17919922
2009-08-21,Lazio,1653.15527344
2009-08-24,Lazio,1658.93371582
2009-08-25,Lazio,1658.93371582
2009-08-27,Lazio,1659.82727051
2009-08-28,Lazio,1659.79553223
2009-08-30,Lazio,1659.79553223
2009-08-31,Lazio,1669.54956055
2009-09-13,Lazio,1661.95654297
2009-09-14,Lazio,1661.95654297
2009-09-16,Lazio,1664.16333008
2009-09-17,Lazio,1662.64770508
2009-09-18,Lazio,1640.70544434
2009-09-21,Lazio,1640.8605957
2009-09-24,Lazio,1630.59790039
2009-09-27,Lazio,1630.59790039
2009-09-28,Lazio,1629.31689453
2009-09-30,Lazio,1633.32971191
2009-10-01,Lazio,1629.05493164
2009-10-02,Lazio,1644.37646484
2009-10-04,Lazio,1644.37646484
2009-10-05,Lazio,1649.87878418
2009-10-19,Lazio,1649.05187988
2009-10-21,Lazio,1648.91027832
2009-10-22,Lazio,1653.6217041
2009-10-23,Lazio,1661.94433594
2009-10-25,Lazio,1661.94433594
2009-10-26,Lazio,1651.77319336
2009-10-29,Lazio,1641.77502441
2009-10-31,Lazio,1641.77502441
2009-11-02,Lazio,1642.81933594
2009-11-03,Lazio,1642.81933594
2009-11-04,Lazio,1643.98498535
2009-11-05,Lazio,1647.52844238
2009-11-06,Lazio,1642.63183594
2009-11-08,Lazio,1642.63183594
2009-11-09,Lazio,1637.09655762
2009-11-22,Lazio,1637.09655762
2009-11-23,Lazio,1639.94018555
2009-11-25,Lazio,1640.07409668
2009-11-26,Lazio,1635.80126953
2009-11-28,Lazio,1635.80126953
2009-11-29,Lazio,1635.80126953
2009-11-30,Lazio,1632.59375
2009-12-03,Lazio,1621.90661621
2009-12-04,Lazio,1622.73144531
2009-12-07,Lazio,1619.77856445
2009-12-09,Lazio,1612.20544434
2009-12-10,Lazio,1617.69812012
2009-12-14,Lazio,1626.29394531
2009-12-16,Lazio,1626.29394531
2009-12-17,Lazio,1627.91992188
2009-12-18,Lazio,1605.74719238
2009-12-21,Lazio,1604.23242188
2010-01-07,Lazio,1614.16223145
2010-01-11,Lazio,1618.09448242
2010-01-18,Lazio,1606.94494629
2010-01-25,Lazio,1605.70996094
2010-02-01,Lazio,1611.56420898
2010-02-08,Lazio,1600.49121094
2010-02-15,Lazio,1616.33679199
2010-02-17,Lazio,1614.4329834
2010-02-18,Lazio,1614.05554199
2010-02-19,Lazio,1615.13916016
2010-02-22,Lazio,1609.42358398
2010-02-25,Lazio,1611.06994629
2010-02-26,Lazio,1604.45617676
2010-02-28,Lazio,1605.37609863
2010-03-08,Lazio,1600.78149414
2010-03-10,Lazio,1600.16052246
2010-03-11,Lazio,1597.86706543
2010-03-12,Lazio,1601.06762695
2010-03-15,Lazio,1587.12805176
2010-03-17,Lazio,1591.80639648
2010-03-19,Lazio,1584.64428711
2010-03-22,Lazio,1601.36047363
2010-03-25,Lazio,1609.56311035
2010-03-29,Lazio,1616.10144043
2010-04-01,Lazio,1617.04846191
2010-04-04,Lazio,1616.45800781
2010-04-07,Lazio,1617.99804688
2010-04-12,Lazio,1627.91040039
2010-04-13,Lazio,1627.91040039
2010-04-17,Lazio,1627.91040039
2010-04-18,Lazio,1627.91040039
2010-04-19,Lazio,1622.52563477
2010-04-21,Lazio,1626.83825684
2010-04-26,Lazio,1638.19812012
2010-04-28,Lazio,1638.19812012
2010-04-29,Lazio,1639.33703613
2010-05-03,Lazio,1634.00805664
2010-05-06,Lazio,1634.00805664
2010-05-09,Lazio,1634.00805664
2010-05-10,Lazio,1641.72766113
2010-05-11,Lazio,1641.72766113
2010-05-16,Lazio,1651.60888672
2010-05-17,Lazio,1651.60888672
2010-05-23,Lazio,1655.35070801
2010-06-20,Lazio,1655.35070801
2010-07-29,Lazio,1655.35070801
2010-07-30,Lazio,1655.44580078
2010-08-05,Lazio,1655.44580078
2010-08-06,Lazio,1655.4666748
2010-08-16,Lazio,1655.4666748
2010-08-18,Lazio,1655.4666748
2010-08-19,Lazio,1653.1652832
2010-08-20,Lazio,1655.2824707
2010-08-22,Lazio,1655.2824707
2010-08-25,Lazio,1655.10791016
2010-08-26,Lazio,1655.10791016
2010-08-27,Lazio,1656.55395508
2010-08-30,Lazio,1649.76477051
2010-09-12,Lazio,1649.76477051
2010-09-13,Lazio,1657.69042969
2010-09-15,Lazio,1656.36328125
2010-09-16,Lazio,1656.84484863
2010-09-17,Lazio,1649.66027832
2010-09-18,Lazio,1649.66027832
2010-09-19,Lazio,1660.24255371
2010-09-20,Lazio,1660.24255371
2010-09-23,Lazio,1661.22216797
2010-09-24,Lazio,1661.22216797
2010-09-25,Lazio,1661.22216797
2010-09-27,Lazio,1671.31591797
2010-09-28,Lazio,1671.31591797
2010-09-29,Lazio,1672.52026367
2010-09-30,Lazio,1674.77600098
2010-10-01,Lazio,1676.08068848
2010-10-03,Lazio,1676.08068848
2010-10-04,Lazio,1680.40673828
2010-10-17,Lazio,1680.40673828
2010-10-18,Lazio,1693.66723633
2010-10-20,Lazio,1685.95007324
2010-10-21,Lazio,1687.16784668
2010-10-22,Lazio,1678.3125
2010-10-24,Lazio,1678.3125
2010-10-25,Lazio,1683.38293457
2010-10-26,Lazio,1683.38293457
2010-11-01,Lazio,1693.76586914
2010-11-03,Lazio,1689.74194336
2010-11-04,Lazio,1693.42333984
2010-11-05,Lazio,1686.73657227
2010-11-07,Lazio,1686.73657227
2010-11-08,Lazio,1674.41821289
2010-11-09,Lazio,1674.41821289
2010-11-11,Lazio,1663.95715332
2010-11-14,Lazio,1663.95715332
2010-11-15,Lazio,1673.55249023
2010-11-21,Lazio,1673.55249023
2010-11-22,Lazio,1674.46643066
2010-11-24,Lazio,1681.34033203
2010-11-25,Lazio,1682.30358887
2010-11-29,Lazio,1678.76843262
2010-12-02,Lazio,1674.22045898
2010-12-03,Lazio,1672.0390625
2010-12-04,Lazio,1687.38256836
2010-12-05,Lazio,1687.38256836
2010-12-06,Lazio,1687.38256836
2010-12-08,Lazio,1682.70300293
2010-12-09,Lazio,1675.53112793
2010-12-12,Lazio,1675.53112793
2010-12-13,Lazio,1670.23193359
2010-12-16,Lazio,1671.96411133
2010-12-17,Lazio,1666.00610352
2010-12-20,Lazio,1671.22253418
2010-12-22,Lazio,1671.22253418
2011-01-07,Lazio,1672.41174316
2011-01-10,Lazio,1658.44616699
2011-01-16,Lazio,1658.44616699
2011-01-17,Lazio,1664.22119141
2011-01-24,Lazio,1653.4251709
2011-01-30,Lazio,1661.53918457
2011-02-02,Lazio,1666.77502441
2011-02-03,Lazio,1666.77502441
2011-02-06,Lazio,1666.77502441
2011-02-07,Lazio,1663.29260254
2011-02-14,Lazio,1672.65698242
2011-02-16,Lazio,1670.22058105
2011-02-17,Lazio,1668.02819824
2011-02-18,Lazio,1667.64135742
2011-02-20,Lazio,1667.64135742
2011-02-21,Lazio,1670.60388184
2011-02-24,Lazio,1668.35998535
2011-02-25,Lazio,1665.8527832
2011-02-27,Lazio,1665.8527832
2011-02-28,Lazio,1658.67431641
2011-03-05,Lazio,1658.67431641
2011-03-06,Lazio,1658.67431641
2011-03-07,Lazio,1666.43115234
2011-03-09,Lazio,1664.74890137
2011-03-10,Lazio,1664.31567383
2011-03-11,Lazio,1664.31567383
2011-03-12,Lazio,1664.31567383
2011-03-14,Lazio,1657.22631836
2011-03-15,Lazio,1657.22631836
2011-03-16,Lazio,1662.61743164
2011-03-18,Lazio,1662.61743164
2011-03-20,Lazio,1665.7989502
2011-03-21,Lazio,1665.7989502
2011-04-03,Lazio,1665.7989502
2011-04-04,Lazio,1660.53088379
2011-04-06,Lazio,1653.69421387
2011-04-07,Lazio,1653.69421387
2011-04-10,Lazio,1653.69421387
2011-04-11,Lazio,1659.37524414
2011-04-12,Lazio,1659.37524414
2011-04-14,Lazio,1658.49487305
2011-04-17,Lazio,1658.49487305
2011-04-18,Lazio,1672.00231934
2011-04-19,Lazio,1672.00231934
2011-04-24,Lazio,1668.05407715
2011-04-29,Lazio,1668.05407715
2011-05-02,Lazio,1668.05407715
2011-05-03,Lazio,1657.83325195
2011-05-08,Lazio,1657.83325195
2011-05-09,Lazio,1652.078125
2011-05-12,Lazio,1652.078125
2011-05-15,Lazio,1659.80273438
2011-05-16,Lazio,1659.80273438
2011-05-19,Lazio,1659.80273438
2011-05-21,Lazio,1659.80273438
2011-05-22,Lazio,1659.80273438
2011-05-23,Lazio,1669.64941406
2011-05-29,Lazio,1669.64941406
2011-05-30,Lazio,1669.64941406
2011-06-19,Lazio,1669.64941406
2011-06-23,Lazio,1669.64941406
2011-07-27,Lazio,1669.64941406
2011-07-29,Lazio,1667.39978027
2011-07-31,Lazio,1667.39978027
2011-08-04,Lazio,1667.39978027
2011-08-05,Lazio,1665.61437988
2011-08-07,Lazio,1665.61437988
2011-08-14,Lazio,1665.61437988
2011-08-17,Lazio,1665.07409668
2011-08-18,Lazio,1665.07409668
2011-08-19,Lazio,1666.53723145
2011-08-21,Lazio,1666.53723145
2011-08-22,Lazio,1666.53723145
2011-08-24,Lazio,1666.53723145
2011-08-25,Lazio,1664.6418457
2011-08-26,Lazio,1659.25378418
2011-08-28,Lazio,1659.25378418
2011-09-10,Lazio,1664.07592773
2011-09-11,Lazio,1664.07592773
2011-09-12,Lazio,1664.07592773
2011-09-14,Lazio,1666.8927002
2011-09-15,Lazio,1664.48974609
2011-09-16,Lazio,1658.56665039
2011-09-18,Lazio,1658.56665039
2011-09-19,Lazio,1647.43518066
2011-09-21,Lazio,1647.43518066
2011-09-22,Lazio,1653.8371582
2011-09-25,Lazio,1653.8371582
2011-09-26,Lazio,1650.38928223
2011-09-27,Lazio,1650.38928223
2011-09-28,Lazio,1657.57458496
2011-09-29,Lazio,1658.56384277
2011-09-30,Lazio,1651.4954834
2011-10-01,Lazio,1651.4954834
2011-10-03,Lazio,1661.24780273
2011-10-15,Lazio,1661.24780273
2011-10-17,Lazio,1667.78088379
2011-10-19,Lazio,1672.98657227
2011-10-20,Lazio,1673.80114746
2011-10-21,Lazio,1675.9185791
2011-10-23,Lazio,1675.9185791
2011-10-24,Lazio,1684.45092773
2011-10-25,Lazio,1684.45092773
2011-10-27,Lazio,1680.26330566
2011-10-31,Lazio,1693.17822266
2011-11-02,Lazio,1691.48059082
2011-11-03,Lazio,1692.98059082
2011-11-04,Lazio,1693.42626953
2011-11-05,Lazio,1693.42626953
2011-11-06,Lazio,1693.42626953
2011-11-07,Lazio,1697.74206543
2011-11-19,Lazio,1697.74206543
2011-11-20,Lazio,1700.04724121
2011-11-23,Lazio,1703.75671387
2011-11-24,Lazio,1702.39379883
2011-11-26,Lazio,1702.39379883
2011-11-27,Lazio,1692.5859375
2011-11-28,Lazio,1692.5859375
2011-12-01,Lazio,1693.04760742
2011-12-02,Lazio,1689.88208008
2011-12-05,Lazio,1689.88208008
2011-12-06,Lazio,1694.1541748
2011-12-07,Lazio,1692.85473633
2011-12-08,Lazio,1693.9588623
2011-12-11,Lazio,1698.6505127
2011-12-15,Lazio,1710.50964355
2011-12-16,Lazio,1708.41638184
2011-12-19,Lazio,1707.00268555
2011-12-22,Lazio,1702.45629883
2012-01-01,Lazio,1702.45629883
2012-01-03,Lazio,1702.45629883
2012-01-05,Lazio,1702.45629883
2012-01-08,Lazio,1680.43200684
2012-01-09,Lazio,1680.43200684
2012-01-16,Lazio,1686.94250488
2012-01-17,Lazio,1686.94250488
2012-01-23,Lazio,1682.15039062
2012-01-26,Lazio,1682.15039062
2012-01-29,Lazio,1682.15039062
2012-01-30,Lazio,1695.12841797
2012-02-02,Lazio,1708.42370605
2012-02-05,Lazio,1708.42370605
2012-02-06,Lazio,1699.04138184
2012-02-07,Lazio,1699.04138184
2012-02-10,Lazio,1701.90771484
2012-02-11,Lazio,1701.90771484
2012-02-12,Lazio,1701.90771484
2012-02-15,Lazio,1701.90771484
2012-02-16,Lazio,1708.68591309
2012-02-17,Lazio,1691.92248535
2012-02-19,Lazio,1691.92248535
2012-02-20,Lazio,1674.45837402
2012-02-21,Lazio,1674.45837402
2012-02-22,Lazio,1678.41430664
2012-02-23,Lazio,1677.25268555
2012-02-24,Lazio,1681.42346191
2012-02-26,Lazio,1681.42346191
2012-02-27,Lazio,1686.78088379
2012-03-04,Lazio,1686.78088379
2012-03-05,Lazio,1695.92980957
2012-03-06,Lazio,1695.92980957
2012-03-07,Lazio,1692.98425293
2012-03-09,Lazio,1689.07104492
2012-03-10,Lazio,1689.07104492
2012-03-12,Lazio,1671.98754883
2012-03-14,Lazio,1671.15124512
2012-03-15,Lazio,1664.54992676
2012-03-16,Lazio,1664.49645996
2012-03-18,Lazio,1664.49645996
2012-03-19,Lazio,1656.54541016
2012-03-22,Lazio,1656.54541016
2012-03-23,Lazio,1656.54541016
2012-03-25,Lazio,1656.54541016
2012-03-26,Lazio,1661.18676758
2012-03-27,Lazio,1661.18676758
2012-03-28,Lazio,1661.18676758
2012-03-29,Lazio,1661.56164551
2012-03-30,Lazio,1661.56164551
2012-04-01,Lazio,1649.80200195
2012-04-04,Lazio,1648.44189453
2012-04-07,Lazio,1648.44189453
2012-04-08,Lazio,1659.95410156
2012-04-09,Lazio,1659.95410156
2012-04-11,Lazio,1659.95410156
2012-04-12,Lazio,1655.72436523
2012-04-14,Lazio,1655.72436523
2012-04-15,Lazio,1655.72436523
2012-04-17,Lazio,1655.72436523
2012-04-22,Lazio,1655.72436523
2012-04-23,Lazio,1651.41455078
2012-04-24,Lazio,1651.41455078
2012-04-26,Lazio,1640.15649414
2012-04-30,Lazio,1631.15234375
2012-05-03,Lazio,1628.2154541
2012-05-06,Lazio,1628.2154541
2012-05-07,Lazio,1640.8404541
2012-05-08,Lazio,1640.8404541
2012-05-13,Lazio,1640.8404541
2012-05-14,Lazio,1652.02880859
2012-08-02,Lazio,1652.02880859
2012-08-03,Lazio,1653.06152344
2012-08-08,Lazio,1653.06152344
2012-08-09,Lazio,1653.06152344
2012-08-10,Lazio,1652.60266113
2012-08-13,Lazio,1652.60266113
2012-08-18,Lazio,1652.60266113
2012-08-19,Lazio,1652.60266113
2012-08-22,Lazio,1652.60266113
2012-08-23,Lazio,1653.96704102
2012-08-24,Lazio,1657.48474121
2012-08-26,Lazio,1657.48474121
2012-08-27,Lazio,1665.59570312
2012-08-29,Lazio,1664.99780273
2012-08-31,Lazio,1664.94799805
2012-09-03,Lazio,1671.86157227
2012-09-16,Lazio,1671.86157227
2012-09-17,Lazio,1682.95385742
2012-09-19,Lazio,1681.17932129
2012-09-20,Lazio,1682.62524414
2012-09-21,Lazio,1688.96435547
2012-09-23,Lazio,1688.96435547
2012-09-24,Lazio,1676.26599121
2012-09-25,Lazio,1676.26599121
2012-09-26,Lazio,1676.26599121
2012-09-27,Lazio,1666.93823242
2012-10-01,Lazio,1671.76879883
2012-10-03,Lazio,1671.21984863
2012-10-04,Lazio,1674.86779785
2012-10-05,Lazio,1678.99047852
2012-10-08,Lazio,1688.49865723
2012-10-21,Lazio,1697.12243652
2012-10-24,Lazio,1694.94946289
2012-10-25,Lazio,1693.44775391
2012-10-26,Lazio,1683.8034668
2012-10-29,Lazio,1672.17175293
2012-10-30,Lazio,1672.17175293
2012-11-01,Lazio,1667.02722168
2012-11-04,Lazio,1667.02722168
2012-11-05,Lazio,1649.9354248
2012-11-07,Lazio,1649.61560059
2012-11-08,Lazio,1650.51049805
2012-11-09,Lazio,1659.26489258
2012-11-11,Lazio,1659.26489258
2012-11-12,Lazio,1665.30273438
2012-11-18,Lazio,1670.78662109
2012-11-19,Lazio,1670.78662109
2012-11-20,Lazio,1670.78662109
2012-11-21,Lazio,1674.71618652
2012-11-22,Lazio,1679.24255371
2012-11-23,Lazio,1673.56518555
2012-11-25,Lazio,1673.56518555
2012-11-26,Lazio,1673.56518555
2012-11-28,Lazio,1683.49841309
2012-12-01,Lazio,1683.49841309
2012-12-02,Lazio,1683.49841309
2012-12-03,Lazio,1689.1340332
2012-12-04,Lazio,1689.1340332
2012-12-05,Lazio,1685.47705078
2012-12-06,Lazio,1689.43579102
2012-12-07,Lazio,1689.73278809
2012-12-09,Lazio,1689.73278809
2012-12-10,Lazio,1689.73278809
2012-12-11,Lazio,1688.49316406
2012-12-13,Lazio,1688.49316406
2012-12-16,Lazio,1695.19946289
2012-12-23,Lazio,1700.70141602
2012-12-24,Lazio,1700.70141602
2013-01-06,Lazio,1703.56213379
2013-01-07,Lazio,1703.56213379
2013-01-13,Lazio,1703.56213379
2013-01-14,Lazio,1708.39465332
2013-01-20,Lazio,1705.5065918
2013-01-21,Lazio,1705.5065918
2013-01-27,Lazio,1692.04064941
2013-01-28,Lazio,1692.04064941
2013-02-02,Lazio,1692.04064941
2013-02-03,Lazio,1692.04064941
2013-02-04,Lazio,1681.16027832
2013-02-10,Lazio,1680.30041504
2013-02-13,Lazio,1682.74157715
2013-02-15,Lazio,1686.62402344
2013-02-16,Lazio,1686.62402344
2013-02-17,Lazio,1686.62402344
2013-02-19,Lazio,1669.39233398
2013-02-21,Lazio,1673.6640625
2013-02-22,Lazio,1692.86901855
2013-02-25,Lazio,1692.86901855
2013-02-26,Lazio,1695.96972656
2013-02-28,Lazio,1695.96972656
2013-03-03,Lazio,1688.17541504
2013-03-04,Lazio,1688.17541504
2013-03-06,Lazio,1688.17541504
2013-03-07,Lazio,1688.44421387
2013-03-08,Lazio,1705.50244141
2013-03-11,Lazio,1690.20263672
2013-03-13,Lazio,1685.27197266
2013-03-15,Lazio,1696.14099121
2013-03-18,Lazio,1686.14147949
2013-03-31,Lazio,1691.65405273
2013-04-01,Lazio,1691.65405273
2013-04-02,Lazio,1691.65405273
2013-04-03,Lazio,1689.66540527
2013-04-05,Lazio,1676.00964355
2013-04-06,Lazio,1676.00964355
2013-04-07,Lazio,1676.00964355
2013-04-09,Lazio,1676.93005371
2013-04-11,Lazio,1675.56494141
2013-04-12,Lazio,1670.78491211
2013-04-14,Lazio,1670.78491211
2013-04-15,Lazio,1670.78491211
2013-04-16,Lazio,1662.91333008
2013-04-21,Lazio,1656.1875
2013-04-23,Lazio,1656.1875
2013-04-26,Lazio,1656.1875
2013-04-27,Lazio,1656.1875
2013-04-28,Lazio,1656.1875
2013-04-29,Lazio,1656.19482422
2013-04-30,Lazio,1656.19482422
2013-05-05,Lazio,1656.19482422
2013-05-06,Lazio,1669.56420898
2013-05-08,Lazio,1669.56420898
2013-05-09,Lazio,1681.93054199
2013-05-12,Lazio,1681.93054199
2013-05-13,Lazio,1687.06213379
2013-05-19,Lazio,1687.06213379
2013-05-20,Lazio,1677.81262207
2013-05-27,Lazio,1677.81262207
2013-06-03,Lazio,1677.81262207
2013-07-15,Lazio,1677.81262207
2013-07-17,Lazio,1677.81262207
2013-07-28,Lazio,1677.81262207
2013-08-02,Lazio,1678.07592773
2013-08-04,Lazio,1678.07592773
2013-08-05,Lazio,1678.07592773
2013-08-07,Lazio,1678.07592773
2013-08-09,Lazio,1678.21154785
2013-08-12,Lazio,1678.21154785
2013-08-19,Lazio,1678.21154785
2013-08-20,Lazio,1678.21154785
2013-08-21,Lazio,1678.70629883
2013-08-22,Lazio,1678.70629883
2013-08-23,Lazio,1673.5168457
2013-08-24,Lazio,1673.5168457
2013-08-25,Lazio,1673.5168457
2013-08-26,Lazio,1680.25964355
2013-08-28,Lazio,1680.25964355
2013-08-29,Lazio,1683.71496582
2013-08-30,Lazio,1682.43212891
2013-09-01,Lazio,1676.43969727
2013-09-02,Lazio,1676.43969727
2013-09-09,Lazio,1676.43969727
2013-09-15,Lazio,1676.43969727
2013-09-16,Lazio,1683.81103516
2013-09-17,Lazio,1683.81103516
2013-09-18,Lazio,1681.54101562
2013-09-19,Lazio,1686.97192383
2013-09-20,Lazio,1692.68261719
2013-09-22,Lazio,1692.68261719
2013-09-23,Lazio,1683.54296875
2013-09-25,Lazio,1683.54296875
2013-09-26,Lazio,1690.17333984
2013-09-29,Lazio,1690.17333984
2013-09-30,Lazio,1686.49609375
2013-10-02,Lazio,1684.44384766
2013-10-03,Lazio,1682.5802002
2013-10-04,Lazio,1683.14599609
2013-10-07,Lazio,1682.47900391
2013-10-20,Lazio,1682.47900391
2013-10-21,Lazio,1672.94970703
2013-10-22,Lazio,1672.94970703
2013-10-23,Lazio,1677.44677734
2013-10-24,Lazio,1676.56115723
2013-10-25,Lazio,1671.97412109
2013-10-26,Lazio,1671.97412109
2013-10-27,Lazio,1671.97412109
2013-10-28,Lazio,1678.82788086
2013-10-31,Lazio,1683.0435791
2013-11-02,Lazio,1683.0435791
2013-11-03,Lazio,1683.0435791
2013-11-04,Lazio,1665.04968262
2013-11-06,Lazio,1666.29223633
2013-11-07,Lazio,1666.80761719
2013-11-08,Lazio,1671.2956543
2013-11-10,Lazio,1671.2956543
2013-11-11,Lazio,1671.31103516
2013-11-23,Lazio,1671.31103516
2013-11-24,Lazio,1671.31103516
2013-11-25,Lazio,1669.05273438
2013-11-27,Lazio,1671.18518066
2013-11-28,Lazio,1671.84802246
2013-11-29,Lazio,1679.0378418
2013-12-01,Lazio,1679.0378418
2013-12-02,Lazio,1679.0378418
2013-12-03,Lazio,1668.68615723
2013-12-08,Lazio,1668.68615723
2013-12-09,Lazio,1659.9609375
2013-12-12,Lazio,1659.96435547
2013-12-13,Lazio,1656.0065918
2013-12-15,Lazio,1656.0065918
2013-12-16,Lazio,1660.91650391
2013-12-17,Lazio,1660.91650391
2013-12-21,Lazio,1660.91650391
2013-12-23,Lazio,1646.41503906
2013-12-27,Lazio,1646.41503906
2013-12-29,Lazio,1646.41503906
2014-01-02,Lazio,1646.41503906
2014-01-05,Lazio,1646.41503906
2014-01-06,Lazio,1646.41503906
2014-01-07,Lazio,1653.68981934
2014-01-12,Lazio,1652.96618652
2014-01-18,Lazio,1652.96618652
2014-01-19,Lazio,1652.96618652
2014-01-20,Lazio,1661.81530762
2014-01-26,Lazio,1666.0300293
2014-01-27,Lazio,1666.0300293
2014-02-02,Lazio,1666.0300293
2014-02-03,Lazio,1676.1784668
2014-02-09,Lazio,1676.1784668
2014-02-10,Lazio,1676.93908691
2014-02-12,Lazio,1676.93908691
2014-02-16,Lazio,1676.93908691
2014-02-17,Lazio,1663.16149902
2014-02-20,Lazio,1662.03735352
2014-02-21,Lazio,1649.45751953
2014-02-23,Lazio,1649.45751953
2014-02-24,Lazio,1652.69909668
2014-02-25,Lazio,1652.69909668
2014-02-26,Lazio,1652.69909668
2014-02-28,Lazio,1648.77539062
2014-03-02,Lazio,1648.77539062
2014-03-03,Lazio,1660.46826172
2014-03-09,Lazio,1660.46826172
2014-03-10,Lazio,1648.85559082
2014-03-11,Lazio,1648.85559082
2014-03-12,Lazio,1647.34057617
2014-03-14,Lazio,1645.40563965
2014-03-16,Lazio,1645.40563965
2014-03-17,Lazio,1656.76586914
2014-03-18,Lazio,1656.76586914
2014-03-20,Lazio,1656.76586914
2014-03-21,Lazio,1655.06335449
2014-03-23,Lazio,1655.06335449
2014-03-24,Lazio,1654.70153809
2014-03-25,Lazio,1654.70153809
2014-03-27,Lazio,1642.88378906
2014-03-30,Lazio,1642.88378906
2014-03-31,Lazio,1650.57849121
2014-04-04,Lazio,1651.74157715
2014-04-05,Lazio,1651.74157715
2014-04-06,Lazio,1651.74157715
2014-04-07,Lazio,1659.48474121
2014-04-10,Lazio,1659.48474121
2014-04-11,Lazio,1660.2310791
2014-04-14,Lazio,1654.37426758
2014-04-15,Lazio,1654.37426758
2014-04-20,Lazio,1651.84216309
2014-04-21,Lazio,1651.84216309
2014-04-22,Lazio,1651.84216309
2014-04-25,Lazio,1650.26904297
2014-04-28,Lazio,1657.12902832
2014-04-30,Lazio,1657.12902832
2014-05-01,Lazio,1657.12902832
2014-05-02,Lazio,1654.60693359
2014-05-04,Lazio,1654.60693359
2014-05-06,Lazio,1651.2512207
2014-05-08,Lazio,1651.2512207
2014-05-11,Lazio,1640.81005859
2014-05-12,Lazio,1640.81005859
2014-05-19,Lazio,1644.89929199
2014-05-21,Lazio,1644.89929199
2014-07-17,Lazio,1644.89929199
2014-07-26,Lazio,1644.89929199
2014-08-01,Lazio,1645.31530762
2014-08-08,Lazio,1645.5300293
2014-08-18,Lazio,1645.5300293
2014-08-20,Lazio,1644.99523926
2014-08-22,Lazio,1644.53137207
2014-08-28,Lazio,1640.78027344
2014-08-29,Lazio,1642.37609863
2014-08-31,Lazio,1642.37609863
2014-09-01,Lazio,1635.38098145
2014-09-14,Lazio,1635.38098145
2014-09-15,Lazio,1640.89257812
2014-09-16,Lazio,1640.89257812
2014-09-17,Lazio,1641.53674316
2014-09-18,Lazio,1645.25549316
2014-09-19,Lazio,1652.14172363
2014-09-21,Lazio,1652.14172363
2014-09-22,Lazio,1643.44812012
2014-09-23,Lazio,1643.44812012
2014-09-26,Lazio,1633.99719238
2014-09-29,Lazio,1633.99719238
2014-09-30,Lazio,1650.22094727
2014-10-01,Lazio,1652.08703613
2014-10-02,Lazio,1650.1192627
2014-10-03,Lazio,1655.23852539
2014-10-06,Lazio,1659.19726562
2014-10-18,Lazio,1659.19726562
2014-10-19,Lazio,1659.19726562
2014-10-20,Lazio,1675.36120605
2014-10-22,Lazio,1671.61169434
2014-10-23,Lazio,1667.44091797
2014-10-24,Lazio,1663.81848145
2014-10-27,Lazio,1669.83361816
2014-10-31,Lazio,1669.25549316
2014-11-02,Lazio,1669.25549316
2014-11-04,Lazio,1675.5723877
2014-11-05,Lazio,1676.53295898
2014-11-06,Lazio,1675.80761719
2014-11-07,Lazio,1670.93615723
2014-11-09,Lazio,1670.93615723
2014-11-10,Lazio,1659.96801758
2014-11-23,Lazio,1652.64660645
2014-11-25,Lazio,1652.64660645
2014-11-26,Lazio,1652.7142334
2014-11-27,Lazio,1653.99560547
2014-11-28,Lazio,1656.87719727
2014-11-29,Lazio,1656.87719727
2014-11-30,Lazio,1655.08825684
2014-12-04,Lazio,1655.08825684
2014-12-08,Lazio,1662.46728516
2014-12-10,Lazio,1662.26855469
2014-12-11,Lazio,1659.47888184
2014-12-12,Lazio,1658.1887207
2014-12-14,Lazio,1666.37231445
2014-12-21,Lazio,1666.37231445
2014-12-22,Lazio,1667.71520996
2015-01-05,Lazio,1667.71520996
2015-01-06,Lazio,1677.14404297
2015-01-12,Lazio,1681.52526855
2015-01-19,Lazio,1673.69812012
2015-01-25,Lazio,1683.37670898
2015-02-02,Lazio,1670.78918457
2015-02-06,Lazio,1670.78918457
2015-02-08,Lazio,1670.78918457
2015-02-09,Lazio,1670.78918457
2015-02-10,Lazio,1659.3894043
2015-02-16,Lazio,1667.66442871
2015-02-18,Lazio,1667.66442871
2015-02-20,Lazio,1670.75036621
2015-02-23,Lazio,1675.83508301
2015-02-24,Lazio,1675.83508301
2015-02-25,Lazio,1676.75439453
2015-02-27,Lazio,1692.06469727
2015-02-28,Lazio,1692.06469727
2015-03-02,Lazio,1704.05444336
2015-03-05,Lazio,1704.05444336
2015-03-08,Lazio,1704.05444336
2015-03-10,Lazio,1719.78747559
2015-03-13,Lazio,1718.52368164
2015-03-15,Lazio,1718.52368164
2015-03-17,Lazio,1730.71166992
2015-03-19,Lazio,1734.75073242
2015-03-20,Lazio,1735.56494141
2015-03-23,Lazio,1740.65588379
2015-04-05,Lazio,1747.21069336
2015-04-06,Lazio,1747.21069336
2015-04-12,Lazio,1747.21069336
2015-04-13,Lazio,1753.50683594
2015-04-15,Lazio,1754.70556641
2015-04-17,Lazio,1762.94482422
2015-04-19,Lazio,1758.63366699
2015-04-20,Lazio,1758.63366699
2015-04-23,Lazio,1759.24609375
2015-04-24,Lazio,1763.04919434
2015-04-27,Lazio,1757.38366699
2015-04-30,Lazio,1762.98120117
2015-05-04,Lazio,1760.23779297
2015-05-06,Lazio,1762.07568359
2015-05-08,Lazio,1758.13696289
2015-05-10,Lazio,1758.13696289
2015-05-11,Lazio,1746.89990234
2015-05-14,Lazio,1750.80383301
2015-05-15,Lazio,1745.34558105
2015-05-17,Lazio,1753.14770508
2015-05-18,Lazio,1753.14770508
2015-05-25,Lazio,1753.14770508
2015-05-26,Lazio,1743.66906738
2015-06-01,Lazio,1758.60351562
2015-06-07,Lazio,1756.37695312
2015-07-31,Lazio,1743.90966797
2015-08-07,Lazio,1744.39550781
2015-08-10,Lazio,1744.39550781
2015-08-16,Lazio,1744.39550781
2015-08-19,Lazio,1752.85754395
2015-08-23,Lazio,1754.67321777
2015-08-24,Lazio,1754.67321777
2015-08-27,Lazio,1731.9432373
2015-08-28,Lazio,1731.9432373
2015-08-31,Lazio,1711.5078125
2015-09-13,Lazio,1711.5078125
2015-09-14,Lazio,1716.2800293
2015-09-16,Lazio,1720.05859375
2015-09-17,Lazio,1722.26745605
2015-09-18,Lazio,1722.4251709
2015-09-21,Lazio,1709.70300293
2015-09-22,Lazio,1709.70300293
2015-09-24,Lazio,1716.58618164
2015-09-28,Lazio,1723.4810791
2015-09-29,Lazio,1723.4810791
2015-09-30,Lazio,1719.63256836
2015-10-01,Lazio,1722.47167969
2015-10-02,Lazio,1735.07385254
2015-10-05,Lazio,1737.36169434
2015-10-19,Lazio,1728.43591309
2015-10-21,Lazio,1729.60107422
2015-10-22,Lazio,1727.74658203
2015-10-23,Lazio,1729.84106445
2015-10-24,Lazio,1729.84106445
2015-10-26,Lazio,1738.27844238
2015-10-29,Lazio,1728.51940918
2015-11-02,Lazio,1712.61047363
2015-11-04,Lazio,1712.52062988
2015-11-05,Lazio,1714.74682617
2015-11-06,Lazio,1728.51879883
2015-11-09,Lazio,1721.89526367
2015-11-22,Lazio,1721.89526367
2015-11-23,Lazio,1716.87207031
2015-11-25,Lazio,1715.87255859
2015-11-26,Lazio,1717.73144531
2015-11-27,Lazio,1727.4921875
2015-11-29,Lazio,1727.4921875
2015-11-30,Lazio,1718.50598145
2015-12-05,Lazio,1710.91015625
2015-12-09,Lazio,1708.08874512
2015-12-10,Lazio,1705.89672852
2015-12-11,Lazio,1708.82067871
2015-12-13,Lazio,1708.82067871
2015-12-14,Lazio,1708.82067871
2015-12-15,Lazio,1703.63439941
2015-12-21,Lazio,1715.15722656
2016-01-07,Lazio,1708.25354004
2016-01-10,Lazio,1724.86108398
2016-01-14,Lazio,1724.86108398
2016-01-18,Lazio,1721.90319824
2016-01-19,Lazio,1721.90319824
2016-01-25,Lazio,1729.078125
2016-02-01,Lazio,1726.98803711
2016-02-03,Lazio,1726.98803711
2016-02-04,Lazio,1717.29125977
2016-02-07,Lazio,1717.47412109
2016-02-12,Lazio,1722.67687988
2016-02-14,Lazio,1722.67687988
2016-02-15,Lazio,1722.67687988
2016-02-17,Lazio,1722.67687988
2016-02-18,Lazio,1721.71142578
2016-02-19,Lazio,1720.41186523
2016-02-22,Lazio,1716.16345215
2016-02-24,Lazio,1715.14929199
2016-02-26,Lazio,1718.68505859
2016-03-01,Lazio,1701.40808105
2016-03-03,Lazio,1701.40808105
2016-03-07,Lazio,1701.81945801
2016-03-09,Lazio,1701.48803711
2016-03-11,Lazio,1705.71166992
2016-03-13,Lazio,1705.71166992
2016-03-14,Lazio,1710.35888672
2016-03-17,Lazio,1707.45202637
2016-03-18,Lazio,1679.56262207
2016-03-21,Lazio,1682.49597168
2016-04-02,Lazio,1682.49597168
2016-04-04,Lazio,1669.45483398
2016-04-10,Lazio,1669.45483398
2016-04-11,Lazio,1680.93566895
2016-04-18,Lazio,1686.92370605
2016-04-21,Lazio,1683.55236816
2016-04-23,Lazio,1683.55236816
2016-04-25,Lazio,1675.09631348
2016-05-01,Lazio,1675.09631348
2016-05-02,Lazio,1685.12451172
2016-05-06,Lazio,1685.12451172
2016-05-08,Lazio,1685.12451172
2016-05-09,Lazio,1694.19580078
2016-05-12,Lazio,1694.19580078
2016-05-15,Lazio,1694.19580078
2016-05-16,Lazio,1679.94995117
2016-07-15,Lazio,1679.94995117
2016-07-22,Lazio,1679.94995117
2016-07-27,Lazio,1679.94995117
2016-07-28,Lazio,1679.94995117
2016-07-29,Lazio,1680.4453125
2016-08-04,Lazio,1680.4453125
2016-08-05,Lazio,1683.69946289
2016-08-13,Lazio,1683.69946289
2016-08-18,Lazio,1684.4206543
2016-08-19,Lazio,1686.25134277
2016-08-21,Lazio,1686.25134277
2016-08-22,Lazio,1693.75341797
2016-08-24,Lazio,1684.06396484
2016-08-25,Lazio,1684.06396484
2016-08-26,Lazio,1684.11010742
2016-08-28,Lazio,1680.06445312
2016-08-29,Lazio,1680.06445312
2016-09-04,Lazio,1680.06445312
2016-09-11,Lazio,1680.06445312
2016-09-12,Lazio,1680.35314941
2016-09-14,Lazio,1683.4552002
2016-09-15,Lazio,1681.67956543
2016-09-16,Lazio,1679.07458496
2016-09-18,Lazio,1684.08239746
2016-09-21,Lazio,1674.73217773
2016-09-22,Lazio,1674.73217773
2016-09-25,Lazio,1674.73217773
2016-09-26,Lazio,1679.91345215
2016-09-28,Lazio,1682.40063477
2016-09-29,Lazio,1685.42578125
2016-09-30,Lazio,1678.81396484
2016-10-02,Lazio,1690.21643066
2016-10-03,Lazio,1690.21643066
2016-10-15,Lazio,1690.21643066
2016-10-17,Lazio,1684.69787598
2016-10-18,Lazio,1684.69787598
2016-10-19,Lazio,1686.2902832
2016-10-20,Lazio,1681.7154541
2016-10-21,Lazio,1685.03723145
2016-10-23,Lazio,1685.03723145
2016-10-24,Lazio,1686.10754395
2016-10-27,Lazio,1691.96533203
2016-10-30,Lazio,1691.96533203
2016-10-31,Lazio,1697.47106934
2016-11-02,Lazio,1697.38317871
2016-11-03,Lazio,1694.82751465
2016-11-04,Lazio,1695.50830078
2016-11-05,Lazio,1695.50830078
2016-11-06,Lazio,1700.07702637
2016-11-07,Lazio,1700.07702637
2016-11-19,Lazio,1700.07702637
2016-11-20,Lazio,1700.07702637
2016-11-21,Lazio,1706.05407715
2016-11-23,Lazio,1710.11096191
2016-11-24,Lazio,1708.6270752
2016-11-25,Lazio,1701.23205566
2016-11-28,Lazio,1706.19506836
2016-12-01,Lazio,1706.19506836
2016-12-04,Lazio,1706.19506836
2016-12-05,Lazio,1694.82287598
2016-12-07,Lazio,1698.73718262
2016-12-08,Lazio,1699.31921387
2016-12-09,Lazio,1701.38586426
2016-12-10,Lazio,1695.42626953
2016-12-11,Lazio,1702.64697266
2016-12-19,Lazio,1710.65014648
2016-12-21,Lazio,1710.65014648
2016-12-22,Lazio,1698.59667969
2016-12-27,Lazio,1698.59667969
2017-01-08,Lazio,1698.59667969
2017-01-09,Lazio,1700.30395508
2017-01-15,Lazio,1700.30395508
2017-01-16,Lazio,1705.1217041
2017-01-17,Lazio,1705.1217041
2017-01-21,Lazio,1705.1217041
2017-01-22,Lazio,1705.1217041
2017-01-23,Lazio,1701.98583984
2017-01-29,Lazio,1688.5402832
2017-01-30,Lazio,1688.5402832
2017-02-05,Lazio,1688.5402832
2017-02-06,Lazio,1696.4317627
2017-02-07,Lazio,1696.4317627
2017-02-11,Lazio,1696.4317627
2017-02-12,Lazio,1696.4317627
2017-02-14,Lazio,1693.55395508
2017-02-16,Lazio,1692.76379395
2017-02-17,Lazio,1702.36779785
2017-02-19,Lazio,1708.41784668
2017-02-23,Lazio,1710.95141602
2017-02-24,Lazio,1702.96557617
2017-02-26,Lazio,1702.96557617
2017-02-27,Lazio,1706.03430176
2017-03-01,Lazio,1706.03430176
2017-03-04,Lazio,1706.03430176
2017-03-05,Lazio,1706.03430176
2017-03-06,Lazio,1714.25183105
2017-03-08,Lazio,1713.25366211
2017-03-09,Lazio,1713.25366211
2017-03-10,Lazio,1709.59130859
2017-03-12,Lazio,1709.59130859
2017-03-13,Lazio,1709.59130859
2017-03-14,Lazio,1715.70483398
2017-03-15,Lazio,1716.25390625
2017-03-16,Lazio,1716.25390625
2017-03-17,Lazio,1714.88806152
2017-03-20,Lazio,1711.85705566
2017-04-02,Lazio,1718.51416016
2017-04-04,Lazio,1718.51416016
2017-04-09,Lazio,1718.51416016
2017-04-10,Lazio,1705.9888916
2017-04-12,Lazio,1712.30627441
2017-04-13,Lazio,1712.30627441
2017-04-14,Lazio,1712.30627441
2017-04-16,Lazio,1709.24536133
2017-04-17,Lazio,1709.24536133
2017-04-19,Lazio,1709.24536133
2017-04-20,Lazio,1711.10693359
2017-04-22,Lazio,1711.10693359
2017-04-23,Lazio,1711.10693359
2017-04-24,Lazio,1714.7253418
2017-04-27,Lazio,1714.7253418
2017-04-28,Lazio,1714.7253418
2017-04-29,Lazio,1714.7253418
2017-04-30,Lazio,1714.7253418
2017-05-01,Lazio,1732.20471191
2017-05-04,Lazio,1735.89147949
2017-05-07,Lazio,1735.89147949
2017-05-08,Lazio,1743.01293945
2017-05-10,Lazio,1743.64624023
2017-05-14,Lazio,1735.8885498
2017-05-15,Lazio,1735.8885498
2017-05-22,Lazio,1719.88928223
2017-05-25,Lazio,1719.88928223
2017-05-29,Lazio,1703.55041504
2017-06-04,Lazio,1700.40405273
2017-07-14,Lazio,1700.40405273
2017-07-21,Lazio,1700.40405273
2017-07-28,Lazio,1701.17163086
2017-07-30,Lazio,1701.17163086
2017-08-04,Lazio,1701.85290527
2017-08-06,Lazio,1701.85290527
2017-08-07,Lazio,1701.85290527
2017-08-16,Lazio,1701.85290527
2017-08-17,Lazio,1703.44787598
2017-08-18,Lazio,1704.37426758
2017-08-20,Lazio,1704.37426758
2017-08-21,Lazio,1697.92272949
2017-08-23,Lazio,1699.29516602
2017-08-24,Lazio,1699.29516602
2017-08-25,Lazio,1699.40795898
2017-08-27,Lazio,1699.40795898
2017-08-28,Lazio,1705.85852051
2017-09-10,Lazio,1705.85852051
2017-09-11,Lazio,1716.39172363
2017-09-13,Lazio,1714.17199707
2017-09-14,Lazio,1711.26855469
2017-09-15,Lazio,1727.02600098
2017-09-18,Lazio,1732.26098633
2017-09-21,Lazio,1722.62133789
2017-09-23,Lazio,1722.62133789
2017-09-24,Lazio,1722.62133789
2017-09-25,Lazio,1730.52172852
2017-09-27,Lazio,1731.0369873
2017-09-28,Lazio,1732.57055664
2017-09-29,Lazio,1737.44750977
2017-10-02,Lazio,1745.43835449
2017-10-15,Lazio,1760.1862793
2017-10-16,Lazio,1760.1862793
2017-10-18,Lazio,1758.44384766
2017-10-19,Lazio,1760.70544434
2017-10-20,Lazio,1775.33569336
2017-10-23,Lazio,1778.98193359
2017-10-26,Lazio,1784.07666016
2017-10-30,Lazio,1788.79699707
2017-11-01,Lazio,1791.42333984
2017-11-02,Lazio,1786.94116211
2017-11-03,Lazio,1789.20629883
2017-11-05,Lazio,1789.20629883
2017-11-19,Lazio,1785.09484863
2017-11-20,Lazio,1785.09484863
2017-11-22,Lazio,1786.94018555
2017-11-23,Lazio,1784.26831055
2017-11-24,Lazio,1781.28527832
2017-11-26,Lazio,1781.28527832
2017-11-27,Lazio,1776.95349121
2017-11-30,Lazio,1776.95349121
2017-12-04,Lazio,1783.42333984
2017-12-06,Lazio,1785.17651367
2017-12-07,Lazio,1780.43444824
2017-12-08,Lazio,1759.16186523
2017-12-10,Lazio,1759.16186523
2017-12-11,Lazio,1759.16186523
2017-12-12,Lazio,1742.08679199
2017-12-17,Lazio,1742.08679199
2017-12-18,Lazio,1743.55310059
2017-12-23,Lazio,1743.55310059
2017-12-24,Lazio,1747.95874023
2017-12-31,Lazio,1749.66906738
2018-01-07,Lazio,1755.94641113
2018-01-08,Lazio,1755.94641113
2018-01-14,Lazio,1755.94641113
2018-01-15,Lazio,1755.94641113
2018-01-20,Lazio,1755.94641113
2018-01-21,Lazio,1755.94641113
2018-01-22,Lazio,1761.26171875
2018-01-25,Lazio,1767.31665039
2018-01-28,Lazio,1767.31665039
2018-01-29,Lazio,1758.23132324
2018-02-05,Lazio,1758.23132324
2018-02-06,Lazio,1744.32666016
2018-02-11,Lazio,1738.34118652
2018-02-12,Lazio,1738.34118652
2018-02-14,Lazio,1736.48193359
2018-02-16,Lazio,1724.36401367
2018-02-17,Lazio,1724.36401367
2018-02-18,Lazio,1724.36401367
2018-02-19,Lazio,1724.36401367
2018-02-20,Lazio,1727.53564453
2018-02-22,Lazio,1726.10998535
2018-02-23,Lazio,1744.33984375
2018-02-26,Lazio,1752.74316406
2018-03-04,Lazio,1748.52331543
2018-03-08,Lazio,1753.67858887
2018-03-09,Lazio,1743.00683594
2018-03-11,Lazio,1743.00683594
2018-03-12,Lazio,1739.14758301
2018-03-14,Lazio,1742.5501709
2018-03-16,Lazio,1763.71179199
2018-03-19,Lazio,1757.58312988
2018-04-01,Lazio,1760.05944824
2018-04-02,Lazio,1760.05944824
2018-04-03,Lazio,1760.05944824
2018-04-04,Lazio,1754.48632812
2018-04-05,Lazio,1752.93774414
2018-04-06,Lazio,1765.22766113
2018-04-08,Lazio,1765.22766113
2018-04-09,Lazio,1769.89880371
2018-04-11,Lazio,1776.66369629
2018-04-12,Lazio,1779.0489502
2018-04-13,Lazio,1751.6887207
2018-04-16,Lazio,1752.55749512
2018-04-19,Lazio,1760.63085938
2018-04-22,Lazio,1760.63085938
2018-04-23,Lazio,1767.82092285
2018-04-25,Lazio,1764.59338379
2018-04-29,Lazio,1764.59338379
2018-04-30,Lazio,1771.3059082
2018-05-03,Lazio,1772.27368164
2018-05-07,Lazio,1769.9029541
2018-05-13,Lazio,1769.9029541
2018-05-14,Lazio,1765.38085938
2018-05-17,Lazio,1765.38085938
2018-05-20,Lazio,1765.38085938
2018-05-21,Lazio,1755.68408203
2018-05-28,Lazio,1755.68408203
2018-07-26,Lazio,1755.68408203
2018-07-27,Lazio,1754.51477051
2018-08-03,Lazio,1755.96911621
2018-08-10,Lazio,1756.3972168
2018-08-12,Lazio,1756.3972168
2018-08-17,Lazio,1756.46923828
2018-08-19,Lazio,1749.74328613
2018-08-20,Lazio,1749.74328613
2018-08-24,Lazio,1748.39074707
2018-08-26,Lazio,1745.02819824
2018-08-27,Lazio,1745.02819824
2018-08-30,Lazio,1745.02819824
2018-08-31,Lazio,1743.6262207
2018-09-01,Lazio,1743.6262207
2018-09-02,Lazio,1743.6262207
2018-09-03,Lazio,1745.50354004
2018-09-16,Lazio,1745.50354004
2018-09-17,Lazio,1750.9576416
2018-09-19,Lazio,1753.7331543
2018-09-20,Lazio,1755.51074219
2018-09-21,Lazio,1758.39855957
2018-09-24,Lazio,1762.88952637
2018-09-27,Lazio,1767.89672852
2018-09-30,Lazio,1760.68273926
2018-10-03,Lazio,1762.58410645
2018-10-04,Lazio,1768.40380859
2018-10-05,Lazio,1750.35913086
2018-10-08,Lazio,1755.5513916
2018-10-21,Lazio,1755.5513916
2018-10-22,Lazio,1761.53076172
2018-10-24,Lazio,1766.36462402
2018-10-25,Lazio,1766.7064209
2018-10-26,Lazio,1780.03894043
2018-10-30,Lazio,1764.03417969
2018-11-05,Lazio,1768.37854004
2018-11-07,Lazio,1768.7878418
2018-11-08,Lazio,1766.4420166
2018-11-09,Lazio,1771.71069336
2018-11-12,Lazio,1769.70812988
2018-11-25,Lazio,1769.70812988
2018-11-26,Lazio,1767.25158691
2018-11-28,Lazio,1764.52600098
2018-11-29,Lazio,1764.46679688
2018-11-30,Lazio,1742.24755859
2018-12-03,Lazio,1737.90612793
2018-12-06,Lazio,1737.90612793
2018-12-09,Lazio,1733.19445801
2018-12-10,Lazio,1733.19445801
2018-12-12,Lazio,1730.09851074
2018-12-13,Lazio,1721.6171875
2018-12-14,Lazio,1703.5814209
2018-12-18,Lazio,1697.38513184
2018-12-23,Lazio,1701.95568848
2018-12-24,Lazio,1701.95568848
2018-12-27,Lazio,1709.41918945
2018-12-30,Lazio,1706.5020752
2019-01-02,Lazio,1706.5020752
2019-01-05,Lazio,1706.5020752
2019-01-12,Lazio,1706.5020752
2019-01-13,Lazio,1706.5020752
2019-01-15,Lazio,1706.5020752
2019-01-21,Lazio,1703.2130127
2019-01-22,Lazio,1703.2130127
2019-01-27,Lazio,1703.2130127
2019-01-28,Lazio,1699.68054199
2019-02-04,Lazio,1699.68054199
2019-02-05,Lazio,1703.88024902
2019-02-08,Lazio,1706.65405273
2019-02-11,Lazio,1706.65405273
2019-02-13,Lazio,1707.97180176
2019-02-14,Lazio,1707.97180176
2019-02-15,Lazio,1700.6640625
2019-02-17,Lazio,1700.6640625
2019-02-18,Lazio,1690.31530762
2019-02-21,Lazio,1678.80847168
2019-02-22,Lazio,1680.16943359
2019-02-23,Lazio,1680.16943359
2019-02-24,Lazio,1680.16943359
2019-02-27,Lazio,1680.16943359
2019-02-28,Lazio,1680.16943359
2019-03-02,Lazio,1680.16943359
2019-03-03,Lazio,1695.8170166
2019-03-04,Lazio,1695.8170166
2019-03-05,Lazio,1695.8170166
2019-03-06,Lazio,1695.8170166
2019-03-07,Lazio,1691.2512207
2019-03-08,Lazio,1696.08825684
2019-03-10,Lazio,1696.08825684
2019-03-11,Lazio,1697.38342285
2019-03-13,Lazio,1704.95727539
2019-03-15,Lazio,1699.53857422
2019-03-18,Lazio,1704.32055664
2019-03-31,Lazio,1704.32055664
2019-04-01,Lazio,1715.30981445
2019-04-03,Lazio,1715.30981445
2019-04-04,Lazio,1704.32873535
2019-04-07,Lazio,1704.32873535
2019-04-08,Lazio,1699.13562012
2019-04-11,Lazio,1699.36901855
2019-04-12,Lazio,1696.45507812
2019-04-14,Lazio,1690.5715332
2019-04-15,Lazio,1690.5715332
2019-04-16,Lazio,1690.5715332
2019-04-17,Lazio,1684.0078125
2019-04-18,Lazio,1688.64331055
2019-04-19,Lazio,1686.7800293
2019-04-21,Lazio,1671.83239746
2019-04-25,Lazio,1671.83239746
2019-04-28,Lazio,1671.83239746
2019-04-29,Lazio,1680.05700684
2019-05-01,Lazio,1680.05700684
2019-05-03,Lazio,1680.05700684
2019-05-04,Lazio,1680.05700684
2019-05-05,Lazio,1680.05700684
2019-05-06,Lazio,1668.12536621
2019-05-08,Lazio,1668.12536621
2019-05-12,Lazio,1674.88586426
2019-05-20,Lazio,1674.88586426
2019-05-21,Lazio,1669.9465332
2019-05-23,Lazio,1669.9465332
2019-05-27,Lazio,1661.72021484
2019-07-19,Lazio,1661.72021484
2019-07-22,Lazio,1661.72021484
2019-07-26,Lazio,1662.15979004
2019-07-31,Lazio,1662.15979004
2019-08-01,Lazio,1662.15979004
2019-08-02,Lazio,1662.37805176
2019-08-05,Lazio,1662.37805176
2019-08-08,Lazio,1662.37805176
2019-08-09,Lazio,1663.96057129
2019-08-11,Lazio,1663.96057129
2019-08-14,Lazio,1663.96057129
2019-08-15,Lazio,1663.96057129
2019-08-16,Lazio,1664.015625
2019-08-18,Lazio,1664.015625
2019-08-19,Lazio,1664.015625
2019-08-22,Lazio,1664.015625
2019-08-23,Lazio,1660.73754883
2019-08-25,Lazio,1660.73754883
2019-08-26,Lazio,1675.31860352
2019-08-28,Lazio,1675.31860352
2019-08-29,Lazio,1675.31860352
2019-08-30,Lazio,1674.00769043
2019-09-01,Lazio,1674.00769043
2019-09-02,Lazio,1673.93774414
2019-09-16,Lazio,1664.33935547
2019-09-18,Lazio,1668.90722656
2019-09-19,Lazio,1664.22998047
2019-09-20,Lazio,1654.31005859
2019-09-22,Lazio,1654.31005859
2019-09-23,Lazio,1658.69189453
2019-09-26,Lazio,1654.3203125
2019-09-29,Lazio,1654.3203125
2019-09-30,Lazio,1662.08874512
2019-10-02,Lazio,1660.76831055
2019-10-03,Lazio,1659.00341797
2019-10-04,Lazio,1665.24975586
2019-10-06,Lazio,1665.24975586
2019-10-07,Lazio,1664.24731445
2019-10-19,Lazio,1664.24731445
2019-10-20,Lazio,1664.70129395
2019-10-21,Lazio,1664.70129395
2019-10-23,Lazio,1664.38354492
2019-10-24,Lazio,1671.53515625
2019-10-25,Lazio,1660.06994629
2019-10-26,Lazio,1660.06994629
2019-10-27,Lazio,1660.06994629
2019-10-28,Lazio,1668.55334473
2019-10-31,Lazio,1680.63928223
2019-11-04,Lazio,1690.03991699
2019-11-06,Lazio,1687.4083252
2019-11-07,Lazio,1690.64453125
2019-11-08,Lazio,1673.25476074
2019-11-10,Lazio,1673.25476074
2019-11-11,Lazio,1676.72106934
2019-11-24,Lazio,1676.72106934
2019-11-25,Lazio,1683.33776855
2019-11-27,Lazio,1688.13977051
2019-11-28,Lazio,1694.38232422
2019-11-29,Lazio,1702.88317871
2019-11-30,Lazio,1702.88317871
2019-12-01,Lazio,1702.88317871
2019-12-02,Lazio,1708.29992676
2019-12-06,Lazio,1708.29992676
2019-12-08,Lazio,1724.58618164
2019-12-11,Lazio,1724.33166504
2019-12-12,Lazio,1733.69152832
2019-12-13,Lazio,1713.06201172
2019-12-16,Lazio,1713.06201172
2019-12-17,Lazio,1720.42541504
2019-12-22,Lazio,1720.42541504
2019-12-27,Lazio,1720.42541504
2020-01-06,Lazio,1724.23962402
2020-01-12,Lazio,1731.82983398
2020-01-19,Lazio,1738.30456543
2020-01-22,Lazio,1738.30456543
2020-01-26,Lazio,1738.30456543
2020-01-27,Lazio,1740.31213379
2020-02-02,Lazio,1740.31213379
2020-02-03,Lazio,1744.59008789
2020-02-06,Lazio,1737.97106934
2020-02-10,Lazio,1743.27502441
2020-02-17,Lazio,1751.42651367
2020-02-20,Lazio,1756.74047852
2020-02-21,Lazio,1759.38708496
2020-02-24,Lazio,1763.67333984
2020-02-26,Lazio,1763.73608398
2020-02-27,Lazio,1761.34484863
2020-02-28,Lazio,1762.8013916
2020-03-01,Lazio,1767.14868164
2020-03-02,Lazio,1767.14868164
2020-03-03,Lazio,1767.14868164
2020-03-08,Lazio,1767.14868164
2020-03-11,Lazio,1768.94372559
2020-03-12,Lazio,1768.94372559
2020-06-15,Lazio,1768.94372559
2020-06-19,Lazio,1768.94372559
2020-06-22,Lazio,1768.94372559
2020-06-25,Lazio,1763.73095703
2020-06-28,Lazio,1767.29589844
2020-07-01,Lazio,1772.25756836
2020-07-03,Lazio,1772.25756836
2020-07-05,Lazio,1752.82214355
2020-07-06,Lazio,1752.82214355
2020-07-07,Lazio,1752.82214355
2020-07-08,Lazio,1739.78039551
2020-07-12,Lazio,1727.99755859
2020-07-14,Lazio,1727.99755859
2020-07-16,Lazio,1725.13745117
2020-07-17,Lazio,1725.13745117
2020-07-20,Lazio,1725.13745117
2020-07-21,Lazio,1721.98779297
2020-07-23,Lazio,1721.98779297
2020-07-24,Lazio,1725.56689453
2020-07-27,Lazio,1736.10998535
2020-07-30,Lazio,1738.50305176
2020-08-02,Lazio,1730.00354004
2020-08-06,Lazio,1733.29504395
2020-08-07,Lazio,1730.03930664
2020-08-08,Lazio,1727.59716797
2020-08-09,Lazio,1725.9140625
2020-08-11,Lazio,1728.53088379
2020-08-13,Lazio,1726.41174316
2020-08-18,Lazio,1731.95129395
2020-08-20,Lazio,1731.95129395
2020-08-22,Lazio,1729.00915527
2020-08-27,Lazio,1729.00915527
2020-09-16,Lazio,1729.00915527
2020-09-18,Lazio,1729.30615234
2020-09-19,Lazio,1729.30615234
2020-09-20,Lazio,1729.30615234
2020-09-21,Lazio,1729.30615234
2020-09-25,Lazio,1729.95361328
2020-09-27,Lazio,1737.75463867
2020-10-01,Lazio,1726.41894531
2020-10-02,Lazio,1724.67138672
2020-10-05,Lazio,1727.02990723
2020-10-18,Lazio,1709.19836426
2020-10-19,Lazio,1709.19836426
2020-10-21,Lazio,1730.16113281
2020-10-22,Lazio,1731.41955566
2020-10-23,Lazio,1731.47937012
2020-10-25,Lazio,1734.94848633
2020-10-26,Lazio,1734.94848633
2020-10-28,Lazio,1733.70874023
2020-10-29,Lazio,1730.24621582
2020-10-30,Lazio,1731.94909668
2020-11-02,Lazio,1737.02526855
2020-11-03,Lazio,1737.02526855
2020-11-04,Lazio,1731.49523926
2020-11-05,Lazio,1734.01586914
2020-11-06,Lazio,1730.22607422
2020-11-09,Lazio,1732.03491211
2020-11-22,Lazio,1736.71972656
2020-11-23,Lazio,1736.71972656
2020-11-25,Lazio,1747.21972656
2020-11-26,Lazio,1750.57250977
2020-11-27,Lazio,1753.39526367
2020-11-28,Lazio,1753.39526367
2020-11-30,Lazio,1734.9041748
2020-12-02,Lazio,1735.71472168
2020-12-03,Lazio,1743.54919434
2020-12-04,Lazio,1745.55834961
2020-12-06,Lazio,1748.90368652
2020-12-09,Lazio,1750.48205566
2020-12-10,Lazio,1751.91235352
2020-12-11,Lazio,1745.48620605
2020-12-12,Lazio,1745.48620605
2020-12-13,Lazio,1733.09143066
2020-12-14,Lazio,1733.09143066
2020-12-16,Lazio,1729.11694336
2020-12-21,Lazio,1741.3046875
2020-12-22,Lazio,1741.3046875
2020-12-24,Lazio,1735.86096191
2020-12-28,Lazio,1735.86096191
2021-01-02,Lazio,1735.86096191
2021-01-04,Lazio,1731.57409668
2021-01-05,Lazio,1731.57409668
2021-01-07,Lazio,1736.67004395
2021-01-10,Lazio,1736.67004395
2021-01-11,Lazio,1742.64599609
2021-01-16,Lazio,1756.65551758
2021-01-17,Lazio,1756.65551758
2021-01-18,Lazio,1756.65551758
2021-01-25,Lazio,1761.5880127
2021-01-31,Lazio,1761.5880127
2021-02-01,Lazio,1776.78393555
2021-02-08,Lazio,1779.43139648
2021-02-15,Lazio,1772.2824707
2021-02-18,Lazio,1770.34484863
2021-02-19,Lazio,1769.09851074
2021-02-20,Lazio,1769.09851074
2021-02-21,Lazio,1772.92565918
2021-02-22,Lazio,1772.92565918
2021-02-24,Lazio,1768.44628906
2021-02-25,Lazio,1766.56298828
2021-02-26,Lazio,1769.16467285
2021-02-28,Lazio,1752.99108887
2021-03-07,Lazio,1746.33105469
2021-03-08,Lazio,1746.33105469
2021-03-10,Lazio,1744.9552002
2021-03-12,Lazio,1750.83984375
2021-03-13,Lazio,1752.90185547
2021-03-15,Lazio,1752.90185547
2021-03-17,Lazio,1750.45349121
2021-03-18,Lazio,1750.40869141
2021-03-19,Lazio,1749.26403809
2021-03-22,Lazio,1754.95117188
2021-04-04,Lazio,1757.41125488
2021-04-06,Lazio,1757.41125488
2021-04-09,Lazio,1760.63134766
2021-04-10,Lazio,1760.63134766
2021-04-12,Lazio,1765.93383789
2021-04-16,Lazio,1766.94616699
2021-04-18,Lazio,1766.94616699
2021-04-19,Lazio,1770.55578613
2021-04-23,Lazio,1759.02160645
2021-04-26,Lazio,1759.02160645
2021-04-27,Lazio,1771.4362793
2021-04-30,Lazio,1769.26135254
2021-05-03,Lazio,1772.40698242
2021-05-05,Lazio,1772.40698242
2021-05-07,Lazio,1772.87109375
2021-05-09,Lazio,1757.82495117
2021-05-10,Lazio,1757.82495117
2021-05-13,Lazio,1759.84985352
2021-05-16,Lazio,1749.3125
2021-05-17,Lazio,1749.3125
2021-05-19,Lazio,1743.91918945
2021-05-20,Lazio,1743.91918945
2021-05-23,Lazio,1743.91918945
2021-05-24,Lazio,1732.31726074
2021-08-15,Lazio,1732.31726074
2021-08-16,Lazio,1732.31726074
2021-08-20,Lazio,1733.10595703
2021-08-22,Lazio,1739.3190918
2021-08-25,Lazio,1739.3190918
2021-08-27,Lazio,1740.43066406
2021-08-29,Lazio,1746.71520996
2021-09-13,Lazio,1739.27880859
2021-09-15,Lazio,1742.57299805
2021-09-16,Lazio,1738.11108398
2021-09-17,Lazio,1725.89013672
2021-09-20,Lazio,1720.8223877
2021-09-22,Lazio,1720.8223877
2021-09-23,Lazio,1720.8223877
2021-09-24,Lazio,1718.3614502
2021-09-26,Lazio,1718.3614502
2021-09-27,Lazio,1726.26660156
2021-09-29,Lazio,1721.78076172
2021-09-30,Lazio,1726.33325195
2021-10-01,Lazio,1729.13037109
2021-10-03,Lazio,1729.13037109
2021-10-04,Lazio,1711.15795898
2021-10-17,Lazio,1727.48815918
2021-10-20,Lazio,1725.5612793
2021-10-21,Lazio,1725.85180664
2021-10-22,Lazio,1713.02197266
2021-10-24,Lazio,1713.02197266
2021-10-25,Lazio,1695.24145508
2021-10-26,Lazio,1695.24145508
2021-10-28,Lazio,1700.49719238
2021-10-29,Lazio,1700.49719238
2021-10-31,Lazio,1704.67419434
2021-11-03,Lazio,1706.43493652
2021-11-04,Lazio,1706.64916992
2021-11-05,Lazio,1708.11560059
2021-11-08,Lazio,1711.76306152
2021-11-20,Lazio,1711.76306152
2021-11-21,Lazio,1703.06079102
2021-11-22,Lazio,1703.06079102
2021-11-24,Lazio,1699.66259766
2021-11-25,Lazio,1700.0201416
2021-11-26,Lazio,1715.53540039
2021-11-29,Lazio,1706.05883789
2021-12-02,Lazio,1706.05883789
2021-12-03,Lazio,1701.75134277
2021-12-05,Lazio,1701.75134277
2021-12-06,Lazio,1710.84875488
2021-12-08,Lazio,1706.8092041
2021-12-09,Lazio,1707.3684082
2021-12-10,Lazio,1699.04064941
2021-12-12,Lazio,1699.04064941
2021-12-13,Lazio,1691.3626709
2021-12-16,Lazio,1691.3626709
2021-12-18,Lazio,1696.42663574
2021-12-23,Lazio,1702.2010498
2021-12-27,Lazio,1702.2010498
2022-01-03,Lazio,1702.2010498
2022-01-04,Lazio,1702.2010498
2022-01-07,Lazio,1698.00085449
2022-01-08,Lazio,1698.00085449
2022-01-09,Lazio,1698.00085449
2022-01-10,Lazio,1694.93139648
2022-01-16,Lazio,1700.14660645
2022-01-17,Lazio,1700.14660645
2022-01-23,Lazio,1702.48852539
2022-02-05,Lazio,1702.48852539
2022-02-06,Lazio,1714.82568359
2022-02-13,Lazio,1722.07763672
2022-02-15,Lazio,1722.07763672
2022-02-17,Lazio,1719.84301758
2022-02-18,Lazio,1718.70532227
2022-02-21,Lazio,1715.52612305
2022-02-23,Lazio,1716.1505127
2022-02-25,Lazio,1709.7109375
2022-02-26,Lazio,1709.7109375
2022-02-28,Lazio,1702.80297852
2022-03-06,Lazio,1711.91381836
2022-03-07,Lazio,1711.91381836
2022-03-09,Lazio,1712.58630371
2022-03-11,Lazio,1714.79541016
2022-03-13,Lazio,1714.79541016
2022-03-14,Lazio,1714.79541016
2022-03-15,Lazio,1717.28796387
2022-03-17,Lazio,1710.52209473
2022-03-18,Lazio,1714.32128906
2022-03-21,Lazio,1702.56567383
2022-04-03,Lazio,1708.56359863
2022-04-04,Lazio,1708.56359863
2022-04-08,Lazio,1707.89733887
2022-04-11,Lazio,1716.24707031
2022-04-12,Lazio,1716.24707031
2022-04-15,Lazio,1716.84240723
2022-04-16,Lazio,1716.84240723
2022-04-17,Lazio,1712.55908203
2022-04-18,Lazio,1712.55908203
2022-04-21,Lazio,1712.55908203
2022-04-24,Lazio,1712.55908203
2022-04-25,Lazio,1705.57531738
2022-04-29,Lazio,1706.36291504
2022-05-01,Lazio,1710.8581543
2022-05-05,Lazio,1710.8581543
2022-05-06,Lazio,1713.96447754
2022-05-08,Lazio,1719.07824707
2022-05-15,Lazio,1719.07824707
2022-05-16,Lazio,1719.07824707
2022-05-17,Lazio,1722.46398926
2022-05-22,Lazio,1718.7322998
2022-05-23,Lazio,1718.7322998
2022-05-26,Lazio,1721.38867188
2022-08-08,Lazio,1721.38867188
2022-08-14,Lazio,1721.38867188
2022-08-15,Lazio,1725.42529297
2022-08-19,Lazio,1726.53210449
2022-08-21,Lazio,1724.97473145
2022-08-22,Lazio,1724.97473145
2022-08-26,Lazio,1726.76574707
2022-08-27,Lazio,1741.76245117
2022-08-28,Lazio,1741.76245117
2022-08-29,Lazio,1741.76245117
2022-08-30,Lazio,1741.76245117
2022-09-01,Lazio,1738.09716797
2022-09-04,Lazio,1730.67407227
2022-09-07,Lazio,1728.85876465
2022-09-08,Lazio,1732.37988281
2022-09-09,Lazio,1737.40539551
2022-09-12,Lazio,1743.21472168
2022-09-14,Lazio,1745.3059082
2022-09-15,Lazio,1747.35876465
2022-09-16,Lazio,1710.11535645
2022-09-18,Lazio,1710.11535645
2022-09-19,Lazio,1717.1496582
2022-10-02,Lazio,1717.1496582
2022-10-03,Lazio,1722.87023926
2022-10-04,Lazio,1722.87023926
2022-10-05,Lazio,1733.74560547
2022-10-06,Lazio,1731.58276367
2022-10-07,Lazio,1726.52185059
2022-10-09,Lazio,1726.52185059
2022-10-10,Lazio,1726.52185059
2022-10-11,Lazio,1740.33666992
2022-10-12,Lazio,1730.82775879
2022-10-13,Lazio,1734.71496582
2022-10-14,Lazio,1729.22668457
2022-10-15,Lazio,1729.22668457
2022-10-17,Lazio,1726.80517578
2022-10-23,Lazio,1726.80517578
2022-10-24,Lazio,1740.64025879
2022-10-26,Lazio,1743.02075195
2022-10-27,Lazio,1745.75720215
2022-10-28,Lazio,1752.2265625
2022-10-30,Lazio,1752.2265625
2022-10-31,Lazio,1731.89282227
2022-11-02,Lazio,1728.25402832
2022-11-03,Lazio,1729.21008301
2022-11-04,Lazio,1722.15600586
2022-11-06,Lazio,1722.15600586
2022-11-07,Lazio,1731.68798828
2022-11-11,Lazio,1734.44946289
2022-11-13,Lazio,1734.44946289
2022-11-14,Lazio,1723.61303711
2023-01-02,Lazio,1723.61303711
2023-01-05,Lazio,1712.14941406
2023-01-09,Lazio,1707.20068359
2023-01-14,Lazio,1707.20068359
2023-01-16,Lazio,1716.04772949
2023-01-21,Lazio,1716.04772949
2023-01-23,Lazio,1716.04772949
2023-01-25,Lazio,1736.01843262
2023-01-30,Lazio,1732.1550293
2023-02-06,Lazio,1732.1550293
2023-02-07,Lazio,1728.7376709
2023-02-12,Lazio,1716.34240723
2023-02-13,Lazio,1716.34240723
2023-02-15,Lazio,1717.81213379
2023-02-17,Lazio,1723.78771973
2023-02-20,Lazio,1729.35388184
2023-02-22,Lazio,1731.30773926
2023-02-23,Lazio,1732.65515137
2023-02-24,Lazio,1744.66638184
2023-02-26,Lazio,1744.66638184
2023-02-27,Lazio,1744.66638184
2023-02-28,Lazio,1747.26989746
2023-03-04,Lazio,1760.77380371
2023-03-06,Lazio,1760.77380371
2023-03-08,Lazio,1748.9395752
2023-03-09,Lazio,1751.54333496
2023-03-10,Lazio,1755.93701172
2023-03-12,Lazio,1754.00231934
2023-03-15,Lazio,1755.95117188
2023-03-16,Lazio,1757.12927246
2023-03-17,Lazio,1749.01098633
2023-03-18,Lazio,1749.01098633
2023-03-20,Lazio,1757.1986084
2023-04-03,Lazio,1764.61486816
2023-04-06,Lazio,1764.61486816
2023-04-09,Lazio,1773.3782959
2023-04-12,Lazio,1777.27709961
2023-04-14,Lazio,1778.75695801
2023-04-15,Lazio,1785.74377441
2023-04-20,Lazio,1786.58947754
2023-04-21,Lazio,1793.72253418
2023-04-23,Lazio,1781.36010742
2023-04-30,Lazio,1781.36010742
2023-05-01,Lazio,1773.49682617
2023-05-02,Lazio,1773.49682617
2023-05-03,Lazio,1773.49682617
2023-05-04,Lazio,1780.41137695
2023-05-07,Lazio,1772.72265625
2023-05-08,Lazio,1772.72265625
2023-05-12,Lazio,1770.17602539
2023-05-13,Lazio,1764.14135742
2023-05-14,Lazio,1764.14135742
2023-05-15,Lazio,1764.14135742
2023-05-19,Lazio,1766.4777832
2023-05-22,Lazio,1773.50195312
2023-05-29,Lazio,1775.58215332
2023-06-01,Lazio,1775.41540527
2023-06-04,Lazio,1783.65234375
2023-06-05,Lazio,1783.65234375
2023-06-08,Lazio,1781.17053223
2023-06-11,Lazio,1779.98583984
2023-08-20,Lazio,1779.98583984
2023-08-21,Lazio,1767.93371582
2023-08-25,Lazio,1766.66906738
2023-08-28,Lazio,1753.09545898
2023-09-01,Lazio,1754.92822266
2023-09-02,Lazio,1754.92822266
2023-09-03,Lazio,1767.97119141
2023-09-04,Lazio,1767.97119141
2023-09-17,Lazio,1759.75024414
2023-09-18,Lazio,1759.75024414
2023-09-20,Lazio,1759.41333008
2023-09-21,Lazio,1760.28588867
2023-09-22,Lazio,1761.99072266
2023-09-24,Lazio,1757.73901367
2023-09-28,Lazio,1765.69482422
2023-09-29,Lazio,1765.69482422
2023-10-01,Lazio,1758.7401123
2023-10-03,Lazio,1758.7401123
2023-10-04,Lazio,1756.78027344
2023-10-05,Lazio,1766.46032715
2023-10-06,Lazio,1767.67883301
2023-10-09,Lazio,1774.97607422
2023-10-22,Lazio,1783.62255859
2023-10-25,Lazio,1785.86425781
2023-10-26,Lazio,1769.82897949
2023-10-27,Lazio,1770.97631836
2023-10-29,Lazio,1770.97631836
2023-10-30,Lazio,1770.97631836
2023-10-31,Lazio,1777.66186523
2023-11-04,Lazio,1769.12939453
2023-11-08,Lazio,1779.26086426
2023-11-09,Lazio,1778.42236328
2023-11-10,Lazio,1775.25891113
2023-11-13,Lazio,1773.96411133
2023-11-26,Lazio,1761.47668457
2023-11-27,Lazio,1761.47668457
2023-11-28,Lazio,1761.47668457
2023-11-29,Lazio,1763.0814209
2023-11-30,Lazio,1760.72302246
2023-12-01,Lazio,1759.24719238
2023-12-03,Lazio,1762.24230957
2023-12-07,Lazio,1762.24230957
2023-12-09,Lazio,1762.24230957
2023-12-10,Lazio,1758.39245605
2023-12-13,Lazio,1758.14880371
2023-12-14,Lazio,1755.2310791
2023-12-15,Lazio,1757.00720215
2023-12-17,Lazio,1757.00720215
2023-12-18,Lazio,1749.98364258
2023-12-19,Lazio,1749.98364258
2023-12-23,Lazio,1757.7121582
2023-12-28,Lazio,1757.7121582
2023-12-30,Lazio,1762.5802002
2023-12-31,Lazio,1762.5802002
2024-01-01,Lazio,1762.5802002
2024-01-05,Lazio,1762.5802002
2024-01-07,Lazio,1762.5802002
2024-01-08,Lazio,1769.02893066
2024-01-15,Lazio,1772.32214355
2024-01-16,Lazio,1772.32214355
2024-01-29,Lazio,1771.84558105
2024-01-30,Lazio,1771.84558105
2024-02-03,Lazio,1771.84558105
2024-02-05,Lazio,1762.7644043
2024-02-11,Lazio,1769.05871582
2024-02-13,Lazio,1769.05871582
2024-02-15,Lazio,1774.58166504
2024-02-16,Lazio,1777.3717041
2024-02-18,Lazio,1777.3717041
2024-02-19,Lazio,1767.10559082
2024-02-21,Lazio,1767.78051758
2024-02-22,Lazio,1767.15942383
2024-02-23,Lazio,1778.14208984
2024-02-24,Lazio,1778.14208984
2024-02-27,Lazio,1770.1776123
2024-03-02,Lazio,1762.63293457
2024-03-06,Lazio,1749.43017578
2024-03-07,Lazio,1750.1204834
2024-03-08,Lazio,1757.4597168
2024-03-10,Lazio,1757.4597168
2024-03-11,Lazio,1757.4597168
2024-03-12,Lazio,1745.19006348
2024-03-13,Lazio,1742.01123047
2024-03-14,Lazio,1739.67858887
2024-03-15,Lazio,1744.26745605
2024-03-17,Lazio,1749.07861328
2024-03-18,Lazio,1749.07861328
2024-03-31,Lazio,1758.22216797
2024-04-07,Lazio,1752.45629883
2024-04-12,Lazio,1759.68029785
2024-04-13,Lazio,1764.09936523
2024-04-17,Lazio,1764.09936523
2024-04-19,Lazio,1765.44567871
2024-04-20,Lazio,1772.06396484
2024-04-22,Lazio,1772.06396484
2024-04-25,Lazio,1772.06396484
2024-04-28,Lazio,1775.8737793
2024-05-01,Lazio,1775.8737793
2024-05-03,Lazio,1774.7310791
2024-05-05,Lazio,1773.1282959
2024-05-06,Lazio,1773.1282959
2024-05-07,Lazio,1773.1282959
2024-05-09,Lazio,1775.06835938
2024-05-10,Lazio,1777.59790039
2024-05-13,Lazio,1782.87683105
2024-05-15,Lazio,1782.87683105
2024-05-20,Lazio,1788.80297852
2024-05-23,Lazio,1794.20666504
2024-05-27,Lazio,1788.1887207
2024-05-30,Lazio,1784.74365234
2024-08-16,Lazio,1784.74365234
2024-08-19,Lazio,1788.39282227
2024-08-20,Lazio,1788.39282227
2024-08-23,Lazio,1787.73181152
2024-08-25,Lazio,1777.70715332
2024-08-26,Lazio,1777.70715332
2024-08-30,Lazio,1774.28417969
2024-09-01,Lazio,1774.09753418
2024-09-02,Lazio,1774.09753418
2024-09-15,Lazio,1774.09753418
2024-09-16,Lazio,1774.09753418
2024-09-17,Lazio,1778.39074707
2024-09-18,Lazio,1777.07556152
2024-09-19,Lazio,1776.60510254
2024-09-20,Lazio,1776.67687988
2024-09-22,Lazio,1776.67687988
2024-09-23,Lazio,1768.89306641
2024-09-26,Lazio,1779.89868164
2024-09-27,Lazio,1778.87097168
2024-09-30,Lazio,1787.69177246
2024-10-02,Lazio,1787.09716797
2024-10-03,Lazio,1791.2689209
2024-10-04,Lazio,1796.70996094
2024-10-07,Lazio,1800.80310059
2024-10-20,Lazio,1794.98730469
2024-10-23,Lazio,1790.72875977
2024-10-24,Lazio,1789.02233887
2024-10-25,Lazio,1801.7097168
2024-10-27,Lazio,1801.7097168
2024-10-28,Lazio,1808.4552002
2024-10-30,Lazio,1808.4552002
2024-11-01,Lazio,1815.30029297
2024-11-03,Lazio,1815.30029297
2024-11-04,Lazio,1815.30029297
2024-11-05,Lazio,1817.8314209
2024-11-06,Lazio,1821.08374023
2024-11-07,Lazio,1826.29614258
2024-11-08,Lazio,1828.03503418
2024-11-11,Lazio,1832.93066406
2024-11-24,Lazio,1832.93066406
2024-11-25,Lazio,1842.37268066
2024-11-27,Lazio,1844.99523926
2024-11-28,Lazio,1842.33996582
2024-11-29,Lazio,1833.08361816
2024-12-01,Lazio,1833.08361816
2024-12-02,Lazio,1814.55578613
2024-12-09,Lazio,1824.08886719
2024-12-11,Lazio,1818.66467285
2024-12-12,Lazio,1824.55639648
2024-12-13,Lazio,1838.68041992
2024-12-16,Lazio,1838.68041992
2024-12-17,Lazio,1825.10705566
2024-12-20,Lazio,1824.10046387
2024-12-22,Lazio,1828.20593262
2024-12-23,Lazio,1828.20593262
2024-12-27,Lazio,1828.20593262
2024-12-29,Lazio,1829.7479248
2024-12-31,Lazio,1829.7479248
2025-01-01,Lazio,1829.7479248
2025-01-06,Lazio,1816.91894531
2025-01-11,Lazio,1810.43811035
2025-01-12,Lazio,1810.43811035
2025-01-19,Lazio,1810.43811035
2025-01-20,Lazio,1817.94116211
2025-01-22,Lazio,1820.23693848
2025-01-23,Lazio,1821.9934082
2025-01-24,Lazio,1826.26757812
2025-01-27,Lazio,1815.59558105
2025-01-30,Lazio,1808.51940918
2025-01-31,Lazio,1792.00354004
2025-02-04,Lazio,1796.6652832
2025-02-09,Lazio,1796.6652832
2025-02-10,Lazio,1802.57385254
2025-02-12,Lazio,1803.24609375
2025-02-13,Lazio,1801.10644531
2025-02-14,Lazio,1801.73327637
2025-02-16,Lazio,1802.09277344
2025-02-19,Lazio,1791.35339355
2025-02-20,Lazio,1787.13867188
2025-02-21,Lazio,1789.02807617
2025-02-23,Lazio,1783.65856934
2025-02-25,Lazio,1783.65856934
2025-02-26,Lazio,1783.65856934
2025-02-28,Lazio,1783.65856934
2025-03-03,Lazio,1792.76257324
2025-03-05,Lazio,1792.76257324
2025-03-06,Lazio,1793.94360352
2025-03-07,Lazio,1798.0222168
2025-03-09,Lazio,1798.0222168
2025-03-10,Lazio,1798.0222168
2025-03-11,Lazio,1793.55517578
2025-03-12,Lazio,1794.00769043
2025-03-13,Lazio,1794.00769043
2025-03-14,Lazio,1792.6907959
2025-03-17,Lazio,1775.77966309
2025-03-29,Lazio,1775.77966309
2025-04-01,Lazio,1772.92419434
2025-04-06,Lazio,1772.92419434
2025-04-07,Lazio,1783.95629883
2025-04-09,Lazio,1786.07043457
2025-04-10,Lazio,1786.07043457
2025-04-11,Lazio,1773.6784668
2025-04-12,Lazio,1773.6784668
2025-04-13,Lazio,1773.6784668
2025-04-14,Lazio,1772.88122559
2025-04-17,Lazio,1773.20178223
2025-04-18,Lazio,1778.0411377
2025-04-19,Lazio,1778.0411377
2025-04-20,Lazio,1778.0411377
2025-04-24,Lazio,1787.32189941
2025-04-27,Lazio,1787.32189941
2025-04-29,Lazio,1781.46704102
2025-04-30,Lazio,1781.46704102
2025-05-01,Lazio,1782.27770996
2025-05-02,Lazio,1781.25073242
2025-05-04,Lazio,1781.25073242
2025-05-05,Lazio,1785.48181152
2025-05-06,Lazio,1785.48181152
2025-05-07,Lazio,1787.75842285
2025-05-08,Lazio,1787.75842285
2025-05-09,Lazio,1785.62536621
2025-05-10,Lazio,1785.62536621
2025-05-11,Lazio,1784.81408691
2025-05-12,Lazio,1784.81408691
2025-05-18,Lazio,1784.81408691
2025-05-19,Lazio,1790.39416504
2025-05-22,Lazio,1790.39416504
2025-05-25,Lazio,1790.39416504
2025-05-26,Lazio,1776.14489746
2025-06-01,Lazio,1770.64123535
2025-08-22,Lazio,1770.82458496
2025-08-25,Lazio,1756.42687988
2025-08-28,Lazio,1756.42687988
2025-08-29,Lazio,1756.54846191
2025-08-31,Lazio,1756.54846191
2025-09-01,Lazio,1763.54992676
2025-09-13,Lazio,1763.54992676
2025-09-14,Lazio,1763.54992676
2025-09-15,Lazio,1752.30285645
2025-09-17,Lazio,1751.49499512
2025-09-18,Lazio,1751.51647949
2025-09-19,Lazio,1749.79553223
2025-09-22,Lazio,1742.33032227
2025-09-25,Lazio,1744.38720703
2025-09-26,Lazio,1743.17907715
2025-09-28,Lazio,1743.17907715
2025-09-29,Lazio,1743.17907715
2025-09-30,Lazio,1755.03552246
2025-10-01,Lazio,1757.24157715
2025-10-02,Lazio,1759.33398438
2025-10-03,Lazio,1754.8536377
2025-10-05,Lazio,1751.24279785
2025-10-06,Lazio,1751.24279785
2025-10-19,Lazio,1751.24279785
2025-10-20,Lazio,1754.74169922
2025-10-22,Lazio,1753.2244873
2025-10-23,Lazio,1750.37438965
2025-10-24,Lazio,1748.24609375
2025-10-27,Lazio,1756.39111328
2025-10-28,Lazio,1756.39111328
2025-10-30,Lazio,1756.39111328
2025-10-31,Lazio,1751.53735352
2025-11-02,Lazio,1751.53735352
2025-11-03,Lazio,1751.53735352
2025-11-04,Lazio,1756.39416504
2025-11-05,Lazio,1754.2746582
2025-11-06,Lazio,1757.17675781
2025-11-07,Lazio,1754.69445801
2025-11-09,Lazio,1754.69445801
2025-11-10,Lazio,1750.28051758
2025-11-24,Lazio,1754.83862305
2025-11-26,Lazio,1757.65356445
2025-11-27,Lazio,1760.82104492
2025-11-28,Lazio,1758.49755859
2025-11-30,Lazio,1752.91162109
2025-12-01,Lazio,1752.91162109
2025-12-02,Lazio,1752.91162109
2025-12-07,Lazio,1752.91162109
2025-12-08,Lazio,1751.53125
2025-12-10,Lazio,1750.90881348
2025-12-11,Lazio,1748.59082031
2025-12-12,Lazio,1754.58483887
2025-12-14,Lazio,1759.88305664
2025-12-15,Lazio,1759.88305664
2025-12-19,Lazio,1756.47387695
2025-12-21,Lazio,1750.99169922
2025-12-28,Lazio,1748.44189453
2025-12-29,Lazio,1748.44189453
2026-01-01,Lazio,1748.44189453
2026-01-02,Lazio,1748.44189453
2026-01-05,Lazio,1737.87915039
2026-01-08,Lazio,1734.27722168
2026-01-11,Lazio,1734.27722168
2026-01-12,Lazio,1739.46911621
2026-01-16,Lazio,1739.46911621
2026-01-19,Lazio,1739.46911621
2026-01-20,Lazio,1722.50622559
2026-01-21,Lazio,1718.19128418
2026-01-22,Lazio,1716.86486816
2026-01-23,Lazio,1716.85327148
2026-01-25,Lazio,1713.36376953
2026-01-26,Lazio,1713.36376953
2026-01-29,Lazio,1711.72680664
2026-01-30,Lazio,1712.12561035
2026-01-31,Lazio,1717.4329834
2026-02-05,Lazio,1717.4329834
2026-02-09,Lazio,1721.56140137
2026-02-15,Lazio,1711.12304688
2026-02-18,Lazio,1704.50488281
2026-02-19,Lazio,1701.69506836
2026-02-20,Lazio,1705.07446289
2026-02-22,Lazio,1703.05078125
2026-02-23,Lazio,1703.05078125
2026-02-25,Lazio,1695.95092773
2026-02-26,Lazio,1700.64306641
2026-02-27,Lazio,1700.63574219
2026-03-01,Lazio,1700.63574219
2026-03-02,Lazio,1686.83728027
2026-03-09,Lazio,1686.83728027
2026-03-10,Lazio,1692.67236328
2026-03-11,Lazio,1691.01281738
2026-03-12,Lazio,1691.01281738
2026-03-13,Lazio,1691.56896973
2026-03-15,Lazio,1691.56896973
2026-03-16,Lazio,1701.90185547
2026-03-17,Lazio,1701.90185547
2026-03-19,Lazio,1701.0255127
2026-03-20,Lazio,1702.90087891
2026-03-23,Lazio,1716.48986816
2026-04-05,Lazio,1711.70483398
2026-04-06,Lazio,1711.70483398
2026-04-10,Lazio,1708.36218262
2026-04-14,Lazio,1700.28613281
2026-04-17,Lazio,1698.6529541
2026-04-19,Lazio,1715.53955078
2026-04-26,Lazio,1715.53955078
2026-04-28,Lazio,1712.04931641
2026-05-03,Lazio,1712.04931641
2026-05-04,Lazio,1712.04931641
2026-05-05,Lazio,1716.85656738
2026-05-08,Lazio,1716.85656738
2026-05-10,Lazio,1708.05065918
2026-05-13,Lazio,1708.05065918
2026-05-17,Lazio,1708.05065918
2026-05-18,Lazio,1700.96362305
2026-05-21,Lazio,1700.96362305
2026-05-24,Lazio,1703.16967773
2026-06-08,Lazio,1703.16967773
